8.461485614385982120e-04 -1.934951731231754790e+00 -2.175767406407509430e+00 4.565609224232750522e-15 -2.982137532302883365e+00 1.648839276691824198e+09
8.395979054132823036e-04 -1.928120802254234878e+00 -2.461617142948921977e+00 3.322257287447570942e-10 -5.256125974364426412e+00 1.648839278259202003e+09
8.159589982137695468e-04 -1.966371000816096171e+00 -2.244725058871737566e+00 4.699511208541908547e-11 -4.635172284833220857e+00 1.648839278975594997e+09
8.168574784552556011e-04 -1.969933384555403677e+00 -2.172403535842565958e+00 5.598628928307342009e-08 -5.754397047784364894e+00 1.648839279461333036e+09
8.116425543193015119e-04 -1.967453507897261034e+00 -2.223668938010213481e+00 1.091661660756587906e-14 -3.223769812128147727e+00 1.648839279464074612e+09
8.241408755975235300e-04 -1.951265232769100466e+00 -2.395127105483755958e+00 7.079504824600904476e-09 -4.080262467695147777e+00 1.648839279695134401e+09
8.387624058582038734e-04 -1.944074747230033262e+00 -2.171531498156977769e+00 4.047643795399013506e-08 -4.873255507350513049e+00 1.648839279722504616e+09
8.284880028421277376e-04 -1.952275277729781378e+00 -2.351725160897305322e+00 1.011414424848076821e-14 -2.170533831793193258e+00 1.648839279763144016e+09
8.149481993048636463e-04 -1.969135315396230546e+00 -2.146746853720247206e+00 3.025111934874541999e-08 -2.136493368026837203e+00 1.648839279843845367e+09
8.231383338743480417e-04 -1.951633818299524981e+00 -2.376376219930683931e+00 8.318550116930196795e-13 -4.286332159374255824e+00 1.648839279893820286e+09
8.378079753742387163e-04 -1.938287029483296786e+00 -2.453223592661918140e+00 2.251817369201038574e-15 -3.218528892423520027e+00 1.648839279949974298e+09
8.416652987312523131e-04 -1.931173105101045229e+00 -2.340687552657338077e+00 1.699062829571278103e-06 -2.975335454095422882e+00 1.648839280202202082e+09
8.169099591032823572e-04 -1.959454131750589578e+00 -2.101463921549716396e+00 1.775880457787241521e-13 -6.790424766841354653e+00 1.648839280311416149e+09
8.357222274515571604e-04 -1.943743885817545092e+00 -2.362777257896113259e+00 2.026791266134329977e-10 -2.102198624248268644e+00 1.648839280502542973e+09
8.418154968577622795e-04 -1.929257866762391416e+00 -2.412351214679601785e+00 6.023927786960655315e-13 -4.820811179847662942e+00 1.648839280559859514e+09
8.308525634393375920e-04 -1.942604675236584200e+00 -2.435803460653725327e+00 8.649670057464407939e-09 -4.005617381432823088e+00 1.648839280590801954e+09
8.414020034821111842e-04 -1.933866821440176631e+00 -2.401694279882119254e+00 2.584887504859181759e-14 -2.072694573616929326e+00 1.648839280717784882e+09
8.236357473539360858e-04 -1.954060967167642549e+00 -2.345762669999818417e+00 1.588700021486167959e-12 -3.614734740692675530e-01 1.648839280723462343e+09
8.274156259145193978e-04 -1.949608020649868045e+00 -2.384267871552745000e+00 1.941865926980540750e-10 -2.759637012675383083e+00 1.648839280766714811e+09
8.371335477564163926e-04 -1.942600257906783368e+00 -2.337392394645668059e+00 1.356277360754522452e-11 -2.458391116192464310e-01 1.648839280817383051e+09
8.172220404742913885e-04 -1.964606572744620250e+00 -2.224865159294982409e+00 5.946542687055510621e-10 -1.118718551577543963e+00 1.648839280871812582e+09
8.258483550784884338e-04 -1.947251399209279477e+00 -2.373307078956184313e+00 3.601423778038819377e-15 -3.747797491233567868e+00 1.648839280941323280e+09
8.393003289126931606e-04 -1.939576371106945363e+00 -2.339431416901324390e+00 1.792243949292698379e-13 -1.137379602652087485e+00 1.648839280949564457e+09
8.418562177329833203e-04 -1.928444573735582424e+00 -2.385657486236894886e+00 8.732479011461523815e-14 -4.064904040197435009e+00 1.648839280959731579e+09
8.372312677519763192e-04 -1.929653940128510214e+00 -2.330131628664296795e+00 1.574721098903652845e-11 -1.308348963042024415e+00 1.648839280999018669e+09
8.373265264966301465e-04 -1.930694981185489878e+00 -2.125521345987071431e+00 1.958609782693766864e-13 -6.698133028026694191e+00 1.648839281034515858e+09
8.184820227306977914e-04 -1.953070319412838929e+00 -2.264443378565882181e+00 2.984635439302160974e-15 -2.506864193023792708e+00 1.648839281076954842e+09
8.424896254420713741e-04 -1.926795022201905683e+00 -2.138896428220755208e+00 3.987008374527869564e-12 -1.825584352240933406e+00 1.648839281084383965e+09
8.248478674253454995e-04 -1.942086179538293766e+00 -2.253040047187403694e+00 6.399309662398710643e-14 -5.514014213664596653e+00 1.648839281091783524e+09
8.467362630268943785e-04 -1.921207033419910726e+00 -2.249746842424661164e+00 2.027213578838914048e-11 -6.089047824833026645e+00 1.648839281169500828e+09
8.333182977423585387e-04 -1.933827489790418852e+00 -2.323612293344837987e+00 2.369399505993524027e-13 -3.431806779165113674e+00 1.648839281228984118e+09
8.369439563503087726e-04 -1.942221161570349075e+00 -2.339880554314241579e+00 6.751233155172961270e-13 -5.648819377505731154e+00 1.648839281254405260e+09
8.147719963705894915e-04 -1.965458011644228398e+00 -2.215184256860990963e+00 4.363087573498047969e-10 -2.869489116062759138e+00 1.648839281257777452e+09
8.221071463973552654e-04 -1.954787741483162034e+00 -2.322926550350992159e+00 1.078515593180286028e-09 -4.154988802172759677e+00 1.648839281289233923e+09
8.354326786443361415e-04 -1.933421875441043492e+00 -2.367821872599724653e+00 1.223023872109939069e-09 -2.599703092768685941e+00 1.648839281349649191e+09
8.202607055795603378e-04 -1.951519737532875887e+00 -2.284514184257008029e+00 1.138589789275581734e-12 -1.284804606367247359e+00 1.648839281361368418e+09
8.214687242413692449e-04 -1.961898369808252607e+00 -2.254566457760517562e+00 4.547008147883126760e-09 -6.817799376044433757e+00 1.648839281368486643e+09
8.329228638809946716e-04 -1.931844129024113732e+00 -2.223206273582243320e+00 6.121900471225794348e-09 -1.354576503991856029e+00 1.648839281462491512e+09
8.433023499187768807e-04 -1.933616460741220289e+00 -2.245397814836071149e+00 7.419791488957615773e-06 -1.190248247825428152e+00 1.648839281497922182e+09
8.383648670592366630e-04 -1.934525074069789685e+00 -2.122258437917667440e+00 2.451419111004809134e-09 -1.439684736195051329e+00 1.648839281617185593e+09
8.334698052142126747e-04 -1.939157935798651256e+00 -2.406421517192323556e+00 1.365399771977143263e-11 -7.258818763446337030e+00 1.648839281620369673e+09
8.471742948686493717e-04 -1.921798288017728451e+00 -2.220737147946254098e+00 1.486455276002147507e-09 -1.333720287333662213e+00 1.648839281621351957e+09
8.404870363724475935e-04 -1.939936410946335066e+00 -2.196028285517825029e+00 1.353749913520350216e-09 -5.282735160027110410e+00 1.648839281635848761e+09
8.337525223662298028e-04 -1.939859547790110827e+00 -2.406654784680562820e+00 1.644069827113492618e-09 -2.454941491997968406e+00 1.648839281698200703e+09
8.320483795206273271e-04 -1.932310293203938656e+00 -2.167957049355498711e+00 2.995580561440893746e-09 -6.978499331808020401e+00 1.648839281700113297e+09
8.313136135355572937e-04 -1.941672882259562138e+00 -2.396957492775423137e+00 5.652584744746683334e-11 -7.382616245971239444e+00 1.648839281702399015e+09
8.464175318253654547e-04 -1.923488277121825574e+00 -2.180576824748820641e+00 1.392617240310455585e-12 -5.723426310112435189e+00 1.648839281707679272e+09
8.320748566009336612e-04 -1.942445365729717155e+00 -2.396495566827953727e+00 5.691945005845556797e-09 -1.745876632187759903e+00 1.648839281798070669e+09
8.374544705487764387e-04 -1.933267922775066872e+00 -2.382419227387571947e+00 8.163555584020045109e-15 -4.039167288805751710e-01 1.648839281834819794e+09
8.220685620753682542e-04 -1.958405406662112824e+00 -2.268226885584294195e+00 5.033620220191369044e-09 -2.564867734386506726e+00 1.648839281844603062e+09
8.294375869350940943e-04 -1.953729720296578432e+00 -2.176628663333249669e+00 1.269937768271949276e-14 -1.151583918771716064e+00 1.648839281886732578e+09
8.150516840856821031e-04 -1.956590321782497366e+00 -2.196735222835235479e+00 7.979763249324840046e-10 -5.563688685876341466e+00 1.648839281898641825e+09
8.303151716041464554e-04 -1.947916092248315856e+00 -2.348549546949838085e+00 1.000653774528493006e-09 -2.841423042007826361e+00 1.648839281919251919e+09
8.457931673406384821e-04 -1.922510731517623750e+00 -2.265586499036502666e+00 1.634866949720633831e-08 -5.447299012441432886e+00 1.648839281925472260e+09
8.198866876819026640e-04 -1.953081054557411766e+00 -2.277748859980837981e+00 4.863136693652349986e-09 -3.448180061424003462e+00 1.648839281940511703e+09
8.341742538327940031e-04 -1.944048683342777251e+00 -2.350271244073039778e+00 2.916733165554679250e-11 -7.016086665962537161e+00 1.648839281955159426e+09
8.121786296992211402e-04 -1.968095048381215406e+00 -2.162758190970849537e+00 1.339287560193018917e-07 -1.656300189347717833e+00 1.648839281968221426e+09
8.312601251261746193e-04 -1.951610921661334430e+00 -2.194208804367253407e+00 7.618691744810667405e-11 -2.800424169788522377e+00 1.648839281985398769e+09
8.290264108111276972e-04 -1.937917455619615037e+00 -2.269124002419352859e+00 3.421759452360749879e-12 -6.596214110222604177e+00 1.648839281987395048e+09
8.466471264681441847e-04 -1.924113999332738745e+00 -2.269701851851642083e+00 5.487652786972225792e-13 -5.302504559180929888e+00 1.648839282088058949e+09
8.241339029619225778e-04 -1.943182757805376859e+00 -2.225687654152319617e+00 7.778348914874910713e-12 -5.773309870192856685e+00 1.648839282101966381e+09
8.411932250807721166e-04 -1.929440327037822867e+00 -2.350926529626810702e+00 3.546186211794489018e-08 -1.031303184060078593e+00 1.648839282117174625e+09
8.425699660721370447e-04 -1.934116307607677276e+00 -2.308459958863882111e+00 1.375310339021976121e-08 -2.522810515670818710e+00 1.648839282164701700e+09
8.182012948678098110e-04 -1.954393142518596527e+00 -2.111582489852625422e+00 4.106835979405508334e-15 -6.906909443701724882e+00 1.648839282173743963e+09
8.399146704226292861e-04 -1.926072377610030362e+00 -2.202822283524381586e+00 9.965217204086423084e-08 -4.772437831027256827e+00 1.648839282174593687e+09
8.146874576385874272e-04 -1.962927934711438560e+00 -2.116850296171207013e+00 1.803451202180886482e-09 -3.778763830397389611e+00 1.648839282192163706e+09
8.322274963167144513e-04 -1.939461574676874411e+00 -2.373639206894536446e+00 8.772793850208202854e-09 -3.385553496747703228e+00 1.648839282202335358e+09
8.250008013462806688e-04 -1.952156386480412786e+00 -2.324620866497449700e+00 2.961762050002199688e-12 -1.624531973128521933e+00 1.648839282209126472e+09
8.276062390856683002e-04 -1.940108815594635550e+00 -2.271671543219169198e+00 1.071428577601653403e-15 -4.014686514290287889e+00 1.648839282224314690e+09
8.233552732444683999e-04 -1.957813657409985364e+00 -2.251840781157242954e+00 7.167090907925508035e-11 -4.684131502841767158e+00 1.648839282307628393e+09
8.212563738764173732e-04 -1.952733661619172167e+00 -2.291463445321944015e+00 5.457842285868745108e-12 -4.757269295914026586e+00 1.648839282319689035e+09
8.204112495077127247e-04 -1.959266002471638846e+00 -2.254662428759114601e+00 1.315663888312824195e-12 -2.153700572814808645e+00 1.648839282367647886e+09
8.314862804899322661e-04 -1.941896237695379446e+00 -2.378635660601346569e+00 1.363791710818001072e-07 -4.043116465712030205e+00 1.648839282390599012e+09
8.237440300077532871e-04 -1.952116613707765236e+00 -2.316662206875157004e+00 1.742190554376057009e-14 -3.256710628075498271e+00 1.648839282391409636e+09
8.371827732767231529e-04 -1.943835337841916422e+00 -2.220728073302434602e+00 2.781033179176046508e-14 -7.654063401002328959e-01 1.648839282417584658e+09
8.470258033165490794e-04 -1.925455598485245279e+00 -2.216636677137483247e+00 9.054878649970081713e-14 -2.991033392645316979e+00 1.648839282437224627e+09
8.440166251417183978e-04 -1.926058593491322579e+00 -2.298631358596566976e+00 5.567598184740260331e-08 -2.156652791472111197e+00 1.648839282438198566e+09
8.293981437822527765e-04 -1.953052569287933471e+00 -2.163066531429346906e+00 3.099396583894749304e-13 -4.877412745083830714e+00 1.648839282456732273e+09
8.339381812553103455e-04 -1.932973545757083356e+00 -2.278146964988463807e+00 1.876888886939678467e-14 -5.756291623522239220e+00 1.648839282499764681e+09
8.420977000346463372e-04 -1.936543979224619516e+00 -2.203453421103088061e+00 5.938075286516248429e-14 -5.897706546240868875e+00 1.648839282506227255e+09
8.178316577693609890e-04 -1.958720807058547120e+00 -2.112143984936307284e+00 2.723818909497560997e-10 -6.678262938549499594e+00 1.648839282512782335e+09
8.267507002343092411e-04 -1.947549110375803361e+00 -2.341350737537600146e+00 4.002150368373987924e-14 -3.964129515832270911e-01 1.648839282525467157e+09
8.405361395061101320e-04 -1.928379816958303294e+00 -2.313966296363832775e+00 2.804229861895807486e-14 -6.766888711387951894e+00 1.648839282525873899e+09
8.386768351494566483e-04 -1.930981268131421125e+00 -2.338070034836305489e+00 4.937242359878768464e-13 -2.962802475913486333e-01 1.648839282529769659e+09
8.374690278085513339e-04 -1.942212881791742340e+00 -2.277766829898267176e+00 2.182943248300907655e-14 -1.590904226101267582e+00 1.648839282541371107e+09
8.317371610632430740e-04 -1.948498326691886273e+00 -2.290325754460511121e+00 8.937067306995053114e-14 -2.024663882767017142e+00 1.648839282551476717e+09
8.414329522612266085e-04 -1.931246651236181222e+00 -2.345085769051305391e+00 2.748321335834404902e-11 -3.585440970011027240e+00 1.648839282560250044e+09
8.353596265967558549e-04 -1.938227791818743828e+00 -2.375858615995436018e+00 4.647885471866364899e-12 -7.081585928692898158e+00 1.648839282585034132e+09
8.187812607007837482e-04 -1.954295175380055927e+00 -2.242842471505457791e+00 3.086316831276825889e-07 -3.813848673867687999e+00 1.648839282597222090e+09
8.455233842699260349e-04 -1.928922789317596642e+00 -2.188504990473162604e+00 1.308573034214879181e-10 -6.249422049261941225e+00 1.648839282598729610e+09
8.302760978964442238e-04 -1.952023629347499956e+00 -2.217359915710597651e+00 1.155630151969777067e-11 -1.977325640279441465e+00 1.648839282599341393e+09
8.389714413873478830e-04 -1.932226263425576018e+00 -2.353636688552816381e+00 1.238455233341251753e-08 -7.614502624890642224e-01 1.648839282618697405e+09
8.239786749192126985e-04 -1.958035134042336312e+00 -2.223841905085040871e+00 6.546655609930285664e-12 -7.746335046413700631e+00 1.648839282637306929e+09
8.453844200577649614e-04 -1.923764338993438461e+00 -2.231084276207329964e+00 2.015266476456908585e-08 -4.192922094724446325e+00 1.648839282638952732e+09
8.457965860233201526e-04 -1.929645250839590931e+00 -2.210367238159851144e+00 7.207191215801411758e-07 -9.348395152494459737e-01 1.648839282641251564e+09
8.414400951230327627e-04 -1.934550792881997827e+00 -2.152219018333749290e+00 1.582356223394278349e-14 -4.952388074480831293e-01 1.648839282650661230e+09
8.213072188243251580e-04 -1.947278359583246798e+00 -2.131993060127834294e+00 8.320885363865839560e-09 -5.243956919488610424e+00 1.648839282657013655e+09
8.437513364407266299e-04 -1.926458169489112970e+00 -2.295772946742324905e+00 1.617301405969420618e-13 -2.138914059653858502e+00 1.648839282658765078e+09
8.379693139574532828e-04 -1.940701267356389703e+00 -2.151519576536387479e+00 4.289966603774041435e-14 -1.775743822541923755e+00 1.648839282681632042e+09
8.399078545603305733e-04 -1.939598549994320020e+00 -2.240358092885590402e+00 1.397296392766896867e-08 -3.368182526001596067e+00 1.648839282693805695e+09
8.373111111962318895e-04 -1.939187293489286201e+00 -2.343998770865944881e+00 5.051682523770711041e-12 -4.659604931251282167e+00 1.648839282704965115e+09
8.444367099248192930e-04 -1.924720514508731384e+00 -2.187967873177549372e+00 1.496383435998586506e-12 -4.795998756292970455e+00 1.648839282709721804e+09
8.327766042530638417e-04 -1.933265272544205882e+00 -2.232444640349024123e+00 2.221151395378914305e-15 -3.439530677079857490e+00 1.648839282725127697e+09
8.280555740501321493e-04 -1.953539059256175214e+00 -2.145539373632841418e+00 4.077787089354874137e-13 -7.110591894433802018e+00 1.648839282743071795e+09
8.407337225163634452e-04 -1.933050589352004467e+00 -2.343000922777132011e+00 2.635877050278986338e-13 -3.749645392761760121e+00 1.648839282757123709e+09
8.351781279709441768e-04 -1.938667190952995778e+00 -2.122082672111256230e+00 2.651425224010285316e-11 -5.185043782817231772e+00 1.648839282775960684e+09
8.303574064362634344e-04 -1.944422277808683264e+00 -2.114620269938442654e+00 3.633342760213390387e-12 -4.175592846284198245e+00 1.648839282790234327e+09
8.427589942683153413e-04 -1.926011925586351925e+00 -2.276900740423724034e+00 4.988048540277391687e-12 -1.947215257640311670e+00 1.648839282792319775e+09
8.452176621314321436e-04 -1.927634413180515427e+00 -2.278676527631627202e+00 1.270772908912773988e-11 -5.789388846800875399e+00 1.648839282809594631e+09
8.354120671634447312e-04 -1.942344214635281174e+00 -2.331895988227287386e+00 5.929198473599012973e-10 -6.374293802539575005e+00 1.648839282820030212e+09
8.367901066720387316e-04 -1.932738309424989476e+00 -2.331253976007900075e+00 3.010263474557360998e-11 -5.399714536007609311e+00 1.648839282821742773e+09
8.305229822424079486e-04 -1.950725289344991342e+00 -2.253854290914910852e+00 1.404459270118766316e-10 -3.649615025576915528e-01 1.648839282823805571e+09
8.457281980944543779e-04 -1.928088998351437766e+00 -2.256654047358151782e+00 5.343822019096369951e-08 -5.671539701590315730e-01 1.648839282840229273e+09
8.279491339388575337e-04 -1.941551294623092172e+00 -2.296374425477891723e+00 2.008277336834044433e-10 -2.055987037681341612e+00 1.648839282860664129e+09
8.379773804503787239e-04 -1.931918614556376923e+00 -2.134745074933093179e+00 3.922174450370198566e-09 -2.479489564959518333e-01 1.648839282861499548e+09
8.126097226610012967e-04 -1.965497244408704436e+00 -2.137006833794627081e+00 1.983672687769652402e-13 -5.191512505772189812e+00 1.648839282868077278e+09
8.460285991068223913e-04 -1.924956280091741245e+00 -2.217406009245690868e+00 2.028430901219254216e-10 -2.352375591662558385e+00 1.648839282881026268e+09
8.355518996876271564e-04 -1.945094762097580698e+00 -2.168737188562149587e+00 2.898840932393639316e-10 -6.061382125806805021e+00 1.648839282881527662e+09
8.394520599642613925e-04 -1.930973823104580767e+00 -2.333008803804228926e+00 2.574538431063715288e-12 -7.133602555144333834e-01 1.648839282885718107e+09
8.227593618331663491e-04 -1.950157078810094369e+00 -2.284478501072917833e+00 9.113745195061343422e-07 -1.115009853381520699e+00 1.648839282887017965e+09
8.391484040624466517e-04 -1.938705906220708375e+00 -2.298761714684522950e+00 2.771689827702813133e-14 -7.184585410534086058e+00 1.648839282897638798e+09
8.317083791797962988e-04 -1.949496016598880610e+00 -2.249747044305103749e+00 1.566921337799121052e-15 -5.163732844192296056e+00 1.648839282898342848e+09
8.441725430448327556e-04 -1.924474776019392541e+00 -2.209758410115327809e+00 5.775575867799263395e-11 -3.351962372059585249e+00 1.648839282905399561e+09
8.323897752488692257e-04 -1.939466454243702787e+00 -2.353315107503830994e+00 1.448369332224839427e-15 -4.138581837252068851e+00 1.648839282906410456e+09
8.221624729104882014e-04 -1.952997526990240651e+00 -2.289528741751314822e+00 2.285356915826630190e-10 -3.429123869278045689e+00 1.648839282917039394e+09
8.162877070692316824e-04 -1.955351177348589875e+00 -2.188124060471509758e+00 2.246350637502241038e-09 -2.094161863793964073e-02 1.648839282921204329e+09
8.382985821459271831e-04 -1.941326097157931141e+00 -2.253267524010917011e+00 2.976678347852795086e-12 -5.875767023112294929e+00 1.648839282924150944e+09
8.284912162265495707e-04 -1.953492978070277886e+00 -2.224007798057720642e+00 4.074246934371414971e-11 -2.293000954955953574e+00 1.648839282929690123e+09
8.402551799430674293e-04 -1.938300823796466288e+00 -2.262447724583693809e+00 1.509017477534815139e-12 -2.946478837316481858e+00 1.648839282936234474e+09
8.239303196918263501e-04 -1.948761039743115209e+00 -2.298003823566767689e+00 2.594769451553292116e-09 -7.888658265511780954e-01 1.648839282936255693e+09
8.173658855215968234e-04 -1.963700992322479966e+00 -2.188634069345773092e+00 1.626420937706160647e-08 -3.708497167325641719e+00 1.648839282936558723e+09
8.401967278682983794e-04 -1.933248085658324289e+00 -2.341831477911333614e+00 3.649076332006641651e-15 -3.116944995064166335e+00 1.648839282950462580e+09
8.191503268718940698e-04 -1.960255564093655201e+00 -2.232579919359575005e+00 1.866508102832169890e-12 -5.313530877076136250e+00 1.648839282952788115e+09
8.182215833204789946e-04 -1.960605255953175918e+00 -2.229261297632680439e+00 1.550675702920992074e-11 -3.788453757238072761e+00 1.648839282974958420e+09
8.315604776710893830e-04 -1.940031823694180257e+00 -2.345379586946954475e+00 5.824048849399199446e-13 -2.831962466038193682e+00 1.648839282978603601e+09
8.345071443433652340e-04 -1.936974682272293746e+00 -2.352531312478416403e+00 2.482943934740703208e-07 -8.799907130260091748e-01 1.648839282981564522e+09
8.406924459738105955e-04 -1.927077880027559642e+00 -2.262033011382698078e+00 6.794055646073233866e-08 -3.411828088717271612e+00 1.648839283012905121e+09
8.387568176860854714e-04 -1.938114361796000384e+00 -2.144609473413581657e+00 2.799323123827512810e-07 -3.038623520222072827e+00 1.648839283029527187e+09
8.153483679491225870e-04 -1.957028652512109224e+00 -2.130690151074526639e+00 4.027751678770386001e-10 -6.181210262736598793e+00 1.648839283043255568e+09
8.320626548236258278e-04 -1.949314434003414975e+00 -2.163840329125504169e+00 3.701205520701819671e-12 -1.818933184799865543e+00 1.648839283043283939e+09
8.272648945924143335e-04 -1.954309497272797680e+00 -2.239802286530243158e+00 6.090193746932370086e-09 -4.945857778535820870e+00 1.648839283049497843e+09
8.454636024153261388e-04 -1.925137513907836606e+00 -2.210542104851183520e+00 5.579275801492570100e-13 -3.410264813156518748e+00 1.648839283054791451e+09
8.273254295802842792e-04 -1.939196666395710089e+00 -2.178245174452457800e+00 2.781801087908153873e-14 -2.489364992774145691e+00 1.648839283055563688e+09
8.249588883475633553e-04 -1.953240628821608649e+00 -2.292458849899773998e+00 5.412122640076078447e-14 -4.015756827819332742e+00 1.648839283057396173e+09
8.367044223723307588e-04 -1.931766339835409241e+00 -2.302071819492138793e+00 1.569962601521773092e-09 -2.597558056877485200e+00 1.648839283065670252e+09
8.456139424467065549e-04 -1.928194380609318026e+00 -2.239845190739700787e+00 3.261533867617211926e-11 -6.200089219368889459e-01 1.648839283067157745e+09
8.219625079371518407e-04 -1.960317662231232161e+00 -2.180168342337925225e+00 1.590367050114283584e-10 -3.997412924227919717e+00 1.648839283097391605e+09
8.134423552284419804e-04 -1.965349936780580897e+00 -2.166413686923174264e+00 5.447480985487822771e-09 -1.761509678438112125e+00 1.648839283105920315e+09
8.281897664274683740e-04 -1.951182389752863511e+00 -2.128693175632507373e+00 4.359358023625561592e-15 -8.112675895198373510e-01 1.648839283117007732e+09
8.192830467169362777e-04 -1.960937799907773949e+00 -2.127248797183213913e+00 7.785038077733368743e-09 -5.295966365862792458e+00 1.648839283117560625e+09
8.142681434026138301e-04 -1.961339933366164745e+00 -2.189609570998339638e+00 1.856059169375204387e-11 -6.209401742862397988e+00 1.648839283124898195e+09
8.446132871212094296e-04 -1.926214413134410330e+00 -2.185983691065137791e+00 1.061518572370043174e-14 -6.033783130245977233e+00 1.648839283130960941e+09
8.170659638707250538e-04 -1.964124560594764590e+00 -2.154378856851852486e+00 9.086418873976728334e-14 -1.656606035841964086e+00 1.648839283149662971e+09
8.334383705732352227e-04 -1.939840816917537847e+00 -2.355812519078489764e+00 1.161101187532462201e-07 -3.304380300894298017e+00 1.648839283153351545e+09
8.218619906194950817e-04 -1.950557257919363074e+00 -2.272301676380199087e+00 1.224533213938358216e-07 -4.537194322665525803e+00 1.648839283154717445e+09
8.254362804631933895e-04 -1.944243276515938534e+00 -2.253884693749206303e+00 1.567096773317831158e-06 -1.471031651026081910e+00 1.648839283167578936e+09
8.385873405688654397e-04 -1.942429586227452543e+00 -2.228868906232434277e+00 1.642943955308457981e-09 -7.310356061327344612e+00 1.648839283192804575e+09
8.246038635528735563e-04 -1.954224719636377117e+00 -2.283419653248882408e+00 1.718505628543222513e-10 -7.433508951224142791e+00 1.648839283194851398e+09
8.303998073593532028e-04 -1.946856999515460540e+00 -2.326081959695647683e+00 5.339172264807394017e-15 -5.391435533354407283e-01 1.648839283197422504e+09
8.340000299030132227e-04 -1.946966991031392702e+00 -2.173821159279456072e+00 3.851711399930569288e-12 -1.442532936572625601e+00 1.648839283198237896e+09
8.325056174267674676e-04 -1.947614883390481166e+00 -2.271348078915912616e+00 5.277596923399025893e-15 -6.108184576509823493e+00 1.648839283208090305e+09
8.249532190311274511e-04 -1.950606893153201682e+00 -2.307407982524648737e+00 8.972781670570107733e-15 -4.552382984515637609e+00 1.648839283219436407e+09
8.331210473208292564e-04 -1.938025139599745428e+00 -2.336033940187063340e+00 1.998505978318507564e-07 -4.040058623504297231e+00 1.648839283220641375e+09
8.186241827883519468e-04 -1.963002632023694183e+00 -2.164494986242396113e+00 1.724872910217287073e-14 -3.905709100415268864e+00 1.648839283227554083e+09
8.204836427226824738e-04 -1.950456708103368353e+00 -2.230024992540120543e+00 1.974403350959761613e-13 -1.009984658465086227e-01 1.648839283265703917e+09
8.224261171013526111e-04 -1.959696632824668772e+00 -2.162462722482771937e+00 1.062068478665215873e-11 -7.374508071849552593e-01 1.648839283268043518e+09
8.196064402552383655e-04 -1.949585999471073361e+00 -2.156280785080729512e+00 2.184870364986204893e-13 -4.046028261946315929e+00 1.648839283272992611e+09
8.438446754830766523e-04 -1.927019756036723042e+00 -2.177959657213838440e+00 6.391911656499251314e-15 -8.958641251377743586e-01 1.648839283286909580e+09
8.224735885989631866e-04 -1.955172189244452907e+00 -2.273827949408515625e+00 1.672337989042226818e-08 -3.687374200654002898e+00 1.648839283289745808e+09
8.210360748970636259e-04 -1.958442038819796283e+00 -2.240344145550507982e+00 2.203966681726705491e-12 -6.096184463777581719e+00 1.648839283292387962e+09
8.199096235786733572e-04 -1.958373063062494257e+00 -2.243501530210549433e+00 3.095070589722525191e-15 -7.204841276447547571e+00 1.648839283315260172e+09
8.365969283353128080e-04 -1.935271579172487044e+00 -2.343371796243259642e+00 1.960232176615314922e-10 -2.719641453192425118e-01 1.648839283322717667e+09
8.383927577363829492e-04 -1.930839297977585911e+00 -2.303999716941138587e+00 4.498111044329368170e-09 -3.903948221739279134e+00 1.648839283328345060e+09
8.369973514778966152e-04 -1.942095748341247097e+00 -2.270458748652250058e+00 5.460192401241241210e-12 -4.266972528261646858e+00 1.648839283338064432e+09
8.287810826045984057e-04 -1.940471185200991933e+00 -2.284005929856860018e+00 2.213147107213753081e-11 -2.829141251002239343e+00 1.648839283357372999e+09
8.458213238150516684e-04 -1.925954672514792465e+00 -2.226765146755881997e+00 7.327896863849974610e-10 -6.862346589341284719e+00 1.648839283364809275e+09
8.308172503953884219e-04 -1.939109259439248945e+00 -2.308653980213298595e+00 2.358175222027646451e-13 -3.320070584340331976e+00 1.648839283365175247e+09
8.359835189490449729e-04 -1.941059546711731310e+00 -2.320289604408444006e+00 2.087346329863908724e-12 -5.591016102787876640e+00 1.648839283376289845e+09
8.391009210723370665e-04 -1.933918702428546466e+00 -2.335513622318713178e+00 3.196984502486224966e-09 -4.125912044727197525e+00 1.648839283378479958e+09
8.392513893278124529e-04 -1.937622859693944655e+00 -2.301279739979085637e+00 9.793680807427803277e-11 -6.220014867979558382e+00 1.648839283379998207e+09
8.295624589277146750e-04 -1.939949666296167718e+00 -2.124959958775164193e+00 3.721318549759949512e-13 -3.102756883580944702e+00 1.648839283381367683e+09
8.408614643288607731e-04 -1.927724488367091205e+00 -2.269255569440415954e+00 1.750134311902739450e-12 -6.494257952737895856e+00 1.648839283385619164e+09
8.288155472376724934e-04 -1.952089066070566536e+00 -2.147153067425322970e+00 5.512849592812584822e-14 -5.881885204933031019e+00 1.648839283395716906e+09
8.449468238954162573e-04 -1.926271003320446429e+00 -2.240750639019347901e+00 1.434532832150091066e-13 -7.820527856607232486e+00 1.648839283396082401e+09
8.206012941177230277e-04 -1.961054346349418331e+00 -2.155096481274619613e+00 1.811231127018401446e-15 -6.494468705567616240e+00 1.648839283398539543e+09
8.343918599162749878e-04 -1.936698504850679292e+00 -2.126277115598610212e+00 1.704669954131462689e-13 -5.704239473178387421e+00 1.648839283398667574e+09
8.379864643739042213e-04 -1.939579423362605581e+00 -2.297888626378596033e+00 7.326539132198371563e-12 -3.927764334552605874e-01 1.648839283401731730e+09
8.431353297573708884e-04 -1.928289808555943008e+00 -2.286648739339061542e+00 6.046080841671458198e-14 -3.181521138392946035e+00 1.648839283406504393e+09
8.196397522304159139e-04 -1.953059387548578663e+00 -2.118707002354206725e+00 3.093649795192627431e-08 -2.209934237152549663e+00 1.648839283408211470e+09
8.386237034000967785e-04 -1.932127968328079870e+00 -2.139835549115647773e+00 3.065873863967485806e-13 -1.206977175480750120e-01 1.648839283408600330e+09
8.368350439534265849e-04 -1.942996442951002267e+00 -2.274524613272341789e+00 4.460053192911747042e-08 -4.922957629133541957e+00 1.648839283409526587e+09
8.209959618322903909e-04 -1.953248438287970457e+00 -2.117663915361146287e+00 6.869815224330288026e-07 -2.780412107927291210e+00 1.648839283411788940e+09
8.335228159647909123e-04 -1.942522668508623207e+00 -2.294603673254300702e+00 7.768581507340962928e-07 -3.666433213128693858e+00 1.648839283420168638e+09
8.229924257930316218e-04 -1.958612284610181886e+00 -2.202446265795081182e+00 1.973974609309220167e-08 -1.898342613826687675e+00 1.648839283435969114e+09
8.335983408585415436e-04 -1.947513458882117021e+00 -2.202861065061974877e+00 5.379063108519203672e-15 -8.708671926304045741e-02 1.648839283436487675e+09
8.221269490616924707e-04 -1.946838742546266321e+00 -2.203109867312615933e+00 1.233782084421225227e-10 -5.438071977181719419e+00 1.648839283440716982e+09
8.208395380632687102e-04 -1.959991532643719836e+00 -2.209276436286413237e+00 3.814193796230623820e-08 -1.114522463023725152e+00 1.648839283444494009e+09
8.135345824559683109e-04 -1.961306391509144209e+00 -2.161729900055624931e+00 1.059516845559033406e-12 -3.059622603801173568e+00 1.648839283446196318e+09
8.142677354937321362e-04 -1.961150044216373178e+00 -2.180508858932678429e+00 2.470587310856672443e-14 -2.562459865455776864e+00 1.648839283446856737e+09
8.202726207093552621e-04 -1.958164463933461441e+00 -2.122533052129866427e+00 1.167004721603662216e-13 -7.281390500073568361e+00 1.648839283448547125e+09
8.369373157068413661e-04 -1.934014397063685387e+00 -2.329868091101218841e+00 6.384008042547086133e-14 -6.696691124333181477e+00 1.648839283459215879e+09
8.177382894540835686e-04 -1.963313832991432140e+00 -2.166726626177777781e+00 1.947409321450066607e-10 -4.975029054581125543e+00 1.648839283466351509e+09
8.346890478098631687e-04 -1.937697657007136698e+00 -2.125645224456159443e+00 1.591073014732735935e-09 -3.524288612542277654e+00 1.648839283469705105e+09
8.357057498524234898e-04 -1.941811153854056782e+00 -2.310611662072181716e+00 9.207160717016743273e-14 -2.785162184164319932e+00 1.648839283470954418e+09
8.258192180095189549e-04 -1.942843691872476963e+00 -2.241542629325483205e+00 6.775522016953340033e-15 -9.913680735410910216e-01 1.648839283473037958e+09
8.200807747252796378e-04 -1.957550024986267179e+00 -2.246202898025512873e+00 1.037138403357488106e-11 -5.242673397064208984e+00 1.648839283494261742e+09
8.301129290513614874e-04 -1.944988444636711167e+00 -2.333829538121675817e+00 9.416443655986616264e-11 -1.452559254199161209e+00 1.648839283495986223e+09
8.446156512789948761e-04 -1.925896280109631764e+00 -2.223206917324460186e+00 1.656277085329573710e-08 -2.621669724106077126e-01 1.648839283497166157e+09
8.344195894560399495e-04 -1.941411175055919758e+00 -2.335617039025488229e+00 1.630051884646384392e-12 -5.176268704860159886e+00 1.648839283500073910e+09
8.165652778965323908e-04 -1.955358040385334117e+00 -2.179611444016725130e+00 8.679054092521414373e-10 -3.544957013547373137e+00 1.648839283503058910e+09
8.258984481199987222e-04 -1.951974405770160459e+00 -2.291290630036574072e+00 2.550014564224302937e-10 -5.744336927053355524e+00 1.648839283503877163e+09
8.349189170199592400e-04 -1.944801078443585185e+00 -2.157300488939003280e+00 4.839009315734969192e-07 -1.289771243674929124e+00 1.648839283507759809e+09
8.393559471037993205e-04 -1.931919236450190480e+00 -2.323200832689050532e+00 9.773546244316525161e-11 -7.272441147314954613e+00 1.648839283508578777e+09
8.326272836010202268e-04 -1.947529185047563782e+00 -2.259534107373113887e+00 4.961483671577917665e-10 -1.835964130031833008e+00 1.648839283509968519e+09
8.266554086523496226e-04 -1.942147358198204943e+00 -2.130941074306486271e+00 6.540977748704935385e-14 -3.858843888118797416e+00 1.648839283511626244e+09
8.306873525162607403e-04 -1.950850345017529630e+00 -2.205744979301348607e+00 1.986390864488921009e-10 -6.563296204994903960e-01 1.648839283518895626e+09
8.308487312817199912e-04 -1.941247739520024718e+00 -2.330489396820486725e+00 1.086833790441515055e-15 -3.376661385172685215e+00 1.648839283518961668e+09
8.145395866177636713e-04 -1.964631549150450907e+00 -2.154113785572510320e+00 1.574089321386915908e-09 -2.169165480352231334e+00 1.648839283539012194e+09
8.426686598039482157e-04 -1.925509879644432099e+00 -2.220687028657373219e+00 2.189218279232713596e-08 -5.249928192185838505e+00 1.648839283544047832e+09
8.257311999648769179e-04 -1.954468369955520313e+00 -2.135426111080592104e+00 2.193317476110717915e-09 -3.592271246708159893e+00 1.648839283546895981e+09
8.378242359797080305e-04 -1.940455338878788627e+00 -2.291575754167463064e+00 1.750380774988873539e-10 -7.902906279437582171e+00 1.648839283547576904e+09
8.292594741503741792e-04 -1.937939576017194021e+00 -2.151103188278207234e+00 1.137102356849228153e-12 -4.006683534851391393e+00 1.648839283551918030e+09
8.148511276925585753e-04 -1.958092138782685288e+00 -2.153947615414168126e+00 3.028458401927217367e-15 -3.075287650442019682e+00 1.648839283561735630e+09
8.311479917471935536e-04 -1.943328095979490522e+00 -2.340787102090589489e+00 2.870537733762574858e-09 -5.461813448705822971e+00 1.648839283563893080e+09
8.185490595468646307e-04 -1.954751714425638109e+00 -2.120636239124153999e+00 6.156572881153458261e-15 -7.167616491970452586e+00 1.648839283566100597e+09
8.287915676703893741e-04 -1.947547469473909443e+00 -2.318969087505829751e+00 3.821905703856702142e-11 -2.141772716085314165e+00 1.648839283570750237e+09
8.375183152080971317e-04 -1.933057823038202949e+00 -2.279865564151217328e+00 1.824853991352372652e-06 -2.279720329756110608e+00 1.648839283573594570e+09
8.192412928400469828e-04 -1.950523643499483928e+00 -2.154301397583708866e+00 6.702370979872685646e-15 -5.493563697336868223e+00 1.648839283577255964e+09
8.317239367905098889e-04 -1.942812635936938204e+00 -2.338649697053124754e+00 1.118516721430705234e-15 -2.693785774238078190e+00 1.648839283578319073e+09
8.389555031917192559e-04 -1.936945876456180660e+00 -2.311508584648730658e+00 3.112267558338266760e-12 -9.851343442827049657e-01 1.648839283580403566e+09
8.443629174599634468e-04 -1.929859633647511119e+00 -2.244182676550234401e+00 1.832438791116103626e-13 -2.485608761780174980e+00 1.648839283582426548e+09
8.203606807807995848e-04 -1.951686175868521333e+00 -2.235277537713522555e+00 7.142719365622329555e-15 -5.213407986896693380e+00 1.648839283595731020e+09
8.340405723494036336e-04 -1.935189465696874223e+00 -2.300194655323937187e+00 9.235502407301302435e-14 -8.125354574056622425e-01 1.648839283602995396e+09
8.252433256370518555e-04 -1.942271419639464369e+00 -2.172780683477298247e+00 1.886328915704401040e-12 -2.203278749770932521e+00 1.648839283603945971e+09
8.270533959510370514e-04 -1.948221973517471728e+00 -2.315101600508486346e+00 3.526768008315889342e-11 -7.649447115051859925e+00 1.648839283606360435e+09
8.278118514524430765e-04 -1.951584073820001430e+00 -2.274087058260170213e+00 5.497808293846000758e-10 -3.737548692657927774e+00 1.648839283607348442e+09
8.388114949668084956e-04 -1.931357208048083862e+00 -2.145125343094516523e+00 5.715675864715316838e-11 -6.627993026648931085e+00 1.648839283608451605e+09
8.315830452111532857e-04 -1.934923351170407368e+00 -2.187162732854903702e+00 5.142616230661640605e-11 -6.875493563952603360e+00 1.648839283611210346e+09
8.381321881647885511e-04 -1.932958447468067442e+00 -2.139047435652167373e+00 1.185783073572285919e-11 -7.135349179567041844e+00 1.648839283615820646e+09
8.271751531024794596e-04 -1.949963176595829406e+00 -2.302704707292582142e+00 1.931361258065951377e-07 -2.927371263969265058e+00 1.648839283626439095e+09
8.364055979424788682e-04 -1.930182640012219952e+00 -2.199632112695980801e+00 3.090415488824704999e-07 -5.155418529528947857e-01 1.648839283626829147e+09
8.341980688053787915e-04 -1.947070845650600956e+00 -2.162749660830903142e+00 1.002753813357968535e-08 -7.292382768719081199e+00 1.648839283629074812e+09
8.213272893777701783e-04 -1.948171457217933611e+00 -2.138488019426103115e+00 1.952443796320335881e-07 -8.800081906461665326e-01 1.648839283630886316e+09
8.362264435377977706e-04 -1.935733130584665895e+00 -2.127155539478875923e+00 2.477962117373275791e-10 -7.990575462355804959e+00 1.648839283644737959e+09
8.393232874783217471e-04 -1.938280686572768419e+00 -2.166203150533283495e+00 1.737358651573598897e-09 -2.605965209947886052e+00 1.648839283646169186e+09
8.229954012375192062e-04 -1.946339852962406747e+00 -2.219417040257976481e+00 8.710221949017654922e-10 -2.829761619518222915e-02 1.648839283646566629e+09
8.147778329307646525e-04 -1.958799285572243809e+00 -2.141472366483410994e+00 2.405206628186461841e-11 -6.257567764079327688e+00 1.648839283649672747e+09
8.255160974730492603e-04 -1.952798180113179960e+00 -2.124226613263797248e+00 2.350148043024198287e-11 -1.656855939362831265e-01 1.648839283651575327e+09
8.267726928028334716e-04 -1.946784879264268131e+00 -2.309766286630689169e+00 2.097117160981697699e-11 -5.666498027354274214e+00 1.648839283654297352e+09
8.378993410846903534e-04 -1.935217594576209788e+00 -2.332525953316247680e+00 3.859509590811878807e-11 -6.276745541123916361e+00 1.648839283661033154e+09
8.289523358695444037e-04 -1.938145142232260199e+00 -2.158333432013185504e+00 1.147716089417437616e-15 -6.991909137145336572e+00 1.648839283663273811e+09
8.438582131874327241e-04 -1.929523405419973248e+00 -2.185889044952888494e+00 9.883738840579440581e-15 -6.022181200006134993e+00 1.648839283665113211e+09
8.343596164333134772e-04 -1.945322391250307481e+00 -2.274282614842273453e+00 2.749629847255588539e-08 -4.756373079581310392e+00 1.648839283670159578e+09
8.399808376832834612e-04 -1.929080761833649849e+00 -2.277211005662039600e+00 6.302649362185719071e-12 -3.167160379890373356e+00 1.648839283673518419e+09
8.179275002017914221e-04 -1.962157907559135106e+00 -2.140521440813649257e+00 9.407601553002263046e-12 -1.182929651471101629e+00 1.648839283675061941e+09
8.362466034194276140e-04 -1.941673016088838466e+00 -2.147762967426185110e+00 6.239463577414200224e-14 -4.991375621362870163e-01 1.648839283675797701e+09
8.367891486701679741e-04 -1.940107323108889448e+00 -2.143166877782773483e+00 1.366419168678634137e-12 -3.006606573724152298e+00 1.648839283676204443e+09
8.337098941354397028e-04 -1.947136924287992121e+00 -2.200582422115474390e+00 2.437691896508249231e-11 -2.427342640884810443e+00 1.648839283677564859e+09
8.366035844861398254e-04 -1.930532793585021167e+00 -2.236680841284454324e+00 2.036641359331267844e-11 -2.185451327671272814e+00 1.648839283681943655e+09
8.419334794290767379e-04 -1.933411245538480205e+00 -2.169433299323309416e+00 5.219404251370748061e-08 -3.541399842900706751e+00 1.648839283688678980e+09
8.382404332523100835e-04 -1.929586785935543558e+00 -2.254639697858773495e+00 2.383250269359253096e-08 -2.077113011751381855e+00 1.648839283691687822e+09
8.270658614072246137e-04 -1.940190727825705563e+00 -2.190394069513625919e+00 1.119597900188812249e-12 -4.557357759466809100e+00 1.648839283694229603e+09
8.329259040297045964e-04 -1.947487907077107616e+00 -2.237621801688499890e+00 1.421727419376384087e-06 -1.894388551343671345e+00 1.648839283698463678e+09
8.141099296576691322e-04 -1.963935531547696955e+00 -2.146191174782613231e+00 1.939957525759749786e-08 -3.589680308670089026e+00 1.648839283700935125e+09
8.396998468508599022e-04 -1.927886349290001355e+00 -2.194662230144207804e+00 2.513780819130866430e-15 -4.451663127641463547e+00 1.648839283701043367e+09
8.249393804476868198e-04 -1.953033901050194920e+00 -2.266624879524735903e+00 1.296947368278503703e-06 -2.266971750954403397e+00 1.648839283706758022e+09
8.150019764405371349e-04 -1.961213522429981815e+00 -2.185386150842691499e+00 1.331797351687799215e-14 -6.195431949213157097e+00 1.648839283712814093e+09
8.373222238644558802e-04 -1.936994755246983502e+00 -2.330327641186728194e+00 5.063412756726121172e-10 -1.981974687989384698e+00 1.648839283733711481e+09
8.237436967621629847e-04 -1.949237763289406233e+00 -2.278161226826825203e+00 2.814816887793893307e-15 -2.915568974017673121e+00 1.648839283734784126e+09
8.308244348808981918e-04 -1.945463103150147699e+00 -2.122737930690667074e+00 5.972294481436550055e-08 -4.129974950211147799e+00 1.648839283736524582e+09
8.390467639195473872e-04 -1.932024751852671418e+00 -2.312666978825358211e+00 1.415760537978628164e-13 -2.325954279842737726e+00 1.648839283740754128e+09
8.360350738429215244e-04 -1.943468559850440203e+00 -2.169548280557698661e+00 7.604912965469776786e-09 -8.623643238921028242e-01 1.648839283743594408e+09
8.340798494914319992e-04 -1.943046046909014724e+00 -2.315395878457693790e+00 2.468917349718295240e-10 -6.684854634169751009e+00 1.648839283756524801e+09
8.425753651541889253e-04 -1.927422316305215766e+00 -2.259632139799589989e+00 1.015425996221889677e-15 -2.583321967466225111e+00 1.648839283759905577e+09
8.417572747456992252e-04 -1.928448470082615218e+00 -2.276263782680539194e+00 1.784529754388198125e-10 -1.482633356830524107e+00 1.648839283763608932e+09
8.446002333837820649e-04 -1.929858562018034629e+00 -2.185612793760057571e+00 3.558188321094275222e-09 -6.545104348248662163e+00 1.648839283767782927e+09
8.235187170647037015e-04 -1.944786742433977311e+00 -2.183079239099733559e+00 9.789534894298201973e-15 -5.062087404705225779e+00 1.648839283769237995e+09
8.305846766698045955e-04 -1.942221877942085895e+00 -2.120323434513979866e+00 5.244555204807535104e-11 -6.774025468292991903e+00 1.648839283769845009e+09
8.310286832616362203e-04 -1.943782853278968270e+00 -2.330190251428990500e+00 3.411961050562126919e-09 -1.304740500393194225e+00 1.648839283771409750e+09
8.358268228120370544e-04 -1.934498209549015524e+00 -2.313619340855629591e+00 1.439260925844446389e-12 -2.108952219294864427e+00 1.648839283771551609e+09
8.239099472617730921e-04 -1.951398034024039774e+00 -2.284973951899802014e+00 1.337807825919220499e-11 -6.008412352779062715e+00 1.648839283780569553e+09
8.291875753575728928e-04 -1.943280185977585450e+00 -2.119356580688390501e+00 4.567583307106463434e-13 -2.552001303441061353e+00 1.648839283784727097e+09
8.281338933653796053e-04 -1.940144369882179420e+00 -2.242993064382321045e+00 2.003779322995145572e-11 -2.156173369539611251e+00 1.648839283790046453e+09
8.313911336141346312e-04 -1.948362611937725308e+00 -2.264386738941329469e+00 9.729406157417523674e-13 -5.033287588871671936e+00 1.648839283790361643e+09
8.141043983563143625e-04 -1.962422238402589336e+00 -2.167659356276955496e+00 3.812363040296858504e-11 -6.079352307122975141e+00 1.648839283791889668e+09
8.304770518196317401e-04 -1.950741538055576596e+00 -2.212015688674884295e+00 6.202414117102577901e-14 -9.367698457568955916e-01 1.648839283792273045e+09
8.272986355636146151e-04 -1.940283594487788976e+00 -2.212048980251581476e+00 4.209681948237926093e-10 -6.266257242141579198e+00 1.648839283793980598e+09
8.295930751125171147e-04 -1.945278472642423484e+00 -2.323832234131098406e+00 2.142624007443049220e-08 -1.039864340487462790e+00 1.648839283794924974e+09
8.306802785579589076e-04 -1.941271407728937914e+00 -2.327208828798595697e+00 3.692637792320689183e-09 -5.834230914809763746e+00 1.648839283796828032e+09
8.163864569300802523e-04 -1.961553385040331499e+00 -2.129397300209967092e+00 2.183758343861277407e-08 -4.166501041907006098e+00 1.648839283799440384e+09
8.368436588878474776e-04 -1.933501615547033703e+00 -2.310689078379098760e+00 5.144996891114591701e-14 -3.269338186938576918e+00 1.648839283816179037e+09
8.257701610390292017e-04 -1.941869675710636400e+00 -2.182366578441473415e+00 3.239374630836886905e-11 -1.239622118651777072e+00 1.648839283816826820e+09
8.295011866014481185e-04 -1.951099997948045672e+00 -2.241054709795626376e+00 6.280332855631708698e-09 -3.133977294210998465e+00 1.648839283820897579e+09
8.312901936842097749e-04 -1.948054624270637358e+00 -2.274469249314869046e+00 3.935463180992986231e-08 -3.238133585520678537e+00 1.648839283825274229e+09
8.205699264381542159e-04 -1.958230884142278638e+00 -2.231349314068558520e+00 4.528101415237738484e-12 -2.651479533516480913e-01 1.648839283829359293e+09
8.250435180390831152e-04 -1.943390659119272446e+00 -2.212999100142147402e+00 1.606395574130305385e-13 -6.612604654656329295e+00 1.648839283834970474e+09
8.264629556520586024e-04 -1.953011640085689615e+00 -2.261184761497760043e+00 4.257165677103755822e-12 -6.966385704397058731e+00 1.648839283835320950e+09
8.221807681907042364e-04 -1.959002353911122540e+00 -2.151965870618468113e+00 5.471588623949280822e-14 -2.662169867232108800e+00 1.648839283839635611e+09
8.413390386161804331e-04 -1.927396535482984952e+00 -2.241526360209326274e+00 3.412884074273879435e-12 -2.440157101045301147e+00 1.648839283842398167e+09
8.201572505073560304e-04 -1.960448293731347880e+00 -2.144940394565442165e+00 1.514564022742662339e-14 -6.126341942896415205e+00 1.648839283850715637e+09
8.422755904919787409e-04 -1.933765071928337687e+00 -2.191201576354645297e+00 5.296625245413514597e-11 -2.476717134950292554e+00 1.648839283857599258e+09
8.371791554805874591e-04 -1.940589404415379970e+00 -2.153103637552183702e+00 5.512904215000497257e-08 -6.006028804138080268e+00 1.648839283876246929e+09
8.234948273653364256e-04 -1.947779376861291656e+00 -2.254764472783516993e+00 8.232103781286752581e-12 -4.885786890596391707e+00 1.648839283879189730e+09
8.222779218010045068e-04 -1.958130208233900271e+00 -2.140142952120114739e+00 3.379048487458008759e-10 -2.594325355923603027e+00 1.648839283880057812e+09
8.255869884589102153e-04 -1.945758555964621106e+00 -2.121080012953203475e+00 4.703333304016408705e-10 -3.086536581853616568e+00 1.648839283885657072e+09
8.438741614201462297e-04 -1.930621184869165230e+00 -2.224164296980903899e+00 4.878929910661495610e-13 -4.550894560667373412e+00 1.648839283892513514e+09
8.171642566389322173e-04 -1.954352866184634774e+00 -2.162524552322039995e+00 8.216337915298373633e-14 -5.707273279380732589e+00 1.648839283894654512e+09
8.323441097037222874e-04 -1.939069159178645751e+00 -2.318992790778360291e+00 1.475496324735102762e-15 -4.063360537563050379e+00 1.648839283894802570e+09
8.192340850422943433e-04 -1.953149228741841270e+00 -2.125660545174955729e+00 1.063510675755795535e-09 -3.602201776837758551e+00 1.648839283898363829e+09
8.304901072970833536e-04 -1.940438697442553595e+00 -2.124542318745085812e+00 2.282406445288448838e-14 -7.178035274647556641e+00 1.648839283900714636e+09
8.244673166694022406e-04 -1.948347838481472527e+00 -2.118013445199285805e+00 3.394935682603109214e-10 -4.852835513500187048e+00 1.648839283901268959e+09
8.332384303006570110e-04 -1.941846297061810889e+00 -2.127393711348935401e+00 5.814346271003564901e-10 -2.058924483313351317e+00 1.648839283905561209e+09
8.428667467013371047e-04 -1.931752437449020476e+00 -2.253204785865731807e+00 6.457031075871736807e-07 -2.800086049484055373e+00 1.648839283909013271e+09
8.208787990742429010e-04 -1.960232498652145550e+00 -2.183032585564244066e+00 1.506837168561158110e-13 -5.728746561017038275e+00 1.648839283916108608e+09
8.306259248370360384e-04 -1.944656771241723092e+00 -2.122997142852143693e+00 1.009249317565919795e-09 -4.002135173559993930e+00 1.648839283931362391e+09
8.228130169762621227e-04 -1.945794497688905444e+00 -2.164217033638963450e+00 1.539479752485269285e-10 -4.467127340385404821e+00 1.648839283935483217e+09
8.387118137468793557e-04 -1.930280231661422485e+00 -2.159240897249921076e+00 3.458788207868793195e-08 -3.652845706390693614e+00 1.648839283942843437e+09
8.365254514916424305e-04 -1.940649704915660578e+00 -2.296836389232942643e+00 3.213530605602642304e-09 -5.755520342803341904e-01 1.648839283945803404e+09
8.255232177416502214e-04 -1.949050914356261099e+00 -2.294400738824406982e+00 4.338392398921060188e-15 -5.038278808581718948e+00 1.648839283949785471e+09
8.253288493013578213e-04 -1.956210785538334607e+00 -2.188249631711894239e+00 2.322460302913927191e-11 -2.137750942294536216e-01 1.648839283953822613e+09
8.394117371182383859e-04 -1.928672092964272000e+00 -2.183340825252235717e+00 1.479728040864627142e-13 -5.771255306158140641e-01 1.648839283955622196e+09
8.210077718839615957e-04 -1.951755780290039599e+00 -2.241240631427069196e+00 4.659011349186220736e-14 -4.786831932843989890e+00 1.648839283961598635e+09
8.149520158035876861e-04 -1.963304003176630896e+00 -2.164064532261343210e+00 3.630399720779741708e-15 -5.488236074793114483e+00 1.648839283962872505e+09
8.255425371593442044e-04 -1.942920879336491602e+00 -2.143873958141526703e+00 1.342161197589619906e-09 -2.868759511943177465e+00 1.648839283963943720e+09
8.380463342595198626e-04 -1.933970928820642587e+00 -2.317686736210666787e+00 1.233823239711541332e-10 -4.015874411484912976e+00 1.648839283967350006e+09
8.217010916813090142e-04 -1.948910167453300479e+00 -2.220322804803787520e+00 3.681313197401324381e-14 -7.152560534826273297e-01 1.648839283968491316e+09
8.413283915530767650e-04 -1.932702781786956869e+00 -2.290336734796384555e+00 2.835087058834531171e-09 -2.922536965236877116e+00 1.648839283974778414e+09
8.184199797209411190e-04 -1.958902223261760778e+00 -2.218409075727302948e+00 7.278550163098525667e-09 -2.760730429516200068e+00 1.648839283977307796e+09
8.202345059446334999e-04 -1.958478436366977382e+00 -2.129077311953259333e+00 4.639735974570754935e-14 -5.646398163479748433e+00 1.648839283983015299e+09
8.298985783022762124e-04 -1.946274369642744695e+00 -2.313164609613722167e+00 4.619760262547474738e-15 -3.547526233778575566e+00 1.648839283983609200e+09
8.414517191426782458e-04 -1.935224939342770734e+00 -2.323532499964917175e+00 1.074540666630993474e-08 -6.699893151911025413e+00 1.648839283989725351e+09
8.322029274553031887e-04 -1.936157457495355505e+00 -2.263077766738156971e+00 1.022570140113956122e-08 -8.220228356363623590e-01 1.648839283994634390e+09
8.434959386814868017e-04 -1.927336385680403996e+00 -2.202698238772641481e+00 2.064477688873598366e-13 -7.163283491799621316e-01 1.648839283996720552e+09
8.249344450967780514e-04 -1.955436472839721329e+00 -2.142230524088732935e+00 2.178675091709892020e-11 -6.398656150647346053e-01 1.648839284005360842e+09
8.295295489269932350e-04 -1.950184609813101044e+00 -2.258960204316994513e+00 1.000312356085163644e-09 -7.837504423334626935e-01 1.648839284005653620e+09
8.428755651781281305e-04 -1.932439042274116003e+00 -2.247966357350555278e+00 1.787998884039579538e-09 -5.613985788966784796e+00 1.648839284009988070e+09
8.307121788526835833e-04 -1.949925995631315745e+00 -2.161688435444600653e+00 2.746281467990944685e-14 -3.380250172860510105e+00 1.648839284015734196e+09
8.242533723240006750e-04 -1.950405994635862950e+00 -2.283466674301325217e+00 2.068921240225196651e-07 -1.176281461473331902e-01 1.648839284016114473e+09
8.377060120717590846e-04 -1.941343979289837041e+00 -2.188182079916425771e+00 2.232144861486562929e-08 -3.973645543805829128e+00 1.648839284023914814e+09
8.435959845117758579e-04 -1.928408767334875762e+00 -2.194872274667519108e+00 1.228730641013322546e-12 -4.501666312621537713e+00 1.648839284026183128e+09
8.290148442585413202e-04 -1.947516107170128574e+00 -2.124300676023908263e+00 8.586692576996346195e-13 -2.024459764580870846e+00 1.648839284030280113e+09
8.258610715965866234e-04 -1.941950952655308260e+00 -2.172443831779780954e+00 1.240564854149902115e-13 -4.980418975591307529e-01 1.648839284034165859e+09
8.420396350520545012e-04 -1.930688326045960856e+00 -2.333418017537483902e+00 2.078644769031501908e-09 -7.394076700432058225e+00 1.648839284037366629e+09
8.251798399929334950e-04 -1.945811450416305544e+00 -2.302083760324451944e+00 6.843123386775737909e-09 -7.023457465403707189e+00 1.648839284042471409e+09
8.326237561047519428e-04 -1.936084984980415369e+00 -2.140574998996324751e+00 3.664144329379105157e-11 -5.396369171506973927e+00 1.648839284043429375e+09
8.295035603860672919e-04 -1.940038780055458378e+00 -2.277247017536791152e+00 3.557931388827041891e-10 -6.735458887567073560e+00 1.648839284043516397e+09
8.217347059686846240e-04 -1.955066155002871620e+00 -2.253781553013667338e+00 6.710912919652408448e-15 -1.821446706954867878e+00 1.648839284047672033e+09
8.259357225944354312e-04 -1.948149451776455043e+00 -2.294284491596842113e+00 4.786561237562172297e-12 -3.651092268885959946e+00 1.648839284054378510e+09
8.377175072630372145e-04 -1.930420508745428032e+00 -2.168251094700498260e+00 6.792365252027826325e-08 -1.087931355221158469e+00 1.648839284058836460e+09
8.240413284855140378e-04 -1.946941473132836276e+00 -2.124972885766715613e+00 1.944151527648114915e-15 -3.710554727850691847e+00 1.648839284059885502e+09
8.260663452792495025e-04 -1.955014452267943348e+00 -2.156426013058281743e+00 6.006329718160516031e-13 -7.270450592366413112e+00 1.648839284064878464e+09
8.192525743439650968e-04 -1.958184338676625336e+00 -2.224628860338573766e+00 4.779380821555009001e-09 -3.077926681658849972e+00 1.648839284069801331e+09
8.247750852931493102e-04 -1.946922482753542960e+00 -2.121818619386515170e+00 3.971002772266234571e-14 -5.127391060297716407e+00 1.648839284072574139e+09
8.247352347532877154e-04 -1.947046141414598086e+00 -2.267146510782527713e+00 1.995270796838131982e-07 -1.378860243238315242e+00 1.648839284079882383e+09
8.404844107433428330e-04 -1.928337418560287286e+00 -2.183780585320585832e+00 1.638405313874222176e-11 -2.762439073439994175e+00 1.648839284080093861e+09
8.200358031265966852e-04 -1.953997241009462815e+00 -2.235571404600060319e+00 1.236328934576057693e-11 -4.635794215480384395e-01 1.648839284081259966e+09
8.436286214020810711e-04 -1.928853862961074306e+00 -2.244355009959525304e+00 1.588244860198806443e-12 -1.132998033824774708e+00 1.648839284086143494e+09
8.388206126237411197e-04 -1.929657418670454039e+00 -2.167947501850070680e+00 1.423555376652986418e-10 -7.538830359568482464e+00 1.648839284098144293e+09
8.371219577487784211e-04 -1.930321696722363312e+00 -2.222266170306562483e+00 5.524399419132227433e-11 -6.816252593585533148e+00 1.648839284100558758e+09
8.430945392583340204e-04 -1.928089870681830575e+00 -2.248224883731183787e+00 5.086139188354919547e-13 -5.528743869760599949e+00 1.648839284101838589e+09
8.426614943154067238e-04 -1.930676528128735914e+00 -2.179825770648600614e+00 2.858848648790399926e-11 -5.368763533962197521e+00 1.648839284106289864e+09
8.422428610130164089e-04 -1.931390457667048421e+00 -2.273194697849148405e+00 2.408443922016901766e-10 -1.117929436512556052e+00 1.648839284106636286e+09
8.255753248103568295e-04 -1.946841259709160443e+00 -2.120173887415091496e+00 2.619542877565956363e-09 -8.252837709254459142e-01 1.648839284107810259e+09
8.319860685553026559e-04 -1.935041251483461178e+00 -2.185639513918388843e+00 2.073452567623020420e-12 -5.533233838960942563e+00 1.648839284109610796e+09
8.332748397363806420e-04 -1.940411287673565521e+00 -2.127354128703301317e+00 1.610316440213993637e-13 -6.955590083984077410e+00 1.648839284109923124e+09
8.380910226151864258e-04 -1.937651981436452786e+00 -2.301658399270259725e+00 1.245681822414401558e-14 -2.107089092423723997e+00 1.648839284113794327e+09
8.240228128365533746e-04 -1.950659149615525445e+00 -2.277645928509311357e+00 2.253019938136021304e-13 -3.701545496384999190e+00 1.648839284115044832e+09
8.359748463952327256e-04 -1.940775838474973813e+00 -2.300529430768641692e+00 4.005518232092241641e-14 -3.969708557212569211e+00 1.648839284124143839e+09
8.351474368631625666e-04 -1.939642140626982147e+00 -2.340007787661535055e+00 2.315344810003317441e-08 -5.285050922168359477e+00 1.648839284125918388e+09
8.404368407315018471e-04 -1.931657867600897749e+00 -2.295248057134703590e+00 1.055668473514021084e-13 -5.434342476638197361e+00 1.648839284129854441e+09
8.358977753242841004e-04 -1.942178532610943531e+00 -2.277122127876355595e+00 8.838574125954997475e-11 -6.536955909202435855e+00 1.648839284132702112e+09
8.159365917240038501e-04 -1.962146963512324316e+00 -2.181509739450035124e+00 7.997258324011571728e-10 -6.041553595337022742e+00 1.648839284134293079e+09
8.300827939986897119e-04 -1.945857893232713742e+00 -2.319494635309379049e+00 6.240951716301522713e-10 -6.953522359429742394e+00 1.648839284134294271e+09
8.241380115051637678e-04 -1.957174491350992307e+00 -2.185168259817237058e+00 3.370903927030332533e-13 -1.275561653551197772e+00 1.648839284135048628e+09
8.286501333275732685e-04 -1.945849247795185422e+00 -2.334472516221983707e+00 4.172577161529014828e-08 -5.423386812942537105e+00 1.648839284137243748e+09
8.385714139846979541e-04 -1.932931009879385709e+00 -2.146239710739172413e+00 5.252539762409885495e-14 -2.568277380643991137e+00 1.648839284141476393e+09
8.413068910663194701e-04 -1.931828249714129697e+00 -2.163823865884822339e+00 1.049525731813349886e-10 -1.622681163531284554e+00 1.648839284144172430e+09
8.301551809113169155e-04 -1.939832964743750665e+00 -2.283131364178816014e+00 8.047549154327494353e-09 -3.588807216562058144e+00 1.648839284145738363e+09
8.186165425274944838e-04 -1.952263411402670013e+00 -2.158041615861985285e+00 2.680584463960142151e-10 -5.943271341223118398e+00 1.648839284164463043e+09
8.429048694862085155e-04 -1.929666959858515662e+00 -2.259246267515866879e+00 1.524587943031207729e-11 -1.187868899241964371e+00 1.648839284168674231e+09
8.354720469535367343e-04 -1.934084209689011846e+00 -2.294817779244219924e+00 3.044801613851844699e-09 -5.909281859909434331e+00 1.648839284169911146e+09
8.302429967566395987e-04 -1.950974774385971777e+00 -2.186551615015855266e+00 1.003084362912493655e-10 -7.774321804185355234e+00 1.648839284172918797e+09
8.425934637286602771e-04 -1.928032451675617098e+00 -2.191361857924575940e+00 1.444004651733559541e-10 -5.493571536345847051e+00 1.648839284178190231e+09
8.234407890510268184e-04 -1.956844899178140862e+00 -2.217636030446506368e+00 9.553288186586968645e-14 -3.436641896968695598e+00 1.648839284179409742e+09
8.268358189014066943e-04 -1.942605306120337660e+00 -2.248144703043348791e+00 1.517895508750519445e-10 -6.200159404264578455e+00 1.648839284184383154e+09
8.234452317333234087e-04 -1.957426976948571262e+00 -2.153061095094507049e+00 1.625404798180571678e-13 -4.873664525557936500e+00 1.648839284184862137e+09
8.348951951130919105e-04 -1.936733711566306138e+00 -2.315398342180351676e+00 1.727171375770704318e-12 -2.188024162157111263e+00 1.648839284190950632e+09
8.401016466984097741e-04 -1.928254637597960564e+00 -2.205853390799831004e+00 2.484109507974703103e-15 -6.328952485415762830e+00 1.648839284191758394e+09
8.244531060544425197e-04 -1.954112178400120747e+00 -2.255138234405799746e+00 8.472645412709936045e-10 -3.152843939621971181e+00 1.648839284194880486e+09
8.398302445900955333e-04 -1.933983363422667079e+00 -2.153641675038857617e+00 9.846636861005702204e-13 -1.042479345873503327e+00 1.648839284198793888e+09
8.172761958178040558e-04 -1.961116916643176111e+00 -2.136693030072656541e+00 4.268626610741679197e-12 -7.306941849948456635e+00 1.648839284205294371e+09
8.348380098172063658e-04 -1.934615318475071843e+00 -2.285288321765429842e+00 2.019326667446620672e-13 -4.562236634950307845e+00 1.648839284207769156e+09
8.375543677981318056e-04 -1.936149523144855333e+00 -2.315173386351272011e+00 4.034693226312240748e-12 -2.875449232602760752e+00 1.648839284211480141e+09
8.215301248603185938e-04 -1.953759891228445289e+00 -2.252644303831909056e+00 7.288891946994295361e-10 -5.574163234706532855e+00 1.648839284213220835e+09
8.376342826894760726e-04 -1.937869734045264636e+00 -2.311978989302371890e+00 2.961845436917737699e-09 -5.872300488890823900e+00 1.648839284213770151e+09
8.258670081678718550e-04 -1.955063956851709417e+00 -2.156581682991804527e+00 4.464697652593787789e-13 -5.422035893022595587e+00 1.648839284216243267e+09
8.321221266442741958e-04 -1.945293661948867880e+00 -2.296389494393463959e+00 1.514579399583565246e-07 -1.908114168420453893e+00 1.648839284217768431e+09
8.228169958140011146e-04 -1.952319779881803719e+00 -2.273682318671587321e+00 1.933788102299003769e-09 -6.438419958645582142e+00 1.648839284219827414e+09
8.249206360135694300e-04 -1.948817784608530168e+00 -2.280612650151807141e+00 9.305966545244683462e-12 -1.977741006031878079e+00 1.648839284220643759e+09
8.169423794582773802e-04 -1.956287103946069639e+00 -2.182254555524613338e+00 3.187881928828654987e-12 -6.516443468471624811e+00 1.648839284223356485e+09
8.436233355045121354e-04 -1.929012983224966060e+00 -2.219615452001305833e+00 2.590856847554552786e-07 -2.229383292151928764e+00 1.648839284225584030e+09
8.334660257854417534e-04 -1.948762716932200156e+00 -2.177650348160216964e+00 4.075454041599607896e-09 -7.851073638835296187e+00 1.648839284228036404e+09
8.397678049078756467e-04 -1.936781037824682583e+00 -2.170981700972042905e+00 3.605421027565032444e-15 -7.067864465707064170e+00 1.648839284231113434e+09
8.375919369849833601e-04 -1.940694121661239002e+00 -2.174262492831284810e+00 9.205037710351320271e-14 -3.749588350709478490e+00 1.648839284232372522e+09
8.415386116931959518e-04 -1.934154976402883808e+00 -2.185350023995410229e+00 1.005187856608432723e-11 -6.851247740602968150e+00 1.648839284236468077e+09
8.413251650647247731e-04 -1.927992232046269461e+00 -2.192972644097543000e+00 1.616668773898044654e-10 -6.447123365307701803e+00 1.648839284238027811e+09
8.359786910639018746e-04 -1.943829478874521621e+00 -2.170132709879308841e+00 5.635788185852908944e-09 -7.713875377849995552e+00 1.648839284239203453e+09
8.411001537287824239e-04 -1.929889976532955798e+00 -2.165411650016519030e+00 1.062452898755756118e-10 -7.654431108599982103e+00 1.648839284241664171e+09
8.216972104752876200e-04 -1.950954802172785385e+00 -2.240839627940244938e+00 7.639056779391998586e-14 -2.644348181095313777e+00 1.648839284245189667e+09
8.372310749554250260e-04 -1.933778298040402799e+00 -2.307309835908343487e+00 1.652911807473778602e-10 -7.316172211280187021e+00 1.648839284245938778e+09
8.299970829259342014e-04 -1.950962635848729310e+00 -2.184232969960806070e+00 1.858343299965975556e-12 -6.707133367145001301e+00 1.648839284249623060e+09
8.356670561195808861e-04 -1.943873578680114012e+00 -2.185821894150271394e+00 1.369974766244153431e-08 -3.763363472295560008e+00 1.648839284254167795e+09
8.151083993615276151e-04 -1.960645746442924553e+00 -2.167252857515785003e+00 1.100704477015820452e-09 -2.149197849191497589e+00 1.648839284259805202e+09
8.268815763126353231e-04 -1.941166642883117133e+00 -2.200902320761168873e+00 2.592189798669659608e-11 -2.193299159701619594e+00 1.648839284260488510e+09
8.239317390220480620e-04 -1.955103113381225777e+00 -2.229491053278589874e+00 1.354062184966827041e-06 -2.352230796104612054e+00 1.648839284261028528e+09
8.230585407140422185e-04 -1.945865005722425822e+00 -2.172453800586106709e+00 7.017380609688446140e-11 -2.215053712118108642e+00 1.648839284261709929e+09
8.387968734014717483e-04 -1.931432136683490119e+00 -2.284721582551242136e+00 1.695543002499440804e-13 -1.235785052274985141e+00 1.648839284261753559e+09
8.252289558695859650e-04 -1.946951995687799863e+00 -2.122003728760601948e+00 9.285400759713734228e-12 -7.302119614117925650e-01 1.648839284264971256e+09
8.182072032377099135e-04 -1.957196401863038782e+00 -2.212540082222274052e+00 2.860474231768077795e-14 -1.212992136293778778e+00 1.648839284266162157e+09
8.290157393482889756e-04 -1.939054212836949453e+00 -2.150346675505934613e+00 2.584993088228789054e-11 -2.333240590334600739e+00 1.648839284272942543e+09
8.180278954430282448e-04 -1.956103134155273482e+00 -2.205043959617614568e+00 1.404314932254653990e-13 -5.466607093811035156e+00 1.648839284276947021e+09
8.273247953638875399e-04 -1.942942412004008634e+00 -2.264837759997580413e+00 1.004274230163661728e-09 -4.301199664417229229e+00 1.648839284277153015e+09
8.412619663981065529e-04 -1.932560031490341501e+00 -2.279794757195124699e+00 1.694910187857766562e-11 -3.104470200365901711e+00 1.648839284277984619e+09
8.381153924955414471e-04 -1.940304654125358352e+00 -2.189573423061563329e+00 1.666012066580782527e-12 -1.868430561249871502e+00 1.648839284278283834e+09
8.293085402952680074e-04 -1.938895826157379210e+00 -2.147864022447013799e+00 7.309030325052990645e-13 -4.864468617644085668e+00 1.648839284281923056e+09
8.276335164407742960e-04 -1.945419487681649739e+00 -2.121305269134905469e+00 2.548650701944555839e-14 -4.272545316825338446e+00 1.648839284287547827e+09
8.271060776619298168e-04 -1.946087824550432499e+00 -2.120918379517513497e+00 2.697413006478789616e-15 -2.396005006604663201e+00 1.648839284288976908e+09
8.377804665712323788e-04 -1.933940214714946038e+00 -2.143920435640280786e+00 7.828953568391803398e-14 -2.907593171814947475e+00 1.648839284292363167e+09
8.414492375688469462e-04 -1.931626202654391111e+00 -2.278598192750294960e+00 5.237384639295162972e-13 -6.017881525385915253e-01 1.648839284297732115e+09
8.333424981768807610e-04 -1.939223141125292260e+00 -2.317382272115662278e+00 3.142689781976717939e-08 -2.043853590344197890e+00 1.648839284300479174e+09
8.335544567038795979e-04 -1.936254684029586226e+00 -2.137769217576557690e+00 9.192361547860930153e-15 -2.475673043761133840e+00 1.648839284304539680e+09
8.350168884206577357e-04 -1.932347044117355805e+00 -2.186463169372440785e+00 1.147358396497724124e-10 -4.876224626801624495e+00 1.648839284305010080e+09
8.298425519124767811e-04 -1.950031450088501428e+00 -2.244916860885916243e+00 2.389163537325682515e-14 -4.238915081502401705e+00 1.648839284305161476e+09
8.262325958902722251e-04 -1.942018017755918535e+00 -2.198876403999790341e+00 8.181057511538823052e-12 -4.472897091669601366e+00 1.648839284305228949e+09
8.203458917612467625e-04 -1.955678069495014437e+00 -2.236316174686470593e+00 4.563430156900581973e-10 -3.498896617914716067e+00 1.648839284306569338e+09
8.400376915535593932e-04 -1.934793635582774840e+00 -2.160725442806965990e+00 1.322167913800991384e-14 -6.109608586018252296e+00 1.648839284307693005e+09
8.365298896605887153e-04 -1.932404559900442242e+00 -2.148235503514176248e+00 9.241116621468373253e-09 -5.709007477250837681e+00 1.648839284308191061e+09
8.244352020074953566e-04 -1.950607733023664636e+00 -2.120345442107515854e+00 6.075977922179598696e-14 -3.743693479208928032e+00 1.648839284308560371e+09
8.301355110320375076e-04 -1.948916568512020220e+00 -2.264551166331427723e+00 1.972388789149971835e-14 -3.735589943779267230e-01 1.648839284311226130e+09
8.380831946573241058e-04 -1.938917229303228629e+00 -2.279663156478989539e+00 7.469407801666737066e-11 -7.734840906057538490e+00 1.648839284312245131e+09
8.176993354989671144e-04 -1.954551671737753793e+00 -2.176573918432819887e+00 1.373553563159231823e-12 -9.842985218086717225e-01 1.648839284312353373e+09
8.173333004714919284e-04 -1.956443051892105878e+00 -2.191110643420372206e+00 5.303624733336251568e-13 -8.560859640799787229e-01 1.648839284318621159e+09
8.157386653869173193e-04 -1.958606800015465055e+00 -2.151349350509830227e+00 9.046414192930227815e-07 -1.115730016433147398e+00 1.648839284319498777e+09
8.403248581219077739e-04 -1.930004812098269129e+00 -2.270691662419940471e+00 5.423730330654247529e-15 -5.131888081941957225e+00 1.648839284322443485e+09
8.238442345562800063e-04 -1.949290236515887953e+00 -2.121094781970252363e+00 9.580963840155197053e-13 -7.935806178235376152e+00 1.648839284323212624e+09
8.229669616450749391e-04 -1.946090755360335711e+00 -2.159092189085751734e+00 4.116318890018353129e-12 -4.597495775552527419e+00 1.648839284324055433e+09
8.382451749278311669e-04 -1.931192050716622699e+00 -2.271336621235414022e+00 1.315336900089666606e-13 -5.361317942424810745e+00 1.648839284324467182e+09
8.245203927276164050e-04 -1.954103660425427824e+00 -2.131226991048119856e+00 6.490846095170629510e-13 -3.707947894981803216e+00 1.648839284327319860e+09
8.418732054823388619e-04 -1.929045335171491127e+00 -2.258222162795723964e+00 4.417404400786059653e-11 -6.612128187199648011e+00 1.648839284327620983e+09
8.381656648133347905e-04 -1.933569528432339535e+00 -2.267499405363556431e+00 6.277260858946806776e-07 -3.519998483635969677e+00 1.648839284332600832e+09
8.309477848415431668e-04 -1.949703855300932709e+00 -2.178528135236596608e+00 2.544849271053941228e-09 -1.256629164084743344e+00 1.648839284338462114e+09
8.243510404246057969e-04 -1.949504679386672157e+00 -2.272935190535354089e+00 1.338323279550957423e-11 -1.885090485713775799e+00 1.648839284340950727e+09
8.257391670431283833e-04 -1.946646116227437773e+00 -2.276208283576052427e+00 4.349669295295257274e-13 -1.285672619809488992e+00 1.648839284341057539e+09
8.155428742727573177e-04 -1.958768899630016325e+00 -2.158404825936451665e+00 9.895408955108184177e-15 -1.594020323660078731e+00 1.648839284341341734e+09
8.410361113033540956e-04 -1.929099806069196399e+00 -2.178549345882625055e+00 1.051385698017693336e-12 -5.000126953763137649e+00 1.648839284350651503e+09
8.330653971219229318e-04 -1.945203680420020120e+00 -2.145320974466503827e+00 2.508705013117354890e-13 -6.951545433332567470e+00 1.648839284351060152e+09
8.273890209556340270e-04 -1.943406512907877470e+00 -2.271246413334438330e+00 1.842611213641852688e-14 -1.675757451247049445e+00 1.648839284355023146e+09
8.293198902600012632e-04 -1.942169089291203576e+00 -2.125714099074145214e+00 7.594736383970039395e-13 -1.951359553886457654e+00 1.648839284356073856e+09
8.414127210307134749e-04 -1.928524534318028394e+00 -2.191532810715016932e+00 3.420589117998215549e-07 -2.041292574943173399e+00 1.648839284357496500e+09
8.365554217889265964e-04 -1.934181699410681965e+00 -2.298250546295088181e+00 2.543385622399073169e-12 -2.203215005633297530e+00 1.648839284359289408e+09
8.386549353536957392e-04 -1.939859295820470564e+00 -2.161615215655469768e+00 2.020640939794292810e-09 -7.176867852402631698e+00 1.648839284360097647e+09
8.263946120195310181e-04 -1.948798695816549298e+00 -2.289572978148290971e+00 1.693883957222361503e-11 -4.666376038528293080e+00 1.648839284361596584e+09
8.407890644960917250e-04 -1.931722374848395374e+00 -2.283734171086832632e+00 2.782081175244930802e-14 -2.601303456931042923e+00 1.648839284365026951e+09
8.412287985538588518e-04 -1.933504621122741796e+00 -2.268818036981411712e+00 2.219474211418803884e-07 -1.734587261150525528e+00 1.648839284365822792e+09
8.203241379579360787e-04 -1.959681227961296512e+00 -2.146843488825765700e+00 2.034408031818617269e-15 -6.340916773867336431e+00 1.648839284367561579e+09
8.289769277470183549e-04 -1.939368508506400746e+00 -2.147677506740520492e+00 1.731711004568714687e-11 -2.644130195543549888e+00 1.648839284373955727e+09
8.304925851942920618e-04 -1.950232512575996946e+00 -2.200683957972307425e+00 1.000728100548346332e-10 -5.226739822127642654e+00 1.648839284374001503e+09
8.255256172320147613e-04 -1.948039119505659000e+00 -2.280976043631146144e+00 2.517498933206024377e-13 -7.773148654347445508e+00 1.648839284375002623e+09
8.285545384316076855e-04 -1.945785537655728703e+00 -2.305263481752268806e+00 5.607647107042461955e-10 -6.178784200499610968e+00 1.648839284377614260e+09
8.226865468488371450e-04 -1.951118789197513470e+00 -2.256077466603608972e+00 2.062083555740366863e-11 -6.927049018341961073e+00 1.648839284382566452e+09
8.293694114848591467e-04 -1.949720023663144008e+00 -2.262161464964096869e+00 2.684713049405034433e-07 -5.504891720704065960e-01 1.648839284383504868e+09
8.250923378549599721e-04 -1.942980011761969106e+00 -2.181761566377026895e+00 6.202443695407601474e-09 -5.919713876772004113e+00 1.648839284388205528e+09
8.389435313650861351e-04 -1.929389535839199254e+00 -2.224409958806631060e+00 3.138646547729979008e-07 -1.203013961419562072e+00 1.648839284393429756e+09
8.386755253593300300e-04 -1.936601071631483428e+00 -2.292205853924908610e+00 7.572963739087820049e-13 -6.652522561885829688e+00 1.648839284393716335e+09
8.282765081651199783e-04 -1.947502563192911706e+00 -2.297532535816893429e+00 6.279469632464462687e-14 -3.951215659341693609e-01 1.648839284396539450e+09
8.282923414791048709e-04 -1.939779333277763529e+00 -2.193546635820174728e+00 2.109436154412678945e-07 -3.681374527626153359e+00 1.648839284397187948e+09
8.341279097629474221e-04 -1.945266381905925046e+00 -2.240699463704110883e+00 1.145985242416141068e-14 -2.003356833871650089e+00 1.648839284397444010e+09
8.377522984728434305e-04 -1.934702888655847719e+00 -2.306359518110435491e+00 9.315104807853040796e-12 -5.708325770309876646e-01 1.648839284402783871e+09
8.300796838840434223e-04 -1.949179063502930020e+00 -2.145330829912149628e+00 1.051422800868448582e-11 -2.837493204537583580e+00 1.648839284406702995e+09
8.155792721202954594e-04 -1.961999019641485154e+00 -2.155854912954204838e+00 4.938844283364033690e-14 -5.363020505143506256e+00 1.648839284417608500e+09
8.372030316254522710e-04 -1.940760975910809316e+00 -2.256495622839206128e+00 9.677263108642391616e-10 -2.510259832423099802e+00 1.648839284418476820e+09
8.324356257877020071e-04 -1.941436305235472171e+00 -2.315910725963528982e+00 1.109876131864995950e-14 -5.097135942645509843e-01 1.648839284421544552e+09
8.291391752844501535e-04 -1.947659821588553886e+00 -2.292794263114597442e+00 7.359553210003306696e-13 -2.275285248976992136e+00 1.648839284424496174e+09
8.214100601808583006e-04 -1.959320434755314588e+00 -2.170393423430939883e+00 1.310482260042110943e-12 -3.390732762178948256e+00 1.648839284425881147e+09
8.423607097745312551e-04 -1.932527913750066162e+00 -2.201580517901983391e+00 6.784509353356995857e-08 -7.984256264440050543e-01 1.648839284433001995e+09
8.222081102562345343e-04 -1.958551742015077535e+00 -2.181353552415565833e+00 2.448371801206334592e-14 -1.066287717237407229e+00 1.648839284433047056e+09
8.375239579543726845e-04 -1.930331185518656456e+00 -2.206099838525378942e+00 9.677265926671943664e-15 -4.524700270383701373e+00 1.648839284435685396e+09
8.272915281656245895e-04 -1.943778812869072503e+00 -2.126846977998615440e+00 5.647450934617996389e-12 -1.535238155751374123e+00 1.648839284436341047e+09
8.305149296222473151e-04 -1.947378335820447726e+00 -2.282105241130734097e+00 5.727765803179902167e-08 -8.712922261137938662e-01 1.648839284439655066e+09
8.217994297879112169e-04 -1.953471213385275629e+00 -2.248640414788413366e+00 1.704170119694699244e-13 -3.609435658255668145e+00 1.648839284443558455e+09
8.362713586600705861e-04 -1.933395880690328195e+00 -2.278733515677008548e+00 4.809350246859131038e-12 -2.709775796915116608e+00 1.648839284463282108e+09
8.362266944234722022e-04 -1.934892661744634923e+00 -2.339817024194805306e+00 1.006989288745115969e-08 -6.846250605112572885e+00 1.648839284464424133e+09
8.290427766802766201e-04 -1.949525604655213407e+00 -2.267637462274728843e+00 2.403957429873359295e-14 -5.939678061814763765e+00 1.648839284464657784e+09
8.254689031010975855e-04 -1.947494544986428044e+00 -2.274890675309755750e+00 1.723988170160343056e-13 -7.965150052640619371e+00 1.648839284466223001e+09
8.202315209060094493e-04 -1.954041400043782906e+00 -2.228904919596814249e+00 1.261126561197621814e-09 -2.892549395402717494e+00 1.648839284469436884e+09
8.236833002220991014e-04 -1.945405361754237283e+00 -2.155057099299181989e+00 1.442494168513703693e-09 -1.277309837185145014e+00 1.648839284472174168e+09
8.273642686090629727e-04 -1.951310839078356452e+00 -2.260564570802590101e+00 6.759013022057561842e-15 -6.321177616258065513e+00 1.648839284473768711e+09
8.156748084164941849e-04 -1.959400139815502095e+00 -2.165897115915043081e+00 1.601172565519345362e-10 -1.726166196725248625e+00 1.648839284474650860e+09
8.393079592023666973e-04 -1.936525687931779816e+00 -2.275670580362498363e+00 4.492823063380498447e-11 -1.114812991705286471e+00 1.648839284477129221e+09
8.326560040062778176e-04 -1.942458533156609546e+00 -2.311282785577249754e+00 2.318602981409651941e-15 -5.107930648671139551e-01 1.648839284480588436e+09
8.281767375538312895e-04 -1.946680217588478090e+00 -2.298503593873653550e+00 1.249356207507210761e-11 -7.811302090697106237e+00 1.648839284482106686e+09
8.285454334125429187e-04 -1.947838814954190090e+00 -2.292403073080816256e+00 1.479416963092817178e-15 -3.024936402769309751e+00 1.648839284485472679e+09
8.161296145220844423e-04 -1.961821087749773262e+00 -2.150355300912661694e+00 6.807572533857269543e-12 -7.871721085181204280e+00 1.648839284490898132e+09
8.331777763238812059e-04 -1.945690924320092829e+00 -2.257824265716738221e+00 1.543263729697547550e-12 -1.093447994787427824e+00 1.648839284500548124e+09
8.297039382034002717e-04 -1.940057721339909502e+00 -2.265639537636889411e+00 2.771834286302100670e-12 -5.057052864159208738e+00 1.648839284501180172e+09
8.246912642586133732e-04 -1.944346477227145487e+00 -2.199684865980510828e+00 2.980805614551080967e-15 -2.645055079759186967e+00 1.648839284503194094e+09
8.260598181415463453e-04 -1.944851962500043108e+00 -2.257587792438130236e+00 2.340713114925158752e-14 -1.002505623797394385e+00 1.648839284504844427e+09
8.211726037957262038e-04 -1.956814820219181295e+00 -2.130299734219834207e+00 1.879104564945030930e-12 -1.066750888951521148e+00 1.648839284505023956e+09
8.192954026048798223e-04 -1.956187749545588161e+00 -2.219554464353796774e+00 1.597115544371906350e-12 -3.119545701506374336e+00 1.648839284508143187e+09
8.395536312721557952e-04 -1.930450033243247931e+00 -2.264471330408801997e+00 2.916712373323401954e-15 -6.962415642682852734e+00 1.648839284510100842e+09
8.180376052344854416e-04 -1.958247300843206640e+00 -2.203357712388358980e+00 6.160986079964453932e-10 -6.114976297226855095e-01 1.648839284510232687e+09
8.193617139091826426e-04 -1.955785926188660984e+00 -2.219841513328846272e+00 1.650130918951999871e-14 -5.552273337558553123e-01 1.648839284514602423e+09
8.254828466472884053e-04 -1.947176733403195747e+00 -2.272423223112272517e+00 1.414514645515412125e-10 -6.663810161128949971e+00 1.648839284522017241e+09
8.252382058303097756e-04 -1.955723576377979445e+00 -2.172150186697303642e+00 3.348264523133990700e-14 -7.835742961234993587e+00 1.648839284524553776e+09
8.392413710805598451e-04 -1.936998981748427884e+00 -2.267557896040893972e+00 2.021075495063794216e-11 -2.469151555457352210e+00 1.648839284526421547e+09
8.351238175499267440e-04 -1.941943303298340195e+00 -2.297467361031921840e+00 5.571929532413705361e-10 -7.118032776910693471e+00 1.648839284528375864e+09
8.420330265376566817e-04 -1.933187433043385806e+00 -2.210186790929281386e+00 8.170170612824351798e-14 -6.645384262501032424e+00 1.648839284532904863e+09
8.358587731586344244e-04 -1.934806278761946885e+00 -2.292838661595030469e+00 2.966879014118180497e-15 -3.683912171296652716e-01 1.648839284535990953e+09
8.410238816601906973e-04 -1.932258630281349809e+00 -2.293868583216739587e+00 4.866597281818235639e-09 -6.111745317616843032e+00 1.648839284537679434e+09
8.180524929830412101e-04 -1.954586024982982950e+00 -2.181266434327302051e+00 4.257025354393704552e-13 -5.148919367557835081e+00 1.648839284537851572e+09
8.281334816195354796e-04 -1.949416549839537494e+00 -2.277909254870272182e+00 1.186624244328618413e-09 -4.340221270053659985e+00 1.648839284540486813e+09
8.296807462896289018e-04 -1.941289424460948210e+00 -2.283240170686086756e+00 2.798964426963266080e-13 -5.342658381075947815e+00 1.648839284549069881e+09
8.347997009795576039e-04 -1.938289088354473222e+00 -2.134760977698167750e+00 1.726709239962282569e-11 -6.822853747292533022e+00 1.648839284549794912e+09
8.391067524758138085e-04 -1.930208010103467098e+00 -2.262509125915967978e+00 5.736332574392462243e-08 -5.473516585522512301e+00 1.648839284550680161e+09
8.391067524758138085e-04 -1.930208010103467098e+00 -2.262509125915967978e+00 5.736332574392462243e-08 -5.473516585522512301e+00 1.648839284550680161e+09
8.263044173192201237e-04 -1.945913755351684316e+00 -2.124321525055184345e+00 1.879208322773777519e-07 -4.192885433692644881e+00 1.648839284557248592e+09
8.406313310278998568e-04 -1.927821217521849650e+00 -2.192289996088893300e+00 4.785895007037111308e-10 -7.752609678269536175e+00 1.648839284558224678e+09
8.390251016411921781e-04 -1.932811984571993769e+00 -2.289673427717600074e+00 1.036949166765477579e-13 -7.298853947772273365e+00 1.648839284558355093e+09
8.239741554909249272e-04 -1.946286075555820672e+00 -2.222853513225264699e+00 3.207692815550911492e-08 -1.938536235854064316e+00 1.648839284559240580e+09
8.161460353235096494e-04 -1.961643522651225879e+00 -2.169498318073585175e+00 1.309229769010596909e-09 -5.606898542651170381e+00 1.648839284563299417e+09
8.134784606304919403e-04 -1.964440077329791645e+00 -2.158693232278388052e+00 1.136104009363796812e-08 -6.026501243195605539e+00 1.648839284566780567e+09
8.265297288600210578e-04 -1.950969934550228935e+00 -2.270157037371804076e+00 2.036211147318717278e-14 -2.762006042170390252e+00 1.648839284567871332e+09
8.336919047131267999e-04 -1.940801501855391242e+00 -2.311277984766140658e+00 5.909032141498761260e-13 -7.349071080655323662e+00 1.648839284574086428e+09
8.395359862533874210e-04 -1.936958303809308557e+00 -2.260186669928339498e+00 4.457915788876591596e-11 -7.895983626172422554e+00 1.648839284579951763e+09
8.275217001237161708e-04 -1.944202759664143576e+00 -2.277380400020321272e+00 1.830488191238460484e-14 -1.533613445805923625e+00 1.648839284581477404e+09
8.358004280726802088e-04 -1.938651692789898240e+00 -2.307769499729958707e+00 8.699968150281458259e-11 -5.502246914095739072e+00 1.648839284585012913e+09
8.333820152438799677e-04 -1.939284612775911576e+00 -2.131786630951729489e+00 9.694988691456518487e-12 -5.446427536388593893e+00 1.648839284586932898e+09
8.362424265526406013e-04 -1.939696979098625373e+00 -2.146172676475656349e+00 8.506240970213604258e-10 -4.698528395527447721e+00 1.648839284590662241e+09
8.400809057164125614e-04 -1.934148314261941115e+00 -2.279379669131443187e+00 1.165479031331728208e-08 -1.852819652090001767e+00 1.648839284590798378e+09
8.250423578955068567e-04 -1.943362813403671785e+00 -2.182270020260014487e+00 2.100147506592563370e-09 -6.342673301427271149e+00 1.648839284591480255e+09
8.374164112765273811e-04 -1.934760125247067641e+00 -2.300105731028150302e+00 2.018883362145683313e-13 -1.666011243458414448e+00 1.648839284592543125e+09
8.349709563617625525e-04 -1.941107802171629926e+00 -2.297662694841369202e+00 1.932059858779305987e-10 -2.547780369055143268e+00 1.648839284592828989e+09
8.411775694560785646e-04 -1.929331872392548997e+00 -2.248012774892391707e+00 1.392104881864424161e-09 -4.471062407947138162e+00 1.648839284595777035e+09
8.174722722345200516e-04 -1.955124064387216754e+00 -2.159639340385346440e+00 1.241946139111889172e-13 -1.001126271700155890e+00 1.648839284597782612e+09
8.301019162259684397e-04 -1.943443181057733282e+00 -2.303477067652826893e+00 6.142379159320518711e-09 -3.001261152567115786e+00 1.648839284597932100e+09
8.345930829125322104e-04 -1.942245456405933712e+00 -2.144277354276654446e+00 1.035186405428579631e-14 -3.248124056274027005e+00 1.648839284608303547e+09
8.253622913425286102e-04 -1.947377080550342532e+00 -2.293518548009557012e+00 3.222798341674276472e-08 -5.803552018666711554e+00 1.648839284611788273e+09
8.283822837155189718e-04 -1.940629814536203979e+00 -2.143261715865050654e+00 1.446727827717633434e-13 -1.088684765002760457e+00 1.648839284614123583e+09
8.298824939284336292e-04 -1.944005158164757940e+00 -2.302915941398886446e+00 2.861302865093388745e-11 -6.582719978635038771e+00 1.648839284614545822e+09
8.263325524254912452e-04 -1.949771924222364339e+00 -2.280057220905128190e+00 7.618140275706052672e-08 -3.474380067973305231e+00 1.648839284625499249e+09
8.200000636264277850e-04 -1.954778794574393297e+00 -2.224667500118469476e+00 5.191323674573588344e-10 -5.812764051726449388e+00 1.648839284629171610e+09
8.363323733628258601e-04 -1.939680558639402808e+00 -2.326874390896915834e+00 2.040114712870219937e-09 -7.115063891126112594e+00 1.648839284630486965e+09
8.365406524012347980e-04 -1.938541397289994972e+00 -2.299390165556340015e+00 7.526673181880524726e-07 -1.164664181520874919e+00 1.648839284637998819e+09
8.301325699130561193e-04 -1.943951547258570223e+00 -2.312222704141113194e+00 2.201927591416686801e-08 -4.983314113346851926e+00 1.648839284638904572e+09
8.419342562805594028e-04 -1.928669078599307474e+00 -2.221046476396793867e+00 3.361057142015368314e-12 -1.999458099613929285e+00 1.648839284639883280e+09
8.365083322445608779e-04 -1.941425304496317228e+00 -2.254662536096400327e+00 1.755831285373846047e-10 -2.487347211973769845e+00 1.648839284642325640e+09
8.207681797184159704e-04 -1.949810925955923757e+00 -2.177289062835911615e+00 1.224438323005959635e-13 -6.749767889062368020e+00 1.648839284642878056e+09
8.263210377925036968e-04 -1.952854030284337572e+00 -2.242313947040826871e+00 7.074519035090736481e-14 -3.037732880041312811e-01 1.648839284645572662e+09
8.308717546285308408e-04 -1.936818211556294189e+00 -2.183768638604229650e+00 3.842012355968486316e-13 -3.356818812195369262e+00 1.648839284648124933e+09
8.228874395880169312e-04 -1.957311012200620759e+00 -2.151920025550251747e+00 6.455500766388625820e-10 -3.550046770851030153e+00 1.648839284649199009e+09
8.383357225095741444e-04 -1.930075123150217342e+00 -2.212361607252472773e+00 1.700090412731770870e-14 -3.868812291329152941e+00 1.648839284654024124e+09
8.336011658658600042e-04 -1.938543861027367976e+00 -2.304442570978194382e+00 3.046184833920796946e-09 -3.477727732170111885e+00 1.648839284655990124e+09
8.336011658658600042e-04 -1.938543861027367976e+00 -2.304442570978194382e+00 3.046184833920796946e-09 -3.477727732170111885e+00 1.648839284655990124e+09
8.407098076883606688e-04 -1.930433136507248237e+00 -2.262786579982334789e+00 4.860590856777268526e-09 -4.252778008979344548e+00 1.648839284656672239e+09
8.397287091175078579e-04 -1.929125850654551666e+00 -2.219814131871470586e+00 1.819806992855301099e-09 -5.766375140076933192e+00 1.648839284658969641e+09
8.335614447123609275e-04 -1.946228062089794486e+00 -2.189541748018556611e+00 1.786183505773139573e-07 -2.371271395393820924e+00 1.648839284663510084e+09
8.306174613841190270e-04 -1.940788659270232586e+00 -2.289692193330511660e+00 2.467034674906603628e-13 -4.043543376536083755e+00 1.648839284663846016e+09
8.227692658725947695e-04 -1.947558647365617901e+00 -2.140563489565753486e+00 7.063677756142636001e-11 -6.886791485191703366e+00 1.648839284667682886e+09
8.162705236116455949e-04 -1.961192776254488068e+00 -2.164312115252547741e+00 1.929749223091356557e-12 -1.719798968457144639e+00 1.648839284670581579e+09
8.405496521046743009e-04 -1.935586047107843433e+00 -2.194162204434657149e+00 8.266976271769016599e-15 -3.741235394702304262e+00 1.648839284676225185e+09
8.341378791177678264e-04 -1.935774465233157438e+00 -2.283506695699227151e+00 4.304445321948192691e-08 -4.648057729895407775e+00 1.648839284676773071e+09
8.349796350581338089e-04 -1.935175812410204976e+00 -2.144268217309364566e+00 3.759509844187030166e-12 -3.381720941444183559e+00 1.648839284677425623e+09
8.232587495322132029e-04 -1.957389292204680942e+00 -2.182571098656801212e+00 4.007876064444926908e-08 -3.309147394926596597e+00 1.648839284678311586e+09
8.187736159295112403e-04 -1.954497314998997703e+00 -2.134455622196947289e+00 3.260553756039691827e-14 -4.933468703772275532e+00 1.648839284685448170e+09
8.396981443821960279e-04 -1.934163504864567562e+00 -2.281764371636237243e+00 4.093023322676690041e-15 -7.331494976582090040e+00 1.648839284685559273e+09
8.168758044256412259e-04 -1.957257312203977140e+00 -2.172761422272945442e+00 1.200108241452933335e-07 -1.537775599947901028e+00 1.648839284686475992e+09
8.374855487424963298e-04 -1.943309287047007450e+00 -2.237995442815022162e+00 4.988018023757163713e-09 -7.127796063336495180e+00 1.648839284687064409e+09
8.370214985760867418e-04 -1.941017230314634912e+00 -2.244941148285536592e+00 3.457867138801176463e-07 -2.685131607478749238e+00 1.648839284693453550e+09
8.186184557154734020e-04 -1.953256698321173213e+00 -2.165978928155082084e+00 2.964042663037401919e-12 -2.505706711864723601e-01 1.648839284697213888e+09
8.261142321367947843e-04 -1.951900339565227238e+00 -2.258238259609369969e+00 1.215675028163423317e-15 -5.549909526544000826e+00 1.648839284698137760e+09
8.261343052335767649e-04 -1.947077531710259324e+00 -2.275451921656158838e+00 9.823228122445549609e-12 -4.142327000865803299e+00 1.648839284700144529e+09
8.257555603252490469e-04 -1.954883134067070038e+00 -2.186796179288602815e+00 9.199481858001098195e-07 -1.864379530546063535e+00 1.648839284700486660e+09
8.376354280192707278e-04 -1.934828438149680530e+00 -2.296598251910421329e+00 1.251123764387559373e-15 -4.627080799059554828e+00 1.648839284702034950e+09
8.377151440505064932e-04 -1.934934623975986367e+00 -2.296628375011607215e+00 3.451482057977933474e-13 -5.007055845319536402e+00 1.648839284708340645e+09
8.196783145158440410e-04 -1.952201606317605087e+00 -2.188739942065228927e+00 1.617074727725598517e-09 -2.222237535655518847e+00 1.648839284712009192e+09
8.365394087958891427e-04 -1.932085022066409641e+00 -2.241634102481085300e+00 1.765866760155252122e-11 -4.763889874177980488e+00 1.648839284712719440e+09
8.290881692390519864e-04 -1.944147088496599896e+00 -2.294388936228849207e+00 6.585392416671160680e-12 -3.054859942094312331e-01 1.648839284715430021e+09
8.224404611448347946e-04 -1.951758503612287754e+00 -2.246381740012813655e+00 2.607383756057424125e-12 -7.719561740463146471e+00 1.648839284716483593e+09
8.420119190054595540e-04 -1.929783564467938639e+00 -2.240480272131857298e+00 1.147485578884325309e-11 -3.725309476839177236e+00 1.648839284719482422e+09
8.246002770219474677e-04 -1.946379783018209464e+00 -2.271685547722369414e+00 1.308566558617335905e-09 -7.584643238026636425e+00 1.648839284719559908e+09
8.291441962424001260e-04 -1.939503175501407828e+00 -2.227458303089208780e+00 1.226720083695835195e-11 -7.090980717538339029e+00 1.648839284721971750e+09
8.335020339813912311e-04 -1.941601236425953170e+00 -2.303903985669261356e+00 7.228291432925305405e-08 -2.508219799935834438e+00 1.648839284722007275e+09
8.335020339813912311e-04 -1.941601236425953170e+00 -2.303903985669261356e+00 7.228291432925305405e-08 -2.508219799935834438e+00 1.648839284722007275e+09
8.418919437539692813e-04 -1.931517984333722238e+00 -2.248412070474903768e+00 8.914372605846081713e-08 -3.096519332262683832e+00 1.648839284722479105e+09
8.418919437539692813e-04 -1.931517984333722238e+00 -2.248412070474903768e+00 8.914372605846081713e-08 -3.096519332262683832e+00 1.648839284722479105e+09
8.407726862444029302e-04 -1.928994281939712785e+00 -2.221638339780471760e+00 2.998929571416468786e-11 -5.384017627764084324e+00 1.648839284723109961e+09
8.407726862444029302e-04 -1.928994281939712785e+00 -2.221638339780471760e+00 2.998929571416468786e-11 -5.384017627764084324e+00 1.648839284723109961e+09
8.342167429297681980e-04 -1.933789670928406590e+00 -2.223196399098430032e+00 2.291206471121152878e-12 -2.185982238485051354e+00 1.648839284723817825e+09
8.419205996520499283e-04 -1.929134763212466464e+00 -2.234172817237981779e+00 2.832410489667472871e-08 -4.028174358185363957e+00 1.648839284724532843e+09
8.377743343641007572e-04 -1.938901277530176603e+00 -2.161431303616698330e+00 1.318398307973373787e-07 -3.381241832359411781e+00 1.648839284724802256e+09
8.265013260354046138e-04 -1.954063928155027829e+00 -2.197275252471254881e+00 3.702730783818410183e-11 -2.881220086499549637e+00 1.648839284727930784e+09
8.353655406384412644e-04 -1.938136220735039217e+00 -2.306587518137289905e+00 1.426139784881999148e-11 -7.691782292615996219e+00 1.648839284729638100e+09
8.291828569553595695e-04 -1.943650692187885332e+00 -2.292429342292224614e+00 2.591170512391723007e-14 -3.953759372002866535e+00 1.648839284733605862e+09
8.399056226959664617e-04 -1.936642042038380085e+00 -2.236837638033407849e+00 2.725325742002828017e-14 -6.661739909886065014e+00 1.648839284733831406e+09
8.291028994325593199e-04 -1.951435767396737742e+00 -2.184902610983555427e+00 1.755195156337875847e-10 -2.528214261483316960e+00 1.648839284735997677e+09
8.283859552483172463e-04 -1.949491497811759011e+00 -2.273111062250622982e+00 3.671631692790672827e-09 -5.421610783936191780e+00 1.648839284742018223e+09
8.233641334196931940e-04 -1.946266348758374232e+00 -2.187388678499675887e+00 1.877627598655370318e-14 -5.623151728863874155e+00 1.648839284742148638e+09
8.256359213195464978e-04 -1.944246266708016480e+00 -2.139121488541546157e+00 1.491598786012953555e-13 -2.813823747237107042e+00 1.648839284743261814e+09
8.316537288260267800e-04 -1.947914821319244982e+00 -2.235390000225487395e+00 5.916221743301365675e-11 -7.236599966920796767e+00 1.648839284745028734e+09
8.347420729447465682e-04 -1.936629522786064816e+00 -2.294776567832605529e+00 4.921367904146290474e-08 -2.650966426740846593e+00 1.648839284745889187e+09
8.260486437821593260e-04 -1.952763113657789207e+00 -2.138300478735216448e+00 5.825906543398914525e-14 -2.609918699295944222e+00 1.648839284746657848e+09
8.352291129438485506e-04 -1.932835352710068344e+00 -2.179847774497545743e+00 6.569995977197331307e-14 -7.227614735956224834e-01 1.648839284747726679e+09
8.373980680040763770e-04 -1.938428762239918335e+00 -2.154243656581970257e+00 3.486855515840366306e-14 -3.539883597765473233e+00 1.648839284748092651e+09
8.246354441562936616e-04 -1.944390766577174467e+00 -2.154236005523733954e+00 3.046606592927308536e-10 -7.022867869572557709e+00 1.648839284750098467e+09
8.290585063135960057e-04 -1.938962693381738767e+00 -2.175930873088646411e+00 3.650480226818221080e-13 -6.373969676378306026e+00 1.648839284750826836e+09
8.290279013018357667e-04 -1.939304794674516774e+00 -2.157499780042198889e+00 1.556963933038004601e-11 -7.769285295549049231e+00 1.648839284751144409e+09
8.379059323831404300e-04 -1.930519819377642277e+00 -2.210883092117778226e+00 3.187522531986541812e-13 -3.932094835463447069e+00 1.648839284752937794e+09
8.373309972080343090e-04 -1.934139167749623356e+00 -2.288843151409849064e+00 2.778551479972433343e-07 -1.456838009879689366e+00 1.648839284753168583e+09
8.343868383939685111e-04 -1.938175890660386314e+00 -2.303877658760668634e+00 4.415870632478228313e-13 -2.221949296248937777e+00 1.648839284755989552e+09
8.256131533690621313e-04 -1.944401233222238234e+00 -2.229588961569256789e+00 2.878561053728352372e-09 -3.031705650066502500e+00 1.648839284757147312e+09
8.410500721225529176e-04 -1.930690463953523395e+00 -2.258069668628777116e+00 2.490008231214884000e-13 -7.007487656815151844e+00 1.648839284758495808e+09
8.410500721225529176e-04 -1.930690463953523395e+00 -2.258069668628777116e+00 2.490008231214884000e-13 -7.007487656815151844e+00 1.648839284758495808e+09
8.371060117703459872e-04 -1.932909912326528756e+00 -2.270851367994395353e+00 1.854654315987818406e-12 -2.371844321345578877e+00 1.648839284766360283e+09
8.265683451306933029e-04 -1.946620079360416256e+00 -2.276764993917021140e+00 1.668625222599506312e-12 -5.327035024389917162e+00 1.648839284768193960e+09
8.259781553483160239e-04 -1.954574120138938165e+00 -2.165126409461602730e+00 2.540976187862156942e-13 -2.433116035231395635e+00 1.648839284769252062e+09
8.390198288464629107e-04 -1.930678616157356364e+00 -2.250463474410770992e+00 1.319147702658182712e-14 -5.402207029851192388e+00 1.648839284772148609e+09
8.248712607940688734e-04 -1.944493584118373253e+00 -2.201538562293801071e+00 8.151552131286058041e-10 -8.759228878759781622e-01 1.648839284772316933e+09
8.393072883796485768e-04 -1.937709948932026194e+00 -2.252567330931942280e+00 1.078454755832799210e-06 -3.613127194008383114e-01 1.648839284772781849e+09
8.394077255554915776e-04 -1.934272569084091398e+00 -2.172527298346002667e+00 6.745685470025252250e-07 -3.303613141995509928e+00 1.648839284775872707e+09
8.215919979740062646e-04 -1.958682125676665775e+00 -2.172033575046051546e+00 2.136614242502826779e-11 -1.871918429536698625e-01 1.648839284777546406e+09
8.210245795691685413e-04 -1.951175301367904069e+00 -2.212032492373281034e+00 1.519060640089039460e-09 -2.634069537180519838e+00 1.648839284778654575e+09
8.380020194682849663e-04 -1.938810609399845841e+00 -2.169052497233484367e+00 4.263989745603246015e-15 -4.249808301840692693e+00 1.648839284781771183e+09
8.437128004763389021e-04 -1.931827655285910383e+00 -2.242047136678673169e+00 1.154901523430432111e-09 -7.619320569363689621e+00 1.648839284782316923e+09
8.319274431734895430e-04 -1.939137365957121162e+00 -2.134240974640873478e+00 8.781980894365505571e-15 -2.889368905933261011e+00 1.648839284782968283e+09
8.398375919390606639e-04 -1.933925689625118238e+00 -2.276746337609597770e+00 2.823072513616906957e-10 -4.586495214481367988e+00 1.648839284783052921e+09
8.249158644573111390e-04 -1.954212390068935878e+00 -2.231799027214475650e+00 1.175157284633643652e-14 -4.365160574168988283e+00 1.648839284785437107e+09
8.397896412369064206e-04 -1.935888347845931001e+00 -2.176252820566873414e+00 4.110572531491886184e-08 -7.722120150147206985e-01 1.648839284791472912e+09
8.180787723203390531e-04 -1.960869176846982143e+00 -2.162134543095532990e+00 1.416359693307244500e-14 -5.112657949027217263e+00 1.648839284792287111e+09
8.205982895329764441e-04 -1.959428692183416310e+00 -2.182032066094986789e+00 2.677455395303654318e-10 -6.959839558366699208e+00 1.648839284795072317e+09
8.417580826520006543e-04 -1.930314225578246168e+00 -2.186352243722661015e+00 5.966577584679820287e-10 -6.412038549545980182e+00 1.648839284804525614e+09
8.249795779269177920e-04 -1.946306694270578008e+00 -2.244116121660973295e+00 3.424553038441373664e-12 -1.329837990964139571e+00 1.648839284809982061e+09
8.308941880153087158e-04 -1.947065116840475785e+00 -2.269841812865522446e+00 1.075514071874205612e-11 -2.309196975495159343e+00 1.648839284810548306e+09
8.300618490655680640e-04 -1.939475342231996580e+00 -2.253037661280639092e+00 6.102027412595172341e-13 -3.473842009290620148e+00 1.648839284810731888e+09
8.226966082848302057e-04 -1.947324005338361808e+00 -2.183751205962081166e+00 4.631836602248828910e-07 -1.030120963305588333e+00 1.648839284811240673e+09
8.210968261001654880e-04 -1.952523950828814359e+00 -2.226163906532071302e+00 1.394505876322369712e-14 -1.651347118115072732e+00 1.648839284812701941e+09
8.384149596104761501e-04 -1.933631782278556033e+00 -2.285841587304116018e+00 9.401213499668695268e-12 -5.830880323760044170e+00 1.648839284812737465e+09
8.384149596104761501e-04 -1.933631782278556033e+00 -2.285841587304116018e+00 9.401213499668695268e-12 -5.830880323760044170e+00 1.648839284812737465e+09
8.281850782165359496e-04 -1.946882143196421389e+00 -2.126359918871488563e+00 5.532787980115380461e-15 -4.610303396134188603e+00 1.648839284813256264e+09
8.281850782165359496e-04 -1.946882143196421389e+00 -2.126359918871488563e+00 5.532787980115380461e-15 -4.610303396134188603e+00 1.648839284813256264e+09
8.348396101529416066e-04 -1.938083798769661970e+00 -2.303090294699027485e+00 6.994759735834119663e-13 -6.254073523497497789e+00 1.648839284814154387e+09
8.417734210821943737e-04 -1.929270440712119727e+00 -2.207855860879370358e+00 1.072207938044645500e-08 -9.009825083775639953e-01 1.648839284814259052e+09
8.391961976402991527e-04 -1.937080854611237912e+00 -2.177332260425610677e+00 6.421356256254456268e-11 -4.080652597992727948e+00 1.648839284818709850e+09
8.391527657156706843e-04 -1.930040688530895610e+00 -2.191046210099551139e+00 6.076290812756777194e-13 -5.034615537446036626e-01 1.648839284819318295e+09
8.391527657156706843e-04 -1.930040688530895610e+00 -2.191046210099551139e+00 6.076290812756777194e-13 -5.034615537446036626e-01 1.648839284819318295e+09
8.262996404346555687e-04 -1.944076991216268979e+00 -2.135154905116368074e+00 1.222134885302457386e-14 -2.339805455998029693e+00 1.648839284819490910e+09
8.262996404346555687e-04 -1.944076991216268979e+00 -2.135154905116368074e+00 1.222134885302457386e-14 -2.339805455998029693e+00 1.648839284819490910e+09
8.307812643046185016e-04 -1.943084851884840702e+00 -2.300107854647003514e+00 7.470155834260835411e-13 -2.156549790728498728e+00 1.648839284820349455e+09
8.336758926862328526e-04 -1.934511339608693481e+00 -2.169660443140422057e+00 9.852964467893923424e-10 -1.003452013369927620e+00 1.648839284821127653e+09
8.336758926862328526e-04 -1.934511339608693481e+00 -2.169660443140422057e+00 9.852964467893923424e-10 -1.003452013369927620e+00 1.648839284821127653e+09
8.222055598947522036e-04 -1.949748266821513587e+00 -2.222569803055335136e+00 2.285480530073138250e-12 -2.514208330482393450e+00 1.648839284823619843e+09
8.394875256473150436e-04 -1.938451306412452446e+00 -2.220381189161505731e+00 2.334549877409483167e-09 -6.552953377722241513e+00 1.648839284824552774e+09
8.175475833520781882e-04 -1.960932557196686021e+00 -2.161527501639236792e+00 6.387468744333424063e-11 -4.839683004155858725e+00 1.648839284829612494e+09
8.364625238314438811e-04 -1.931994056677518667e+00 -2.222362183368435939e+00 2.120547802721369085e-06 -9.212341668962338304e-01 1.648839284830207109e+09
8.364625238314438811e-04 -1.931994056677518667e+00 -2.222362183368435939e+00 2.120547802721369085e-06 -9.212341668962338304e-01 1.648839284830207109e+09
8.304271119024862020e-04 -1.948436558012417219e+00 -2.251494394696169188e+00 2.449061721913409821e-09 -3.099170258931771116e+00 1.648839284835132122e+09
8.426826215388957429e-04 -1.928265848867779075e+00 -2.218490972513095905e+00 8.036609445109214653e-10 -7.097667261615265843e+00 1.648839284835907459e+09
8.406103267658271688e-04 -1.929714185178548647e+00 -2.220036781577569229e+00 4.667209272968212168e-07 -2.430431785646588239e+00 1.648839284837901354e+09
8.286506775083562776e-04 -1.939632251236273142e+00 -2.195601760848706174e+00 2.564212539704584143e-07 -1.111351119396014830e+00 1.648839284853277445e+09
8.384628203299558701e-04 -1.938791156073390143e+00 -2.236387102525505988e+00 2.147975061384921476e-11 -2.737145150658921722e+00 1.648839284856761217e+09
8.360152241391643254e-04 -1.939753601122080617e+00 -2.147912743081921594e+00 6.089255750008454263e-11 -2.954021959898661898e+00 1.648839284857908726e+09
8.296586430563436792e-04 -1.939371093463814422e+00 -2.147206918660231612e+00 6.069057088597741703e-10 -2.067338953063488916e+00 1.648839284858777046e+09
8.444618371449024623e-04 -1.927660725988281643e+00 -2.233713569482401962e+00 1.494717254795960287e-08 -6.611288308898511268e+00 1.648839284860702038e+09
8.374405508122786598e-04 -1.940468751178612505e+00 -2.230312340838020102e+00 2.132407356361135842e-11 -6.351660158664369504e+00 1.648839284861689806e+09
8.264037897275709581e-04 -1.953297778060859358e+00 -2.223193652394172659e+00 3.500699493296286070e-11 -2.527404711578089547e-01 1.648839284863294363e+09
8.264037897275709581e-04 -1.953297778060859358e+00 -2.223193652394172659e+00 3.500699493296286070e-11 -2.527404711578089547e-01 1.648839284863294363e+09
8.349222801911673460e-04 -1.939635859135201201e+00 -2.301497835501307154e+00 1.315442712891909517e-07 -3.325082575623059533e+00 1.648839284864241123e+09
8.351306495138924400e-04 -1.936285181323575966e+00 -2.141614448817857230e+00 6.393092417139019872e-13 -4.701986832884488265e+00 1.648839284864360094e+09
8.190224900839987530e-04 -1.953500538042129753e+00 -2.142522717170745938e+00 3.421512546540682298e-13 -5.052319547886265916e+00 1.648839284865191460e+09
8.381615321523628931e-04 -1.937445473592829703e+00 -2.274969343477607708e+00 2.930869058086195419e-10 -2.296378357374507573e+00 1.648839284866839647e+09
8.364272037795535001e-04 -1.941630615200062193e+00 -2.176471667465342819e+00 1.388877012962514839e-08 -1.529157195927607127e+00 1.648839284878596306e+09
8.347043565193195151e-04 -1.944425386430392200e+00 -2.298131370592336964e+00 1.249689154815845476e-08 -6.481001704744832281e+00 1.648839284879674911e+09
8.347043565193195151e-04 -1.944425386430392200e+00 -2.298131370592336964e+00 1.249689154815845476e-08 -6.481001704744832281e+00 1.648839284879674911e+09
8.344291032034059207e-04 -1.935094590366139400e+00 -2.277130327244664798e+00 4.562253011873469630e-08 -5.213020582965936178e+00 1.648839284880467653e+09
8.356957248972071619e-04 -1.941520045138580342e+00 -2.267769414275304207e+00 1.042859220257390376e-14 -6.315279329477660575e+00 1.648839284882518768e+09
8.378172611753910252e-04 -1.931047270648144298e+00 -2.229443855891687587e+00 1.597114840301134066e-12 -3.990433110341426115e+00 1.648839284889220953e+09
8.410422777469512678e-04 -1.934352813306814189e+00 -2.223972038245060290e+00 2.014070876433359073e-13 -7.764816458406828659e+00 1.648839284890814543e+09
8.405628673989225383e-04 -1.931362337969856124e+00 -2.175680786739680794e+00 5.178131999695095504e-13 -3.988046730828734177e+00 1.648839284893491745e+09
8.319340675946467790e-04 -1.937362540772640251e+00 -2.146803662292845249e+00 1.181671483678105445e-15 -6.751491403639331423e-01 1.648839284894477844e+09
8.274986877951579292e-04 -1.944323794522301307e+00 -2.269324877572050703e+00 1.544971704267195166e-13 -1.049059164735944627e+00 1.648839284894848347e+09
8.292954376120113737e-04 -1.949634320961244560e+00 -2.247312620678478368e+00 2.001715283186688965e-10 -1.210865027440739539e+00 1.648839284897860765e+09
8.361646192978047960e-04 -1.937621572761716759e+00 -2.297945050618758422e+00 8.108106612342011025e-15 -6.281341116688210491e-03 1.648839284898845673e+09
8.410349670213587659e-04 -1.929475821333849428e+00 -2.202353604749401228e+00 1.705448194422755176e-11 -1.283098567948141699e+00 1.648839284900053740e+09
8.362992098635199916e-04 -1.937055354412597463e+00 -2.297644577225261386e+00 7.234681553894598100e-09 -3.243079138137194839e+00 1.648839284900889158e+09
8.388640042371414913e-04 -1.930999201051866176e+00 -2.248867424486347577e+00 2.960070060216050449e-15 -1.267618283392441647e+00 1.648839284909373760e+09
8.313422363644568666e-04 -1.937920775952487240e+00 -2.249743820089103341e+00 1.243974099428167417e-09 -4.543378774768943806e+00 1.648839284910159588e+09
8.191528322229729014e-04 -1.956971598281483704e+00 -2.132624266127032264e+00 1.548410813404961164e-12 -6.975672366776565880e+00 1.648839284910837889e+09
8.234220121403986901e-04 -1.951158754574288334e+00 -2.125496980044987438e+00 3.973989201319878224e-14 -2.362486779888207877e+00 1.648839284913674116e+09
8.404155680585935007e-04 -1.935366620730359921e+00 -2.233601572126488577e+00 7.231051575629220723e-14 -9.404281062102315403e-01 1.648839284914737225e+09
8.302525298700086202e-04 -1.940970475496814007e+00 -2.277403462235359388e+00 1.215049004383188075e-07 -1.808697071967470649e+00 1.648839284916903257e+09
8.232383892059785433e-04 -1.947120183079454003e+00 -2.201945987768102686e+00 1.567671357510428784e-15 -1.831652319342294888e+00 1.648839284919540882e+09
8.393412726942577583e-04 -1.936541426916747577e+00 -2.177281049141615021e+00 6.200588755316204193e-12 -5.592985210244284744e+00 1.648839284922001600e+09
8.393412726942577583e-04 -1.936541426916747577e+00 -2.177281049141615021e+00 6.200588755316204193e-12 -5.592985210244284744e+00 1.648839284922001600e+09
8.384746332178849961e-04 -1.935635893292372955e+00 -2.282854860514413886e+00 3.334931985539323666e-15 -1.517299832564006579e+00 1.648839284922634125e+09
8.371959938777938631e-04 -1.934747071208910540e+00 -2.285102502519731793e+00 2.460491862124804597e-07 -3.652492207572828775e+00 1.648839284926261663e+09
8.371959938777938631e-04 -1.934747071208910540e+00 -2.285102502519731793e+00 2.460491862124804597e-07 -3.652492207572828775e+00 1.648839284926261663e+09
8.220982060888755135e-04 -1.948928040477106549e+00 -2.141201987107339999e+00 1.277554271722054069e-11 -3.629285281982357780e+00 1.648839284929564714e+09
8.345485810657519987e-04 -1.943097216908823199e+00 -2.154944448747508456e+00 2.229812788733198017e-12 -5.331519477391459816e-01 1.648839284930006027e+09
8.343163894633788503e-04 -1.942092222036794880e+00 -2.144702614383734662e+00 6.989638997908639050e-08 -2.559976687409353246e+00 1.648839284930320501e+09
8.363914253496229504e-04 -1.932894412994598188e+00 -2.251243804048594921e+00 1.410762840359290960e-13 -5.219359109769126093e+00 1.648839284931856632e+09
8.363914253496229504e-04 -1.932894412994598188e+00 -2.251243804048594921e+00 1.410762840359290960e-13 -5.219359109769126093e+00 1.648839284931856632e+09
8.232662466616521646e-04 -1.947142702828856153e+00 -2.143644687682561667e+00 3.391571814788866283e-11 -4.977250790930974667e+00 1.648839284935567617e+09
8.264859897891158611e-04 -1.942398292241563018e+00 -2.195370721563841609e+00 2.170991708913197392e-13 -4.986567214760657230e+00 1.648839284935858727e+09
8.264859897891158611e-04 -1.942398292241563018e+00 -2.195370721563841609e+00 2.170991708913197392e-13 -4.986567214760657230e+00 1.648839284935858727e+09
8.220478302802226248e-04 -1.951563628130717820e+00 -2.233398458221595106e+00 1.192118224514720800e-12 -7.753459501943042120e+00 1.648839284939494371e+09
8.311901786816301360e-04 -1.937853104538581395e+00 -2.242250053629252449e+00 4.935601793052023607e-15 -3.509125982601138283e+00 1.648839284939849854e+09
8.250442710564736366e-04 -1.954962977797970014e+00 -2.204339065930916775e+00 8.576469394627978343e-15 -4.598416086135921788e+00 1.648839284940397263e+09
8.250442710564736366e-04 -1.954962977797970014e+00 -2.204339065930916775e+00 8.576469394627978343e-15 -4.598416086135921788e+00 1.648839284940397263e+09
8.196033955917782134e-04 -1.958860932423313272e+00 -2.192393515451072972e+00 1.033147974216016035e-13 -2.564348215827685351e-01 1.648839284941448927e+09
8.330658111851104233e-04 -1.935160171579362931e+00 -2.246396167495773533e+00 7.799821869552984683e-10 -7.388973784554003110e+00 1.648839284942042351e+09
8.375672196241614126e-04 -1.933443138657452431e+00 -2.188102676894467802e+00 8.968861305649343649e-07 -3.091873705957851826e+00 1.648839284944416761e+09
8.314027094204886822e-04 -1.936670017691987100e+00 -2.203120177384298106e+00 8.069745390097622515e-14 -2.482281924744577317e+00 1.648839284944848061e+09
8.170437630550683944e-04 -1.960416917826391492e+00 -2.156352856988555722e+00 3.781264790984691365e-14 -2.449230986200404026e+00 1.648839284955670595e+09
8.170437630550683944e-04 -1.960416917826391492e+00 -2.156352856988555722e+00 3.781264790984691365e-14 -2.449230986200404026e+00 1.648839284955670595e+09
8.346061279516870041e-04 -1.942142289459222404e+00 -2.278218931995294572e+00 2.904732558366587434e-11 -1.713242739458886277e+00 1.648839284958564281e+09
8.346061279516870041e-04 -1.942142289459222404e+00 -2.278218931995294572e+00 2.904732558366587434e-11 -1.713242739458886277e+00 1.648839284958564281e+09
8.290930894893870770e-04 -1.939185876492028671e+00 -2.174563680131857524e+00 1.734697230886111401e-13 -3.312050670541259123e+00 1.648839284958648920e+09
8.235388285818539145e-04 -1.946225941820220795e+00 -2.182321018792820588e+00 6.886165085794144683e-13 -2.352487575563840139e+00 1.648839284963254690e+09
8.235388285818539145e-04 -1.946225941820220795e+00 -2.182321018792820588e+00 6.886165085794144683e-13 -2.352487575563840139e+00 1.648839284963254690e+09
8.403320559916984235e-04 -1.933285508615366632e+00 -2.194764972059540575e+00 2.269947614639684994e-06 -1.799390471142110037e+00 1.648839284964887619e+09
8.363012135540223539e-04 -1.938838373094143197e+00 -2.148086061752053855e+00 2.324764688511904106e-14 -7.400802974362907349e+00 1.648839284965987444e+09
8.419331816689072439e-04 -1.931210508462117614e+00 -2.210746473091112385e+00 9.850866393253689057e-09 -1.549743952975205730e+00 1.648839284968322039e+09
8.404195823047659478e-04 -1.935478055485516657e+00 -2.219219008497439027e+00 3.407539821957912319e-15 -2.589143531635995643e-01 1.648839284970244646e+09
8.417282127652175828e-04 -1.930491950993597383e+00 -2.231067064323976279e+00 3.444749586609013796e-12 -5.710965855544634096e-01 1.648839284971498728e+09
8.417282127652175828e-04 -1.930491950993597383e+00 -2.231067064323976279e+00 3.444749586609013796e-12 -5.710965855544634096e-01 1.648839284971498728e+09
8.251507671537452321e-04 -1.944403224038373734e+00 -2.146304175678415582e+00 2.097851269249272507e-10 -7.266691960118849991e+00 1.648839284972408533e+09
8.369109947620605476e-04 -1.939907951524931340e+00 -2.262635469425296808e+00 1.429843136067894984e-13 -3.754654822719047047e+00 1.648839284972631454e+09
8.295522335213333489e-04 -1.939262073989085788e+00 -2.224715240543096328e+00 5.148524510406667525e-15 -4.927200774736549604e+00 1.648839284972696543e+09
8.295522335213333489e-04 -1.939262073989085788e+00 -2.224715240543096328e+00 5.148524510406667525e-15 -4.927200774736549604e+00 1.648839284972696543e+09
8.374215755867751593e-04 -1.933123327999972885e+00 -2.157619386165364972e+00 1.494321961580882019e-11 -7.292283403943158326e+00 1.648839284975347519e+09
8.252339909415188149e-04 -1.948276297996953010e+00 -2.262183963438426204e+00 2.413505207210979239e-12 -2.781777077478598592e+00 1.648839284977108240e+09
8.252339909415188149e-04 -1.948276297996953010e+00 -2.262183963438426204e+00 2.413505207210979239e-12 -2.781777077478598592e+00 1.648839284977108240e+09
8.381020814851821744e-04 -1.936608099494941504e+00 -2.156909723693189562e+00 1.898677597288215544e-08 -3.493030919692523995e+00 1.648839284978168011e+09
8.395436653691145095e-04 -1.930334549222410878e+00 -2.265602155761441860e+00 1.058670044226739858e-08 -5.896289789624006517e+00 1.648839284978550911e+09
8.321455718730890946e-04 -1.941466398805397731e+00 -2.298499718385798030e+00 3.419084459139095458e-12 -3.705968662131278180e+00 1.648839284979851484e+09
8.379162468118097782e-04 -1.939679006867959243e+00 -2.195842158421572599e+00 3.468236258759030450e-09 -3.433324343267124767e+00 1.648839284980284452e+09
8.379162468118097782e-04 -1.939679006867959243e+00 -2.195842158421572599e+00 3.468236258759030450e-09 -3.433324343267124767e+00 1.648839284980284452e+09
8.304231925727469750e-04 -1.942654216598021844e+00 -2.292125849536145843e+00 1.660612455158458382e-10 -3.719454717904540075e+00 1.648839284981487751e+09
8.281682215695795272e-04 -1.948160785522720095e+00 -2.277209186483160064e+00 2.707849346784401089e-11 -1.584005543539222849e+00 1.648839284984125614e+09
8.290668304717027388e-04 -1.939225002651323582e+00 -2.174787180820378474e+00 5.027895413598325003e-09 -4.502464639830653148e+00 1.648839284984755278e+09
8.256835852958108570e-04 -1.949824892676831567e+00 -2.267013036604114795e+00 2.507229870838591665e-14 -3.311384427805734276e+00 1.648839284992155552e+09
8.370881909830212193e-04 -1.939228780609136393e+00 -2.269045746476766823e+00 1.859930512766004499e-09 -1.312715205983881361e+00 1.648839284996098042e+09
8.259352622386623979e-04 -1.942992122202833460e+00 -2.171453632864837502e+00 1.026621691398069095e-11 -1.299376618942552852e+00 1.648839284998213053e+09
8.259352622386623979e-04 -1.942992122202833460e+00 -2.171453632864837502e+00 1.026621691398069095e-11 -1.299376618942552852e+00 1.648839284998213053e+09
8.408478289326703700e-04 -1.931150339766674717e+00 -2.250286865587096674e+00 1.836696656475569582e-07 -1.375316772997624781e+00 1.648839284998785973e+09
8.249025253097052104e-04 -1.944444670725504976e+00 -2.185901472566785131e+00 2.523556426465025984e-13 -7.294714019001308003e+00 1.648839285005974770e+09
8.397222448356830805e-04 -1.934877127983266831e+00 -2.172560824327931961e+00 2.006814513999103314e-10 -1.354837929349779202e-01 1.648839285008204699e+09
8.236743040015812208e-04 -1.947240450034188886e+00 -2.217901475913536924e+00 9.166065773602283664e-08 -3.674148864142683379e-01 1.648839285014429808e+09
8.264074880586028951e-04 -1.944767006127577025e+00 -2.249363350759866709e+00 7.606403336460372850e-14 -2.556711077453210024e+00 1.648839285015514612e+09
8.205587120022578111e-04 -1.952377969587201223e+00 -2.207137076878414206e+00 6.477740004264542040e-14 -1.499099456638527172e+00 1.648839285015795946e+09
8.295197244056358703e-04 -1.946156330358959075e+00 -2.285818388318853867e+00 2.430811574499336433e-14 -7.674714351840088433e+00 1.648839285017915726e+09
8.361407994606208328e-04 -1.941295644147770894e+00 -2.254168349593411502e+00 1.172689354929344009e-13 -2.834570799953825215e+00 1.648839285019080639e+09
8.361407994606208328e-04 -1.941295644147770894e+00 -2.254168349593411502e+00 1.172689354929344009e-13 -2.834570799953825215e+00 1.648839285019080639e+09
8.291183509315889089e-04 -1.951116093920693295e+00 -2.192707271366829413e+00 2.010953186604784146e-09 -4.945291430521125520e+00 1.648839285019126892e+09
8.307775229274179385e-04 -1.938280951354472759e+00 -2.237455344260076640e+00 3.443074717105121173e-14 -2.325727593621817135e+00 1.648839285022015333e+09
8.246296546009823690e-04 -1.950531828194910222e+00 -2.259000504593912773e+00 2.909735404916495468e-14 -3.408537084412206930e+00 1.648839285023275852e+09
8.343245899968229932e-04 -1.934203376414618258e+00 -2.171104676378539988e+00 9.415404447683362546e-12 -1.730511407573521510e+00 1.648839285026124239e+09
8.265791273491724690e-04 -1.943744971459119508e+00 -2.236342385542640976e+00 4.507273026840327118e-15 -3.818975304531297077e+00 1.648839285026304483e+09
8.252306280285708106e-04 -1.954494609636489022e+00 -2.225953314198310551e+00 2.635257477092079437e-09 -6.162154891489498354e+00 1.648839285027353048e+09
8.242447630917071376e-04 -1.951717283607143472e+00 -2.127802063846515157e+00 4.373062703638502247e-13 -7.360464386240454182e+00 1.648839285030013800e+09
8.321461479654190764e-04 -1.942700824810408289e+00 -2.297635920884619321e+00 4.216507131223611353e-10 -6.341542570432181947e+00 1.648839285031878948e+09
8.264810364996802352e-04 -1.946830995427651034e+00 -2.126840252373837892e+00 1.710339357209381209e-08 -3.219192332723703309e+00 1.648839285032350302e+09
8.264810364996802352e-04 -1.946830995427651034e+00 -2.126840252373837892e+00 1.710339357209381209e-08 -3.219192332723703309e+00 1.648839285032350302e+09
8.311634991963203455e-04 -1.942155845079269305e+00 -2.293876628155484987e+00 4.778586199987564185e-13 -6.392052020750332630e+00 1.648839285036300659e+09
8.388189232181015404e-04 -1.937405363991977936e+00 -2.178911208373658148e+00 2.278093344805653760e-09 -1.073860027539743633e+00 1.648839285039477110e+09
8.187449287146980744e-04 -1.956359261696825946e+00 -2.196275891979295736e+00 2.049214152501296181e-10 -1.009674950614580347e+00 1.648839285040601015e+09
8.342011824341592687e-04 -1.943698738325464026e+00 -2.255963989349826448e+00 2.285304843214818642e-10 -4.245573142088164609e+00 1.648839285042863369e+09
8.302149163656592605e-04 -1.938815797272045227e+00 -2.232734347482133508e+00 1.028916683063776912e-13 -2.140234534770924846e+00 1.648839285043362141e+09
8.302149163656592605e-04 -1.938815797272045227e+00 -2.232734347482133508e+00 1.028916683063776912e-13 -2.140234534770924846e+00 1.648839285043362141e+09
8.319223121474950480e-04 -1.940160160704781367e+00 -2.289066325910372512e+00 6.120406783007809268e-15 -5.070536973389188518e+00 1.648839285044841766e+09
8.336241867316915646e-04 -1.934558183293016986e+00 -2.184941503899462401e+00 2.205580260482990926e-15 -2.718164678498147246e+00 1.648839285045159340e+09
8.318706678159737064e-04 -1.937329846452035653e+00 -2.244787937966394864e+00 8.541513233164417346e-15 -2.129833995225345333e+00 1.648839285046404123e+09
8.318706678159737064e-04 -1.937329846452035653e+00 -2.244787937966394864e+00 8.541513233164417346e-15 -2.129833995225345333e+00 1.648839285046404123e+09
8.364879353874850407e-04 -1.939333658446126041e+00 -2.278101874750650957e+00 1.449472441133862087e-10 -4.158294339148360663e+00 1.648839285050911427e+09
8.301159989814149275e-04 -1.942305770884324767e+00 -2.262727885781814052e+00 2.387607194314722466e-07 -4.568143463354296330e+00 1.648839285053292751e+09
8.246779756647069090e-04 -1.945519543388749772e+00 -2.211888282964236119e+00 1.457285012967717803e-09 -7.463119136790572483e-01 1.648839285060266018e+09
8.286064800475061555e-04 -1.948781555863349668e+00 -2.135965743204593981e+00 2.108701030934454363e-10 -6.175714490227948161e+00 1.648839285062841415e+09
8.286064800475061555e-04 -1.948781555863349668e+00 -2.135965743204593981e+00 2.108701030934454363e-10 -6.175714490227948161e+00 1.648839285062841415e+09
8.358387936547758941e-04 -1.935351564230543664e+00 -2.280903276286656567e+00 1.001622952384829813e-15 -2.908481696572836839e+00 1.648839285064875126e+09
8.303098266769639657e-04 -1.949538493583595322e+00 -2.207613061967872881e+00 3.177511673610008951e-14 -5.199833992126428939e+00 1.648839285068051815e+09
8.217036003538278656e-04 -1.957210171665300535e+00 -2.144686285270681836e+00 7.584630943655771187e-13 -2.860350971817243959e+00 1.648839285068161964e+09
8.217036003538278656e-04 -1.957210171665300535e+00 -2.144686285270681836e+00 7.584630943655771187e-13 -2.860350971817243959e+00 1.648839285068161964e+09
8.227230308702823810e-04 -1.956537621577051134e+00 -2.203782081426825190e+00 3.145616179279333246e-10 -3.135593130057394262e+00 1.648839285068827391e+09
8.384714144051500905e-04 -1.938753108781276602e+00 -2.209472036525790717e+00 3.225254879603017441e-08 -2.132647598987631454e+00 1.648839285068838835e+09
8.257067837141180691e-04 -1.948397402382757715e+00 -2.265419860171729916e+00 1.007379285181993372e-08 -1.260771961320089396e+00 1.648839285071530104e+09
8.374049833328817355e-04 -1.937751019301061195e+00 -2.278218491338121154e+00 2.710259159026872144e-09 -2.514417761514318173e+00 1.648839285071901321e+09
8.374049833328817355e-04 -1.937751019301061195e+00 -2.278218491338121154e+00 2.710259159026872144e-09 -2.514417761514318173e+00 1.648839285071901321e+09
8.273325462411647811e-04 -1.946456285882699033e+00 -2.276142631340482669e+00 2.152136687910300147e-09 -4.042082163056580413e+00 1.648839285074098349e+09
8.273325462411647811e-04 -1.946456285882699033e+00 -2.276142631340482669e+00 2.152136687910300147e-09 -4.042082163056580413e+00 1.648839285074098349e+09
8.210271544846617147e-04 -1.951767144821017208e+00 -2.209950776953947482e+00 8.747312727622771489e-14 -6.087349319564808070e+00 1.648839285074481487e+09
8.210271544846617147e-04 -1.951767144821017208e+00 -2.209950776953947482e+00 8.747312727622771489e-14 -6.087349319564808070e+00 1.648839285074481487e+09
8.315693516531625284e-04 -1.936599019243262720e+00 -2.195282445964763518e+00 1.320834058884061616e-10 -5.260027091012888789e-01 1.648839285074778080e+09
8.235995555841054685e-04 -1.950752127622438437e+00 -2.126700693087786753e+00 4.459981755274107232e-07 -1.034651984093645893e+00 1.648839285076469660e+09
8.206650322972697210e-04 -1.954516990560451584e+00 -2.129964533116566194e+00 6.793975628942994199e-11 -7.099464900298053216e+00 1.648839285079296589e+09
8.255688625206091284e-04 -1.944159672164751607e+00 -2.148069874269130430e+00 4.411108066837568186e-12 -5.284265234976190939e+00 1.648839285084135056e+09
8.378330762487685426e-04 -1.937881719931478841e+00 -2.163223992660518569e+00 1.130984688120593641e-13 -5.076819817115918454e+00 1.648839285085024118e+09
8.240495867643197331e-04 -1.945575109897303978e+00 -2.172967873870267130e+00 3.008671080895983218e-12 -3.280956270884337833e+00 1.648839285085301876e+09
8.256284377620463563e-04 -1.953212671567585712e+00 -2.231208213469032753e+00 1.385180139535868636e-12 -3.016999038533086264e+00 1.648839285085857391e+09
8.258135734010975480e-04 -1.943797808764276214e+00 -2.210106677545912390e+00 9.432703571590115232e-10 -5.666989500207742836e+00 1.648839285086869240e+09
8.258135734010975480e-04 -1.943797808764276214e+00 -2.210106677545912390e+00 9.432703571590115232e-10 -5.666989500207742836e+00 1.648839285086869240e+09
8.327133209314916762e-04 -1.935785032865894539e+00 -2.222583180822522042e+00 8.471912116472405810e-11 -4.803538167997482233e+00 1.648839285088923931e+09
8.375707363275395690e-04 -1.937449574717658551e+00 -2.156957792820407782e+00 9.782005331814416037e-13 -6.970134770618991560e+00 1.648839285093276262e+09
8.198211003278270837e-04 -1.952212607783510911e+00 -2.148516788890914242e+00 5.208344182114222501e-11 -6.603700521041269589e+00 1.648839285094282150e+09
8.266377260283071021e-04 -1.953380835776863611e+00 -2.162142532861607069e+00 2.214388223223058074e-13 -1.747557585104318356e+00 1.648839285094426870e+09
8.266377260283071021e-04 -1.953380835776863611e+00 -2.162142532861607069e+00 2.214388223223058074e-13 -1.747557585104318356e+00 1.648839285094426870e+09
8.360149341916272084e-04 -1.933444907878310470e+00 -2.249759486652821217e+00 6.162191858594110787e-12 -6.915680258891748977e+00 1.648839285095524549e+09
8.253353013071996341e-04 -1.946230638863832629e+00 -2.246455002107015986e+00 1.224009936320003587e-07 -4.489735120074637820e+00 1.648839285096579790e+09
8.309058461447114269e-04 -1.944782423106374170e+00 -2.311337271103554691e+00 7.740257203661059457e-09 -6.128600374249328908e+00 1.648839285098673582e+09
8.314355725257036554e-04 -1.941612329370752787e+00 -2.291809216230442647e+00 2.024224158971898083e-10 -4.303383070170617941e+00 1.648839285100270510e+09
8.314355725257036554e-04 -1.941612329370752787e+00 -2.291809216230442647e+00 2.024224158971898083e-10 -4.303383070170617941e+00 1.648839285100270510e+09
8.360105488996311379e-04 -1.934442964354063932e+00 -2.149081499786503535e+00 3.762519300154239545e-09 -5.875971063031081520e+00 1.648839285100952625e+09
8.204958209467899015e-04 -1.958099306051336308e+00 -2.194085204048267457e+00 8.563392203987712105e-13 -4.471646004426954590e-01 1.648839285105432987e+09
8.345375330908247347e-04 -1.942489022643700158e+00 -2.152240442262461251e+00 8.501515053993472576e-13 -5.800299771506146840e+00 1.648839285106431723e+09
8.205162265703656345e-04 -1.951131028687231872e+00 -2.180802441949523995e+00 1.249455564937707996e-15 -6.891521290131839450e+00 1.648839285109345675e+09
8.205162265703656345e-04 -1.951131028687231872e+00 -2.180802441949523995e+00 1.249455564937707996e-15 -6.891521290131839450e+00 1.648839285109345675e+09
8.217787019667691139e-04 -1.948995666400258342e+00 -2.153612317214717020e+00 1.343477992017324097e-13 -1.329114847736887484e-01 1.648839285109660864e+09
8.359123819942640898e-04 -1.935930778226248705e+00 -2.285240099608699893e+00 3.501891949606015702e-12 -5.347832622711612416e-01 1.648839285113640547e+09
8.370664262934939112e-04 -1.932045633819181374e+00 -2.180083554053783512e+00 3.580027090731768959e-14 -3.838078766698847843e+00 1.648839285114192486e+09
8.344327883772907194e-04 -1.934198731844121610e+00 -2.172564107592445115e+00 1.367166983616658602e-11 -5.666656016338980528e+00 1.648839285114713907e+09
8.260491062394058684e-04 -1.954153014100067143e+00 -2.194894622560723985e+00 2.063790835399075435e-07 -3.028969786506938711e+00 1.648839285117597580e+09
8.297689573383709456e-04 -1.943562765167608397e+00 -2.288367331274874239e+00 2.999269375735505918e-07 -1.978525312046777174e-01 1.648839285129310369e+09
8.297689573383709456e-04 -1.943562765167608397e+00 -2.288367331274874239e+00 2.999269375735505918e-07 -1.978525312046777174e-01 1.648839285129310369e+09
8.204473381608935745e-04 -1.956356824503277858e+00 -2.211536398189744457e+00 3.139142978936013002e-10 -2.172250380893073540e+00 1.648839285130796671e+09
8.372245632248127281e-04 -1.932591117544996351e+00 -2.281531566669486200e+00 1.065296776924481684e-08 -6.140972635555206338e+00 1.648839285132558823e+09
8.372245632248127281e-04 -1.932591117544996351e+00 -2.281531566669486200e+00 1.065296776924481684e-08 -6.140972635555206338e+00 1.648839285132558823e+09
8.417467822982241258e-04 -1.932169745004502337e+00 -2.191029006242110277e+00 5.238050535189972084e-08 -4.684761478357708953e+00 1.648839285132640600e+09
8.266052418076224326e-04 -1.953547762721389525e+00 -2.190939758767568080e+00 6.100746080588927948e-10 -4.614453024040990670e+00 1.648839285135476112e+09
8.340965311813773033e-04 -1.943694268722611751e+00 -2.157802280426462715e+00 1.768901693320292808e-08 -1.298072928559343531e+00 1.648839285135895491e+09
8.262728030253114683e-04 -1.953597452441428350e+00 -2.208610023580778847e+00 5.752520608345537375e-09 -4.636842576062829124e+00 1.648839285136620283e+09
8.284531938882632373e-04 -1.947928648096364013e+00 -2.273587355315214609e+00 6.420639209927741726e-14 -1.149495612607753792e+00 1.648839285138039589e+09
8.402683454904008543e-04 -1.933310721454037706e+00 -2.174045226098109573e+00 2.878414620124075948e-10 -7.068573558599089424e+00 1.648839285143420696e+09
8.350132375321550875e-04 -1.942047700924450560e+00 -2.155767896925094185e+00 2.521271722697591958e-14 -9.677502218568143633e-01 1.648839285143688202e+09
8.229281234269724245e-04 -1.950366054918941217e+00 -2.129777070841400111e+00 4.549996086345725784e-08 -2.679376366439615076e+00 1.648839285144952059e+09
8.366587736043205751e-04 -1.934808658835518003e+00 -2.278167091507458775e+00 8.644096563130030490e-10 -2.956487650878137252e+00 1.648839285147833347e+09
8.366587736043205751e-04 -1.934808658835518003e+00 -2.278167091507458775e+00 8.644096563130030490e-10 -2.956487650878137252e+00 1.648839285147833347e+09
8.386787447401607446e-04 -1.938114526083842826e+00 -2.196548413726520987e+00 8.408761789175182286e-15 -3.817762606473121600e+00 1.648839285148492098e+09
8.322620889020920223e-04 -1.940233798612665428e+00 -2.291231627991376030e+00 2.133227552396325411e-09 -5.291929639590354562e+00 1.648839285148979902e+09
8.184036427892568168e-04 -1.954656617319294298e+00 -2.162520853594977144e+00 4.370582987393100008e-14 -3.440866492630932250e+00 1.648839285149024487e+09
8.255402123338471607e-04 -1.950875701107866789e+00 -2.257549267805424087e+00 6.723077740106065813e-13 -5.691547814794835958e+00 1.648839285149338961e+09
8.255402123338471607e-04 -1.950875701107866789e+00 -2.257549267805424087e+00 6.723077740106065813e-13 -5.691547814794835958e+00 1.648839285149338961e+09
8.236722261967179427e-04 -1.954363209438924276e+00 -2.128053927545740631e+00 2.023278015082349568e-09 -6.846100679869575600e+00 1.648839285157577276e+09
8.369396451859902226e-04 -1.938326294246266901e+00 -2.281028246565386830e+00 2.204986409407921422e-10 -6.966687965583076014e+00 1.648839285159829617e+09
8.406915399653481146e-04 -1.930332741262498208e+00 -2.225304124321831889e+00 1.910554674873178627e-13 -1.166487742070154709e-01 1.648839285162834167e+09
8.367661611034562770e-04 -1.932869421822728695e+00 -2.168221842369707719e+00 4.253010936831820897e-15 -7.865916755336328059e+00 1.648839285165155649e+09
8.367661611034562770e-04 -1.932869421822728695e+00 -2.168221842369707719e+00 4.253010936831820897e-15 -7.865916755336328059e+00 1.648839285165155649e+09
8.187884228001224762e-04 -1.955402885729260465e+00 -2.188188654170421188e+00 2.768829800212502369e-11 -5.483473943741241641e+00 1.648839285166817427e+09
8.299033124681062931e-04 -1.938505796502877132e+00 -2.186842331751193580e+00 5.000820014411839869e-12 -9.278695722332592766e-01 1.648839285170758247e+09
8.299033124681062931e-04 -1.938505796502877132e+00 -2.186842331751193580e+00 5.000820014411839869e-12 -9.278695722332592766e-01 1.648839285170758247e+09
8.350425019246099801e-04 -1.935970969442222245e+00 -2.276531598918488442e+00 3.169068558795068120e-15 -6.999380185784103148e+00 1.648839285171448946e+09
8.350425019246099801e-04 -1.935970969442222245e+00 -2.276531598918488442e+00 3.169068558795068120e-15 -6.999380185784103148e+00 1.648839285171448946e+09
8.383293554563856420e-04 -1.933589683523246228e+00 -2.271477546177638196e+00 3.993609789347193114e-09 -1.884953703089830235e+00 1.648839285172082186e+09
8.383293554563856420e-04 -1.933589683523246228e+00 -2.271477546177638196e+00 3.993609789347193114e-09 -1.884953703089830235e+00 1.648839285172082186e+09
8.388789004694724655e-04 -1.932304174423878917e+00 -2.259357648888324466e+00 1.707702945326020024e-15 -1.251988259922054425e-01 1.648839285173785448e+09
8.388789004694724655e-04 -1.932304174423878917e+00 -2.259357648888324466e+00 1.707702945326020024e-15 -1.251988259922054425e-01 1.648839285173785448e+09
8.324589859192060891e-04 -1.946095884401733533e+00 -2.242353672297775713e+00 5.632305790819724852e-13 -7.662966547864959566e+00 1.648839285175391674e+09
8.324589859192060891e-04 -1.946095884401733533e+00 -2.242353672297775713e+00 5.632305790819724852e-13 -7.662966547864959566e+00 1.648839285175391674e+09
8.296010922607303202e-04 -1.949388103082098311e+00 -2.220520935291951492e+00 1.385979554724824725e-07 -5.312859387626658325e+00 1.648839285184844017e+09
8.249193241739512673e-04 -1.955160484000655563e+00 -2.168358482833149470e+00 4.126423672947032561e-14 -4.247748400645841471e+00 1.648839285188196659e+09
8.249193241739512673e-04 -1.955160484000655563e+00 -2.168358482833149470e+00 4.126423672947032561e-14 -4.247748400645841471e+00 1.648839285188196659e+09
8.386921112224660644e-04 -1.938152310476658924e+00 -2.208409230824851299e+00 7.359206348358962537e-12 -2.860621472275859389e-01 1.648839285189199686e+09
8.258608037797041286e-04 -1.948617941454498848e+00 -2.263898288396827940e+00 9.609363087233178302e-15 -4.803469706662822247e+00 1.648839285190942287e+09
8.258608037797041286e-04 -1.948617941454498848e+00 -2.263898288396827940e+00 9.609363087233178302e-15 -4.803469706662822247e+00 1.648839285190942287e+09
8.289810952095137860e-04 -1.940711186208498029e+00 -2.236243072216711703e+00 1.627995128558061698e-14 -4.009163246018740523e+00 1.648839285192430496e+09
8.289810952095137860e-04 -1.940711186208498029e+00 -2.236243072216711703e+00 1.627995128558061698e-14 -4.009163246018740523e+00 1.648839285192430496e+09
8.296352523663093901e-04 -1.939631163528655167e+00 -2.229109003136044098e+00 1.995937983633259282e-13 -7.168810336520246906e+00 1.648839285204612017e+09
8.401020023725192963e-04 -1.933138711424204459e+00 -2.240589581061863456e+00 1.218337813887857074e-06 -1.949880463831135557e+00 1.648839285205559969e+09
8.401020023725192963e-04 -1.933138711424204459e+00 -2.240589581061863456e+00 1.218337813887857074e-06 -1.949880463831135557e+00 1.648839285205559969e+09
8.291608732035226281e-04 -1.944266006657889179e+00 -2.282757530171387828e+00 1.535931692346178249e-07 -3.744368981344405434e+00 1.648839285207026482e+09
8.267153347289502886e-04 -1.946895515530384202e+00 -2.267514869391275223e+00 1.863369012232534553e-13 -3.141207250269265394e+00 1.648839285208468914e+09
8.267153347289502886e-04 -1.946895515530384202e+00 -2.267514869391275223e+00 1.863369012232534553e-13 -3.141207250269265394e+00 1.648839285208468914e+09
8.321552399481468593e-04 -1.938891462843431057e+00 -2.273678098124450653e+00 2.323768559260105643e-08 -1.008542070794717915e+00 1.648839285213009596e+09
8.274244736041958979e-04 -1.942199761190213314e+00 -2.220528285997936280e+00 1.488189915749798890e-11 -4.744651855204599755e+00 1.648839285223145962e+09
8.401797632396161824e-04 -1.933622137955815390e+00 -2.250780282137983868e+00 1.194920124299611182e-14 -1.649043751166721528e+00 1.648839285223747969e+09
8.225777417268774093e-04 -1.948076173677406375e+00 -2.183987307537942790e+00 1.211654862957417017e-13 -5.788438588261564988e+00 1.648839285224364519e+09
8.302399095290512263e-04 -1.949458808480594385e+00 -2.204210875962830496e+00 6.244621451086133109e-11 -3.291761418150668916e+00 1.648839285225024939e+09
8.326311479699148761e-04 -1.945595254675358543e+00 -2.247912934070599000e+00 4.842857939527345209e-13 -1.532367959489072007e+00 1.648839285225420713e+09
8.326311479699148761e-04 -1.945595254675358543e+00 -2.247912934070599000e+00 4.842857939527345209e-13 -1.532367959489072007e+00 1.648839285225420713e+09
8.221521840707556386e-04 -1.956520471896636471e+00 -2.144625938608792914e+00 2.347024851450055656e-14 -1.257881662974626558e+00 1.648839285228987694e+09
8.233008859334110590e-04 -1.951296424053965417e+00 -2.238670469324763879e+00 3.611515709362421451e-07 -2.089748466888852185e+00 1.648839285230169535e+09
8.211850523672270833e-04 -1.958110223785502813e+00 -2.158002553590634864e+00 1.805349842145338968e-11 -1.476432798404396785e+00 1.648839285230254889e+09
8.272293814596230754e-04 -1.951407999953251871e+00 -2.260755506555319094e+00 6.141674588571438903e-08 -4.849073236301705947e+00 1.648839285231960297e+09
8.272293814596230754e-04 -1.951407999953251871e+00 -2.260755506555319094e+00 6.141674588571438903e-08 -4.849073236301705947e+00 1.648839285231960297e+09
8.375191638143489152e-04 -1.931558552094252201e+00 -2.203992837303715646e+00 1.352982296219381887e-13 -7.577891390132352356e+00 1.648839285232916117e+09
8.375191638143489152e-04 -1.931558552094252201e+00 -2.203992837303715646e+00 1.352982296219381887e-13 -7.577891390132352356e+00 1.648839285232916117e+09
8.279862795380833924e-04 -1.946213355757204777e+00 -2.129182704134345627e+00 5.124243275875804440e-14 -1.255425122403609706e+00 1.648839285233026505e+09
8.300166272543604753e-04 -1.942131878044522253e+00 -2.277031843192936389e+00 1.822371194379147993e-10 -5.137701623893825342e+00 1.648839285239857912e+09
8.269682855909197021e-04 -1.942606847109332957e+00 -2.150426572488421506e+00 1.197879077302803306e-11 -2.142795804748910626e+00 1.648839285240228653e+09
8.315874300627831882e-04 -1.939002982800339892e+00 -2.264624954255817446e+00 6.251665072195412570e-13 -5.847519618623389093e+00 1.648839285242360115e+09
8.357849916793495381e-04 -1.934552651337321461e+00 -2.262380305448685291e+00 8.085559227085999894e-10 -2.599448327571489692e+00 1.648839285243550301e+09
8.358780098153057629e-04 -1.935036333235025108e+00 -2.270710851415238984e+00 5.687697492373600597e-12 -6.192886995957369578e-01 1.648839285248247862e+09
8.286154501716070167e-04 -1.950976322840770383e+00 -2.162129638239616902e+00 9.769230849577828816e-08 -2.306053104833486245e+00 1.648839285252138138e+09
8.303904228241444814e-04 -1.941763461946129921e+00 -2.278177790585152351e+00 8.878386223985474882e-14 -1.934829891644333166e+00 1.648839285252580881e+09
8.224156220267310729e-04 -1.948693645367726379e+00 -2.179520362934170841e+00 3.284141245880447803e-07 -3.038909818545724839e+00 1.648839285253541708e+09
8.236125017520786211e-04 -1.952783461819990185e+00 -2.250579733295230422e+00 1.223486098161901917e-07 -4.287554160782566015e+00 1.648839285253628492e+09
8.383321471802217956e-04 -1.932560851979217453e+00 -2.166964901135845167e+00 1.148464039114638725e-07 -2.448553873775942691e-01 1.648839285253723860e+09
8.383321471802217956e-04 -1.932560851979217453e+00 -2.166964901135845167e+00 1.148464039114638725e-07 -2.448553873775942691e-01 1.648839285253723860e+09
8.343240927140144203e-04 -1.941233974124555672e+00 -2.282712281533672893e+00 6.481925985437632982e-14 -1.709183458245921550e+00 1.648839285255018711e+09
8.343240927140144203e-04 -1.941233974124555672e+00 -2.282712281533672893e+00 6.481925985437632982e-14 -1.709183458245921550e+00 1.648839285255018711e+09
8.350140585916063099e-04 -1.943299577281928592e+00 -2.181531219797246290e+00 2.367573415331519061e-14 -6.412791888961351106e+00 1.648839285260396957e+09
8.223081077975554973e-04 -1.948777538065235015e+00 -2.190922054082119708e+00 1.104569710516615514e-15 -1.460529991476601452e+00 1.648839285262831688e+09
8.384432883973562574e-04 -1.937460959477136591e+00 -2.175025522003599665e+00 5.200494371066987226e-09 -4.664525604191081420e+00 1.648839285264561892e+09
8.384432883973562574e-04 -1.937460959477136591e+00 -2.175025522003599665e+00 5.200494371066987226e-09 -4.664525604191081420e+00 1.648839285264561892e+09
8.219954298949263584e-04 -1.948705330876779884e+00 -2.163778700967556201e+00 2.785966053949732731e-11 -7.490744641519960112e+00 1.648839285264677525e+09
8.219954298949263584e-04 -1.948705330876779884e+00 -2.163778700967556201e+00 2.785966053949732731e-11 -7.490744641519960112e+00 1.648839285264677525e+09
8.207247841389409514e-04 -1.950778605459714488e+00 -2.169807311154818397e+00 1.472614698882241430e-10 -2.251793801950147333e+00 1.648839285265307188e+09
8.252948173349246384e-04 -1.953681442573353300e+00 -2.220270336735614691e+00 1.054659374179401607e-11 -3.856324290688180056e-01 1.648839285265685558e+09
8.205672037365872992e-04 -1.957759986836625110e+00 -2.192935775377749419e+00 1.544848882048548002e-13 -9.643474695722060730e-01 1.648839285265741587e+09
8.289372029993385526e-04 -1.945538196446795487e+00 -2.280316070034963616e+00 1.878940350914170394e-08 -3.430251564473305592e+00 1.648839285267104864e+09
8.367690461556252313e-04 -1.931330490501235175e+00 -2.233928683320571817e+00 1.123094758409963652e-09 -7.471323963679685320e+00 1.648839285267848492e+09
8.189757381788885645e-04 -1.954546203734728760e+00 -2.143810817952098713e+00 3.570921575803653782e-11 -7.545412174888591395e+00 1.648839285268351555e+09
8.374831322063306044e-04 -1.933745524239557145e+00 -2.266775820319296031e+00 3.006320174181369335e-14 -7.850712061525502605e+00 1.648839285268545151e+09
8.374831322063306044e-04 -1.933745524239557145e+00 -2.266775820319296031e+00 3.006320174181369335e-14 -7.850712061525502605e+00 1.648839285268545151e+09
8.378530734237608349e-04 -1.934195802990143598e+00 -2.159050001248235429e+00 4.101589158626500679e-15 -9.837670471650916681e-02 1.648839285269571304e+09
8.356864733756507249e-04 -1.938827682219991910e+00 -2.147552930070510069e+00 2.152444585276431367e-12 -4.684142164595650470e+00 1.648839285273053169e+09
8.356864733756507249e-04 -1.938827682219991910e+00 -2.147552930070510069e+00 2.152444585276431367e-12 -4.684142164595650470e+00 1.648839285273053169e+09
8.401061638480384047e-04 -1.934182290172242968e+00 -2.245108273280080891e+00 4.125273216817193030e-12 -6.513301432938569668e+00 1.648839285276237965e+09
8.401061638480384047e-04 -1.934182290172242968e+00 -2.245108273280080891e+00 4.125273216817193030e-12 -6.513301432938569668e+00 1.648839285276237965e+09
8.307463092459978866e-04 -1.948407456822080608e+00 -2.163308459120808713e+00 7.323376938852506943e-09 -2.295134936809388293e+00 1.648839285276484966e+09
8.318601042167082012e-04 -1.938268524470288190e+00 -2.256369470396358157e+00 4.172565614212319540e-09 -2.047969467683214972e+00 1.648839285276592970e+09
8.318601042167082012e-04 -1.938268524470288190e+00 -2.256369470396358157e+00 4.172565614212319540e-09 -2.047969467683214972e+00 1.648839285276592970e+09
8.356229924584426339e-04 -1.937864734091411911e+00 -2.286786593757639263e+00 7.705465926811131452e-11 -7.699286474076378894e-01 1.648839285285659313e+09
8.356229924584426339e-04 -1.937864734091411911e+00 -2.286786593757639263e+00 7.705465926811131452e-11 -7.699286474076378894e-01 1.648839285285659313e+09
8.344889438356499186e-04 -1.944013981626350418e+00 -2.182178148762952574e+00 2.937922673864923163e-15 -1.064734427481067058e+00 1.648839285290111303e+09
8.309544950011130832e-04 -1.947845693178926751e+00 -2.235108058504052586e+00 2.913472584910345107e-10 -1.157838826726627524e+00 1.648839285290585995e+09
8.234298886395723886e-04 -1.954294590218627281e+00 -2.245649166816132691e+00 6.479575107829530191e-09 -5.988082723015791586e+00 1.648839285290612936e+09
8.234298886395723886e-04 -1.954294590218627281e+00 -2.245649166816132691e+00 6.479575107829530191e-09 -5.988082723015791586e+00 1.648839285290612936e+09
8.332066367537206784e-04 -1.935236384625837580e+00 -2.192498854392073149e+00 4.038203765004288951e-12 -1.095403577975575082e+00 1.648839285291478157e+09
8.269156285436272003e-04 -1.953021626941519706e+00 -2.191428163779717497e+00 1.741130318741906288e-08 -6.772862290289198839e-01 1.648839285291923523e+09
8.269156285436272003e-04 -1.953021626941519706e+00 -2.191428163779717497e+00 1.741130318741906288e-08 -6.772862290289198839e-01 1.648839285291923523e+09
8.401545670459727513e-04 -1.932630247687058711e+00 -2.249118831334135926e+00 1.085857547565121447e-13 -3.772063985456491686e+00 1.648839285294033766e+09
8.401545670459727513e-04 -1.932630247687058711e+00 -2.249118831334135926e+00 1.085857547565121447e-13 -3.772063985456491686e+00 1.648839285294033766e+09
8.414958010067222606e-04 -1.930994733631877791e+00 -2.245061814563974245e+00 1.663816601756096586e-06 -4.282041617971010794e-01 1.648839285294983387e+09
8.211722243339481236e-04 -1.950105795908015693e+00 -2.183788857711006948e+00 5.822910910241044387e-09 -5.502451151897769677e+00 1.648839285299133062e+09
8.211722243339481236e-04 -1.950105795908015693e+00 -2.183788857711006948e+00 5.822910910241044387e-09 -5.502451151897769677e+00 1.648839285299133062e+09
8.242624611253460002e-04 -1.946766359378828248e+00 -2.140699818885931638e+00 1.721753903552716637e-13 -1.880870355472414879e+00 1.648839285300472736e+09
8.408945680612798894e-04 -1.930914078249743593e+00 -2.213928387403884201e+00 2.191821528481941418e-10 -3.358634977052402881e+00 1.648839285301107883e+09
8.408945680612798894e-04 -1.930914078249743593e+00 -2.213928387403884201e+00 2.191821528481941418e-10 -3.358634977052402881e+00 1.648839285301107883e+09
8.340022460972992520e-04 -1.934740469533308804e+00 -2.176326674541575912e+00 1.928766268951574764e-11 -4.153111532095669745e+00 1.648839285305754185e+09
8.177269854977175676e-04 -1.958721482754703702e+00 -2.168893121804679858e+00 1.557688367143719347e-14 -7.377966269134397237e-01 1.648839285306514740e+09
8.177269854977175676e-04 -1.958721482754703702e+00 -2.168893121804679858e+00 1.557688367143719347e-14 -7.377966269134397237e-01 1.648839285306514740e+09
8.386507253067324551e-04 -1.936118829617624604e+00 -2.169755464638850828e+00 2.726457659122808907e-09 -3.739376975026470262e+00 1.648839285307923079e+09
8.385047265820789065e-04 -1.936201101988550111e+00 -2.262888299114057311e+00 9.199551854017460100e-13 -6.192989017873605562e+00 1.648839285308110952e+09
8.197674979555143876e-04 -1.956932020313709497e+00 -2.138878926330403107e+00 1.585781571911187531e-15 -1.455262054703790220e+00 1.648839285314370394e+09
8.370850578394789738e-04 -1.935060803776170735e+00 -2.275445649103305268e+00 7.462542875591253856e-15 -1.418915109913887029e+00 1.648839285315047026e+09
8.325065995677852866e-04 -1.937884117213439561e+00 -2.261313916495559795e+00 1.832713207957878363e-13 -3.726160143596524144e+00 1.648839285316229820e+09
8.325065995677852866e-04 -1.937884117213439561e+00 -2.261313916495559795e+00 1.832713207957878363e-13 -3.726160143596524144e+00 1.648839285316229820e+09
8.183197776527797052e-04 -1.955655914675899609e+00 -2.151579836306128257e+00 9.563384422421060896e-14 -4.973525294321344603e+00 1.648839285318658113e+09
8.299727624490261168e-04 -1.939065752336398996e+00 -2.218540622904582982e+00 3.010343305652075303e-15 -3.708267736275291604e+00 1.648839285318785429e+09
8.404191206481449218e-04 -1.933578812605723840e+00 -2.237743075941479809e+00 5.287819174169427370e-12 -4.119270756525921229e+00 1.648839285322058439e+09
8.404191206481449218e-04 -1.933578812605723840e+00 -2.237743075941479809e+00 5.287819174169427370e-12 -4.119270756525921229e+00 1.648839285322058439e+09
8.237639845644576658e-04 -1.953778155516090909e+00 -2.231050716537029466e+00 1.183413989351847267e-11 -7.570287832493495905e+00 1.648839285324861288e+09
8.258709595430297010e-04 -1.947880097578522207e+00 -2.276720355294615139e+00 4.319512232563707502e-08 -5.208819670659678991e+00 1.648839285325444937e+09
8.340984664524311734e-04 -1.944434987624046318e+00 -2.179208165903722350e+00 7.469481298061056220e-15 -6.492862409626427578e+00 1.648839285325482368e+09
8.335404839849904499e-04 -1.935001815779104684e+00 -2.204793263525405500e+00 4.551131763315222060e-11 -4.778756646483042658e+00 1.648839285327108860e+09
8.201312682872226095e-04 -1.956598213676716824e+00 -2.201973931494904502e+00 3.546198054490599524e-13 -9.507616431421288539e-01 1.648839285329168320e+09
8.404515819019447954e-04 -1.933019327366185980e+00 -2.190054798353895382e+00 2.103912512524619407e-15 -4.368499557362346408e-01 1.648839285332005978e+09
8.404515819019447954e-04 -1.933019327366185980e+00 -2.190054798353895382e+00 2.103912512524619407e-15 -4.368499557362346408e-01 1.648839285332005978e+09
8.265334524029855799e-04 -1.944325121225555009e+00 -2.235463596048734569e+00 2.450437642898614988e-10 -1.721842145678168734e+00 1.648839285332117081e+09
8.265334524029855799e-04 -1.944325121225555009e+00 -2.235463596048734569e+00 2.450437642898614988e-10 -1.721842145678168734e+00 1.648839285332117081e+09
8.368639803399413601e-04 -1.940782887243319488e+00 -2.211779999886568593e+00 5.494104784812729622e-13 -3.192508453971456994e+00 1.648839285333718061e+09
8.319056430046787697e-04 -1.946006604646213001e+00 -2.165359246334632282e+00 3.712138359244244831e-07 -4.358014326277536377e+00 1.648839285337362766e+09
8.319056430046787697e-04 -1.946006604646213001e+00 -2.165359246334632282e+00 3.712138359244244831e-07 -4.358014326277536377e+00 1.648839285337362766e+09
8.285518081613178851e-04 -1.941846553578383539e+00 -2.141490330373735596e+00 7.185955001140877298e-15 -1.606064427732689204e+00 1.648839285337947607e+09
8.285518081613178851e-04 -1.941846553578383539e+00 -2.141490330373735596e+00 7.185955001140877298e-15 -1.606064427732689204e+00 1.648839285337947607e+09
8.233747558393949596e-04 -1.947393151988501048e+00 -2.148070169315611455e+00 1.252450780806018360e-15 -1.752803346106257543e+00 1.648839285338125944e+09
8.332451798727008628e-04 -1.941569458895433309e+00 -2.286281634472864255e+00 1.120562296490525589e-13 -7.441647485104567750e-01 1.648839285339756012e+09
8.359074175302375889e-04 -1.942218254474778361e+00 -2.202584844346255011e+00 1.251095871915620395e-11 -7.763604550200522425e+00 1.648839285340011120e+09
8.359074175302375889e-04 -1.942218254474778361e+00 -2.202584844346255011e+00 1.251095871915620395e-11 -7.763604550200522425e+00 1.648839285340011120e+09
8.353272574822609561e-04 -1.935283581475231607e+00 -2.153304914695409966e+00 2.537615763210215480e-10 -5.436629215206279397e+00 1.648839285340536118e+09
8.353272574822609561e-04 -1.935283581475231607e+00 -2.153304914695409966e+00 2.537615763210215480e-10 -5.436629215206279397e+00 1.648839285340536118e+09
8.259310527975473847e-04 -1.949910879304672440e+00 -2.131010501741159580e+00 1.088313286125100805e-14 -5.152778744992051685e+00 1.648839285344097614e+09
8.259310527975473847e-04 -1.949910879304672440e+00 -2.131010501741159580e+00 1.088313286125100805e-14 -5.152778744992051685e+00 1.648839285344097614e+09
8.280022910411281465e-04 -1.950715884490315188e+00 -2.149092566916082525e+00 1.502061302501216162e-13 -4.211241973604241018e+00 1.648839285347453117e+09
8.289488049405267008e-04 -1.947010138209032792e+00 -2.272428633514514296e+00 5.101308335845312779e-14 -6.727297764224806187e+00 1.648839285347895145e+09
8.372021510126421680e-04 -1.939559642026105646e+00 -2.246848412914749460e+00 1.647632457067762420e-08 -4.128792873590390045e+00 1.648839285348409891e+09
8.353610059640295769e-04 -1.934626356407127989e+00 -2.252536039955701064e+00 7.404578701006876370e-15 -5.157743351596207226e+00 1.648839285348542929e+09
8.207880325639501555e-04 -1.952503949475385081e+00 -2.201817336098513156e+00 5.269834426270229849e-07 -8.670067820147417947e-01 1.648839285348544359e+09
8.364250368426834337e-04 -1.935332655003224378e+00 -2.152736701286312559e+00 1.281566078700624805e-07 -1.285765362277332180e+00 1.648839285349807978e+09
8.204658001576843997e-04 -1.957371492895118248e+00 -2.195326699660200553e+00 4.102329365156473577e-15 -2.707933146754434084e+00 1.648839285350779295e+09
8.295185635853827982e-04 -1.947167773515264377e+00 -2.267575368163553762e+00 1.396543590231502240e-07 -1.931588022883038214e+00 1.648839285351212025e+09
8.282185644227447931e-04 -1.944413802458570650e+00 -2.126016755812234482e+00 6.060395694189174229e-09 -6.120617175441068980e+00 1.648839285351848364e+09
8.282185644227447931e-04 -1.944413802458570650e+00 -2.126016755812234482e+00 6.060395694189174229e-09 -6.120617175441068980e+00 1.648839285351848364e+09
8.183667659997223695e-04 -1.958855136173405009e+00 -2.173201123385868350e+00 3.622332326066913250e-12 -6.110126881786879238e+00 1.648839285355921507e+09
8.183667659997223695e-04 -1.958855136173405009e+00 -2.173201123385868350e+00 3.622332326066913250e-12 -6.110126881786879238e+00 1.648839285355921507e+09
8.246678807430287035e-04 -1.949311859949365289e+00 -2.129605928084624455e+00 2.127882174645636516e-10 -4.144318441177047951e+00 1.648839285356503248e+09
8.381650668129303873e-04 -1.936579225940611160e+00 -2.263810139756785578e+00 2.138580025824554227e-15 -1.412744882541823621e+00 1.648839285360117912e+09
8.381650668129303873e-04 -1.936579225940611160e+00 -2.263810139756785578e+00 2.138580025824554227e-15 -1.412744882541823621e+00 1.648839285360117912e+09
8.289624494756507459e-04 -1.942354370944859188e+00 -2.258854639724126478e+00 6.640082564756070427e-14 -1.105937286406502906e+00 1.648839285364649773e+09
8.206659382249307340e-04 -1.956667585111330654e+00 -2.140278908032446470e+00 5.023991944722115640e-08 -1.768542595510289139e+00 1.648839285374662399e+09
8.333894350785802860e-04 -1.943106730623017642e+00 -2.271137756780047035e+00 2.436388613513321625e-06 -7.230552755417365418e-01 1.648839285377226353e+09
8.333894350785802860e-04 -1.943106730623017642e+00 -2.271137756780047035e+00 2.436388613513321625e-06 -7.230552755417365418e-01 1.648839285377226353e+09
8.269197933063599090e-04 -1.952996782656130303e+00 -2.189404464242679982e+00 4.003413809626214191e-09 -4.688563610758288647e+00 1.648839285377850056e+09
8.220041040052565411e-04 -1.956566518360947082e+00 -2.139513620204736899e+00 4.085174122117802499e-08 -4.602334898044876610e+00 1.648839285381063461e+09
8.331725352158573898e-04 -1.943363619691105493e+00 -2.270553176004864060e+00 8.499704561489560138e-10 -2.401067539932106421e+00 1.648839285382075071e+09
8.310020318666146632e-04 -1.946952612685729278e+00 -2.250812568820894199e+00 1.561426631120439218e-12 -4.804718415267732468e-01 1.648839285382340431e+09
8.310020318666146632e-04 -1.946952612685729278e+00 -2.250812568820894199e+00 1.561426631120439218e-12 -4.804718415267732468e-01 1.648839285382340431e+09
8.257210097030514770e-04 -1.948733923187136563e+00 -2.260238107528430351e+00 6.795384234757863002e-08 -3.913873370591356426e+00 1.648839285382911921e+09
8.257210097030514770e-04 -1.948733923187136563e+00 -2.260238107528430351e+00 6.795384234757863002e-08 -3.913873370591356426e+00 1.648839285382911921e+09
8.346556431090160297e-04 -1.937159560971566608e+00 -2.277910399302422118e+00 1.553397681613669976e-12 -4.234834009183201076e+00 1.648839285387059450e+09
8.346556431090160297e-04 -1.937159560971566608e+00 -2.277910399302422118e+00 1.553397681613669976e-12 -4.234834009183201076e+00 1.648839285387059450e+09
8.339284026345201821e-04 -1.938730579974820012e+00 -2.141556028338629236e+00 8.081253981464081159e-07 -1.308963784536066655e+00 1.648839285387333632e+09
8.339284026345201821e-04 -1.938730579974820012e+00 -2.141556028338629236e+00 8.081253981464081159e-07 -1.308963784536066655e+00 1.648839285387333632e+09
8.292927791889940625e-04 -1.945273634529337992e+00 -2.277970382665045257e+00 1.088629719660296134e-15 -1.532387723629035747e+00 1.648839285388315678e+09
8.292927791889940625e-04 -1.945273634529337992e+00 -2.277970382665045257e+00 1.088629719660296134e-15 -1.532387723629035747e+00 1.648839285388315678e+09
8.381477443200792280e-04 -1.932270125470350708e+00 -2.177350960054388551e+00 2.437632362476043182e-15 -6.531927707392600979e+00 1.648839285394429684e+09
8.336917371767093351e-04 -1.937179551239622821e+00 -2.267349049890286850e+00 1.233352909241504089e-14 -7.439893614981797576e+00 1.648839285395968199e+09
8.336917371767093351e-04 -1.937179551239622821e+00 -2.267349049890286850e+00 1.233352909241504089e-14 -7.439893614981797576e+00 1.648839285395968199e+09
8.215343996864318040e-04 -1.957237521888493426e+00 -2.189536521449561679e+00 6.514269259541785083e-13 -7.221000802598510404e+00 1.648839285396621466e+09
8.345243900777916902e-04 -1.935258918920053306e+00 -2.248428476512940755e+00 1.330049413229160545e-07 -5.886739946378174437e-01 1.648839285398762226e+09
8.333414931839960588e-04 -1.943006373894948791e+00 -2.271958213317030406e+00 6.700473870282569076e-15 -3.516563264286019397e+00 1.648839285399171352e+09
8.333414931839960588e-04 -1.943006373894948791e+00 -2.271958213317030406e+00 6.700473870282569076e-15 -3.516563264286019397e+00 1.648839285399171352e+09
8.360403790900296835e-04 -1.933405482838490119e+00 -2.174931412311110535e+00 9.131267675835940726e-13 -2.170742989378209309e+00 1.648839285401142120e+09
8.360403790900296835e-04 -1.933405482838490119e+00 -2.174931412311110535e+00 9.131267675835940726e-13 -2.170742989378209309e+00 1.648839285401142120e+09
8.404267309808596299e-04 -1.931721610794435051e+00 -2.232800084006037800e+00 1.043513465910492003e-11 -7.376854070603479308e+00 1.648839285402328014e+09
8.194461539807240463e-04 -1.954450779628072343e+00 -2.186782620940250332e+00 4.473249501262308925e-09 -2.322906453625780188e+00 1.648839285402658224e+09
8.194461539807240463e-04 -1.954450779628072343e+00 -2.186782620940250332e+00 4.473249501262308925e-09 -2.322906453625780188e+00 1.648839285402658224e+09
8.192289657324410349e-04 -1.958784805999947976e+00 -2.155805011806307014e+00 1.146682177826691721e-09 -1.885313478011134691e+00 1.648839285402784824e+09
8.182391307270899710e-04 -1.956556694342352243e+00 -2.150012333570249901e+00 1.120215274330766678e-13 -3.197307266182509267e+00 1.648839285403263092e+09
8.296810732214733456e-04 -1.941649116441615419e+00 -2.261705163811884134e+00 9.642661234556974569e-10 -1.929360919199862856e+00 1.648839285403868437e+09
8.392698636548651982e-04 -1.936626711765269127e+00 -2.208696109891865156e+00 5.163533421421046034e-14 -3.290045290365197772e+00 1.648839285405258417e+09
8.392698636548651982e-04 -1.936626711765269127e+00 -2.208696109891865156e+00 5.163533421421046034e-14 -3.290045290365197772e+00 1.648839285405258417e+09
8.307612983040432069e-04 -1.939533708747535057e+00 -2.144715592754247613e+00 1.377440668561168307e-14 -5.761260659875293122e+00 1.648839285407829285e+09
8.229289348629484531e-04 -1.947592163700250012e+00 -2.172802081555089249e+00 7.369057893506195119e-11 -6.949826137526340375e+00 1.648839285408552408e+09
8.229289348629484531e-04 -1.947592163700250012e+00 -2.172802081555089249e+00 7.369057893506195119e-11 -6.949826137526340375e+00 1.648839285408552408e+09
8.312032202044009142e-04 -1.945172384068566629e+00 -2.140672339070909036e+00 4.083938236350301602e-12 -5.115302316207396061e+00 1.648839285408837318e+09
8.364079707015386299e-04 -1.936898027905568975e+00 -2.279351945446771222e+00 2.677740107302178302e-12 -2.837896848627089241e+00 1.648839285408970118e+09
8.364079707015386299e-04 -1.936898027905568975e+00 -2.279351945446771222e+00 2.677740107302178302e-12 -2.837896848627089241e+00 1.648839285408970118e+09
8.227823276793596501e-04 -1.947532385960454526e+00 -2.176910401377115445e+00 2.539333099271626519e-08 -4.968554229402714739e+00 1.648839285411113262e+09
8.227823276793596501e-04 -1.947532385960454526e+00 -2.176910401377115445e+00 2.539333099271626519e-08 -4.968554229402714739e+00 1.648839285411113262e+09
8.212215483945059296e-04 -1.955898690222907854e+00 -2.208614060988831174e+00 2.477125368269956798e-11 -2.777917951635761717e+00 1.648839285412749767e+09
8.379665197769301486e-04 -1.932424201091602400e+00 -2.242752809638946854e+00 9.889441489219334324e-15 -1.127461096227519555e+00 1.648839285413647890e+09
8.379665197769301486e-04 -1.932424201091602400e+00 -2.242752809638946854e+00 9.889441489219334324e-15 -1.127461096227519555e+00 1.648839285413647890e+09
8.380452634656807400e-04 -1.931654976177125782e+00 -2.196795646895232323e+00 4.689354449484564848e-13 -5.157274948074839216e+00 1.648839285416523695e+09
8.325387535813515800e-04 -1.943486836091258940e+00 -2.275691412386507295e+00 1.731017228672811715e-14 -2.916398990313657791e-01 1.648839285419336081e+09
8.264766035658295106e-04 -1.951752611138143134e+00 -2.143398955023223529e+00 1.142565760550988695e-15 -1.212167149997068982e+00 1.648839285419419527e+09
8.329006713219203875e-04 -1.939730259605344287e+00 -2.283292705383387133e+00 8.894196744328568265e-08 -3.238826967420109781e-01 1.648839285422008038e+09
8.329006713219203875e-04 -1.939730259605344287e+00 -2.283292705383387133e+00 8.894196744328568265e-08 -3.238826967420109781e-01 1.648839285422008038e+09
8.275476036503113609e-04 -1.948708847151313206e+00 -2.262366237497765553e+00 1.301086463607552004e-07 -8.115592307271057848e-01 1.648839285424118757e+09
8.199538898761699317e-04 -1.956252539110733046e+00 -2.138837962188601338e+00 7.758740481723299773e-12 -5.162044360924449293e+00 1.648839285427457094e+09
8.199538898761699317e-04 -1.956252539110733046e+00 -2.138837962188601338e+00 7.758740481723299773e-12 -5.162044360924449293e+00 1.648839285427457094e+09
8.220285138936276681e-04 -1.950486957192670623e+00 -2.207587869297681582e+00 1.081625710873378967e-13 -8.380751127860364136e-02 1.648839285429064989e+09
8.236229119566758480e-04 -1.954323756427545300e+00 -2.221167256108933508e+00 1.382674078530588289e-13 -2.971910351584273080e+00 1.648839285429679394e+09
8.236229119566758480e-04 -1.954323756427545300e+00 -2.221167256108933508e+00 1.382674078530588289e-13 -2.971910351584273080e+00 1.648839285429679394e+09
8.304158354949439918e-04 -1.949078992166769053e+00 -2.188839576200311665e+00 1.937242554038062491e-12 -6.102412776159788166e+00 1.648839285430980682e+09
8.323402357187313074e-04 -1.946812415212398228e+00 -2.203807163181676465e+00 1.073876293071275069e-10 -6.919342196862041661e+00 1.648839285436168194e+09
8.218371837762507943e-04 -1.952955336235349115e+00 -2.133000869842558433e+00 2.850545863196673298e-14 -7.227699270880665772e+00 1.648839285437314272e+09
8.218371837762507943e-04 -1.952955336235349115e+00 -2.133000869842558433e+00 2.850545863196673298e-14 -7.227699270880665772e+00 1.648839285437314272e+09
8.338735471792632203e-04 -1.937156089804007886e+00 -2.268447598145797883e+00 5.767428873796475019e-10 -5.248635567259919199e+00 1.648839285439423800e+09
8.387987422676991024e-04 -1.931535606763843838e+00 -2.227383930795263201e+00 3.791375693402142037e-14 -5.053944185545518053e+00 1.648839285440762281e+09
8.387987422676991024e-04 -1.931535606763843838e+00 -2.227383930795263201e+00 3.791375693402142037e-14 -5.053944185545518053e+00 1.648839285440762281e+09
8.387825665593705380e-04 -1.935531157734372343e+00 -2.269826053482809858e+00 8.037974730011179541e-07 -1.795463353106132587e-01 1.648839285442776203e+09
8.377448325015858640e-04 -1.938133956847643891e+00 -2.250010130457329893e+00 1.321124798103219810e-09 -2.001758555401133677e+00 1.648839285442892551e+09
8.256577886995475520e-04 -1.953495097686207549e+00 -2.210411639158742947e+00 4.963554864904416706e-12 -1.530371072524037146e+00 1.648839285443511963e+09
8.267302204592568825e-04 -1.951940154258003712e+00 -2.226982309296241525e+00 2.289176894940340913e-09 -1.841639865933526465e-01 1.648839285444150209e+09
8.408438505652132862e-04 -1.932169880579430288e+00 -2.213384343333333781e+00 1.727533466256278750e-07 -7.705502665571577481e-01 1.648839285444943905e+09
8.338577256164153920e-04 -1.943877046578138090e+00 -2.245555597345379795e+00 6.617610886723624961e-10 -5.155749569087831219e+00 1.648839285450584650e+09
8.338577256164153920e-04 -1.943877046578138090e+00 -2.245555597345379795e+00 6.617610886723624961e-10 -5.155749569087831219e+00 1.648839285450584650e+09
8.341215765158969302e-04 -1.943396197839901252e+00 -2.248187234294732662e+00 3.179606792648401139e-10 -3.582114371507181261e-01 1.648839285451891661e+09
8.254816907532741121e-04 -1.946596648862879642e+00 -2.239426313124242007e+00 2.644470593029513447e-13 -2.792937953271062312e+00 1.648839285454053402e+09
8.254816907532741121e-04 -1.946596648862879642e+00 -2.239426313124242007e+00 2.644470593029513447e-13 -2.792937953271062312e+00 1.648839285454053402e+09
8.396036110844306340e-04 -1.933378768896056199e+00 -2.249217825973264695e+00 4.478755603173053759e-11 -5.557320339436388146e+00 1.648839285457272291e+09
8.396036110844306340e-04 -1.933378768896056199e+00 -2.249217825973264695e+00 4.478755603173053759e-11 -5.557320339436388146e+00 1.648839285457272291e+09
8.294415045855027101e-04 -1.942915629362174101e+00 -2.269277951178584996e+00 2.172684045475730553e-15 -4.012492281334349542e+00 1.648839285458578348e+09
8.294415045855027101e-04 -1.942915629362174101e+00 -2.269277951178584996e+00 2.172684045475730553e-15 -4.012492281334349542e+00 1.648839285458578348e+09
8.379135820598914135e-04 -1.938895943563647029e+00 -2.204107239718019695e+00 1.167296652830400848e-15 -6.297395514547474704e+00 1.648839285459330559e+09
8.297376705783637667e-04 -1.950085788442725399e+00 -2.197896725710552612e+00 2.697335001520693317e-08 -4.446171443711081750e+00 1.648839285460425854e+09
8.313984806225311512e-04 -1.940425686024823904e+00 -2.272306124598866717e+00 7.063876070447452508e-12 -4.776231956815077950e+00 1.648839285460808277e+09
8.313984806225311512e-04 -1.940425686024823904e+00 -2.272306124598866717e+00 7.063876070447452508e-12 -4.776231956815077950e+00 1.648839285460808277e+09
8.179884289804924746e-04 -1.957469179580284324e+00 -2.157348514224931790e+00 1.212806619165020429e-09 -2.211547096206783358e+00 1.648839285461046934e+09
8.288542936786827886e-04 -1.949125367380462714e+00 -2.145736297450880681e+00 2.571015189748517661e-13 -6.943879146306053407e+00 1.648839285463927269e+09
8.232049519138254483e-04 -1.951781631188705290e+00 -2.234515487968411485e+00 6.134373957696433045e-12 -2.071590944526162659e-01 1.648839285466674566e+09
8.232049519138254483e-04 -1.951781631188705290e+00 -2.234515487968411485e+00 6.134373957696433045e-12 -2.071590944526162659e-01 1.648839285466674566e+09
8.398709581894530686e-04 -1.932072207547140374e+00 -2.237895177371655109e+00 2.404096717409116396e-14 -6.375748070256799238e+00 1.648839285469934225e+09
8.349664952823328615e-04 -1.941532679850721088e+00 -2.155966751020635730e+00 1.883897892904358400e-10 -6.484777807138782713e+00 1.648839285473724127e+09
8.349664952823328615e-04 -1.941532679850721088e+00 -2.155966751020635730e+00 1.883897892904358400e-10 -6.484777807138782713e+00 1.648839285473724127e+09
8.298586287358557462e-04 -1.945110669326576947e+00 -2.276729913480266099e+00 2.281865882800672535e-12 -7.600139464959775104e+00 1.648839285474324226e+09
8.298586287358557462e-04 -1.945110669326576947e+00 -2.276729913480266099e+00 2.281865882800672535e-12 -7.600139464959775104e+00 1.648839285474324226e+09
8.248746070689226551e-04 -1.953216308901496889e+00 -2.142237772717270783e+00 6.240530760135002026e-14 -1.654411815915884709e+00 1.648839285476897955e+09
8.248746070689226551e-04 -1.953216308901496889e+00 -2.142237772717270783e+00 6.240530760135002026e-14 -1.654411815915884709e+00 1.648839285476897955e+09
8.180521278862519291e-04 -1.957848228723026773e+00 -2.165638849454232684e+00 2.790728724690933834e-08 -2.822254140248452892e+00 1.648839285477841616e+09
8.268976473458923256e-04 -1.945883488627693225e+00 -2.132330664327717784e+00 2.739253682233476763e-10 -2.457323879295715940e+00 1.648839285478465319e+09
8.268976473458923256e-04 -1.945883488627693225e+00 -2.132330664327717784e+00 2.739253682233476763e-10 -2.457323879295715940e+00 1.648839285478465319e+09
8.309267047886106710e-04 -1.940868714953636109e+00 -2.138118259806915056e+00 1.611458359222449643e-15 -3.151814264606546345e+00 1.648839285480365753e+09
8.206623314312794454e-04 -1.955723015393582065e+00 -2.204760022328721369e+00 2.484228961516092203e-13 -5.763084349567305864e+00 1.648839285481785774e+09
8.206623314312794454e-04 -1.955723015393582065e+00 -2.204760022328721369e+00 2.484228961516092203e-13 -5.763084349567305864e+00 1.648839285481785774e+09
8.391318658014510542e-04 -1.936251446542598620e+00 -2.190896751707224865e+00 1.748685542670823485e-12 -4.054452922021040351e+00 1.648839285481889963e+09
8.391318658014510542e-04 -1.936251446542598620e+00 -2.190896751707224865e+00 1.748685542670823485e-12 -4.054452922021040351e+00 1.648839285481889963e+09
8.257472993062581028e-04 -1.953248919294961583e+00 -2.213322382579844927e+00 5.513317671506691519e-12 -5.881736456110063571e+00 1.648839285483310461e+09
8.236022767277584311e-04 -1.950562044384481553e+00 -2.131263503979003993e+00 5.559982097397428479e-08 -3.551298832518570592e+00 1.648839285484931946e+09
8.341223900506726085e-04 -1.934973500056332174e+00 -2.174445391858362608e+00 8.973160603861026789e-15 -1.053227714449780805e+00 1.648839285485233545e+09
8.370671840175076530e-04 -1.939444229395754338e+00 -2.243433978276046403e+00 1.950291109407267766e-14 -6.070688798937889707e+00 1.648839285486742258e+09
8.370671840175076530e-04 -1.939444229395754338e+00 -2.243433978276046403e+00 1.950291109407267766e-14 -6.070688798937889707e+00 1.648839285486742258e+09
8.260722699142219018e-04 -1.943527905320635352e+00 -2.183100366961770344e+00 3.137080016341596892e-15 -5.931493670295282072e+00 1.648839285487353563e+09
8.260722699142219018e-04 -1.943527905320635352e+00 -2.183100366961770344e+00 3.137080016341596892e-15 -5.931493670295282072e+00 1.648839285487353563e+09
8.320919568742325993e-04 -1.942733779088495094e+00 -2.138865221388100313e+00 1.151409240314220715e-12 -7.947451317914590696e+00 1.648839285487610102e+09
8.320919568742325993e-04 -1.942733779088495094e+00 -2.138865221388100313e+00 1.151409240314220715e-12 -7.947451317914590696e+00 1.648839285487610102e+09
8.301479136048406978e-04 -1.947077169990107270e+00 -2.258557641903536695e+00 7.145774428397700580e-15 -7.237262661638247607e+00 1.648839285489166975e+09
8.301479136048406978e-04 -1.947077169990107270e+00 -2.258557641903536695e+00 7.145774428397700580e-15 -7.237262661638247607e+00 1.648839285489166975e+09
8.340693874729873973e-04 -1.938735398880606642e+00 -2.178873973764410277e+00 3.732804728492896908e-07 -4.329223930751245675e+00 1.648839285489868641e+09
8.342753329694198219e-04 -1.937439256479821292e+00 -2.273711650005798557e+00 1.085517322479674110e-09 -3.836999813222901956e+00 1.648839285492633104e+09
8.342753329694198219e-04 -1.937439256479821292e+00 -2.273711650005798557e+00 1.085517322479674110e-09 -3.836999813222901956e+00 1.648839285492633104e+09
8.321058198244406234e-04 -1.937730052279194037e+00 -2.244734289129078242e+00 3.468362461979360672e-11 -7.702512951887473314e+00 1.648839285493987799e+09
8.321058198244406234e-04 -1.937730052279194037e+00 -2.244734289129078242e+00 3.468362461979360672e-11 -7.702512951887473314e+00 1.648839285493987799e+09
8.267041785134546066e-04 -1.943384946983383044e+00 -2.149427140227281541e+00 4.601501654441323020e-13 -2.009163970143650779e+00 1.648839285494774103e+09
8.333708235824942474e-04 -1.935785296588651505e+00 -2.228043025077914852e+00 2.921603748538867627e-09 -5.119528215552349160e+00 1.648839285495765448e+09
8.398269791722185731e-04 -1.934395496808827497e+00 -2.236767017909825128e+00 5.526324780272158119e-14 -7.214875452376057652e+00 1.648839285495834589e+09
8.357121952573902911e-04 -1.938071574279366827e+00 -2.278983535396931437e+00 5.318715927306796247e-15 -3.934407768862941523e+00 1.648839285495938301e+09
8.357121952573902911e-04 -1.938071574279366827e+00 -2.278983535396931437e+00 5.318715927306796247e-15 -3.934407768862941523e+00 1.648839285495938301e+09
8.257798989901242144e-04 -1.953872415324108491e+00 -2.168171704267876532e+00 1.682440438700558439e-15 -8.540163289993882856e-01 1.648839285497762680e+09
8.257798989901242144e-04 -1.953872415324108491e+00 -2.168171704267876532e+00 1.682440438700558439e-15 -8.540163289993882856e-01 1.648839285497762680e+09
8.402820849629632355e-04 -1.931930430831956036e+00 -2.251858002082958610e+00 8.553239872830538195e-10 -6.928893157799246971e+00 1.648839285498367310e+09
8.402820849629632355e-04 -1.931930430831956036e+00 -2.251858002082958610e+00 8.553239872830538195e-10 -6.928893157799246971e+00 1.648839285498367310e+09
8.239593584845135345e-04 -1.951903570022373913e+00 -2.238404493907074411e+00 5.972964586028386665e-08 -2.309237678626318235e+00 1.648839285499178648e+09
8.309619402134836358e-04 -1.942289795700317567e+00 -2.279147309465855642e+00 7.660816929980533539e-11 -5.926208372371089439e+00 1.648839285502549887e+09
8.388317170421992226e-04 -1.931769315021003131e+00 -2.189859218964271825e+00 1.193998739247758319e-14 -5.065737196528207420e+00 1.648839285503207684e+09
8.289194779774978691e-04 -1.943218598131602137e+00 -2.263309101762748909e+00 2.788810149335277472e-13 -2.455352891253548719e+00 1.648839285503623247e+09
8.289194779774978691e-04 -1.943218598131602137e+00 -2.263309101762748909e+00 2.788810149335277472e-13 -2.455352891253548719e+00 1.648839285503623247e+09
8.310072392972046992e-04 -1.942061699663429231e+00 -2.278286887189149734e+00 3.738590637428031340e-11 -1.381615512656641620e+00 1.648839285505535126e+09
8.309402716709001413e-04 -1.948369568649324091e+00 -2.196912940090631761e+00 1.017234748704356364e-07 -9.437518579063626234e-01 1.648839285506123304e+09
8.309402716709001413e-04 -1.948369568649324091e+00 -2.196912940090631761e+00 1.017234748704356364e-07 -9.437518579063626234e-01 1.648839285506123304e+09
8.250480144862185321e-04 -1.944869613763142269e+00 -2.177817207195789972e+00 1.031460601704429990e-08 -1.364192489350021908e+00 1.648839285507118464e+09
8.193287866345241475e-04 -1.957630552749935360e+00 -2.183707411365754858e+00 7.499344317184333865e-15 -4.781433698404249810e+00 1.648839285512848616e+09
8.245646244781590318e-04 -1.952431331087081112e+00 -2.236004314205076060e+00 1.115643647864569952e-15 -3.669689908176729354e+00 1.648839285514391899e+09
8.245646244781590318e-04 -1.952431331087081112e+00 -2.236004314205076060e+00 1.115643647864569952e-15 -3.669689908176729354e+00 1.648839285514391899e+09
8.385633494441561888e-04 -1.937946208932278314e+00 -2.228441957027535558e+00 9.874444526722112351e-11 -7.939981564370728329e+00 1.648839285519539833e+09
8.385633494441561888e-04 -1.937946208932278314e+00 -2.228441957027535558e+00 9.874444526722112351e-11 -7.939981564370728329e+00 1.648839285519539833e+09
8.311922214596899079e-04 -1.947871715389279945e+00 -2.211613170055327871e+00 3.945633826448357894e-14 -2.586332868762821313e+00 1.648839285520414829e+09
8.269424175095075420e-04 -1.947006630702708074e+00 -2.261156776814476910e+00 5.169092435196733490e-13 -3.036641768243954154e+00 1.648839285521464586e+09
8.269424175095075420e-04 -1.947006630702708074e+00 -2.261156776814476910e+00 5.169092435196733490e-13 -3.036641768243954154e+00 1.648839285521464586e+09
8.313536354212386912e-04 -1.944681418069053480e+00 -2.141290917711105024e+00 4.652020501692971981e-07 -1.819426611694882290e+00 1.648839285524713516e+09
8.390967602386169635e-04 -1.935040604174006695e+00 -2.249375523608213800e+00 6.028049647099910899e-11 -1.971952828999707918e-01 1.648839285525198221e+09
8.390967602386169635e-04 -1.935040604174006695e+00 -2.249375523608213800e+00 6.028049647099910899e-11 -1.971952828999707918e-01 1.648839285525198221e+09
8.363203557899088082e-04 -1.933246024231487059e+00 -2.180739206316411938e+00 8.598591628690891350e-12 -5.917310071840763186e+00 1.648839285525283575e+09
8.363203557899088082e-04 -1.933246024231487059e+00 -2.180739206316411938e+00 8.598591628690891350e-12 -5.917310071840763186e+00 1.648839285525283575e+09
8.335350513902966890e-04 -1.943834855397175154e+00 -2.251077472417468250e+00 1.181329011382170881e-13 -1.846565823217847679e+00 1.648839285525405645e+09
8.335350513902966890e-04 -1.943834855397175154e+00 -2.251077472417468250e+00 1.181329011382170881e-13 -1.846565823217847679e+00 1.648839285525405645e+09
8.304710889825209479e-04 -1.942345354732370133e+00 -2.274584571755523310e+00 3.516764911256704787e-12 -2.494809969328814603e+00 1.648839285528849363e+09
8.304710889825209479e-04 -1.942345354732370133e+00 -2.274584571755523310e+00 3.516764911256704787e-12 -2.494809969328814603e+00 1.648839285528849363e+09
8.270498489117491126e-04 -1.952618592563464484e+00 -2.183597056140110571e+00 6.738832793067931041e-14 -4.368210834826805389e+00 1.648839285531363964e+09
8.248904999088946602e-04 -1.946714881980786904e+00 -2.224905838283887327e+00 2.251186422581476371e-15 -3.854858113552181997e+00 1.648839285534019232e+09
8.403438915756222642e-04 -1.932008998200482663e+00 -2.223021462256807190e+00 2.552481537358113765e-08 -2.327937180505665893e-01 1.648839285538413286e+09
8.403438915756222642e-04 -1.932008998200482663e+00 -2.223021462256807190e+00 2.552481537358113765e-08 -2.327937180505665893e-01 1.648839285538413286e+09
8.392744158076750633e-04 -1.931533910476231020e+00 -2.221685768555953899e+00 1.258385226727125324e-13 -2.988808521201337776e+00 1.648839285538952112e+09
8.323870752962123781e-04 -1.939653804218679500e+00 -2.286180237383629521e+00 8.351902453684445536e-08 -4.924833482101774074e+00 1.648839285542213917e+09
8.323870752962123781e-04 -1.939653804218679500e+00 -2.286180237383629521e+00 8.351902453684445536e-08 -4.924833482101774074e+00 1.648839285542213917e+09
8.320479856525274083e-04 -1.944506225004903444e+00 -2.266209994062633459e+00 3.684167724171428156e-14 -5.348759004593898858e+00 1.648839285542481184e+09
8.389188542049309848e-04 -1.936939656793935427e+00 -2.212179754607018101e+00 3.577218252118266345e-12 -3.023897651060022618e+00 1.648839285544230700e+09
8.389188542049309848e-04 -1.936939656793935427e+00 -2.212179754607018101e+00 3.577218252118266345e-12 -3.023897651060022618e+00 1.648839285544230700e+09
8.357196963477531810e-04 -1.941800399280898759e+00 -2.182071694482144775e+00 1.511818301759464198e-12 -3.926000513494323663e+00 1.648839285545621157e+09
8.329952047321216666e-04 -1.944881677979342527e+00 -2.161648286580613032e+00 3.999590306775905823e-12 -1.754694981274077747e+00 1.648839285551278591e+09
8.329195935014553371e-04 -1.938846839086808105e+00 -2.271856953245797950e+00 1.367754767881456146e-12 -4.084877809670064863e+00 1.648839285552086353e+09
8.329195935014553371e-04 -1.938846839086808105e+00 -2.271856953245797950e+00 1.367754767881456146e-12 -4.084877809670064863e+00 1.648839285552086353e+09
8.371307152831210935e-04 -1.933381771849757014e+00 -2.245205813007823181e+00 5.092475357283794659e-09 -3.506981848379952638e+00 1.648839285553095341e+09
8.371307152831210935e-04 -1.933381771849757014e+00 -2.245205813007823181e+00 5.092475357283794659e-09 -3.506981848379952638e+00 1.648839285553095341e+09
8.345752306148690501e-04 -1.939924603304154616e+00 -2.280400718415632522e+00 1.001985660955453198e-08 -4.383693919241451908e+00 1.648839285557311535e+09
8.403370007492939929e-04 -1.932338985561639744e+00 -2.221445750899133209e+00 1.605669495387582558e-15 -5.753961662085958828e+00 1.648839285557558298e+09
8.347032996492051958e-04 -1.942926663389287878e+00 -2.240144180346496761e+00 8.460417519224333286e-08 -3.383307084191757852e+00 1.648839285559972048e+09
8.217867476666536547e-04 -1.956200816174777923e+00 -2.141831311669338600e+00 1.089229433754595833e-08 -4.905464869522042193e+00 1.648839285560620308e+09
8.400252412320094062e-04 -1.933382875534183309e+00 -2.233076967584081807e+00 3.084418285811680727e-15 -2.973353192259900801e+00 1.648839285560956717e+09
8.300009583978064376e-04 -1.942746225458990672e+00 -2.271378639860622162e+00 1.396630723917172094e-15 -4.529204678210941637e+00 1.648839285560966969e+09
8.330766597121795018e-04 -1.938835980685293503e+00 -2.141919209567331617e+00 1.267891531517006731e-07 -1.526880288346550429e-01 1.648839285561782837e+09
8.330766597121795018e-04 -1.938835980685293503e+00 -2.141919209567331617e+00 1.267891531517006731e-07 -1.526880288346550429e-01 1.648839285561782837e+09
8.327556333035262843e-04 -1.942872133380347366e+00 -2.143179673583515132e+00 3.574405753840649711e-11 -7.675646291314067504e+00 1.648839285562618494e+09
8.327556333035262843e-04 -1.942872133380347366e+00 -2.143179673583515132e+00 3.574405753840649711e-11 -7.675646291314067504e+00 1.648839285562618494e+09
8.291416769271977086e-04 -1.943735527065433955e+00 -2.268148735341040556e+00 6.387066312520123509e-14 -4.480480139513725035e+00 1.648839285564675331e+09
8.206853989873774593e-04 -1.958142079486592912e+00 -2.150059481062414957e+00 9.892022397409514535e-08 -4.133880993277413651e+00 1.648839285565021753e+09
8.361735952039985606e-04 -1.940993458515326120e+00 -2.180340615198116616e+00 1.645854604722498648e-12 -7.798199053599069508e+00 1.648839285567759275e+09
8.361735952039985606e-04 -1.940993458515326120e+00 -2.180340615198116616e+00 1.645854604722498648e-12 -7.798199053599069508e+00 1.648839285567759275e+09
8.390760795328812719e-04 -1.934965398603416098e+00 -2.179337659041232556e+00 4.871736998397397627e-12 -8.014796782812059206e-01 1.648839285568057299e+09
8.318527346547463291e-04 -1.940977190167791910e+00 -2.277309768069242235e+00 1.638836074524005488e-12 -3.612805668639937906e+00 1.648839285568411112e+09
8.316372684578034928e-04 -1.941095945659318422e+00 -2.138244201770279851e+00 2.465836178501298453e-14 -5.725975053940148385e+00 1.648839285569728613e+09
8.189294852164086432e-04 -1.956924542081829310e+00 -2.180160909033234340e+00 6.001067703945530030e-14 -4.028722786355122487e+00 1.648839285571964264e+09
8.189294852164086432e-04 -1.956924542081829310e+00 -2.180160909033234340e+00 6.001067703945530030e-14 -4.028722786355122487e+00 1.648839285571964264e+09
8.288436393769824627e-04 -1.950561220063563583e+00 -2.199014012864773715e+00 7.278909568616801792e-12 -2.434173931604041385e+00 1.648839285573484182e+09
8.288436393769824627e-04 -1.950561220063563583e+00 -2.199014012864773715e+00 7.278909568616801792e-12 -2.434173931604041385e+00 1.648839285573484182e+09
8.214688028019364761e-04 -1.954992338319596401e+00 -2.138042169416329852e+00 9.406253265887607063e-11 -4.327674647484753834e+00 1.648839285577414989e+09
8.214688028019364761e-04 -1.954992338319596401e+00 -2.138042169416329852e+00 9.406253265887607063e-11 -4.327674647484753834e+00 1.648839285577414989e+09
8.349302282374537884e-04 -1.937720383645366251e+00 -2.276367913304904622e+00 1.489842758462631011e-13 -7.275863115329874731e-01 1.648839285577835321e+09
8.349302282374537884e-04 -1.937720383645366251e+00 -2.276367913304904622e+00 1.489842758462631011e-13 -7.275863115329874731e-01 1.648839285577835321e+09
8.223667259210800220e-04 -1.955657296982840299e+00 -2.203769686376630066e+00 8.762988565659192181e-15 -6.317617640512328769e+00 1.648839285579425573e+09
8.376712091978852619e-04 -1.938754145463549072e+00 -2.188845369705514798e+00 4.721155579423155666e-11 -4.572598235185504123e+00 1.648839285579965591e+09
8.230511386505514259e-04 -1.948728767652205596e+00 -2.203913578477386004e+00 9.444589770699196502e-12 -2.120880041382925185e+00 1.648839285580393314e+09
8.268206406032235995e-04 -1.943489714662991474e+00 -2.148251514316075195e+00 5.741707654867698637e-14 -6.904305649825657198e-01 1.648839285582135439e+09
8.268206406032235995e-04 -1.943489714662991474e+00 -2.148251514316075195e+00 5.741707654867698637e-14 -6.904305649825657198e-01 1.648839285582135439e+09
8.394332071184448969e-04 -1.935050324617511697e+00 -2.236053545775350315e+00 1.113987783271796720e-13 -2.301102228303203212e+00 1.648839285583562374e+09
8.394332071184448969e-04 -1.935050324617511697e+00 -2.236053545775350315e+00 1.113987783271796720e-13 -2.301102228303203212e+00 1.648839285583562374e+09
8.313413297351235180e-04 -1.937515723478374641e+00 -2.189187425676099252e+00 5.974465710652287815e-10 -1.257597729195141234e+00 1.648839285583593607e+09
8.313413297351235180e-04 -1.937515723478374641e+00 -2.189187425676099252e+00 5.974465710652287815e-10 -1.257597729195141234e+00 1.648839285583593607e+09
8.225762533691871690e-04 -1.952912314966732232e+00 -2.233606980981973411e+00 2.341506772299615867e-09 -6.158108142974723975e+00 1.648839285584057808e+09
8.275895867986476440e-04 -1.944212104103152150e+00 -2.248903007523817887e+00 2.081837890642650503e-09 -9.050042747337894156e-01 1.648839285588093996e+09
8.275895867986476440e-04 -1.944212104103152150e+00 -2.248903007523817887e+00 2.081837890642650503e-09 -9.050042747337894156e-01 1.648839285588093996e+09
8.227324222588057847e-04 -1.948707390437530274e+00 -2.191081288194167254e+00 1.078424926316266678e-13 -8.681904098338746323e-01 1.648839285588644028e+09
8.381001295616942069e-04 -1.937641165969552715e+00 -2.276715499712310464e+00 9.784981972752687653e-09 -5.969048337354221800e+00 1.648839285588706493e+09
8.371302900093215192e-04 -1.936520368251885671e+00 -2.268588726950928169e+00 2.942282268285475398e-11 -6.665828002003325814e+00 1.648839285591058254e+09
8.266621499296806846e-04 -1.945270423061476572e+00 -2.136402134834115785e+00 1.624777824041773430e-10 -2.734377228539669247e+00 1.648839285591992378e+09
8.316068304207836033e-04 -1.937426659659401418e+00 -2.210070125597881407e+00 5.927326626877664063e-11 -2.666238310223598695e+00 1.648839285592599154e+09
8.222792219737423171e-04 -1.954777654057455960e+00 -2.213787234049393593e+00 1.325808499449731956e-12 -4.063150075144673856e+00 1.648839285592910051e+09
8.222792219737423171e-04 -1.954777654057455960e+00 -2.213787234049393593e+00 1.325808499449731956e-12 -4.063150075144673856e+00 1.648839285592910051e+09
8.284958817591745210e-04 -1.950877471909097105e+00 -2.199983846835305901e+00 1.931194067537612915e-14 -1.108369684579322723e+00 1.648839285595864534e+09
8.342088590983882598e-04 -1.936440665309036246e+00 -2.153454316762851928e+00 1.285187257312710778e-08 -3.618540473179834294e-01 1.648839285596552372e+09
8.342088590983882598e-04 -1.936440665309036246e+00 -2.153454316762851928e+00 1.285187257312710778e-08 -3.618540473179834294e-01 1.648839285596552372e+09
8.382653319297876226e-04 -1.934676967769781042e+00 -2.258519635481825993e+00 7.746345958398382218e-13 -4.943159298012874459e+00 1.648839285598938704e+09
8.382653319297876226e-04 -1.934676967769781042e+00 -2.258519635481825993e+00 7.746345958398382218e-13 -4.943159298012874459e+00 1.648839285598938704e+09
8.276205642203648136e-04 -1.943310618132271017e+00 -2.236406109367117256e+00 7.647183086886720348e-14 -6.271499814552685237e+00 1.648839285601670504e+09
8.276205642203648136e-04 -1.943310618132271017e+00 -2.236406109367117256e+00 7.647183086886720348e-14 -6.271499814552685237e+00 1.648839285601670504e+09
8.385255787220281028e-04 -1.936172006909955945e+00 -2.248173628679390301e+00 3.752756827707368344e-09 -2.626302938154313260e+00 1.648839285606419086e+09
8.385255787220281028e-04 -1.936172006909955945e+00 -2.248173628679390301e+00 3.752756827707368344e-09 -2.626302938154313260e+00 1.648839285606419086e+09
8.358410020205990021e-04 -1.938615356866700612e+00 -2.272368020650722631e+00 3.991638449983937487e-13 -2.817730425335305711e+00 1.648839285608639717e+09
8.372393437498500211e-04 -1.938459337646770253e+00 -2.170611881526047338e+00 1.568914352111731828e-10 -6.155967276966396007e+00 1.648839285609064341e+09
8.372393437498500211e-04 -1.938459337646770253e+00 -2.170611881526047338e+00 1.568914352111731828e-10 -6.155967276966396007e+00 1.648839285609064341e+09
8.317724942317289384e-04 -1.947415740178728205e+00 -2.194929352036322001e+00 8.107380716587065696e-09 -4.829573500611321180e+00 1.648839285610450983e+09
8.317724942317289384e-04 -1.947415740178728205e+00 -2.194929352036322001e+00 8.107380716587065696e-09 -4.829573500611321180e+00 1.648839285610450983e+09
8.208375372710395492e-04 -1.953873108117088364e+00 -2.203583937846779417e+00 2.700787298825745778e-15 -6.423523792052968417e+00 1.648839285610710859e+09
8.379183254513818775e-04 -1.933534935906688457e+00 -2.250600286772550085e+00 6.249303735976243571e-14 -1.511419894781834472e+00 1.648839285615460396e+09
8.379183254513818775e-04 -1.933534935906688457e+00 -2.250600286772550085e+00 6.249303735976243571e-14 -1.511419894781834472e+00 1.648839285615460396e+09
8.225834109210009969e-04 -1.952847226766100786e+00 -2.240193739221558733e+00 2.503642018596981071e-10 -7.964185086709864692e+00 1.648839285616774797e+09
8.225834109210009969e-04 -1.952847226766100786e+00 -2.240193739221558733e+00 2.503642018596981071e-10 -7.964185086709864692e+00 1.648839285616774797e+09
8.344967290483607447e-04 -1.936251459833509658e+00 -2.256855370403373584e+00 2.810368086376243610e-11 -5.973524778597404605e+00 1.648839285620913029e+09
8.344967290483607447e-04 -1.936251459833509658e+00 -2.256855370403373584e+00 2.810368086376243610e-11 -5.973524778597404605e+00 1.648839285620913029e+09
8.394134549573092473e-04 -1.932550021218964131e+00 -2.235948535244023372e+00 2.887849761401680814e-11 -2.129258923327601138e+00 1.648839285626278162e+09
8.394134549573092473e-04 -1.932550021218964131e+00 -2.235948535244023372e+00 2.887849761401680814e-11 -2.129258923327601138e+00 1.648839285626278162e+09
8.254066908681818816e-04 -1.947572220719969716e+00 -2.236333195975277910e+00 7.114477514280452171e-07 -1.631702718807836128e+00 1.648839285626476526e+09
8.254066908681818816e-04 -1.947572220719969716e+00 -2.236333195975277910e+00 7.114477514280452171e-07 -1.631702718807836128e+00 1.648839285626476526e+09
8.325922483540121061e-04 -1.936322549466622966e+00 -2.190142948632609166e+00 2.073966777736188554e-11 -8.576296025167655657e-01 1.648839285629441023e+09
8.205644351730887257e-04 -1.951911478010142531e+00 -2.172859958162064675e+00 3.872987962829674892e-14 -6.564286695418169337e+00 1.648839285630260229e+09
8.341393843728562608e-04 -1.935676950176608679e+00 -2.163788298276609456e+00 2.266194797867355113e-12 -2.994924258841737519e+00 1.648839285631323099e+09
8.387015192082267244e-04 -1.930751812119792632e+00 -2.199476989689623352e+00 1.014912282886228771e-09 -7.132141839372006409e+00 1.648839285633412600e+09
8.387015192082267244e-04 -1.930751812119792632e+00 -2.199476989689623352e+00 1.014912282886228771e-09 -7.132141839372006409e+00 1.648839285633412600e+09
8.194280469484394687e-04 -1.957016957221998865e+00 -2.183275841693750774e+00 5.160068569944391736e-10 -4.415859050075770398e+00 1.648839285635899544e+09
8.277628661898585620e-04 -1.951909720898769685e+00 -2.184703233123409749e+00 3.447149325033668241e-10 -6.711484871525704499e+00 1.648839285636619091e+09
8.277628661898585620e-04 -1.951909720898769685e+00 -2.184703233123409749e+00 3.447149325033668241e-10 -6.711484871525704499e+00 1.648839285636619091e+09
8.392720689932769767e-04 -1.935809616807716349e+00 -2.201475867562474598e+00 1.847415873458762912e-15 -5.256858649908755510e-01 1.648839285638349295e+09
8.375815463550640577e-04 -1.932304458957559312e+00 -2.209835901191673724e+00 6.069116340302537647e-08 -8.897025533472922021e-01 1.648839285639309645e+09
8.375815463550640577e-04 -1.932304458957559312e+00 -2.209835901191673724e+00 6.069116340302537647e-08 -8.897025533472922021e-01 1.648839285639309645e+09
8.350060883318119248e-04 -1.942312633174086756e+00 -2.171938291681227096e+00 4.764338058490007798e-10 -2.964042979179026815e+00 1.648839285644343376e+09
8.350060883318119248e-04 -1.942312633174086756e+00 -2.171938291681227096e+00 4.764338058490007798e-10 -2.964042979179026815e+00 1.648839285644343376e+09
8.363798744497736009e-04 -1.940273451071922173e+00 -2.239883147100772298e+00 1.047950492069565136e-14 -7.442963346514597234e-01 1.648839285646167994e+09
8.378001654650875764e-04 -1.933821366907142902e+00 -2.248347690171850211e+00 2.510418362645658636e-07 -2.598888352483141873e+00 1.648839285647323847e+09
8.378001654650875764e-04 -1.933821366907142902e+00 -2.248347690171850211e+00 2.510418362645658636e-07 -2.598888352483141873e+00 1.648839285647323847e+09
8.373900683639349867e-04 -1.939519296249481384e+00 -2.174357458225923079e+00 1.743669239178594609e-07 -4.605464702108840847e+00 1.648839285647556305e+09
8.373900683639349867e-04 -1.939519296249481384e+00 -2.174357458225923079e+00 1.743669239178594609e-07 -4.605464702108840847e+00 1.648839285647556305e+09
8.350169024354908666e-04 -1.938082200439979808e+00 -2.275234390136820828e+00 3.158949188027713685e-12 -4.272692040549234349e+00 1.648839285649579287e+09
8.233085455063554993e-04 -1.949066985788238782e+00 -2.139510762401418908e+00 3.973314090662901430e-10 -3.853095145756285866e+00 1.648839285650179148e+09
8.351549091603015749e-04 -1.938117223566123482e+00 -2.276523138779326771e+00 7.215912321392228488e-07 -8.536423355793205658e-01 1.648839285650634527e+09
8.223762552142557499e-04 -1.949281130745785795e+00 -2.186873423891416923e+00 6.176352324354074290e-13 -1.259769873676548357e+00 1.648839285656267405e+09
8.223762552142557499e-04 -1.949281130745785795e+00 -2.186873423891416923e+00 6.176352324354074290e-13 -1.259769873676548357e+00 1.648839285656267405e+09
8.204655063001218759e-04 -1.953989968609970873e+00 -2.140681166300067773e+00 6.700630286253238783e-08 -3.365873916710214964e+00 1.648839285657977581e+09
8.204655063001218759e-04 -1.953989968609970873e+00 -2.140681166300067773e+00 6.700630286253238783e-08 -3.365873916710214964e+00 1.648839285657977581e+09
8.338354262172161446e-04 -1.942047231838470278e+00 -2.186739880056154384e+00 1.414917453420105782e-07 -5.302993135813006020e+00 1.648839285658463240e+09
8.338354262172161446e-04 -1.942047231838470278e+00 -2.186739880056154384e+00 1.414917453420105782e-07 -5.302993135813006020e+00 1.648839285658463240e+09
8.383161188618762621e-04 -1.933650604738228029e+00 -2.173718824351994705e+00 6.462049364482021359e-10 -4.614406518691178682e+00 1.648839285659777641e+09
8.383161188618762621e-04 -1.933650604738228029e+00 -2.173718824351994705e+00 6.462049364482021359e-10 -4.614406518691178682e+00 1.648839285659777641e+09
8.236459587342688602e-04 -1.950938903403383939e+00 -2.232444392765300822e+00 4.148544912740421600e-12 -8.876992029810324425e-01 1.648839285661830902e+09
8.219670977648932397e-04 -1.955434500887741178e+00 -2.204797901790522374e+00 2.562653922735177208e-14 -1.828894211660059277e+00 1.648839285662970781e+09
8.377576151880935639e-04 -1.938733801875151652e+00 -2.202158841201010908e+00 1.050538432776064054e-09 -4.798236395228311579e+00 1.648839285665471792e+09
8.347109248959497674e-04 -1.934460971637069537e+00 -2.206106498836398977e+00 1.688190342012995878e-10 -9.858971656821546858e-01 1.648839285668157816e+09
8.309170277540203547e-04 -1.940365232980442611e+00 -2.257724564044642168e+00 3.061728794666630453e-12 -4.065566763814607576e+00 1.648839285669601679e+09
8.309170277540203547e-04 -1.940365232980442611e+00 -2.257724564044642168e+00 3.061728794666630453e-12 -4.065566763814607576e+00 1.648839285669601679e+09
8.220011328436285054e-04 -1.956316039027769182e+00 -2.151758242923996534e+00 6.024442169290614598e-14 -4.274619648200924438e+00 1.648839285671693325e+09
8.220011328436285054e-04 -1.956316039027769182e+00 -2.151758242923996534e+00 6.024442169290614598e-14 -4.274619648200924438e+00 1.648839285671693325e+09
8.362887731018377830e-04 -1.939498863381222904e+00 -2.255224684578201799e+00 9.218735347883869222e-15 -3.332945601607990582e+00 1.648839285673084497e+09
8.362887731018377830e-04 -1.939498863381222904e+00 -2.255224684578201799e+00 9.218735347883869222e-15 -3.332945601607990582e+00 1.648839285673084497e+09
8.258697188578241954e-04 -1.944025465454479296e+00 -2.173485715383074002e+00 1.692417497385780283e-13 -3.985447238273506443e+00 1.648839285676978588e+09
8.258697188578241954e-04 -1.944025465454479296e+00 -2.173485715383074002e+00 1.692417497385780283e-13 -3.985447238273506443e+00 1.648839285676978588e+09
8.232840155229831543e-04 -1.947709365599379572e+00 -2.181093092418241230e+00 1.206385599376378799e-11 -4.793566780636016489e+00 1.648839285677284002e+09
8.336854564141429414e-04 -1.935364796623742167e+00 -2.200134256932869015e+00 2.027652334437035702e-12 -5.983902686942361271e+00 1.648839285680099964e+09
8.336854564141429414e-04 -1.935364796623742167e+00 -2.200134256932869015e+00 2.027652334437035702e-12 -5.983902686942361271e+00 1.648839285680099964e+09
8.261413291273545650e-04 -1.952059212197958527e+00 -2.224450941818191030e+00 8.948344131788162456e-08 -1.272259953398910071e+00 1.648839285681901455e+09
8.348794261598724330e-04 -1.936064739750371855e+00 -2.156121268356069098e+00 1.104066628677489913e-13 -5.585653516842574717e+00 1.648839285687702894e+09
8.361307698548534019e-04 -1.933414713205705793e+00 -2.213213259814767131e+00 1.960108632657132793e-14 -6.268605339406186694e+00 1.648839285687829971e+09
8.245475760636206521e-04 -1.945904165843871603e+00 -2.160704563627607655e+00 2.794825141039463570e-12 -5.175095496591593403e+00 1.648839285692470312e+09
8.370180937097728259e-04 -1.932757138486954851e+00 -2.202717884545899896e+00 4.563420518679563806e-15 -3.643952524687892769e+00 1.648839285693235874e+09
8.295331836381494199e-04 -1.949232394314554195e+00 -2.218871379888231132e+00 1.820408653365552092e-10 -1.241272334662842702e+00 1.648839285697573423e+09
8.295331836381494199e-04 -1.949232394314554195e+00 -2.218871379888231132e+00 1.820408653365552092e-10 -1.241272334662842702e+00 1.648839285697573423e+09
8.338169114833343665e-04 -1.935540307774300306e+00 -2.219638035373027396e+00 1.144090365456644142e-13 -5.060396483040975113e+00 1.648839285701608658e+09
8.338169114833343665e-04 -1.935540307774300306e+00 -2.219638035373027396e+00 1.144090365456644142e-13 -5.060396483040975113e+00 1.648839285701608658e+09
8.228409779266395449e-04 -1.954129480286751264e+00 -2.139955462819722598e+00 8.864081936340125000e-12 -2.473627445695258942e+00 1.648839285706152678e+09
8.319570573608226112e-04 -1.943893666476155691e+00 -2.253998643502639787e+00 1.077720350632268793e-06 -2.477441322127472034e+00 1.648839285707920551e+09
8.319570573608226112e-04 -1.943893666476155691e+00 -2.253998643502639787e+00 1.077720350632268793e-06 -2.477441322127472034e+00 1.648839285707920551e+09
8.258370587391310191e-04 -1.947899817770937236e+00 -2.247320413179864751e+00 1.517786886734672002e-10 -5.237727115213161255e+00 1.648839285708079100e+09
8.258370587391310191e-04 -1.947899817770937236e+00 -2.247320413179864751e+00 1.517786886734672002e-10 -5.237727115213161255e+00 1.648839285708079100e+09
8.367835439332551141e-04 -1.937907222366632487e+00 -2.261425687956140518e+00 8.136826466767772285e-12 -1.946771356503878891e+00 1.648839285708289862e+09
8.309903245828330343e-04 -1.947816579178679897e+00 -2.211350814105306206e+00 1.051622200976129632e-08 -2.729679530397931764e+00 1.648839285716841936e+09
8.311211893031551692e-04 -1.937956471097126432e+00 -2.194563822858319302e+00 7.017669292929189114e-14 -7.976680382116910550e+00 1.648839285718546391e+09
8.311211893031551692e-04 -1.937956471097126432e+00 -2.194563822858319302e+00 7.017669292929189114e-14 -7.976680382116910550e+00 1.648839285718546391e+09
8.380803591166375221e-04 -1.939067232641067395e+00 -2.178492072274353042e+00 7.629433321594638963e-08 -4.945100271378523260e+00 1.648839285720324039e+09
8.316502807826868906e-04 -1.944834346495009303e+00 -2.146521296853296512e+00 2.626807871777576160e-09 -3.273952598627412058e+00 1.648839285720711231e+09
8.316502807826868906e-04 -1.944834346495009303e+00 -2.146521296853296512e+00 2.626807871777576160e-09 -3.273952598627412058e+00 1.648839285720711231e+09
8.303060639429128698e-04 -1.948731673179567636e+00 -2.200956076029930486e+00 2.969142205966967178e-11 -3.264431588052102207e+00 1.648839285721342802e+09
8.286378987954920406e-04 -1.946294623615006048e+00 -2.301633205131043081e+00 4.745102135855608515e-09 -6.780443103985718700e+00 1.648839285721463442e+09
8.295195454559873682e-04 -1.943757634943484636e+00 -2.267032147603192271e+00 1.154122293594301067e-12 -6.091074153637897837e+00 1.648839285723541021e+09
8.295195454559873682e-04 -1.943757634943484636e+00 -2.267032147603192271e+00 1.154122293594301067e-12 -6.091074153637897837e+00 1.648839285723541021e+09
8.378216381456264975e-04 -1.936744211156947504e+00 -2.171924053649481046e+00 9.422451890663046637e-11 -2.195994866296429038e+00 1.648839285724404812e+09
8.337405836715334377e-04 -1.943508329394064704e+00 -2.244214350060067975e+00 1.250183336015322681e-14 -1.866224924053031309e+00 1.648839285725651741e+09
8.337405836715334377e-04 -1.943508329394064704e+00 -2.244214350060067975e+00 1.250183336015322681e-14 -1.866224924053031309e+00 1.648839285725651741e+09
8.281164180523014869e-04 -1.951207470686367573e+00 -2.189034691974064639e+00 1.049682128783379462e-09 -4.041065499210699130e+00 1.648839285728797197e+09
8.294383320170512722e-04 -1.946379544203732159e+00 -2.264337960018924623e+00 2.733981152378671648e-09 -4.653389878372652610e+00 1.648839285729096651e+09
8.294383320170512722e-04 -1.946379544203732159e+00 -2.264337960018924623e+00 2.733981152378671648e-09 -4.653389878372652610e+00 1.648839285729096651e+09
8.343665220317513908e-04 -1.943613526288876292e+00 -2.213977115281077879e+00 9.855835011160923266e-14 -1.532077742478913152e+00 1.648839285729141235e+09
8.343665220317513908e-04 -1.943613526288876292e+00 -2.213977115281077879e+00 9.855835011160923266e-14 -1.532077742478913152e+00 1.648839285729141235e+09
8.193964003833344644e-04 -1.954434823220092321e+00 -2.161655375309092797e+00 7.591547347831268531e-13 -7.081221123432447584e+00 1.648839285730482578e+09
8.277346085487576098e-04 -1.943951396004434118e+00 -2.243913592285193825e+00 1.095044009877095314e-13 -6.372960388035204815e+00 1.648839285730821609e+09
8.277346085487576098e-04 -1.943951396004434118e+00 -2.243913592285193825e+00 1.095044009877095314e-13 -6.372960388035204815e+00 1.648839285730821609e+09
8.224639284019071668e-04 -1.956147469913812387e+00 -2.185985788049598977e+00 2.749678331538755875e-09 -2.823512060937914292e+00 1.648839285731091738e+09
8.363809104707438944e-04 -1.933288945822728699e+00 -2.214973639196953670e+00 6.124675488233614241e-08 -2.988264626564003379e-01 1.648839285731161594e+09
8.320415146051677755e-04 -1.938031642162993062e+00 -2.155523291938302055e+00 1.755564866788862442e-10 -2.672960921579671911e+00 1.648839285732136011e+09
8.320415146051677755e-04 -1.938031642162993062e+00 -2.155523291938302055e+00 1.755564866788862442e-10 -2.672960921579671911e+00 1.648839285732136011e+09
8.282638780084779695e-04 -1.948107456141667360e+00 -2.254515745590981002e+00 2.060895538387054563e-07 -1.555649105873511573e+00 1.648839285732814074e+09
8.278828467916902068e-04 -1.943408725457087982e+00 -2.239481006673797570e+00 4.899825827390283793e-15 -2.122225018082308345e+00 1.648839285733413458e+09
8.315908119953513812e-04 -1.943902497510510807e+00 -2.142311699859569263e+00 1.193527164182275260e-08 -1.551623393642102222e+00 1.648839285734442234e+09
8.248819781881997848e-04 -1.948829397409833630e+00 -2.238950296734478318e+00 2.977104669984054576e-11 -7.006948778363391028e+00 1.648839285735780478e+09
8.291040342708930850e-04 -1.943788045856406299e+00 -2.262771464353092732e+00 6.832547315142143624e-11 -4.003135496141213778e+00 1.648839285736532927e+09
8.291040342708930850e-04 -1.943788045856406299e+00 -2.262771464353092732e+00 6.832547315142143624e-11 -4.003135496141213778e+00 1.648839285736532927e+09
8.285802383601166771e-04 -1.949520442631371031e+00 -2.232995430435080753e+00 2.264052287735819871e-13 -3.910358558327084566e+00 1.648839285738758087e+09
8.256826999369948654e-04 -1.944292587229045743e+00 -2.185958385602159382e+00 1.648306486345339602e-09 -5.891807932212897114e+00 1.648839285739132881e+09
8.256826999369948654e-04 -1.944292587229045743e+00 -2.185958385602159382e+00 1.648306486345339602e-09 -5.891807932212897114e+00 1.648839285739132881e+09
8.238896600186808349e-04 -1.951738085373350584e+00 -2.231737037644230259e+00 1.013117845758027785e-12 -3.121319187740409618e+00 1.648839285739519358e+09
8.282272128227296647e-04 -1.948612013185242242e+00 -2.251731279455933432e+00 1.935487796443076656e-09 -5.095190397299655061e+00 1.648839285743822575e+09
8.385329462292032956e-04 -1.932323511152374440e+00 -2.220907018030437552e+00 3.162880031240074910e-13 -4.478924898257679033e-01 1.648839285745419502e+09
8.385329462292032956e-04 -1.932323511152374440e+00 -2.220907018030437552e+00 3.162880031240074910e-13 -4.478924898257679033e-01 1.648839285745419502e+09
8.298964039762565239e-04 -1.949127314805616962e+00 -2.202463285145355609e+00 3.866889839357215660e-13 -7.348970550332716734e+00 1.648839285748125076e+09
8.278103289071733111e-04 -1.950096852246249624e+00 -2.234101071229655400e+00 1.723886830954855494e-14 -6.096747679030551481e+00 1.648839285749231577e+09
8.278103289071733111e-04 -1.950096852246249624e+00 -2.234101071229655400e+00 1.723886830954855494e-14 -6.096747679030551481e+00 1.648839285749231577e+09
8.376383298664903838e-04 -1.938083824313587611e+00 -2.237299118847495105e+00 1.977822037170823427e-12 -2.786291301031713630e-01 1.648839285750371933e+09
8.376383298664903838e-04 -1.938083824313587611e+00 -2.237299118847495105e+00 1.977822037170823427e-12 -2.786291301031713630e-01 1.648839285750371933e+09
8.366506036907530751e-04 -1.939628197017557509e+00 -2.253740452350433632e+00 5.656733641057403995e-07 -1.696816470284456813e-02 1.648839285750676632e+09
8.366506036907530751e-04 -1.939628197017557509e+00 -2.253740452350433632e+00 5.656733641057403995e-07 -1.696816470284456813e-02 1.648839285750676632e+09
8.367304299060684741e-04 -1.936901401524122823e+00 -2.268628047607385234e+00 1.003390612386830499e-09 -6.059734041046521469e+00 1.648839285750752211e+09
8.367304299060684741e-04 -1.936901401524122823e+00 -2.268628047607385234e+00 1.003390612386830499e-09 -6.059734041046521469e+00 1.648839285750752211e+09
8.382426925625794441e-04 -1.932864003863952851e+00 -2.184614179088766317e+00 1.141509757563908014e-11 -7.265765650572411083e+00 1.648839285752486229e+09
8.323828703125234381e-04 -1.937389402572285979e+00 -2.230267421476611833e+00 6.455971897344026632e-09 -2.123459507388662182e+00 1.648839285752603054e+09
8.421752360270334413e-04 -1.929993219822372374e+00 -2.201377783415910727e+00 5.718028550447726298e-10 -7.926131726418085499e+00 1.648839285752825260e+09
8.346862837691086450e-04 -1.942248207410546712e+00 -2.243781853773374024e+00 1.131573438965628699e-12 -2.639221073152470787e+00 1.648839285754433393e+09
8.346862837691086450e-04 -1.942248207410546712e+00 -2.243781853773374024e+00 1.131573438965628699e-12 -2.639221073152470787e+00 1.648839285754433393e+09
8.318299900257411505e-04 -1.944864791716337971e+00 -2.306803492619927454e+00 1.249806471288154555e-09 -7.696811356185641273e+00 1.648839285754733562e+09
8.318299900257411505e-04 -1.944864791716337971e+00 -2.306803492619927454e+00 1.249806471288154555e-09 -7.696811356185641273e+00 1.648839285754733562e+09
8.205260756407436930e-04 -1.952442774971531847e+00 -2.175853744270736190e+00 1.454123180483053246e-14 -4.157464764528350010e+00 1.648839285758606434e+09
8.299188729947372823e-04 -1.946773174326014155e+00 -2.255857032425719666e+00 5.985075268186293489e-15 -3.427107800418449202e+00 1.648839285761897802e+09
8.285567279424687140e-04 -1.949237801955588267e+00 -2.237604851801259009e+00 1.160383878579812554e-15 -6.089620546392568556e+00 1.648839285764024496e+09
8.285567279424687140e-04 -1.949237801955588267e+00 -2.237604851801259009e+00 1.160383878579812554e-15 -6.089620546392568556e+00 1.648839285764024496e+09
8.312266840053401202e-04 -1.945177464009806512e+00 -2.260463625009150768e+00 4.813351253099064272e-13 -6.349006527962600899e+00 1.648839285764101982e+09
8.312266840053401202e-04 -1.945177464009806512e+00 -2.260463625009150768e+00 4.813351253099064272e-13 -6.349006527962600899e+00 1.648839285764101982e+09
8.373245507675860198e-04 -1.933906357167264556e+00 -2.245220450828338876e+00 7.687492498219608927e-15 -1.328760304230045541e+00 1.648839285764863014e+09
8.268318836885781356e-04 -1.944569265107817024e+00 -2.141728956048756682e+00 1.675331965826505938e-13 -4.689227740434647629e+00 1.648839285764975548e+09
8.268318836885781356e-04 -1.944569265107817024e+00 -2.141728956048756682e+00 1.675331965826505938e-13 -4.689227740434647629e+00 1.648839285764975548e+09
8.253457661047760869e-04 -1.953465804706264297e+00 -2.156301558355123049e+00 4.031302615688016979e-11 -6.008229264176235596e+00 1.648839285766518593e+09
8.264766725032013806e-04 -1.944935837338662266e+00 -2.141990331227618949e+00 5.836912684068371767e-15 -3.267733324690026642e+00 1.648839285766746283e+09
8.303636272347091367e-04 -1.947645554416169711e+00 -2.235302151499451551e+00 1.533423286306723809e-15 -1.237895776940775683e+00 1.648839285767460823e+09
8.389147473930946364e-04 -1.936103383490955787e+00 -2.199800377434667276e+00 7.653287522640749406e-12 -2.494775858545214220e+00 1.648839285768078327e+09
8.389147473930946364e-04 -1.936103383490955787e+00 -2.199800377434667276e+00 7.653287522640749406e-12 -2.494775858545214220e+00 1.648839285768078327e+09
8.356695391434761045e-04 -1.940643422211324687e+00 -2.167311256538857034e+00 5.462682525318308538e-11 -3.399236253939792007e+00 1.648839285770090342e+09
8.356695391434761045e-04 -1.940643422211324687e+00 -2.167311256538857034e+00 5.462682525318308538e-11 -3.399236253939792007e+00 1.648839285770090342e+09
8.238045006131281293e-04 -1.952960780845224509e+00 -2.223968093508812416e+00 9.280826348331801332e-13 -1.936109170129592272e+00 1.648839285771288395e+09
8.269176445716396994e-04 -1.944082322891574011e+00 -2.225456236210708205e+00 7.366312522510976212e-14 -1.618310558979339397e+00 1.648839285775322676e+09
8.371959702894706196e-04 -1.938985911503704251e+00 -2.231996206005588235e+00 1.451595054242536019e-13 -7.165178889561720332e+00 1.648839285776342869e+09
8.371959702894706196e-04 -1.938985911503704251e+00 -2.231996206005588235e+00 1.451595054242536019e-13 -7.165178889561720332e+00 1.648839285776342869e+09
8.212127840108520999e-04 -1.951805808113322271e+00 -2.188427649753633464e+00 1.334304629095621497e-08 -8.819906444625011943e-01 1.648839285777254581e+09
8.212127840108520999e-04 -1.951805808113322271e+00 -2.188427649753633464e+00 1.334304629095621497e-08 -8.819906444625011943e-01 1.648839285777254581e+09
8.262961762888809724e-04 -1.947194761743616720e+00 -2.247436100413200855e+00 3.691037153624856565e-14 -5.955087991512906243e+00 1.648839285778802395e+09
8.336918015267535086e-04 -1.936935520655881815e+00 -2.248860826758984466e+00 3.609801824731494223e-10 -3.202318595652188016e+00 1.648839285781299591e+09
8.336918015267535086e-04 -1.936935520655881815e+00 -2.248860826758984466e+00 3.609801824731494223e-10 -3.202318595652188016e+00 1.648839285781299591e+09
8.280665823021515076e-04 -1.949140970397883921e+00 -2.143549753407435254e+00 1.919128882862215790e-13 -7.074023270397980845e+00 1.648839285782778025e+09
8.384808941277015204e-04 -1.932681503441979975e+00 -2.227720872011338837e+00 2.535266894772961220e-14 -4.254206731802216979e+00 1.648839285785453081e+09
8.384808941277015204e-04 -1.932681503441979975e+00 -2.227720872011338837e+00 2.535266894772961220e-14 -4.254206731802216979e+00 1.648839285785453081e+09
8.287502703015260132e-04 -1.949961154591982826e+00 -2.215943560778661059e+00 2.037931914100056045e-10 -2.904989877586292124e+00 1.648839285786773920e+09
8.287502703015260132e-04 -1.949961154591982826e+00 -2.215943560778661059e+00 2.037931914100056045e-10 -2.904989877586292124e+00 1.648839285786773920e+09
8.201898754743791120e-04 -1.953227917313900885e+00 -2.175419941581202554e+00 1.365307185929994872e-14 -5.490106806570050679e+00 1.648839285788383484e+09
8.233188596458299643e-04 -1.950137639456566596e+00 -2.220221203949982680e+00 1.644417242607081962e-12 -3.855722936869032225e+00 1.648839285788573980e+09
8.233188596458299643e-04 -1.950137639456566596e+00 -2.220221203949982680e+00 1.644417242607081962e-12 -3.855722936869032225e+00 1.648839285788573980e+09
8.281724022214425251e-04 -1.944492027688784708e+00 -2.254565243893445370e+00 6.730597489456253742e-09 -1.226625977361290865e-01 1.648839285790937424e+09
8.281724022214425251e-04 -1.944492027688784708e+00 -2.254565243893445370e+00 6.730597489456253742e-09 -1.226625977361290865e-01 1.648839285790937424e+09
8.259344888321894186e-04 -1.946017079329748656e+00 -2.230912617569791312e+00 2.783769885667373171e-12 -6.169600710883111461e+00 1.648839285793223381e+09
8.378855744973396930e-04 -1.937482875991707321e+00 -2.183131992804129951e+00 2.009223403808586250e-15 -7.681875843718821706e+00 1.648839285793627977e+09
8.378855744973396930e-04 -1.937482875991707321e+00 -2.183131992804129951e+00 2.009223403808586250e-15 -7.681875843718821706e+00 1.648839285793627977e+09
8.302135806945411733e-04 -1.939149123609699377e+00 -2.202135422315816715e+00 8.678744292105310254e-11 -1.265662376552182167e+00 1.648839285796818733e+09
8.242551775835603532e-04 -1.947268095019717871e+00 -2.205673626933345677e+00 3.113963998216433787e-13 -1.968196740165619296e+00 1.648839285799818516e+09
8.328469085981696175e-04 -1.937412590940168489e+00 -2.240569181810078803e+00 2.146856655664167477e-11 -1.264469402056326963e+00 1.648839285802059174e+09
8.220886268562099591e-04 -1.949995193869949572e+00 -2.151892420931070138e+00 3.441904279181617867e-12 -2.294035554009335343e+00 1.648839285804534674e+09
8.319610949896203214e-04 -1.941508841531931928e+00 -2.272077711602468408e+00 3.488515662651955279e-10 -2.993659018472889954e+00 1.648839285807655334e+09
8.292706194117513896e-04 -1.942461159461467357e+00 -2.140786490091776351e+00 2.873689199445125457e-11 -2.166399296389476703e+00 1.648839285808817148e+09
8.384567430621321258e-04 -1.936158023266548955e+00 -2.186433055854997143e+00 5.889626946308368728e-07 -1.891042681159507133e+00 1.648839285809820890e+09
8.384567430621321258e-04 -1.936158023266548955e+00 -2.186433055854997143e+00 5.889626946308368728e-07 -1.891042681159507133e+00 1.648839285809820890e+09
8.362969680046039274e-04 -1.938560002208648658e+00 -2.161825509583750193e+00 8.114056806176823228e-13 -9.800135209062279529e-01 1.648839285809997082e+09
8.284621511995706291e-04 -1.945199204386698799e+00 -2.260682300483284113e+00 1.721028858138389722e-15 -4.495535771109988588e+00 1.648839285810807705e+09
8.237620718773126056e-04 -1.955260628104837917e+00 -2.168808025031618403e+00 6.499370496633511715e-12 -3.841995036824776832e-01 1.648839285811099291e+09
8.237620718773126056e-04 -1.955260628104837917e+00 -2.168808025031618403e+00 6.499370496633511715e-12 -3.841995036824776832e-01 1.648839285811099291e+09
8.275068740520988069e-04 -1.947584803883397386e+00 -2.256013796735665267e+00 2.014573291356971285e-13 -5.364150028151083660e+00 1.648839285812015533e+09
8.275068740520988069e-04 -1.947584803883397386e+00 -2.256013796735665267e+00 2.014573291356971285e-13 -5.364150028151083660e+00 1.648839285812015533e+09
8.296005075033839344e-04 -1.941694507295019356e+00 -2.143374208170609307e+00 1.169516770397237198e-10 -3.199414887139650610e+00 1.648839285817721128e+09
8.296005075033839344e-04 -1.941694507295019356e+00 -2.143374208170609307e+00 1.169516770397237198e-10 -3.199414887139650610e+00 1.648839285817721128e+09
8.354297193154324678e-04 -1.940989654118919550e+00 -2.167665528542284115e+00 1.392251787779409510e-08 -3.117910390337012672e+00 1.648839285818866730e+09
8.255756473863544269e-04 -1.951024747512996482e+00 -2.138863252306966167e+00 6.097303351908528821e-14 -1.486031923678091005e+00 1.648839285820794821e+09
8.255756473863544269e-04 -1.951024747512996482e+00 -2.138863252306966167e+00 6.097303351908528821e-14 -1.486031923678091005e+00 1.648839285820794821e+09
8.248246276342708792e-04 -1.954297975824741407e+00 -2.181520959188126607e+00 9.461690446906634207e-12 -5.170944112728698805e+00 1.648839285822259426e+09
8.248246276342708792e-04 -1.954297975824741407e+00 -2.181520959188126607e+00 9.461690446906634207e-12 -5.170944112728698805e+00 1.648839285822259426e+09
8.333521122309678862e-04 -1.944903617770251669e+00 -2.197564761322404969e+00 6.096358874498337014e-12 -4.400841977314241760e+00 1.648839285823539734e+09
8.396461034673387454e-04 -1.933530056021414811e+00 -2.207034893323202684e+00 7.762184709774457690e-10 -5.017115985853189741e+00 1.648839285826539755e+09
8.396461034673387454e-04 -1.933530056021414811e+00 -2.207034893323202684e+00 7.762184709774457690e-10 -5.017115985853189741e+00 1.648839285826539755e+09
8.374721679479392141e-04 -1.934473092320126542e+00 -2.170944766081756239e+00 2.121078600751253303e-13 -3.541627095054698415e+00 1.648839285829844713e+09
8.374721679479392141e-04 -1.934473092320126542e+00 -2.170944766081756239e+00 2.121078600751253303e-13 -3.541627095054698415e+00 1.648839285829844713e+09
8.192010701069808547e-04 -1.957120058278812191e+00 -2.164630948462605620e+00 6.263385059227897669e-13 -3.365318693416825546e+00 1.648839285829872131e+09
8.192010701069808547e-04 -1.957120058278812191e+00 -2.164630948462605620e+00 6.263385059227897669e-13 -3.365318693416825546e+00 1.648839285829872131e+09
8.312241174626960188e-04 -1.941721625948268359e+00 -2.268042345442055741e+00 6.247264805329139090e-12 -5.332858184328527429e+00 1.648839285829995394e+09
8.278604810749235279e-04 -1.951178556003705378e+00 -2.199529751909907294e+00 3.085955691105370182e-11 -6.283548056924278313e+00 1.648839285831421137e+09
8.357117420132622980e-04 -1.941319855915252690e+00 -2.226138239591650247e+00 2.999536998158636509e-15 -1.825574373650062476e+00 1.648839285831762314e+09
8.193093468698472428e-04 -1.956214611148814120e+00 -2.154323804331020220e+00 1.503934697720587017e-11 -6.130567242314370446e+00 1.648839285836120129e+09
8.302112481396828163e-04 -1.944636154595798416e+00 -2.138995040857414320e+00 3.452246950586479848e-10 -4.606425084718314800e+00 1.648839285837684870e+09
8.362639468211230907e-04 -1.939846277923342965e+00 -2.239984797159076280e+00 7.251467373635272449e-07 -1.754708515206600872e+00 1.648839285837855339e+09
8.239527979329820326e-04 -1.947231077839935987e+00 -2.190302449634324411e+00 3.482764569359009022e-09 -7.406908317688181143e-01 1.648839285839941502e+09
8.239527979329820326e-04 -1.947231077839935987e+00 -2.190302449634324411e+00 3.482764569359009022e-09 -7.406908317688181143e-01 1.648839285839941502e+09
8.222201997461993156e-04 -1.952513805236179012e+00 -2.137682271491029073e+00 1.192696059052077542e-08 -4.137241985213563567e+00 1.648839285842822790e+09
8.222201997461993156e-04 -1.952513805236179012e+00 -2.137682271491029073e+00 1.192696059052077542e-08 -4.137241985213563567e+00 1.648839285842822790e+09
8.302468978644182099e-04 -1.940302905261267696e+00 -2.236935650342011250e+00 5.196226350451041107e-13 -3.751757482731465032e+00 1.648839285844987154e+09
8.302468978644182099e-04 -1.940302905261267696e+00 -2.236935650342011250e+00 5.196226350451041107e-13 -3.751757482731465032e+00 1.648839285844987154e+09
8.393505520717488766e-04 -1.932754656615210731e+00 -2.212823714877250492e+00 2.535526777552840886e-12 -1.141343140208360474e+00 1.648839285847160339e+09
8.393505520717488766e-04 -1.932754656615210731e+00 -2.212823714877250492e+00 2.535526777552840886e-12 -1.141343140208360474e+00 1.648839285847160339e+09
8.225564821560625833e-04 -1.951585717371029371e+00 -2.138262420386931151e+00 6.004702587026243921e-15 -1.129077824614356018e+00 1.648839285847801208e+09
8.225564821560625833e-04 -1.951585717371029371e+00 -2.138262420386931151e+00 6.004702587026243921e-15 -1.129077824614356018e+00 1.648839285847801208e+09
8.268802257473970106e-04 -1.943441588011443955e+00 -2.204748507464371343e+00 9.703014836744076713e-13 -1.945695444858082546e+00 1.648839285853797913e+09
8.362899505469047938e-04 -1.936511621069802569e+00 -2.261712111110456114e+00 9.271887767551550467e-11 -5.091582042044430878e+00 1.648839285856662035e+09
8.362899505469047938e-04 -1.936511621069802569e+00 -2.261712111110456114e+00 9.271887767551550467e-11 -5.091582042044430878e+00 1.648839285856662035e+09
8.397754525100709338e-04 -1.935026700655654741e+00 -2.201331847233338745e+00 1.540388102268725003e-07 -4.299670711592601613e+00 1.648839285857790470e+09
8.238068406750787649e-04 -1.949052559263352746e+00 -2.217880082689813293e+00 7.104775427071971059e-15 -3.542786973265009465e+00 1.648839285859024763e+09
8.238068406750787649e-04 -1.949052559263352746e+00 -2.217880082689813293e+00 7.104775427071971059e-15 -3.542786973265009465e+00 1.648839285859024763e+09
8.388456538554872870e-04 -1.933365337897148928e+00 -2.193551444152685992e+00 3.046277340048361687e-07 -2.336981856871958030e+00 1.648839285859332800e+09
8.388456538554872870e-04 -1.933365337897148928e+00 -2.193551444152685992e+00 3.046277340048361687e-07 -2.336981856871958030e+00 1.648839285859332800e+09
8.349450043480730315e-04 -1.940015145808963837e+00 -2.151965492163051774e+00 6.930223882073446406e-08 -3.995231864313344872e+00 1.648839285860549212e+09
8.332294625024468234e-04 -1.936636786135228716e+00 -2.228134622184419822e+00 6.967744191322201549e-11 -5.074876664553324090e+00 1.648839285863128424e+09
8.273263357189739693e-04 -1.942580474461501838e+00 -2.191470504610392389e+00 7.080944090040690228e-09 -4.024114819011096245e+00 1.648839285869759798e+09
8.273263357189739693e-04 -1.942580474461501838e+00 -2.191470504610392389e+00 7.080944090040690228e-09 -4.024114819011096245e+00 1.648839285869759798e+09
8.352625720001912715e-04 -1.942102688816688127e+00 -2.215501775359173919e+00 2.388420753846271016e-14 -5.825828374759066008e+00 1.648839285874022484e+09
8.251902018261697688e-04 -1.947789975688781539e+00 -2.232090848211854883e+00 1.252449046151863083e-08 -1.698324974768497420e+00 1.648839285875561237e+09
8.348146602858422987e-04 -1.935931639897954692e+00 -2.245225764375021082e+00 1.804308769148826222e-13 -8.352226986459418967e-01 1.648839285878696442e+09
8.348146602858422987e-04 -1.935931639897954692e+00 -2.245225764375021082e+00 1.804308769148826222e-13 -8.352226986459418967e-01 1.648839285878696442e+09
8.223845268717425291e-04 -1.953247090157309129e+00 -2.139193157499423847e+00 4.277315215796766008e-15 -2.617993835176930517e+00 1.648839285880750418e+09
8.241971967427928845e-04 -1.950187634324904495e+00 -2.230326858426564751e+00 6.560479014298631501e-15 -6.512969950762405702e+00 1.648839285880968094e+09
8.241971967427928845e-04 -1.950187634324904495e+00 -2.230326858426564751e+00 6.560479014298631501e-15 -6.512969950762405702e+00 1.648839285880968094e+09
8.205883729892795696e-04 -1.957017559035979071e+00 -2.174896606094625540e+00 2.246263161231339974e-08 -5.529311392731957042e-01 1.648839285881097794e+09
8.205883729892795696e-04 -1.957017559035979071e+00 -2.174896606094625540e+00 2.246263161231339974e-08 -5.529311392731957042e-01 1.648839285881097794e+09
8.373176535943497234e-04 -1.938839221700209059e+00 -2.195291631923595332e+00 6.531234067856313698e-12 -3.964555695059170937e+00 1.648839285881844044e+09
8.334668714237508051e-04 -1.936454425492583065e+00 -2.228564038315083096e+00 2.306997868694586014e-13 -3.368326275771038603e+00 1.648839285882046223e+09
8.328719002549043711e-04 -1.936701518622948148e+00 -2.174259380524130147e+00 2.179671312863625895e-10 -4.504105772073923042e+00 1.648839285883104324e+09
8.328719002549043711e-04 -1.936701518622948148e+00 -2.174259380524130147e+00 2.179671312863625895e-10 -4.504105772073923042e+00 1.648839285883104324e+09
8.203854686171739010e-04 -1.955330476874278300e+00 -2.146254616662535586e+00 2.163678022952424250e-12 -4.046501100224520364e+00 1.648839285885396957e+09
8.203854686171739010e-04 -1.955330476874278300e+00 -2.146254616662535586e+00 2.163678022952424250e-12 -4.046501100224520364e+00 1.648839285885396957e+09
8.252789916128464498e-04 -1.947485907699629593e+00 -2.230820125455323932e+00 7.105058561479674933e-13 -7.373143848757842456e+00 1.648839285885430813e+09
8.252789916128464498e-04 -1.947485907699629593e+00 -2.230820125455323932e+00 7.105058561479674933e-13 -7.373143848757842456e+00 1.648839285885430813e+09
8.317978212072416446e-04 -1.946825710631011397e+00 -2.201063044342341790e+00 8.272225310377369800e-09 -4.261029345747914476e+00 1.648839285886414528e+09
8.394383738825612722e-04 -1.933953794085119693e+00 -2.215051621917972113e+00 1.236405373942942397e-11 -7.505999284214373901e+00 1.648839285889676094e+09
8.394383738825612722e-04 -1.933953794085119693e+00 -2.215051621917972113e+00 1.236405373942942397e-11 -7.505999284214373901e+00 1.648839285889676094e+09
8.356428873409687619e-04 -1.941487988270611309e+00 -2.217721608898723051e+00 3.505855604331591587e-15 -3.552839472499583096e+00 1.648839285890531063e+09
8.356428873409687619e-04 -1.941487988270611309e+00 -2.217721608898723051e+00 3.505855604331591587e-15 -3.552839472499583096e+00 1.648839285890531063e+09
8.374189383321974621e-04 -1.933065670769431144e+00 -2.196392384842577261e+00 6.587460260908428148e-14 -7.526792576675613411e+00 1.648839285892221212e+09
8.374189383321974621e-04 -1.933065670769431144e+00 -2.196392384842577261e+00 6.587460260908428148e-14 -7.526792576675613411e+00 1.648839285892221212e+09
8.318435278152909017e-04 -1.946135368486476169e+00 -2.227181760399130628e+00 7.969517030585955071e-14 -6.102637688457155818e+00 1.648839285893361568e+09
8.318435278152909017e-04 -1.946135368486476169e+00 -2.227181760399130628e+00 7.969517030585955071e-14 -6.102637688457155818e+00 1.648839285893361568e+09
8.288670118285080667e-04 -1.949108216978902020e+00 -2.229879004744121929e+00 5.784709072219521933e-15 -3.648333785253400130e+00 1.648839285893923283e+09
8.278888838284166347e-04 -1.947681340704868092e+00 -2.219101583120666188e+00 3.871034470724255280e-06 -1.307657886007137726e+00 1.648839285898009539e+09
8.278888838284166347e-04 -1.947681340704868092e+00 -2.219101583120666188e+00 3.871034470724255280e-06 -1.307657886007137726e+00 1.648839285898009539e+09
8.237228569445745850e-04 -1.955017344181971151e+00 -2.183690247388932804e+00 4.210085153333999193e-11 -2.554840467789463609e+00 1.648839285898115873e+09
8.237228569445745850e-04 -1.955017344181971151e+00 -2.183690247388932804e+00 4.210085153333999193e-11 -2.554840467789463609e+00 1.648839285898115873e+09
8.311367589195915642e-04 -1.944821157807940404e+00 -2.260214341360709422e+00 7.462703722454655948e-11 -4.938321260380581279e+00 1.648839285900465488e+09
8.304312356356520139e-04 -1.939337603312482061e+00 -2.216033002965381193e+00 9.749596500907858164e-11 -6.451801115434849798e+00 1.648839285901946545e+09
8.304312356356520139e-04 -1.939337603312482061e+00 -2.216033002965381193e+00 9.749596500907858164e-11 -6.451801115434849798e+00 1.648839285901946545e+09
8.375391279623662808e-04 -1.938360161858630137e+00 -2.194659010598428939e+00 1.692322707939773745e-15 -4.974349300418205999e+00 1.648839285903583050e+09
8.375391279623662808e-04 -1.938360161858630137e+00 -2.194659010598428939e+00 1.692322707939773745e-15 -4.974349300418205999e+00 1.648839285903583050e+09
8.304698162150095549e-04 -1.946537679832321510e+00 -2.248111942768775240e+00 5.630062196313168689e-11 -6.362198356337503746e+00 1.648839285904440641e+09
8.304698162150095549e-04 -1.946537679832321510e+00 -2.248111942768775240e+00 5.630062196313168689e-11 -6.362198356337503746e+00 1.648839285904440641e+09
8.225310308596883290e-04 -1.956017784964470207e+00 -2.166895975620191539e+00 4.809264500362906162e-08 -2.158146177983693903e+00 1.648839285905764580e+09
8.225310308596883290e-04 -1.956017784964470207e+00 -2.166895975620191539e+00 4.809264500362906162e-08 -2.158146177983693903e+00 1.648839285905764580e+09
8.357981811083932660e-04 -1.940805585610989148e+00 -2.178377917407715358e+00 3.721583343593410797e-10 -1.526198708109469671e+00 1.648839285906124353e+09
8.288401254279887005e-04 -1.949671450533095429e+00 -2.161108326112500144e+00 1.631486272471872443e-11 -6.443320752085822889e+00 1.648839285907386541e+09
8.288401254279887005e-04 -1.949671450533095429e+00 -2.161108326112500144e+00 1.631486272471872443e-11 -6.443320752085822889e+00 1.648839285907386541e+09
8.276482194045724737e-04 -1.942181933661768722e+00 -2.184936039193398738e+00 4.685272769623602560e-12 -2.131111477483057293e+00 1.648839285908473730e+09
8.310740850300590626e-04 -1.938953536188149585e+00 -2.218414402007062414e+00 3.009195056554856329e-07 -2.377312386897085794e+00 1.648839285910560369e+09
8.310740850300590626e-04 -1.938953536188149585e+00 -2.218414402007062414e+00 3.009195056554856329e-07 -2.377312386897085794e+00 1.648839285910560369e+09
8.324854909904513085e-04 -1.941467451620986662e+00 -2.269631107515814872e+00 3.197555287166160390e-12 -5.937757612320387679e+00 1.648839285911119938e+09
8.324854909904513085e-04 -1.941467451620986662e+00 -2.269631107515814872e+00 3.197555287166160390e-12 -5.937757612320387679e+00 1.648839285911119938e+09
8.305326019115986166e-04 -1.941981390556901665e+00 -2.260662312385353978e+00 4.002942390826008496e-12 -2.055553056042657367e+00 1.648839285911872149e+09
8.305326019115986166e-04 -1.941981390556901665e+00 -2.260662312385353978e+00 4.002942390826008496e-12 -2.055553056042657367e+00 1.648839285911872149e+09
8.294428055531670365e-04 -1.947455569143732523e+00 -2.259176107326420713e+00 1.610002883811253978e-08 -5.099182361539116748e+00 1.648839285911942482e+09
8.270694554456622417e-04 -1.944512879620186707e+00 -2.142913859614405503e+00 1.742351604519936240e-15 -2.400781645705135858e+00 1.648839285913837433e+09
8.270694554456622417e-04 -1.944512879620186707e+00 -2.142913859614405503e+00 1.742351604519936240e-15 -2.400781645705135858e+00 1.648839285913837433e+09
8.284135217190307819e-04 -1.944561220832523363e+00 -2.254142810158613841e+00 2.747813002119572328e-10 -4.396763953751056775e+00 1.648839285914061546e+09
8.284135217190307819e-04 -1.944561220832523363e+00 -2.254142810158613841e+00 2.747813002119572328e-10 -4.396763953751056775e+00 1.648839285914061546e+09
8.242469747729413423e-04 -1.953978543939531631e+00 -2.152531801718697846e+00 7.166203303433767719e-15 -4.419903812587914871e+00 1.648839285915358543e+09
8.242469747729413423e-04 -1.953978543939531631e+00 -2.152531801718697846e+00 7.166203303433767719e-15 -4.419903812587914871e+00 1.648839285915358543e+09
8.350857164772637533e-04 -1.937925479232523784e+00 -2.265056404854044914e+00 2.272918287263180793e-09 -3.690737344743402204e-01 1.648839285915693045e+09
8.350857164772637533e-04 -1.937925479232523784e+00 -2.265056404854044914e+00 2.272918287263180793e-09 -3.690737344743402204e-01 1.648839285915693045e+09
8.237939988117140740e-04 -1.949654935916554921e+00 -2.220889084214820119e+00 1.297139527842273432e-15 -3.787702398786447766e+00 1.648839285915975809e+09
8.237939988117140740e-04 -1.949654935916554921e+00 -2.220889084214820119e+00 1.297139527842273432e-15 -3.787702398786447766e+00 1.648839285915975809e+09
8.393403184639276976e-04 -1.933690882701907254e+00 -2.212919632953227023e+00 2.798485309846573670e-12 -2.935301074708961622e+00 1.648839285917077780e+09
8.195375694237193960e-04 -1.956374628850849673e+00 -2.157058634099548566e+00 1.382525193717305181e-12 -6.206154771212952781e-01 1.648839285920862675e+09
8.377403268932013224e-04 -1.933460171739964206e+00 -2.185334307486435979e+00 1.165920585584774292e-13 -2.843162315562677733e+00 1.648839285921276808e+09
8.377403268932013224e-04 -1.933460171739964206e+00 -2.185334307486435979e+00 1.165920585584774292e-13 -2.843162315562677733e+00 1.648839285921276808e+09
8.211037403236769302e-04 -1.952386931062764841e+00 -2.186187696577624351e+00 2.939130193788781290e-14 -5.883204380909208275e+00 1.648839285921818733e+09
8.211037403236769302e-04 -1.952386931062764841e+00 -2.186187696577624351e+00 2.939130193788781290e-14 -5.883204380909208275e+00 1.648839285921818733e+09
8.393664170676327354e-04 -1.933066538412731905e+00 -2.225988398105049448e+00 2.915797066641659202e-10 -6.896078579610898984e+00 1.648839285922869921e+09
8.393664170676327354e-04 -1.933066538412731905e+00 -2.225988398105049448e+00 2.915797066641659202e-10 -6.896078579610898984e+00 1.648839285922869921e+09
8.274727801061832052e-04 -1.945521827252478575e+00 -2.262076833490944683e+00 3.950589847054699411e-09 -6.187145631529130441e+00 1.648839285926907301e+09
8.210985484230405194e-04 -1.955322664199547367e+00 -2.146199371402966349e+00 1.162249425112232709e-11 -3.223935083791347189e+00 1.648839285934192896e+09
8.210985484230405194e-04 -1.955322664199547367e+00 -2.146199371402966349e+00 1.162249425112232709e-11 -3.223935083791347189e+00 1.648839285934192896e+09
8.256002077665185179e-04 -1.953431089407197785e+00 -2.173581513422511602e+00 4.637494909049214158e-11 -4.440062258137726481e+00 1.648839285934619427e+09
8.348175719234073554e-04 -1.935612563452902002e+00 -2.236088414987328576e+00 4.209075168000940207e-13 -1.916304842756551885e+00 1.648839285936394930e+09
8.366501524518586263e-04 -1.939928165879275523e+00 -2.199304413938695468e+00 5.481173707392889694e-08 -1.350238570182901832e+00 1.648839285936952591e+09
8.366501524518586263e-04 -1.939928165879275523e+00 -2.199304413938695468e+00 5.481173707392889694e-08 -1.350238570182901832e+00 1.648839285936952591e+09
8.309767938725256403e-04 -1.946467926828105988e+00 -2.155233260384105343e+00 1.023922639577310932e-13 -7.986609549644372308e-01 1.648839285938161373e+09
8.309767938725256403e-04 -1.946467926828105988e+00 -2.155233260384105343e+00 1.023922639577310932e-13 -7.986609549644372308e-01 1.648839285938161373e+09
8.237803882024474864e-04 -1.956057841210538939e+00 -2.201570778296607855e+00 8.195310136892113803e-10 -7.520109628576523875e+00 1.648839285938516617e+09
8.237803882024474864e-04 -1.956057841210538939e+00 -2.201570778296607855e+00 8.195310136892113803e-10 -7.520109628576523875e+00 1.648839285938516617e+09
8.361136891932591936e-04 -1.940483286077968383e+00 -2.183613548342369537e+00 3.684460807524215756e-09 -4.341497449975600276e+00 1.648839285938545942e+09
8.333542428735869279e-04 -1.938032808396343842e+00 -2.152206661919189745e+00 7.346362777065343285e-11 -5.701168137671590586e+00 1.648839285939502001e+09
8.205464634180955784e-04 -1.956094799875724988e+00 -2.205280811575992317e+00 7.101366849587886297e-10 -7.264536269426579373e+00 1.648839285941012144e+09
8.218367322371963836e-04 -1.954404892637449986e+00 -2.143101480451476526e+00 3.361308799260988901e-12 -4.087612511594183928e+00 1.648839285941327333e+09
8.218367322371963836e-04 -1.954404892637449986e+00 -2.143101480451476526e+00 3.361308799260988901e-12 -4.087612511594183928e+00 1.648839285941327333e+09
8.346403049543007352e-04 -1.942696225479142225e+00 -2.181064216305873327e+00 2.057909288220925086e-08 -3.229248531586280002e+00 1.648839285941458225e+09
8.346403049543007352e-04 -1.942696225479142225e+00 -2.181064216305873327e+00 2.057909288220925086e-08 -3.229248531586280002e+00 1.648839285941458225e+09
8.345537575002494064e-04 -1.941768951415930644e+00 -2.163634801978136402e+00 3.729348819518914066e-07 -2.134330889524598263e+00 1.648839285946634054e+09
8.345537575002494064e-04 -1.941768951415930644e+00 -2.163634801978136402e+00 3.729348819518914066e-07 -2.134330889524598263e+00 1.648839285946634054e+09
8.217527905277434474e-04 -1.951662655475966845e+00 -2.145476819211705521e+00 5.007363401287474236e-13 -5.260377979749110366e+00 1.648839285948434353e+09
8.352128593867571768e-04 -1.935754511287359536e+00 -2.244556982200492712e+00 2.125674276113876325e-09 -3.647284394502472438e-01 1.648839285949752331e+09
8.352128593867571768e-04 -1.935754511287359536e+00 -2.244556982200492712e+00 2.125674276113876325e-09 -3.647284394502472438e-01 1.648839285949752331e+09
8.364728609991991257e-04 -1.935022376244740716e+00 -2.245741568957467127e+00 5.366606270813547600e-13 -6.458043536208050384e+00 1.648839285955193996e+09
8.364728609991991257e-04 -1.935022376244740716e+00 -2.245741568957467127e+00 5.366606270813547600e-13 -6.458043536208050384e+00 1.648839285955193996e+09
8.195199176552275203e-04 -1.955615413958023741e+00 -2.163069871285768997e+00 3.488933913250039375e-10 -4.107936902537058899e+00 1.648839285956807613e+09
8.195199176552275203e-04 -1.955615413958023741e+00 -2.163069871285768997e+00 3.488933913250039375e-10 -4.107936902537058899e+00 1.648839285956807613e+09
8.378208531916838319e-04 -1.936253284208384162e+00 -2.176139626906112845e+00 2.755203588134248272e-11 -7.609848882931470548e+00 1.648839285958323240e+09
8.378208531916838319e-04 -1.936253284208384162e+00 -2.176139626906112845e+00 2.755203588134248272e-11 -7.609848882931470548e+00 1.648839285958323240e+09
8.301359215075982756e-04 -1.944995153189952530e+00 -2.141004025491274998e+00 3.701180255750852676e-15 -3.811334310413549531e+00 1.648839285960850239e+09
8.301359215075982756e-04 -1.944995153189952530e+00 -2.141004025491274998e+00 3.701180255750852676e-15 -3.811334310413549531e+00 1.648839285960850239e+09
8.384778892637934772e-04 -1.936224695019022501e+00 -2.223348952624064623e+00 1.186614505526853521e-15 -2.753637684427495458e+00 1.648839285962621927e+09
8.384778892637934772e-04 -1.936224695019022501e+00 -2.223348952624064623e+00 1.186614505526853521e-15 -2.753637684427495458e+00 1.648839285962621927e+09
8.303176572536293551e-04 -1.947457972669561999e+00 -2.232108621180945107e+00 6.991885199078837872e-10 -2.281240330872353006e+00 1.648839285962859392e+09
8.297725443076026759e-04 -1.940929417385397926e+00 -2.232734618418251493e+00 3.636411979019355193e-11 -2.317021451865158177e+00 1.648839285963202715e+09
8.297725443076026759e-04 -1.940929417385397926e+00 -2.232734618418251493e+00 3.636411979019355193e-11 -2.317021451865158177e+00 1.648839285963202715e+09
8.214801649807256705e-04 -1.952408093964782765e+00 -2.194077275992183385e+00 2.185075111873795697e-09 -1.172167451939982286e+00 1.648839285963387251e+09
8.203104508057488349e-04 -1.956917302167048289e+00 -2.168043755035575337e+00 1.682066236457757232e-14 -7.694849061557786918e+00 1.648839285963391781e+09
8.203104508057488349e-04 -1.956917302167048289e+00 -2.168043755035575337e+00 1.682066236457757232e-14 -7.694849061557786918e+00 1.648839285963391781e+09
8.251387421336758019e-04 -1.953575553885640748e+00 -2.192090222225702156e+00 4.206728985413917552e-12 -1.637521766934074030e+00 1.648839285964466333e+09
8.251387421336758019e-04 -1.953575553885640748e+00 -2.192090222225702156e+00 4.206728985413917552e-12 -1.637521766934074030e+00 1.648839285964466333e+09
8.207817004396147573e-04 -1.952573801769219353e+00 -2.152623902127168698e+00 1.318437312872116732e-08 -4.229455427470940165e+00 1.648839285964591503e+09
8.236979086522217951e-04 -1.947716150603685747e+00 -2.156498347233410939e+00 4.763153635062978124e-13 -2.615332290691283035e+00 1.648839285964968204e+09
8.236979086522217951e-04 -1.947716150603685747e+00 -2.156498347233410939e+00 4.763153635062978124e-13 -2.615332290691283035e+00 1.648839285964968204e+09
8.341562905978226750e-04 -1.943489736350390018e+00 -2.187190824797704991e+00 1.122559719532125577e-11 -7.115729680261730472e+00 1.648839285965467930e+09
8.341562905978226750e-04 -1.943489736350390018e+00 -2.187190824797704991e+00 1.122559719532125577e-11 -7.115729680261730472e+00 1.648839285965467930e+09
8.254569012414134403e-04 -1.952836957787990269e+00 -2.206648498501865063e+00 6.732500123573067000e-15 -5.410372972300514505e-01 1.648839285965928316e+09
8.254569012414134403e-04 -1.952836957787990269e+00 -2.206648498501865063e+00 6.732500123573067000e-15 -5.410372972300514505e-01 1.648839285965928316e+09
8.388673016279770203e-04 -1.935630186881314607e+00 -2.191543090734245247e+00 2.523026479919463377e-10 -7.147245002129348102e+00 1.648839285966633081e+09
8.387209668962818370e-04 -1.934204219392066992e+00 -2.230850930002997501e+00 4.285008835976024684e-11 -4.806678294900660120e+00 1.648839285968632221e+09
8.387209668962818370e-04 -1.934204219392066992e+00 -2.230850930002997501e+00 4.285008835976024684e-11 -4.806678294900660120e+00 1.648839285968632221e+09
8.231470771650806250e-04 -1.949858698632656706e+00 -2.142580266270564415e+00 3.352015400000524116e-12 -5.569837044233690193e+00 1.648839285969600916e+09
8.351562683935121519e-04 -1.939049317999333999e+00 -2.262609876978328494e+00 1.059837950475397100e-14 -3.337534371312651515e-01 1.648839285971214056e+09
8.366305804233105338e-04 -1.939181311647006911e+00 -2.178873388014180623e+00 6.598396977464655424e-12 -2.254026654964512488e+00 1.648839285971668482e+09
8.366305804233105338e-04 -1.939181311647006911e+00 -2.178873388014180623e+00 6.598396977464655424e-12 -2.254026654964512488e+00 1.648839285971668482e+09
8.237779675351857966e-04 -1.949473661953205372e+00 -2.140029936338219585e+00 2.261400534529464751e-14 -1.145296605680988122e+00 1.648839285971749067e+09
8.237779675351857966e-04 -1.949473661953205372e+00 -2.140029936338219585e+00 2.261400534529464751e-14 -1.145296605680988122e+00 1.648839285971749067e+09
8.293240618381050476e-04 -1.941333900304474946e+00 -2.151151939732949714e+00 8.628604863950963993e-14 -4.132181273847850278e-01 1.648839285975703716e+09
8.293240618381050476e-04 -1.941333900304474946e+00 -2.151151939732949714e+00 8.628604863950963993e-14 -4.132181273847850278e-01 1.648839285975703716e+09
8.292310009063865546e-04 -1.944735496592500112e+00 -2.138460723374633332e+00 8.421044062427724291e-15 -1.395977707222233910e+00 1.648839285976178885e+09
8.292310009063865546e-04 -1.944735496592500112e+00 -2.138460723374633332e+00 8.421044062427724291e-15 -1.395977707222233910e+00 1.648839285976178885e+09
8.224616960168021611e-04 -1.952439026845791625e+00 -2.210501644960389811e+00 5.980921528066598840e-15 -4.253925762473162564e+00 1.648839285977097511e+09
8.224616960168021611e-04 -1.952439026845791625e+00 -2.210501644960389811e+00 5.980921528066598840e-15 -4.253925762473162564e+00 1.648839285977097511e+09
8.292315017109972266e-04 -1.947451823867553555e+00 -2.233850154216509232e+00 8.902373390624113910e-07 -2.776376638793862206e+00 1.648839285977480888e+09
8.279396625160788652e-04 -1.950075880908322290e+00 -2.153578152198263762e+00 2.505724987671244160e-12 -4.219404265140374477e+00 1.648839285979061842e+09
8.279396625160788652e-04 -1.950075880908322290e+00 -2.153578152198263762e+00 2.505724987671244160e-12 -4.219404265140374477e+00 1.648839285979061842e+09
8.369440732712751709e-04 -1.936795917118073529e+00 -2.167568074871669914e+00 4.422177002159807250e-10 -4.091372046892902681e+00 1.648839285979579926e+09
8.228313951299820071e-04 -1.955229703623123427e+00 -2.156161113695245213e+00 1.899607365009724334e-07 -2.279580166169973943e+00 1.648839285982646942e+09
8.228313951299820071e-04 -1.955229703623123427e+00 -2.156161113695245213e+00 1.899607365009724334e-07 -2.279580166169973943e+00 1.648839285982646942e+09
8.290961596023123555e-04 -1.944899915328124562e+00 -2.259054787087569682e+00 6.434730033447799323e-09 -5.400717071648921674e-01 1.648839285984303236e+09
8.290961596023123555e-04 -1.944899915328124562e+00 -2.259054787087569682e+00 6.434730033447799323e-09 -5.400717071648921674e-01 1.648839285984303236e+09
8.299416618371615196e-04 -1.939686606652755829e+00 -2.175876098741523990e+00 9.133863689089445042e-12 -6.953794668266962020e+00 1.648839285986840248e+09
8.299416618371615196e-04 -1.939686606652755829e+00 -2.175876098741523990e+00 9.133863689089445042e-12 -6.953794668266962020e+00 1.648839285986840248e+09
8.330006777378095315e-04 -1.936790147843428400e+00 -2.173957909857342496e+00 3.964370518203136171e-13 -4.855559154891631479e+00 1.648839285987353325e+09
8.330006777378095315e-04 -1.936790147843428400e+00 -2.173957909857342496e+00 3.964370518203136171e-13 -4.855559154891631479e+00 1.648839285987353325e+09
8.299982807823793121e-04 -1.939951041456748904e+00 -2.163010930858245473e+00 9.778840785007390191e-13 -3.843876189691160405e+00 1.648839285988469124e+09
8.299982807823793121e-04 -1.939951041456748904e+00 -2.163010930858245473e+00 9.778840785007390191e-13 -3.843876189691160405e+00 1.648839285988469124e+09
8.258933372337452306e-04 -1.944832494208027507e+00 -2.196811704430768231e+00 3.048346142837498639e-09 -1.401409932665830027e+00 1.648839285989510298e+09
8.331781670278572138e-04 -1.937061578888056967e+00 -2.164554322847494827e+00 3.259404803522675432e-12 -4.964286119807938213e+00 1.648839285991195202e+09
8.331781670278572138e-04 -1.937061578888056967e+00 -2.164554322847494827e+00 3.259404803522675432e-12 -4.964286119807938213e+00 1.648839285991195202e+09
8.378048865883702548e-04 -1.934849362989468080e+00 -2.242572372519476609e+00 8.649148952031981298e-14 -3.476119422394092773e+00 1.648839285991827488e+09
8.278579881482811759e-04 -1.942347985424695000e+00 -2.160361373529726237e+00 1.044142919083612130e-13 -1.875351401896581116e+00 1.648839285992480755e+09
8.201602107653830189e-04 -1.956648687336824288e+00 -2.159792551180117037e+00 2.622464327746277790e-12 -5.043183541962049432e+00 1.648839285993767738e+09
8.201602107653830189e-04 -1.956648687336824288e+00 -2.159792551180117037e+00 2.622464327746277790e-12 -5.043183541962049432e+00 1.648839285993767738e+09
8.216359506821447993e-04 -1.955995872041362826e+00 -2.183253783108953794e+00 2.063331317647364212e-12 -5.909991882827105414e+00 1.648839285994005442e+09
8.216359506821447993e-04 -1.955995872041362826e+00 -2.183253783108953794e+00 2.063331317647364212e-12 -5.909991882827105414e+00 1.648839285994005442e+09
8.331556271006466128e-04 -1.936211985836062244e+00 -2.184973897672989551e+00 6.669862876384922411e-08 -5.395915278416541838e+00 1.648839285994057178e+09
8.258812418512232823e-04 -1.951441748546109523e+00 -2.145533787800762759e+00 2.768320041719844935e-11 -3.030713759539861663e+00 1.648839285995130539e+09
8.258812418512232823e-04 -1.951441748546109523e+00 -2.145533787800762759e+00 2.768320041719844935e-11 -3.030713759539861663e+00 1.648839285995130539e+09
8.335344610300597559e-04 -1.937726967774248132e+00 -2.250084445276931966e+00 2.528077277076168115e-13 -4.256955017486152570e+00 1.648839285995836496e+09
8.335344610300597559e-04 -1.937726967774248132e+00 -2.250084445276931966e+00 2.528077277076168115e-13 -4.256955017486152570e+00 1.648839285995836496e+09
8.313876957853049690e-04 -1.938089252424517905e+00 -2.188158513733927446e+00 1.077300942242713390e-11 -7.478137070542297593e+00 1.648839285997907400e+09
8.313876957853049690e-04 -1.938089252424517905e+00 -2.188158513733927446e+00 1.077300942242713390e-11 -7.478137070542297593e+00 1.648839285997907400e+09
8.219914322381578070e-04 -1.953368472638933762e+00 -2.141815059812719024e+00 9.130287358223016839e-09 -3.988463455841948502e-01 1.648839285998910189e+09
8.219914322381578070e-04 -1.953368472638933762e+00 -2.141815059812719024e+00 9.130287358223016839e-09 -3.988463455841948502e-01 1.648839285998910189e+09
8.321246406462153890e-04 -1.940203652646484755e+00 -2.256856413247946058e+00 6.790979509856521799e-07 -1.448727245399749286e+00 1.648839285999474525e+09
8.241002416672179491e-04 -1.953234849676405371e+00 -2.146071187418459481e+00 8.110521174302817222e-09 -1.853927299143283136e+00 1.648839285999969482e+09
8.241002416672179491e-04 -1.953234849676405371e+00 -2.146071187418459481e+00 8.110521174302817222e-09 -1.853927299143283136e+00 1.648839285999969482e+09
8.318856431154368625e-04 -1.940755929887143072e+00 -2.140951439234842990e+00 1.940678619615189816e-06 -7.803992221786151262e-01 1.648839286001572371e+09
8.313172762341922411e-04 -1.944283070466750196e+00 -2.140872931039602634e+00 6.679782894651626654e-07 -2.835035721205736436e-01 1.648839286001852989e+09
8.315477551829150889e-04 -1.946244416124938814e+00 -2.164169746450415488e+00 2.480176098915721172e-14 -7.013611498503527386e+00 1.648839286001926184e+09
8.315477551829150889e-04 -1.946244416124938814e+00 -2.164169746450415488e+00 2.480176098915721172e-14 -7.013611498503527386e+00 1.648839286001926184e+09
8.287123346145346516e-04 -1.945128525293980282e+00 -2.136311181109104229e+00 8.626501592265558558e-09 -5.052073761595968548e+00 1.648839286003919363e+09
8.287123346145346516e-04 -1.945128525293980282e+00 -2.136311181109104229e+00 8.626501592265558558e-09 -5.052073761595968548e+00 1.648839286003919363e+09
8.270551481235299774e-04 -1.943074559093592280e+00 -2.183504259155059302e+00 7.182798416731945014e-13 -6.296170976048538925e+00 1.648839286006413698e+09
8.270551481235299774e-04 -1.943074559093592280e+00 -2.183504259155059302e+00 7.182798416731945014e-13 -6.296170976048538925e+00 1.648839286006413698e+09
8.247914780317682068e-04 -1.949230518958424030e+00 -2.230587457048883060e+00 1.085460497407492023e-07 -7.853366985130758593e-01 1.648839286006756783e+09
8.309966736531042980e-04 -1.939445276692008058e+00 -2.230786391057042906e+00 3.424486132650640941e-15 -2.284922942452400463e+00 1.648839286012772560e+09
8.309966736531042980e-04 -1.939445276692008058e+00 -2.230786391057042906e+00 3.424486132650640941e-15 -2.284922942452400463e+00 1.648839286012772560e+09
8.210538863812648011e-04 -1.952407186014860185e+00 -2.152454687488305929e+00 5.263308399762293012e-13 -9.337396278189880050e-01 1.648839286013233662e+09
8.210538863812648011e-04 -1.952407186014860185e+00 -2.152454687488305929e+00 5.263308399762293012e-13 -9.337396278189880050e-01 1.648839286013233662e+09
8.278851401332554694e-04 -1.944031789028979551e+00 -2.142479656205947602e+00 6.452192696246700422e-12 -4.059642715566402771e+00 1.648839286014955282e+09
8.250789125968827509e-04 -1.952521800742356151e+00 -2.215187105429305969e+00 4.897574726153963406e-12 -1.059902325173259996e+00 1.648839286017960787e+09
8.250789125968827509e-04 -1.952521800742356151e+00 -2.215187105429305969e+00 4.897574726153963406e-12 -1.059902325173259996e+00 1.648839286017960787e+09
8.220723988289275379e-04 -1.954160209487505462e+00 -2.202091347148224632e+00 1.418281119512996093e-12 -7.750443189588186677e+00 1.648839286018878222e+09
8.220723988289275379e-04 -1.954160209487505462e+00 -2.202091347148224632e+00 1.418281119512996093e-12 -7.750443189588186677e+00 1.648839286018878222e+09
8.332799197122048611e-04 -1.945168776304134983e+00 -2.166058528230581981e+00 1.872596422840607796e-06 -1.655340007933210345e-01 1.648839286019985199e+09
8.332799197122048611e-04 -1.945168776304134983e+00 -2.166058528230581981e+00 1.872596422840607796e-06 -1.655340007933210345e-01 1.648839286019985199e+09
8.266616181069025944e-04 -1.952062286152918436e+00 -2.164892529278745759e+00 3.609105703538926235e-15 -6.482831619105983378e+00 1.648839286020541668e+09
8.266616181069025944e-04 -1.952062286152918436e+00 -2.164892529278745759e+00 3.609105703538926235e-15 -6.482831619105983378e+00 1.648839286020541668e+09
8.263141935486318507e-04 -1.944088742761507671e+00 -2.185977856875434000e+00 5.396076485614311090e-12 -4.953267137188488434e+00 1.648839286020720005e+09
8.263141935486318507e-04 -1.944088742761507671e+00 -2.185977856875434000e+00 5.396076485614311090e-12 -4.953267137188488434e+00 1.648839286020720005e+09
8.367809288040233516e-04 -1.938992802376763525e+00 -2.231947330607809477e+00 2.376707755981001102e-12 -3.624974500769694075e+00 1.648839286020955563e+09
8.237901505479246298e-04 -1.950998405633163735e+00 -2.138481754605031426e+00 1.233913101611364355e-13 -4.414176225154591293e+00 1.648839286021281004e+09
8.237901505479246298e-04 -1.950998405633163735e+00 -2.138481754605031426e+00 1.233913101611364355e-13 -4.414176225154591293e+00 1.648839286021281004e+09
8.359490642938196192e-04 -1.935847483913877731e+00 -2.253303279894037114e+00 6.742024268767420466e-07 -6.478597947805155854e-01 1.648839286023200512e+09
8.359490642938196192e-04 -1.935847483913877731e+00 -2.253303279894037114e+00 6.742024268767420466e-07 -6.478597947805155854e-01 1.648839286023200512e+09
8.334686084695007739e-04 -1.936197441550312703e+00 -2.206985695703314931e+00 9.322522330379142067e-13 -7.969114646408529623e+00 1.648839286023495436e+09
8.278141487807465790e-04 -1.946426718372147091e+00 -2.253258611073853057e+00 2.842496680582308095e-08 -3.901530029532077393e+00 1.648839286025900126e+09
8.278141487807465790e-04 -1.946426718372147091e+00 -2.253258611073853057e+00 2.842496680582308095e-08 -3.901530029532077393e+00 1.648839286025900126e+09
8.227701797721062842e-04 -1.950406462817094733e+00 -2.144193460512640925e+00 5.446129151729678670e-15 -4.507690444970948285e+00 1.648839286026953936e+09
8.291866633205077731e-04 -1.949607858117526904e+00 -2.190929854706041180e+00 2.028806606246032462e-07 -2.566035739963585804e+00 1.648839286027166367e+09
8.338772106769909475e-04 -1.943797958317057928e+00 -2.209182060510928025e+00 1.103974431474965835e-10 -3.204492789557956023e+00 1.648839286028698921e+09
8.338772106769909475e-04 -1.943797958317057928e+00 -2.209182060510928025e+00 1.103974431474965835e-10 -3.204492789557956023e+00 1.648839286028698921e+09
8.295954684502559367e-04 -1.947391532540321935e+00 -2.242386673717390533e+00 6.091029463651879134e-12 -2.744588233607128558e+00 1.648839286031398296e+09
8.295954684502559367e-04 -1.947391532540321935e+00 -2.242386673717390533e+00 6.091029463651879134e-12 -2.744588233607128558e+00 1.648839286031398296e+09
8.262977966327964387e-04 -1.945682478577904773e+00 -2.226090051541193660e+00 1.621201719279598639e-09 -3.972488520544112944e+00 1.648839286032028437e+09
8.399528409789667333e-04 -1.933608026121092172e+00 -2.220364279881057001e+00 2.935390848480147966e-06 -8.340406724346394185e-02 1.648839286032407522e+09
8.232024789345716723e-04 -1.954599745669319821e+00 -2.198911770457771198e+00 4.227394149217300092e-11 -7.690103039387256700e+00 1.648839286035254002e+09
8.232024789345716723e-04 -1.954599745669319821e+00 -2.198911770457771198e+00 4.227394149217300092e-11 -7.690103039387256700e+00 1.648839286035254002e+09
8.266102800584959002e-04 -1.945405531210743000e+00 -2.229018935238394672e+00 1.190852846926179021e-11 -3.693684851194270813e+00 1.648839286035526514e+09
8.228708716953312199e-04 -1.949451635961025220e+00 -2.190203293281387076e+00 2.501606912587973178e-13 -3.113454281638128762e+00 1.648839286035608530e+09
8.340818881956523064e-04 -1.936210872546882067e+00 -2.169903709602035491e+00 8.692778307197100936e-09 -3.194639862098407335e-01 1.648839286036467075e+09
8.269407912224789950e-04 -1.951129443295564814e+00 -2.216115647478994699e+00 2.637922377425073245e-15 -4.008139244371445642e+00 1.648839286037144423e+09
8.269407912224789950e-04 -1.951129443295564814e+00 -2.216115647478994699e+00 2.637922377425073245e-15 -4.008139244371445642e+00 1.648839286037144423e+09
8.271362592635119349e-04 -1.945291574859137951e+00 -2.237672191866830307e+00 3.347754168801460177e-10 -1.815366754046550568e+00 1.648839286037661791e+09
8.205302572098103955e-04 -1.953406035504896998e+00 -2.176914799967942571e+00 1.427865390430530058e-07 -3.807710532142012383e-01 1.648839286040743113e+09
8.251082294801411225e-04 -1.947884949863933235e+00 -2.225937211037606112e+00 3.051730279619831509e-13 -2.251855194873811250e+00 1.648839286042083025e+09
8.330146620365271384e-04 -1.938659235137874193e+00 -2.151631882650843153e+00 2.506034923500113534e-12 -4.207739171553592783e-01 1.648839286044392824e+09
8.330146620365271384e-04 -1.938659235137874193e+00 -2.151631882650843153e+00 2.506034923500113534e-12 -4.207739171553592783e-01 1.648839286044392824e+09
8.238606205425273461e-04 -1.954747883641600348e+00 -2.171532401863841333e+00 2.393533464330012379e-15 -3.476576176280687491e+00 1.648839286050539255e+09
8.238606205425273461e-04 -1.954747883641600348e+00 -2.171532401863841333e+00 2.393533464330012379e-15 -3.476576176280687491e+00 1.648839286050539255e+09
8.276180831030292492e-04 -1.949523187526879253e+00 -2.234045263109276647e+00 1.912988671006964270e-13 -1.316678290620526326e+00 1.648839286050617218e+09
8.377923241744084180e-04 -1.933699199198452012e+00 -2.190131384824638872e+00 2.552149243754330938e-12 -2.723618368313850624e+00 1.648839286051144838e+09
8.377923241744084180e-04 -1.933699199198452012e+00 -2.190131384824638872e+00 2.552149243754330938e-12 -2.723618368313850624e+00 1.648839286051144838e+09
8.315989245265838865e-04 -1.942005592757092947e+00 -2.142022855664777126e+00 1.444323946549169782e-10 -7.308429883377281833e+00 1.648839286051276207e+09
8.339772997998693522e-04 -1.937638194178870732e+00 -2.251944476020645958e+00 9.512790410868802127e-15 -5.008974610286037965e+00 1.648839286053075075e+09
8.339772997998693522e-04 -1.937638194178870732e+00 -2.251944476020645958e+00 9.512790410868802127e-15 -5.008974610286037965e+00 1.648839286053075075e+09
8.373602219097140125e-04 -1.934623496270959198e+00 -2.238776257583072749e+00 6.450611223328152080e-13 -1.137289857016912542e+00 1.648839286053240061e+09
8.212583522233265175e-04 -1.955749229922860044e+00 -2.152904086676237227e+00 4.325963094803248050e-13 -3.275815606896832044e+00 1.648839286053249598e+09
8.319841523633407163e-04 -1.946165572881552785e+00 -2.181710127145788825e+00 7.722804013769686035e-11 -3.544431779580875741e+00 1.648839286055170536e+09
8.247644776595465391e-04 -1.953514748469863616e+00 -2.156962561004519330e+00 9.931272854054328735e-11 -4.429294838411706792e+00 1.648839286056454420e+09
8.247644776595465391e-04 -1.953514748469863616e+00 -2.156962561004519330e+00 9.931272854054328735e-11 -4.429294838411706792e+00 1.648839286056454420e+09
8.345458082529370316e-04 -1.941910966096084268e+00 -2.241288240494159645e+00 2.379664826992466795e-11 -7.567074062193104744e+00 1.648839286056885481e+09
8.345458082529370316e-04 -1.941910966096084268e+00 -2.241288240494159645e+00 2.379664826992466795e-11 -7.567074062193104744e+00 1.648839286056885481e+09
8.320092501101605375e-04 -1.945705983586278442e+00 -2.225129601441308225e+00 1.694103585962025240e-13 -6.651261577528282842e+00 1.648839286057828426e+09
8.320092501101605375e-04 -1.945705983586278442e+00 -2.225129601441308225e+00 1.694103585962025240e-13 -6.651261577528282842e+00 1.648839286057828426e+09
8.329439575227615437e-04 -1.937959617999539752e+00 -2.157206166470971631e+00 2.948464163504126601e-13 -1.609349173243728615e+00 1.648839286060100794e+09
8.329439575227615437e-04 -1.937959617999539752e+00 -2.157206166470971631e+00 2.948464163504126601e-13 -1.609349173243728615e+00 1.648839286060100794e+09
8.241479257347457052e-04 -1.948578594451301660e+00 -2.212621484293092688e+00 1.494803606026787389e-10 -3.719691153359704572e+00 1.648839286061763287e+09
8.241479257347457052e-04 -1.948578594451301660e+00 -2.212621484293092688e+00 1.494803606026787389e-10 -3.719691153359704572e+00 1.648839286061763287e+09
8.332940320981816916e-04 -1.936713895326337420e+00 -2.173572085642990981e+00 1.877483003235671310e-15 -3.270891543701955229e+00 1.648839286066807508e+09
8.332940320981816916e-04 -1.936713895326337420e+00 -2.173572085642990981e+00 1.877483003235671310e-15 -3.270891543701955229e+00 1.648839286066807508e+09
8.374698201069893455e-04 -1.936484849958849841e+00 -2.176864790964220919e+00 3.612914657834992622e-12 -2.255536340427378050e+00 1.648839286068156242e+09
8.374698201069893455e-04 -1.936484849958849841e+00 -2.176864790964220919e+00 3.612914657834992622e-12 -2.255536340427378050e+00 1.648839286068156242e+09
8.348952178660826997e-04 -1.935103644757245389e+00 -2.211539148553626433e+00 3.294192503300654385e-10 -4.380033964205970243e+00 1.648839286070213795e+09
8.216998170282395052e-04 -1.956147959617346110e+00 -2.170531206384101353e+00 4.112053745135987295e-11 -2.086452210792322681e+00 1.648839286070270777e+09
8.216998170282395052e-04 -1.956147959617346110e+00 -2.170531206384101353e+00 4.112053745135987295e-11 -2.086452210792322681e+00 1.648839286070270777e+09
8.352421415660837628e-04 -1.934984776179802468e+00 -2.218826823455385622e+00 1.499269453928451680e-15 -6.231948617003631341e+00 1.648839286075159788e+09
8.330704602289033724e-04 -1.943960663518857990e+00 -2.234135730429472222e+00 8.668569819424131206e-07 -1.487412713234846251e+00 1.648839286075976849e+09
8.330704602289033724e-04 -1.943960663518857990e+00 -2.234135730429472222e+00 8.668569819424131206e-07 -1.487412713234846251e+00 1.648839286075976849e+09
8.367741633609454121e-04 -1.934193712731935744e+00 -2.226313398072148342e+00 9.842790498386184502e-14 -3.714456464173327532e+00 1.648839286077285528e+09
8.381335433236148519e-04 -1.934111173798981120e+00 -2.228874782225447326e+00 2.340802995069146742e-09 -1.558491704896863617e+00 1.648839286077422142e+09
8.381335433236148519e-04 -1.934111173798981120e+00 -2.228874782225447326e+00 2.340802995069146742e-09 -1.558491704896863617e+00 1.648839286077422142e+09
8.266300862052003862e-04 -1.943947291651236586e+00 -2.156939604717518222e+00 2.589188584863832871e-09 -5.388997722201529506e+00 1.648839286077790737e+09
8.265876390036776006e-04 -1.947208487030402058e+00 -2.241482505375683498e+00 5.918856953270304698e-10 -2.996609658308365454e+00 1.648839286078324318e+09
8.312036503022664398e-04 -1.939999833569443499e+00 -2.242752951122382932e+00 1.890355213429185740e-15 -1.193505731278872162e-01 1.648839286078354836e+09
8.312036503022664398e-04 -1.939999833569443499e+00 -2.242752951122382932e+00 1.890355213429185740e-15 -1.193505731278872162e-01 1.648839286078354836e+09
8.283639879625295322e-04 -1.947886446672296934e+00 -2.143315316784639268e+00 2.712862517392223832e-11 -4.847400958849706676e+00 1.648839286079604864e+09
8.269482844888948825e-04 -1.947078417018985208e+00 -2.138054845996375519e+00 4.413698300584053901e-15 -4.308577974693612589e+00 1.648839286080583811e+09
8.269482844888948825e-04 -1.947078417018985208e+00 -2.138054845996375519e+00 4.413698300584053901e-15 -4.308577974693612589e+00 1.648839286080583811e+09
8.271836221046745220e-04 -1.950225445656605938e+00 -2.227365308296245239e+00 3.348398192439921446e-14 -5.251324450931975640e+00 1.648839286081133366e+09
8.271836221046745220e-04 -1.950225445656605938e+00 -2.227365308296245239e+00 3.348398192439921446e-14 -5.251324450931975640e+00 1.648839286081133366e+09
8.332389311533291727e-04 -1.936454346719801656e+00 -2.199509237969430764e+00 8.420997198097506402e-15 -2.483694998170586032e+00 1.648839286082288027e+09
8.332389311533291727e-04 -1.936454346719801656e+00 -2.199509237969430764e+00 8.420997198097506402e-15 -2.483694998170586032e+00 1.648839286082288027e+09
8.244107872902051723e-04 -1.953177592902475501e+00 -2.207715180042940872e+00 2.928284244803200842e-10 -1.660806485348648387e+00 1.648839286082332373e+09
8.244107872902051723e-04 -1.953177592902475501e+00 -2.207715180042940872e+00 2.928284244803200842e-10 -1.660806485348648387e+00 1.648839286082332373e+09
8.334337852045348161e-04 -1.943636011894986249e+00 -2.168302819903545675e+00 3.212203713502440039e-08 -2.023205679520891032e+00 1.648839286083179235e+09
8.362042906747297341e-04 -1.934721299954031526e+00 -2.178507598451747462e+00 4.120557130897360913e-11 -2.917899049281679424e+00 1.648839286084404945e+09
8.362042906747297341e-04 -1.934721299954031526e+00 -2.178507598451747462e+00 4.120557130897360913e-11 -2.917899049281679424e+00 1.648839286084404945e+09
8.325306605097433079e-04 -1.937500625479557481e+00 -2.219789569171489507e+00 5.453446538077060635e-13 -6.856360917849828596e+00 1.648839286084758282e+09
8.325306605097433079e-04 -1.937500625479557481e+00 -2.219789569171489507e+00 5.453446538077060635e-13 -6.856360917849828596e+00 1.648839286084758282e+09
8.363138951326249109e-04 -1.934117367480544303e+00 -2.192345674136319644e+00 5.497370899957513655e-08 -4.949453054656460793e-01 1.648839286085574389e+09
8.363138951326249109e-04 -1.934117367480544303e+00 -2.192345674136319644e+00 5.497370899957513655e-08 -4.949453054656460793e-01 1.648839286085574389e+09
8.287573308768827031e-04 -1.947703310213197314e+00 -2.244582395477317416e+00 4.166166842469048019e-12 -3.018373807995547331e+00 1.648839286086046457e+09
8.337077622485971869e-04 -1.935948701930620519e+00 -2.215586040176592331e+00 7.363278532107158341e-10 -6.608753452330908829e+00 1.648839286087614536e+09
8.337077622485971869e-04 -1.935948701930620519e+00 -2.215586040176592331e+00 7.363278532107158341e-10 -6.608753452330908829e+00 1.648839286087614536e+09
8.315065728056619289e-04 -1.942027735779820352e+00 -2.299583988280232028e+00 2.094033589541627172e-08 -6.086204222749539205e+00 1.648839286088498354e+09
8.315065728056619289e-04 -1.942027735779820352e+00 -2.299583988280232028e+00 2.094033589541627172e-08 -6.086204222749539205e+00 1.648839286088498354e+09
8.341943823855382887e-04 -1.942380852632987986e+00 -2.167537302214504358e+00 6.353073350772439295e-12 -5.002613983792294938e+00 1.648839286088748693e+09
8.296541280522278742e-04 -1.948715267853650346e+00 -2.208785543855856126e+00 2.792825642369573322e-12 -5.762066221335460092e+00 1.648839286090656757e+09
8.296541280522278742e-04 -1.948715267853650346e+00 -2.208785543855856126e+00 2.792825642369573322e-12 -5.762066221335460092e+00 1.648839286090656757e+09
8.250207204258158851e-04 -1.946461557270935394e+00 -2.189538418342680259e+00 2.429824716867781115e-07 -3.782495181089945646e+00 1.648839286091316462e+09
8.250207204258158851e-04 -1.946461557270935394e+00 -2.189538418342680259e+00 2.429824716867781115e-07 -3.782495181089945646e+00 1.648839286091316462e+09
8.355451687096927382e-04 -1.937332152408478780e+00 -2.159957511730838497e+00 1.932628956110418186e-10 -2.969911748870260659e+00 1.648839286091480494e+09
8.281890838108145253e-04 -1.949727705161109714e+00 -2.221209993387932347e+00 1.336822665233549196e-09 -2.367163352095325024e-02 1.648839286091540337e+09
8.281890838108145253e-04 -1.949727705161109714e+00 -2.221209993387932347e+00 1.336822665233549196e-09 -2.367163352095325024e-02 1.648839286091540337e+09
8.329795323297268161e-04 -1.936848409531267912e+00 -2.180071708860979118e+00 1.223369277798708591e-09 -2.702859315089090941e+00 1.648839286093094826e+09
8.281231649870053396e-04 -1.944711697875341150e+00 -2.245695402630277560e+00 2.171422079474815315e-12 -3.035148024359053842e+00 1.648839286094650030e+09
8.259332020940931369e-04 -1.952580324648496513e+00 -2.162406231610608298e+00 7.175288907817128192e-12 -5.153158959614064116e+00 1.648839286095274925e+09
8.259332020940931369e-04 -1.952580324648496513e+00 -2.162406231610608298e+00 7.175288907817128192e-12 -5.153158959614064116e+00 1.648839286095274925e+09
8.265656117342995261e-04 -1.950711723715365942e+00 -2.225794486899615787e+00 1.153692550074692948e-13 -9.916754452336045134e-01 1.648839286095486879e+09
8.265656117342995261e-04 -1.950711723715365942e+00 -2.225794486899615787e+00 1.153692550074692948e-13 -9.916754452336045134e-01 1.648839286095486879e+09
8.306236592020303702e-04 -1.942048295578478134e+00 -2.255902640230074141e+00 3.491032568609172927e-15 -3.959514253522014471e+00 1.648839286095500708e+09
8.306236592020303702e-04 -1.942048295578478134e+00 -2.255902640230074141e+00 3.491032568609172927e-15 -3.959514253522014471e+00 1.648839286095500708e+09
8.237570001323218276e-04 -1.947703335288297088e+00 -2.175364016956109925e+00 1.304170239718398662e-12 -2.961013235058506332e+00 1.648839286096012592e+09
8.237570001323218276e-04 -1.947703335288297088e+00 -2.175364016956109925e+00 1.304170239718398662e-12 -2.961013235058506332e+00 1.648839286096012592e+09
8.344147558211634794e-04 -1.936778766231332494e+00 -2.161959334544890865e+00 1.180695877965220958e-13 -6.035947664028448401e+00 1.648839286096221209e+09
8.344147558211634794e-04 -1.936778766231332494e+00 -2.161959334544890865e+00 1.180695877965220958e-13 -6.035947664028448401e+00 1.648839286096221209e+09
8.280617688391886562e-04 -1.950468111992340159e+00 -2.202445081457176990e+00 1.933812042161039391e-10 -4.785587813406337432e+00 1.648839286098469257e+09
8.311155462022473857e-04 -1.946055903425482958e+00 -2.238030433212506054e+00 1.806638698141091573e-07 -9.546032121694807415e-01 1.648839286102158308e+09
8.363517077070156463e-04 -1.938162120925433829e+00 -2.248434695415767237e+00 1.968707735895263420e-14 -2.334068847623231413e+00 1.648839286103610992e+09
8.363517077070156463e-04 -1.938162120925433829e+00 -2.248434695415767237e+00 1.968707735895263420e-14 -2.334068847623231413e+00 1.648839286103610992e+09
8.259810378543229123e-04 -1.947882445662820761e+00 -2.138524700837593606e+00 3.385057781988942474e-09 -1.095535805867111634e+00 1.648839286106453896e+09
8.259810378543229123e-04 -1.947882445662820761e+00 -2.138524700837593606e+00 3.385057781988942474e-09 -1.095535805867111634e+00 1.648839286106453896e+09
8.300017199991162331e-04 -1.947253941260229881e+00 -2.244920095518222247e+00 9.242430864072369180e-07 -2.151425136194067278e-01 1.648839286107827663e+09
8.300017199991162331e-04 -1.947253941260229881e+00 -2.244920095518222247e+00 9.242430864072369180e-07 -2.151425136194067278e-01 1.648839286107827663e+09
8.224508631435852122e-04 -1.955570866035708066e+00 -2.164476160701018781e+00 4.247321918173500064e-15 -1.280558034629702746e+00 1.648839286110735416e+09
8.213850500622155463e-04 -1.954144927028592660e+00 -2.192196476789236570e+00 8.865430053827756800e-15 -2.753492188846998978e+00 1.648839286112004519e+09
8.213850500622155463e-04 -1.954144927028592660e+00 -2.192196476789236570e+00 8.865430053827756800e-15 -2.753492188846998978e+00 1.648839286112004519e+09
8.316060851286176218e-04 -1.945977824173107162e+00 -2.228928898447548157e+00 2.547481060250731930e-10 -6.052060100493987349e+00 1.648839286112189531e+09
8.384338929161851920e-04 -1.935227732658770572e+00 -2.223196611672173972e+00 2.591537559539971451e-14 -4.121179197288849849e+00 1.648839286113808632e+09
8.382978757962621184e-04 -1.933217542934650313e+00 -2.218151352364492457e+00 2.384434287796920583e-08 -4.496035291003037671e+00 1.648839286116623163e+09
8.382978757962621184e-04 -1.933217542934650313e+00 -2.218151352364492457e+00 2.384434287796920583e-08 -4.496035291003037671e+00 1.648839286116623163e+09
8.329353888488699124e-04 -1.945631076024894934e+00 -2.287728776201657599e+00 6.509361506845053583e-09 -7.097249736114049412e+00 1.648839286119669676e+09
8.257120805237884139e-04 -1.944164533496015590e+00 -2.162673265833862768e+00 1.640783773409723846e-08 -5.675686845116748813e+00 1.648839286121081829e+09
8.257120805237884139e-04 -1.944164533496015590e+00 -2.162673265833862768e+00 1.640783773409723846e-08 -5.675686845116748813e+00 1.648839286121081829e+09
8.272604237679952134e-04 -1.950759360186473002e+00 -2.214520683626011177e+00 3.786502078333734624e-13 -6.019713116304400202e+00 1.648839286121659279e+09
8.272604237679952134e-04 -1.950759360186473002e+00 -2.214520683626011177e+00 3.786502078333734624e-13 -6.019713116304400202e+00 1.648839286121659279e+09
8.266048979614588682e-04 -1.951402478667169538e+00 -2.154642531231460101e+00 3.819293877867630384e-07 -1.263209813732757425e+00 1.648839286123520374e+09
8.353603838567784465e-04 -1.941544986642138149e+00 -2.206076307851946972e+00 6.043213876568089032e-10 -1.426080352191331890e+00 1.648839286125237226e+09
8.353603838567784465e-04 -1.941544986642138149e+00 -2.206076307851946972e+00 6.043213876568089032e-10 -1.426080352191331890e+00 1.648839286125237226e+09
8.235957355967526636e-04 -1.950037367005498457e+00 -2.141969040363478793e+00 2.288999651828405855e-14 -3.350777720938360460e-01 1.648839286125369549e+09
8.325067927030825382e-04 -1.945576847726135039e+00 -2.185521956659950860e+00 2.285457847377855208e-07 -3.138250048430260897e+00 1.648839286125889778e+09
8.325067927030825382e-04 -1.945576847726135039e+00 -2.185521956659950860e+00 2.285457847377855208e-07 -3.138250048430260897e+00 1.648839286125889778e+09
8.212374782224716573e-04 -1.952853198106141885e+00 -2.184465888693479130e+00 4.357578987629787868e-11 -3.922549982282872882e+00 1.648839286127179146e+09
8.212374782224716573e-04 -1.952853198106141885e+00 -2.184465888693479130e+00 4.357578987629787868e-11 -3.922549982282872882e+00 1.648839286127179146e+09
8.395381167478556568e-04 -1.933100820610248460e+00 -2.202038330847551073e+00 1.120587576541064476e-06 -5.089244891260378267e-01 1.648839286128875971e+09
8.395381167478556568e-04 -1.933100820610248460e+00 -2.202038330847551073e+00 1.120587576541064476e-06 -5.089244891260378267e-01 1.648839286128875971e+09
8.380238555566116906e-04 -1.933729646889698284e+00 -2.216272041177905106e+00 1.923700688637929019e-13 -5.006502400588734858e+00 1.648839286130060434e+09
8.326754187303998063e-04 -1.944748021288552176e+00 -2.225730429632842622e+00 5.657132502091971881e-09 -2.561851318460869109e+00 1.648839286131466627e+09
8.331571900879804638e-04 -1.936969248190112403e+00 -2.173208154652643831e+00 4.457463292162618549e-13 -6.994366885290883573e-01 1.648839286132679701e+09
8.331571900879804638e-04 -1.936969248190112403e+00 -2.173208154652643831e+00 4.457463292162618549e-13 -6.994366885290883573e-01 1.648839286132679701e+09
8.328523646603529403e-04 -1.940117719259873308e+00 -2.260000960593301578e+00 8.474557111539002074e-15 -3.878885988409807695e+00 1.648839286133828163e+09
8.328523646603529403e-04 -1.940117719259873308e+00 -2.260000960593301578e+00 8.474557111539002074e-15 -3.878885988409807695e+00 1.648839286133828163e+09
8.319102534112954696e-04 -1.942677529564530436e+00 -2.260727644542039450e+00 4.650444021277538104e-15 -6.827601123974563535e+00 1.648839286134409189e+09
8.319102534112954696e-04 -1.942677529564530436e+00 -2.260727644542039450e+00 4.650444021277538104e-15 -6.827601123974563535e+00 1.648839286134409189e+09
8.273777266280636167e-04 -1.948994280795501854e+00 -2.238332301573020544e+00 3.574744863837577105e-14 -4.709028846732223883e-01 1.648839286134901047e+09
8.273777266280636167e-04 -1.948994280795501854e+00 -2.238332301573020544e+00 3.574744863837577105e-14 -4.709028846732223883e-01 1.648839286134901047e+09
8.265989532625357510e-04 -1.952062280400476357e+00 -2.169335758525137159e+00 1.028385838478580182e-07 -2.617406440242215027e+00 1.648839286135617018e+09
8.376835520504939507e-04 -1.932019511010631296e+00 -2.187891534073535205e+00 6.201084912761702129e-09 -6.380341074889031461e+00 1.648839286136357546e+09
8.376835520504939507e-04 -1.932019511010631296e+00 -2.187891534073535205e+00 6.201084912761702129e-09 -6.380341074889031461e+00 1.648839286136357546e+09
8.372614604037662781e-04 -1.936947638415701833e+00 -2.178167725524739584e+00 1.427442189506114517e-10 -4.357549884409485763e+00 1.648839286136431694e+09
8.318015072370438853e-04 -1.945609825523985315e+00 -2.237268661806168790e+00 2.129597580975248901e-08 -4.453859171941757289e+00 1.648839286137707233e+09
8.318015072370438853e-04 -1.945609825523985315e+00 -2.237268661806168790e+00 2.129597580975248901e-08 -4.453859171941757289e+00 1.648839286137707233e+09
8.271463995306074487e-04 -1.943184554964164423e+00 -2.181501071560459692e+00 3.894457495141428069e-13 -2.884713314128057426e+00 1.648839286145043612e+09
8.271463995306074487e-04 -1.943184554964164423e+00 -2.181501071560459692e+00 3.894457495141428069e-13 -2.884713314128057426e+00 1.648839286145043612e+09
8.255833053001345248e-04 -1.948536102696902805e+00 -2.232856267712238996e+00 1.428452073104006450e-14 -3.360942540035440018e+00 1.648839286146076441e+09
8.255833053001345248e-04 -1.948536102696902805e+00 -2.232856267712238996e+00 1.428452073104006450e-14 -3.360942540035440018e+00 1.648839286146076441e+09
8.231532710800946485e-04 -1.950861212192978922e+00 -2.208989210733251163e+00 7.485388033636489715e-15 -4.212137031671920440e+00 1.648839286148330212e+09
8.231532710800946485e-04 -1.950861212192978922e+00 -2.208989210733251163e+00 7.485388033636489715e-15 -4.212137031671920440e+00 1.648839286148330212e+09
8.315081341243054204e-04 -1.944628041409528940e+00 -2.249814334225917367e+00 1.768135098536078620e-14 -7.599520231392038028e+00 1.648839286149777174e+09
8.315081341243054204e-04 -1.944628041409528940e+00 -2.249814334225917367e+00 1.768135098536078620e-14 -7.599520231392038028e+00 1.648839286149777174e+09
8.251461287289896165e-04 -1.946018105773652751e+00 -2.158958834518132530e+00 2.678673046036382421e-12 -4.071510740898999003e+00 1.648839286151791811e+09
8.243798034760586651e-04 -1.947105032061277718e+00 -2.157464504607007338e+00 3.007933551612035626e-11 -6.624258302834869383e+00 1.648839286152698994e+09
8.253106075107887428e-04 -1.946279560213659110e+00 -2.203750436274404034e+00 7.472824371203212474e-12 -4.543816360164525392e-01 1.648839286154059172e+09
8.327776574209174408e-04 -1.939608903370001247e+00 -2.255707531226875062e+00 3.460167114927669841e-15 -2.842856008441186688e+00 1.648839286155816555e+09
8.327776574209174408e-04 -1.939608903370001247e+00 -2.255707531226875062e+00 3.460167114927669841e-15 -2.842856008441186688e+00 1.648839286155816555e+09
8.287832195885533240e-04 -1.946005527290343595e+00 -2.252008704869542743e+00 1.480678225139473326e-15 -4.831946147905266109e+00 1.648839286155939579e+09
8.287832195885533240e-04 -1.946005527290343595e+00 -2.252008704869542743e+00 1.480678225139473326e-15 -4.831946147905266109e+00 1.648839286155939579e+09
8.294696940808288319e-04 -1.940772890636145442e+00 -2.163672841002771463e+00 3.997175840401546286e-13 -5.443984346063472479e+00 1.648839286157163858e+09
8.294696940808288319e-04 -1.940772890636145442e+00 -2.163672841002771463e+00 3.997175840401546286e-13 -5.443984346063472479e+00 1.648839286157163858e+09
8.279765202670402941e-04 -1.945060025377134183e+00 -2.140454991848179667e+00 1.532834141654781439e-09 -4.859814837392111286e+00 1.648839286157194376e+09
8.249805595810951169e-04 -1.952397259981265565e+00 -2.149059952912526050e+00 1.293998638704724102e-09 -3.528618247192369495e+00 1.648839286157259464e+09
8.249805595810951169e-04 -1.952397259981265565e+00 -2.149059952912526050e+00 1.293998638704724102e-09 -3.528618247192369495e+00 1.648839286157259464e+09
8.270803291114034970e-04 -1.945538705888812947e+00 -2.234892767535749059e+00 1.707045935686198418e-11 -1.263400845356435376e+00 1.648839286159489632e+09
8.270803291114034970e-04 -1.945538705888812947e+00 -2.234892767535749059e+00 1.707045935686198418e-11 -1.263400845356435376e+00 1.648839286159489632e+09
8.290882536410475786e-04 -1.947277001420910425e+00 -2.243944362752230415e+00 2.906089068233761126e-14 -7.325532074126372528e+00 1.648839286159613848e+09
8.290882536410475786e-04 -1.947277001420910425e+00 -2.243944362752230415e+00 2.906089068233761126e-14 -7.325532074126372528e+00 1.648839286159613848e+09
8.290055059813169125e-04 -1.949036814167688147e+00 -2.215782734635402207e+00 5.981699573197235388e-11 -3.115529458595237777e+00 1.648839286163689852e+09
8.311053176537302025e-04 -1.938469093887184691e+00 -2.182010733415369330e+00 2.065329786622288739e-08 -4.797563191568751328e+00 1.648839286163910151e+09
8.311053176537302025e-04 -1.938469093887184691e+00 -2.182010733415369330e+00 2.065329786622288739e-08 -4.797563191568751328e+00 1.648839286163910151e+09
8.301502664163963076e-04 -1.940559310722460573e+00 -2.226318746670429061e+00 9.581547426349787335e-12 -7.177783172646731380e+00 1.648839286164452791e+09
8.301502664163963076e-04 -1.940559310722460573e+00 -2.226318746670429061e+00 9.581547426349787335e-12 -7.177783172646731380e+00 1.648839286164452791e+09
8.247356666306694456e-04 -1.949353172991514116e+00 -2.224939003485135292e+00 1.594965642692602906e-10 -9.720353906702552393e-01 1.648839286165300131e+09
8.247356666306694456e-04 -1.949353172991514116e+00 -2.224939003485135292e+00 1.594965642692602906e-10 -9.720353906702552393e-01 1.648839286165300131e+09
8.350248721546810150e-04 -1.935482003025795539e+00 -2.179597035539924121e+00 1.159605138117503412e-07 -1.393485492279604721e+00 1.648839286165326118e+09
8.350248721546810150e-04 -1.935482003025795539e+00 -2.179597035539924121e+00 1.159605138117503412e-07 -1.393485492279604721e+00 1.648839286165326118e+09
8.270047271525507362e-04 -1.947989261879372380e+00 -2.139778921174897430e+00 2.199548062938324249e-08 -2.363378674339013941e+00 1.648839286167185545e+09
8.242516822449770042e-04 -1.948449508409462627e+00 -2.211308641851919887e+00 7.288828752457778552e-09 -4.598085156813760399e+00 1.648839286167269707e+09
8.242516822449770042e-04 -1.948449508409462627e+00 -2.211308641851919887e+00 7.288828752457778552e-09 -4.598085156813760399e+00 1.648839286167269707e+09
8.346001115637378606e-04 -1.942196346712035782e+00 -2.179477039628310742e+00 2.299938236877907859e-12 -4.541066095866884922e+00 1.648839286167779446e+09
8.390324523581477656e-04 -1.933804890106056718e+00 -2.205146060931726382e+00 1.698797791209070199e-10 -7.481110793765870959e+00 1.648839286169278860e+09
8.209676249840915270e-04 -1.955672206264800428e+00 -2.207665173483421395e+00 3.108316078115697647e-09 -6.524334644351465151e+00 1.648839286171163082e+09
8.209676249840915270e-04 -1.955672206264800428e+00 -2.207665173483421395e+00 3.108316078115697647e-09 -6.524334644351465151e+00 1.648839286171163082e+09
8.350390256855943702e-04 -1.936621117513258605e+00 -2.163538273200880102e+00 8.914961033162939784e-12 -7.848663483710990540e+00 1.648839286172062397e+09
8.350390256855943702e-04 -1.936621117513258605e+00 -2.163538273200880102e+00 8.914961033162939784e-12 -7.848663483710990540e+00 1.648839286172062397e+09
8.337077644958627116e-04 -1.936689075629240087e+00 -2.218979811541961666e+00 2.151223185429074362e-07 -2.495210914370387556e+00 1.648839286172758341e+09
8.337077644958627116e-04 -1.936689075629240087e+00 -2.218979811541961666e+00 2.151223185429074362e-07 -2.495210914370387556e+00 1.648839286172758341e+09
8.306665616469760842e-04 -1.939183516152544140e+00 -2.195395527444782058e+00 2.699420116763038461e-14 -6.716954813895890553e+00 1.648839286173819304e+09
8.360137832598008023e-04 -1.935392598134270781e+00 -2.236032329212142233e+00 2.625407517226756027e-14 -7.424552946310095436e+00 1.648839286174558401e+09
8.360137832598008023e-04 -1.935392598134270781e+00 -2.236032329212142233e+00 2.625407517226756027e-14 -7.424552946310095436e+00 1.648839286174558401e+09
8.389857977328690113e-04 -1.935815611876461340e+00 -2.176146098649601068e+00 1.365051339585386109e-08 -5.819386760717521589e+00 1.648839286174664021e+09
8.389857977328690113e-04 -1.935815611876461340e+00 -2.176146098649601068e+00 1.365051339585386109e-08 -5.819386760717521589e+00 1.648839286174664021e+09
8.359769388909485963e-04 -1.938005653463879874e+00 -2.165437062289528924e+00 2.407887595759937490e-13 -5.562241311324543247e+00 1.648839286175447702e+09
8.359769388909485963e-04 -1.938005653463879874e+00 -2.165437062289528924e+00 2.407887595759937490e-13 -5.562241311324543247e+00 1.648839286175447702e+09
8.314272196869203820e-04 -1.946085649273535001e+00 -2.164020027698916326e+00 2.012868901025206730e-10 -5.748344967366367797e+00 1.648839286178435326e+09
8.328883714434301032e-04 -1.936948484776171986e+00 -2.197469366831744431e+00 6.196354512407368905e-11 -5.342626623543614173e+00 1.648839286179929972e+09
8.328883714434301032e-04 -1.936948484776171986e+00 -2.197469366831744431e+00 6.196354512407368905e-11 -5.342626623543614173e+00 1.648839286179929972e+09
8.322096197789393118e-04 -1.944561403703381819e+00 -2.239233179791084716e+00 1.203192521583554490e-11 -5.245056050866583774e+00 1.648839286180278301e+09
8.322096197789393118e-04 -1.944561403703381819e+00 -2.239233179791084716e+00 1.203192521583554490e-11 -5.245056050866583774e+00 1.648839286180278301e+09
8.313574429209951442e-04 -1.942471137522378211e+00 -2.231446687806198259e+00 1.558303713700240225e-06 -2.225621742987224039e+00 1.648839286180625916e+09
8.319835245331993253e-04 -1.943544608658440698e+00 -2.254109429565262612e+00 1.631252379516235396e-12 -1.215114681352247317e-01 1.648839286181435347e+09
8.319835245331993253e-04 -1.943544608658440698e+00 -2.254109429565262612e+00 1.631252379516235396e-12 -1.215114681352247317e-01 1.648839286181435347e+09
8.277068708027445756e-04 -1.945623109767870673e+00 -2.243643951632936506e+00 5.589623773325732646e-12 -7.673279350288550127e+00 1.648839286181975126e+09
8.294086506509696375e-04 -1.949080518779777504e+00 -2.179311425628304377e+00 1.766034299514948399e-09 -4.349262727320553523e+00 1.648839286183060169e+09
8.294086506509696375e-04 -1.949080518779777504e+00 -2.179311425628304377e+00 1.766034299514948399e-09 -4.349262727320553523e+00 1.648839286183060169e+09
8.305561375526517584e-04 -1.947760440200006382e+00 -2.194770795532871244e+00 7.868314133264418582e-14 -3.913127175635686683e+00 1.648839286183940411e+09
8.305561375526517584e-04 -1.947760440200006382e+00 -2.194770795532871244e+00 7.868314133264418582e-14 -3.913127175635686683e+00 1.648839286183940411e+09
8.259976792357362051e-04 -1.948176607203305100e+00 -2.217925996293620194e+00 1.421892945006046781e-06 -1.845566068545579697e+00 1.648839286184381008e+09
8.259976792357362051e-04 -1.948176607203305100e+00 -2.217925996293620194e+00 1.421892945006046781e-06 -1.845566068545579697e+00 1.648839286184381008e+09
8.210555075051863185e-04 -1.952861371341932717e+00 -2.156715112174140359e+00 1.150261106677901400e-13 -6.126326665139892214e+00 1.648839286189023733e+09
8.210555075051863185e-04 -1.952861371341932717e+00 -2.156715112174140359e+00 1.150261106677901400e-13 -6.126326665139892214e+00 1.648839286189023733e+09
8.326111239445737082e-04 -1.942771216087620045e+00 -2.254448066407412021e+00 6.238942038770364320e-14 -5.407037602003341270e+00 1.648839286189851284e+09
8.379296060367017861e-04 -1.936289495202870858e+00 -2.193636191725170992e+00 6.350646139915603543e-09 -7.603735038733878682e-01 1.648839286190559387e+09
8.290480476788930414e-04 -1.941037017837548673e+00 -2.173881151602724326e+00 7.474307130653111202e-11 -3.247817972363783667e+00 1.648839286190646648e+09
8.290480476788930414e-04 -1.941037017837548673e+00 -2.173881151602724326e+00 7.474307130653111202e-11 -3.247817972363783667e+00 1.648839286190646648e+09
8.229364538290448970e-04 -1.949356159227710883e+00 -2.180066522720431887e+00 4.982148072582627092e-12 -9.701010368061373512e-01 1.648839286197639942e+09
8.203730580427016136e-04 -1.955278174621632559e+00 -2.168161369258827964e+00 4.511880755594246540e-11 -3.477259632945819412e+00 1.648839286197904825e+09
8.233941256936463254e-04 -1.951559019978074350e+00 -2.224990715813106146e+00 7.289983367841295181e-10 -7.002570395935173053e+00 1.648839286199040890e+09
8.233941256936463254e-04 -1.951559019978074350e+00 -2.224990715813106146e+00 7.289983367841295181e-10 -7.002570395935173053e+00 1.648839286199040890e+09
8.247497817817841127e-04 -1.952473133693334750e+00 -2.210670920231251113e+00 1.672129214546844304e-12 -1.739220706393329152e+00 1.648839286201586485e+09
8.230308746241658292e-04 -1.954752575727994657e+00 -2.184551846452040813e+00 3.409230280288860118e-12 -2.322618533936107177e+00 1.648839286202424049e+09
8.230308746241658292e-04 -1.954752575727994657e+00 -2.184551846452040813e+00 3.409230280288860118e-12 -2.322618533936107177e+00 1.648839286202424049e+09
8.221656306250449409e-04 -1.952887378093276283e+00 -2.198241627864485626e+00 1.002704211312185369e-12 -2.002857007054351435e+00 1.648839286206020117e+09
8.221656306250449409e-04 -1.952887378093276283e+00 -2.198241627864485626e+00 1.002704211312185369e-12 -2.002857007054351435e+00 1.648839286206020117e+09
8.215474674830921132e-04 -1.954908726001612695e+00 -2.194845069076410748e+00 5.037200030891869720e-09 -5.401965439877210784e+00 1.648839286206324577e+09
8.215474674830921132e-04 -1.954908726001612695e+00 -2.194845069076410748e+00 5.037200030891869720e-09 -5.401965439877210784e+00 1.648839286206324577e+09
8.364138314327594897e-04 -1.938809068943475600e+00 -2.235077368668447750e+00 2.074892143095854558e-13 -5.799047097705792631e+00 1.648839286207357168e+09
8.364138314327594897e-04 -1.938809068943475600e+00 -2.235077368668447750e+00 2.074892143095854558e-13 -5.799047097705792631e+00 1.648839286207357168e+09
8.257066778909379892e-04 -1.945216736492239029e+00 -2.165327917892826637e+00 3.344890230248810283e-13 -7.226360757758774511e+00 1.648839286208477736e+09
8.350909357121382272e-04 -1.936843376303660769e+00 -2.246114796282933757e+00 5.969514254363223953e-12 -7.077103544920178457e+00 1.648839286210189104e+09
8.350909357121382272e-04 -1.936843376303660769e+00 -2.246114796282933757e+00 5.969514254363223953e-12 -7.077103544920178457e+00 1.648839286210189104e+09
8.206605741337880035e-04 -1.956002994413557738e+00 -2.163096838979693182e+00 1.686927691643295133e-10 -6.623548705875806242e+00 1.648839286212755680e+09
8.206605741337880035e-04 -1.956002994413557738e+00 -2.163096838979693182e+00 1.686927691643295133e-10 -6.623548705875806242e+00 1.648839286212755680e+09
8.261487435954037494e-04 -1.947508870151617222e+00 -2.233286810676270662e+00 4.143006255470495357e-13 -5.816594613851936657e+00 1.648839286212965012e+09
8.371143690509803359e-04 -1.937903926847082570e+00 -2.186592695520135354e+00 3.057038822044220044e-11 -7.096719445106382196e+00 1.648839286213441372e+09
8.371143690509803359e-04 -1.937903926847082570e+00 -2.186592695520135354e+00 3.057038822044220044e-11 -7.096719445106382196e+00 1.648839286213441372e+09
8.229955538621120748e-04 -1.949349000909608831e+00 -2.181625554087165852e+00 1.694050214355917996e-11 -2.020859595420050780e+00 1.648839286213736534e+09
8.362764350046321968e-04 -1.939888087798040228e+00 -2.204853518944351887e+00 2.875261971635779807e-11 -3.406468036124943310e+00 1.648839286214775324e+09
8.362764350046321968e-04 -1.939888087798040228e+00 -2.204853518944351887e+00 2.875261971635779807e-11 -3.406468036124943310e+00 1.648839286214775324e+09
8.223357483524171372e-04 -1.952667676707993794e+00 -2.199909730709701527e+00 1.743094833399656427e-14 -7.317243092185809594e+00 1.648839286215327263e+09
8.223357483524171372e-04 -1.952667676707993794e+00 -2.199909730709701527e+00 1.743094833399656427e-14 -7.317243092185809594e+00 1.648839286215327263e+09
8.321512073235921543e-04 -1.937798168168064050e+00 -2.204284788608452228e+00 2.151154718687609887e-13 -6.361531335209926752e+00 1.648839286216794729e+09
8.321512073235921543e-04 -1.937798168168064050e+00 -2.204284788608452228e+00 2.151154718687609887e-13 -6.361531335209926752e+00 1.648839286216794729e+09
8.225696669989162680e-04 -1.950362421979663363e+00 -2.186627856121389435e+00 3.760693943233652137e-15 -5.190072503626659284e-01 1.648839286216804028e+09
8.225696669989162680e-04 -1.950362421979663363e+00 -2.186627856121389435e+00 3.760693943233652137e-15 -5.190072503626659284e-01 1.648839286216804028e+09
8.223307299368117548e-04 -1.955135466389191334e+00 -2.181756338423094022e+00 1.399202462848826248e-10 -3.811491076895615393e+00 1.648839286218696594e+09
8.223307299368117548e-04 -1.955135466389191334e+00 -2.181756338423094022e+00 1.399202462848826248e-10 -3.811491076895615393e+00 1.648839286218696594e+09
8.230399461879512506e-04 -1.949128492920052080e+00 -2.175873939981773475e+00 2.213223742826812664e-15 -1.593564089828408470e+00 1.648839286220429420e+09
8.230399461879512506e-04 -1.949128492920052080e+00 -2.175873939981773475e+00 2.213223742826812664e-15 -1.593564089828408470e+00 1.648839286220429420e+09
8.300627225352708808e-04 -1.948257289275897364e+00 -2.182078200818062363e+00 3.025524391279983083e-12 -5.945556348699559734e+00 1.648839286221101046e+09
8.375597726168629385e-04 -1.936957675700278436e+00 -2.225767835490598312e+00 7.166515456459879379e-09 -3.043396073354907472e+00 1.648839286221429825e+09
8.231006912315370731e-04 -1.950359051215641681e+00 -2.201123913074753080e+00 4.892051889665147419e-14 -1.825623888040333931e+00 1.648839286221955299e+09
8.361878302447019358e-04 -1.935151803348831967e+00 -2.177957833242897934e+00 2.380495049990458341e-10 -6.062912287727371563e+00 1.648839286226631880e+09
8.361878302447019358e-04 -1.935151803348831967e+00 -2.177957833242897934e+00 2.380495049990458341e-10 -6.062912287727371563e+00 1.648839286226631880e+09
8.248615826820250010e-04 -1.946642983291455575e+00 -2.190411604873983897e+00 3.153463916902839589e-11 -9.497404511534117688e-01 1.648839286227203846e+09
8.248615826820250010e-04 -1.946642983291455575e+00 -2.190411604873983897e+00 3.153463916902839589e-11 -9.497404511534117688e-01 1.648839286227203846e+09
8.277484508654437247e-04 -1.948892487347350322e+00 -2.234628901198822959e+00 3.762707486036423384e-08 -3.200947467181584294e+00 1.648839286229058504e+09
8.277484508654437247e-04 -1.948892487347350322e+00 -2.234628901198822959e+00 3.762707486036423384e-08 -3.200947467181584294e+00 1.648839286229058504e+09
8.297268992001880818e-04 -1.943735454130096407e+00 -2.142748428992547360e+00 8.307861116924867724e-12 -4.359332134167840600e+00 1.648839286230288267e+09
8.238800073420871495e-04 -1.948619410615351821e+00 -2.198444223205609838e+00 3.865563806088213303e-13 -6.328625359132152184e+00 1.648839286233419180e+09
8.238800073420871495e-04 -1.948619410615351821e+00 -2.198444223205609838e+00 3.865563806088213303e-13 -6.328625359132152184e+00 1.648839286233419180e+09
8.232056284297066323e-04 -1.953922415248626088e+00 -2.196676940640700959e+00 1.983861256364416041e-13 -5.646861707952142595e+00 1.648839286234007359e+09
8.232056284297066323e-04 -1.953922415248626088e+00 -2.196676940640700959e+00 1.983861256364416041e-13 -5.646861707952142595e+00 1.648839286234007359e+09
8.349040001230719366e-04 -1.937127006963325959e+00 -2.246558938320256882e+00 2.740866741629034392e-14 -1.673928283637771131e-03 1.648839286234084129e+09
8.225527916331136025e-04 -1.955152693699709010e+00 -2.163331899459910002e+00 8.448859350875121179e-15 -7.713745284405570501e+00 1.648839286234128952e+09
8.225527916331136025e-04 -1.955152693699709010e+00 -2.163331899459910002e+00 8.448859350875121179e-15 -7.713745284405570501e+00 1.648839286234128952e+09
8.308762433100958444e-04 -1.944149691054886997e+00 -2.254595581553207939e+00 2.202376014531525567e-12 -2.943851635178051040e+00 1.648839286234428167e+09
8.308762433100958444e-04 -1.944149691054886997e+00 -2.254595581553207939e+00 2.202376014531525567e-12 -2.943851635178051040e+00 1.648839286234428167e+09
8.228339862833092830e-04 -1.952321845405991851e+00 -2.142990034293538848e+00 2.162675059805322143e-07 -3.686914359052112289e+00 1.648839286236932278e+09
8.228339862833092830e-04 -1.952321845405991851e+00 -2.142990034293538848e+00 2.162675059805322143e-07 -3.686914359052112289e+00 1.648839286236932278e+09
8.280455474318835878e-04 -1.949164102847427804e+00 -2.225944131927297676e+00 7.068916202169255075e-07 -1.308267049767604995e+00 1.648839286237365484e+09
8.280455474318835878e-04 -1.949164102847427804e+00 -2.225944131927297676e+00 7.068916202169255075e-07 -1.308267049767604995e+00 1.648839286237365484e+09
8.215240373571070084e-04 -1.955386438044721675e+00 -2.177521397736435382e+00 1.976927432253342323e-07 -1.196691331024128502e+00 1.648839286240683794e+09
8.315037939696324825e-04 -1.946298657615762151e+00 -2.212816355231087329e+00 5.708185430420493830e-15 -7.242529589905782217e+00 1.648839286240818501e+09
8.364481066399864989e-04 -1.934440318659130131e+00 -2.210106507581971691e+00 2.190855991234683229e-12 -5.933525689101707634e+00 1.648839286243535042e+09
8.364481066399864989e-04 -1.934440318659130131e+00 -2.210106507581971691e+00 2.190855991234683229e-12 -5.933525689101707634e+00 1.648839286243535042e+09
8.262677160470281983e-04 -1.949961888327770065e+00 -2.229750327299205637e+00 3.568769918436508749e-13 -4.389414187866041317e+00 1.648839286243601322e+09
8.244886604810411270e-04 -1.953014795302592921e+00 -2.203086805793526004e+00 7.905003112784511883e-12 -7.880211033019047129e+00 1.648839286244867802e+09
8.310118458352782180e-04 -1.947101947726027849e+00 -2.196993772566331771e+00 6.068061674774302935e-12 -4.818420751406831570e+00 1.648839286247510195e+09
8.310118458352782180e-04 -1.947101947726027849e+00 -2.196993772566331771e+00 6.068061674774302935e-12 -4.818420751406831570e+00 1.648839286247510195e+09
8.249658663302527478e-04 -1.947130895642114945e+00 -2.149642898255581969e+00 1.777098374659695583e-14 -2.457001609261518560e+00 1.648839286253135443e+09
8.223448936730855382e-04 -1.952377567568607697e+00 -2.198038903897759688e+00 1.256680240521364256e-11 -6.658357983332659380e+00 1.648839286253141880e+09
8.223448936730855382e-04 -1.952377567568607697e+00 -2.198038903897759688e+00 1.256680240521364256e-11 -6.658357983332659380e+00 1.648839286253141880e+09
8.265358963807815451e-04 -1.944196782574379778e+00 -2.168124912676931970e+00 5.020394255384030445e-15 -6.426523389011655318e+00 1.648839286253451347e+09
8.301412599191562453e-04 -1.943648789344119887e+00 -2.253758405561071321e+00 1.173115404020645990e-12 -5.121907736799764521e+00 1.648839286254585981e+09
8.236837155274074739e-04 -1.951879665496489391e+00 -2.143448011921734508e+00 3.889701987003242410e-14 -6.927509589863999118e+00 1.648839286255044699e+09
8.236837155274074739e-04 -1.951879665496489391e+00 -2.143448011921734508e+00 3.889701987003242410e-14 -6.927509589863999118e+00 1.648839286255044699e+09
8.311484234588199620e-04 -1.938822377254350027e+00 -2.200882686225546614e+00 1.521443942604269535e-10 -6.417609420830554079e+00 1.648839286256119967e+09
8.311484234588199620e-04 -1.938822377254350027e+00 -2.200882686225546614e+00 1.521443942604269535e-10 -6.417609420830554079e+00 1.648839286256119967e+09
8.244407337864408580e-04 -1.949873548920599831e+00 -2.219723096832931120e+00 7.489280766670738789e-10 -2.624595405666343417e+00 1.648839286256212473e+09
8.244407337864408580e-04 -1.949873548920599831e+00 -2.219723096832931120e+00 7.489280766670738789e-10 -2.624595405666343417e+00 1.648839286256212473e+09
8.317494033318756103e-04 -1.940725849972544825e+00 -2.148840585591359265e+00 2.940654564893073351e-14 -6.196957386521662059e+00 1.648839286260158539e+09
8.304141282520025730e-04 -1.947889868360800136e+00 -2.190386408904332338e+00 6.736549032890076920e-10 -5.702634479023878988e+00 1.648839286260984659e+09
8.304141282520025730e-04 -1.947889868360800136e+00 -2.190386408904332338e+00 6.736549032890076920e-10 -5.702634479023878988e+00 1.648839286260984659e+09
8.378464957137108033e-04 -1.935520522223261208e+00 -2.224529956301942946e+00 2.127974748393138452e-08 -2.213906562826158719e+00 1.648839286261198997e+09
8.378464957137108033e-04 -1.935520522223261208e+00 -2.224529956301942946e+00 2.127974748393138452e-08 -2.213906562826158719e+00 1.648839286261198997e+09
8.232154885092705498e-04 -1.948968253928764494e+00 -2.160883141313718170e+00 3.638165087887387707e-15 -5.485269963510140734e+00 1.648839286261402369e+09
8.372682831306600378e-04 -1.934238428552276012e+00 -2.212161607656444318e+00 6.231695366097622086e-14 -6.883951232549885724e+00 1.648839286262310028e+09
8.287121059275165446e-04 -1.941792534686300087e+00 -2.163885471911939806e+00 2.178734268044095396e-08 -2.187876055148976207e+00 1.648839286266836166e+09
8.287121059275165446e-04 -1.941792534686300087e+00 -2.163885471911939806e+00 2.178734268044095396e-08 -2.187876055148976207e+00 1.648839286266836166e+09
8.356961498007149398e-04 -1.936702974968908197e+00 -2.166460318411700836e+00 1.815542485169745759e-10 -6.241236335109561217e+00 1.648839286267159939e+09
8.191369694287242926e-04 -1.957167903962886202e+00 -2.185511233007218834e+00 1.635433035725084794e-09 -6.981387597760169150e+00 1.648839286267436504e+09
8.191369694287242926e-04 -1.957167903962886202e+00 -2.185511233007218834e+00 1.635433035725084794e-09 -6.981387597760169150e+00 1.648839286267436504e+09
8.310521331486056236e-04 -1.945082391375748010e+00 -2.245381465596735460e+00 8.719017044992640487e-09 -1.467271000182427620e+00 1.648839286268432617e+09
8.344161028552670974e-04 -1.938361991973096998e+00 -2.252431469760373339e+00 4.624834882867817676e-08 -5.291931272114247520e-01 1.648839286269405365e+09
8.344161028552670974e-04 -1.938361991973096998e+00 -2.252431469760373339e+00 4.624834882867817676e-08 -5.291931272114247520e-01 1.648839286269405365e+09
8.237629436205816478e-04 -1.948129754978011885e+00 -2.178228435825984910e+00 4.213206283622014498e-14 -9.743037927802227216e-01 1.648839286269565105e+09
8.357940945589437381e-04 -1.938911648327403370e+00 -2.243409859593694655e+00 3.316662033725468934e-13 -6.805047102281202243e+00 1.648839286270720482e+09
8.288358128600182163e-04 -1.949208175723181391e+00 -2.209270631790870354e+00 1.245188709384623906e-10 -4.908696562225546955e+00 1.648839286271000385e+09
8.288358128600182163e-04 -1.949208175723181391e+00 -2.209270631790870354e+00 1.245188709384623906e-10 -4.908696562225546955e+00 1.648839286271000385e+09
8.307374349836966435e-04 -1.944589615399579197e+00 -2.253700221641853574e+00 9.353313348242522096e-10 -5.768182428030124598e+00 1.648839286275712490e+09
8.378483443674877374e-04 -1.935825210523311801e+00 -2.222062127037630397e+00 1.892290303259668034e-11 -4.703776834884102698e+00 1.648839286275909662e+09
8.378483443674877374e-04 -1.935825210523311801e+00 -2.222062127037630397e+00 1.892290303259668034e-11 -4.703776834884102698e+00 1.648839286275909662e+09
8.210126737837788579e-04 -1.953304579082812298e+00 -2.172115529816693869e+00 2.900142680831637020e-11 -3.150678647999764159e+00 1.648839286277014971e+09
8.210126737837788579e-04 -1.953304579082812298e+00 -2.172115529816693869e+00 2.900142680831637020e-11 -3.150678647999764159e+00 1.648839286277014971e+09
8.320699156863461433e-04 -1.945749623102986492e+00 -2.189771711185621861e+00 1.689773457414478607e-12 -6.729699907783376567e+00 1.648839286278476477e+09
8.320699156863461433e-04 -1.945749623102986492e+00 -2.189771711185621861e+00 1.689773457414478607e-12 -6.729699907783376567e+00 1.648839286278476477e+09
8.299733388167560271e-04 -1.943116398964570335e+00 -2.249920209090359169e+00 5.335162794415932552e-13 -6.496164837035075301e+00 1.648839286278504610e+09
8.308474383210584947e-04 -1.940005290401006333e+00 -2.158276423264869237e+00 5.380717793454134758e-14 -7.729636828467135956e+00 1.648839286281475782e+09
8.344016784173993208e-04 -1.936592397654500752e+00 -2.230969029762053246e+00 1.070650081148716950e-10 -4.642457351501404261e+00 1.648839286281958342e+09
8.344016784173993208e-04 -1.936592397654500752e+00 -2.230969029762053246e+00 1.070650081148716950e-10 -4.642457351501404261e+00 1.648839286281958342e+09
8.234247887303776771e-04 -1.952760464665907580e+00 -2.186135613508425113e+00 2.670929753130242704e-06 -1.134238104738685138e+00 1.648839286282028198e+09
8.236861494246523535e-04 -1.948323795286871274e+00 -2.180441080629467621e+00 5.620156585204187203e-10 -4.747878046194743185e+00 1.648839286282956362e+09
8.236861494246523535e-04 -1.948323795286871274e+00 -2.180441080629467621e+00 5.620156585204187203e-10 -4.747878046194743185e+00 1.648839286282956362e+09
8.302778538107043541e-04 -1.942380052956773850e+00 -2.248141932561511958e+00 2.497990852964167368e-15 -4.964266788733278091e+00 1.648839286282989979e+09
8.207424418763401616e-04 -1.954832939929855851e+00 -2.170970710854283059e+00 2.255332176609123702e-11 -3.878998299836500685e+00 1.648839286283831596e+09
8.361806366439368489e-04 -1.934666334113406938e+00 -2.207174753241823328e+00 2.048831651347583878e-09 -3.427024017946799006e+00 1.648839286283857107e+09
8.361806366439368489e-04 -1.934666334113406938e+00 -2.207174753241823328e+00 2.048831651347583878e-09 -3.427024017946799006e+00 1.648839286283857107e+09
8.267681502842802151e-04 -1.949654338733045167e+00 -2.229563617197642955e+00 2.909345510418702374e-15 -5.839030973580760175e+00 1.648839286284220695e+09
8.267681502842802151e-04 -1.949654338733045167e+00 -2.229563617197642955e+00 2.909345510418702374e-15 -5.839030973580760175e+00 1.648839286284220695e+09
8.343355689032776364e-04 -1.939598065155979656e+00 -2.157307279217781648e+00 5.510135003669820036e-12 -5.643961194509445889e+00 1.648839286286590576e+09
8.343355689032776364e-04 -1.939598065155979656e+00 -2.157307279217781648e+00 5.510135003669820036e-12 -5.643961194509445889e+00 1.648839286286590576e+09
8.227580833827107150e-04 -1.954725583964820324e+00 -2.159698721425869383e+00 1.661946598125272983e-15 -6.010742794710530745e-01 1.648839286287027597e+09
8.324511910035801423e-04 -1.939088396716288853e+00 -2.241537664581878087e+00 2.294409222408259781e-14 -6.358734965076680012e-01 1.648839286288754463e+09
8.266993562200583004e-04 -1.950510144821844261e+00 -2.220295450042389707e+00 1.313584572319317570e-10 -6.000558963309272187e+00 1.648839286289973021e+09
8.266993562200583004e-04 -1.950510144821844261e+00 -2.220295450042389707e+00 1.313584572319317570e-10 -6.000558963309272187e+00 1.648839286289973021e+09
8.289785314771560849e-04 -1.941535756365459164e+00 -2.205861107697442591e+00 3.238291077515871996e-13 -7.160451407622732134e-01 1.648839286290938616e+09
8.289785314771560849e-04 -1.941535756365459164e+00 -2.205861107697442591e+00 3.238291077515871996e-13 -7.160451407622732134e-01 1.648839286290938616e+09
8.310018720222295393e-04 -1.942399843382847990e+00 -2.253815429842611184e+00 1.190375489882236207e-10 -2.276227741940674676e+00 1.648839286291190147e+09
8.232094286246684038e-04 -1.954402967462191221e+00 -2.159527049189899461e+00 1.340789617380449422e-15 -9.028436561268318172e-01 1.648839286292217731e+09
8.232094286246684038e-04 -1.954402967462191221e+00 -2.159527049189899461e+00 1.340789617380449422e-15 -9.028436561268318172e-01 1.648839286292217731e+09
8.340237407790712567e-04 -1.939589348740549557e+00 -2.154984437469067426e+00 7.929064526217004688e-10 -5.473153737373155359e+00 1.648839286292261362e+09
8.340237407790712567e-04 -1.939589348740549557e+00 -2.154984437469067426e+00 7.929064526217004688e-10 -5.473153737373155359e+00 1.648839286292261362e+09
8.258281445502103652e-04 -1.948923884685104468e+00 -2.141198356063298114e+00 9.772415019763583095e-14 -4.594400956355766397e+00 1.648839286294067144e+09
8.258281445502103652e-04 -1.948923884685104468e+00 -2.141198356063298114e+00 9.772415019763583095e-14 -4.594400956355766397e+00 1.648839286294067144e+09
8.371226754345906761e-04 -1.935060856444404953e+00 -2.185474516942755407e+00 4.338692407120723036e-15 -4.835102516130001860e+00 1.648839286294070482e+09
8.371226754345906761e-04 -1.935060856444404953e+00 -2.185474516942755407e+00 4.338692407120723036e-15 -4.835102516130001860e+00 1.648839286294070482e+09
8.229573295210462205e-04 -1.949771158372014979e+00 -2.184545269468809892e+00 1.248759103763759065e-10 -3.565896136066726285e+00 1.648839286296033859e+09
8.229573295210462205e-04 -1.949771158372014979e+00 -2.184545269468809892e+00 1.248759103763759065e-10 -3.565896136066726285e+00 1.648839286296033859e+09
8.241257266280643465e-04 -1.947670064265537127e+00 -2.161331284837790356e+00 2.158411265705433255e-14 -4.892243583346575164e+00 1.648839286296159267e+09
8.241257266280643465e-04 -1.947670064265537127e+00 -2.161331284837790356e+00 2.158411265705433255e-14 -4.892243583346575164e+00 1.648839286296159267e+09
8.377008415103819180e-04 -1.936641664730110568e+00 -2.214413185518412597e+00 4.488511737887794036e-09 -3.255033809073100137e+00 1.648839286299385548e+09
8.380277055810405121e-04 -1.935017401319044206e+00 -2.206405598473232921e+00 2.932217614655912007e-13 -1.004325652637236388e+00 1.648839286299890041e+09
8.380277055810405121e-04 -1.935017401319044206e+00 -2.206405598473232921e+00 2.932217614655912007e-13 -1.004325652637236388e+00 1.648839286299890041e+09
8.344818126478695513e-04 -1.940398028956427323e+00 -2.161218014986861391e+00 2.212015462107024440e-13 -3.871501518384055096e+00 1.648839286300506830e+09
8.344818126478695513e-04 -1.940398028956427323e+00 -2.161218014986861391e+00 2.212015462107024440e-13 -3.871501518384055096e+00 1.648839286300506830e+09
8.237945298781979399e-04 -1.953025914450864819e+00 -2.149512317686950169e+00 1.676373937516182440e-15 -2.496270189416914143e+00 1.648839286301895142e+09
8.319106054752051791e-04 -1.943433947991576094e+00 -2.151206959158503462e+00 1.689013882346100635e-07 -1.538490709092821263e+00 1.648839286302197456e+09
8.357972393875171815e-04 -1.935436967699930788e+00 -2.226382133347429182e+00 1.353008524766646601e-15 -4.066491283883500785e+00 1.648839286302407503e+09
8.357972393875171815e-04 -1.935436967699930788e+00 -2.226382133347429182e+00 1.353008524766646601e-15 -4.066491283883500785e+00 1.648839286302407503e+09
8.332268655561536142e-04 -1.937259815099580784e+00 -2.219701214472696638e+00 9.560764873434212515e-14 -2.731599208542802693e+00 1.648839286303910971e+09
8.332268655561536142e-04 -1.937259815099580784e+00 -2.219701214472696638e+00 9.560764873434212515e-14 -2.731599208542802693e+00 1.648839286303910971e+09
8.246041028122746931e-04 -1.953424640991553662e+00 -2.162955083109844079e+00 3.437030858784149989e-15 -3.397766354818910983e+00 1.648839286304250479e+09
8.246041028122746931e-04 -1.953424640991553662e+00 -2.162955083109844079e+00 3.437030858784149989e-15 -3.397766354818910983e+00 1.648839286304250479e+09
8.263358820435962385e-04 -1.944858405439803706e+00 -2.158037578702189485e+00 6.312944555454065952e-10 -1.211726270553290519e-01 1.648839286304665565e+09
8.263358820435962385e-04 -1.944858405439803706e+00 -2.158037578702189485e+00 6.312944555454065952e-10 -1.211726270553290519e-01 1.648839286304665565e+09
8.346179187973893623e-04 -1.937399293076639495e+00 -2.246408233141921507e+00 4.538476231032983257e-08 -3.912565077982899986e+00 1.648839286307139635e+09
8.346179187973893623e-04 -1.937399293076639495e+00 -2.246408233141921507e+00 4.538476231032983257e-08 -3.912565077982899986e+00 1.648839286307139635e+09
8.298245330403787113e-04 -1.947348825856190402e+00 -2.156703693500908514e+00 3.091132428245164205e-12 -4.586656939430580060e+00 1.648839286307633162e+09
8.298245330403787113e-04 -1.947348825856190402e+00 -2.156703693500908514e+00 3.091132428245164205e-12 -4.586656939430580060e+00 1.648839286307633162e+09
8.277272796266107102e-04 -1.949180801985048284e+00 -2.227840763874526342e+00 4.249013087876427689e-15 -4.109017153039140169e+00 1.648839286307681322e+09
8.300161609488903268e-04 -1.946761758463832148e+00 -2.235278014468563335e+00 8.587757722698163203e-12 -3.739423020391548391e+00 1.648839286307699203e+09
8.300161609488903268e-04 -1.946761758463832148e+00 -2.235278014468563335e+00 8.587757722698163203e-12 -3.739423020391548391e+00 1.648839286307699203e+09
8.220284784348599102e-04 -1.951199192931295734e+00 -2.175254181263150954e+00 1.388914892058404978e-13 -1.831927507587360893e-01 1.648839286307989597e+09
8.220284784348599102e-04 -1.951199192931295734e+00 -2.175254181263150954e+00 1.388914892058404978e-13 -1.831927507587360893e-01 1.648839286307989597e+09
8.356001902376797037e-04 -1.936216505612895267e+00 -2.171624558177921216e+00 9.867689494527941952e-14 -6.765681036517314340e+00 1.648839286308510303e+09
8.356001902376797037e-04 -1.936216505612895267e+00 -2.171624558177921216e+00 9.867689494527941952e-14 -6.765681036517314340e+00 1.648839286308510303e+09
8.296135918484519615e-04 -1.947274597299960774e+00 -2.233129519338978852e+00 6.944220169781873954e-14 -6.045452242318090086e-01 1.648839286309508562e+09
8.283185286897214302e-04 -1.949816329881430166e+00 -2.167194087001206526e+00 7.087905555731979740e-15 -3.733078372750793683e+00 1.648839286310880423e+09
8.283185286897214302e-04 -1.949816329881430166e+00 -2.167194087001206526e+00 7.087905555731979740e-15 -3.733078372750793683e+00 1.648839286310880423e+09
8.351732702669472036e-04 -1.941087343074207272e+00 -2.183262036464125977e+00 3.023673248049882792e-09 -3.905872381773898283e+00 1.648839286311187267e+09
8.351732702669472036e-04 -1.941087343074207272e+00 -2.183262036464125977e+00 3.023673248049882792e-09 -3.905872381773898283e+00 1.648839286311187267e+09
8.271009542667295388e-04 -1.946336055006070875e+00 -2.235616496953895194e+00 2.687437747290816593e-10 -3.977369632503355845e-01 1.648839286313317537e+09
8.273456966341218629e-04 -1.948567637523375806e+00 -2.144427333640258837e+00 7.906413341442128173e-10 -1.268385242496563592e+00 1.648839286313649178e+09
8.356135538272076429e-04 -1.940706796187350092e+00 -2.206549810315061144e+00 1.861997193480319711e-11 -3.130991768839773037e+00 1.648839286313805342e+09
8.346628729251217389e-04 -1.938497920624089765e+00 -2.159637976733150388e+00 8.451326102703583860e-14 -6.155841262799829572e+00 1.648839286314089775e+09
8.372044494029008818e-04 -1.937544089334420239e+00 -2.193669093694618155e+00 8.503873890165756737e-10 -3.203491888627580053e+00 1.648839286315702915e+09
8.230180599013652400e-04 -1.952591635323651209e+00 -2.203014296132778327e+00 2.825583593203478394e-13 -3.801168837052149918e+00 1.648839286316505671e+09
8.229342217602589110e-04 -1.949760044727535613e+00 -2.181728309223752049e+00 2.371748376658399524e-11 -3.221935637968828203e+00 1.648839286318284512e+09
8.229342217602589110e-04 -1.949760044727535613e+00 -2.181728309223752049e+00 2.371748376658399524e-11 -3.221935637968828203e+00 1.648839286318284512e+09
8.320329784818327953e-04 -1.938117120993912090e+00 -2.204584904454797378e+00 8.753178681336523541e-14 -2.177284758869681980e-01 1.648839286318966389e+09
8.325488987555072036e-04 -1.938708389657592512e+00 -2.236048842269621861e+00 1.521434288822886025e-14 -4.532194191851276699e+00 1.648839286319727659e+09
8.325488987555072036e-04 -1.938708389657592512e+00 -2.236048842269621861e+00 1.521434288822886025e-14 -4.532194191851276699e+00 1.648839286319727659e+09
8.260209739692805616e-04 -1.946233972512551258e+00 -2.147514949042783616e+00 2.445415809343348012e-15 -3.759529440845132520e+00 1.648839286320043564e+09
8.344984853025591304e-04 -1.937305328148575922e+00 -2.164141341956595355e+00 2.223088060537146705e-14 -3.295064799147166212e+00 1.648839286322281361e+09
8.370298201741269498e-04 -1.934521545567147172e+00 -2.199721791516438874e+00 1.584757134874066645e-13 -7.241206839961258801e+00 1.648839286327296734e+09
8.370298201741269498e-04 -1.934521545567147172e+00 -2.199721791516438874e+00 1.584757134874066645e-13 -7.241206839961258801e+00 1.648839286327296734e+09
8.293287454615364115e-04 -1.948699005531955963e+00 -2.205317255400118359e+00 1.932575975407104562e-15 -4.334988308015862657e+00 1.648839286327382803e+09
8.293287454615364115e-04 -1.948699005531955963e+00 -2.205317255400118359e+00 1.932575975407104562e-15 -4.334988308015862657e+00 1.648839286327382803e+09
8.348470788248068142e-04 -1.940980068351725318e+00 -2.240238514671505587e+00 4.551298056662656590e-11 -7.972971134788661374e+00 1.648839286327895403e+09
8.348470788248068142e-04 -1.940980068351725318e+00 -2.240238514671505587e+00 4.551298056662656590e-11 -7.972971134788661374e+00 1.648839286327895403e+09
8.239613748708896545e-04 -1.950685871860133203e+00 -2.143513321103925673e+00 2.320836398532201825e-11 -5.040981217498032407e+00 1.648839286329006195e+09
8.239613748708896545e-04 -1.950685871860133203e+00 -2.143513321103925673e+00 2.320836398532201825e-11 -5.040981217498032407e+00 1.648839286329006195e+09
8.265274318048278657e-04 -1.944948132935720109e+00 -2.206406833051848260e+00 5.693784128842348212e-13 -1.973069408917527134e+00 1.648839286330045938e+09
8.265274318048278657e-04 -1.944948132935720109e+00 -2.206406833051848260e+00 5.693784128842348212e-13 -1.973069408917527134e+00 1.648839286330045938e+09
8.303074513077698731e-04 -1.948972842169173658e+00 -2.193266645001208381e+00 3.840081760693977466e-09 -6.361993618062799172e+00 1.648839286330878496e+09
8.303074513077698731e-04 -1.948972842169173658e+00 -2.193266645001208381e+00 3.840081760693977466e-09 -6.361993618062799172e+00 1.648839286330878496e+09
8.230805157782468406e-04 -1.954668104424004182e+00 -2.171888468961123309e+00 1.447307468600521206e-12 -9.922595307189707725e-01 1.648839286332029819e+09
8.230805157782468406e-04 -1.954668104424004182e+00 -2.171888468961123309e+00 1.447307468600521206e-12 -9.922595307189707725e-01 1.648839286332029819e+09
8.311836531016535828e-04 -1.943301394275328331e+00 -2.253356013181001316e+00 2.197686413111347863e-13 -7.680031735379650115e+00 1.648839286332604885e+09
8.329225283150048544e-04 -1.937665317463707959e+00 -2.171433606421734552e+00 2.080233289298369000e-13 -2.124404057297605064e+00 1.648839286335476160e+09
8.278184964612048504e-04 -1.946739009727619152e+00 -2.242669003739705680e+00 1.934133954108817641e-11 -7.612175885469395276e+00 1.648839286337189674e+09
8.278184964612048504e-04 -1.946739009727619152e+00 -2.242669003739705680e+00 1.934133954108817641e-11 -7.612175885469395276e+00 1.648839286337189674e+09
8.311571934886214036e-04 -1.942998443797158581e+00 -2.253488863032751865e+00 5.376293479954867498e-15 -1.082528508886442253e+00 1.648839286339067936e+09
8.327057660707362424e-04 -1.944000334355809878e+00 -2.231288994566966277e+00 2.748358033677491172e-15 -7.544729826361459502e+00 1.648839286339324474e+09
8.327057660707362424e-04 -1.944000334355809878e+00 -2.231288994566966277e+00 2.748358033677491172e-15 -7.544729826361459502e+00 1.648839286339324474e+09
8.365280675917811416e-04 -1.937838098495004546e+00 -2.216028353680306040e+00 6.270201796860797730e-07 -2.903176466342134887e+00 1.648839286339464188e+09
8.365280675917811416e-04 -1.937838098495004546e+00 -2.216028353680306040e+00 6.270201796860797730e-07 -2.903176466342134887e+00 1.648839286339464188e+09
8.295765893273116150e-04 -1.945823736417638949e+00 -2.146087184000856851e+00 2.615937446046695645e-14 -8.333338555351339494e-01 1.648839286339582443e+09
8.382346465613744113e-04 -1.933297777791647798e+00 -2.234874484082750357e+00 5.310229093409582499e-10 -7.501736568336486499e+00 1.648839286340121508e+09
8.294558050330538834e-04 -1.946767312525310656e+00 -2.240073518437707634e+00 7.828033599304707520e-08 -7.446429947503068192e-01 1.648839286340456247e+09
8.215934315302404886e-04 -1.952227595340389588e+00 -2.159534686839893247e+00 8.752044926116680751e-14 -2.911855244658664077e+00 1.648839286340834856e+09
8.215934315302404886e-04 -1.952227595340389588e+00 -2.159534686839893247e+00 8.752044926116680751e-14 -2.911855244658664077e+00 1.648839286340834856e+09
8.263505550905915487e-04 -1.946895380614956927e+00 -2.232750679943633632e+00 5.507257586435467894e-10 -6.590538278124361327e+00 1.648839286342413425e+09
8.242964026701223674e-04 -1.952928228506937813e+00 -2.200228545893210708e+00 6.352608010307445092e-13 -3.620079931186054090e+00 1.648839286345448732e+09
8.242964026701223674e-04 -1.952928228506937813e+00 -2.200228545893210708e+00 6.352608010307445092e-13 -3.620079931186054090e+00 1.648839286345448732e+09
8.328118417134868119e-04 -1.939471364568111422e+00 -2.249433567693754465e+00 8.799919268798127871e-10 -5.743178368999437566e+00 1.648839286349647760e+09
8.328118417134868119e-04 -1.939471364568111422e+00 -2.249433567693754465e+00 8.799919268798127871e-10 -5.743178368999437566e+00 1.648839286349647760e+09
8.230381829324724501e-04 -1.952794383234504050e+00 -2.201189565364839229e+00 2.131479252403869924e-09 -3.922506288043534184e+00 1.648839286350077868e+09
8.340911450537854101e-04 -1.936309262916739105e+00 -2.189300157324759688e+00 2.624149087621110631e-12 -5.058336305248289477e+00 1.648839286355526447e+09
8.340911450537854101e-04 -1.936309262916739105e+00 -2.189300157324759688e+00 2.624149087621110631e-12 -5.058336305248289477e+00 1.648839286355526447e+09
8.211626786396313167e-04 -1.954972970936976751e+00 -2.158080628126252787e+00 2.914575289085783431e-09 -4.990061778857075581e+00 1.648839286357869148e+09
8.211626786396313167e-04 -1.954972970936976751e+00 -2.158080628126252787e+00 2.914575289085783431e-09 -4.990061778857075581e+00 1.648839286357869148e+09
8.214023784207781596e-04 -1.952807229028093783e+00 -2.159668702916660799e+00 2.431200249089999344e-15 -1.528935829616075992e+00 1.648839286359616041e+09
8.252786899361397224e-04 -1.946433191697001241e+00 -2.194231850849812204e+00 7.820914943461923517e-13 -2.418991357175896084e+00 1.648839286360195875e+09
8.392608375551457740e-04 -1.934361500003459966e+00 -2.181500942035390800e+00 1.252857548006180600e-09 -7.223554009528589503e+00 1.648839286360913038e+09
8.276958846759247847e-04 -1.948322737077504474e+00 -2.145967272153929795e+00 8.265432649568442110e-12 -2.706969057642618637e+00 1.648839286362267494e+09
8.276958846759247847e-04 -1.948322737077504474e+00 -2.145967272153929795e+00 8.265432649568442110e-12 -2.706969057642618637e+00 1.648839286362267494e+09
8.250638412934859509e-04 -1.946385831338808492e+00 -2.166250527589739239e+00 3.161848558011138239e-15 -3.410478339192784425e+00 1.648839286363374710e+09
8.250638412934859509e-04 -1.946385831338808492e+00 -2.166250527589739239e+00 3.161848558011138239e-15 -3.410478339192784425e+00 1.648839286363374710e+09
8.240763617857753583e-04 -1.951488642964096520e+00 -2.212068106342896634e+00 1.736033799767919936e-11 -5.832395114192502561e+00 1.648839286365377426e+09
8.240763617857753583e-04 -1.951488642964096520e+00 -2.212068106342896634e+00 1.736033799767919936e-11 -5.832395114192502561e+00 1.648839286365377426e+09
8.271691836498206059e-04 -1.943579956975059808e+00 -2.184127917709057343e+00 1.459463146250975857e-12 -7.631081383033516019e+00 1.648839286366361380e+09
8.259968978574198798e-04 -1.951501377578296337e+00 -2.207174620034956902e+00 1.531524886699439670e-10 -7.446012886787958251e-01 1.648839286367035151e+09
8.259968978574198798e-04 -1.951501377578296337e+00 -2.207174620034956902e+00 1.531524886699439670e-10 -7.446012886787958251e-01 1.648839286367035151e+09
8.210903791836859835e-04 -1.954020894894357596e+00 -2.160662420292864816e+00 1.229976109919971772e-13 -3.637103035258222761e+00 1.648839286367324829e+09
8.210903791836859835e-04 -1.954020894894357596e+00 -2.160662420292864816e+00 1.229976109919971772e-13 -3.637103035258222761e+00 1.648839286367324829e+09
8.369990781307512723e-04 -1.935671627319455634e+00 -2.228872254610323012e+00 2.097291914739629612e-15 -5.989305030137458630e+00 1.648839286368135691e+09
8.369990781307512723e-04 -1.935671627319455634e+00 -2.228872254610323012e+00 2.097291914739629612e-15 -5.989305030137458630e+00 1.648839286368135691e+09
8.335889129768281596e-04 -1.936857605754986666e+00 -2.211544663267658528e+00 3.374970522492341396e-12 -1.000665093669582895e+00 1.648839286370087862e+09
8.335889129768281596e-04 -1.936857605754986666e+00 -2.211544663267658528e+00 3.374970522492341396e-12 -1.000665093669582895e+00 1.648839286370087862e+09
8.272819744164326564e-04 -1.950507091907233592e+00 -2.160070732944092242e+00 4.995190353585599293e-14 -7.195265196592131041e+00 1.648839286370188236e+09
8.272819744164326564e-04 -1.950507091907233592e+00 -2.160070732944092242e+00 4.995190353585599293e-14 -7.195265196592131041e+00 1.648839286370188236e+09
8.289957596366707461e-04 -1.947808982933183497e+00 -2.152643369352445823e+00 4.702256513838294093e-15 -1.060848025504930625e+00 1.648839286370828867e+09
8.289957596366707461e-04 -1.947808982933183497e+00 -2.152643369352445823e+00 4.702256513838294093e-15 -1.060848025504930625e+00 1.648839286370828867e+09
8.313325858765387459e-04 -1.939631368772548825e+00 -2.226032447863028896e+00 1.646481821221050981e-08 -7.149160344592839778e-01 1.648839286374139309e+09
8.313325858765387459e-04 -1.939631368772548825e+00 -2.226032447863028896e+00 1.646481821221050981e-08 -7.149160344592839778e-01 1.648839286374139309e+09
8.301257763014340766e-04 -1.943722591414276613e+00 -2.145336277453922413e+00 3.494072194609496650e-14 -2.185080892348049808e+00 1.648839286374226093e+09
8.301257763014340766e-04 -1.943722591414276613e+00 -2.145336277453922413e+00 3.494072194609496650e-14 -2.185080892348049808e+00 1.648839286374226093e+09
8.283771525468758886e-04 -1.942338458412901092e+00 -2.201177238662120228e+00 2.124273367531354350e-15 -3.998193668769404852e+00 1.648839286374848604e+09
8.233924824592515250e-04 -1.951482369120656202e+00 -2.205428217770878607e+00 4.507634630443131764e-15 -2.254161051330711096e+00 1.648839286375370264e+09
8.233924824592515250e-04 -1.951482369120656202e+00 -2.205428217770878607e+00 4.507634630443131764e-15 -2.254161051330711096e+00 1.648839286375370264e+09
8.270939496252391115e-04 -1.949319410985141277e+00 -2.147534178027628471e+00 6.767984481408322256e-13 -2.157694111145551652e+00 1.648839286376643181e+09
8.270939496252391115e-04 -1.949319410985141277e+00 -2.147534178027628471e+00 6.767984481408322256e-13 -2.157694111145551652e+00 1.648839286376643181e+09
8.353132696726012696e-04 -1.939640706251000157e+00 -2.242140324510933258e+00 9.395223367278794230e-10 -5.618685340346402768e+00 1.648839286376710415e+09
8.347955419196466820e-04 -1.941824135466195145e+00 -2.199981374759595543e+00 2.208884925052738394e-09 -1.205811943663202435e+00 1.648839286377698898e+09
8.347955419196466820e-04 -1.941824135466195145e+00 -2.199981374759595543e+00 2.208884925052738394e-09 -1.205811943663202435e+00 1.648839286377698898e+09
8.274031696697732325e-04 -1.944011183637069040e+00 -2.154209934879126376e+00 6.093760284794537625e-13 -1.584882118304416387e+00 1.648839286377913237e+09
8.274031696697732325e-04 -1.944011183637069040e+00 -2.154209934879126376e+00 6.093760284794537625e-13 -1.584882118304416387e+00 1.648839286377913237e+09
8.273522383453901395e-04 -1.947484047942665830e+00 -2.237649229128597206e+00 1.709084224611787901e-11 -5.696618749854536645e+00 1.648839286377960205e+09
8.265779245630931835e-04 -1.944587045891213339e+00 -2.194853191805867354e+00 1.359394143990468831e-13 -5.122199044589800465e+00 1.648839286378170967e+09
8.265779245630931835e-04 -1.944587045891213339e+00 -2.194853191805867354e+00 1.359394143990468831e-13 -5.122199044589800465e+00 1.648839286378170967e+09
8.334421082382343412e-04 -1.937185639149236582e+00 -2.218279757643525141e+00 6.927737202735453038e-15 -5.321524427624346743e+00 1.648839286379112959e+09
8.374147005133115041e-04 -1.934838087871204149e+00 -2.201962943522357108e+00 1.472837282666820296e-13 -7.903528572621336679e-01 1.648839286381052494e+09
8.374147005133115041e-04 -1.934838087871204149e+00 -2.201962943522357108e+00 1.472837282666820296e-13 -7.903528572621336679e-01 1.648839286381052494e+09
8.244845701668603423e-04 -1.947825038872520009e+00 -2.202102232313504437e+00 1.417910778835463892e-06 -4.400645110606156152e-01 1.648839286381207705e+09
8.244845701668603423e-04 -1.947825038872520009e+00 -2.202102232313504437e+00 1.417910778835463892e-06 -4.400645110606156152e-01 1.648839286381207705e+09
8.292536469756833784e-04 -1.944849437831052796e+00 -2.144132637852635526e+00 1.347044007645632600e-14 -6.463584067730544724e+00 1.648839286382067442e+09
8.292536469756833784e-04 -1.944849437831052796e+00 -2.144132637852635526e+00 1.347044007645632600e-14 -6.463584067730544724e+00 1.648839286382067442e+09
8.337221611207993851e-04 -1.940291856526075609e+00 -2.154220965747097871e+00 7.567621915821498215e-10 -6.240195751510584365e+00 1.648839286384715557e+09
8.260371506878955985e-04 -1.945280798817671686e+00 -2.205568189291104986e+00 1.367466472173039426e-10 -7.781832116390146936e+00 1.648839286385515690e+09
8.371042370161126556e-04 -1.937581180680281179e+00 -2.197541951771496471e+00 1.197948102638428776e-14 -6.034429713517326377e-01 1.648839286386461735e+09
8.371042370161126556e-04 -1.937581180680281179e+00 -2.197541951771496471e+00 1.197948102638428776e-14 -6.034429713517326377e-01 1.648839286386461735e+09
8.262157192059266285e-04 -1.946861899139040952e+00 -2.223915170717241985e+00 5.151541788533817994e-14 -5.663959131521401957e+00 1.648839286387128353e+09
8.262157192059266285e-04 -1.946861899139040952e+00 -2.223915170717241985e+00 5.151541788533817994e-14 -5.663959131521401957e+00 1.648839286387128353e+09
8.323077300878368784e-04 -1.944696755823952738e+00 -2.169696680603045547e+00 3.643934907755407735e-12 -3.905825036438149489e+00 1.648839286387370110e+09
8.324931337957402339e-04 -1.944883239694723764e+00 -2.209370401378988547e+00 1.029436269798510636e-09 -2.477980922493975058e+00 1.648839286387938023e+09
8.297340670271222910e-04 -1.943370703401843258e+00 -2.247709686534341778e+00 1.609596690423355219e-09 -5.561461384388948659e+00 1.648839286389542818e+09
8.297340670271222910e-04 -1.943370703401843258e+00 -2.247709686534341778e+00 1.609596690423355219e-09 -5.561461384388948659e+00 1.648839286389542818e+09
8.278010030598704702e-04 -1.945536773490795124e+00 -2.261956248625685006e+00 3.091074543104319625e-09 -6.691639533996735167e+00 1.648839286389564991e+09
8.278010030598704702e-04 -1.945536773490795124e+00 -2.261956248625685006e+00 3.091074543104319625e-09 -6.691639533996735167e+00 1.648839286389564991e+09
8.373994867238037949e-04 -1.934880583832648826e+00 -2.202086680774216987e+00 1.388435754674290961e-08 -1.187037081199899369e+00 1.648839286389745951e+09
8.375019390753790259e-04 -1.935530298773054048e+00 -2.195183429663911223e+00 2.787214011642081947e-09 -3.561330584428189283e+00 1.648839286390106440e+09
8.217136551244776273e-04 -1.954847696727479711e+00 -2.174851337156490150e+00 1.474213342805804144e-10 -3.210814281711389384e-01 1.648839286390335798e+09
8.300763880209300694e-04 -1.947947808502761724e+00 -2.184313105377691855e+00 4.379593446546723844e-14 -5.661012995392455949e+00 1.648839286391241312e+09
8.294338961725462997e-04 -1.947866126125495034e+00 -2.222276808377044333e+00 5.080883791935921370e-10 -4.123650932619329801e+00 1.648839286391672850e+09
8.294338961725462997e-04 -1.947866126125495034e+00 -2.222276808377044333e+00 5.080883791935921370e-10 -4.123650932619329801e+00 1.648839286391672850e+09
8.352480181375159267e-04 -1.935739791892717943e+00 -2.217717921808026738e+00 1.645774512041129565e-15 -2.396062980884077653e+00 1.648839286391753197e+09
8.352480181375159267e-04 -1.935739791892717943e+00 -2.217717921808026738e+00 1.645774512041129565e-15 -2.396062980884077653e+00 1.648839286391753197e+09
8.319930982652393170e-04 -1.938487290918216921e+00 -2.173712307171199232e+00 5.554208394373537553e-08 -1.527792563562372585e+00 1.648839286392994642e+09
8.319930982652393170e-04 -1.938487290918216921e+00 -2.173712307171199232e+00 5.554208394373537553e-08 -1.527792563562372585e+00 1.648839286392994642e+09
8.355765808325477323e-04 -1.935519941401667277e+00 -2.217157344109346617e+00 4.707761353733050451e-13 -2.846778997476710593e+00 1.648839286394620419e+09
8.353052987764294319e-04 -1.935656328617962441e+00 -2.215493652272058966e+00 3.025238229149574567e-14 -7.247834594778081119e+00 1.648839286397505283e+09
8.217962356568196507e-04 -1.954751309547391180e+00 -2.176148159109355884e+00 1.051819938171465231e-10 -3.670495734979014379e+00 1.648839286398631573e+09
8.290978972690373839e-04 -1.942760708833266126e+00 -2.230325874232937711e+00 2.847470616532502467e-09 -1.772229912795069140e+00 1.648839286400445461e+09
8.345124632748433281e-04 -1.937132398392718224e+00 -2.235272632153447070e+00 3.394603614813148141e-12 -1.386875256831272551e-01 1.648839286402775526e+09
8.345124632748433281e-04 -1.937132398392718224e+00 -2.235272632153447070e+00 3.394603614813148141e-12 -1.386875256831272551e-01 1.648839286402775526e+09
8.328961343676066298e-04 -1.944448169350218691e+00 -2.198114061022930610e+00 1.296936579901908097e-14 -2.412878923199697212e+00 1.648839286402991772e+09
8.296234330439685584e-04 -1.944890540478747321e+00 -2.246417705541185583e+00 1.200699103667190568e-07 -2.194342658336941199e+00 1.648839286403994322e+09
8.296234330439685584e-04 -1.944890540478747321e+00 -2.246417705541185583e+00 1.200699103667190568e-07 -2.194342658336941199e+00 1.648839286403994322e+09
8.300898327931469436e-04 -1.942263450127867275e+00 -2.148631916983151147e+00 1.889526216369943269e-10 -5.018409170700654620e+00 1.648839286404304743e+09
8.300898327931469436e-04 -1.942263450127867275e+00 -2.148631916983151147e+00 1.889526216369943269e-10 -5.018409170700654620e+00 1.648839286404304743e+09
8.293380902678359513e-04 -1.940251023114883733e+00 -2.220391924911260695e+00 6.787480887996057617e-10 -7.752429144624524149e+00 1.648839286404779434e+09
8.305788775218579147e-04 -1.945767976674162680e+00 -2.237447344972438579e+00 4.904546689985919814e-15 -1.918951834179935645e+00 1.648839286405432463e+09
8.305788775218579147e-04 -1.945767976674162680e+00 -2.237447344972438579e+00 4.904546689985919814e-15 -1.918951834179935645e+00 1.648839286405432463e+09
8.307823493033093289e-04 -1.946150922343457879e+00 -2.228599617024945800e+00 7.268847730919676826e-12 -4.830935472547288612e+00 1.648839286405672789e+09
8.307823493033093289e-04 -1.946150922343457879e+00 -2.228599617024945800e+00 7.268847730919676826e-12 -4.830935472547288612e+00 1.648839286405672789e+09
8.216495824490038834e-04 -1.954896205878385418e+00 -2.170837165970648464e+00 3.428989531947225131e-11 -4.107184180998836531e+00 1.648839286406522036e+09
8.216047541349576905e-04 -1.954038253885857390e+00 -2.182139252189585932e+00 1.161935095974044302e-07 -3.161425720824233565e-01 1.648839286406741619e+09
8.353148040815540310e-04 -1.940523145714685871e+00 -2.224236695184215851e+00 6.066909553619653693e-12 -1.557566951604245631e-01 1.648839286406923056e+09
8.353148040815540310e-04 -1.940523145714685871e+00 -2.224236695184215851e+00 6.066909553619653693e-12 -1.557566951604245631e-01 1.648839286406923056e+09
8.247849978263839749e-04 -1.949640474218541142e+00 -2.221932900698286417e+00 5.053439868631608466e-10 -6.520643857178544778e+00 1.648839286407900572e+09
8.247849978263839749e-04 -1.949640474218541142e+00 -2.221932900698286417e+00 5.053439868631608466e-10 -6.520643857178544778e+00 1.648839286407900572e+09
8.288605296024495169e-04 -1.948849770783556590e+00 -2.211310850376491111e+00 1.073441498316920542e-09 -4.441670885350339937e+00 1.648839286408198118e+09
8.263710569086494574e-04 -1.951572020925895323e+00 -2.195287772934409354e+00 1.275969744828622799e-14 -4.892053525397512814e-01 1.648839286409482479e+09
8.323470472907624432e-04 -1.942401501291511012e+00 -2.250165230313344811e+00 3.038465285341728144e-15 -1.680319638762384216e-02 1.648839286409734011e+09
8.323470472907624432e-04 -1.942401501291511012e+00 -2.250165230313344811e+00 3.038465285341728144e-15 -1.680319638762384216e-02 1.648839286409734011e+09
8.259394612808204335e-04 -1.951702545896097041e+00 -2.158428750748226488e+00 6.744930690834789604e-09 -1.304921750322312946e+00 1.648839286411428452e+09
8.331546941383201864e-04 -1.943866460089691994e+00 -2.214976283817593039e+00 5.442208349192737182e-11 -2.276482647445939200e+00 1.648839286412277937e+09
8.331546941383201864e-04 -1.943866460089691994e+00 -2.214976283817593039e+00 5.442208349192737182e-11 -2.276482647445939200e+00 1.648839286412277937e+09
8.214910748028637043e-04 -1.953303040155923265e+00 -2.176584177358717120e+00 3.469475917892720496e-10 -4.791947966982696983e-01 1.648839286412432909e+09
8.298148907994782426e-04 -1.944639508953102558e+00 -2.145702823565360351e+00 7.997320872161247400e-13 -2.567745032201723454e+00 1.648839286413070440e+09
8.298148907994782426e-04 -1.944639508953102558e+00 -2.145702823565360351e+00 7.997320872161247400e-13 -2.567745032201723454e+00 1.648839286413070440e+09
8.304321968851750271e-04 -1.945413565129690880e+00 -2.242260147102542067e+00 4.140644088750875156e-12 -3.753475276919301606e+00 1.648839286413201332e+09
8.333948699678623943e-04 -1.941152192346045746e+00 -2.249408125279435566e+00 1.838556871692216213e-12 -4.670833338686719571e-01 1.648839286413423538e+09
8.317639045890641483e-04 -1.938871165398585950e+00 -2.160543278570184800e+00 8.484804938860447436e-09 -5.378274825895992706e+00 1.648839286413607597e+09
8.317639045890641483e-04 -1.938871165398585950e+00 -2.160543278570184800e+00 8.484804938860447436e-09 -5.378274825895992706e+00 1.648839286413607597e+09
8.330928640427437241e-04 -1.943977439181734157e+00 -2.213544763149177363e+00 2.907346288107708936e-14 -4.808193288780362451e+00 1.648839286413757563e+09
8.283114280634018686e-04 -1.942261677894279170e+00 -2.176926722233802458e+00 5.421423643908745617e-15 -3.869645546082938203e+00 1.648839286414656401e+09
8.227318680761931159e-04 -1.953879058493188658e+00 -2.154609041971401240e+00 3.236531339455137630e-15 -7.141347090348410198e+00 1.648839286414902925e+09
8.227318680761931159e-04 -1.953879058493188658e+00 -2.154609041971401240e+00 3.236531339455137630e-15 -7.141347090348410198e+00 1.648839286414902925e+09
8.244363870279671890e-04 -1.947380532225717609e+00 -2.173812044526547638e+00 2.191744619726230955e-10 -6.997525016576444656e-01 1.648839286416325808e+09
8.244363870279671890e-04 -1.947380532225717609e+00 -2.173812044526547638e+00 2.191744619726230955e-10 -6.997525016576444656e-01 1.648839286416325808e+09
8.218695073992561030e-04 -1.954746012369340535e+00 -2.174650789583444155e+00 8.626253811878314147e-14 -8.301582898248325293e-01 1.648839286416542053e+09
8.215839642103549756e-04 -1.952588513920135105e+00 -2.161935944247494579e+00 1.043217361220670685e-14 -4.578700257218645042e+00 1.648839286418975353e+09
8.215839642103549756e-04 -1.952588513920135105e+00 -2.161935944247494579e+00 1.043217361220670685e-14 -4.578700257218645042e+00 1.648839286418975353e+09
8.255824508069451026e-04 -1.947693154093313783e+00 -2.145201985019038027e+00 5.080943344287888904e-14 -3.418506618900481797e+00 1.648839286419471979e+09
8.255824508069451026e-04 -1.947693154093313783e+00 -2.145201985019038027e+00 5.080943344287888904e-14 -3.418506618900481797e+00 1.648839286419471979e+09
8.291813538304703638e-04 -1.948426642022343502e+00 -2.163689948229797988e+00 1.534608101813413208e-11 -3.220497456048908802e+00 1.648839286420978546e+09
8.291813538304703638e-04 -1.948426642022343502e+00 -2.163689948229797988e+00 1.534608101813413208e-11 -3.220497456048908802e+00 1.648839286420978546e+09
8.256161621637456930e-04 -1.952119827347982728e+00 -2.195996953473255964e+00 5.663901858291334360e-11 -4.412749845561286577e+00 1.648839286421005011e+09
8.331734007778174951e-04 -1.940205441370674855e+00 -2.250317132812501342e+00 1.454728149781703779e-13 -1.019416375765167082e+00 1.648839286423422575e+09
8.331734007778174951e-04 -1.940205441370674855e+00 -2.250317132812501342e+00 1.454728149781703779e-13 -1.019416375765167082e+00 1.648839286423422575e+09
8.246186834897905335e-04 -1.952749607565155365e+00 -2.156568439545875737e+00 1.310654898733284343e-13 -5.286978111985764173e+00 1.648839286424301624e+09
8.246186834897905335e-04 -1.952749607565155365e+00 -2.156568439545875737e+00 1.310654898733284343e-13 -5.286978111985764173e+00 1.648839286424301624e+09
8.368273695227093634e-04 -1.934937822709070332e+00 -2.208425577005699303e+00 1.363277039756967020e-15 -7.985360667557849013e+00 1.648839286424936771e+09
8.368273695227093634e-04 -1.934937822709070332e+00 -2.208425577005699303e+00 1.363277039756967020e-15 -7.985360667557849013e+00 1.648839286424936771e+09
8.347427739210717306e-04 -1.939184106585131850e+00 -2.163091547765689793e+00 5.337776863573076572e-10 -4.344394197495855536e+00 1.648839286425218105e+09
8.354905270874458858e-04 -1.937994016063407487e+00 -2.168428912915819406e+00 1.220554861034861455e-15 -3.922628952285141857e+00 1.648839286425417423e+09
8.354905270874458858e-04 -1.937994016063407487e+00 -2.168428912915819406e+00 1.220554861034861455e-15 -3.922628952285141857e+00 1.648839286425417423e+09
8.304486490882017138e-04 -1.940102541849636486e+00 -2.168464387103260727e+00 1.057435011282108394e-11 -7.931843076544013549e+00 1.648839286425614834e+09
8.304486490882017138e-04 -1.940102541849636486e+00 -2.168464387103260727e+00 1.057435011282108394e-11 -7.931843076544013549e+00 1.648839286425614834e+09
8.313450982520977995e-04 -1.945939802748143599e+00 -2.169481627957161152e+00 1.838241856189018221e-15 -5.691492537906147398e+00 1.648839286426364422e+09
8.221539407372454276e-04 -1.952104745985596690e+00 -2.153751492920589428e+00 1.187531038529458947e-15 -5.145554447137570264e+00 1.648839286427787542e+09
8.221539407372454276e-04 -1.952104745985596690e+00 -2.153751492920589428e+00 1.187531038529458947e-15 -5.145554447137570264e+00 1.648839286427787542e+09
8.281838857436130260e-04 -1.945144506190947586e+00 -2.144462081756397076e+00 1.868770235246659097e-12 -7.685669582928092325e+00 1.648839286430564404e+09
8.281838857436130260e-04 -1.945144506190947586e+00 -2.144462081756397076e+00 1.868770235246659097e-12 -7.685669582928092325e+00 1.648839286430564404e+09
8.343117945873821262e-04 -1.940394740080005231e+00 -2.162784797040713691e+00 1.591177449404721871e-14 -5.140389944099190700e-01 1.648839286431591034e+09
8.343117945873821262e-04 -1.940394740080005231e+00 -2.162784797040713691e+00 1.591177449404721871e-14 -5.140389944099190700e-01 1.648839286431591034e+09
8.351532553594836041e-04 -1.936317607944063379e+00 -2.177045669857986976e+00 1.393507367162546900e-08 -1.948631861822213374e+00 1.648839286432029486e+09
8.351532553594836041e-04 -1.936317607944063379e+00 -2.177045669857986976e+00 1.393507367162546900e-08 -1.948631861822213374e+00 1.648839286432029486e+09
8.373004308066241217e-04 -1.936435955137760789e+00 -2.195410392376575537e+00 2.458794881269819867e-14 -4.097777611000995357e+00 1.648839286434326410e+09
8.373004308066241217e-04 -1.936435955137760789e+00 -2.195410392376575537e+00 2.458794881269819867e-14 -4.097777611000995357e+00 1.648839286434326410e+09
8.273297501965304595e-04 -1.950711478990678982e+00 -2.193445336162691994e+00 1.980334163439773640e-14 -3.799559460285419021e+00 1.648839286434469223e+09
8.273297501965304595e-04 -1.950711478990678982e+00 -2.193445336162691994e+00 1.980334163439773640e-14 -3.799559460285419021e+00 1.648839286434469223e+09
8.305201135849725469e-04 -1.940152006374352478e+00 -2.224717554629860317e+00 3.048396396245952489e-10 -7.327927019064005343e+00 1.648839286434840918e+09
8.305778666298188921e-04 -1.940294146692210342e+00 -2.216401959931958654e+00 8.007184928195319266e-08 -2.170183107384449528e+00 1.648839286434900522e+09
8.305778666298188921e-04 -1.940294146692210342e+00 -2.216401959931958654e+00 8.007184928195319266e-08 -2.170183107384449528e+00 1.648839286434900522e+09
8.290635885581788649e-04 -1.948416573413969122e+00 -2.218490331030107843e+00 1.523419700320306094e-08 -4.051996203997792811e+00 1.648839286437741756e+09
8.290635885581788649e-04 -1.948416573413969122e+00 -2.218490331030107843e+00 1.523419700320306094e-08 -4.051996203997792811e+00 1.648839286437741756e+09
8.357147447241744607e-04 -1.937948382602077135e+00 -2.171020819755333342e+00 1.173649243983970808e-15 -7.043558210800734187e+00 1.648839286438391685e+09
8.357147447241744607e-04 -1.937948382602077135e+00 -2.171020819755333342e+00 1.173649243983970808e-15 -7.043558210800734187e+00 1.648839286438391685e+09
8.308791930870472985e-04 -1.941893022100868782e+00 -2.148251386453928102e+00 5.620561290813457722e-10 -6.040203793399141929e+00 1.648839286438835144e+09
8.308791930870472985e-04 -1.941893022100868782e+00 -2.148251386453928102e+00 5.620561290813457722e-10 -6.040203793399141929e+00 1.648839286438835144e+09
8.300358143552718192e-04 -1.941749781665623509e+00 -2.152387271600654906e+00 2.775895379345518599e-14 -3.070937755162288063e+00 1.648839286439417601e+09
8.300358143552718192e-04 -1.941749781665623509e+00 -2.152387271600654906e+00 2.775895379345518599e-14 -3.070937755162288063e+00 1.648839286439417601e+09
8.309188533948212154e-04 -1.946605939341051084e+00 -2.172774296087632617e+00 1.991241998912404214e-08 -2.519711459706331702e+00 1.648839286441375971e+09
8.309188533948212154e-04 -1.946605939341051084e+00 -2.172774296087632617e+00 1.991241998912404214e-08 -2.519711459706331702e+00 1.648839286441375971e+09
8.258672979020818946e-04 -1.950876408129453177e+00 -2.214567186098873819e+00 1.013551143839268943e-15 -1.815119701722069934e-01 1.648839286442080975e+09
8.279376057156090157e-04 -1.947107358923688025e+00 -2.238014462616337852e+00 3.872435485277496786e-13 -1.034805704433462203e+00 1.648839286442155838e+09
8.279376057156090157e-04 -1.947107358923688025e+00 -2.238014462616337852e+00 3.872435485277496786e-13 -1.034805704433462203e+00 1.648839286442155838e+09
8.241432078939850674e-04 -1.948287673716272872e+00 -2.156123844415681390e+00 3.932756089215466264e-11 -3.197243189421776322e+00 1.648839286443126678e+09
8.241432078939850674e-04 -1.948287673716272872e+00 -2.156123844415681390e+00 3.932756089215466264e-11 -3.197243189421776322e+00 1.648839286443126678e+09
8.278787388392642825e-04 -1.948942126585366585e+00 -2.220785882016452106e+00 6.198070409676383675e-07 -1.669043699204775244e+00 1.648839286443379879e+09
8.278787388392642825e-04 -1.948942126585366585e+00 -2.220785882016452106e+00 6.198070409676383675e-07 -1.669043699204775244e+00 1.648839286443379879e+09
8.324177943999900263e-04 -1.943383490249904089e+00 -2.167058293169387806e+00 2.408431446587745156e-08 -6.658146338027066236e+00 1.648839286444278717e+09
8.291085198071167879e-04 -1.948559610711565693e+00 -2.165520944147896198e+00 6.815144926919247837e-13 -2.746065964949072402e+00 1.648839286444524050e+09
8.291085198071167879e-04 -1.948559610711565693e+00 -2.165520944147896198e+00 6.815144926919247837e-13 -2.746065964949072402e+00 1.648839286444524050e+09
8.226653337831354475e-04 -1.953875136983989069e+00 -2.155627937163309138e+00 1.714559942840804393e-08 -2.211790643346368768e+00 1.648839286444622517e+09
8.322273587957398086e-04 -1.938745910328267597e+00 -2.166128608724990467e+00 2.564285363128164027e-13 -5.869173363835198387e+00 1.648839286447068691e+09
8.322273587957398086e-04 -1.938745910328267597e+00 -2.166128608724990467e+00 2.564285363128164027e-13 -5.869173363835198387e+00 1.648839286447068691e+09
8.234141325803452085e-04 -1.952994169850209127e+00 -2.182697115942589861e+00 2.189647804813889763e-06 -1.099178264536347704e+00 1.648839286447649717e+09
8.316133502770245434e-04 -1.943711168755918761e+00 -2.152849798979801221e+00 3.495883806372276338e-12 -6.938482594302990414e+00 1.648839286448808193e+09
8.308220644665652733e-04 -1.941270766145425597e+00 -2.151992018345378455e+00 3.392576015842452466e-12 -5.583797361848143126e+00 1.648839286449146986e+09
8.308220644665652733e-04 -1.941270766145425597e+00 -2.151992018345378455e+00 3.392576015842452466e-12 -5.583797361848143126e+00 1.648839286449146986e+09
8.351481417740178395e-04 -1.935941987948208709e+00 -2.217151796280818488e+00 7.961029820615803898e-10 -4.705927707434558016e+00 1.648839286450437784e+09
8.351481417740178395e-04 -1.935941987948208709e+00 -2.217151796280818488e+00 7.961029820615803898e-10 -4.705927707434558016e+00 1.648839286450437784e+09
8.306997226944042760e-04 -1.945096761117246720e+00 -2.241506781444742025e+00 4.029063783059116561e-13 -4.890802768422020108e-01 1.648839286451331139e+09
8.314685086104456726e-04 -1.946172552707933878e+00 -2.195608370389062980e+00 5.289713425825603641e-13 -5.824585017119702002e+00 1.648839286452777863e+09
8.314685086104456726e-04 -1.946172552707933878e+00 -2.195608370389062980e+00 5.289713425825603641e-13 -5.824585017119702002e+00 1.648839286452777863e+09
8.315387092723604007e-04 -1.943470879291014475e+00 -2.151589189773240207e+00 2.791666373342819508e-15 -1.151802257314010980e+00 1.648839286452907801e+09
8.287737832742171759e-04 -1.945260599441030136e+00 -2.144699003884684707e+00 5.657107337651710288e-13 -3.730528335687286479e+00 1.648839286454915524e+09
8.290937328114152127e-04 -1.945810929932910049e+00 -2.145923345928382187e+00 4.119057438385728233e-13 -5.806020560673307074e+00 1.648839286456685543e+09
8.290937328114152127e-04 -1.945810929932910049e+00 -2.145923345928382187e+00 4.119057438385728233e-13 -5.806020560673307074e+00 1.648839286456685543e+09
8.255556306707256646e-04 -1.952129921473103380e+00 -2.194447380759024568e+00 2.539728016249770950e-15 -7.666817554056255091e+00 1.648839286456717253e+09
8.224999117451788945e-04 -1.954522529203635894e+00 -2.176155790753592889e+00 3.172433768233216674e-08 -1.473554499348663782e-01 1.648839286456888914e+09
8.303518513936562111e-04 -1.947075420185443884e+00 -2.167252804533635224e+00 1.031317995339936321e-11 -5.962645048625999422e+00 1.648839286457884073e+09
8.303518513936562111e-04 -1.947075420185443884e+00 -2.167252804533635224e+00 1.031317995339936321e-11 -5.962645048625999422e+00 1.648839286457884073e+09
8.214037046727174851e-04 -1.954485057798348135e+00 -2.166274765090347554e+00 2.365961948892385481e-10 -5.684591041773430220e+00 1.648839286459978342e+09
8.288795072223304654e-04 -1.943373712899230998e+00 -2.231620166893870216e+00 4.131236749327359376e-14 -7.868114383826963376e+00 1.648839286460602045e+09
8.288795072223304654e-04 -1.943373712899230998e+00 -2.231620166893870216e+00 4.131236749327359376e-14 -7.868114383826963376e+00 1.648839286460602045e+09
8.246513465466522984e-04 -1.950547871067120465e+00 -2.212057252620198255e+00 2.381244111485148169e-07 -2.317861208438521281e+00 1.648839286460714102e+09
8.246513465466522984e-04 -1.950547871067120465e+00 -2.212057252620198255e+00 2.381244111485148169e-07 -2.317861208438521281e+00 1.648839286460714102e+09
8.259235466605884327e-04 -1.951170413771661671e+00 -2.153596453994333082e+00 2.029581431617155646e-13 -8.328559249496505501e-01 1.648839286460715294e+09
8.259235466605884327e-04 -1.951170413771661671e+00 -2.153596453994333082e+00 2.029581431617155646e-13 -8.328559249496505501e-01 1.648839286460715294e+09
8.226762461919907799e-04 -1.953393879008528344e+00 -2.190048432163576475e+00 1.428706446136690712e-13 -5.880161958840457892e+00 1.648839286460906267e+09
8.245755632438225933e-04 -1.951060281831909160e+00 -2.214519237022883225e+00 2.992434444636380528e-09 -4.925199166499579562e+00 1.648839286460952759e+09
8.258297521897350153e-04 -1.952203626578115081e+00 -2.172556658993417322e+00 3.410460466927261454e-11 -4.299006329862750775e+00 1.648839286462617636e+09
8.368513667823866903e-04 -1.936012901689212695e+00 -2.224741483658929653e+00 1.154879555152813145e-12 -3.443435962232882730e+00 1.648839286464013100e+09
8.231925762756103901e-04 -1.949970412508343021e+00 -2.240929994295261629e+00 1.045382373549804005e-09 -7.824091039024541949e+00 1.648839286464548111e+09
8.231925762756103901e-04 -1.949970412508343021e+00 -2.240929994295261629e+00 1.045382373549804005e-09 -7.824091039024541949e+00 1.648839286464548111e+09
8.317578357168443860e-04 -1.945365371201478899e+00 -2.218586933172320474e+00 9.487113946005743903e-14 -6.708158982942263648e+00 1.648839286464788675e+09
8.359484528380706301e-04 -1.939556829526819293e+00 -2.215503768535347362e+00 1.022234233145236939e-14 -3.225278085849054399e+00 1.648839286467090845e+09
8.359484528380706301e-04 -1.939556829526819293e+00 -2.215503768535347362e+00 1.022234233145236939e-14 -3.225278085849054399e+00 1.648839286467090845e+09
8.362702239302961414e-04 -1.935422176063143596e+00 -2.216371287463390960e+00 8.976461620236534021e-11 -2.963688042871748252e-01 1.648839286468777418e+09
8.362702239302961414e-04 -1.935422176063143596e+00 -2.216371287463390960e+00 8.976461620236534021e-11 -2.963688042871748252e-01 1.648839286468777418e+09
8.218999220930182188e-04 -1.954621043838579153e+00 -2.150893477597587644e+00 1.395636135450993883e-08 -4.999819725243936475e+00 1.648839286469666243e+09
8.218999220930182188e-04 -1.954621043838579153e+00 -2.150893477597587644e+00 1.395636135450993883e-08 -4.999819725243936475e+00 1.648839286469666243e+09
8.246125432320977177e-04 -1.952616323641265250e+00 -2.196388474614238362e+00 5.027222140860808658e-12 -6.971615669574513063e+00 1.648839286470158100e+09
8.246125432320977177e-04 -1.952616323641265250e+00 -2.196388474614238362e+00 5.027222140860808658e-12 -6.971615669574513063e+00 1.648839286470158100e+09
8.221683325134764627e-04 -1.952398715245446059e+00 -2.183865838728820563e+00 1.521529900856760784e-10 -2.330806139801050669e+00 1.648839286470210791e+09
8.221683325134764627e-04 -1.952398715245446059e+00 -2.183865838728820563e+00 1.521529900856760784e-10 -2.330806139801050669e+00 1.648839286470210791e+09
8.223347884590550758e-04 -1.951431353927229884e+00 -2.179156492692623903e+00 2.108960837175431787e-12 -2.143379074931474726e+00 1.648839286470899582e+09
8.223347884590550758e-04 -1.951431353927229884e+00 -2.179156492692623903e+00 2.108960837175431787e-12 -2.143379074931474726e+00 1.648839286470899582e+09
8.230658268960581309e-04 -1.954065638648875058e+00 -2.161785002587988558e+00 3.220074974943344969e-15 -7.149192228009130012e+00 1.648839286471125364e+09
8.281445493611585109e-04 -1.943737291757783314e+00 -2.221705728757905618e+00 2.033955599790028434e-12 -7.071276610212883895e+00 1.648839286471995592e+09
8.342977900131358674e-04 -1.939149089225757461e+00 -2.246036105672013505e+00 1.056456979998140295e-12 -7.612101224780598585e+00 1.648839286472326040e+09
8.243808684136098939e-04 -1.952795404343440566e+00 -2.194891247041741433e+00 4.739939064179536967e-15 -7.385572882724995125e+00 1.648839286472821951e+09
8.243808684136098939e-04 -1.952795404343440566e+00 -2.194891247041741433e+00 4.739939064179536967e-15 -7.385572882724995125e+00 1.648839286472821951e+09
8.229403350704130168e-04 -1.953135632372001718e+00 -2.152322409635326395e+00 8.641133273898593291e-13 -6.249894388483994589e+00 1.648839286476911783e+09
8.277727934057500098e-04 -1.946569913013998399e+00 -2.236686096671637980e+00 1.611625696986759508e-15 -7.890467825357114329e+00 1.648839286477572680e+09
8.323384038818723487e-04 -1.944717696280662489e+00 -2.216156382026133631e+00 1.231897120351955060e-10 -4.531466921558896743e+00 1.648839286478353262e+09
8.323384038818723487e-04 -1.944717696280662489e+00 -2.216156382026133631e+00 1.231897120351955060e-10 -4.531466921558896743e+00 1.648839286478353262e+09
8.296907401776339262e-04 -1.942185122351014037e+00 -2.230361482170995835e+00 2.638641066084174085e-14 -2.961460979334454180e+00 1.648839286478698254e+09
8.296907401776339262e-04 -1.942185122351014037e+00 -2.230361482170995835e+00 2.638641066084174085e-14 -2.961460979334454180e+00 1.648839286478698254e+09
8.282623616610405989e-04 -1.944468093121210384e+00 -2.232096107176671840e+00 5.574801384150763954e-15 -6.882928652301360195e+00 1.648839286479489803e+09
8.288926801770727781e-04 -1.945031676228632378e+00 -2.241590377412825408e+00 1.160285272315569131e-11 -6.147762811325410581e+00 1.648839286481109142e+09
8.340263353278950902e-04 -1.938347106156963706e+00 -2.241126859261494353e+00 1.542387625518820837e-15 -4.462419691118704179e+00 1.648839286481234074e+09
8.312531622726762040e-04 -1.943505216860010432e+00 -2.247264526550440511e+00 6.661774047047131833e-14 -7.776988570506047083e-01 1.648839286481245518e+09
8.352554780222425828e-04 -1.939280343700374498e+00 -2.171138391178663696e+00 1.515453329552834919e-11 -3.954029344576335703e+00 1.648839286481943369e+09
8.352554780222425828e-04 -1.939280343700374498e+00 -2.171138391178663696e+00 1.515453329552834919e-11 -3.954029344576335703e+00 1.648839286481943369e+09
8.245547925836418587e-04 -1.947729840143167301e+00 -2.155658012211387753e+00 1.834979222981167147e-07 -6.354091162472519372e-01 1.648839286482486725e+09
8.342859105892024962e-04 -1.942292056023161795e+00 -2.193518200839411403e+00 1.879374509387104965e-12 -7.162247241642770490e+00 1.648839286483486891e+09
8.266623139594227307e-04 -1.949414570881172537e+00 -2.224330664165096394e+00 1.530347482124536617e-09 -1.963841606829643816e+00 1.648839286484671831e+09
8.255000725059921576e-04 -1.949303384539324613e+00 -2.221148630196718710e+00 1.129941782068999897e-08 -1.751458327925668357e+00 1.648839286485219002e+09
8.289799640041707390e-04 -1.946032879565734675e+00 -2.241011850797892002e+00 1.881920471477625157e-14 -4.857423767778396240e+00 1.648839286485445499e+09
8.289799640041707390e-04 -1.946032879565734675e+00 -2.241011850797892002e+00 1.881920471477625157e-14 -4.857423767778396240e+00 1.648839286485445499e+09
8.362377092324070529e-04 -1.935471098586157845e+00 -2.215405913085692458e+00 1.798549599903052268e-12 -1.759610768044786333e+00 1.648839286485512972e+09
8.362377092324070529e-04 -1.935471098586157845e+00 -2.215405913085692458e+00 1.798549599903052268e-12 -1.759610768044786333e+00 1.648839286485512972e+09
8.258039177146812198e-04 -1.946456371172588184e+00 -2.152049565889671001e+00 8.374178824995326140e-15 -3.503106506824146926e+00 1.648839286485543251e+09
8.258039177146812198e-04 -1.946456371172588184e+00 -2.152049565889671001e+00 8.374178824995326140e-15 -3.503106506824146926e+00 1.648839286485543251e+09
8.271829198197676444e-04 -1.948609648453033305e+00 -2.230814070818997408e+00 1.564550083549654980e-07 -3.366078934833224956e+00 1.648839286486087799e+09
8.271829198197676444e-04 -1.948609648453033305e+00 -2.230814070818997408e+00 1.564550083549654980e-07 -3.366078934833224956e+00 1.648839286486087799e+09
8.282645299023670997e-04 -1.944118970190650719e+00 -2.148695923087036164e+00 1.429706485499260754e-15 -6.058665135756592157e+00 1.648839286486401081e+09
8.319019956298506074e-04 -1.942909759368337319e+00 -2.247085464334710458e+00 1.710761904786184012e-13 -1.007879559664504043e+00 1.648839286487093449e+09
8.264276123024133286e-04 -1.949750734031559185e+00 -2.224888405588378415e+00 2.295786055884927801e-07 -2.328353901246273949e-01 1.648839286487291574e+09
8.349034585488461502e-04 -1.940934530539274450e+00 -2.223560280963754021e+00 4.342405605427692463e-13 -3.300435057279717199e+00 1.648839286487696886e+09
8.349034585488461502e-04 -1.940934530539274450e+00 -2.223560280963754021e+00 4.342405605427692463e-13 -3.300435057279717199e+00 1.648839286487696886e+09
8.319368225070611833e-04 -1.943077843919715164e+00 -2.246039568967449718e+00 2.130502768410969002e-11 -4.428208258233272687e-01 1.648839286487834215e+09
8.319368225070611833e-04 -1.943077843919715164e+00 -2.246039568967449718e+00 2.130502768410969002e-11 -4.428208258233272687e-01 1.648839286487834215e+09
8.275879440380357489e-04 -1.943515187629090590e+00 -2.197588543171838715e+00 3.731006202227069080e-10 -3.215145589721377206e+00 1.648839286488290310e+09
8.275879440380357489e-04 -1.943515187629090590e+00 -2.197588543171838715e+00 3.731006202227069080e-10 -3.215145589721377206e+00 1.648839286488290310e+09
8.299706604574303608e-04 -1.944873547722783869e+00 -2.244514106757374172e+00 1.628998872299925145e-12 -5.394399331707678158e+00 1.648839286488358259e+09
8.252661712320516051e-04 -1.949983753291810507e+00 -2.145424681336623784e+00 1.047633515254342569e-13 -5.552997722610439446e+00 1.648839286488366842e+09
8.252661712320516051e-04 -1.949983753291810507e+00 -2.145424681336623784e+00 1.047633515254342569e-13 -5.552997722610439446e+00 1.648839286488366842e+09
8.248634116183255855e-04 -1.947912770529500959e+00 -2.150793952080636728e+00 5.550805382267716838e-14 -3.616666487086785509e+00 1.648839286489032984e+09
8.248634116183255855e-04 -1.947912770529500959e+00 -2.150793952080636728e+00 5.550805382267716838e-14 -3.616666487086785509e+00 1.648839286489032984e+09
8.251939229671626571e-04 -1.951007681174228070e+00 -2.215945920034201322e+00 4.166203796233765770e-08 -3.788343532276934766e+00 1.648839286489686728e+09
8.251939229671626571e-04 -1.951007681174228070e+00 -2.215945920034201322e+00 4.166203796233765770e-08 -3.788343532276934766e+00 1.648839286489686728e+09
8.269586165347850640e-04 -1.944483411876232415e+00 -2.158839185119388215e+00 1.640284607279517578e-15 -8.152993734753097854e-01 1.648839286489714861e+09
8.269586165347850640e-04 -1.944483411876232415e+00 -2.158839185119388215e+00 1.640284607279517578e-15 -8.152993734753097854e-01 1.648839286489714861e+09
8.300886877299790698e-04 -1.942766229640786824e+00 -2.148615381659661150e+00 5.869242851457761482e-15 -1.550630816453880456e+00 1.648839286492628813e+09
8.300886877299790698e-04 -1.942766229640786824e+00 -2.148615381659661150e+00 5.869242851457761482e-15 -1.550630816453880456e+00 1.648839286492628813e+09
8.240970750354523330e-04 -1.948166258197838507e+00 -2.178147889816560934e+00 3.672917456288648086e-11 -4.053400839762588248e+00 1.648839286493268728e+09
8.240970750354523330e-04 -1.948166258197838507e+00 -2.178147889816560934e+00 3.672917456288648086e-11 -4.053400839762588248e+00 1.648839286493268728e+09
8.318858170891716948e-04 -1.945568664577758566e+00 -2.192209509340740325e+00 6.447193541306129526e-15 -4.780078912099824606e+00 1.648839286494990587e+09
8.318858170891716948e-04 -1.945568664577758566e+00 -2.192209509340740325e+00 6.447193541306129526e-15 -4.780078912099824606e+00 1.648839286494990587e+09
8.325097997323111301e-04 -1.941640840868991358e+00 -2.248454165472084654e+00 4.582250515698934339e-11 -9.739410427271657511e-01 1.648839286495082140e+09
8.227565402882132655e-04 -1.950338285157365847e+00 -2.169236508686676057e+00 5.962080457641767769e-11 -4.072219142657813151e+00 1.648839286495139122e+09
8.289829709695438345e-04 -1.941700559313199737e+00 -2.194521976029111254e+00 3.206000126224650633e-13 -3.703400158008296472e-01 1.648839286495634556e+09
8.343429480477734935e-04 -1.938060668110790141e+00 -2.164916735663496627e+00 6.081301161301691610e-11 -3.401967673514226576e+00 1.648839286495795012e+09
8.346300457340495192e-04 -1.938115246492988719e+00 -2.165390012397983899e+00 3.585036072909035031e-13 -7.007314938238983437e+00 1.648839286496568680e+09
8.346300457340495192e-04 -1.938115246492988719e+00 -2.165390012397983899e+00 3.585036072909035031e-13 -7.007314938238983437e+00 1.648839286496568680e+09
8.275239225753713889e-04 -1.945649806836942552e+00 -2.230215861430448143e+00 1.235705216285398703e-11 -2.526811801695139081e+00 1.648839286497610092e+09
8.275239225753713889e-04 -1.945649806836942552e+00 -2.230215861430448143e+00 1.235705216285398703e-11 -2.526811801695139081e+00 1.648839286497610092e+09
8.311082441320497526e-04 -1.946330542760424942e+00 -2.175579540875205886e+00 8.162500657882821640e-09 -4.829199237568264635e-01 1.648839286498200417e+09
8.344629973064038092e-04 -1.938908124896596474e+00 -2.244017188842153399e+00 1.237645233845296689e-10 -3.217197502253628549e+00 1.648839286499923944e+09
8.344629973064038092e-04 -1.938908124896596474e+00 -2.244017188842153399e+00 1.237645233845296689e-10 -3.217197502253628549e+00 1.648839286499923944e+09
8.282267764099728209e-04 -1.945349984255696940e+00 -2.236745503584257833e+00 4.326045847461653065e-12 -7.690214197210776703e+00 1.648839286500545740e+09
8.282267764099728209e-04 -1.945349984255696940e+00 -2.236745503584257833e+00 4.326045847461653065e-12 -7.690214197210776703e+00 1.648839286500545740e+09
8.219051439876826157e-04 -1.952966769328186247e+00 -2.150262528765199299e+00 5.850323258560670251e-08 -4.185255315267843557e+00 1.648839286500815630e+09
8.320536774316745826e-04 -1.940398849052515695e+00 -2.242101348372193659e+00 1.992593728330785333e-08 -2.755748630068391769e+00 1.648839286502231121e+09
8.320536774316745826e-04 -1.940398849052515695e+00 -2.242101348372193659e+00 1.992593728330785333e-08 -2.755748630068391769e+00 1.648839286502231121e+09
8.309694940745434091e-04 -1.946688360071078483e+00 -2.190946290277702158e+00 9.886461274925994185e-12 -4.575356840708565187e+00 1.648839286502809286e+09
8.309694940745434091e-04 -1.946688360071078483e+00 -2.190946290277702158e+00 9.886461274925994185e-12 -4.575356840708565187e+00 1.648839286502809286e+09
8.217102769191700134e-04 -1.954236632738797885e+00 -2.165002656929797986e+00 3.073145066325203436e-09 -1.300728601809073126e+00 1.648839286502812862e+09
8.217102769191700134e-04 -1.954236632738797885e+00 -2.165002656929797986e+00 3.073145066325203436e-09 -1.300728601809073126e+00 1.648839286502812862e+09
8.356135599642291979e-04 -1.938880181255957069e+00 -2.234085634085700711e+00 1.496601243351149831e-15 -6.697915478260902944e-01 1.648839286503977299e+09
8.356135599642291979e-04 -1.938880181255957069e+00 -2.234085634085700711e+00 1.496601243351149831e-15 -6.697915478260902944e-01 1.648839286503977299e+09
8.369270179300120809e-04 -1.936345816888169313e+00 -2.223388433296430211e+00 3.769124603210488679e-09 -4.464939557108713153e+00 1.648839286504652262e+09
8.311246731256720973e-04 -1.940614021374365894e+00 -2.232585712283824186e+00 1.279816786245218660e-15 -4.959350534015574574e+00 1.648839286505912542e+09
8.340750085813139220e-04 -1.940118223281238397e+00 -2.161661582177816676e+00 1.169318681361637479e-09 -2.799345476400886490e+00 1.648839286507956743e+09
8.234335779668467336e-04 -1.951809470464307861e+00 -2.199977572158318129e+00 4.921192069193920848e-15 -1.588403756624005680e+00 1.648839286508397102e+09
8.269322035401953895e-04 -1.944862046842870784e+00 -2.207996992099706013e+00 1.379494862154414847e-13 -1.261754151222933551e+00 1.648839286508545399e+09
8.316236265002402255e-04 -1.939333382752028490e+00 -2.176772003611536999e+00 3.852215269125598738e-07 -2.419684870003350419e+00 1.648839286508861542e+09
8.312534208913996457e-04 -1.944644776521007312e+00 -2.155797573941712120e+00 2.759678230826988043e-14 -1.358710471933913588e+00 1.648839286509174824e+09
8.265889011346609855e-04 -1.946410111371567719e+00 -2.226462632283800591e+00 1.065603778943412251e-10 -7.571797622150905127e+00 1.648839286509770393e+09
8.265889011346609855e-04 -1.946410111371567719e+00 -2.226462632283800591e+00 1.065603778943412251e-10 -7.571797622150905127e+00 1.648839286509770393e+09
8.277408676525507044e-04 -1.950121294721716358e+00 -2.194817220894504484e+00 3.252218897754370835e-07 -2.727740163059975131e+00 1.648839286510710955e+09
8.277408676525507044e-04 -1.950121294721716358e+00 -2.194817220894504484e+00 3.252218897754370835e-07 -2.727740163059975131e+00 1.648839286510710955e+09
8.279767682563922209e-04 -1.944756652388042628e+00 -2.229170553422288759e+00 9.703460528323800154e-12 -6.123148021831806176e+00 1.648839286511402845e+09
8.263830869859159533e-04 -1.951551162378723836e+00 -2.186480259073155352e+00 1.540758326150935843e-09 -4.270103075395901726e+00 1.648839286512011528e+09
8.263153299018457425e-04 -1.946712828463827094e+00 -2.219630675771369965e+00 5.032190024703593118e-11 -6.145746625962830834e+00 1.648839286512375116e+09
8.274461697939003131e-04 -1.948437383097116005e+00 -2.147903754222491912e+00 2.850593447537161094e-11 -4.540991656177058466e+00 1.648839286515733480e+09
8.252620714605100362e-04 -1.946648924439000838e+00 -2.203594988652650244e+00 5.364156373888227376e-10 -6.989038391474084122e+00 1.648839286516396284e+09
8.317147818548598255e-04 -1.945203428953984348e+00 -2.220823453523054436e+00 1.225922394133536533e-14 -9.407476933275988884e-01 1.648839286518074274e+09
8.247481859672360074e-04 -1.952755915828725097e+00 -2.187867448270487181e+00 1.188992745732066853e-12 -7.301212446972066950e+00 1.648839286519517422e+09
8.287821155761877475e-04 -1.948533427988053068e+00 -2.214102813296717542e+00 6.533866407153883239e-14 -4.079341213012843248e+00 1.648839286522378683e+09
8.287821155761877475e-04 -1.948533427988053068e+00 -2.214102813296717542e+00 6.533866407153883239e-14 -4.079341213012843248e+00 1.648839286522378683e+09
8.315161635611776486e-04 -1.938963269877144624e+00 -2.196824041119477045e+00 1.340910157187082251e-15 -1.840227726973537870e+00 1.648839286522575617e+09
8.315161635611776486e-04 -1.938963269877144624e+00 -2.196824041119477045e+00 1.340910157187082251e-15 -1.840227726973537870e+00 1.648839286522575617e+09
8.350992945354590189e-04 -1.940567848549552776e+00 -2.222105068340338274e+00 1.375902481965037057e-11 -6.013301869062530614e-01 1.648839286522741795e+09
8.350992945354590189e-04 -1.940567848549552776e+00 -2.222105068340338274e+00 1.375902481965037057e-11 -6.013301869062530614e-01 1.648839286522741795e+09
8.220698996782896915e-04 -1.954317654231047419e+00 -2.169809934174481203e+00 1.662237646805506578e-13 -1.905534544824176280e+00 1.648839286524125814e+09
8.220698996782896915e-04 -1.954317654231047419e+00 -2.169809934174481203e+00 1.662237646805506578e-13 -1.905534544824176280e+00 1.648839286524125814e+09
8.228949761152407321e-04 -1.950711787031815803e+00 -2.156146088761810464e+00 1.347027946041714782e-15 -2.666472752789371015e+00 1.648839286525890827e+09
8.228949761152407321e-04 -1.950711787031815803e+00 -2.156146088761810464e+00 1.347027946041714782e-15 -2.666472752789371015e+00 1.648839286525890827e+09
8.272658846556271706e-04 -1.948955944333906620e+00 -2.215094124005112519e+00 6.402894891539289920e-07 -2.801340349372160254e+00 1.648839286526221752e+09
8.286940133292152724e-04 -1.949239014327528219e+00 -2.182148243692265233e+00 1.536528266804567657e-12 -6.527496086050929236e+00 1.648839286526891470e+09
8.271906764305366920e-04 -1.943921885968509899e+00 -2.186888719102914713e+00 3.210476723659519759e-14 -6.201884834941946423e-01 1.648839286529947281e+09
8.238661007281958878e-04 -1.951427866213782059e+00 -2.204243654225969795e+00 2.686821827588600201e-10 -5.545627446346095724e+00 1.648839286530498743e+09
8.349449140235157361e-04 -1.936665738311060370e+00 -2.178204468205332311e+00 7.961687492340374318e-13 -2.775377760755075585e+00 1.648839286531028032e+09
8.349449140235157361e-04 -1.936665738311060370e+00 -2.178204468205332311e+00 7.961687492340374318e-13 -2.775377760755075585e+00 1.648839286531028032e+09
8.253731648218159316e-04 -1.946476354655926055e+00 -2.186576302648318482e+00 1.540451907917416347e-14 -7.314113244158329863e+00 1.648839286531566143e+09
8.321319633966483241e-04 -1.939267400952296327e+00 -2.163160389646526127e+00 1.692406701362619377e-13 -5.482530191346128845e+00 1.648839286532702923e+09
8.321319633966483241e-04 -1.939267400952296327e+00 -2.163160389646526127e+00 1.692406701362619377e-13 -5.482530191346128845e+00 1.648839286532702923e+09
8.230703286739988979e-04 -1.953024973400397490e+00 -2.190829639866142653e+00 2.035293936496715722e-15 -7.316539989955682444e+00 1.648839286533486366e+09
8.230703286739988979e-04 -1.953024973400397490e+00 -2.190829639866142653e+00 2.035293936496715722e-15 -7.316539989955682444e+00 1.648839286533486366e+09
8.343365456850552770e-04 -1.936786795602470246e+00 -2.181204462411699296e+00 1.060486990703456062e-09 -4.495343585201883485e+00 1.648839286534496069e+09
8.355177227043619889e-04 -1.939598769805199296e+00 -2.181752061285758160e+00 1.240532695491374331e-14 -1.836303414533565714e+00 1.648839286534874439e+09
8.350761847619461112e-04 -1.940965459801791360e+00 -2.210681776590837089e+00 2.066217838953303251e-09 -4.643846965389172077e+00 1.648839286534887791e+09
8.350761847619461112e-04 -1.940965459801791360e+00 -2.210681776590837089e+00 2.066217838953303251e-09 -4.643846965389172077e+00 1.648839286534887791e+09
8.265584361143343394e-04 -1.944982402429557666e+00 -2.158916356718390439e+00 2.338751314775954077e-10 -6.400903416622917064e+00 1.648839286536654234e+09
8.265584361143343394e-04 -1.944982402429557666e+00 -2.158916356718390439e+00 2.338751314775954077e-10 -6.400903416622917064e+00 1.648839286536654234e+09
8.358851708365876848e-04 -1.936710554044108745e+00 -2.178970928747359981e+00 8.587360332796089941e-14 -7.199879444357000224e-01 1.648839286537100077e+09
8.351421369964846667e-04 -1.940849648342118261e+00 -2.200031038385440674e+00 7.384282119600682484e-12 -5.226801165073720057e+00 1.648839286538092375e+09
8.351421369964846667e-04 -1.940849648342118261e+00 -2.200031038385440674e+00 7.384282119600682484e-12 -5.226801165073720057e+00 1.648839286538092375e+09
8.402663688244582738e-04 -1.932187748059069010e+00 -2.206591003392227801e+00 2.878853144917182439e-08 -5.887630546562659717e+00 1.648839286538408995e+09
8.353106169476721184e-04 -1.940509337038662796e+00 -2.195090151886722296e+00 6.803777340651945867e-14 -6.413175442353951539e+00 1.648839286539086103e+09
8.353106169476721184e-04 -1.940509337038662796e+00 -2.195090151886722296e+00 6.803777340651945867e-14 -6.413175442353951539e+00 1.648839286539086103e+09
8.224949154329055890e-04 -1.953906594644404970e+00 -2.179378634689527416e+00 1.200493777048981252e-10 -4.483325533530129192e+00 1.648839286539650917e+09
8.224949154329055890e-04 -1.953906594644404970e+00 -2.179378634689527416e+00 1.200493777048981252e-10 -4.483325533530129192e+00 1.648839286539650917e+09
8.306435882126911698e-04 -1.946820380920389670e+00 -2.175215580864502396e+00 5.411109377708891859e-11 -1.174111291339900554e+00 1.648839286540092945e+09
8.323189271791463619e-04 -1.938373041249709772e+00 -2.178887357304486461e+00 3.780062047556619835e-09 -1.149333193035113609e+00 1.648839286540521145e+09
8.323189271791463619e-04 -1.938373041249709772e+00 -2.178887357304486461e+00 3.780062047556619835e-09 -1.149333193035113609e+00 1.648839286540521145e+09
8.236160376544010781e-04 -1.953455921507134097e+00 -2.160983653428023565e+00 1.077744015314399432e-15 -1.360835625552025974e+00 1.648839286541327715e+09
8.257822239815528712e-04 -1.946358150864102798e+00 -2.155106555508961019e+00 6.262273498929367731e-10 -2.782492299861068830e+00 1.648839286541757345e+09
8.342836825336903813e-04 -1.938877567021579429e+00 -2.242203074637731941e+00 1.386669384454798528e-15 -6.487209941562293025e-01 1.648839286542024612e+09
8.340363700738884396e-04 -1.940111422208134595e+00 -2.243432294783744396e+00 3.204891502054476471e-12 -6.291539804547473302e+00 1.648839286542819023e+09
8.340363700738884396e-04 -1.940111422208134595e+00 -2.243432294783744396e+00 3.204891502054476471e-12 -6.291539804547473302e+00 1.648839286542819023e+09
8.259472566453428342e-04 -1.950637380277795208e+00 -2.151696903247439785e+00 1.713047722712349833e-15 -2.230168121466907571e+00 1.648839286546425581e+09
8.233665591941824588e-04 -1.953107390947416588e+00 -2.155572250073873874e+00 2.141759584002155811e-10 -1.628651240131112843e+00 1.648839286548139572e+09
8.304260447015121257e-04 -1.941788782598571128e+00 -2.234531049499043132e+00 4.364809596982096285e-10 -2.960327029593671888e+00 1.648839286549133778e+09
8.304260447015121257e-04 -1.941788782598571128e+00 -2.234531049499043132e+00 4.364809596982096285e-10 -2.960327029593671888e+00 1.648839286549133778e+09
8.366475915654961746e-04 -1.937735510802645500e+00 -2.193011425151304650e+00 2.428333037949320337e-09 -4.717823626372494417e+00 1.648839286549200535e+09
8.366475915654961746e-04 -1.937735510802645500e+00 -2.193011425151304650e+00 2.428333037949320337e-09 -4.717823626372494417e+00 1.648839286549200535e+09
8.238549361853820955e-04 -1.952817332841394915e+00 -2.193015514028032964e+00 1.553440878289682913e-14 -3.512587567022338320e+00 1.648839286549299955e+09
8.244931863264912727e-04 -1.952684152201467960e+00 -2.191640506145285272e+00 5.382859893369529802e-11 -6.311811772505296680e+00 1.648839286551866531e+09
8.330737994923287154e-04 -1.937630435926423589e+00 -2.205651544111343565e+00 2.009801905099907462e-13 -5.220243758476372342e+00 1.648839286552220583e+09
8.237568357259526667e-04 -1.954035635456402131e+00 -2.186692006624889384e+00 1.167694307635559429e-10 -7.913098637294092796e+00 1.648839286555841684e+09
8.366712191713223529e-04 -1.936427200234886570e+00 -2.218640563575734248e+00 1.792244496304775442e-07 -1.815271429520464608e+00 1.648839286556475878e+09
8.268724873262864013e-04 -1.950118125819207293e+00 -2.211792546398229309e+00 2.565187102239019323e-09 -2.895664011727436815e+00 1.648839286556736946e+09
8.268724873262864013e-04 -1.950118125819207293e+00 -2.211792546398229309e+00 2.565187102239019323e-09 -2.895664011727436815e+00 1.648839286556736946e+09
8.242584108872270422e-04 -1.948124362608481874e+00 -2.179858454152261871e+00 7.521211900723950203e-14 -5.688138176851795791e-01 1.648839286557170868e+09
8.325641775246626604e-04 -1.938971590054393124e+00 -2.228250971781568612e+00 5.186403777122344780e-08 -2.470785017687265217e+00 1.648839286557647228e+09
8.308418621328516772e-04 -1.944178488285568163e+00 -2.242805864607833488e+00 1.765351169833301674e-12 -5.990048887228400787e+00 1.648839286559072256e+09
8.233626001207703608e-04 -1.954172130840748478e+00 -2.177914045849351332e+00 6.514442525490403822e-11 -7.862911636221685541e+00 1.648839286559523582e+09
8.265153150096084559e-04 -1.952310068082104166e+00 -2.188829471453758391e+00 6.424311603101490433e-08 -4.550634078076923217e+00 1.648839286560966969e+09
8.265153150096084559e-04 -1.952310068082104166e+00 -2.188829471453758391e+00 6.424311603101490433e-08 -4.550634078076923217e+00 1.648839286560966969e+09
8.286467021465206617e-04 -1.944834847070965544e+00 -2.236067579486145984e+00 8.596912422152424196e-15 -2.737400529713216457e+00 1.648839286560968399e+09
8.286467021465206617e-04 -1.944834847070965544e+00 -2.236067579486145984e+00 8.596912422152424196e-15 -2.737400529713216457e+00 1.648839286560968399e+09
8.304982642526450914e-04 -1.946008035402227776e+00 -2.228533838793030242e+00 2.115588057911765766e-09 -1.413823136679408954e+00 1.648839286561263323e+09
8.276160844761048076e-04 -1.947365869442672315e+00 -2.233829580442240559e+00 7.562886844545264510e-07 -7.021253254768211605e-01 1.648839286561682940e+09
8.299902199754152299e-04 -1.942681738891221865e+00 -2.229454816094785574e+00 1.319061692145155140e-06 -1.277354989804417862e+00 1.648839286561913252e+09
8.299902199754152299e-04 -1.942681738891221865e+00 -2.229454816094785574e+00 1.319061692145155140e-06 -1.277354989804417862e+00 1.648839286561913252e+09
8.235994102345422455e-04 -1.951543167616255126e+00 -2.149475922144094220e+00 2.074121156620329924e-10 -5.652470125740819640e+00 1.648839286562443256e+09
8.287277490861818868e-04 -1.948967667257447633e+00 -2.199183226422841031e+00 2.550361611347916102e-12 -1.138893268815515114e+00 1.648839286562931776e+09
8.238992661356408760e-04 -1.952811796767356611e+00 -2.156174566035713003e+00 6.500830113604465169e-15 -6.933259829456558165e+00 1.648839286563308001e+09
8.232196160606810188e-04 -1.949759844618950133e+00 -2.171662380458068142e+00 1.248341493686271473e-11 -3.822646946263752454e+00 1.648839286564167738e+09
8.360710853580840705e-04 -1.938243547301664149e+00 -2.226242540777950474e+00 5.871503912178246946e-12 -8.787306088806863258e-01 1.648839286564463377e+09
8.360710853580840705e-04 -1.938243547301664149e+00 -2.226242540777950474e+00 5.871503912178246946e-12 -8.787306088806863258e-01 1.648839286564463377e+09
8.294453112259341822e-04 -1.947795433820395328e+00 -2.214107752976903321e+00 1.934536798421094494e-12 -7.215117785863524702e+00 1.648839286566123247e+09
8.354261802286989426e-04 -1.939409527786215337e+00 -2.175423745824179189e+00 4.421786353806021743e-10 -6.313359562229812205e+00 1.648839286566958189e+09
8.354261802286989426e-04 -1.939409527786215337e+00 -2.175423745824179189e+00 4.421786353806021743e-10 -6.313359562229812205e+00 1.648839286566958189e+09
8.256789325917987532e-04 -1.950686666489794829e+00 -2.150819712643371684e+00 1.258966495153351927e-12 -7.929688339177747736e+00 1.648839286567036390e+09
8.339074080800922299e-04 -1.937566803464422893e+00 -2.173178739579476826e+00 3.265688143471841870e-12 -2.570730541949407311e+00 1.648839286568881512e+09
8.339074080800922299e-04 -1.937566803464422893e+00 -2.173178739579476826e+00 3.265688143471841870e-12 -2.570730541949407311e+00 1.648839286568881512e+09
8.251063250488204718e-04 -1.950262606531001364e+00 -2.147439870880272661e+00 3.719246474175737052e-12 -8.255060898440849115e-01 1.648839286569457531e+09
8.251063250488204718e-04 -1.950262606531001364e+00 -2.147439870880272661e+00 3.719246474175737052e-12 -8.255060898440849115e-01 1.648839286569457531e+09
8.302302924455690070e-04 -1.945921041712346922e+00 -2.232659431963318397e+00 1.735623459028013931e-09 -2.288708314720249604e+00 1.648839286570702314e+09
8.302302924455690070e-04 -1.945921041712346922e+00 -2.232659431963318397e+00 1.735623459028013931e-09 -2.288708314720249604e+00 1.648839286570702314e+09
8.320563770542060717e-04 -1.944102082578478718e+00 -2.163062637715032377e+00 1.478425296322900616e-13 -4.006610108654168556e+00 1.648839286570762157e+09
8.320563770542060717e-04 -1.944102082578478718e+00 -2.163062637715032377e+00 1.478425296322900616e-13 -4.006610108654168556e+00 1.648839286570762157e+09
8.253733689610297112e-04 -1.948019170146431112e+00 -2.211303276680645080e+00 2.494977720659728420e-14 -2.120535152477218688e+00 1.648839286570922375e+09
8.277686954395926250e-04 -1.949927439590717126e+00 -2.197086243701262376e+00 1.434082770767878899e-15 -1.193673213019950552e+00 1.648839286571186304e+09
8.258288543929617840e-04 -1.946729773972096122e+00 -2.206488620591609884e+00 1.280354813703716613e-13 -9.530297005280923273e-01 1.648839286571665525e+09
8.347768913068315819e-04 -1.937896438840804203e+00 -2.239177240032055760e+00 5.368490593886956005e-11 -7.524229595866538389e+00 1.648839286571967602e+09
8.347768913068315819e-04 -1.937896438840804203e+00 -2.239177240032055760e+00 5.368490593886956005e-11 -7.524229595866538389e+00 1.648839286571967602e+09
8.250400348437719397e-04 -1.949130544873316939e+00 -2.212567657984922498e+00 5.192152099091245990e-14 -6.935551256742340520e+00 1.648839286573788166e+09
8.250400348437719397e-04 -1.949130544873316939e+00 -2.212567657984922498e+00 5.192152099091245990e-14 -6.935551256742340520e+00 1.648839286573788166e+09
8.216214679531117253e-04 -1.952148904299001675e+00 -2.200978976523032316e+00 1.430287759802352451e-08 -5.788583354180726559e+00 1.648839286576750994e+09
8.225069962958727081e-04 -1.953697554157916905e+00 -2.160431565123557274e+00 6.491209621022833153e-10 -3.166771617905427938e+00 1.648839286577104330e+09
8.225069962958727081e-04 -1.953697554157916905e+00 -2.160431565123557274e+00 6.491209621022833153e-10 -3.166771617905427938e+00 1.648839286577104330e+09
8.357629988947386105e-04 -1.936956516823731045e+00 -2.179536578834546212e+00 7.950704139325591884e-08 -2.132890937886362970e+00 1.648839286577494383e+09
8.317692826212298024e-04 -1.943647730438267107e+00 -2.239757439824464846e+00 1.382220617669028072e-11 -2.126574741093867793e+00 1.648839286577827930e+09
8.317692826212298024e-04 -1.943647730438267107e+00 -2.239757439824464846e+00 1.382220617669028072e-11 -2.126574741093867793e+00 1.648839286577827930e+09
8.341907553534390384e-04 -1.941243135992053226e+00 -2.171750275343617087e+00 2.339608492933248672e-11 -2.922143374359460921e+00 1.648839286577901125e+09
8.298252785636899822e-04 -1.942705200959417011e+00 -2.234298249105037382e+00 1.805846210697031879e-13 -2.938717006166793766e+00 1.648839286577916145e+09
8.252316864415752944e-04 -1.946583891510367037e+00 -2.171827617085379192e+00 1.498430307276012701e-11 -7.144144803791860454e+00 1.648839286578212023e+09
8.268838104995263711e-04 -1.950865148426073281e+00 -2.169308736295834983e+00 2.908637925892242758e-12 -3.869985404306226506e+00 1.648839286581557035e+09
8.336318349644218639e-04 -1.940503701543935700e+00 -2.243033368591178522e+00 1.745639269828094627e-11 -8.905288081696136615e-01 1.648839286581628084e+09
8.309605755167516049e-04 -1.939704501696885908e+00 -2.179592869679013223e+00 1.223976781324165753e-14 -2.002535839242142401e+00 1.648839286582260132e+09
8.348751812701396373e-04 -1.939036973589723933e+00 -2.238039689640596741e+00 6.502142170598281249e-14 -3.873175608309054496e+00 1.648839286583280325e+09
8.348751812701396373e-04 -1.939036973589723933e+00 -2.238039689640596741e+00 6.502142170598281249e-14 -3.873175608309054496e+00 1.648839286583280325e+09
8.318014296336701799e-04 -1.944537075884064548e+00 -2.156758999063270732e+00 1.387526330795220378e-07 -3.975509091729884759e+00 1.648839286583335638e+09
8.355422099581739925e-04 -1.938638146608167467e+00 -2.232014699376978939e+00 3.715706165750535154e-11 -1.127745297391106405e+00 1.648839286583472013e+09
8.307741582492521879e-04 -1.941217477499997068e+00 -2.231504346799340510e+00 4.166786686942203596e-10 -2.605842069155293039e+00 1.648839286584080935e+09
8.330593759715980732e-04 -1.937981749909998053e+00 -2.176255042401799233e+00 2.305788406883092937e-14 -1.907611735710610823e+00 1.648839286584928751e+09
8.330593759715980732e-04 -1.937981749909998053e+00 -2.176255042401799233e+00 2.305788406883092937e-14 -1.907611735710610823e+00 1.648839286584928751e+09
8.247829424364784990e-04 -1.952365295599170159e+00 -2.159551828726734346e+00 2.777603019572562759e-14 -2.781483052660173705e+00 1.648839286587037563e+09
8.285250425160680179e-04 -1.942397055060829381e+00 -2.173899005634129633e+00 8.941509518485228212e-15 -6.017847846604137629e+00 1.648839286587244034e+09
8.351785783184857703e-04 -1.937006902092376137e+00 -2.228196272233905262e+00 1.364076472803449975e-14 -2.384772766502245567e+00 1.648839286588493824e+09
8.316781216915978539e-04 -1.939048701369569194e+00 -2.204318684597327938e+00 1.821880210706355403e-12 -2.321182586485546651e+00 1.648839286592240810e+09
8.229669955369660773e-04 -1.951556223900594800e+00 -2.153646396965901655e+00 9.502008550375417810e-12 -3.876977722883261812e+00 1.648839286592746735e+09
8.229669955369660773e-04 -1.951556223900594800e+00 -2.153646396965901655e+00 9.502008550375417810e-12 -3.876977722883261812e+00 1.648839286592746735e+09
8.284369576294219354e-04 -1.947780635894462931e+00 -2.152291017305091092e+00 3.944042288414562805e-13 -4.251856456514353511e+00 1.648839286593460560e+09
8.284369576294219354e-04 -1.947780635894462931e+00 -2.152291017305091092e+00 3.944042288414562805e-13 -4.251856456514353511e+00 1.648839286593460560e+09
8.295096571955102270e-04 -1.948202018382136913e+00 -2.188895481903852858e+00 2.108738933033556404e-08 -1.122779320583529028e+00 1.648839286594793558e+09
8.295096571955102270e-04 -1.948202018382136913e+00 -2.188895481903852858e+00 2.108738933033556404e-08 -1.122779320583529028e+00 1.648839286594793558e+09
8.234540891049065524e-04 -1.953570267585426734e+00 -2.165792501349346200e+00 5.963094764715049597e-15 -3.168081746126976128e-01 1.648839286597176313e+09
8.287993410850309512e-04 -1.943688623108958291e+00 -2.230729389634283244e+00 4.971567839873649941e-10 -6.198229225025840172e+00 1.648839286597946644e+09
8.269180637096637922e-04 -1.944713151579031907e+00 -2.198053285757571640e+00 4.952554823761602272e-14 -1.283574538867373604e+00 1.648839286599889040e+09
8.351442158942771858e-04 -1.936676808107385961e+00 -2.192434886953052331e+00 4.015079846290345585e-07 -2.297067388194261817e+00 1.648839286599991560e+09
8.351442158942771858e-04 -1.936676808107385961e+00 -2.192434886953052331e+00 4.015079846290345585e-07 -2.297067388194261817e+00 1.648839286599991560e+09
8.334150176294226635e-04 -1.937510786236419591e+00 -2.184268842741220684e+00 1.413911819504244901e-15 -6.418914983943682984e+00 1.648839286601801872e+09
8.334150176294226635e-04 -1.937510786236419591e+00 -2.184268842741220684e+00 1.413911819504244901e-15 -6.418914983943682984e+00 1.648839286601801872e+09
8.283095215843413106e-04 -1.944414173300990090e+00 -2.227461538092320392e+00 3.298833133553048924e-12 -1.333659260514269640e+00 1.648839286602532864e+09
8.358481470942800452e-04 -1.939364742546183518e+00 -2.207099926227821918e+00 5.226163336177371043e-13 -1.347622268906352616e+00 1.648839286603905916e+09
8.226814268061139086e-04 -1.951324497278835501e+00 -2.178676725228033018e+00 2.052374632781921585e-14 -1.874614924270299632e+00 1.648839286606781483e+09
8.357995306052759966e-04 -1.939268441250469044e+00 -2.217729088294404516e+00 4.613664251868745016e-10 -5.507295677005975776e+00 1.648839286607742786e+09
8.357995306052759966e-04 -1.939268441250469044e+00 -2.217729088294404516e+00 4.613664251868745016e-10 -5.507295677005975776e+00 1.648839286607742786e+09
8.346415356768449026e-04 -1.938118556220918665e+00 -2.235447332234491213e+00 6.623848574387558363e-09 -1.893534248059363989e+00 1.648839286608892679e+09
8.298747841951287316e-04 -1.945293501577506579e+00 -2.150648804191830354e+00 1.703157520245068419e-15 -7.145317662490003663e+00 1.648839286609174252e+09
8.364731416028071834e-04 -1.937899410962832247e+00 -2.199578005514775114e+00 2.224351371010769701e-14 -7.473309142160848850e-01 1.648839286609575510e+09
8.364731416028071834e-04 -1.937899410962832247e+00 -2.199578005514775114e+00 2.224351371010769701e-14 -7.473309142160848850e-01 1.648839286609575510e+09
8.201954499017594189e-04 -1.958228169443747779e+00 -2.195942740270234061e+00 1.603975682158557448e-08 -6.127876305487954589e+00 1.648839286610221624e+09
8.307706286146431841e-04 -1.943587630275470435e+00 -2.151023805057401095e+00 2.829343194639671764e-14 -6.448194558526411768e+00 1.648839286612348795e+09
8.290763655742681114e-04 -1.944369907317453849e+00 -2.236075443729166778e+00 2.129537268093888083e-11 -6.013125120965390202e+00 1.648839286612565279e+09
8.290763655742681114e-04 -1.944369907317453849e+00 -2.236075443729166778e+00 2.129537268093888083e-11 -6.013125120965390202e+00 1.648839286612565279e+09
8.280554661984326813e-04 -1.944190962677291079e+00 -2.152326340007534977e+00 3.132794173550259277e-11 -5.466968563743077603e+00 1.648839286612667561e+09
8.280554661984326813e-04 -1.944190962677291079e+00 -2.152326340007534977e+00 3.132794173550259277e-11 -5.466968563743077603e+00 1.648839286612667561e+09
8.253306535058582477e-04 -1.946674825016458499e+00 -2.183348294049979543e+00 2.505581150584987814e-13 -7.707224529576475192e+00 1.648839286613515377e+09
8.253306535058582477e-04 -1.946674825016458499e+00 -2.183348294049979543e+00 2.505581150584987814e-13 -7.707224529576475192e+00 1.648839286613515377e+09
8.243305887071406164e-04 -1.952871172117751186e+00 -2.163735164346843654e+00 7.325583370861876365e-14 -4.978864475851821680e+00 1.648839286614128351e+09
8.341406660242466379e-04 -1.939630702784229443e+00 -2.164096825477187735e+00 1.893894889368522741e-08 -1.554927468881013297e-01 1.648839286614700556e+09
8.341406660242466379e-04 -1.939630702784229443e+00 -2.164096825477187735e+00 1.893894889368522741e-08 -1.554927468881013297e-01 1.648839286614700556e+09
8.350130513950683323e-04 -1.937842568190401238e+00 -2.238082283868884304e+00 2.529971437377051952e-08 -4.231947041309370938e+00 1.648839286614745855e+09
8.350130513950683323e-04 -1.937842568190401238e+00 -2.238082283868884304e+00 2.529971437377051952e-08 -4.231947041309370938e+00 1.648839286614745855e+09
8.302832318294511632e-04 -1.946860364565762724e+00 -2.168394031890844786e+00 7.163869050294215689e-13 -4.022102424263607645e+00 1.648839286614870071e+09
8.298949513956619794e-04 -1.946505799547653792e+00 -2.227261478713363108e+00 5.762683835836657354e-13 -4.598008809765532945e+00 1.648839286614881039e+09
8.329188256849845602e-04 -1.938145672855503765e+00 -2.176780922041999133e+00 3.576315203867145704e-10 -8.530565230817410693e-01 1.648839286615173340e+09
8.250426354179833189e-04 -1.952523337123711844e+00 -2.178928816361916709e+00 5.801634168969113215e-08 -7.273491242863254769e-01 1.648839286615274429e+09
8.234214366094652323e-04 -1.952169438375715105e+00 -2.152894596960769569e+00 4.064721586960945725e-14 -4.705818298941334632e+00 1.648839286615399122e+09
8.234214366094652323e-04 -1.952169438375715105e+00 -2.152894596960769569e+00 4.064721586960945725e-14 -4.705818298941334632e+00 1.648839286615399122e+09
8.337459795856974913e-04 -1.938629988776944257e+00 -2.165386186699411741e+00 1.341966993215449451e-15 -7.196873194971930232e+00 1.648839286617034674e+09
8.314511467476408185e-04 -1.945851552202237045e+00 -2.194979746013846267e+00 2.302520475829877042e-15 -5.934820126305817567e-01 1.648839286617071629e+09
8.314511467476408185e-04 -1.945851552202237045e+00 -2.194979746013846267e+00 2.302520475829877042e-15 -5.934820126305817567e-01 1.648839286617071629e+09
8.274385409646269366e-04 -1.950327455457757209e+00 -2.198727597089550567e+00 2.524015609919536504e-06 -6.135068199422608615e-01 1.648839286618568659e+09
8.307012773958834858e-04 -1.939989279629708241e+00 -2.175613026399327410e+00 1.350839553734608393e-07 -2.913824691199193850e-01 1.648839286619229794e+09
8.295730928667613803e-04 -1.942551525174975424e+00 -2.190150884692559696e+00 9.180650694548682015e-08 -5.463496356284714750e+00 1.648839286619697332e+09
8.295730928667613803e-04 -1.942551525174975424e+00 -2.190150884692559696e+00 9.180650694548682015e-08 -5.463496356284714750e+00 1.648839286619697332e+09
8.259868263952709153e-04 -1.947631851849955575e+00 -2.216553426431260299e+00 1.064921598866346200e-15 -6.863990021995417301e+00 1.648839286620526075e+09
8.259868263952709153e-04 -1.947631851849955575e+00 -2.216553426431260299e+00 1.064921598866346200e-15 -6.863990021995417301e+00 1.648839286620526075e+09
8.288705996613823963e-04 -1.947572100214353119e+00 -2.155556911433225586e+00 1.857626849936581743e-07 -1.971688403175694049e+00 1.648839286621442556e+09
8.341330299467768607e-04 -1.940721653937355740e+00 -2.168255622192364118e+00 1.589638274057487361e-13 -7.038365190890996992e+00 1.648839286622922421e+09
8.309154861025914432e-04 -1.941748116464088625e+00 -2.237144722004566155e+00 1.579346086832805536e-15 -9.107124110987241394e-01 1.648839286622983694e+09
8.248493604613698488e-04 -1.947286230883596536e+00 -2.174368430518029527e+00 4.089254808559492871e-11 -5.710358508030823899e+00 1.648839286623125076e+09
8.299064918091616930e-04 -1.947613482394308759e+00 -2.198104775075221173e+00 1.633815790270576425e-11 -5.151172461694164539e-01 1.648839286623489141e+09
8.367301301126557232e-04 -1.936535168467794055e+00 -2.208802766368369142e+00 4.718254129325210831e-11 -5.926065115189024013e+00 1.648839286624618769e+09
8.309369912017083859e-04 -1.945814102439699766e+00 -2.220390436438908210e+00 1.155550538672049422e-11 -5.209774345816345686e+00 1.648839286628221750e+09
8.309369912017083859e-04 -1.945814102439699766e+00 -2.220390436438908210e+00 1.155550538672049422e-11 -5.209774345816345686e+00 1.648839286628221750e+09
8.321163821384578536e-04 -1.940532352192343879e+00 -2.238556186768354106e+00 2.620120249659493494e-14 -4.476087338248290415e+00 1.648839286629510403e+09
8.250903068828734999e-04 -1.949568416050620812e+00 -2.236000224966117500e+00 1.349755072456716514e-08 -5.702017542831548269e+00 1.648839286629540443e+09
8.279223380957869685e-04 -1.950849310906550782e+00 -2.231329825763248564e+00 1.919731159959179283e-08 -5.825030357620224919e+00 1.648839286631458044e+09
8.279223380957869685e-04 -1.950849310906550782e+00 -2.231329825763248564e+00 1.919731159959179283e-08 -5.825030357620224919e+00 1.648839286631458044e+09
8.361664364528009329e-04 -1.937986207401076300e+00 -2.220104058697893734e+00 1.171632260874951521e-15 -2.554595668207042536e-01 1.648839286633083344e+09
8.311999189738586208e-04 -1.942795321384482410e+00 -2.242583774181239331e+00 4.142490157258963906e-15 -1.838949513507809108e+00 1.648839286635621786e+09
8.280009859086745385e-04 -1.945781095922862747e+00 -2.230957801917096361e+00 3.694572964518976473e-11 -2.041367595209542252e+00 1.648839286637519360e+09
8.301764340980566153e-04 -1.941061616906322840e+00 -2.164831919354013756e+00 2.905713619440452377e-13 -4.436903052961898020e+00 1.648839286637802362e+09
8.252608761245627334e-04 -1.951964038169108351e+00 -2.191076317011212193e+00 7.245656825203758987e-10 -3.028367304618567957e+00 1.648839286637896538e+09
8.357224142733720145e-04 -1.938117402347003138e+00 -2.227808474193953003e+00 6.273106806261425118e-12 -1.987415861748221602e+00 1.648839286640942574e+09
8.258341315973194213e-04 -1.951367670705510315e+00 -2.160789430285141588e+00 8.248109714520757925e-13 -5.733338086851959225e+00 1.648839286642046690e+09
8.360256713795618686e-04 -1.936727980202167743e+00 -2.186576435277739705e+00 1.114605922559848681e-11 -5.834363073903148234e+00 1.648839286642370939e+09
8.274552239760207253e-04 -1.945782748652741700e+00 -2.224528412104306963e+00 5.147839659811646865e-13 -1.092365995387929445e-01 1.648839286642982483e+09
8.337970593930394770e-04 -1.939018678767029824e+00 -2.237428481537643066e+00 5.077819165631754281e-09 -3.732434101426704842e-01 1.648839286643019199e+09
8.365267643861767303e-04 -1.936814546644607615e+00 -2.195954382289373452e+00 4.458925788675603542e-15 -2.687454843753197764e+00 1.648839286643985987e+09
8.339533443662719512e-04 -1.942202853144693098e+00 -2.213989517923420358e+00 1.570730550407347503e-13 -2.623805015869100643e+00 1.648839286644269705e+09
8.313937562896137664e-04 -1.942244437655408884e+00 -2.242015613319858325e+00 4.834623418127076460e-13 -2.249009288675853035e+00 1.648839286644821882e+09
8.332615938113144272e-04 -1.939637183013282140e+00 -2.238952930623184123e+00 4.317049564664154310e-12 -5.887288245122425323e+00 1.648839286645082951e+09
8.222164654749641996e-04 -1.952589374313827397e+00 -2.167822309936132008e+00 3.186821231597798472e-09 -2.127284579873547798e+00 1.648839286646840096e+09
8.245663815048344435e-04 -1.948459966464070936e+00 -2.221444332780452502e+00 3.078987672060912323e-10 -7.939452212578510526e+00 1.648839286647277832e+09
8.194100111230007578e-04 -1.955282255175878392e+00 -2.181893933957111287e+00 2.672817074286106092e-09 -6.903376678760333895e+00 1.648839286647754192e+09
8.194100111230007578e-04 -1.955282255175878392e+00 -2.181893933957111287e+00 2.672817074286106092e-09 -6.903376678760333895e+00 1.648839286647754192e+09
8.357592046957846741e-04 -1.936390711395623132e+00 -2.216012588375351644e+00 3.434145347187822767e-11 -1.318673120122257458e+00 1.648839286650174141e+09
8.357592046957846741e-04 -1.936390711395623132e+00 -2.216012588375351644e+00 3.434145347187822767e-11 -1.318673120122257458e+00 1.648839286650174141e+09
8.345748109184140517e-04 -1.936917917715661464e+00 -2.215199998583537777e+00 6.347956556305095485e-14 -2.455701916052126066e+00 1.648839286650179863e+09
8.335548877826949284e-04 -1.939246254610773601e+00 -2.163387982214907357e+00 6.581131894146265388e-14 -7.493664672099852986e+00 1.648839286651196003e+09
8.335548877826949284e-04 -1.939246254610773601e+00 -2.163387982214907357e+00 6.581131894146265388e-14 -7.493664672099852986e+00 1.648839286651196003e+09
8.276562668872832883e-04 -1.945515873553008035e+00 -2.225039584725018393e+00 2.220520068144106754e-11 -5.410294583471697116e+00 1.648839286652831554e+09
8.228739411759578145e-04 -1.950797892369170894e+00 -2.166421724781117497e+00 3.877493037231957865e-11 -2.719697711807448570e+00 1.648839286652858019e+09
8.228739411759578145e-04 -1.950797892369170894e+00 -2.166421724781117497e+00 3.877493037231957865e-11 -2.719697711807448570e+00 1.648839286652858019e+09
8.343861356673430317e-04 -1.937392530893579323e+00 -2.177288274178390992e+00 9.513727519009685841e-15 -7.740084964562191416e+00 1.648839286653360128e+09
8.343861356673430317e-04 -1.937392530893579323e+00 -2.177288274178390992e+00 9.513727519009685841e-15 -7.740084964562191416e+00 1.648839286653360128e+09
8.313509444715642309e-04 -1.940532653381316308e+00 -2.228279464106437402e+00 1.136854581395704865e-15 -7.761491181273516560e-02 1.648839286653844833e+09
8.301184387018757400e-04 -1.941620246764112601e+00 -2.158641111782942268e+00 6.807081833529985587e-13 -4.859164745990799616e+00 1.648839286654876709e+09
8.264496439685440048e-04 -1.949177249088855257e+00 -2.149290847251726255e+00 3.285338067800237904e-15 -5.525654003623430732e+00 1.648839286655656338e+09
8.264496439685440048e-04 -1.949177249088855257e+00 -2.149290847251726255e+00 3.285338067800237904e-15 -5.525654003623430732e+00 1.648839286655656338e+09
8.288653532791265743e-04 -1.948022091842421588e+00 -2.160375601298680337e+00 8.089054542767545507e-14 -2.681854261214436264e+00 1.648839286656009197e+09
8.384346211434221680e-04 -1.936090965242256434e+00 -2.199150086572212004e+00 1.042872973159115394e-09 -7.174809631966361678e+00 1.648839286656528473e+09
8.384346211434221680e-04 -1.936090965242256434e+00 -2.199150086572212004e+00 1.042872973159115394e-09 -7.174809631966361678e+00 1.648839286656528473e+09
8.321487397805862928e-04 -1.944055982465536569e+00 -2.225769655492551014e+00 2.585718870043288292e-15 -6.699181613659980883e+00 1.648839286658967495e+09
8.325701913446165083e-04 -1.944310659619174819e+00 -2.197583844895089733e+00 3.329172109721626387e-13 -1.204128393507171602e+00 1.648839286659163475e+09
8.325701913446165083e-04 -1.944310659619174819e+00 -2.197583844895089733e+00 3.329172109721626387e-13 -1.204128393507171602e+00 1.648839286659163475e+09
8.239436359197356476e-04 -1.948824003693533591e+00 -2.170140867501491488e+00 1.619927748164939621e-15 -5.260078024161947141e+00 1.648839286660253048e+09
8.239436359197356476e-04 -1.948824003693533591e+00 -2.170140867501491488e+00 1.619927748164939621e-15 -5.260078024161947141e+00 1.648839286660253048e+09
8.343248893524022724e-04 -1.939958993902594964e+00 -2.168407718192725486e+00 5.646122360247033428e-14 -4.566478123329227756e+00 1.648839286660373926e+09
8.276514894254958935e-04 -1.947052125158176716e+00 -2.229154389851672136e+00 3.120277783997971459e-09 -3.133579374691167097e+00 1.648839286662766933e+09
8.276514894254958935e-04 -1.947052125158176716e+00 -2.229154389851672136e+00 3.120277783997971459e-09 -3.133579374691167097e+00 1.648839286662766933e+09
8.350862629712635463e-04 -1.936436879361880248e+00 -2.194586557973520424e+00 6.722272725037857979e-08 -1.010712913718631256e+00 1.648839286663795710e+09
8.350862629712635463e-04 -1.936436879361880248e+00 -2.194586557973520424e+00 6.722272725037857979e-08 -1.010712913718631256e+00 1.648839286663795710e+09
8.249877630183430691e-04 -1.952186136642599656e+00 -2.187582871852608690e+00 2.448334479465982628e-11 -4.709222566127850840e-01 1.648839286664124727e+09
8.249877630183430691e-04 -1.952186136642599656e+00 -2.187582871852608690e+00 2.448334479465982628e-11 -4.709222566127850840e-01 1.648839286664124727e+09
8.353485308977630060e-04 -1.938217897335752893e+00 -2.231965540879902843e+00 5.848004361134290826e-08 -3.457480719616683018e+00 1.648839286664810419e+09
8.353485308977630060e-04 -1.938217897335752893e+00 -2.231965540879902843e+00 5.848004361134290826e-08 -3.457480719616683018e+00 1.648839286664810419e+09
8.278116798126982333e-04 -1.949659561179517775e+00 -2.197302153081224230e+00 8.292617505159296158e-14 -1.035245421249234354e+00 1.648839286666408777e+09
8.278116798126982333e-04 -1.949659561179517775e+00 -2.197302153081224230e+00 8.292617505159296158e-14 -1.035245421249234354e+00 1.648839286666408777e+09
8.285332494159452577e-04 -1.944116543696870369e+00 -2.151337481841296917e+00 2.113747280646061453e-10 -3.600124075017014924e+00 1.648839286666587830e+09
8.302186195268867943e-04 -1.947087390316641020e+00 -2.175832669340638681e+00 8.998776377663221153e-13 -4.507547199970673546e+00 1.648839286667055368e+09
8.285706092108350348e-04 -1.942592383440601367e+00 -2.195264727068665600e+00 9.410537746446666914e-11 -1.267714194471059486e+00 1.648839286667761087e+09
8.285706092108350348e-04 -1.942592383440601367e+00 -2.195264727068665600e+00 9.410537746446666914e-11 -1.267714194471059486e+00 1.648839286667761087e+09
8.239665173850493863e-04 -1.950327827292700489e+00 -2.229811637095150623e+00 4.337203414535795637e-10 -7.918501833054595984e+00 1.648839286668272257e+09
8.239665173850493863e-04 -1.950327827292700489e+00 -2.229811637095150623e+00 4.337203414535795637e-10 -7.918501833054595984e+00 1.648839286668272257e+09
8.246624893166401441e-04 -1.952347011715480862e+00 -2.187858096856777124e+00 1.343767119513316899e-13 -9.831233470221167892e-02 1.648839286668987274e+09
8.358025981322180897e-04 -1.936219871256429803e+00 -2.194878144718476864e+00 8.280495719855102623e-10 -5.033826590711589333e+00 1.648839286670057535e+09
8.251080213624318585e-04 -1.947046678536582309e+00 -2.169012348096048814e+00 7.098529573870735882e-10 -4.736003167070235165e-01 1.648839286670384407e+09
8.251080213624318585e-04 -1.947046678536582309e+00 -2.169012348096048814e+00 7.098529573870735882e-10 -4.736003167070235165e-01 1.648839286670384407e+09
8.231151052127497767e-04 -1.953282745925943198e+00 -2.178392868045506248e+00 3.234335503187023888e-14 -3.957940070634207608e+00 1.648839286671519995e+09
8.235172178304977358e-04 -1.951751279194794408e+00 -2.153560903047736286e+00 1.740426131728230608e-09 -9.752857058226283016e-01 1.648839286671642542e+09
8.299810554271343796e-04 -1.941007872329126860e+00 -2.200520147703363349e+00 2.068313635563619894e-13 -7.036839051436561299e+00 1.648839286671848536e+09
8.278918098809832189e-04 -1.946159876479942596e+00 -2.229778494060560057e+00 1.298038242871511684e-15 -5.652913740369680085e+00 1.648839286672004700e+09
8.303419768082110968e-04 -1.940522499744557150e+00 -2.195599382066328431e+00 7.318001016801642408e-12 -2.359495117799773389e+00 1.648839286672516823e+09
8.318940563306725629e-04 -1.945316750229095559e+00 -2.179355332464234962e+00 2.124066600200430556e-10 -7.140577043358142362e+00 1.648839286672947168e+09
8.336332405777043160e-04 -1.942802572217133816e+00 -2.195961541442129406e+00 3.373880392746475087e-10 -4.961685649638491569e+00 1.648839286674858809e+09
8.302095253587376796e-04 -1.945065619421546321e+00 -2.235893703763155216e+00 1.558861208307263878e-14 -6.111343452217101735e+00 1.648839286676329613e+09
8.242846274084974405e-04 -1.949757948928190654e+00 -2.199019666975365883e+00 6.529683470357176693e-15 -7.840000661392919845e+00 1.648839286676459551e+09
8.237900418158540820e-04 -1.950189716297585196e+00 -2.153914905223993870e+00 1.036671650078471175e-11 -4.048659187798657300e+00 1.648839286676461458e+09
8.237900418158540820e-04 -1.950189716297585196e+00 -2.153914905223993870e+00 1.036671650078471175e-11 -4.048659187798657300e+00 1.648839286676461458e+09
8.267051697007377900e-04 -1.946817064446937140e+00 -2.148720220676596515e+00 4.769949313467287250e-13 -4.111855421869515581e+00 1.648839286678846121e+09
8.267051697007377900e-04 -1.946817064446937140e+00 -2.148720220676596515e+00 4.769949313467287250e-13 -4.111855421869515581e+00 1.648839286678846121e+09
8.308367368338849751e-04 -1.946249464485886538e+00 -2.235336003667425686e+00 1.803159495956856528e-08 -6.828105621100577949e+00 1.648839286679079056e+09
8.307493794036874876e-04 -1.941892983925016969e+00 -2.234426122848856444e+00 1.180843851102050885e-08 -1.242058176578719753e-01 1.648839286679145813e+09
8.226610285619432054e-04 -1.951818777401640226e+00 -2.176820996882368409e+00 4.423105421417777537e-12 -3.838636681716452337e+00 1.648839286679270983e+09
8.241183050513932028e-04 -1.949814927847319357e+00 -2.195189720568941460e+00 5.107806943935268896e-08 -2.489802018769299075e+00 1.648839286680076599e+09
8.241183050513932028e-04 -1.949814927847319357e+00 -2.195189720568941460e+00 5.107806943935268896e-08 -2.489802018769299075e+00 1.648839286680076599e+09
8.296839047069059668e-04 -1.947392051621046782e+00 -2.210877614675077929e+00 2.219619674537288899e-11 -4.767616513891254293e+00 1.648839286680486202e+09
8.360259308536465567e-04 -1.935538436409227181e+00 -2.229352169401026096e+00 4.401003923372919721e-10 -7.394689880273764615e+00 1.648839286681622267e+09
8.360259308536465567e-04 -1.935538436409227181e+00 -2.229352169401026096e+00 4.401003923372919721e-10 -7.394689880273764615e+00 1.648839286681622267e+09
8.240385229791827738e-04 -1.952866376284229100e+00 -2.181358033893801007e+00 5.132988744965062968e-14 -2.763013313716637498e+00 1.648839286682121515e+09
8.354198354448759368e-04 -1.939768294836623053e+00 -2.193296703333746933e+00 2.445729303901546316e-11 -6.699347722305947883e+00 1.648839286682639122e+09
8.309257754732017566e-04 -1.940496412415699812e+00 -2.217520233568320620e+00 2.881247878513796878e-14 -7.929331772475240570e+00 1.648839286683179379e+09
8.346070596025165125e-04 -1.936511445519345287e+00 -2.194741910243144023e+00 2.244110157612273066e-10 -6.876996681016390944e+00 1.648839286683339596e+09
8.346070596025165125e-04 -1.936511445519345287e+00 -2.194741910243144023e+00 2.244110157612273066e-10 -6.876996681016390944e+00 1.648839286683339596e+09
8.351155536051391506e-04 -1.940131437888443555e+00 -2.216835033326701510e+00 3.063050396591596821e-12 -7.213694821500497234e+00 1.648839286685848475e+09
8.280977047572211924e-04 -1.948404425491063519e+00 -2.218290647525693604e+00 1.424082935293421801e-10 -2.878425556131672280e+00 1.648839286686028957e+09
8.280977047572211924e-04 -1.948404425491063519e+00 -2.218290647525693604e+00 1.424082935293421801e-10 -2.878425556131672280e+00 1.648839286686028957e+09
8.325142484450145800e-04 -1.943684487975856801e+00 -2.222732625829207276e+00 6.803944428151553202e-12 -3.644630753239114007e+00 1.648839286686047316e+09
8.281125274973377909e-04 -1.943175508556303610e+00 -2.169639678887653744e+00 5.037934808943831228e-11 -5.106494270767324650e+00 1.648839286686825037e+09
8.281125274973377909e-04 -1.943175508556303610e+00 -2.169639678887653744e+00 5.037934808943831228e-11 -5.106494270767324650e+00 1.648839286686825037e+09
8.335338830436225073e-04 -1.937304651041135584e+00 -2.169087042637166007e+00 2.494099635565742971e-10 -7.780904997917247101e+00 1.648839286688421249e+09
8.329050608584679999e-04 -1.940497521549816140e+00 -2.240786836909754776e+00 7.640178647166871155e-11 -6.797458187085586800e+00 1.648839286688957691e+09
8.266103446713632570e-04 -1.949040371072140010e+00 -2.218575292060651627e+00 1.420232690924983543e-14 -4.521091041896667662e-01 1.648839286690851688e+09
8.266103446713632570e-04 -1.949040371072140010e+00 -2.218575292060651627e+00 1.420232690924983543e-14 -4.521091041896667662e-01 1.648839286690851688e+09
8.320373050244488306e-04 -1.938928482148958743e+00 -2.181108283190306807e+00 5.407198969213363091e-09 -1.352788682854868085e+00 1.648839286690907955e+09
8.296395906995379654e-04 -1.946031630271515711e+00 -2.231383724420299863e+00 2.914715585007041499e-09 -8.340463873340056011e-01 1.648839286691308260e+09
8.251191792373816902e-04 -1.948678507500025914e+00 -2.206146921875299594e+00 3.480612328603712685e-12 -4.452722624890024683e+00 1.648839286691542149e+09
8.332441094139901496e-04 -1.943246401560837944e+00 -2.189611582250049260e+00 1.024665443003142679e-13 -1.966596476738748933e+00 1.648839286691982031e+09
8.332441094139901496e-04 -1.943246401560837944e+00 -2.189611582250049260e+00 1.024665443003142679e-13 -1.966596476738748933e+00 1.648839286691982031e+09
8.353096394573924274e-04 -1.938205902266311176e+00 -2.177613047388976764e+00 2.800195853859931448e-13 -6.161458340868132488e+00 1.648839286692017317e+09
8.309858635536743286e-04 -1.946070489007812876e+00 -2.206979558122276863e+00 4.170240214026316586e-12 -6.618214758320108970e+00 1.648839286692180872e+09
8.328444198443393180e-04 -1.943476053143554205e+00 -2.176392826356754018e+00 1.506364252981017839e-08 -2.062561266730815746e-01 1.648839286692240477e+09
8.240619269484093703e-04 -1.952823328984833129e+00 -2.160633927782782404e+00 1.546076628730101448e-10 -6.771517821415999450e+00 1.648839286692685127e+09
8.232685331835923759e-04 -1.951708049777596488e+00 -2.188216435300593066e+00 4.739503775493169719e-14 -9.890409844006997631e-01 1.648839286693089962e+09
8.355148907449168284e-04 -1.936649343060283801e+00 -2.215566272951792648e+00 7.174850786631212180e-14 -5.207525753929713730e-01 1.648839286693096161e+09
8.288121889218632394e-04 -1.947736722913875784e+00 -2.219448652763237106e+00 1.049203184416623922e-09 -1.973659461660935754e+00 1.648839286694366455e+09
8.261196877714275339e-04 -1.951419243239926882e+00 -2.177695607635434794e+00 8.281996777321670208e-14 -2.664019838545186758e+00 1.648839286694633722e+09
8.307399434173255324e-04 -1.941906418556007763e+00 -2.234524984225158217e+00 1.057165901321089191e-11 -7.962594328362356144e+00 1.648839286694976568e+09
8.285004217234886222e-04 -1.948061178078542621e+00 -2.218471895910868241e+00 4.867243869849026954e-08 -9.572305878211126995e-01 1.648839286695828438e+09
8.325182336902660048e-04 -1.939752398942505618e+00 -2.232093541946241988e+00 4.071900419503252483e-11 -2.495542468957525628e+00 1.648839286696505547e+09
8.232240545560893597e-04 -1.951566089330697418e+00 -2.155860643346403371e+00 6.128997758955886340e-11 -1.011037219845835722e+00 1.648839286699234247e+09
8.232240545560893597e-04 -1.951566089330697418e+00 -2.155860643346403371e+00 6.128997758955886340e-11 -1.011037219845835722e+00 1.648839286699234247e+09
8.303214836726181998e-04 -1.945852844026634276e+00 -2.158909512848909529e+00 3.375703114082340548e-08 -3.008139534353598599e+00 1.648839286699304581e+09
8.234036245843086473e-04 -1.950878679054426357e+00 -2.187291667351410673e+00 1.244822384621897382e-11 -5.657264982647287610e+00 1.648839286699794054e+09
8.295562184569879160e-04 -1.943356346415065827e+00 -2.233409617912272438e+00 4.005156336115979672e-11 -7.579650128684294330e+00 1.648839286699797153e+09
8.346736773852164639e-04 -1.938017349058013039e+00 -2.175654564523664458e+00 6.257850072445925563e-07 -1.497813184172582801e+00 1.648839286699808836e+09
8.323051495456216349e-04 -1.939270537777393333e+00 -2.221714829997158080e+00 3.172794979932996695e-13 -7.151243677760430018e+00 1.648839286701426506e+09
8.304580566508923747e-04 -1.944108249439021829e+00 -2.238254473265151034e+00 2.081492645694584501e-13 -5.089203783907374046e+00 1.648839286701946735e+09
8.338662875517098214e-04 -1.937780345104020530e+00 -2.177619838215255843e+00 2.095947363238120735e-09 -6.701944707744189600e-02 1.648839286704504251e+09
8.285537740926321101e-04 -1.943556926926645279e+00 -2.155851231028774517e+00 7.227849412247636743e-09 -2.362758863748787519e+00 1.648839286704856634e+09
8.285537740926321101e-04 -1.943556926926645279e+00 -2.155851231028774517e+00 7.227849412247636743e-09 -2.362758863748787519e+00 1.648839286704856634e+09
8.289631184850375888e-04 -1.948376322317778353e+00 -2.171250133024085649e+00 9.715650295614325263e-08 -1.617101480953935244e+00 1.648839286705062389e+09
8.261724861302675686e-04 -1.950282593910057871e+00 -2.207740470918292619e+00 5.798582989244301920e-15 -4.029756630824813612e+00 1.648839286705473423e+09
8.261724861302675686e-04 -1.950282593910057871e+00 -2.207740470918292619e+00 5.798582989244301920e-15 -4.029756630824813612e+00 1.648839286705473423e+09
8.331407211820024720e-04 -1.938422481160355648e+00 -2.220136633271480253e+00 1.131748788821202034e-14 -1.736287787043027109e-01 1.648839286706815481e+09
8.271199407792671722e-04 -1.945679096482707315e+00 -2.215342853703700321e+00 1.128952259779269853e-10 -4.678156153294045438e+00 1.648839286707204342e+09
8.271199407792671722e-04 -1.945679096482707315e+00 -2.215342853703700321e+00 1.128952259779269853e-10 -4.678156153294045438e+00 1.648839286707204342e+09
8.244603647626377960e-04 -1.949621218320572336e+00 -2.199907169149271535e+00 1.823177415011902631e-10 -5.022972434742389858e+00 1.648839286707614183e+09
8.322138022386046984e-04 -1.943950775130496300e+00 -2.176540111776850139e+00 1.218990320267091863e-06 -1.723203889445561465e+00 1.648839286708011627e+09
8.269765192397135001e-04 -1.945846945453011401e+00 -2.214290165604146043e+00 3.777233330542088851e-13 -1.168510004448214623e+00 1.648839286708995819e+09
8.269765192397135001e-04 -1.945846945453011401e+00 -2.214290165604146043e+00 3.777233330542088851e-13 -1.168510004448214623e+00 1.648839286708995819e+09
8.227511260008223354e-04 -1.952729022042926532e+00 -2.177927597589527586e+00 1.942367141043584336e-14 -7.621074173434950083e+00 1.648839286708996773e+09
8.227511260008223354e-04 -1.952729022042926532e+00 -2.177927597589527586e+00 1.942367141043584336e-14 -7.621074173434950083e+00 1.648839286708996773e+09
8.288719423991057055e-04 -1.944295198956093484e+00 -2.229670307217287206e+00 1.296339513589828492e-10 -1.679961290566081011e+00 1.648839286710093737e+09
8.281913908767200285e-04 -1.948543666903489679e+00 -2.213773293900832329e+00 7.971625652752229367e-12 -7.527486811196304473e-03 1.648839286711273432e+09
8.251768699650868961e-04 -1.947042563319112407e+00 -2.173269139781585757e+00 6.496800245053640970e-13 -7.135575452181850409e+00 1.648839286711582422e+09
8.251768699650868961e-04 -1.947042563319112407e+00 -2.173269139781585757e+00 6.496800245053640970e-13 -7.135575452181850409e+00 1.648839286711582422e+09
8.273537952175189685e-04 -1.948505965350557867e+00 -2.220578518257173339e+00 2.220822031050794455e-12 -6.194641784888018421e+00 1.648839286711877584e+09
8.346086670393728767e-04 -1.940427242824067200e+00 -2.178526409685090037e+00 1.655872117463344314e-14 -7.686086418040910750e+00 1.648839286711924076e+09
8.248190568508630659e-04 -1.950801150001920226e+00 -2.203583800725717357e+00 1.308903104230958736e-12 -6.227708975544175019e+00 1.648839286712123156e+09
8.281012000888377834e-04 -1.947312318369051498e+00 -2.227127008781849771e+00 2.531535964006512727e-14 -2.209852086515712521e+00 1.648839286712558508e+09
8.281012000888377834e-04 -1.947312318369051498e+00 -2.227127008781849771e+00 2.531535964006512727e-14 -2.209852086515712521e+00 1.648839286712558508e+09
8.331862906893024645e-04 -1.939249113662014024e+00 -2.232216973465606547e+00 6.308498842718161018e-13 -5.573209748465821178e+00 1.648839286714428902e+09
8.331600208284196084e-04 -1.942287283210112347e+00 -2.229706242897837143e+00 5.987477998267376188e-09 -8.022920246830755886e-01 1.648839286714604616e+09
8.331600208284196084e-04 -1.942287283210112347e+00 -2.229706242897837143e+00 5.987477998267376188e-09 -8.022920246830755886e-01 1.648839286714604616e+09
8.343915513415381532e-04 -1.939051142363795277e+00 -2.233878569282431670e+00 4.179736834925182958e-12 -7.400053447451266919e-01 1.648839286715314627e+09
8.316786997437279963e-04 -1.940726500798589438e+00 -2.158981233916723141e+00 5.425088056481075621e-15 -6.217075889295388791e+00 1.648839286715998888e+09
8.316786997437279963e-04 -1.940726500798589438e+00 -2.158981233916723141e+00 5.425088056481075621e-15 -6.217075889295388791e+00 1.648839286715998888e+09
8.328533238210902119e-04 -1.938527203795105791e+00 -2.175778865788454919e+00 2.316973501646712449e-15 -7.847434092947667139e+00 1.648839286716691017e+09
8.356205922005412352e-04 -1.941355419392364778e+00 -2.162640554154299011e+00 7.707622027060476640e-10 -7.896568850145124330e+00 1.648839286716717720e+09
8.356205922005412352e-04 -1.941355419392364778e+00 -2.162640554154299011e+00 7.707622027060476640e-10 -7.896568850145124330e+00 1.648839286716717720e+09
8.258298338313436364e-04 -1.947206675512798135e+00 -2.205597127213493103e+00 1.805592374125163749e-12 -7.824783652071143791e+00 1.648839286716871262e+09
8.258298338313436364e-04 -1.947206675512798135e+00 -2.205597127213493103e+00 1.805592374125163749e-12 -7.824783652071143791e+00 1.648839286716871262e+09
8.298137743464002519e-04 -1.943203250951586414e+00 -2.232464158473923543e+00 1.086834856210826415e-15 -4.261874973544644618e+00 1.648839286717450142e+09
8.298137743464002519e-04 -1.943203250951586414e+00 -2.232464158473923543e+00 1.086834856210826415e-15 -4.261874973544644618e+00 1.648839286717450142e+09
8.389435403796898687e-04 -1.933655060439421813e+00 -2.276915051308163740e+00 3.960641271378387464e-09 -7.472571181809855467e+00 1.648839286718241215e+09
8.321144037385846742e-04 -1.939681921174647883e+00 -2.224595627844947909e+00 2.258217028761516133e-12 -1.370361859972765828e+00 1.648839286718263865e+09
8.298537737513087638e-04 -1.944338312256109313e+00 -2.156023455458554672e+00 9.262325014756994962e-07 -2.030760605345301784e+00 1.648839286719302416e+09
8.278529180804798182e-04 -1.943534634842509101e+00 -2.189825231124387095e+00 2.522409554782378028e-13 -2.745480541945902075e+00 1.648839286720696449e+09
8.278529180804798182e-04 -1.943534634842509101e+00 -2.189825231124387095e+00 2.522409554782378028e-13 -2.745480541945902075e+00 1.648839286720696449e+09
8.230912756537650836e-04 -1.952673609298926527e+00 -2.160110425036933623e+00 2.977529951866629986e-15 -1.788934628929530035e+00 1.648839286721320152e+09
8.337511137610049364e-04 -1.942465145095687573e+00 -2.203373501525054401e+00 1.379954266392502450e-11 -2.940330277952779348e+00 1.648839286721379280e+09
8.242251663965088123e-04 -1.951547303332458405e+00 -2.196126066312854341e+00 4.859527098873256273e-14 -4.537645508350574453e+00 1.648839286721405029e+09
8.352671334799406395e-04 -1.939731876454896975e+00 -2.215414574247785762e+00 2.277946615247930735e-09 -2.443789220461132672e+00 1.648839286721558571e+09
8.352671334799406395e-04 -1.939731876454896975e+00 -2.215414574247785762e+00 2.277946615247930735e-09 -2.443789220461132672e+00 1.648839286721558571e+09
8.361079928975563786e-04 -1.937069030583731255e+00 -2.213756028407305010e+00 6.220686590317576206e-10 -1.072991678690784489e+00 1.648839286722546577e+09
8.318418666204316055e-04 -1.944470584215543862e+00 -2.247576635192255257e+00 6.633476709351915400e-08 -5.689471943088729944e+00 1.648839286723321199e+09
8.278614688855167247e-04 -1.946649165689851468e+00 -2.228342633644049720e+00 7.150987367193806112e-10 -4.783640776887946089e+00 1.648839286724611998e+09
8.254278083393409892e-04 -1.949405038491625719e+00 -2.149718692717575763e+00 7.354031103902067572e-12 -3.372454495697377652e+00 1.648839286725492001e+09
8.254278083393409892e-04 -1.949405038491625719e+00 -2.149718692717575763e+00 7.354031103902067572e-12 -3.372454495697377652e+00 1.648839286725492001e+09
8.333218720065390652e-04 -1.938274543855184717e+00 -2.218999870531992435e+00 1.487856507907529377e-13 -3.742517203387164315e+00 1.648839286725581408e+09
8.237452020099601596e-04 -1.950611327284189844e+00 -2.198709867051601652e+00 9.341701181048631664e-08 -4.009026011317653015e+00 1.648839286725674391e+09
8.331828011341165310e-04 -1.938008971267652703e+00 -2.206948777659107908e+00 2.018339085064960454e-13 -1.120048810829302077e+00 1.648839286726854801e+09
8.308505094695213143e-04 -1.946322273420395321e+00 -2.185434746928669458e+00 7.362197434917800225e-13 -2.849956125107963700e+00 1.648839286727382183e+09
8.308505094695213143e-04 -1.946322273420395321e+00 -2.185434746928669458e+00 7.362197434917800225e-13 -2.849956125107963700e+00 1.648839286727382183e+09
8.333649984597315185e-04 -1.938984359673731950e+00 -2.167284710692052752e+00 2.012179969122083459e-14 -4.020701222431401156e+00 1.648839286727411985e+09
8.333649984597315185e-04 -1.938984359673731950e+00 -2.167284710692052752e+00 2.012179969122083459e-14 -4.020701222431401156e+00 1.648839286727411985e+09
8.308729470824262331e-04 -1.942247983828182756e+00 -2.154182742433409015e+00 1.030992691537970283e-10 -5.204808555756612165e+00 1.648839286727490187e+09
8.278239945071176002e-04 -1.944337559908954738e+00 -2.156442541005665348e+00 7.836000096114842109e-13 -5.034558942085281430e+00 1.648839286727917671e+09
8.347790330216516138e-04 -1.937017444306477820e+00 -2.187404931252072693e+00 8.360765254405577333e-14 -7.058847621311783449e+00 1.648839286727933168e+09
8.270100345165216785e-04 -1.944562798395794045e+00 -2.173071072824938277e+00 7.600748875417169407e-10 -3.927790425279455988e-01 1.648839286728103161e+09
8.340779557554538551e-04 -1.940852038418858783e+00 -2.232106168930751977e+00 6.096716530611026598e-10 -5.841204325584332224e+00 1.648839286728547335e+09
8.297434225478954100e-04 -1.944918749010857706e+00 -2.151195984936487449e+00 2.682635572339783002e-09 -4.348469491075294791e+00 1.648839286728586435e+09
8.297434225478954100e-04 -1.944918749010857706e+00 -2.151195984936487449e+00 2.682635572339783002e-09 -4.348469491075294791e+00 1.648839286728586435e+09
8.245697476936612565e-04 -1.948038735654215481e+00 -2.169231879885647363e+00 8.366883361459250036e-10 -1.695347720839433414e+00 1.648839286728946924e+09
8.230420363856273246e-04 -1.951213866263620700e+00 -2.161057651707662064e+00 6.199127510574052376e-15 -5.372734698503246697e+00 1.648839286729789257e+09
8.230420363856273246e-04 -1.951213866263620700e+00 -2.161057651707662064e+00 6.199127510574052376e-15 -5.372734698503246697e+00 1.648839286729789257e+09
8.258643873235555453e-04 -1.951548896918730680e+00 -2.176913126300780821e+00 2.239411864932599228e-15 -7.628726527655440570e+00 1.648839286729842663e+09
8.268544644506714125e-04 -1.950505806069682491e+00 -2.168265784260876572e+00 3.917314851771297794e-12 -2.614115062772286890e+00 1.648839286730067015e+09
8.291206985317884325e-04 -1.948982414880925829e+00 -2.174755276087664058e+00 2.780545681584594813e-09 -6.099597337427031363e+00 1.648839286730297327e+09
8.291206985317884325e-04 -1.948982414880925829e+00 -2.174755276087664058e+00 2.780545681584594813e-09 -6.099597337427031363e+00 1.648839286730297327e+09
8.246639825962371250e-04 -1.948812618018864296e+00 -2.204067600476167677e+00 4.074703609833343636e-10 -6.840813049549898217e+00 1.648839286730919838e+09
8.246639825962371250e-04 -1.948812618018864296e+00 -2.204067600476167677e+00 4.074703609833343636e-10 -6.840813049549898217e+00 1.648839286730919838e+09
8.358223859785786965e-04 -1.937602029155516048e+00 -2.219573446766209379e+00 4.142887150293076898e-13 -6.594611037612965632e+00 1.648839286731564760e+09
8.358223859785786965e-04 -1.937602029155516048e+00 -2.219573446766209379e+00 4.142887150293076898e-13 -6.594611037612965632e+00 1.648839286731564760e+09
8.297243966586395278e-04 -1.946125652683123874e+00 -2.156090250127561170e+00 1.054748334143337625e-07 -1.995233717343841029e+00 1.648839286731831312e+09
8.289509923594303711e-04 -1.948517367973286785e+00 -2.182888631359808151e+00 7.842410924767534815e-13 -4.151950830914660884e+00 1.648839286731979847e+09
8.289509923594303711e-04 -1.948517367973286785e+00 -2.182888631359808151e+00 7.842410924767534815e-13 -4.151950830914660884e+00 1.648839286731979847e+09
8.359172896070895436e-04 -1.937413202674876489e+00 -2.189780793001533610e+00 7.165910171123797528e-14 -1.620337873484173130e+00 1.648839286732537270e+09
8.359172896070895436e-04 -1.937413202674876489e+00 -2.189780793001533610e+00 7.165910171123797528e-14 -1.620337873484173130e+00 1.648839286732537270e+09
8.361841255159072539e-04 -1.936862586352043891e+00 -2.202291409260551447e+00 4.144472554493452935e-14 -3.984008787817994168e+00 1.648839286733542919e+09
8.361841255159072539e-04 -1.936862586352043891e+00 -2.202291409260551447e+00 4.144472554493452935e-14 -3.984008787817994168e+00 1.648839286733542919e+09
8.338778255871657011e-04 -1.937707353026670853e+00 -2.215428535103641128e+00 4.155481752807723111e-15 -7.168866857262132797e-01 1.648839286733865023e+09
8.249300686448816401e-04 -1.948910875072943139e+00 -2.151923990206161985e+00 3.857011591461609021e-15 -2.000663695295914479e-01 1.648839286733961344e+09
8.271254593057923536e-04 -1.944473171436164938e+00 -2.186155791105820256e+00 6.434725733891123624e-13 -2.962792096254637464e+00 1.648839286734347582e+09
8.271254593057923536e-04 -1.944473171436164938e+00 -2.186155791105820256e+00 6.434725733891123624e-13 -2.962792096254637464e+00 1.648839286734347582e+09
8.342741326953756042e-04 -1.940229987126766753e+00 -2.171839227294410701e+00 1.075906121061146557e-13 -7.701123577401290277e+00 1.648839286734841824e+09
8.333074246089479734e-04 -1.938724772332805157e+00 -2.169704675478487665e+00 7.112312150751114047e-11 -5.957879393703269244e+00 1.648839286734997511e+09
8.333074246089479734e-04 -1.938724772332805157e+00 -2.169704675478487665e+00 7.112312150751114047e-11 -5.957879393703269244e+00 1.648839286734997511e+09
8.309327657025205325e-04 -1.945866426286830597e+00 -2.171870944714382023e+00 7.738504683274452525e-15 -6.966623265227257278e+00 1.648839286735450506e+09
8.340761894382028646e-04 -1.938061628390952196e+00 -2.174601014571594160e+00 3.746260222414302736e-13 -6.781305419940198753e+00 1.648839286735917330e+09
8.340761894382028646e-04 -1.938061628390952196e+00 -2.174601014571594160e+00 3.746260222414302736e-13 -6.781305419940198753e+00 1.648839286735917330e+09
8.241261451381319851e-04 -1.952134759305820477e+00 -2.157449895816802687e+00 5.051488904088211176e-08 -4.489493438624725385e-01 1.648839286736180067e+09
8.317635479480326626e-04 -1.943428171812449534e+00 -2.234636270514520184e+00 2.455756640474554764e-15 -1.078910846274321322e+00 1.648839286736197233e+09
8.262467892071439623e-04 -1.946803917196956668e+00 -2.152374782300237932e+00 1.340783795023025778e-08 -3.383237687363329194e+00 1.648839286736507893e+09
8.249908113367283250e-04 -1.950528418187156499e+00 -2.204485694303145227e+00 7.853176166580152531e-15 -1.077009202413019118e+00 1.648839286736647367e+09
8.291217356651461434e-04 -1.948203332071078320e+00 -2.174480360046926908e+00 1.719907808821784859e-14 -1.479222604615761938e-01 1.648839286738877535e+09
8.268838996865129432e-04 -1.949008839785915104e+00 -2.154058562763595752e+00 2.830469935243324867e-07 -4.284575751625556705e+00 1.648839286739090443e+09
8.268838996865129432e-04 -1.949008839785915104e+00 -2.154058562763595752e+00 2.830469935243324867e-07 -4.284575751625556705e+00 1.648839286739090443e+09
8.228581504286105281e-04 -1.951636665271649473e+00 -2.175201299222750073e+00 2.275090059721697096e-14 -6.901963706318960945e+00 1.648839286739315510e+09
8.228581504286105281e-04 -1.951636665271649473e+00 -2.175201299222750073e+00 2.275090059721697096e-14 -6.901963706318960945e+00 1.648839286739315510e+09
8.344112648433242097e-04 -1.937347277594536843e+00 -2.183692715543489982e+00 7.181022494890447261e-08 -3.416392148718449207e+00 1.648839286740048170e+09
8.357274439590868086e-04 -1.937908165470274557e+00 -2.186766400935895582e+00 5.392963237980982267e-11 -2.609336394850603646e+00 1.648839286740370989e+09
8.240439639474563590e-04 -1.952363617714507171e+00 -2.186338478146673481e+00 4.336350731104323437e-15 -5.710784579090117496e+00 1.648839286741512775e+09
8.328134721685773048e-04 -1.943762149198884126e+00 -2.193120943049236882e+00 2.370480788772118696e-10 -7.316203199017703440e-01 1.648839286743105412e+09
8.235756004522899959e-04 -1.951488602276683748e+00 -2.189325552327881397e+00 1.860635873013840473e-12 -6.423577609554686596e+00 1.648839286744734764e+09
8.350137745212954160e-04 -1.937826661893140789e+00 -2.178714863226357323e+00 2.245167153646014418e-12 -5.592771403286389997e+00 1.648839286745200872e+09
8.327328226963415887e-04 -1.940481421324654399e+00 -2.160846311961889032e+00 1.252412392181072737e-09 -1.130209039953162353e+00 1.648839286745463610e+09
8.252076017766929320e-04 -1.947275227567023093e+00 -2.163323847946513556e+00 1.942273592711101695e-10 -2.574158383462165745e+00 1.648839286747740269e+09
8.361285065661078555e-04 -1.937692863656514275e+00 -2.202685007161920172e+00 3.410209510682093281e-11 -5.670442106821891315e+00 1.648839286748091221e+09
8.274682090655935450e-04 -1.948668716043406413e+00 -2.216957856639590219e+00 1.972901506544340664e-15 -6.632249432001939837e+00 1.648839286748591423e+09
8.236813748068828401e-04 -1.952106421789878921e+00 -2.189217224839357989e+00 6.648697126197708019e-11 -6.686230045976088832e+00 1.648839286748882294e+09
8.274514947489995708e-04 -1.944090638159809092e+00 -2.187149772861504804e+00 3.301908949829456818e-12 -4.815396919132416187e+00 1.648839286749740839e+09
8.357004985694322513e-04 -1.938485703194976928e+00 -2.216475803960613611e+00 2.904996377696222277e-11 -3.251209678420234894e-01 1.648839286751081228e+09
8.294544972554210608e-04 -1.943843156632590219e+00 -2.231417543451168939e+00 5.426953353164021671e-10 -3.948506586290783993e+00 1.648839286751446486e+09
8.294544972554210608e-04 -1.943843156632590219e+00 -2.231417543451168939e+00 5.426953353164021671e-10 -3.948506586290783993e+00 1.648839286751446486e+09
8.340851901316140467e-04 -1.937712347014398429e+00 -2.202361209442848189e+00 2.630491099964416316e-07 -3.521794118073551694e+00 1.648839286751838207e+09
8.353552702768772412e-04 -1.939296129861959983e+00 -2.188497752531933127e+00 9.208285595545568605e-13 -3.649769631637723499e+00 1.648839286751963854e+09
8.348880694204772806e-04 -1.936960838893321046e+00 -2.209955781589052037e+00 3.379865187685303265e-12 -5.149378976414901388e+00 1.648839286752067089e+09
8.262142197855521994e-04 -1.946946867720562135e+00 -2.208966862246202201e+00 3.425969689931125839e-12 -6.717341989145158898e+00 1.648839286752206087e+09
8.310071209474382973e-04 -1.944354294833811281e+00 -2.232856621733598335e+00 1.211066025179404578e-10 -1.977826848720859232e+00 1.648839286752694368e+09
8.320056100102254113e-04 -1.943400779347975726e+00 -2.231702823183402629e+00 1.618208931269156615e-14 -3.401805280983198898e-01 1.648839286753495216e+09
8.269884898635940966e-04 -1.945999424271675826e+00 -2.214037703509552646e+00 6.900972448035705729e-14 -1.719015591360776973e+00 1.648839286753574848e+09
8.288879652731779516e-04 -1.948471158400572278e+00 -2.176269105009469573e+00 1.457336029498762727e-14 -1.775404461805903722e+00 1.648839286754053593e+09
8.303345022710720193e-04 -1.946494376286276529e+00 -2.169434724949212967e+00 4.885783450863280913e-14 -2.569227629446663386e+00 1.648839286754403830e+09
8.352385487899922651e-04 -1.936715496111395707e+00 -2.201818173617184016e+00 9.073427696145083413e-12 -4.330199374835034476e+00 1.648839286755089283e+09
8.352385487899922651e-04 -1.936715496111395707e+00 -2.201818173617184016e+00 9.073427696145083413e-12 -4.330199374835034476e+00 1.648839286755089283e+09
8.240666980971237624e-04 -1.950348781021414846e+00 -2.193894844665707833e+00 1.124832654284997198e-11 -4.789767308166101856e-01 1.648839286755673170e+09
8.240666980971237624e-04 -1.950348781021414846e+00 -2.193894844665707833e+00 1.124832654284997198e-11 -4.789767308166101856e-01 1.648839286755673170e+09
8.307460753858212201e-04 -1.946897341885967414e+00 -2.181246418954244426e+00 2.251114621080611993e-07 -4.570897545092787340e+00 1.648839286756164789e+09
8.268254918905532450e-04 -1.946289393906704301e+00 -2.213801068672212047e+00 5.047051377751858820e-15 -6.759740928385990166e+00 1.648839286756178856e+09
8.263470951520799626e-04 -1.946184512253867238e+00 -2.193671988967086151e+00 1.059717032809698431e-06 -1.165903134395738228e+00 1.648839286756535292e+09
8.283498357582303427e-04 -1.948294983080599119e+00 -2.159622809312240932e+00 4.348092133150540187e-10 -4.417432022428369187e+00 1.648839286756863117e+09
8.283498357582303427e-04 -1.948294983080599119e+00 -2.159622809312240932e+00 4.348092133150540187e-10 -4.417432022428369187e+00 1.648839286756863117e+09
8.245035111273620911e-04 -1.950285310775969227e+00 -2.199894962220745320e+00 1.521601119228059441e-14 -5.498563431182613037e+00 1.648839286758250475e+09
8.245035111273620911e-04 -1.950285310775969227e+00 -2.199894962220745320e+00 1.521601119228059441e-14 -5.498563431182613037e+00 1.648839286758250475e+09
8.282979471490589185e-04 -1.943002505694187754e+00 -2.180532346147967537e+00 2.503214558175577813e-13 -1.280761355963884185e-01 1.648839286759229183e+09
8.247722000750362745e-04 -1.947966894498617707e+00 -2.163377489312594548e+00 4.082268686506484879e-14 -7.687289020998858469e+00 1.648839286759648323e+09
8.247722000750362745e-04 -1.947966894498617707e+00 -2.163377489312594548e+00 4.082268686506484879e-14 -7.687289020998858469e+00 1.648839286759648323e+09
8.349213719230522222e-04 -1.937475572102562937e+00 -2.222669784646563507e+00 5.518007278700668350e-10 -5.603997596144171922e+00 1.648839286759684324e+09
8.349213719230522222e-04 -1.937475572102562937e+00 -2.222669784646563507e+00 5.518007278700668350e-10 -5.603997596144171922e+00 1.648839286759684324e+09
8.336707101108201947e-04 -1.939265246706946888e+00 -2.167357241775512922e+00 1.302390547923442023e-10 -1.209025342516364177e+00 1.648839286760837317e+09
8.265126742497524428e-04 -1.950873213741488588e+00 -2.173399102511180292e+00 4.306526022221399606e-13 -7.655833900128484970e+00 1.648839286760962248e+09
8.265126742497524428e-04 -1.950873213741488588e+00 -2.173399102511180292e+00 4.306526022221399606e-13 -7.655833900128484970e+00 1.648839286760962248e+09
8.252741451099060519e-04 -1.951938370055583460e+00 -2.171651550409639420e+00 1.128120176968999153e-10 -5.627708965523824602e+00 1.648839286761878490e+09
8.265915134277428133e-04 -1.945808959683111405e+00 -2.201984039027381712e+00 8.039747747999434872e-12 -7.435468076079409627e+00 1.648839286762014151e+09
8.324713245755952342e-04 -1.943409085000654235e+00 -2.169765640406823959e+00 4.367422058974227016e-12 -5.853780623758948920e+00 1.648839286762267828e+09
8.243245725971567323e-04 -1.951816795779660829e+00 -2.157533303647102496e+00 7.355758339068363220e-14 -3.067325359121066519e+00 1.648839286762687206e+09
8.243245725971567323e-04 -1.951816795779660829e+00 -2.157533303647102496e+00 7.355758339068363220e-14 -3.067325359121066519e+00 1.648839286762687206e+09
8.382528429958489586e-04 -1.934759446782488013e+00 -2.213950786456014619e+00 7.746694176309407246e-08 -5.035887768555410204e+00 1.648839286763213396e+09
8.359517885265533308e-04 -1.937060144609678902e+00 -2.209937453991916101e+00 1.038781478560451977e-09 -9.692693601739401643e-01 1.648839286763742208e+09
8.256071650362196198e-04 -1.946770105831064468e+00 -2.186801672739343338e+00 1.048332268074443821e-14 -7.811094605462100660e+00 1.648839286763793230e+09
8.263290543411152623e-04 -1.948408609135872549e+00 -2.211856457497721085e+00 4.656644433055562026e-07 -1.863378457039353897e+00 1.648839286765066385e+09
8.336943696549742235e-04 -1.941016317637235034e+00 -2.169184404331033544e+00 1.452417899376318420e-09 -1.040075994285984962e-01 1.648839286765208960e+09
8.330468870352687434e-04 -1.938215585732841362e+00 -2.203796059494851356e+00 4.627141386423794716e-08 -2.902833184592718219e+00 1.648839286765237093e+09
8.271584771814657119e-04 -1.944491084207973230e+00 -2.184976319124363631e+00 5.154280644211260274e-15 -6.930606968588538308e+00 1.648839286765324831e+09
8.245684347452954515e-04 -1.952350906827997168e+00 -2.179239159511009660e+00 9.099602074457898781e-14 -5.023478967356123093e+00 1.648839286766169310e+09
8.352323001198931184e-04 -1.937246824759272013e+00 -2.186131180161893006e+00 3.940365545215604939e-15 -7.526140139438585841e+00 1.648839286767148972e+09
8.281218883999940002e-04 -1.944282745242255528e+00 -2.215127038182597374e+00 3.832467040025320566e-11 -3.499159698850522027e+00 1.648839286767964602e+09
8.281218883999940002e-04 -1.944282745242255528e+00 -2.215127038182597374e+00 3.832467040025320566e-11 -3.499159698850522027e+00 1.648839286767964602e+09
8.257537140213470732e-04 -1.948981300153479257e+00 -2.148862395651159662e+00 3.223155876363457305e-09 -5.023887208787319203e+00 1.648839286768080235e+09
8.310953023544937748e-04 -1.945626588852098049e+00 -2.211059295824711501e+00 1.333166264504334079e-12 -1.270736510735857472e+00 1.648839286769013643e+09
8.257047203417364764e-04 -1.951570930943592685e+00 -2.174538487371608930e+00 1.365900586640451586e-11 -2.146063372442145400e+00 1.648839286769353628e+09
8.257047203417364764e-04 -1.951570930943592685e+00 -2.174538487371608930e+00 1.365900586640451586e-11 -2.146063372442145400e+00 1.648839286769353628e+09
8.301536081637356582e-04 -1.945626680085380977e+00 -2.227810763441187891e+00 4.443131347826074276e-12 -9.413457150705735188e-01 1.648839286769577503e+09
8.301536081637356582e-04 -1.945626680085380977e+00 -2.227810763441187891e+00 4.443131347826074276e-12 -9.413457150705735188e-01 1.648839286769577503e+09
8.254294096271345407e-04 -1.946882913299533557e+00 -2.178863859857850915e+00 6.938007419453128727e-12 -2.574387104633958145e+00 1.648839286769840002e+09
8.254294096271345407e-04 -1.946882913299533557e+00 -2.178863859857850915e+00 6.938007419453128727e-12 -2.574387104633958145e+00 1.648839286769840002e+09
8.295889201647410876e-04 -1.941459579849020844e+00 -2.184228359409758902e+00 1.502942558982590399e-09 -5.154457605671915132e+00 1.648839286771238565e+09
8.354858708522668867e-04 -1.936801861996877872e+00 -2.207286584877195423e+00 1.737213027341653071e-11 -6.157334614378767945e+00 1.648839286772001505e+09
8.356195312922897953e-04 -1.938329550182172012e+00 -2.188645559299378984e+00 2.635893431430457601e-12 -6.169917023344262397e+00 1.648839286772221804e+09
8.359294329511988845e-04 -1.938096790345844811e+00 -2.200509741434121036e+00 2.310874478015546635e-15 -2.311879515350776515e+00 1.648839286772410393e+09
8.340930943880862664e-04 -1.941803968081545095e+00 -2.200355004550774041e+00 2.434133486665485320e-10 -1.204732968235970425e+00 1.648839286772525549e+09
8.340930943880862664e-04 -1.941803968081545095e+00 -2.200355004550774041e+00 2.434133486665485320e-10 -1.204732968235970425e+00 1.648839286772525549e+09
8.321586720309295457e-04 -1.944312125585881512e+00 -2.178428180764353073e+00 4.126024261154106622e-07 -3.411991452375744416e+00 1.648839286772971153e+09
8.260472891763743618e-04 -1.946503766021840054e+00 -2.158090235342406071e+00 3.708223897854577052e-09 -3.548883006825965580e+00 1.648839286773151636e+09
8.335036097744259178e-04 -1.938430183398076379e+00 -2.221539691904169000e+00 9.744292512368514441e-14 -3.531591763893562330e-01 1.648839286773367167e+09
8.292611466343167504e-04 -1.942711702909158733e+00 -2.215474203648053031e+00 4.893787934600655503e-14 -7.963947879321914947e+00 1.648839286774719477e+09
8.304620187591275167e-04 -1.946644285955594800e+00 -2.197633466032357319e+00 1.015466256375082017e-14 -4.579103462301750582e+00 1.648839286775371313e+09
8.348335807228108706e-04 -1.940485549087213046e+00 -2.208283946462374470e+00 2.007880132199044623e-10 -1.471029266005015046e+00 1.648839286776770353e+09
8.290681614914586313e-04 -1.948104608005314375e+00 -2.199939693166996779e+00 1.159202457966214560e-15 -1.559018640683798473e+00 1.648839286777266741e+09
8.290681614914586313e-04 -1.948104608005314375e+00 -2.199939693166996779e+00 1.159202457966214560e-15 -1.559018640683798473e+00 1.648839286777266741e+09
8.319206723231082007e-04 -1.941384101766125969e+00 -2.235796579349528912e+00 2.822409718568055329e-13 -5.940143313081911458e+00 1.648839286778280020e+09
8.289350368120183225e-04 -1.942320887149872721e+00 -2.189437524243338373e+00 1.474388342839683408e-11 -6.254501987737786095e-01 1.648839286778716564e+09
8.279257499393738104e-04 -1.945290393311235766e+00 -2.222222443252094060e+00 1.495413215356143243e-10 -5.832573894131710901e+00 1.648839286779000998e+09
8.286340496083422500e-04 -1.944664066756426335e+00 -2.226415140356376998e+00 4.614132231342416153e-13 -1.075364417726016875e+00 1.648839286779162645e+09
8.286340496083422500e-04 -1.944664066756426335e+00 -2.226415140356376998e+00 4.614132231342416153e-13 -1.075364417726016875e+00 1.648839286779162645e+09
8.258690012104847461e-04 -1.946429705697282575e+00 -2.163521391227857471e+00 9.351951577611121994e-11 -5.235118557203131573e+00 1.648839286781106949e+09
8.250288369339645175e-04 -1.951555764152386407e+00 -2.160173871427877756e+00 1.042313337657153791e-11 -2.799327728504083623e+00 1.648839286781228781e+09
8.250288369339645175e-04 -1.951555764152386407e+00 -2.160173871427877756e+00 1.042313337657153791e-11 -2.799327728504083623e+00 1.648839286781228781e+09
8.261954448552640082e-04 -1.948959160442125249e+00 -2.150816909120880194e+00 4.185458943897442411e-15 -1.955952773999693584e+00 1.648839286781259298e+09
8.340621364718017391e-04 -1.937548710407470010e+00 -2.187394089701276911e+00 1.505418321682308924e-13 -1.391230392900975055e+00 1.648839286781380653e+09
8.320111408793860784e-04 -1.944415159756300193e+00 -2.213531147138746213e+00 6.159702549463010295e-11 -2.024958565953899559e+00 1.648839286781749964e+09
8.356746137783589842e-04 -1.937024566650193291e+00 -2.210617463157912077e+00 1.476249499473743988e-11 -2.162826852954485624e+00 1.648839286781839371e+09
8.351344282939262209e-04 -1.939889849583895653e+00 -2.208788613896703001e+00 4.842615463744598875e-13 -1.042500313473908591e-01 1.648839286783428907e+09
8.361864158747396407e-04 -1.941376873527671076e+00 -2.164313862981443570e+00 2.753146295505992882e-09 -7.370638262133728524e+00 1.648839286783716202e+09
8.323792791937574759e-04 -1.944220811116696535e+00 -2.189040247965544861e+00 9.870583939643186328e-14 -6.718807998814196658e+00 1.648839286784181595e+09
8.323792791937574759e-04 -1.944220811116696535e+00 -2.189040247965544861e+00 9.870583939643186328e-14 -6.718807998814196658e+00 1.648839286784181595e+09
8.301347242531030785e-04 -1.945613981333903508e+00 -2.231796964979543052e+00 2.705004819430779313e-10 -6.777998619423890148e+00 1.648839286784579754e+09
8.231270732168818795e-04 -1.951739332012830008e+00 -2.178945913695612191e+00 2.772884985991670668e-10 -1.365419908053512543e+00 1.648839286784667253e+09
8.350088587222974108e-04 -1.936977164718442612e+00 -2.206920559297172346e+00 2.201769060480134887e-12 -7.216320756740158160e+00 1.648839286784691095e+09
8.355096774603718848e-04 -1.938261220098676851e+00 -2.186877191649050367e+00 2.217376363312152228e-13 -3.870832185891682542e+00 1.648839286785640478e+09
8.319958467889242235e-04 -1.943742465949567899e+00 -2.165902338634032809e+00 1.280644970305016986e-14 -5.641569953250769487e+00 1.648839286786292791e+09
8.290962215148715278e-04 -1.945679790167577528e+00 -2.230668605646647151e+00 3.542607834859839087e-14 -1.581405145407051904e+00 1.648839286786302567e+09
8.313842498188613516e-04 -1.945481791877753608e+00 -2.201045206933111675e+00 3.167668407657671228e-12 -6.998355862104109093e+00 1.648839286786415339e+09
8.246377704706543167e-04 -1.950036500950445006e+00 -2.200100842260551026e+00 2.470775727751964038e-10 -5.192191573918512937e+00 1.648839286786689520e+09
8.304538654680556058e-04 -1.945155493577473971e+00 -2.228907191067074578e+00 6.138694425072343427e-08 -1.272189936169961122e+00 1.648839286786798239e+09
8.314923446853154194e-04 -1.940144898784636363e+00 -2.168309501911501957e+00 1.877127097437785622e-15 -3.575203365962192237e+00 1.648839286786891937e+09
8.341956417814468117e-04 -1.939572282071536646e+00 -2.171105034866851469e+00 2.134067458699106865e-12 -4.080301008577965405e+00 1.648839286787259102e+09
8.341956417814468117e-04 -1.939572282071536646e+00 -2.171105034866851469e+00 2.134067458699106865e-12 -4.080301008577965405e+00 1.648839286787259102e+09
8.325618211605696631e-04 -1.943994983566469603e+00 -2.197348867136379891e+00 3.826257063388157936e-13 -2.728708484847438775e+00 1.648839286787373304e+09
8.313638836792992251e-04 -1.941063944439111122e+00 -2.228566839444908076e+00 3.211975476562341200e-15 -6.655809408822180195e+00 1.648839286787396908e+09
8.246556943616379417e-04 -1.948916284729054649e+00 -2.193334983545808470e+00 5.536944841913907236e-12 -4.122538136585779611e+00 1.648839286788408279e+09
8.246556943616379417e-04 -1.948916284729054649e+00 -2.193334983545808470e+00 5.536944841913907236e-12 -4.122538136585779611e+00 1.648839286788408279e+09
8.320918568685187113e-04 -1.940865234281178964e+00 -2.172477472523719477e+00 9.653803348392613406e-07 -2.153922173289855024e+00 1.648839286788537979e+09
8.341182871927096216e-04 -1.941615754473178912e+00 -2.208435276576603989e+00 7.705233843103394322e-09 -1.339082624399799748e+00 1.648839286790453196e+09
8.315641965779883935e-04 -1.939581865929384641e+00 -2.200590056726557275e+00 6.717823312380947247e-15 -8.800041154085125328e-02 1.648839286790764570e+09
8.233415384604767309e-04 -1.951454427210521203e+00 -2.159495742497714144e+00 8.848862275057295961e-14 -1.935849271502823044e-01 1.648839286790972948e+09
8.230284508316574417e-04 -1.951503120571340899e+00 -2.165598410145257446e+00 5.362010074839779707e-14 -7.207110571894965290e+00 1.648839286791882277e+09
8.256257452455076362e-04 -1.951535857935488671e+00 -2.181528573390215886e+00 1.097651621084349006e-09 -4.227816617357387230e+00 1.648839286792036057e+09
8.356247630908137172e-04 -1.937439396703707351e+00 -2.215053343120378937e+00 5.639338738906293181e-14 -1.979471010834636502e+00 1.648839286792188406e+09
8.261850792785829442e-04 -1.950240224056121852e+00 -2.203455203580259258e+00 7.913156863476065919e-11 -3.429382575027724478e+00 1.648839286792932987e+09
8.261336075205483534e-04 -1.947451447258508495e+00 -2.209770269185206804e+00 1.108884189089692085e-14 -4.826047604339631647e+00 1.648839286794309139e+09
8.283490623211346151e-04 -1.945546741536882340e+00 -2.215862038085328667e+00 5.131216952721133967e-07 -2.891690331040618567e+00 1.648839286794434071e+09
8.252809341946204915e-04 -1.945720453365749281e+00 -2.173746568910676746e+00 2.040378629104096640e-09 -6.792972047344767006e+00 1.648839286794798374e+09
8.302386896441289830e-04 -1.944978613067426920e+00 -2.231319282003080495e+00 5.131120112784282615e-15 -4.702506646326492401e+00 1.648839286795059443e+09
8.331192825615314681e-04 -1.942968338688858099e+00 -2.212116651151243119e+00 2.901323036506698596e-13 -6.657664384326201557e+00 1.648839286796473980e+09
8.249506781156717636e-04 -1.948996074637557196e+00 -2.152555568300532407e+00 1.898887331182519456e-10 -6.249465008171799951e+00 1.648839286797261953e+09
8.249506781156717636e-04 -1.948996074637557196e+00 -2.152555568300532407e+00 1.898887331182519456e-10 -6.249465008171799951e+00 1.648839286797261953e+09
8.319600426243822918e-04 -1.941614917588901257e+00 -2.235823430348795604e+00 4.464452810472735045e-12 -1.471477234684667401e+00 1.648839286797270536e+09
8.279319480971218193e-04 -1.949423670029424294e+00 -2.185442823924415912e+00 2.783327126976174441e-13 -3.803870304575217354e+00 1.648839286797399759e+09
8.279319480971218193e-04 -1.949423670029424294e+00 -2.185442823924415912e+00 2.783327126976174441e-13 -3.803870304575217354e+00 1.648839286797399759e+09
8.346077657114845750e-04 -1.939967827356424923e+00 -2.224012669809600773e+00 8.691161680096828252e-11 -2.695052969104700047e+00 1.648839286797846794e+09
8.331096829148694656e-04 -1.942334155032054754e+00 -2.171609785058375763e+00 9.123741370383617699e-10 -2.416337960546917074e+00 1.648839286798109770e+09
8.358008427179775815e-04 -1.937453586697842178e+00 -2.195432617423159094e+00 4.051894945985344575e-13 -5.609430508775428592e+00 1.648839286798713446e+09
8.343623461731290670e-04 -1.940487901029714468e+00 -2.178490484708266450e+00 1.602050719068396428e-15 -1.999144794627995658e+00 1.648839286798772335e+09
8.322173742714169230e-04 -1.939691815033810052e+00 -2.168170109963467151e+00 1.090315348340894487e-10 -1.869316973414187011e+00 1.648839286799002886e+09
8.303615328076158989e-04 -1.946356486756919857e+00 -2.169792382411860121e+00 1.296505681190484019e-12 -7.271446596262522988e+00 1.648839286799876451e+09
8.248083944644007135e-04 -1.950087564092579884e+00 -2.201022687186315441e+00 6.183516684147352155e-13 -3.275482246291082866e+00 1.648839286800240040e+09
8.302531719082050995e-04 -1.946111457953532797e+00 -2.218527297247730345e+00 1.693278462246774237e-11 -5.511726960807896702e-01 1.648839286801435709e+09
8.227131877204914767e-04 -1.951894802985016941e+00 -2.167400746929549982e+00 2.827640418358957691e-11 -7.897803708244582666e+00 1.648839286801499367e+09
8.350841012406849326e-04 -1.939882276884139278e+00 -2.211132202611666209e+00 4.859325784363737378e-08 -6.609955863313077273e-01 1.648839286803003311e+09
8.328926272806874698e-04 -1.942820706398368458e+00 -2.170321626980339147e+00 1.703432753172689318e-09 -5.361475293474715187e+00 1.648839286805113792e+09
8.268648049393058190e-04 -1.945601142166022868e+00 -2.202932812986768685e+00 2.793789778424749298e-12 -4.421763817273480335e+00 1.648839286805841208e+09
8.281804204874503895e-04 -1.946369738526335880e+00 -2.226322955521869318e+00 3.470549105311426551e-14 -6.746789706399587416e+00 1.648839286806380749e+09
8.297516058800052290e-04 -1.941496438738306463e+00 -2.193713639707849161e+00 1.842995479472574991e-08 -2.720310328880202633e+00 1.648839286806780338e+09
8.309706261581740246e-04 -1.945998144912802319e+00 -2.188444760296615943e+00 5.218361599368184368e-12 -2.503320611447891864e+00 1.648839286808295012e+09
8.325648518270022114e-04 -1.941211491147621038e+00 -2.235219027450475959e+00 1.996789074977426499e-12 -5.236541273322899315e+00 1.648839286809383392e+09
8.325415000627652950e-04 -1.943963960208087816e+00 -2.195154358309227227e+00 1.914536503571435536e-12 -5.294697315441052154e+00 1.648839286810125113e+09
8.334684553775337191e-04 -1.941825666445491816e+00 -2.224168581512015130e+00 1.852887673940580279e-14 -9.466813529472011268e-01 1.648839286811414003e+09
8.291561194940392848e-04 -1.947785331376093554e+00 -2.168766321224691929e+00 2.479833883749754228e-14 -2.488606818853904556e-01 1.648839286812221527e+09
8.297021822397531061e-04 -1.941670104960016685e+00 -2.200174011013156239e+00 4.291196185190798524e-14 -1.158058505282872908e+00 1.648839286812389374e+09
8.356329832403924232e-04 -1.938195412122930561e+00 -2.192934270364616189e+00 1.737975445246483801e-09 -9.981169096150619424e-01 1.648839286813404083e+09
8.318643746110730404e-04 -1.939425801731566645e+00 -2.180144446913956813e+00 1.097860991687740804e-14 -6.296828781475372949e+00 1.648839286813882828e+09
8.348237656184717779e-04 -1.938008046250885741e+00 -2.180713208232838429e+00 1.105944133704116002e-13 -6.449055065856006408e-01 1.648839286814253330e+09
8.348237656184717779e-04 -1.938008046250885741e+00 -2.180713208232838429e+00 1.105944133704116002e-13 -6.449055065856006408e-01 1.648839286814253330e+09
8.342951387226055400e-04 -1.939785356346496847e+00 -2.173840049750251691e+00 1.145218110454715326e-14 -4.066256903639395404e+00 1.648839286814605951e+09
8.249221877428547511e-04 -1.947792818491765443e+00 -2.162309628043611376e+00 2.963816292182697223e-09 -5.067049888326907947e+00 1.648839286814755201e+09
8.343838023444784648e-04 -1.940807305237036262e+00 -2.184545103481445594e+00 2.196978968268849480e-14 -1.946432501308494878e+00 1.648839286815775394e+09
8.304767620310895106e-04 -1.945668798160297364e+00 -2.221182314966392291e+00 5.170295257326430018e-14 -2.513936210305305785e+00 1.648839286816104174e+09
8.219868707359900654e-04 -1.952848458008598076e+00 -2.197366169977351458e+00 8.056356072678891571e-09 -5.953833895758014805e+00 1.648839286816848040e+09
8.245984742612842786e-04 -1.951856839611838534e+00 -2.162063692940884518e+00 4.473067839496934044e-11 -1.487646016803592097e+00 1.648839286816978693e+09
8.233114701567460737e-04 -1.951230566954413215e+00 -2.162435811760536009e+00 4.177762374163285808e-11 -3.921958953795233960e+00 1.648839286817388058e+09
8.230352205842148038e-04 -1.952060938657906863e+00 -2.167028791571074642e+00 2.242560541253622831e-12 -6.743424853684751419e+00 1.648839286817838430e+09
8.316951781214741929e-04 -1.939774544498467090e+00 -2.210574894740304774e+00 5.052436641440790869e-15 -7.024104335515692021e+00 1.648839286820444822e+09
8.316951781214741929e-04 -1.939774544498467090e+00 -2.210574894740304774e+00 5.052436641440790869e-15 -7.024104335515692021e+00 1.648839286820444822e+09
8.269701061332550762e-04 -1.950313603568090803e+00 -2.180995572204972088e+00 1.930900408191048735e-10 -1.831031517140425890e+00 1.648839286820757627e+09
8.333824515830148220e-04 -1.938702904521811599e+00 -2.174190429922937096e+00 3.378237550674525351e-14 -7.585987234205813223e+00 1.648839286820883036e+09
8.325272672022665044e-04 -1.943943448690409026e+00 -2.192321814377229394e+00 1.888274116763108721e-15 -5.483794734001595117e+00 1.648839286821181297e+09
8.351432176816890769e-04 -1.939676162187876862e+00 -2.208384529144105102e+00 1.723714536742225707e-14 -1.966122420150255401e+00 1.648839286821449995e+09
8.351432176816890769e-04 -1.939676162187876862e+00 -2.208384529144105102e+00 1.723714536742225707e-14 -1.966122420150255401e+00 1.648839286821449995e+09
8.299537177577539756e-04 -1.943904037792004047e+00 -2.153326717958460090e+00 2.733409063744599612e-10 -1.266446560747993999e+00 1.648839286822007418e+09
8.299537177577539756e-04 -1.943904037792004047e+00 -2.153326717958460090e+00 2.733409063744599612e-10 -1.266446560747993999e+00 1.648839286822007418e+09
8.355061949603545752e-04 -1.938415309931693198e+00 -2.214221792296646285e+00 3.462912963294948073e-10 -2.968717795232135082e+00 1.648839286822732210e+09
8.340527956798084478e-04 -1.940414284069774009e+00 -2.173605150682320630e+00 3.589979075452119846e-11 -1.622732017701423501e+00 1.648839286824602365e+09
8.335038815861445585e-04 -1.942337929509793337e+00 -2.185086139229440949e+00 4.121334130844666486e-13 -2.912209700933647838e+00 1.648839286826418877e+09
8.320840237434596427e-04 -1.942285450863814766e+00 -2.160302877304745017e+00 1.405786179280531451e-14 -5.059142277261153176e+00 1.648839286826585054e+09
8.320840237434596427e-04 -1.942285450863814766e+00 -2.160302877304745017e+00 1.405786179280531451e-14 -5.059142277261153176e+00 1.648839286826585054e+09
8.247235158531988864e-04 -1.947869041794442424e+00 -2.199339001919762282e+00 6.587393161891059320e-10 -7.115875331943841253e+00 1.648839286826896429e+09
8.251891043016712935e-04 -1.947925837492202827e+00 -2.195036467126319391e+00 7.236664019712637692e-10 -5.757982870027428035e+00 1.648839286827187300e+09
8.269228790302459537e-04 -1.946635177184136589e+00 -2.215491677430598383e+00 6.225858012716884515e-09 -4.055675616014522866e+00 1.648839286827390909e+09
8.292114132032113926e-04 -1.943910869726427126e+00 -2.153687766601199982e+00 5.711765114159790771e-14 -7.684523046252866862e-02 1.648839286827428818e+09
8.258471608077711749e-04 -1.948513464226925507e+00 -2.151724622589859859e+00 2.044628412142100943e-08 -1.927546835019015248e+00 1.648839286828153610e+09
8.249289530452003213e-04 -1.951686516733077692e+00 -2.186120561250636474e+00 1.069384691058855920e-08 -1.892008361714878184e+00 1.648839286829270363e+09
8.334079433358104923e-04 -1.938448209411107293e+00 -2.178464535686194914e+00 5.773582248317600906e-15 -2.564761292207934140e+00 1.648839286831340075e+09
8.255195074235938471e-04 -1.950058257271413353e+00 -2.204157608306454463e+00 1.039861584119994495e-12 -1.611892544944665495e+00 1.648839286831569672e+09
8.248116862969629998e-04 -1.951947030148589723e+00 -2.167743684472772880e+00 3.413973299550083372e-14 -7.797963350314214281e-01 1.648839286831805229e+09
8.322599427506792956e-04 -1.941196032460684950e+00 -2.233826601292278280e+00 3.464476135885818367e-15 -6.802297799915780985e+00 1.648839286832089901e+09
8.322599427506792956e-04 -1.941196032460684950e+00 -2.233826601292278280e+00 3.464476135885818367e-15 -6.802297799915780985e+00 1.648839286832089901e+09
8.313670963944224572e-04 -1.944156872445479411e+00 -2.227423115388681651e+00 7.309895373572315639e-08 -1.358673311930258087e+00 1.648839286833097935e+09
8.247318275750498183e-04 -1.951250306673910417e+00 -2.157869297315453405e+00 9.716441733878068861e-13 -2.139513321875428531e+00 1.648839286834041834e+09
8.260688238453152161e-04 -1.946828116657219221e+00 -2.199424186588923469e+00 5.674479060194209944e-11 -4.314833762093408964e+00 1.648839286834846258e+09
8.260688238453152161e-04 -1.946828116657219221e+00 -2.199424186588923469e+00 5.674479060194209944e-11 -4.314833762093408964e+00 1.648839286834846258e+09
8.315362751934995142e-04 -1.940523641783355346e+00 -2.221719900510301215e+00 8.786375785079850433e-11 -5.182453557582112680e+00 1.648839286835611582e+09
8.310953752276784750e-04 -1.945771075839535902e+00 -2.194328731219401085e+00 6.501243199996523118e-11 -2.264343688611346828e+00 1.648839286836253643e+09
8.311439146033023891e-04 -1.945400816078739048e+00 -2.210438912300872971e+00 1.956353301928205972e-14 -2.780206434145426897e-01 1.648839286836352110e+09
8.256733890460144464e-04 -1.951016661378033312e+00 -2.162558063764504546e+00 6.379351734154367107e-12 -1.888569893380662279e+00 1.648839286836425304e+09
8.299209544856024764e-04 -1.947173122510720722e+00 -2.190973852579866321e+00 3.086751373625895875e-15 -3.118287718652440255e+00 1.648839286837157965e+09
8.299209544856024764e-04 -1.947173122510720722e+00 -2.190973852579866321e+00 3.086751373625895875e-15 -3.118287718652440255e+00 1.648839286837157965e+09
8.343094687185056155e-04 -1.939203591494251588e+00 -2.227392864740639133e+00 9.233928671250309814e-15 -3.019705184586211288e+00 1.648839286837368011e+09
8.343094687185056155e-04 -1.939203591494251588e+00 -2.227392864740639133e+00 9.233928671250309814e-15 -3.019705184586211288e+00 1.648839286837368011e+09
8.331973515531502367e-04 -1.941504573915523446e+00 -2.229644691162538273e+00 3.463269661978669269e-12 -4.527882435764953861e+00 1.648839286839581728e+09
8.315932956412996815e-04 -1.939612063901211547e+00 -2.191625963023147605e+00 1.428561931311852660e-11 -5.267916463097940039e+00 1.648839286841829062e+09
8.264960243168253777e-04 -1.945650959946077396e+00 -2.186226795827703739e+00 1.080747118041616174e-10 -2.024458059595021453e+00 1.648839286843218088e+09
8.264960243168253777e-04 -1.945650959946077396e+00 -2.186226795827703739e+00 1.080747118041616174e-10 -2.024458059595021453e+00 1.648839286843218088e+09
8.277059150350905359e-04 -1.947026680420084199e+00 -2.151489086000243134e+00 1.310215205537786607e-09 -3.324899506874863242e+00 1.648839286843922615e+09
8.282234651825325783e-04 -1.943313808512772134e+00 -2.177834042125318170e+00 7.181356185547767954e-15 -4.287242987174350262e+00 1.648839286843939781e+09
8.249555255993695204e-04 -1.949616111479935743e+00 -2.153741785110470985e+00 4.673484128692744637e-13 -3.933775970763051077e+00 1.648839286844077349e+09
8.289415792021874365e-04 -1.944046097679149598e+00 -2.206582494754283807e+00 1.780317120464557316e-06 -1.325339821267587759e+00 1.648839286844512224e+09
8.273538293251519191e-04 -1.946625752996081982e+00 -2.227238869521123377e+00 2.340331080468269194e-09 -5.924132673551165240e+00 1.648839286844535351e+09
8.347990679294093859e-04 -1.937706909160369140e+00 -2.215720731850262748e+00 5.621978970749556712e-11 -1.584533567199470916e+00 1.648839286844912529e+09
8.347990679294093859e-04 -1.937706909160369140e+00 -2.215720731850262748e+00 5.621978970749556712e-11 -1.584533567199470916e+00 1.648839286844912529e+09
8.237244213758591893e-04 -1.951504926456499867e+00 -2.184269544101558491e+00 2.696356112415585382e-12 -3.085138359574822076e+00 1.648839286845025063e+09
8.314359054307923508e-04 -1.939802431751587619e+00 -2.197041005926464230e+00 1.505614791936372709e-10 -4.838828103238475009e+00 1.648839286845086098e+09
8.314359054307923508e-04 -1.939802431751587619e+00 -2.197041005926464230e+00 1.505614791936372709e-10 -4.838828103238475009e+00 1.648839286845086098e+09
8.291293653423572338e-04 -1.947967352409254449e+00 -2.176158767098178792e+00 1.448569843327099940e-12 -2.724178209709390508e+00 1.648839286845438719e+09
8.292804148710860006e-04 -1.942176767211574395e+00 -2.196891639354137116e+00 2.976900110057032761e-12 -7.712254675455287867e+00 1.648839286845524788e+09
8.292804148710860006e-04 -1.942176767211574395e+00 -2.196891639354137116e+00 2.976900110057032761e-12 -7.712254675455287867e+00 1.648839286845524788e+09
8.243010112581795499e-04 -1.951205099358955808e+00 -2.191000393889468434e+00 3.851379577132760885e-10 -3.351310970859274541e+00 1.648839286846688509e+09
8.310652755749618021e-04 -1.945441910494467574e+00 -2.210951068854753565e+00 3.561829583583444654e-15 -6.113430935110648612e+00 1.648839286846954584e+09
8.356325970342967820e-04 -1.938185368866981229e+00 -2.204367217594491724e+00 1.338086368175628694e-11 -2.007879040240183599e+00 1.648839286847144365e+09
8.237992306061065351e-04 -1.951361191092434888e+00 -2.186209967855353042e+00 1.354369147167896005e-09 -4.553853183358762990e+00 1.648839286847342730e+09
8.346990604316457431e-04 -1.940220849266523828e+00 -2.213633927110594701e+00 1.270625834414516134e-14 -7.782247302675767031e+00 1.648839286847466230e+09
8.244263460308110577e-04 -1.952055426424892159e+00 -2.180383927947592948e+00 1.755092704266828669e-13 -4.253480214075371357e+00 1.648839286848007202e+09
8.255755456622795169e-04 -1.950507468360825225e+00 -2.199551038205191489e+00 3.459955473253034577e-14 -4.782353345279153345e+00 1.648839286848344803e+09
8.244636503678549454e-04 -1.951420763436157557e+00 -2.158896680696733128e+00 1.732483307989814728e-08 -1.814060741612418148e+00 1.648839286848528624e+09
8.340785405510034054e-04 -1.938215619307592563e+00 -2.219410992118883819e+00 1.531533450136529725e-10 -5.590440357687302964e+00 1.648839286849072218e+09
8.285741828462260062e-04 -1.942893300526622458e+00 -2.183593514831986049e+00 1.738593454306677926e-15 -4.620215536089387953e+00 1.648839286849105597e+09
8.263478669416674969e-04 -1.950638495521357818e+00 -2.167826520367001741e+00 2.434437039725084713e-08 -1.770445779417198828e+00 1.648839286849968195e+09
8.329634281893413383e-04 -1.943210052154349610e+00 -2.203344842549983973e+00 2.153195015263902143e-12 -3.986404953102923088e+00 1.648839286850097179e+09
8.325125861402522072e-04 -1.942696961042124304e+00 -2.227377980975790095e+00 2.344022924009151701e-11 -2.200392382483657983e+00 1.648839286850667715e+09
8.340775098742453809e-04 -1.937659018133973676e+00 -2.208924528217113270e+00 8.594586569376539668e-11 -6.889930292627004960e+00 1.648839286850869656e+09
8.312289300936164275e-04 -1.940230911429633220e+00 -2.175175077319463579e+00 6.699555570006178619e-12 -6.578749593274073604e-01 1.648839286850870848e+09
8.291412662492485958e-04 -1.946398122579337420e+00 -2.224163710353190826e+00 2.201119217488265756e-11 -2.682211216333697301e+00 1.648839286851735592e+09
8.353602966770453959e-04 -1.938589781488547992e+00 -2.214633614277882856e+00 3.242600934917016004e-11 -6.623437055435755560e+00 1.648839286851757288e+09
8.255517807388638562e-04 -1.947106169143537180e+00 -2.185369922859667469e+00 9.446954992557024636e-11 -8.407104950896373552e-01 1.648839286851943016e+09
8.274142593933975524e-04 -1.944637007282876695e+00 -2.196275695835188557e+00 9.995748762927985069e-10 -1.708927928461428714e+00 1.648839286852723122e+09
8.308738113071920941e-04 -1.943399875147101552e+00 -2.156433022937076505e+00 1.470693184164242556e-14 -4.208903637598503167e+00 1.648839286854075670e+09
8.232684647280623944e-04 -1.951388987140560305e+00 -2.171126444326343385e+00 4.473380632513713902e-13 -6.041941787929927088e+00 1.648839286854552746e+09
8.274086627035581168e-04 -1.948161094489449630e+00 -2.153913511793320357e+00 6.165402740288642228e-10 -3.867331137288632092e-01 1.648839286856018305e+09
8.250299881913694634e-04 -1.949887087289629450e+00 -2.154040218508184168e+00 5.341748379864640099e-12 -5.961752037315593888e+00 1.648839286857213974e+09
8.276026277422968190e-04 -1.947449100245435050e+00 -2.147642049931695496e+00 8.898854800039698564e-08 -4.145037215681832699e+00 1.648839286858808041e+09
8.320317338017960227e-04 -1.944448212110011731e+00 -2.202265025558519884e+00 2.484493902005627307e-12 -1.902598694591178585e+00 1.648839286860270977e+09
8.268354470741223457e-04 -1.945439739272116553e+00 -2.194042917837239148e+00 1.659487645826727833e-08 -1.998626629984414649e+00 1.648839286860427141e+09
8.238217033295668675e-04 -1.950109278772968802e+00 -2.164073785195747224e+00 5.078201408575937354e-15 -5.479356230436041919e+00 1.648839286861254692e+09
8.299915356655686261e-04 -1.945775097241870810e+00 -2.159631823943647166e+00 8.110401918661722579e-15 -5.781598058626301828e+00 1.648839286862481356e+09
8.336022189516140201e-04 -1.939306211869257890e+00 -2.226876887522393211e+00 1.280957613299971310e-14 -3.835354699294786229e-01 1.648839286862725735e+09
8.271827795195702947e-04 -1.946014476382293745e+00 -2.212306628745022152e+00 2.868653167812692397e-13 -4.930163284595731277e+00 1.648839286862940073e+09
8.249153662493091590e-04 -1.950400418412713943e+00 -2.198708636646691694e+00 4.483270964006818637e-10 -5.353913772961654161e+00 1.648839286864109755e+09
8.346584652560683215e-04 -1.937760677165456968e+00 -2.186654580799632708e+00 1.178331799152724026e-12 -3.106519608559080936e+00 1.648839286864884377e+09
8.327752183191872810e-04 -1.941432602667455987e+00 -2.231808300105529774e+00 3.908490173327343502e-13 -6.194266120713791679e-01 1.648839286865200520e+09
8.256006240956707690e-04 -1.948605920545486203e+00 -2.204513814186735754e+00 3.749982234518766448e-14 -1.899155857841130057e+00 1.648839286865566015e+09
8.297180792120173844e-04 -1.945029919658639583e+00 -2.230238820916636389e+00 2.666147432253538134e-08 -3.563529924841938978e+00 1.648839286866805792e+09
8.291552606227504171e-04 -1.942632903360972385e+00 -2.204856288127456043e+00 3.163052140606302165e-14 -1.344468157168770439e+00 1.648839286866855145e+09
8.291552606227504171e-04 -1.942632903360972385e+00 -2.204856288127456043e+00 3.163052140606302165e-14 -1.344468157168770439e+00 1.648839286866855145e+09
8.341644656492423412e-04 -1.938101250790157604e+00 -2.181710124068919399e+00 3.015702031697089554e-08 -7.139162470412401262e-01 1.648839286867132187e+09
8.245562558939122317e-04 -1.948957153823032584e+00 -2.185138199039446505e+00 2.113972908198164288e-09 -3.337853126305533991e+00 1.648839286867326736e+09
8.278758404127596181e-04 -1.946426563703091972e+00 -2.222405968218274186e+00 3.591065649259720549e-10 -5.160759994831041197e+00 1.648839286868775129e+09
8.289296937200845827e-04 -1.943808754673993944e+00 -2.240777361420484226e+00 3.039093171678110774e-09 -6.438933136732645224e+00 1.648839286868910074e+09
8.292661527963108127e-04 -1.942223868871476355e+00 -2.194647951507055161e+00 4.910580954349466681e-15 -1.320851270736721261e+00 1.648839286868997097e+09
8.292661527963108127e-04 -1.942223868871476355e+00 -2.194647951507055161e+00 4.910580954349466681e-15 -1.320851270736721261e+00 1.648839286868997097e+09
8.302134467915627328e-04 -1.941906922085969933e+00 -2.162475874250198604e+00 8.639889888126923931e-12 -4.851515006509448114e+00 1.648839286869711161e+09
8.230080949844009513e-04 -1.950394250397372131e+00 -2.159487303351790732e+00 3.374748186934362932e-09 -5.999892986575364517e+00 1.648839286870461226e+09
8.311731183490809072e-04 -1.942758890736318911e+00 -2.157548635786839419e+00 4.136395793147164401e-11 -3.985798131013920553e+00 1.648839286870588779e+09
8.337932118470573568e-04 -1.941295922318129197e+00 -2.178527624538649121e+00 2.472473060204457721e-15 -1.336164002023537023e+00 1.648839286870724916e+09
8.264821061263779960e-04 -1.948120632576472389e+00 -2.212778760306628456e+00 4.183331064734670622e-14 -4.236129002208420147e+00 1.648839286871238232e+09
8.264821061263779960e-04 -1.948120632576472389e+00 -2.212778760306628456e+00 4.183331064734670622e-14 -4.236129002208420147e+00 1.648839286871238232e+09
8.308583059651540028e-04 -1.943735311212124284e+00 -2.157335931104924942e+00 4.346065150668988688e-12 -6.780949816041051292e+00 1.648839286871300459e+09
8.231732241576220034e-04 -1.950690243038974092e+00 -2.161646497271197731e+00 7.166547923031570694e-10 -6.514426311515784107e+00 1.648839286872100353e+09
8.260961293182283397e-04 -1.946272838499203184e+00 -2.164736170372412172e+00 5.142458327573465516e-09 -4.510561895165376534e+00 1.648839286873077154e+09
8.379161297835525761e-04 -1.934131778711822847e+00 -2.237382594143277004e+00 5.225101352516289726e-09 -6.544715290462461255e+00 1.648839286873197079e+09
8.259186893838109172e-04 -1.947607272588058880e+00 -2.203009314270280683e+00 5.915015167474077501e-14 -7.595863181458500257e+00 1.648839286873666286e+09
8.325433153070169743e-04 -1.943769156482594296e+00 -2.191635845799721150e+00 1.214446920225510538e-11 -6.111533769742937494e+00 1.648839286873758316e+09
8.325433153070169743e-04 -1.943769156482594296e+00 -2.191635845799721150e+00 1.214446920225510538e-11 -6.111533769742937494e+00 1.648839286873758316e+09
8.347656122162594667e-04 -1.938276388243481918e+00 -2.180838107607255161e+00 4.416214254192399994e-11 -7.193990015309728925e+00 1.648839286873940229e+09
8.281446031755213075e-04 -1.947814158242332505e+00 -2.157190065487708974e+00 6.479341922452916183e-15 -2.434980631608458346e+00 1.648839286875178337e+09
8.247420801984209826e-04 -1.949997894873522597e+00 -2.196406470145619405e+00 5.425623839881453561e-11 -6.076400664389126405e+00 1.648839286875375509e+09
8.293529765894809384e-04 -1.943188383062965707e+00 -2.157992149490556066e+00 1.028560595426061196e-15 -6.094597463142054750e+00 1.648839286875458241e+09
8.260245148838183792e-04 -1.950995065781963911e+00 -2.176921962626183760e+00 1.884391622524526023e-15 -2.559831358103785703e-01 1.648839286875617504e+09
8.282407903784082823e-04 -1.948190161535166887e+00 -2.209666906735410663e+00 5.098730616016742913e-15 -7.325169542824004232e+00 1.648839286876166105e+09
8.281078041254960262e-04 -1.947714349279366708e+00 -2.156332681845131827e+00 7.145833411027788507e-15 -3.913697418462762201e+00 1.648839286876595736e+09
8.327507192100174361e-04 -1.938950262818907255e+00 -2.210815966209948691e+00 4.552690719420820568e-11 -9.850708693399052862e-01 1.648839286876615524e+09
8.235618976792643620e-04 -1.948911059427728354e+00 -2.181724264131473578e+00 1.297531523895813388e-08 -5.564096939432445765e+00 1.648839286877602577e+09
8.317379777027067000e-04 -1.944730893045595099e+00 -2.204369931926148496e+00 1.403480437829930029e-14 -7.880297048125950887e+00 1.648839286878341675e+09
8.348232654997187266e-04 -1.937332840067036654e+00 -2.189857430364583912e+00 3.490464721667576003e-06 -6.880294111962390602e-01 1.648839286879077673e+09
8.261766691631636543e-04 -1.949051644737672451e+00 -2.153480133007935393e+00 3.388690694335774504e-13 -2.219667476954634289e+00 1.648839286879078150e+09
8.308745893025561895e-04 -1.941818016249967638e+00 -2.225689292365538918e+00 2.782459556019594441e-12 -5.442509174191717314e+00 1.648839286881207943e+09
8.293396543765388590e-04 -1.945031247667478480e+00 -2.226296681852411030e+00 2.916710385507633982e-07 -1.701502941370049093e+00 1.648839286881249666e+09
8.318522850007385077e-04 -1.939843651813217829e+00 -2.211661203650287177e+00 1.327055975146024787e-14 -5.189617658994146510e+00 1.648839286881712675e+09
8.272686716818298744e-04 -1.948338860823760843e+00 -2.214115473402988421e+00 3.781808135090960011e-13 -4.854954541095253262e-01 1.648839286882919550e+09
8.369575536390091389e-04 -1.938460569031547065e+00 -2.233200871063612869e+00 4.971562925105293315e-10 -7.804688115177721208e+00 1.648839286883173943e+09
8.270979589576957485e-04 -1.949740412283301083e+00 -2.195235642680535726e+00 3.095793225671178229e-13 -2.991049744072976857e+00 1.648839286883353710e+09
8.294921576200012855e-04 -1.947346482830663472e+00 -2.201452461227303203e+00 3.507184099266535911e-12 -1.369324786858540755e+00 1.648839286884117603e+09
8.323071166361587512e-04 -1.941126712620747652e+00 -2.230980158928288049e+00 2.305851534292702516e-08 -2.124205587227922187e+00 1.648839286884965897e+09
8.325036643260818377e-04 -1.941253071347959436e+00 -2.163407984180075516e+00 5.834353303769501342e-14 -6.534323839068798989e+00 1.648839286885034323e+09
8.342464664384625830e-04 -1.940821468615666623e+00 -2.214092502691904052e+00 6.451927234687023466e-14 -2.961188518088485822e+00 1.648839286885049582e+09
8.274859989739535631e-04 -1.944337158564716450e+00 -2.179147255370577518e+00 3.321673805328023649e-14 -1.060633718334806908e+00 1.648839286885065556e+09
8.295976981342191147e-04 -1.945087986816300685e+00 -2.228335829290879477e+00 8.430949117485511488e-14 -5.976518265566634014e+00 1.648839286885083914e+09
8.322754495049476372e-04 -1.940221659703461166e+00 -2.224755179522768245e+00 4.039498708705375954e-12 -2.438663269432524316e+00 1.648839286885270834e+09
8.350712303438795510e-04 -1.938829098220026248e+00 -2.203540200009975525e+00 6.294325378600442305e-08 -5.783380511659744982e+00 1.648839286885684013e+09
8.293648028558822227e-04 -1.942866196114044763e+00 -2.160946997447131146e+00 3.442329795501307009e-15 -4.399738024507285239e+00 1.648839286885696650e+09
8.249512466664562322e-04 -1.949913532568722019e+00 -2.197692709229369434e+00 2.579971532100251436e-12 -2.882813299654696237e+00 1.648839286888303757e+09
8.293731893671455564e-04 -1.948224756168325689e+00 -2.252987813414437657e+00 2.624657019257410882e-09 -7.132467256636184416e+00 1.648839286890533447e+09
8.258573284996612203e-04 -1.951066779338682444e+00 -2.178813517520381549e+00 2.701335509172079636e-09 -2.354300438521078398e+00 1.648839286891131401e+09
8.280181348652704536e-04 -1.948183793875692515e+00 -2.211375427210270583e+00 2.629921723944024433e-13 -1.202542274725613147e+00 1.648839286891652822e+09
8.237989458660836340e-04 -1.951044977557491178e+00 -2.181700713035080508e+00 4.509369795627998149e-13 -3.529475700234913305e+00 1.648839286892243385e+09
8.257269122022870564e-04 -1.949376240172081776e+00 -2.153789370887957411e+00 5.941870737685936454e-08 -8.101225603673842812e-01 1.648839286892381907e+09
8.330991325893388278e-04 -1.940715474658163631e+00 -2.230597759447953798e+00 2.288781891233428835e-09 -4.352274635446513606e+00 1.648839286892448187e+09
8.290886927923302998e-04 -1.943605493413150143e+00 -2.218417703986556688e+00 8.902250548774071251e-14 -5.734602292464430207e+00 1.648839286893595457e+09
8.317194139223574052e-04 -1.944583843580997673e+00 -2.178187130921308778e+00 9.266425737494400429e-15 -5.492017994562425898e-01 1.648839286893938780e+09
8.391256260997883611e-04 -1.935566006600826006e+00 -2.176627502897507505e+00 5.168966319915799149e-09 -6.919211985613086036e+00 1.648839286894049168e+09
8.267770781472295752e-04 -1.950276973118900026e+00 -2.175312708994515010e+00 2.275022318184593031e-12 -2.634520557257372886e+00 1.648839286894559383e+09
8.266214981036387787e-04 -1.947786756701344935e+00 -2.152469730847741403e+00 7.835631263368491304e-12 -6.880884253036775533e+00 1.648839286894783974e+09
8.247427105925835260e-04 -1.949062638786371870e+00 -2.189788796417630135e+00 1.477767725129941847e-12 -3.311366811367896901e+00 1.648839286894973993e+09
8.331118437489939445e-04 -1.938458449316972310e+00 -2.181787782874060166e+00 2.271831012109394679e-10 -6.746234147030270023e+00 1.648839286895045042e+09
8.266925801119796857e-04 -1.945693315518937094e+00 -2.163835328899827992e+00 9.003981241202302980e-12 -1.412498215380376898e+00 1.648839286895084858e+09
8.266925801119796857e-04 -1.945693315518937094e+00 -2.163835328899827992e+00 9.003981241202302980e-12 -1.412498215380376898e+00 1.648839286895084858e+09
8.289573676508690163e-04 -1.945348817973128419e+00 -2.153348817046615071e+00 2.082764434528504747e-12 -7.401879214199905022e+00 1.648839286895149231e+09
8.315539606302134630e-04 -1.940982426902118751e+00 -2.163565787904168758e+00 1.244737312093835204e-11 -1.400072909338306637e+00 1.648839286895555735e+09
8.272254857635039744e-04 -1.948801601579611464e+00 -2.207433490098296147e+00 2.671780243048599886e-07 -1.770245952685420399e+00 1.648839286895638943e+09
8.254387965114774956e-04 -1.950011372818956312e+00 -2.200586706876968890e+00 2.128514160049470331e-12 -3.262783399151810926e+00 1.648839286896299601e+09
8.238988614957174200e-04 -1.950534590449706451e+00 -2.181373893965593780e+00 3.485882766589744100e-15 -4.272011923399381850e+00 1.648839286896316767e+09
8.305532355592836011e-04 -1.943162520658628045e+00 -2.156533222845718356e+00 1.716617898455929279e-15 -7.727431727377363835e+00 1.648839286896355867e+09
8.334653698844388635e-04 -1.942269095194955275e+00 -2.187281605543213381e+00 5.612015422409378695e-10 -5.147407674739163497e+00 1.648839286896777391e+09
8.284712827452537544e-04 -1.948846915584559358e+00 -2.191634095933690407e+00 9.404446810038660026e-11 -7.494988492185118645e+00 1.648839286897287130e+09
8.326604460871977120e-04 -1.940598106185016603e+00 -2.229363750471327510e+00 8.221088504158270466e-13 -3.370057186424444851e+00 1.648839286898868561e+09
8.265937591990329915e-04 -1.949745786930779490e+00 -2.160110237582366199e+00 2.348354081367207615e-15 -9.938562546987288471e-01 1.648839286899696827e+09
8.268209416668754726e-04 -1.950162870982816266e+00 -2.171526548692271241e+00 1.575730395572510622e-11 -5.723107865802237626e+00 1.648839286900062323e+09
8.322082105293167158e-04 -1.943516478211930743e+00 -2.218925204351395841e+00 6.387491939607405391e-10 -3.172100557201820159e+00 1.648839286900560379e+09
8.326106200567478209e-04 -1.940092652263484041e+00 -2.225602113409811622e+00 3.305249782773692489e-12 -2.986889745656818640e+00 1.648839286901042461e+09
8.278528427558670601e-04 -1.948058897323029059e+00 -2.157161034698559909e+00 1.402067744493946704e-09 -4.159814406636465733e+00 1.648839286902591467e+09
8.311821961811190641e-04 -1.940280703592300870e+00 -2.180337168567312300e+00 4.481521617850739157e-13 -3.481070132372037662e+00 1.648839286903295517e+09
8.287763561826829925e-04 -1.948039911896741749e+00 -2.170134963805155248e+00 1.750621844806730951e-15 -1.483979789412086525e+00 1.648839286903337002e+09
8.255176766951347186e-04 -1.947284357599544657e+00 -2.183225819211450869e+00 3.542087051954160785e-15 -4.946643260416736965e+00 1.648839286903383970e+09
8.377005372886292024e-04 -1.937067434225666851e+00 -2.204577886736184489e+00 1.089453440338058394e-09 -7.190101658731808065e+00 1.648839286903766870e+09
8.292735906793218068e-04 -1.942245706087275314e+00 -2.190222411185350992e+00 3.642686428737263694e-09 -3.415529266143646936e+00 1.648839286904047489e+09
8.346215783660138445e-04 -1.940232416297246409e+00 -2.208675966203766272e+00 9.073855996908087510e-13 -4.244147216455278482e-01 1.648839286904553652e+09
8.255913237738072208e-04 -1.947719675500879877e+00 -2.194844135850694045e+00 2.485497998954285748e-10 -6.450396881138420468e-01 1.648839286905042887e+09
8.289029668439331072e-04 -1.945797213878554421e+00 -2.225086440408190924e+00 4.702803616718961791e-13 -5.162262985206176324e+00 1.648839286905204058e+09
8.303822906547260419e-04 -1.946108763980592737e+00 -2.171607660210440827e+00 9.746645982814503256e-13 -6.321966130118997995e+00 1.648839286905920267e+09
8.238162799514607776e-04 -1.950168906010412373e+00 -2.181355573015111293e+00 1.530665397466902202e-07 -3.821114319812908278e+00 1.648839286905978203e+09
8.257893701355700387e-04 -1.950524195954818074e+00 -2.194560152472873504e+00 1.587642361739146780e-08 -2.801205400186563388e+00 1.648839286907036543e+09
8.279548668870106293e-04 -1.944412419893203570e+00 -2.205149702562064107e+00 5.175918805575051318e-15 -2.647574034251858777e+00 1.648839286907195807e+09
8.282015179608869437e-04 -1.945219208775854636e+00 -2.217295166271433970e+00 1.523205230523701096e-07 -3.000014505185310654e+00 1.648839286907472610e+09
8.316319195072319594e-04 -1.944138545500571746e+00 -2.168889997163751193e+00 3.001191793701602629e-15 -2.579721751308246880e+00 1.648839286907489300e+09
8.240416100266479771e-04 -1.950298759261584136e+00 -2.157070574030880650e+00 1.799162285153728965e-07 -2.421203128037436869e-01 1.648839286907681704e+09
8.339930766400168111e-04 -1.940720894187538903e+00 -2.220275487214072196e+00 4.445246562163330525e-14 -3.144327994313409924e+00 1.648839286907884836e+09
8.351900956031371465e-04 -1.938643461738101204e+00 -2.209950678516914735e+00 2.783343951724457745e-11 -4.802662786602785339e+00 1.648839286908316374e+09
8.301637171063768568e-04 -1.946344382767182468e+00 -2.208412528375370165e+00 4.650004126866018397e-14 -9.301555013844238218e-01 1.648839286908692837e+09
8.344142883356782609e-04 -1.938303599654839005e+00 -2.183186218881476126e+00 4.263180790402783227e-14 -7.486133535849578635e+00 1.648839286908862591e+09
8.250835156616251635e-04 -1.949501252540139173e+00 -2.155491649020055522e+00 8.964549456965627405e-11 -2.853065025752883344e+00 1.648839286908862591e+09
8.325673523476776047e-04 -1.942398695073213943e+00 -2.226115842050140348e+00 3.386285575219939786e-11 -3.755749759256553411e+00 1.648839286909866571e+09
8.342027306112724701e-04 -1.937983098514597824e+00 -2.186781067108735321e+00 7.393434955309839962e-10 -5.166213996454432689e+00 1.648839286910062075e+09
8.302298849374498526e-04 -1.944393078220382653e+00 -2.228887377621044052e+00 8.288399643820656996e-12 -4.253977820688820799e+00 1.648839286910406351e+09
8.324496859698002479e-04 -1.939316570612442669e+00 -2.178653885995121886e+00 7.284882524948934576e-10 -2.591740504157442615e-01 1.648839286910521507e+09
8.302880038103695442e-04 -1.945847733446591565e+00 -2.215897853591493938e+00 2.191442199555509979e-15 -5.160044087369115573e+00 1.648839286910710096e+09
8.314490646211628597e-04 -1.943318465654580329e+00 -2.161155285547418980e+00 1.142358366714982918e-11 -1.165123638267819395e+00 1.648839286910971880e+09
8.301661248460627616e-04 -1.942384568532528943e+00 -2.220644891827975531e+00 2.399349914662094275e-14 -1.294502524642818564e+00 1.648839286911147118e+09
8.245894588626341169e-04 -1.949457594894072221e+00 -2.158947366089215780e+00 3.739906009414036405e-12 -2.459561312070982275e+00 1.648839286911519527e+09
8.283739865831358032e-04 -1.944538458386944502e+00 -2.215606260631223012e+00 2.676903333261353716e-13 -7.306731419311530473e+00 1.648839286913064957e+09
8.339432876892952052e-04 -1.941533341377903454e+00 -2.199644213625582267e+00 1.588937614453505487e-12 -7.138743812117139598e+00 1.648839286913949728e+09
8.331245565212018174e-04 -1.941523216210085501e+00 -2.226071580072809475e+00 1.586947722997737552e-12 -6.545297491982396743e+00 1.648839286914631844e+09
8.283010368601098367e-04 -1.946938313369111606e+00 -2.220196373013901159e+00 8.231828133586525207e-11 -4.920407132593171973e+00 1.648839286915224075e+09
8.301885763094346777e-04 -1.946658613439130603e+00 -2.185545749573218899e+00 1.934429857996331348e-15 -2.319121352002108338e+00 1.648839286915326118e+09
8.326889108937170561e-04 -1.938957417593813126e+00 -2.185121279820252838e+00 3.440509256880709741e-14 -6.924689238243977307e+00 1.648839286915955544e+09
8.228915419955861810e-04 -1.947913338577405451e+00 -2.194588625394179537e+00 3.685338010969203430e-09 -7.480402259499136619e+00 1.648839286916600704e+09
8.304859210549481868e-04 -1.946194043096616033e+00 -2.176081149290067795e+00 3.561981543819373208e-07 -3.895375879941586739e+00 1.648839286916662931e+09
8.258375442926356490e-04 -1.947402015123409047e+00 -2.196206335187246061e+00 2.598544901853232442e-11 -4.465529588240527481e+00 1.648839286916704416e+09
8.319310395326367678e-04 -1.940496234851840196e+00 -2.222212994810614628e+00 1.237403736768470623e-13 -1.935486557575186950e+00 1.648839286916866302e+09
8.258957772865286456e-04 -1.950114821356632167e+00 -2.198892174740808780e+00 2.156069728597103000e-13 -5.642315298144331415e+00 1.648839286917082548e+09
8.302378974269047614e-04 -1.944068169124507417e+00 -2.229052045791289238e+00 2.254378527960597138e-14 -1.905903239353729184e+00 1.648839286919703007e+09
8.281386390495124906e-04 -1.944196057569319347e+00 -2.205269794471573341e+00 4.041738288946260499e-15 -4.620945977437785679e+00 1.648839286919805288e+09
8.337799029204084585e-04 -1.938211945002889403e+00 -2.207134736886727122e+00 3.440562952447769817e-15 -3.280469252819303350e+00 1.648839286919979334e+09
8.303562728495930472e-04 -1.942954224243979011e+00 -2.157413972493314347e+00 9.654953824542205168e-13 -3.019207165038033658e+00 1.648839286920582533e+09
8.356779834991526169e-04 -1.937664061273201677e+00 -2.200584064385620486e+00 1.951686979731334733e-07 -3.655297793741763002e-01 1.648839286920605421e+09
8.347516499259171252e-04 -1.939486474797652349e+00 -2.187633104014320207e+00 1.319735377866940254e-11 -4.077828212294409838e+00 1.648839286920720577e+09
8.290021115979147358e-04 -1.942911478101274403e+00 -2.203246868135942282e+00 7.263467034601094909e-12 -7.475021332408466002e+00 1.648839286921232939e+09
8.251617705365567974e-04 -1.949850523217033338e+00 -2.203633777268767968e+00 1.684595128677136754e-09 -5.707270951901903366e+00 1.648839286921641350e+09
8.313351558134242239e-04 -1.940771350223426728e+00 -2.218673161525426263e+00 1.081316054848501275e-10 -6.674054367371329732e+00 1.648839286922426462e+09
8.263956625750145529e-04 -1.946715661412449450e+00 -2.200602517618158060e+00 1.551516746784655314e-10 -7.099354001185984586e-01 1.648839286922549248e+09
8.298914569434703934e-04 -1.946882736607859377e+00 -2.177543547737271545e+00 6.144451498998569726e-14 -1.207164969346203875e+00 1.648839286924149275e+09
8.332836001517848062e-04 -1.940745954932040052e+00 -2.227389636945201978e+00 7.687964319147923335e-15 -6.095518642346453575e-01 1.648839286924218416e+09
8.326398957733430152e-04 -1.939055037384230129e+00 -2.205502741539590250e+00 1.070711508748961388e-15 -1.350271561585286051e+00 1.648839286924684525e+09
8.286481318834819712e-04 -1.948252450477091280e+00 -2.174960554028659399e+00 1.098780787276199013e-07 -2.412217500859096475e+00 1.648839286927678585e+09
8.244675504505951042e-04 -1.951690796110975068e+00 -2.167001385317640416e+00 1.410611731418876893e-12 -7.324674880284794298e+00 1.648839286927699089e+09
8.237571299106086859e-04 -1.951624478409678787e+00 -2.175178764983776158e+00 1.396677600154489197e-12 -1.054203529102752945e+00 1.648839286927811146e+09
8.302404208542123664e-04 -1.943154388270398769e+00 -2.226846809147924766e+00 6.019938185810432560e-09 -1.344062233299936793e+00 1.648839286927870512e+09
8.329670031128805002e-04 -1.939524029273705485e+00 -2.172636312296538641e+00 3.801084451206543029e-12 -1.789031252441000142e+00 1.648839286928067923e+09
8.311681973653347634e-04 -1.944825422903055490e+00 -2.169659367615020429e+00 2.647871738764668922e-15 -4.886254447657213618e+00 1.648839286928542376e+09
8.237685276974381597e-04 -1.951071702155098953e+00 -2.177027014565982022e+00 1.416397379433044839e-11 -6.005039303860880473e+00 1.648839286929808617e+09
8.316314802094259282e-04 -1.944832567870617090e+00 -2.195491527588132374e+00 3.844963394745826891e-15 -6.102882192409786022e+00 1.648839286930503368e+09
8.265886872154264457e-04 -1.947208335031707982e+00 -2.154377836791525613e+00 3.332659571226262111e-13 -3.581075928672679431e+00 1.648839286930604219e+09
8.308567827495152037e-04 -1.945686828118366352e+00 -2.202381267163383338e+00 4.799758260703193013e-15 -2.797081982547767076e+00 1.648839286930840969e+09
8.238661092224786389e-04 -1.951152777583987641e+00 -2.178924530465452758e+00 2.034374566671361502e-15 -8.051342707988329295e-02 1.648839286932880402e+09
8.299016127142599389e-04 -1.944959301705988519e+00 -2.226366015466154202e+00 3.748475883864530762e-10 -2.588232559742891681e+00 1.648839286932979584e+09
8.287746301061593105e-04 -1.942916016583521532e+00 -2.176869112569796982e+00 7.498509189686252454e-15 -5.366770034349851670e+00 1.648839286933090210e+09
8.279277436932544433e-04 -1.947556044996856084e+00 -2.155958010810624437e+00 9.414532605049257861e-09 -2.718322174940209557e+00 1.648839286933115959e+09
8.313654291960798602e-04 -1.941620746678856868e+00 -2.226283283744129093e+00 2.063783137034538389e-14 -2.279971893280944961e+00 1.648839286933942318e+09
8.264750498311046467e-04 -1.949872708461406923e+00 -2.197703534824975602e+00 1.496333396019820605e-11 -3.313972450739798070e+00 1.648839286934143066e+09
8.307801745137253406e-04 -1.940015690422750794e+00 -2.160811921662826762e+00 1.746432234839320242e-06 -1.648056144243366106e-01 1.648839286934215069e+09
8.308273335259651121e-04 -1.943764184483265600e+00 -2.158972821420009680e+00 1.105466074064670296e-14 -1.896747849664741636e-01 1.648839286934382915e+09
8.260333675142803988e-04 -1.946458311772689687e+00 -2.178691892223765691e+00 9.904830860073385708e-12 -7.518127257536940000e+00 1.648839286934461355e+09
8.346512756649218266e-04 -1.939689425893403429e+00 -2.213476198656041394e+00 5.623745267644296294e-14 -5.842750936445771259e+00 1.648839286935170889e+09
8.274117029113593367e-04 -1.944618018313725383e+00 -2.172975670210423704e+00 1.849763506736750317e-14 -5.826227811660446676e+00 1.648839286935414553e+09
8.343798221795642326e-04 -1.937678329379352915e+00 -2.188534328023561848e+00 5.109917222976313813e-11 -7.756874548393120961e+00 1.648839286936210632e+09
8.294259893867600821e-04 -1.941866600788695107e+00 -2.174565621151084205e+00 4.505353076931439543e-09 -5.446335253772891960e+00 1.648839286937350273e+09
8.329883514124395132e-04 -1.941723817799446250e+00 -2.224745787054319912e+00 2.005503657793390440e-11 -6.680891999607805332e-01 1.648839286939059019e+09
8.263354455289590849e-04 -1.947189300864929695e+00 -2.156047328844997057e+00 1.056955051214391932e-13 -4.549826689769531640e-02 1.648839286939787149e+09
8.308246094542434462e-04 -1.942223139777358165e+00 -2.160010238424279194e+00 2.092957456800436992e-10 -3.693012649909255707e+00 1.648839286939923763e+09
8.307028900844834430e-04 -1.940352528849920155e+00 -2.185017278085555237e+00 6.143972302847214957e-09 -5.362231647163987702e+00 1.648839286939940214e+09
8.300837090202667747e-04 -1.945014815596882718e+00 -2.225177066099523593e+00 4.438560396231800795e-15 -6.613423769221656201e+00 1.648839286940418005e+09
8.325444089408814323e-04 -1.939484111956704560e+00 -2.213706237905776142e+00 6.054784730296049325e-15 -1.019839874690258164e+00 1.648839286940603733e+09
8.289730577813338554e-04 -1.945195455795827977e+00 -2.224118976910825385e+00 5.613390846939503335e-14 -6.028679143154769271e+00 1.648839286940717697e+09
8.295228141115607891e-04 -1.945925413305091167e+00 -2.158670694866078321e+00 1.764696336963099778e-14 -4.081808534952724443e-01 1.648839286940725565e+09
8.331444532997691037e-04 -1.942687713797881521e+00 -2.194824238128210592e+00 1.146223751245293079e-13 -2.450840838147998468e+00 1.648839286940911055e+09
8.251437919906932667e-04 -1.947970221298622739e+00 -2.179238386799043248e+00 9.321497937112420492e-15 -4.526268419812920385e+00 1.648839286943739653e+09
8.313239414233426251e-04 -1.940324023022625743e+00 -2.201098378927054178e+00 1.373319269700039975e-07 -1.600084112848076501e+00 1.648839286944524050e+09
8.266425502522651301e-04 -1.947323684885278849e+00 -2.208967837449460792e+00 2.507988313319097966e-14 -4.779278313420921798e+00 1.648839286944801092e+09
8.252152890921867325e-04 -1.951053149881412985e+00 -2.164258856238983064e+00 3.007157267395903520e-10 -4.614575656224634947e+00 1.648839286944899082e+09
8.291086152610029026e-04 -1.945419836310611883e+00 -2.224374623827923170e+00 5.707870051751485094e-12 -2.078908076378344738e+00 1.648839286945175886e+09
8.275565998024837387e-04 -1.945130506373939472e+00 -2.204961407040016752e+00 5.580761001689778362e-11 -6.044355426894109762e+00 1.648839286945546389e+09
8.252255129430759954e-04 -1.949681964418716884e+00 -2.189620502197343388e+00 3.527326132974765005e-07 -3.080358061267027381e+00 1.648839286945806742e+09
8.326282808943895331e-04 -1.942971333056072059e+00 -2.177263498489110383e+00 9.773816717153857428e-15 -5.774633052176469938e+00 1.648839286946175337e+09
8.393604372756729602e-04 -1.937477763652197371e+00 -2.248091459305756157e+00 2.169039124447104122e-09 -7.879123982767865186e+00 1.648839286947119951e+09
8.251561371919705241e-04 -1.951260993025593304e+00 -2.167995322517758172e+00 3.788321648665740873e-15 -5.743573020986216804e+00 1.648839286947429895e+09
8.291847846495414755e-04 -1.942653456124366462e+00 -2.170644067557699231e+00 2.784337713680858866e-10 -1.865293801875763435e+00 1.648839286947685480e+09
8.256636942501141292e-04 -1.948517514044804333e+00 -2.149878151853256369e+00 7.567568550380097050e-09 -5.279342060596661668e+00 1.648839286948193073e+09
8.299510960817367469e-04 -1.945691572034155437e+00 -2.161338028436821990e+00 1.311909119677640201e-13 -3.781754878435998890e-01 1.648839286948765993e+09
8.305030424075684646e-04 -1.946113786586175287e+00 -2.160859213681213475e+00 3.147754485708146050e-09 -6.062384564086948480e+00 1.648839286948833227e+09
8.308552975478597502e-04 -1.941076803918697191e+00 -2.210422669795383044e+00 1.772630237431848033e-08 -1.372672249089291974e+00 1.648839286949012756e+09
8.243160115289938647e-04 -1.949989606239145967e+00 -2.180893657688345311e+00 9.127884748208625471e-08 -2.109757874053146409e+00 1.648839286949389696e+09
8.241954598164730975e-04 -1.948312204992503460e+00 -2.209530170862210152e+00 1.138068260502094582e-09 -7.377841646314558410e+00 1.648839286949408054e+09
8.273219914346802324e-04 -1.949179218584218498e+00 -2.199180520520295889e+00 4.080040499767297076e-14 -6.343468732914985253e+00 1.648839286950226545e+09
8.298249144398602613e-04 -1.946006543891534601e+00 -2.162457418487440552e+00 2.038561938219615687e-12 -6.597067401163325684e-02 1.648839286951072693e+09
8.282436057148013326e-04 -1.943644257018382282e+00 -2.184485329153952993e+00 8.692371572133691384e-08 -3.182120229531490097e+00 1.648839286951224327e+09
8.260084968062841914e-04 -1.946922412903806965e+00 -2.190326644620525620e+00 1.521017839334519166e-10 -3.908161217298395940e+00 1.648839286953283548e+09
8.304163992800406161e-04 -1.942121105753036092e+00 -2.219016706186977217e+00 1.132519674309185538e-13 -7.095281517624542289e+00 1.648839286953390598e+09
8.345107921007094637e-04 -1.939312068278110646e+00 -2.216844323522916493e+00 9.411050584437925105e-12 -3.237354167966821628e+00 1.648839286954349279e+09
8.277197206158822679e-04 -1.949160753459097783e+00 -2.178667316706922374e+00 2.072645270759920124e-07 -2.283421749217463770e+00 1.648839286954679012e+09
8.295768514233877941e-04 -1.945875784995242386e+00 -2.220979542784728089e+00 1.141200901406087578e-13 -7.347884671746045093e+00 1.648839286955170155e+09
8.305095619671372126e-04 -1.946157163381981636e+00 -2.185612384656179685e+00 4.730674028808266614e-13 -6.667263647390045733e+00 1.648839286956199646e+09
8.253339971124870134e-04 -1.950679951813441670e+00 -2.161689775702646532e+00 1.433944274195694779e-12 -5.466720450599959591e+00 1.648839286956893682e+09
8.306229905235262010e-04 -1.946028955596893262e+00 -2.188590487715820210e+00 5.440400510428768680e-11 -3.780657489176276975e+00 1.648839286957934141e+09
8.301701803029837810e-04 -1.946376310800256304e+00 -2.173835132685137062e+00 1.455568621767045997e-09 -4.720846275214154453e+00 1.648839286958624363e+09
8.239509634249831804e-04 -1.950461537845723958e+00 -2.168325107128524998e+00 6.130000945410697137e-10 -3.020582125380019356e+00 1.648839286958967209e+09
8.258262943774825589e-04 -1.950769081741933197e+00 -2.183343303365448573e+00 3.883493996088749510e-12 -8.154956177392485017e-01 1.648839286959093571e+09
8.309771797750365417e-04 -1.945146296489139282e+00 -2.172051167591249499e+00 4.804458707717039904e-15 -3.222674448597072860e+00 1.648839286959198713e+09
8.256661846526414496e-04 -1.947151824118564800e+00 -2.178503948388371469e+00 1.868799265595993901e-09 -2.561069483962358007e+00 1.648839286959226370e+09
8.266361798466151985e-04 -1.947418866890333167e+00 -2.154624453832033382e+00 1.911626203995989159e-13 -5.393319313920298619e+00 1.648839286959933519e+09
8.311905138584469929e-04 -1.941707889233300621e+00 -2.171582948273488078e+00 2.501214064013119124e-07 -4.250951146616793075e+00 1.648839286961908340e+09
8.277568035042605441e-04 -1.947342711254237635e+00 -2.215806711872983836e+00 1.464893436969305263e-15 -6.095626481217194303e+00 1.648839286963456154e+09
8.267979716717997621e-04 -1.949368279805009374e+00 -2.160933862266006145e+00 1.014552037930867070e-11 -7.712777080382045014e-01 1.648839286963742256e+09
8.357451463545734682e-04 -1.937909208060460742e+00 -2.209816273146937959e+00 5.520751692112986003e-10 -6.643276104485059008e+00 1.648839286964633226e+09
8.349721990246185234e-04 -1.938346394268869677e+00 -2.204090922676430253e+00 4.663624738831536000e-12 -5.883856031477403548e-01 1.648839286965627432e+09
8.306272477174557207e-04 -1.944711699074941791e+00 -2.162868534103707940e+00 2.507351662475972069e-06 -1.034845308113086837e+00 1.648839286965837479e+09
8.298317516882827488e-04 -1.943589494143907581e+00 -2.223950453885432665e+00 2.501844181819150467e-11 -5.212972731723208852e+00 1.648839286966397285e+09
8.258869066330393281e-04 -1.947329902686696812e+00 -2.160615899668079543e+00 1.095085787042225000e-13 -5.715089045034924098e+00 1.648839286966505527e+09
8.349031839405845644e-04 -1.939180603559057081e+00 -2.202697677018301547e+00 5.464714468448421424e-15 -4.194577666795018089e+00 1.648839286966972351e+09
8.294993996895134005e-04 -1.944937245752566213e+00 -2.224770159080958098e+00 1.695265091335723731e-09 -2.195101657733544265e+00 1.648839286967900276e+09
8.296243137306475238e-04 -1.945058067551199033e+00 -2.224654121271171014e+00 1.356155355624558908e-15 -5.291924085097116759e+00 1.648839286968294621e+09
8.304427436049076046e-04 -1.942525596095913354e+00 -2.222598205334042287e+00 4.863491317375978118e-14 -2.341807022777098624e+00 1.648839286969613791e+09
8.331915384772678197e-04 -1.942112538016622869e+00 -2.180940646976948560e+00 1.788128111543301436e-14 -3.914830573791752144e-01 1.648839286969815493e+09
8.292170394685167110e-04 -1.945225808596717343e+00 -2.164627771820008206e+00 5.716527685881968798e-07 -2.995746919196665914e+00 1.648839286969863415e+09
8.251869856660807613e-04 -1.951263800244951607e+00 -2.173326312422077855e+00 4.515366214404195126e-09 -3.372268337887946998e+00 1.648839286970618010e+09
8.279901321090053952e-04 -1.947795956286452634e+00 -2.211763226813323158e+00 3.298298037361487000e-14 -6.879689486093736761e+00 1.648839286970932722e+09
8.279060426113151903e-04 -1.948571871707804659e+00 -2.200940737367472977e+00 5.595941761182827950e-15 -7.974224912371846941e+00 1.648839286970968485e+09
8.345560117099669502e-04 -1.938497949471475135e+00 -2.189362643413741427e+00 1.405410567142605913e-07 -1.599560001241486340e+00 1.648839286970974922e+09
8.284094397741776890e-04 -1.943774461490069605e+00 -2.200443864136171435e+00 2.449701526121527562e-14 -7.027502985084784548e+00 1.648839286971116066e+09
8.342557444641697821e-04 -1.939912729119974033e+00 -2.217067290482716224e+00 6.630844157932872577e-08 -1.183497017271271545e+00 1.648839286971510649e+09
8.295340098245768514e-04 -1.947231872328184510e+00 -2.192468727983825083e+00 1.243103052664647540e-10 -4.210086928379468851e+00 1.648839286971866131e+09
8.280747216759809515e-04 -1.948152071628064697e+00 -2.206708699792985229e+00 3.563556468534887854e-08 -6.851288716337711193e-01 1.648839286971893549e+09
8.320100345534614354e-04 -1.940365598494773414e+00 -2.218063695988234940e+00 9.829508246484315170e-13 -4.941049418102465118e+00 1.648839286972230673e+09
8.324423571751728710e-04 -1.943535289430512902e+00 -2.187324307368214260e+00 8.328321161402113679e-15 -5.247746359580460762e+00 1.648839286973034382e+09
8.279656286506872302e-04 -1.948821889554763986e+00 -2.191467524795214228e+00 8.836615218448912548e-12 -2.663188036878474385e+00 1.648839286973266125e+09
8.314346112887584716e-04 -1.944653899642225792e+00 -2.209437820424055232e+00 8.149276951167214573e-11 -1.816715428368897989e-01 1.648839286973861217e+09
8.283793953347030892e-04 -1.943915759631405393e+00 -2.164394428259050596e+00 3.318629529450946790e-14 -9.791864573258077797e-01 1.648839286974705458e+09
8.295455115120040860e-04 -1.945774869594481205e+00 -2.159077117303691118e+00 1.774400170099764777e-12 -1.662447152636020498e+00 1.648839286974714994e+09
8.276011350819608824e-04 -1.944495598268030090e+00 -2.185933434469987446e+00 1.631217051391443709e-12 -6.750213165766297152e+00 1.648839286974923849e+09
8.309200244285498606e-04 -1.941013800837949832e+00 -2.222638419775550211e+00 1.559077766338770964e-09 -6.285510505823525662e+00 1.648839286975333214e+09
8.326238536683371917e-04 -1.940260240397917446e+00 -2.169863992422853549e+00 1.776147180001481475e-15 -6.371806091817881601e+00 1.648839286976454973e+09
8.338529063294386348e-04 -1.940088019295346911e+00 -2.227628090063267674e+00 8.712134382475904243e-10 -6.107135176767162221e+00 1.648839286976653337e+09
8.264251018720110333e-04 -1.950305647196363346e+00 -2.173305316854493796e+00 6.032236575847563573e-10 -1.419592266876889219e+00 1.648839286977072239e+09
8.259782705899243807e-04 -1.946811763596773215e+00 -2.182884188265576508e+00 1.528206092919886344e-10 -3.716559685533318280e+00 1.648839286977647543e+09
8.282430546568562892e-04 -1.947104970008513458e+00 -2.156961092092679610e+00 3.857307651767431801e-15 -4.381520220024764711e+00 1.648839286978389025e+09
8.328183629895383102e-04 -1.939479902192881022e+00 -2.214905653943520569e+00 1.581132935476326934e-11 -5.593094855564632262e+00 1.648839286979530811e+09
8.251156561846446696e-04 -1.948040641582208243e+00 -2.170822511788610854e+00 9.319010963942853786e-10 -4.941342614018888746e+00 1.648839286979914665e+09
8.332593216386470708e-04 -1.940696453478288674e+00 -2.172212403175858952e+00 1.196873117279328361e-14 -7.965194216442188058e+00 1.648839286980126143e+09
8.279062657225784872e-04 -1.944641885920647795e+00 -2.162052576530087311e+00 1.356462961202087634e-13 -7.489275438338413693e+00 1.648839286980376959e+09
8.254356201298098219e-04 -1.951362973147713786e+00 -2.187411360878759758e+00 2.648559327557621603e-08 -4.333147221872377663e+00 1.648839286980983019e+09
8.265612095811419001e-04 -1.945937695695530323e+00 -2.170064621022053331e+00 2.320287006818202338e-14 -1.671096610405268024e+00 1.648839286981182575e+09
8.271369866985465611e-04 -1.945660334418659154e+00 -2.199820533667312894e+00 7.586491470482550627e-15 -2.504992671237069146e+00 1.648839286981497288e+09
8.315327073044980182e-04 -1.940192099928226499e+00 -2.202011182350914087e+00 4.113215210307930083e-14 -4.043089679894389832e+00 1.648839286981980085e+09
8.342824362637487516e-04 -1.940109403278954758e+00 -2.186230908402058581e+00 1.227934704451221590e-09 -3.574909008400767085e+00 1.648839286982126951e+09
8.276509372328848127e-04 -1.951653515125574279e+00 -2.247235306919387554e+00 1.485086952228958047e-09 -7.915610547467565539e+00 1.648839286982299566e+09
8.283381589100526207e-04 -1.944846924721494785e+00 -2.145205937065019164e+00 1.106437448780491728e-09 -7.043161267762209299e+00 1.648839286982769728e+09
8.307185508819892603e-04 -1.945423716882937581e+00 -2.171927349101248961e+00 3.012690691224122449e-11 -5.376730065575642925e+00 1.648839286982901573e+09
8.307905521806825590e-04 -1.944650820750428721e+00 -2.220675500248530998e+00 1.403454978046310876e-15 -5.106893274009770778e+00 1.648839286984811544e+09
8.281971752458620103e-04 -1.944642105147311728e+00 -2.209575608981639405e+00 5.652083986078536327e-12 -5.049798616987795974e+00 1.648839286984846354e+09
8.344994690545322422e-04 -1.940441440198890977e+00 -2.178921387568894641e+00 3.495083727316995492e-10 -7.161859649583846910e+00 1.648839286984968901e+09
8.266341729103800521e-04 -1.948727439011377349e+00 -2.206170730265947455e+00 9.612531362458038296e-15 -1.084158119190705705e-01 1.648839286985091209e+09
8.256400384068740246e-04 -1.947068255303395334e+00 -2.176681598678933405e+00 5.782126953465499675e-09 -4.720562888768194298e+00 1.648839286985375404e+09
8.312309525061307948e-04 -1.943666449311278299e+00 -2.225496392350093000e+00 2.882852132062242335e-10 -5.449266146816013290e+00 1.648839286985920906e+09
8.272769957890251840e-04 -1.945208866475795828e+00 -2.197507560813144245e+00 1.209276379323569321e-09 -5.348402962719760012e+00 1.648839286987488270e+09
8.309257485403578891e-04 -1.940694976400988647e+00 -2.193927359253263987e+00 1.542961016685617607e-12 -6.443234750760042040e+00 1.648839286987556458e+09
8.296477337346849692e-04 -1.949991476317925132e+00 -2.159109804958831980e+00 1.336566019304326174e-08 -6.448657867348813966e+00 1.648839286987798691e+09
8.276957721246999342e-04 -1.948095479889251358e+00 -2.208778134156300865e+00 8.677002558827189941e-08 -1.674353936021748979e+00 1.648839286987947702e+09
8.298522631778570665e-04 -1.945056559369883420e+00 -2.168515909826413957e+00 1.282727746356235457e-06 -1.808524291929506589e+00 1.648839286988131762e+09
8.297711574179115861e-04 -1.941973890007604897e+00 -2.177507764564592385e+00 1.172022674756808837e-11 -6.630945873509181965e-01 1.648839286988344193e+09
8.268093825265540164e-04 -1.948632876133524761e+00 -2.157053377523776128e+00 1.208521786351134134e-13 -1.809095278626421610e+00 1.648839286988468885e+09
8.341125886902956473e-04 -1.940844810228121275e+00 -2.193989613776254899e+00 1.383560376986132556e-10 -5.311842014082002628e+00 1.648839286988892794e+09
8.243691901189457950e-04 -1.951335014410712443e+00 -2.176978232577716277e+00 2.762215153762315734e-09 -4.411781491396578048e-01 1.648839286989729881e+09
8.338041389075075138e-04 -1.940802933006584574e+00 -2.216385248631624005e+00 6.251897984891955768e-13 -2.788342529873674813e+00 1.648839286990340471e+09
8.317362743148508028e-04 -1.940449697647277816e+00 -2.213746247024148683e+00 8.779173999655411651e-14 -1.490415135011183168e+00 1.648839286990468979e+09
8.294241420183438547e-04 -1.942379200075232015e+00 -2.195029436272865730e+00 4.672453128467702938e-09 -3.661231676889777020e+00 1.648839286990912676e+09
8.347027935468727356e-04 -1.939521064392533134e+00 -2.199832829124781952e+00 4.618659479909929527e-14 -3.123428525608916928e+00 1.648839286991453409e+09
8.350568085792121941e-04 -1.937036772060927170e+00 -2.211158409106839695e+00 8.916697159935273112e-10 -6.619005575240992201e+00 1.648839286991578817e+09
8.328310992318217840e-04 -1.942950351294795652e+00 -2.191368154472703722e+00 2.190048837109889716e-15 -5.283689245726548300e+00 1.648839286991670609e+09
8.327426911812074598e-04 -1.939270005529162733e+00 -2.207839226521131959e+00 7.610924884823800876e-11 -5.565609506255086103e+00 1.648839286991952419e+09
8.304894567649122534e-04 -1.943121974335676461e+00 -2.225301026789539449e+00 9.239658572082146054e-13 -4.431910826900766764e-01 1.648839286992533445e+09
8.345898822128267188e-04 -1.939372731099220815e+00 -2.190339700987887106e+00 6.052847598475099882e-09 -2.714991012846040164e+00 1.648839286992564201e+09
8.345308269167643319e-04 -1.938365018653356531e+00 -2.192932924596493027e+00 3.295770705078270798e-11 -5.824509221597922171e+00 1.648839286994311333e+09
8.310897542841657508e-04 -1.941058790393502154e+00 -2.170361458647394493e+00 5.991152396360843275e-13 -5.705258041580301587e+00 1.648839286994372606e+09
8.309527732953156214e-04 -1.940732258314574965e+00 -2.197420470788106872e+00 8.734165758114847495e-13 -7.487002042906532040e-01 1.648839286994398117e+09
8.306978950587983780e-04 -1.945426212668517563e+00 -2.172244119631443926e+00 2.778990698816317067e-08 -1.357789883102311634e+00 1.648839286995023966e+09
8.302051496603261079e-04 -1.946407540472970821e+00 -2.184356078597635697e+00 2.456154083943627349e-08 -2.660821219446475538e+00 1.648839286995384216e+09
8.248875743932961154e-04 -1.948601921758658762e+00 -2.169672115682236058e+00 2.707712784024649987e-10 -3.355920291070307648e+00 1.648839286995460272e+09
8.309101060617154252e-04 -1.947057831290126551e+00 -2.186163706107851379e+00 3.004417252722930722e-09 -6.463311740097840818e+00 1.648839286995652199e+09
8.275070971793231861e-04 -1.945905168443867961e+00 -2.156777692990446305e+00 1.040788888639147589e-15 -6.293429267381235981e+00 1.648839286995778084e+09
8.253867497157622380e-04 -1.950087532645336852e+00 -2.193645719058063825e+00 2.977681020374866567e-07 -3.845946848144706998e+00 1.648839286996850252e+09
8.304450516479779630e-04 -1.945819004066936309e+00 -2.173465973839784127e+00 8.192563577152811885e-13 -1.945869132229128162e+00 1.648839286997683048e+09
8.325402317587601809e-04 -1.939251181528996781e+00 -2.194668850209223976e+00 2.907530698955469030e-13 -5.973863950085875452e+00 1.648839286998148203e+09
8.279483969960558295e-04 -1.944794016936680858e+00 -2.205272270780432198e+00 2.756638025063529820e-11 -1.348254566725048065e+00 1.648839287000608444e+09
8.274079062579716088e-04 -1.949365693439602198e+00 -2.183787792470337497e+00 8.360777834800657751e-15 -4.435893272739450666e+00 1.648839287000816584e+09
8.303562125997307648e-04 -1.942629378939748852e+00 -2.220859582767543472e+00 2.169348544120774428e-11 -1.661849464041260660e-01 1.648839287000956297e+09
8.300769315829275652e-04 -1.943719973441688786e+00 -2.224408884896501792e+00 3.624375264445534579e-11 -2.110095140596866869e+00 1.648839287002049446e+09
8.264084141400805661e-04 -1.947723176569122083e+00 -2.204382287136765317e+00 3.811702144052650642e-10 -2.989143771062805044e+00 1.648839287003742933e+09
8.243823919360190357e-04 -1.951074751798106854e+00 -2.178604886946702734e+00 5.772602000394214549e-10 -2.629006807086572195e+00 1.648839287004096985e+09
8.246080234294235521e-04 -1.951650407039886570e+00 -2.182314953777087396e+00 9.938656407660193329e-07 -6.716244917843079421e-01 1.648839287004314184e+09
8.327877801322977180e-04 -1.939485388246584119e+00 -2.217696982748874834e+00 3.335033616018222664e-11 -7.913943320626207090e+00 1.648839287005567789e+09
8.242285700173425551e-04 -1.950578440492556354e+00 -2.177469164684298519e+00 1.219884606924818358e-13 -2.423158150655573273e+00 1.648839287006253719e+09
8.343217916977043120e-04 -1.939678163674720679e+00 -2.213276683768578668e+00 1.203799725727648755e-12 -6.183255102370505796e+00 1.648839287007198095e+09
8.308408927656672814e-04 -1.943618654057168271e+00 -2.160893941503052140e+00 2.676422612605967484e-12 -3.567996968817876535e+00 1.648839287007479429e+09
8.316591229707898016e-04 -1.941563831762379566e+00 -2.224114532608977512e+00 7.243539205627462475e-14 -2.528417380856083696e+00 1.648839287007718563e+09
8.272568489189390060e-04 -1.947341052168664488e+00 -2.155416977360652631e+00 2.057066822876188323e-10 -2.928816886947960718e+00 1.648839287007862091e+09
8.279605804939678708e-04 -1.948640538171824588e+00 -2.194387443548981409e+00 1.504672100935860668e-15 -2.243332592819459848e+00 1.648839287007954597e+09
8.311252777608634044e-04 -1.940672369090397975e+00 -2.201258464469379561e+00 8.337268673899477916e-13 -4.016933740075760539e+00 1.648839287008063793e+09
8.307651824944748461e-04 -1.942152597090724075e+00 -2.222588404088109648e+00 4.827823290946841135e-10 -5.788581797566688891e+00 1.648839287008125782e+09
8.274024493333675826e-04 -1.947500820418377687e+00 -2.212074556445897677e+00 2.390976661459720621e-09 -1.504526633202859287e+00 1.648839287009223461e+09
8.283764389759308263e-04 -1.945503619023350783e+00 -2.217386699146846496e+00 1.706957172777645659e-15 -6.097306945911995513e-01 1.648839287009409666e+09
8.324392580783386781e-04 -1.939813487023832161e+00 -2.176627423259686278e+00 6.207109929579417930e-09 -2.019004343959132086e-01 1.648839287009920359e+09
8.278414977257711384e-04 -1.948535480872048087e+00 -2.166018501178744948e+00 2.892104434021973985e-10 -1.967729029640223004e+00 1.648839287009951115e+09
8.264134319481311435e-04 -1.949213567162066063e+00 -2.158983051186241120e+00 8.446850275880398287e-15 -6.527411221705233579e+00 1.648839287009990215e+09
8.287320511690762391e-04 -1.947296102093672765e+00 -2.258178063298764471e+00 7.188660496071332589e-10 -7.853011839596289789e+00 1.648839287010004044e+09
8.330641523773221367e-04 -1.938955423692027891e+00 -2.190119111785451711e+00 2.071333049234122871e-15 -6.520523760835437166e+00 1.648839287011201620e+09
8.300296995685156696e-04 -1.942002972843946740e+00 -2.170888794221765394e+00 3.473016403146608809e-15 -3.978519837282184390e+00 1.648839287011420012e+09
8.315525839906381250e-04 -1.941671577257481074e+00 -2.223878161944189635e+00 6.522398422985242236e-14 -7.089486758833889901e+00 1.648839287011737585e+09
8.290546748723253085e-04 -1.947656994495883920e+00 -2.189400597580320795e+00 9.159765878050987327e-13 -3.324167748621444929e-01 1.648839287012382507e+09
8.331466136017904667e-04 -1.940243603390019222e+00 -2.221956496255993230e+00 2.146995776468021191e-10 -2.504153603098459691e+00 1.648839287012434483e+09
8.242277138731738664e-04 -1.951002162303503429e+00 -2.174903760117537832e+00 1.677916479707817443e-13 -2.687932434678285354e+00 1.648839287012992144e+09
8.280595134678567963e-04 -1.949085838692205197e+00 -2.196932940524288558e+00 1.020979137130195708e-07 -5.421464809836239240e+00 1.648839287013480186e+09
8.307114692510758581e-04 -1.941064005447456609e+00 -2.179971513370961844e+00 5.342388918035347259e-15 -1.589460696517539517e+00 1.648839287013606071e+09
8.317360884314607423e-04 -1.943783612212016010e+00 -2.216222164177320764e+00 1.265671264899481643e-12 -1.159038000081061170e+00 1.648839287013765574e+09
8.344045114824031597e-04 -1.938467008206668174e+00 -2.204853837075346323e+00 1.407733375205729019e-09 -5.055395454935274202e-01 1.648839287014196873e+09
8.311301428784347977e-04 -1.941219910456866815e+00 -2.168961355833608717e+00 8.537663462482674467e-14 -2.366368555585438571e+00 1.648839287014798403e+09
8.346061391074476726e-04 -1.939516006329522924e+00 -2.201540990501180683e+00 1.645324687876770501e-13 -1.544070404612162051e+00 1.648839287015080214e+09
8.316218032365709509e-04 -1.941403542966000373e+00 -2.222368987644794291e+00 4.636867480241484042e-13 -6.193662591542864249e+00 1.648839287015349150e+09
8.306921447675690885e-04 -1.942835439083320681e+00 -2.160608761822641721e+00 1.363586683807008356e-14 -5.831204736901156593e+00 1.648839287015481234e+09
8.281977353046614775e-04 -1.948034199799628885e+00 -2.203894988770215058e+00 1.448173519472525266e-09 -3.815083890193450955e+00 1.648839287015679121e+09
8.343623298506719008e-04 -1.940166956267444620e+00 -2.201178615044102393e+00 9.287612313713501023e-15 -6.256396614121776167e+00 1.648839287016361713e+09
8.260092349260625974e-04 -1.949467245596216092e+00 -2.198313149289561785e+00 2.314448551116522557e-09 -1.794044224609946170e+00 1.648839287017294407e+09
8.266996308397831558e-04 -1.946275839857850576e+00 -2.195177640972357569e+00 7.444731508160412990e-13 -4.994556313916717727e+00 1.648839287017513990e+09
8.316994235867562540e-04 -1.942936862862940206e+00 -2.165473375895946351e+00 7.738938439289494490e-10 -2.598917866438513080e+00 1.648839287017608643e+09
8.313360419776693981e-04 -1.944733656457503956e+00 -2.206134497733434063e+00 9.914727545237453401e-13 -1.143297231221147570e-01 1.648839287017724276e+09
8.299116654491088107e-04 -1.944586725535861316e+00 -2.223578557401018507e+00 1.916460210564320441e-12 -7.561954172247913775e+00 1.648839287017734528e+09
8.358274590700163001e-04 -1.938733477044699782e+00 -2.182043491652850165e+00 3.525692014047870895e-09 -6.205475156639499446e+00 1.648839287018044710e+09
8.279260718616733919e-04 -1.944168926560702726e+00 -2.180175536156944816e+00 7.005134698640616192e-15 -6.301047803617833232e+00 1.648839287018714666e+09
8.244057242866727978e-04 -1.949964228857696824e+00 -2.166959482958335848e+00 3.028071502503726776e-12 -3.795769181527623992e+00 1.648839287019471169e+09
8.323665843764699226e-04 -1.941392993562395031e+00 -2.167644920797700880e+00 6.087029217570967287e-11 -2.471073467409462765e+00 1.648839287019858122e+09
8.340632895263523422e-04 -1.938767205508541647e+00 -2.187387203550906101e+00 9.457019700372474921e-11 -1.283634216604236045e+00 1.648839287019895077e+09
8.281119439430215936e-04 -1.947856717274245808e+00 -2.162105164246918676e+00 1.470002677099437453e-09 -8.697016372041979082e-01 1.648839287020505428e+09
8.322572675160316629e-04 -1.940031885614773799e+00 -2.175158075468869523e+00 1.274555959057297603e-09 -4.606570472394999172e+00 1.648839287020637512e+09
8.246990890264262316e-04 -1.950049596009251207e+00 -2.162331075459323237e+00 1.924287077563058395e-14 -3.098093796453892601e+00 1.648839287021273613e+09
8.340450860514839193e-04 -1.939003022117928410e+00 -2.184948433857118566e+00 6.906171015258872500e-11 -1.220041700619396430e+00 1.648839287021670341e+09
8.385469879290111854e-04 -1.934287424932413346e+00 -2.178906322386377603e+00 1.414805490852064653e-08 -6.297858888390379661e+00 1.648839287021699667e+09
8.285468114429175163e-04 -1.948192311084855577e+00 -2.181750293188635670e+00 7.809052321083312571e-09 -3.016111222478111031e+00 1.648839287022480011e+09
8.340583885605072720e-04 -1.940368997903453296e+00 -2.186800405533956937e+00 2.655824736561678903e-12 -4.169882038544153069e+00 1.648839287022582293e+09
8.263740967688640261e-04 -1.950154088167329158e+00 -2.171772812223138782e+00 3.127833731878606676e-15 -2.751200041178238465e+00 1.648839287022912741e+09
8.336281984379719954e-04 -1.941086852220192283e+00 -2.213916472821733095e+00 4.249060454207083147e-15 -1.248217800017635604e+00 1.648839287022986889e+09
8.282047109310471328e-04 -1.947223866015908467e+00 -2.213041456173303168e+00 4.486896158352174310e-14 -9.071286020134330386e-01 1.648839287023214817e+09
8.247717857060321046e-04 -1.950733635977890845e+00 -2.183000009716977274e+00 1.891558122791713128e-15 -2.733122291242866986e+00 1.648839287024029255e+09
8.335914100247204025e-04 -1.941553971685447078e+00 -2.204554268746592438e+00 1.435071164380627886e-08 -1.641370846300274522e+00 1.648839287024958849e+09
8.285478015763690900e-04 -1.947753965831630296e+00 -2.202745723300801206e+00 1.451343580458080587e-12 -3.314374988852525128e+00 1.648839287025024176e+09
8.215819317876009008e-04 -1.957778423920556676e+00 -2.176759462363083486e+00 4.944142498085364142e-09 -7.720295920602828765e+00 1.648839287025102139e+09
8.295093542747439567e-04 -1.948349148670895925e+00 -2.199760140397153396e+00 8.330583957969331166e-08 -5.562429973092621438e+00 1.648839287025181532e+09
8.250050792169507817e-04 -1.948753453079417719e+00 -2.165296848441827571e+00 2.182585854342662037e-14 -2.944927803481958151e-01 1.648839287025439501e+09
8.245333964865279777e-04 -1.950619945273933009e+00 -2.181163130207660394e+00 1.419318081569147984e-15 -3.041126083020435189e+00 1.648839287025442839e+09
8.257516493798237878e-04 -1.949955138413455469e+00 -2.193502506091085547e+00 5.326083581731022599e-12 -7.071443602666152017e+00 1.648839287025756836e+09
8.292232199726588208e-04 -1.947332546594105818e+00 -2.196098502125572338e+00 1.609349620246983096e-10 -3.997260135798500258e+00 1.648839287026540518e+09
8.336872218302530078e-04 -1.943004561015805765e+00 -2.197026100103675716e+00 1.671754476917294762e-07 -4.679799711394618811e+00 1.648839287027019024e+09
8.337225440785474718e-04 -1.941380262856747807e+00 -2.196445378854500863e+00 4.779643056886079591e-14 -6.989513164044748095e+00 1.648839287027287960e+09
8.319814171439338449e-04 -1.940531905193207507e+00 -2.216219619106989835e+00 1.540027737437913228e-10 -1.581652658136158074e+00 1.648839287027402878e+09
8.278968081211323521e-04 -1.944624150003667173e+00 -2.164989526256382302e+00 2.057893841462040976e-15 -4.368854086081499943e+00 1.648839287028030396e+09
8.243722323084665994e-04 -1.950617294430229798e+00 -2.166735821770496173e+00 8.141842853917836412e-14 -6.939557479761625736e+00 1.648839287028283358e+09
8.285310321861784994e-04 -1.947377671381279152e+00 -2.162599957359291558e+00 1.331049050066826010e-13 -1.117800030897474706e+00 1.648839287028899193e+09
8.262372606769973057e-04 -1.949466305016944512e+00 -2.197398480641416185e+00 7.882893573329199969e-08 -2.851673260352777461e+00 1.648839287029243708e+09
8.316850237634166665e-04 -1.940270283375720606e+00 -2.204518909812735128e+00 4.786278744946618094e-12 -5.749613685988105516e+00 1.648839287029628277e+09
8.248246124599555159e-04 -1.950996779332292874e+00 -2.178380504857741151e+00 2.760052776674606399e-15 -6.877107853392241843e+00 1.648839287030114174e+09
8.281656944781901888e-04 -1.944939925277510362e+00 -2.202192231713546278e+00 4.629656879944903661e-07 -1.899504282465949601e+00 1.648839287030271769e+09
8.300731753428422077e-04 -1.942369841335104930e+00 -2.211761077574247558e+00 1.894584631500173300e-15 -1.074099838620938385e+00 1.648839287030591011e+09
8.255285132922553400e-04 -1.947694275969521716e+00 -2.171002938748740618e+00 4.170568221517788840e-08 -2.972504624533770290e+00 1.648839287030975103e+09
8.327547689674122096e-04 -1.942129862734672807e+00 -2.175103841232992608e+00 3.465663256912818612e-08 -2.654572431272116617e+00 1.648839287031456709e+09
8.347697186720642046e-04 -1.940853074478411155e+00 -2.216755386431678243e+00 3.408411919843864998e-10 -7.516650268025406589e+00 1.648839287031757116e+09
8.249475342955441427e-04 -1.950217507106398296e+00 -2.162096836239324915e+00 5.384595315167461280e-11 -2.109309723995067110e+00 1.648839287033246756e+09
8.249113234075985566e-04 -1.949302489818684148e+00 -2.163213149103903277e+00 8.820687181369609178e-09 -2.255448869097263831e+00 1.648839287035544872e+09
8.277412727494081303e-04 -1.948484725677874119e+00 -2.165166440928589342e+00 6.443601486966028050e-10 -9.880995823622455987e-01 1.648839287035892725e+09
8.334936961992480287e-04 -1.940191906811649547e+00 -2.176836132727167250e+00 1.892848513548802319e-11 -6.762242409007496846e+00 1.648839287035998344e+09
8.278687718841643830e-04 -1.948749542188757289e+00 -2.173591507288906932e+00 4.707938427433003786e-07 -1.254368404949518734e+00 1.648839287036566973e+09
8.277768973936842217e-04 -1.944968448373019188e+00 -2.201242615311427286e+00 2.634913934425564244e-14 -2.059022724138954707e+00 1.648839287036657095e+09
8.322603197350911903e-04 -1.939820989731542600e+00 -2.181284157297589399e+00 2.402675998780905955e-09 -3.269626165104861926e-01 1.648839287036874056e+09
8.288599061684224579e-04 -1.944276566696835129e+00 -2.213424548891461008e+00 6.613257670242546864e-08 -3.071735598192310235e+00 1.648839287038290739e+09
8.252866539165628788e-04 -1.948088954870027312e+00 -2.172297933990373853e+00 9.623747590583737689e-12 -3.124243316927114655e+00 1.648839287038514137e+09
8.337946555629065920e-04 -1.940456447724942413e+00 -2.215062342875682599e+00 2.084269403144137181e-09 -2.390881558493391346e+00 1.648839287039081097e+09
8.310897818371027878e-04 -1.940695333347929541e+00 -2.193943628153063763e+00 2.321635818269177238e-13 -6.883421392672367745e+00 1.648839287040079117e+09
8.371915053792281999e-04 -1.938453554140853408e+00 -2.196334612606584802e+00 1.656942695814630359e-08 -5.794262722829408574e+00 1.648839287040716410e+09
8.304514881838881250e-04 -1.945112049574001301e+00 -2.218995708109658960e+00 6.472274958570100672e-07 -8.349917311644103890e-01 1.648839287041907787e+09
8.303004491834436573e-04 -1.942576949264696928e+00 -2.217402967780204737e+00 1.216898448961021669e-15 -9.867333130014159792e-01 1.648839287042052746e+09
8.344188793541517431e-04 -1.939022467676212891e+00 -2.192748365095319230e+00 5.119024370986605403e-14 -4.908907589507464309e+00 1.648839287042426348e+09
8.251047967791320459e-04 -1.950892698062280939e+00 -2.171430117317163067e+00 2.358501537771207570e-08 -1.559104567682942033e+00 1.648839287043180704e+09
8.338578342265623097e-04 -1.939150346539930903e+00 -2.184785880210076581e+00 1.603539037642617833e-11 -3.215789023417460868e+00 1.648839287044800282e+09
8.242649481062729695e-04 -1.951008577887016093e+00 -2.171854993886123353e+00 2.685294310427909236e-07 -3.697144359066705910e+00 1.648839287044944048e+09
8.311047990869973538e-04 -1.942730763814121797e+00 -2.224115260993313026e+00 1.860201573221304442e-14 -6.992512984978019652e+00 1.648839287045047283e+09
8.253540156916795495e-04 -1.948016041051729541e+00 -2.169982798666493018e+00 2.993980055800409529e-11 -6.236795668259255798e+00 1.648839287045204163e+09
8.334018288147316883e-04 -1.938908906944479371e+00 -2.191070435845339226e+00 1.720003884938033270e-11 -4.880846088939625460e-01 1.648839287045370102e+09
8.316134639027865545e-04 -1.940205188974240880e+00 -2.191688688208573321e+00 1.455322422440797528e-10 -4.266504510415639828e+00 1.648839287045964956e+09
8.300696377899661419e-04 -1.942062870199745106e+00 -2.171485575465132545e+00 4.109135309983995990e-14 -6.160751701110829259e+00 1.648839287046388865e+09
8.306596912094466436e-04 -1.941141036255169983e+00 -2.192099374815994040e+00 6.459123045502522267e-13 -1.607501815817109048e+00 1.648839287047271729e+09
8.262275050773319708e-04 -1.950223971938805256e+00 -2.179565985373871584e+00 9.649965790760564019e-09 -3.028109225758870870e+00 1.648839287047369242e+09
8.287837149058914672e-04 -1.945520618462047935e+00 -2.157153889232124921e+00 3.690012905283851688e-14 -2.441302393215888600e+00 1.648839287047665834e+09
8.315770955516570920e-04 -1.940380659647598316e+00 -2.202963250807137729e+00 1.707892849093472345e-11 -6.699727167852685739e+00 1.648839287047721386e+09
8.270181184340055520e-04 -1.948609767265897963e+00 -2.160039251076155686e+00 3.321833290360956895e-12 -2.549604234187254015e+00 1.648839287048049688e+09
8.314571613443607961e-04 -1.940373179521327041e+00 -2.194852708949167841e+00 5.821944618778897169e-14 -1.326332625800606735e+00 1.648839287048052311e+09
8.329642245870595100e-04 -1.942511160702950157e+00 -2.191158088307278096e+00 6.614478459708327052e-12 -1.045029067383858035e-01 1.648839287048215389e+09
8.337818470617480195e-04 -1.938644948514374633e+00 -2.200124595917641646e+00 2.834723156427281537e-08 -3.358832215110503228e-01 1.648839287048227072e+09
8.339530611257621288e-04 -1.940003245708847412e+00 -2.184170061478820202e+00 3.839234308571667628e-12 -1.978347703039402106e+00 1.648839287048271656e+09
8.276189788262261439e-04 -1.949027110748396741e+00 -2.178813910222794359e+00 4.526956472778430771e-15 -1.580924639824051958e+00 1.648839287048501492e+09
8.324443846116834312e-04 -1.939563037329897544e+00 -2.200054814551656079e+00 8.681781106160215042e-15 -2.656311794984484109e+00 1.648839287049063444e+09
8.307857302737565140e-04 -1.945406581098956256e+00 -2.179566685867852627e+00 3.286384480923492203e-11 -1.646188322444814389e+00 1.648839287050900221e+09
8.334374578001835275e-04 -1.941668905578190607e+00 -2.204867610535837130e+00 4.261493426878852114e-11 -1.529059240584108359e+00 1.648839287051561832e+09
8.327531770291265881e-04 -1.940742804750712258e+00 -2.221167227677670830e+00 2.931841951162549890e-14 -1.891529249460759843e+00 1.648839287052235365e+09
8.328191782534515464e-04 -1.942627517963835704e+00 -2.205324730634104391e+00 7.115780046377628096e-12 -4.182665059731055734e+00 1.648839287053715229e+09
8.337132695906423769e-04 -1.939013491493726038e+00 -2.208243922636159873e+00 2.652421979775354763e-10 -3.648637673983916585e+00 1.648839287055975437e+09
8.324584385532528535e-04 -1.940415202991175647e+00 -2.217715685901021416e+00 1.971696993028039551e-10 -1.781760057412015819e+00 1.648839287056186199e+09
8.307417742617422517e-04 -1.941599455246411310e+00 -2.210281263689310549e+00 4.083630355048047401e-11 -3.792327973287505927e+00 1.648839287057036400e+09
8.330140280072875466e-04 -1.941929726766346453e+00 -2.180269932861324644e+00 2.898337432323402028e-12 -4.212961889350257394e-01 1.648839287057240009e+09
8.341799898303962468e-04 -1.938813859481879787e+00 -2.194001644354916625e+00 2.165983393597346072e-15 -1.460588091987553128e+00 1.648839287057667017e+09
8.330042001525228470e-04 -1.940858774177201873e+00 -2.150826307931750225e+00 9.475914305802194229e-10 -7.414404295286560753e+00 1.648839287057774067e+09
8.262175294626892619e-04 -1.949994481447982597e+00 -2.186869667838754694e+00 1.331932648269854284e-10 -1.517201582702381479e+00 1.648839287058406591e+09
8.333980632311736121e-04 -1.938997599134215655e+00 -2.190365332787848729e+00 1.416403429418829792e-12 -5.119491111354550483e-01 1.648839287058885574e+09
8.328025867204178010e-04 -1.939468863616483629e+00 -2.206038832538111727e+00 4.662436229012587514e-15 -1.272388477521158023e-02 1.648839287059320450e+09
8.206463532756183565e-04 -1.955671211321335479e+00 -2.143151891186362512e+00 2.354487212632734637e-08 -6.452798373980764168e+00 1.648839287060899019e+09
8.306398069191519261e-04 -1.944027247074671783e+00 -2.221937467873148719e+00 1.099914218244151738e-09 -2.355408715963022814e+00 1.648839287060920954e+09
8.281338173021223501e-04 -1.944873167256932156e+00 -2.206125883208402971e+00 6.710894134091283459e-08 -3.217494416236822197e+00 1.648839287060921907e+09
8.244961524734330510e-04 -1.948212822827933621e+00 -2.187203715115521252e+00 8.214616079847430902e-10 -7.082903222249099962e+00 1.648839287061120033e+09
8.250518518948875713e-04 -1.948738413361235100e+00 -2.168600945567273452e+00 1.933253013100257567e-10 -1.398588118032488836e+00 1.648839287061273098e+09
8.309997441304114952e-04 -1.943356059360795252e+00 -2.163090745584609564e+00 1.265174628848773086e-13 -7.746571018602126379e+00 1.648839287061849356e+09
8.326132186437998480e-04 -1.942296699840353691e+00 -2.175908515235490892e+00 6.661735931125249336e-15 -3.436766078202870389e+00 1.648839287063595533e+09
8.296777733549626612e-04 -1.943731125926501102e+00 -2.160137570738160484e+00 4.315646108012792856e-15 -1.118609572139094510e+00 1.648839287064082861e+09
8.291358702227627150e-04 -1.946539227054242094e+00 -2.212259344437775610e+00 1.179416279147280414e-09 -4.544919794116596634e+00 1.648839287064323664e+09
8.329901124116676804e-04 -1.940616555237579366e+00 -2.220774778986678299e+00 6.362416618544597338e-08 -5.441550951644531509e-01 1.648839287064586878e+09
8.285211330765951312e-04 -1.944457779460666114e+00 -2.161285820007686098e+00 1.878417588447664647e-13 -5.488812850968629142e+00 1.648839287065116167e+09
8.292039546069594888e-04 -1.947188012493784370e+00 -2.174382647992747497e+00 7.355290647458223597e-14 -4.597652143901607147e-01 1.648839287065802097e+09
8.252321710837820859e-04 -1.949713721781477949e+00 -2.188658925394280086e+00 5.527954487920708006e-14 -3.735033039032907176e+00 1.648839287065838814e+09
8.258177738601573357e-04 -1.947532286455598838e+00 -2.184426881003326493e+00 2.196341487008452721e-15 -6.519566687932851323e+00 1.648839287066078663e+09
8.250168259540779491e-04 -1.950310911428898564e+00 -2.164663095061332587e+00 2.201798278932379708e-14 -1.316001532603865876e+00 1.648839287066328049e+09
8.338056196511813489e-04 -1.939226205024908944e+00 -2.186237236052542610e+00 2.050159656077885751e-11 -4.160163293237580717e+00 1.648839287067968607e+09
8.295922323253538148e-04 -1.944245553144954952e+00 -2.219756655393054778e+00 7.244717771389162130e-12 -6.294770911631870192e+00 1.648839287068667650e+09
8.339684266554551421e-04 -1.940217005781969206e+00 -2.188071133365561582e+00 4.705944856008893477e-14 -2.979157249476430458e+00 1.648839287069506168e+09
8.301625576518779741e-04 -1.945719542151502557e+00 -2.169654700197882313e+00 1.999329829458658865e-11 -5.320450727189770745e+00 1.648839287069867373e+09
8.260760927117402185e-04 -1.949206527387176147e+00 -2.160213561805088833e+00 2.324179283684134137e-12 -4.703211286642964950e+00 1.648839287069990396e+09
8.234229743570293907e-04 -1.956571950351556843e+00 -2.160985645741300587e+00 1.331590959122844036e-08 -6.396978282107087743e+00 1.648839287071166039e+09
8.312529490594072236e-04 -1.944626478194983576e+00 -2.177843930556595975e+00 4.268924592042931836e-12 -5.094277171539305371e+00 1.648839287071645975e+09
8.320498484965621437e-04 -1.942001291410806463e+00 -2.168219551806168433e+00 2.769677081973514040e-15 -4.492293471963261453e+00 1.648839287074131966e+09
8.337356508633064463e-04 -1.938967783304037962e+00 -2.203881984174948627e+00 5.801918247376880247e-15 -3.434864460773688677e+00 1.648839287074251175e+09
8.299253478100785016e-04 -1.943411434733691490e+00 -2.218182549317766927e+00 2.255079339059807479e-09 -3.035548482952943772e+00 1.648839287074423075e+09
8.262389335241770950e-04 -1.949170419209154792e+00 -2.196982847874463296e+00 6.912085825730686034e-14 -2.560090317941754456e+00 1.648839287074606180e+09
8.279327893904561871e-04 -1.946292892490852688e+00 -2.212308495625351590e+00 4.884077644593985032e-15 -7.423108871910280016e+00 1.648839287074965239e+09
8.321824765226884914e-04 -1.943325576628778917e+00 -2.180622405107287776e+00 2.768767077191004167e-14 -1.116023957149510970e+00 1.648839287074972868e+09
8.246673165762436917e-04 -1.949807183070834560e+00 -2.175385086691191461e+00 2.448829816466535883e-12 -3.398558294979329375e+00 1.648839287075679541e+09
8.328669915729933421e-04 -1.941338495420078747e+00 -2.219126264951832184e+00 6.570106479553787748e-13 -5.710929272285437008e+00 1.648839287075944662e+09
8.285496304868309684e-04 -1.943798556911626729e+00 -2.196151846484478920e+00 1.344226491878101791e-10 -5.095427376050674084e-01 1.648839287076175690e+09
8.329691923861865443e-04 -1.939365984405421850e+00 -2.187479476783378729e+00 5.662400619400721063e-15 -3.589519626458203660e+00 1.648839287076444864e+09
8.268480266126695694e-04 -1.946235562439749600e+00 -2.197209192250913379e+00 1.847031816461923756e-09 -5.158824918457350250e+00 1.648839287077407837e+09
8.279275149553246959e-04 -1.947291586196429947e+00 -2.159172267597774919e+00 4.579187753362774040e-09 -3.929565330436775028e-01 1.648839287077814341e+09
8.311747124584287954e-04 -1.941189205764547232e+00 -2.210563855866075400e+00 3.093781505875815881e-08 -3.554828000815932754e-01 1.648839287079011202e+09
8.254051175996669591e-04 -1.951033543782060287e+00 -2.179376821794893448e+00 4.524170156200755466e-07 -5.240711451458830439e-01 1.648839287079437733e+09
8.311086568101064102e-04 -1.944163009799251940e+00 -2.216456815777358980e+00 5.189669710880318842e-13 -1.857103831200355160e+00 1.648839287079526901e+09
8.272129605943548403e-04 -1.948696355875697339e+00 -2.198780227279912403e+00 5.248047533667508780e-10 -6.976626868359439015e-01 1.648839287082445383e+09
8.251823431170826400e-04 -1.948632460258057808e+00 -2.168882949262568971e+00 1.601764000465739964e-11 -1.386284596246178502e+00 1.648839287083336115e+09
8.332288279744817132e-04 -1.939670448883507703e+00 -2.181293559632714540e+00 2.013666022944519364e-10 -4.407336588497440033e+00 1.648839287083874226e+09
8.284161402538431579e-04 -1.945561432715898986e+00 -2.213983660299743583e+00 7.817107832029171381e-13 -5.260153449420196026e+00 1.648839287085239172e+09
8.326479533451677274e-04 -1.940542118510874214e+00 -2.217715895293396855e+00 3.158815373837644491e-10 -2.907611727093170728e+00 1.648839287085409403e+09
8.324493234123371381e-04 -1.941588996417388246e+00 -2.219249173320247959e+00 1.092240728727220228e-07 -2.293978432041932081e+00 1.648839287086254597e+09
8.291135266465223192e-04 -1.946528773751230901e+00 -2.208919415332138314e+00 1.723789335505153061e-07 -2.503890034074415460e+00 1.648839287087060928e+09
8.339797635990703600e-04 -1.938978556316587110e+00 -2.199750362962320072e+00 2.471734464907568507e-13 -1.696108932041207495e+00 1.648839287087667704e+09
8.392569525910741936e-04 -1.933079185793356025e+00 -2.199740219515800899e+00 6.901901486976434354e-10 -7.979753255948192958e+00 1.648839287088071346e+09
8.252926419170113388e-04 -1.950191186250422204e+00 -2.184256859223119296e+00 8.234787478299936420e-15 -2.399513003912667308e+00 1.648839287088339567e+09
8.333480527008864380e-04 -1.941612941922542079e+00 -2.204739620286621626e+00 1.659938898496350097e-12 -3.907059934989712602e+00 1.648839287088438272e+09
8.278540322694018239e-04 -1.948087703988709452e+00 -2.201591934529070649e+00 1.168160430892122044e-13 -1.190403482314336792e+00 1.648839287088441372e+09
8.300903598205110765e-04 -1.944816833444553250e+00 -2.206039882057071466e+00 9.786650037107227341e-07 -1.788722782255311117e+00 1.648839287088688374e+09
8.342281586741650710e-04 -1.939366794683504036e+00 -2.200209728135936071e+00 8.210281113837231218e-15 -2.321725990320129718e+00 1.648839287089174986e+09
8.264998358485784640e-04 -1.948609273781048312e+00 -2.200022461307822308e+00 2.751367708636376896e-13 -4.415543364369828083e+00 1.648839287089472771e+09
8.340343016046237535e-04 -1.939590006016304047e+00 -2.208422116674376046e+00 1.957608947505231908e-10 -5.057415469445965428e+00 1.648839287089826107e+09
8.299547534235221817e-04 -1.942887865078075427e+00 -2.164671533348171195e+00 9.640797224692869328e-15 -2.264786128642825247e+00 1.648839287090509415e+09
8.326880470698113127e-04 -1.939552148915535401e+00 -2.202102114253570164e+00 8.372693952216584909e-10 -4.746788661565422451e+00 1.648839287090554237e+09
8.341895070292496862e-04 -1.939706124023746536e+00 -2.197676031862031643e+00 1.095989475054104205e-15 -3.097597780730967365e+00 1.648839287091011763e+09
8.308270966625462594e-04 -1.942928095008115585e+00 -2.163338395917232759e+00 2.156866504982291670e-12 -1.111999555901516779e+00 1.648839287092429399e+09
8.261565092544847014e-04 -1.946953668005662719e+00 -2.171224134252853322e+00 3.867016552336150253e-09 -1.982006692010812365e+00 1.648839287092902184e+09
8.286872575223862714e-04 -1.943708557087810096e+00 -2.170224677815517644e+00 2.018857889174480971e-08 -3.220863262363721446e+00 1.648839287093791246e+09
8.328400810171123457e-04 -1.939628816157574320e+00 -2.206421115710075931e+00 1.599009287603005455e-13 -6.633472261587290753e+00 1.648839287093919992e+09
8.290121528013242843e-04 -1.944687336482370910e+00 -2.183713868100136679e+00 9.427621845674483759e-07 -2.108887231047202881e+00 1.648839287094246864e+09
8.320665089728605064e-04 -1.943542217310629816e+00 -2.204634587319521000e+00 2.077166690366269356e-13 -2.907434541981641196e+00 1.648839287094252586e+09
8.328122162755347479e-04 -1.940020154073340386e+00 -2.212981974078083169e+00 5.139834520534733028e-15 -5.789318852256234216e+00 1.648839287094515800e+09
8.288517282003016228e-04 -1.947747953541984822e+00 -2.187261748696795571e+00 1.698011530134024952e-07 -3.154416677282703141e+00 1.648839287095362663e+09
8.331142347932203812e-04 -1.940864657790682291e+00 -2.217734362063398912e+00 2.288668072164973616e-09 -4.309167572171723748e+00 1.648839287095649719e+09
8.254208070456282376e-04 -1.949779291155866900e+00 -2.187517854242086557e+00 6.825352133633568929e-11 -2.634448236583118330e+00 1.648839287096385956e+09
8.336744194631448427e-04 -1.940077470775334323e+00 -2.212300106659798704e+00 6.694032112804310791e-14 -5.937290262292703957e+00 1.648839287097026110e+09
8.325535682324092419e-04 -1.940149435763263153e+00 -2.178097669569019956e+00 3.466818035304690768e-13 -6.709097391640364449e+00 1.648839287097187996e+09
8.256708450271839968e-04 -1.947961295316622987e+00 -2.172366072595036446e+00 1.496511779309755018e-07 -2.076171258994520485e+00 1.648839287097261429e+09
8.278387789108946704e-04 -1.944551282931335834e+00 -2.177979446806020292e+00 1.555568440712507584e-13 -7.237240673389395695e-01 1.648839287097349405e+09
8.308182920736200501e-04 -1.945490876151204640e+00 -2.188487364870469687e+00 6.080110241605113208e-11 -7.183078663868900371e+00 1.648839287098195553e+09
8.249814871173062570e-04 -1.950241194353852014e+00 -2.179746871823242227e+00 7.776047350955949224e-13 -2.829469732424249706e+00 1.648839287099709034e+09
8.294343847749083200e-04 -1.943866539816931249e+00 -2.214630010252144565e+00 3.294688488367585846e-15 -6.719049956825839942e+00 1.648839287099852800e+09
8.270811334548900610e-04 -1.949318492675097936e+00 -2.176166738706021953e+00 4.347046511244445835e-09 -2.726756936244264296e+00 1.648839287100478649e+09
8.335737654345264135e-04 -1.939160459389983604e+00 -2.192310366598342330e+00 1.585857650923287858e-15 -6.777083412352729930e+00 1.648839287100804806e+09
8.298530142628827294e-04 -1.944748893703615256e+00 -2.218745644159586750e+00 6.718816881308954884e-15 -6.499663599622474308e+00 1.648839287101643801e+09
8.260921081046211254e-04 -1.949935078265311317e+00 -2.184438109811347672e+00 5.344772623615877863e-15 -2.790863948636021163e+00 1.648839287101654053e+09
8.303082469188888520e-04 -1.945533254747976448e+00 -2.208976684110986799e+00 8.078654259668557050e-08 -5.539787379337637319e-01 1.648839287102123737e+09
8.266270610397225644e-04 -1.948882731558940096e+00 -2.161891906550689413e+00 1.438904210404109113e-10 -4.444083234419125006e-01 1.648839287102295399e+09
8.286652740415159559e-04 -1.944010309154234006e+00 -2.202402402092207723e+00 2.558406029126748745e-14 -1.692369304544566688e+00 1.648839287102760553e+09
8.263890034180130162e-04 -1.949820468805008700e+00 -2.172312300989844847e+00 1.465426309241235989e-09 -2.367461642405047861e+00 1.648839287103120804e+09
8.255808015312125162e-04 -1.949160643266119708e+00 -2.190218232654877806e+00 9.523175924639039611e-10 -2.784982404197775097e+00 1.648839287103199244e+09
8.330288357069396115e-04 -1.939520190136305944e+00 -2.205302971853632332e+00 4.281230963709560047e-14 -1.364833357693575167e+00 1.648839287103542805e+09
8.337178095219024065e-04 -1.939450949445406858e+00 -2.187787107284506316e+00 1.017847289116726109e-15 -7.274797002707265925e+00 1.648839287103629589e+09
8.275068997155499888e-04 -1.945041423883424159e+00 -2.184184548570950568e+00 1.512665458917331690e-13 -4.605366636697117322e+00 1.648839287103727341e+09
8.340247421550057950e-04 -1.938213010733904174e+00 -2.194053214969776011e+00 8.438708878738373257e-10 -6.350363745108188240e+00 1.648839287104218483e+09
8.306081405132102660e-04 -1.944027583444005502e+00 -2.219650639316993690e+00 3.932621107111847096e-15 -1.240873314673565986e+00 1.648839287104299068e+09
8.327408024112326187e-04 -1.939612506412433657e+00 -2.202073105548863374e+00 1.472562701633879987e-08 -3.282842116229146789e+00 1.648839287104379892e+09
8.248705538590953143e-04 -1.950331526414250449e+00 -2.170878879922939930e+00 2.173483825896736520e-15 -5.859933607745453799e+00 1.648839287104884148e+09
8.289000689356154986e-04 -1.943329257158123102e+00 -2.191364174362241624e+00 5.345690827601391631e-13 -3.526344188729025220e+00 1.648839287105579376e+09
8.257948044585299843e-04 -1.948583347033896462e+00 -2.161461279183563899e+00 5.852720137043849075e-13 -1.284626035324488491e+00 1.648839287105656862e+09
8.276117528044849968e-04 -1.948633334137164885e+00 -2.170195134000409976e+00 4.766123411474882137e-13 -1.153821962356552433e+00 1.648839287106930494e+09
8.333641315718337897e-04 -1.941092912923268132e+00 -2.211087946494679990e+00 9.776624698796391053e-14 -4.685899152489684028e+00 1.648839287107211590e+09
8.332484786542685394e-04 -1.942489322769787918e+00 -2.176541507596694736e+00 1.849542486365307835e-07 -4.535961594205506486e+00 1.648839287107341528e+09
8.288276797804464222e-04 -1.949285124623492571e+00 -2.179139547536871557e+00 5.605112304198420962e-10 -7.545575075552815036e+00 1.648839287107359648e+09
8.330456601873326757e-04 -1.941688257094072112e+00 -2.182421255646839864e+00 1.395605409928022971e-12 -5.858912845554275606e+00 1.648839287107673407e+09
8.276491404831571880e-04 -1.945064256424142268e+00 -2.168233464217177442e+00 1.845944072047297961e-14 -1.316461339305572409e-01 1.648839287107818842e+09
8.260577678095590379e-04 -1.947157695803964694e+00 -2.172528035850675110e+00 2.331893085185564032e-13 -6.049248384067523965e+00 1.648839287108329296e+09
8.332646428245063085e-04 -1.940972311258462035e+00 -2.213666362706231183e+00 4.626863459161114050e-15 -5.636225040607740766e+00 1.648839287108946085e+09
8.296816439828022787e-04 -1.943535749081368946e+00 -2.214420928706808844e+00 4.852344139895076692e-12 -5.050812091542983495e+00 1.648839287109412670e+09
8.254035066109589652e-04 -1.948812206218480725e+00 -2.184973477213824289e+00 3.262516265683892600e-14 -7.395714614391362574e+00 1.648839287110610008e+09
8.324962237669960956e-04 -1.940054987788792706e+00 -2.208366256188250887e+00 1.993612386709982655e-15 -6.864757780187288105e+00 1.648839287110979557e+09
8.295406355295911142e-04 -1.942553822170687061e+00 -2.181550049857417850e+00 1.460965418928348344e-11 -5.347587711871703675e+00 1.648839287111175537e+09
8.294722854568760623e-04 -1.942722542679616193e+00 -2.176199601342164947e+00 2.934243231575195348e-12 -2.359311724061234017e+00 1.648839287111239195e+09
8.333423128926533471e-04 -1.941082196969638796e+00 -2.183796095715540453e+00 2.360606608037869544e-12 -4.204236504828466892e+00 1.648839287111344814e+09
8.248915073987654872e-04 -1.951469157150628853e+00 -2.158799518124990602e+00 1.084040900600420824e-09 -6.640756067171780685e+00 1.648839287111850739e+09
8.283745694993872042e-04 -1.943919194470596690e+00 -2.180505853125082716e+00 8.785338740434738750e-13 -1.951352780597074954e+00 1.648839287112011194e+09
8.276080408572202441e-04 -1.948720231366683597e+00 -2.220471031760759661e+00 4.891385459188503602e-09 -5.985208557010860630e+00 1.648839287112037420e+09
8.299161484690243881e-04 -1.943453714519060016e+00 -2.162514977013229700e+00 1.656189659992011068e-15 -4.588564120994361062e+00 1.648839287112979174e+09
8.324137343750609257e-04 -1.942586837583601733e+00 -2.178344336331079489e+00 1.926321673759415502e-13 -1.207111206774014178e+00 1.648839287113092899e+09
8.293664366678943356e-04 -1.946875679947900339e+00 -2.170990045884718000e+00 2.717729183347680157e-07 -7.063004733801223622e-01 1.648839287115864038e+09
8.252588058575806903e-04 -1.949807964648633263e+00 -2.183728600260665509e+00 4.286589006018677857e-13 -4.427935936413588180e+00 1.648839287116092443e+09
8.255830575544368700e-04 -1.948160255533028185e+00 -2.181250429522211487e+00 2.052091876356863239e-12 -3.906286458585675803e+00 1.648839287116131306e+09
8.286502998730255025e-04 -1.944166202136909716e+00 -2.187835570936329965e+00 3.639077434495583422e-07 -2.483903275178402481e+00 1.648839287116597176e+09
8.254155037269911331e-04 -1.948434679361583655e+00 -2.179007301712414524e+00 3.527077493636366386e-12 -1.683341711719319456e+00 1.648839287117842436e+09
8.300854137487512349e-04 -1.948392993006584861e+00 -2.166903776147600880e+00 6.171273622703787739e-08 -5.260606961635016177e+00 1.648839287118854046e+09
8.249740137427632406e-04 -1.950080554521951282e+00 -2.169536036433857618e+00 9.586493558469009041e-13 -6.613389379316426009e+00 1.648839287118953228e+09
8.258262879656271373e-04 -1.949984703978767664e+00 -2.183262351804281298e+00 4.229567691820265787e-12 -3.101059623561519096e+00 1.648839287119407177e+09
8.328345513704638959e-04 -1.941217804593190710e+00 -2.216418131249823009e+00 5.146833642440378791e-14 -3.755807973227174301e+00 1.648839287120027304e+09
8.271572186400930320e-04 -1.946234252210679472e+00 -2.198375428821961464e+00 1.510305963600218337e-10 -1.505697973190595285e+00 1.648839287120406389e+09
8.270660790536213955e-04 -1.948265303303800655e+00 -2.201174128058974055e+00 2.218916557693316342e-10 -1.150324240212556859e-01 1.648839287120522022e+09
8.371221430713428986e-04 -1.937746022032852400e+00 -2.222994942699351384e+00 9.511703132739449544e-10 -7.424660215988753365e+00 1.648839287121317625e+09
8.298843565038387365e-04 -1.946114540611776578e+00 -2.173702201262051048e+00 6.263388057769736773e-11 -4.001595886969775862e+00 1.648839287122445107e+09
8.298720697448194565e-04 -1.945922805484133544e+00 -2.204617952417614823e+00 2.650403353055577593e-07 -1.725520253859750497e+00 1.648839287122960329e+09
8.312735865531383026e-04 -1.941748418713106439e+00 -2.169098229170752568e+00 2.861758495785508855e-14 -6.591079650071411500e+00 1.648839287124163389e+09
8.323716738704390944e-04 -1.940718235540156433e+00 -2.213822171635532854e+00 2.878036888520046144e-07 -1.315830764861718905e+00 1.648839287124289989e+09
8.305070778341810175e-04 -1.941727083169034085e+00 -2.200528287335297151e+00 2.545778514166340231e-14 -6.690929049830225850e+00 1.648839287124547720e+09
8.323616030938012396e-04 -1.940413012956781147e+00 -2.212919782295600157e+00 3.166195653434109491e-08 -4.586733674196974420e-02 1.648839287126082182e+09
8.278834986755365891e-04 -1.945461747771434657e+00 -2.203773684807164734e+00 1.586146220570156139e-08 -1.926864149153026062e+00 1.648839287126471043e+09
8.329456095306545481e-04 -1.939951426415172708e+00 -2.182270937576606062e+00 2.745440175593607838e-15 -2.500624891345702316e+00 1.648839287127611876e+09
8.313917950470518575e-04 -1.943974257498836344e+00 -2.210991459318793151e+00 1.082870027518471432e-14 -3.068524456794600397e+00 1.648839287127616405e+09
8.257790087673056844e-04 -1.948808520781777132e+00 -2.190349325705596595e+00 4.496535598110873116e-14 -3.099528161663561932e+00 1.648839287129681826e+09
8.279684077890729068e-04 -1.944577939490228724e+00 -2.188058169878674963e+00 4.600922523253038815e-14 -5.812605675518634385e+00 1.648839287131667614e+09
8.271907671352125586e-04 -1.948907943085505634e+00 -2.169595425000977684e+00 6.394334910505585598e-11 -3.987191552246256876e+00 1.648839287131985188e+09
8.265206401386568933e-04 -1.948138788029108559e+00 -2.160474274403686668e+00 2.318017025786449327e-14 -7.219792350936270253e+00 1.648839287132240057e+09
8.327254548590764908e-04 -1.942036529677461765e+00 -2.211313334179329182e+00 1.896450294819541380e-08 -3.003780530995909359e+00 1.648839287134645462e+09
8.325282464281415868e-04 -1.941154500286152995e+00 -2.216692378458332335e+00 1.189420871285012311e-13 -5.205782095789945885e-02 1.648839287134719610e+09
8.316453209888315405e-04 -1.944024664194234475e+00 -2.184595146754139350e+00 5.093541572488515904e-12 -4.147261229279939343e-01 1.648839287135783434e+09
8.323910471071209721e-04 -1.940684665883816384e+00 -2.213780866515203449e+00 2.186292978892773611e-09 -4.015373665342591991e-01 1.648839287136117697e+09
8.267163223151195988e-04 -1.946855162512712845e+00 -2.194220583796618662e+00 1.862991840279268467e-12 -1.803977105446286089e-02 1.648839287138447762e+09
8.323048109364779810e-04 -1.941600680219555564e+00 -2.173154786512419445e+00 1.875111603464852578e-12 -1.952613116852885966e+00 1.648839287140614986e+09
8.282553102669790645e-04 -1.945166095834496511e+00 -2.161751464290964542e+00 2.218325348932821436e-13 -5.938713559422860833e+00 1.648839287141145945e+09
8.298180608463202402e-04 -1.942762784810453169e+00 -2.170142666683577026e+00 1.004672216208247495e-14 -3.387234343536162484e+00 1.648839287141688824e+09
8.302049932245135619e-04 -1.944780558552898775e+00 -2.215131071163950249e+00 1.682636016470073401e-13 -1.444871499701048556e+00 1.648839287142289639e+09
8.256189373702986457e-04 -1.948269932232054025e+00 -2.180858543967157726e+00 1.790973395544377832e-12 -6.908071240194644247e+00 1.648839287142706871e+09
8.295834414914869800e-04 -1.943888708677666166e+00 -2.213677938290042668e+00 1.345213831105236598e-12 -2.198914422270422442e+00 1.648839287146186113e+09
8.313162965531633404e-04 -1.944505479852202345e+00 -2.195354346803725765e+00 5.403574593492850098e-11 -1.940924009203347289e+00 1.648839287147174835e+09
8.287465376973689396e-04 -1.947615905248549550e+00 -2.167015498687794306e+00 7.336535172373127256e-08 -3.888303248400306167e+00 1.648839287147561789e+09
8.321639071248674311e-04 -1.940593653240724414e+00 -2.178525529985880116e+00 1.813909506888766525e-15 -1.901592532666789737e+00 1.648839287149255514e+09
8.263046122959604974e-04 -1.947832384857802523e+00 -2.192711677385875912e+00 4.725334389252136259e-08 -2.891298915109436152e+00 1.648839287151321650e+09
8.298713532311789362e-04 -1.941780812606835438e+00 -2.169425054504058981e+00 9.894351878431757003e-08 -4.837980335715270641e+00 1.648839287151442528e+09
8.302511891454309291e-04 -1.945841992620430227e+00 -2.191512602846156899e+00 5.289755173780697317e-13 -3.455249706783527053e+00 1.648839287152152061e+09
8.312727396594357838e-04 -1.941835004940427822e+00 -2.170068806240470938e+00 1.135911289775790438e-09 -1.523643521036158077e+00 1.648839287152641773e+09
8.330989562575062289e-04 -1.939633305480626291e+00 -2.199202408978893519e+00 3.340545968135636070e-11 -2.900561116286666241e+00 1.648839287152696371e+09
8.263170141131856872e-04 -1.947008476800208499e+00 -2.180764129988690847e+00 1.064612218497942470e-12 -4.764331273793871446e+00 1.648839287152853251e+09
8.364939321490523928e-04 -1.937851990708865824e+00 -2.204507900527866937e+00 6.625335924301477962e-09 -5.956228396326205932e+00 1.648839287153478384e+09
8.254823220864702287e-04 -1.948638983684765735e+00 -2.169094628604406161e+00 8.406569706508665648e-10 -9.472201624996685609e-01 1.648839287153501987e+09
8.256273659025892622e-04 -1.948278867678455040e+00 -2.179241609360428988e+00 3.198031379506455180e-12 -5.530221597966709979e+00 1.648839287153559685e+09
8.292533113102039171e-04 -1.943806291342837556e+00 -2.207991772634962935e+00 7.938140990343239086e-14 -2.288826235507578133e+00 1.648839287154230833e+09
8.262362032985665072e-04 -1.949695663057172901e+00 -2.180257205277324140e+00 6.910844415490950989e-13 -7.807897072988696507e+00 1.648839287154254436e+09
8.311307349989925696e-04 -1.942403119121121513e+00 -2.168023295443891829e+00 5.266437737986347134e-08 -2.421171724934682246e+00 1.648839287154776335e+09
8.325000265998713008e-04 -1.942104956070125565e+00 -2.178642384153361533e+00 4.901000560160125979e-09 -2.376449167163113607e+00 1.648839287156348467e+09
8.305741637783383780e-04 -1.944931783203695197e+00 -2.172352466945565830e+00 1.476389591498538420e-13 -2.424204150119962264e+00 1.648839287157011986e+09
8.276696031342635138e-04 -1.948576751775380478e+00 -2.179128013171507394e+00 8.245853032943756188e-14 -1.121545999862409104e+00 1.648839287157985210e+09
8.272194343059620933e-04 -1.948562409178010713e+00 -2.166501054160697048e+00 2.470714013727183111e-09 -3.555715944205865675e+00 1.648839287158131361e+09
8.298681814268936809e-04 -1.943354568986756181e+00 -2.165062499539033070e+00 1.054233378881565785e-15 -4.860410830640856439e+00 1.648839287158888578e+09
8.300018912667742749e-04 -1.942757406865139647e+00 -2.206805269226970623e+00 1.628714388915919596e-08 -1.495602341937355639e+00 1.648839287159692764e+09
8.306679716974743220e-04 -1.944298415459201790e+00 -2.168027882548441365e+00 4.159330898962868980e-10 -2.333930102581036614e+00 1.648839287159970999e+09
8.329560094957839727e-04 -1.939804360633410329e+00 -2.201839603820468838e+00 3.670563962614739733e-11 -2.279263395424969474e+00 1.648839287160018444e+09
8.276642274170128294e-04 -1.947244653327209640e+00 -2.204961203113759538e+00 2.834119352702197148e-14 -2.663969838825454239e+00 1.648839287160355091e+09
8.317705278957197726e-04 -1.940806591925172242e+00 -2.205883138361314888e+00 2.290057987194614668e-10 -1.227772937813933929e+00 1.648839287160629034e+09
8.291669679770789130e-04 -1.943235317017832475e+00 -2.192990545905878719e+00 2.486736643349237057e-11 -4.547317153493226627e+00 1.648839287160662889e+09
8.261984996466407863e-04 -1.947059177949116204e+00 -2.172904403013684593e+00 6.017874631520160032e-09 -4.357463509868027884e+00 1.648839287161516666e+09
8.264467014210030889e-04 -1.946787530015483991e+00 -2.174506572804312476e+00 3.313176427753875485e-12 -7.065990449396816864e+00 1.648839287161544800e+09
8.287663522350595738e-04 -1.946142937374275572e+00 -2.215370108519281622e+00 5.819729669359729585e-11 -7.637626226659266493e+00 1.648839287161928892e+09
8.295728562093642507e-04 -1.946460814512702031e+00 -2.176565614587983699e+00 1.853103792230580637e-10 -2.652890783534427754e+00 1.648839287162129879e+09
8.315954012791674154e-04 -1.940881966587922225e+00 -2.180292209579082652e+00 4.711382680628423034e-09 -4.699816357699706515e-01 1.648839287162630320e+09
8.275947739645836843e-04 -1.945324863579575680e+00 -2.169432303239440696e+00 1.087422647416410954e-11 -3.996541407337772078e+00 1.648839287162963152e+09
8.262621790818503939e-04 -1.947805472764897239e+00 -2.163655483309854244e+00 2.746418570219896663e-11 -3.705479690898437539e+00 1.648839287163117886e+09
8.281072524726758137e-04 -1.945403931165873290e+00 -2.204675361353054086e+00 1.050119062165957051e-14 -6.954924638070020038e+00 1.648839287164026499e+09
8.305746788615955660e-04 -1.941728959931330545e+00 -2.180312867053825432e+00 1.431117779913180214e-14 -1.982547127751006499e-01 1.648839287164136648e+09
8.312924678466424716e-04 -1.944043945136387785e+00 -2.208580138114035307e+00 1.495843848902984193e-13 -3.319505384389760394e-01 1.648839287164216518e+09
8.282790103389196237e-04 -1.946003431388428018e+00 -2.160552190766920511e+00 3.628857674029216935e-13 -3.403275581058589516e+00 1.648839287164295673e+09
8.304458124086212464e-04 -1.944403921581552286e+00 -2.166585460302596022e+00 1.915396960266665168e-10 -6.196679619037928077e-01 1.648839287164579868e+09
8.262987377049790761e-04 -1.948674694109536087e+00 -2.193023800846040761e+00 1.827410196575186557e-13 -7.901450246631498864e+00 1.648839287164988756e+09
8.270359817898136718e-04 -1.949088113077835471e+00 -2.176942960235951130e+00 1.675495021349191247e-13 -4.602037742778655627e+00 1.648839287165494442e+09
8.311831503478234792e-04 -1.941406221522022690e+00 -2.176112257837754083e+00 8.099240048741445262e-13 -4.664884024294802423e+00 1.648839287166024208e+09
8.299994834001170200e-04 -1.943025001469437907e+00 -2.167479224160544504e+00 6.667714572796257977e-08 -1.707299866577370651e+00 1.648839287166185379e+09
8.281139343877122819e-04 -1.948058270980322471e+00 -2.188529669822463219e+00 3.263156865253075312e-10 -3.115439753551063617e-01 1.648839287167122126e+09
8.317825437187762599e-04 -1.941302359477411255e+00 -2.173917173872028652e+00 5.111867871737418383e-14 -1.149939459194606606e+00 1.648839287167695999e+09
8.279731783992060751e-04 -1.952865201038613829e+00 -2.178803513493584365e+00 5.852048282090055514e-09 -7.437785930747983443e+00 1.648839287167839766e+09
8.320411313152027959e-04 -1.941975447010028111e+00 -2.172895570805162269e+00 4.886367568323542066e-13 -6.746601099691043046e+00 1.648839287167967796e+09
8.286708487694411165e-04 -1.944018107799219797e+00 -2.196482096750784763e+00 9.209716261079476608e-14 -3.473546298514289532e-01 1.648839287168540955e+09
8.257956459050676485e-04 -1.948807227416546883e+00 -2.186698725940124710e+00 2.774887042943180140e-13 -3.924964232480005144e+00 1.648839287169572830e+09
8.298886076542981698e-04 -1.944843537862745109e+00 -2.214396115622548233e+00 8.505295724167556364e-11 -2.406103053154787119e+00 1.648839287169717550e+09
8.263192609490225366e-04 -1.947387976037175727e+00 -2.188510311695236243e+00 1.650824345325594742e-09 -4.408211263423318371e+00 1.648839287169763803e+09
8.322240758936825123e-04 -1.942794793874562220e+00 -2.207730960348846416e+00 2.807548685290180468e-13 -4.688857879960375286e+00 1.648839287170012951e+09
8.305011293815198030e-04 -1.944757040550695981e+00 -2.169943394218935673e+00 2.993126283994203655e-13 -7.969688403372212626e+00 1.648839287170363426e+09
8.269773592308760643e-04 -1.948903073583946322e+00 -2.188818896241782053e+00 2.577119700198438586e-12 -2.251143192803834125e+00 1.648839287170833349e+09
8.263337749229481347e-04 -1.948165909443784205e+00 -2.191231979987519729e+00 1.075095922667913605e-07 -2.129940875410049728e+00 1.648839287172127247e+09
8.255757347320380642e-04 -1.949046874080163416e+00 -2.167220852852890900e+00 4.713772837401401161e-12 -9.943011508396280007e-01 1.648839287172311306e+09
8.264701245721282679e-04 -1.948270893498316614e+00 -2.162641684597896408e+00 3.967434888207055406e-14 -4.683763212327873404e+00 1.648839287173174143e+09
8.304462824412206772e-04 -1.945116037172880175e+00 -2.173546002184041370e+00 4.825938322751479773e-14 -6.626983681755127975e+00 1.648839287174043179e+09
8.303710391514447769e-04 -1.944924561397627816e+00 -2.210093179962679066e+00 3.991480691241591927e-15 -2.077557863361225721e+00 1.648839287174591780e+09
8.272968419454728014e-04 -1.946555993686811981e+00 -2.161378339842351171e+00 7.344413410554187400e-10 -5.154386044765367103e+00 1.648839287174901485e+09
8.317747344265273741e-04 -1.944830014618267766e+00 -2.193703034245640726e+00 4.537420056738231517e-10 -7.168876950807764992e+00 1.648839287175064325e+09
8.301780345903556372e-04 -1.945435039748273587e+00 -2.205303741777661752e+00 1.251896356719113012e-10 -1.790091408466271794e+00 1.648839287176174402e+09
8.268594817711929189e-04 -1.948021165252034059e+00 -2.162266311565874233e+00 2.063853496722516403e-14 -2.199573504336178154e+00 1.648839287176299095e+09
8.264694880267564082e-04 -1.947600911116325939e+00 -2.185733282040149383e+00 3.140143344513370483e-07 -1.827577422595028089e+00 1.648839287177885056e+09
8.302608108420104875e-04 -1.945308468285227299e+00 -2.177447768282900320e+00 3.683585120137812788e-07 -2.108338252431274817e+00 1.648839287178387403e+09
8.259934054013011971e-04 -1.947752214936803838e+00 -2.180117412381489483e+00 3.686511806225685230e-15 -7.826582454894577268e+00 1.648839287178947210e+09
8.326135873641620335e-04 -1.942203286224115644e+00 -2.208311844389513556e+00 3.232695327709542151e-09 -4.314523298492218828e+00 1.648839287179076433e+09
8.308240932100802514e-04 -1.944793209471479711e+00 -2.203199375573366758e+00 1.148016474959163737e-13 -7.037729691736299031e+00 1.648839287179554462e+09
8.323359835337958753e-04 -1.940751012190566005e+00 -2.178878067908615268e+00 1.310589475201294152e-09 -2.965620261236932009e-01 1.648839287179586649e+09
8.284235622837829091e-04 -1.944155493198661544e+00 -2.187759352909778965e+00 4.059601598332978533e-12 -5.932089152854887359e+00 1.648839287179841995e+09
8.272844229164949721e-04 -1.948814902093334522e+00 -2.177293278570858082e+00 1.158727776441171678e-11 -3.469354904591854805e-01 1.648839287180005074e+09
8.267814201105854908e-04 -1.946462831791561321e+00 -2.183924288996659691e+00 2.789789978319491509e-15 -6.892936735055672060e+00 1.648839287180107594e+09
8.275916877705358611e-04 -1.945298223885072897e+00 -2.172342676130921912e+00 8.940943165903044115e-10 -1.050214342611801577e+00 1.648839287180255890e+09
8.346523671987853389e-04 -1.937317048165017264e+00 -2.204173019470096584e+00 9.685180471183089589e-07 -2.406345203441153657e-01 1.648839287180825710e+09
8.274725555685697679e-04 -1.946589196794254573e+00 -2.161649951099423816e+00 5.905083968730644766e-09 -2.482774603701964899e+00 1.648839287180944681e+09
8.288284961206665623e-04 -1.944908615904344273e+00 -2.162364644417271720e+00 3.942726333397188917e-13 -6.100113889642333476e-01 1.648839287181066751e+09
8.315560536907097610e-04 -1.943896947934109720e+00 -2.182958672416200230e+00 4.443742692037047484e-14 -6.922716503878886485e+00 1.648839287182157993e+09
8.257933472509659508e-04 -1.949016625317243623e+00 -2.175626416488902759e+00 2.935661700518043011e-07 -1.736279548933179484e+00 1.648839287182170391e+09
8.301143708514129070e-04 -1.944088548603411182e+00 -2.164428021589965834e+00 1.917010488326285180e-12 -4.249236668935457928e+00 1.648839287182721615e+09
8.298331566130477070e-04 -1.943593088084599074e+00 -2.211950221851167964e+00 4.782596723155220761e-10 -3.097256558351551448e+00 1.648839287182903528e+09
8.256823445603793605e-04 -1.949606279312617874e+00 -2.170617603985856903e+00 2.863564197007471347e-13 -9.871982154304133061e-01 1.648839287183204889e+09
8.332255721240717974e-04 -1.941207238962798343e+00 -2.201059222551404737e+00 4.970211454085867311e-11 -4.665929398688824392e+00 1.648839287183837175e+09
8.269024595154953351e-04 -1.946224698004885623e+00 -2.179780061218438370e+00 3.812009569261760224e-09 -2.662255257582625489e+00 1.648839287185111761e+09
8.329979684924343963e-04 -1.939941327378254865e+00 -2.200228348310063975e+00 2.076704871270126376e-09 -2.878385746230893716e+00 1.648839287185613394e+09
8.283910544414219016e-04 -1.944749979025668818e+00 -2.165977510346369428e+00 1.525344544473041343e-10 -6.335463562829257711e-01 1.648839287186726093e+09
8.301760905843729712e-04 -1.945293026291712080e+00 -2.171567960573456801e+00 9.059158402465808875e-13 -4.820880684072997191e+00 1.648839287187124014e+09
8.240778920790104789e-04 -1.950999372215067140e+00 -2.160201396960069520e+00 6.948989638114047619e-08 -4.361318493328207424e+00 1.648839287187324762e+09
8.277803020095204391e-04 -1.944982335116244299e+00 -2.181687347907265373e+00 2.477051422257968715e-13 -4.695531021095936453e+00 1.648839287187766790e+09
8.325926967327011013e-04 -1.943556147484806651e+00 -2.197150766930004995e+00 1.225491575788662957e-10 -7.913752619287913959e+00 1.648839287188126087e+09
8.272984250441604240e-04 -1.948554541308069155e+00 -2.168235792413408802e+00 8.429623634693381211e-11 -6.517813416108010571e+00 1.648839287188240767e+09
8.313013703376475943e-04 -1.941644039386330567e+00 -2.179490345123935580e+00 2.551197404722598653e-07 -3.874284055133967897e+00 1.648839287189074755e+09
8.334078431599054862e-04 -1.940131457754092459e+00 -2.193402048156879669e+00 1.739364008013825596e-12 -3.723369298709526376e+00 1.648839287189895868e+09
8.294703665837583695e-04 -1.945646472213267364e+00 -2.209781369766351311e+00 1.419050934807756376e-14 -2.534969619706959776e+00 1.648839287190056562e+09
8.280990756031290098e-04 -1.947564667836150010e+00 -2.198653313459248970e+00 1.872120915669455735e-13 -2.410260348123229868e+00 1.648839287190586805e+09
8.292107414714220597e-04 -1.945759857378296376e+00 -2.164349982268265915e+00 3.691424547100606904e-10 -1.379549906578707130e+00 1.648839287190673590e+09
8.328583050110992909e-04 -1.941677243054753976e+00 -2.205633013870650139e+00 3.840635867706932840e-12 -3.101592582710346768e+00 1.648839287191395760e+09
8.307424517193781393e-04 -1.944818957616794686e+00 -2.175933648366949136e+00 1.155836363933811070e-07 -9.385793703380604924e-01 1.648839287191482067e+09
8.285938704151314367e-04 -1.943604223806317366e+00 -2.170178929103030452e+00 2.713576354180456133e-08 -4.571107138372610734e+00 1.648839287191602468e+09
8.280570714916412646e-04 -1.944932316576384101e+00 -2.168871321000327423e+00 1.267403134364437599e-14 -3.223045912835360127e+00 1.648839287192347288e+09
8.275580432695667970e-04 -1.947282252815986547e+00 -2.162297806940668643e+00 2.149309257547327496e-09 -1.568862264612654656e+00 1.648839287192809820e+09
8.268971503757395784e-04 -1.949083407297707904e+00 -2.175768239220090106e+00 2.814006067156738650e-09 -3.862169318739504753e+00 1.648839287193354607e+09
8.319118881209111886e-04 -1.943077290161354220e+00 -2.207984755804648369e+00 9.808477470501799484e-13 -5.567642777804508114e+00 1.648839287193428993e+09
8.272971049076448041e-04 -1.948975609997493308e+00 -2.182382293062276712e+00 5.265299803755842051e-10 -5.981341613569796323e+00 1.648839287193835258e+09
8.268339180467515915e-04 -1.946708903640714361e+00 -2.169862221419363912e+00 1.648701074536204325e-07 -1.826438884433501109e+00 1.648839287194170713e+09
8.312960253899286892e-04 -1.944244190321673615e+00 -2.201351765988429854e+00 2.682106895864413023e-10 -5.278488471158047091e+00 1.648839287194443226e+09
8.380404231826898108e-04 -1.938918185883109047e+00 -2.180291756143699189e+00 3.944907412216626513e-09 -7.627940754440588833e+00 1.648839287195364714e+09
8.262246092167627263e-04 -1.949356899292941758e+00 -2.181880799821299899e+00 6.887522298235229480e-08 -2.853999474701217842e+00 1.648839287195446730e+09
8.318438776965705580e-04 -1.940908592048864900e+00 -2.205180089475699656e+00 8.112639608219786365e-15 -2.049381370212970843e+00 1.648839287195660591e+09
8.355174946107407413e-04 -1.938945940727442974e+00 -2.181432252122773363e+00 1.061127079044433031e-08 -5.698606729569014817e+00 1.648839287195679665e+09
8.335998225447574300e-04 -1.941056083294414814e+00 -2.203440626408919911e+00 2.510330316786159854e-08 -4.171953470515330054e+00 1.648839287195932388e+09
8.317813313461789801e-04 -1.940781197454046314e+00 -2.196069147194053439e+00 9.117575764067140941e-08 -1.947511059484573259e+00 1.648839287196643353e+09
8.297595299569829287e-04 -1.942658816702315328e+00 -2.180341939994628220e+00 3.420567266957941084e-09 -4.999488784223471427e-01 1.648839287196849108e+09
8.283506786672411616e-04 -1.945300147397788004e+00 -2.163180797589810300e+00 1.220206816301958464e-15 -7.372218975809168739e+00 1.648839287197422266e+09
8.292604123896091814e-04 -1.946131743579731399e+00 -2.206002076553909674e+00 6.650486374747992448e-15 -5.912292101193587612e+00 1.648839287197431326e+09
8.305050602964659991e-04 -1.943301079080366423e+00 -2.213031522692079367e+00 1.120749472185073513e-07 -2.678561274188779429e+00 1.648839287197882652e+09
8.333699311826672524e-04 -1.940622770884769865e+00 -2.197573137564622137e+00 5.071757343738417524e-13 -4.390978703593937382e-01 1.648839287198326349e+09
8.311253083222638199e-04 -1.944089416062388942e+00 -2.207913293937743049e+00 2.068448585469466647e-10 -1.300592331247088396e+00 1.648839287198335171e+09
8.274931482705429791e-04 -1.946292746775388105e+00 -2.199377571745692261e+00 1.480081682134012213e-11 -1.120511748211577618e+00 1.648839287198757648e+09
8.320940512876690096e-04 -1.942875543429919860e+00 -2.206225463060969894e+00 3.544068852551610867e-13 -2.990696644955324501e+00 1.648839287199131250e+09
8.349901519191062823e-04 -1.940021473079788006e+00 -2.201906132865002252e+00 1.132149234220049403e-09 -6.755916768398237515e+00 1.648839287199628115e+09
8.319444797833925286e-04 -1.943382245919702100e+00 -2.195123868483766838e+00 9.304525503535331119e-08 -2.716135798782890909e+00 1.648839287200227499e+09
8.308645482268349741e-04 -1.941411083496394685e+00 -2.211291417714212226e+00 1.072314574883095395e-06 -5.022278749929096620e-01 1.648839287200740337e+09
8.278017046131845016e-04 -1.945291947071507987e+00 -2.233703050201137241e+00 4.421075026470895424e-10 -7.864360249311393325e+00 1.648839287200859547e+09
8.240073192623991512e-04 -1.955418320491447481e+00 -2.182028409878194797e+00 4.480232078611132264e-08 -5.763393274093811414e+00 1.648839287201205492e+09
8.300995814273568309e-04 -1.942934998503481170e+00 -2.169123610380829792e+00 1.916060146207428572e-11 -6.015544334164379947e+00 1.648839287201572418e+09
8.262686223192095220e-04 -1.947962138434365498e+00 -2.188637734669665935e+00 4.282665361928246586e-09 -7.383924633366385493e-01 1.648839287201783419e+09
8.313526631643355577e-04 -1.943235166312658802e+00 -2.201804019186779371e+00 9.051106363947666540e-07 -1.598661401845761887e+00 1.648839287202646017e+09
8.272586772536958191e-04 -1.948606751301782403e+00 -2.187145415130945736e+00 5.278443217772010704e-11 -2.298105234590792634e-01 1.648839287203485250e+09
8.312994321416931681e-04 -1.941836820418760157e+00 -2.210585958236089610e+00 8.282297650085283882e-15 -8.284084704147938183e-01 1.648839287204125166e+09
8.276716502185687500e-04 -1.947756245856528290e+00 -2.165849897579813721e+00 1.937852216634526546e-10 -3.540720902683030857e+00 1.648839287204372406e+09
8.323561091318947350e-04 -1.942548771879706093e+00 -2.185860569440004397e+00 3.522032093790861721e-09 -1.891314941866880872e+00 1.648839287206108332e+09
8.270964531449169184e-04 -1.946274638569351678e+00 -2.188973575554887141e+00 2.690991320025751592e-13 -6.135311080590357236e+00 1.648839287206353426e+09
8.260177565219158210e-04 -1.948138489210930357e+00 -2.168533928762135243e+00 1.084994835680076733e-14 -7.937872261678220021e+00 1.648839287207274914e+09
8.300581361141194875e-04 -1.945553864668142063e+00 -2.174627485569558427e+00 2.456943673847493383e-12 -1.043006448792609397e+00 1.648839287207844496e+09
8.313104795710077235e-04 -1.941535311652118789e+00 -2.206477107792847114e+00 1.482310300692076119e-15 -1.359558229465145374e+00 1.648839287207875490e+09
8.289824076851923804e-04 -1.943163647416275452e+00 -2.168244126933952298e+00 1.082387124353015158e-07 -4.405227280500438880e+00 1.648839287207893610e+09
8.325202894887809334e-04 -1.940618423810410054e+00 -2.183294606175221642e+00 4.622175514871305880e-11 -1.289058993839143241e+00 1.648839287209421635e+09
8.319979844872325229e-04 -1.942461038293648468e+00 -2.176716537119596673e+00 1.676479511550537559e-11 -5.359772477204066909e+00 1.648839287209782362e+09
8.275167984006413183e-04 -1.948316310555014086e+00 -2.171708562882050941e+00 4.956551316862633621e-12 -1.748506315681805923e+00 1.648839287210607052e+09
8.286289579477403196e-04 -1.946288455026448760e+00 -2.206649868751686672e+00 2.282924715140600934e-14 -5.729615675547892195e+00 1.648839287213257551e+09
8.323621350658762458e-04 -1.940389881792589755e+00 -2.197409568935609236e+00 6.121250165866545613e-11 -3.049123452624981745e+00 1.648839287213573217e+09
8.268191867818744855e-04 -1.947918479591909557e+00 -2.194805186502847505e+00 1.998734413862400119e-09 -1.325942808976744658e+00 1.648839287213640213e+09
8.262873055179725595e-04 -1.947472270866782207e+00 -2.180495019481535124e+00 9.896611209078213781e-14 -7.509987354706589180e+00 1.648839287215455055e+09
8.320537038731967315e-04 -1.943021734655980604e+00 -2.201702334648367732e+00 1.817622597897091586e-09 -1.669993762970515938e+00 1.648839287216013432e+09
8.295877425311444378e-04 -1.945866432534846036e+00 -2.204209607314099983e+00 3.359291339567241122e-15 -7.825063124977243767e+00 1.648839287216183662e+09
8.318853955106046087e-04 -1.941279242133966410e+00 -2.177912414683332187e+00 1.462831242727873480e-08 -1.958543238533846598e+00 1.648839287217175484e+09
8.330872986776775759e-04 -1.939259576321514134e+00 -2.200478875378262700e+00 2.017054558525020498e-06 -7.014188938633010295e-01 1.648839287218464136e+09
8.282605184941511933e-04 -1.945637110130890690e+00 -2.199706570851924781e+00 2.849174799656257126e-07 -1.977532914681519927e+00 1.648839287219189405e+09
8.302024529410193714e-04 -1.942748383504621534e+00 -2.205478267773907319e+00 2.307915705173696743e-15 -5.875893672044622207e+00 1.648839287219231129e+09
8.285264531003392599e-04 -1.946778286171672256e+00 -2.166487973164880287e+00 3.554195082865241403e-14 -4.751213198666470738e+00 1.648839287220681190e+09
8.277923556883341923e-04 -1.947762258105175448e+00 -2.195622037317749076e+00 1.568329789356016580e-15 -5.991740849778963707e-01 1.648839287221311092e+09
8.278900388353076538e-04 -1.947926385269962646e+00 -2.161361772809024639e+00 2.005232269138010895e-10 -7.352712946442230724e+00 1.648839287222480774e+09
8.272746099854376162e-04 -1.945896806508328414e+00 -2.174285028883170767e+00 5.448888804743729284e-12 -1.672813835668513605e+00 1.648839287223341465e+09
8.307816380166539944e-04 -1.941793633852985534e+00 -2.220631515745743023e+00 6.067786652396976020e-10 -6.995848913483683873e+00 1.648839287225208521e+09
8.369878058031311177e-04 -1.937422471246690536e+00 -2.173365336758018351e+00 1.933884846892551107e-09 -7.245033609135824726e+00 1.648839287226668835e+09
8.287592465685648122e-04 -1.947289024040605554e+00 -2.181622004038147544e+00 1.750795454608287123e-08 -3.472057260190426042e+00 1.648839287226861715e+09
8.261378547249922889e-04 -1.947812307514899199e+00 -2.173990101140626852e+00 3.020769696720644900e-15 -5.530890724681503556e+00 1.648839287227692604e+09
8.259821847586149360e-04 -1.948481103910722378e+00 -2.169835975878305234e+00 1.644028788161937914e-14 -5.441258038129836550e+00 1.648839287227704287e+09
8.264719152146008914e-04 -1.949108705679076792e+00 -2.176888432981397781e+00 1.526932474614100167e-10 -1.278424424967049333e+00 1.648839287229914904e+09
8.288842199513632219e-04 -1.947298673710664563e+00 -2.197848665480750086e+00 7.296996500787922260e-10 -6.241302549491395624e+00 1.648839287230577230e+09
8.318660262415454023e-04 -1.941460254900887916e+00 -2.209068063490881251e+00 3.769581179548054916e-14 -6.509464948726081168e+00 1.648839287231121063e+09
8.290999193249421525e-04 -1.946329782731295532e+00 -2.202795762091994014e+00 1.538838727744972434e-07 -1.054451908064071297e+00 1.648839287231143236e+09
8.325733225682200450e-04 -1.940433389179643253e+00 -2.190305421228441851e+00 7.158028283193973921e-11 -5.108321278071728422e+00 1.648839287231608391e+09
8.286377023325326415e-04 -1.944740461444774304e+00 -2.201997572396568348e+00 1.529729586001188413e-13 -5.806807153747985950e+00 1.648839287231663227e+09
8.281154945726221499e-04 -1.944884005284483353e+00 -2.172525267906265434e+00 1.792274181010448412e-14 -1.723747514799462088e+00 1.648839287231696844e+09
8.324764453136828096e-04 -1.942339135104899528e+00 -2.193953019044392772e+00 7.775485953444494480e-11 -2.452686401149239970e+00 1.648839287232535124e+09
8.315584029623335682e-04 -1.942150280850105881e+00 -2.211758713617362204e+00 2.769852392688431060e-15 -6.046592740718006453e-01 1.648839287232862473e+09
8.265386713706437917e-04 -1.948969716440547506e+00 -2.172626123649277208e+00 1.003086607617876246e-15 -1.905799298340976833e+00 1.648839287233187437e+09
8.279119233411992573e-04 -1.945318088788737354e+00 -2.169260081999051071e+00 1.305715492551014968e-13 -4.528329017405958723e+00 1.648839287233212948e+09
8.272472764244453210e-04 -1.945951237282328217e+00 -2.177931839669962955e+00 1.016784710445081823e-11 -1.047930726857339678e+00 1.648839287233563423e+09
8.285144401541392947e-04 -1.944239498467211558e+00 -2.184538023670457019e+00 6.409559228340338523e-15 -1.070235774955252239e+00 1.648839287234574556e+09
8.284333274700750923e-04 -1.948595608936723789e+00 -2.191347648768243950e+00 1.784155055355403284e-10 -7.811526904401524085e+00 1.648839287234935760e+09
8.299118078549766160e-04 -1.942464336950370463e+00 -2.184761723586602589e+00 2.335560254049852077e-07 -7.133271857364746893e-01 1.648839287235910416e+09
8.374183925023819799e-04 -1.936021591147327747e+00 -2.236038366545125555e+00 6.844507534858092052e-09 -7.372795759236747237e+00 1.648839287236124754e+09
8.309836720211820653e-04 -1.941943332936000743e+00 -2.192725925258033115e+00 2.622824126230763289e-07 -2.297882218657752773e+00 1.648839287236617327e+09
8.326749602048681351e-04 -1.941776123772470664e+00 -2.189019499755408660e+00 6.602356163229344903e-14 -3.597997698615864159e+00 1.648839287236973286e+09
8.307616028229772558e-04 -1.942191731892147111e+00 -2.174949052072310263e+00 1.452032078125266887e-12 -2.217109141631704361e+00 1.648839287237476349e+09
8.269065197039397958e-04 -1.950240739848514648e+00 -2.206655771413485567e+00 1.281906142493494686e-07 -4.647817146671864741e+00 1.648839287237568617e+09
8.327045073686369873e-04 -1.941721422404594222e+00 -2.189601888684480802e+00 5.201951258098378479e-13 -2.533359833270443673e+00 1.648839287238081455e+09
8.271804953927664730e-04 -1.947266235225724396e+00 -2.164520699481886190e+00 3.072265429609384636e-15 -1.501617641910459433e+00 1.648839287240025282e+09
8.300998012354403495e-04 -1.943884370339427514e+00 -2.167052069006697668e+00 6.272429567068761338e-11 -4.663378128721875626e-01 1.648839287240377188e+09
8.330414777551141924e-04 -1.940090925584266435e+00 -2.202836707141635486e+00 3.073205832753390417e-09 -4.971317611573988771e+00 1.648839287240758181e+09
8.272375529283961925e-04 -1.947678793056848656e+00 -2.195806982964206178e+00 1.534833860456861358e-09 -3.684793140773813036e+00 1.648839287241574287e+09
8.290214660253858057e-04 -1.944822134963078764e+00 -2.206954520645199480e+00 1.270435194302935159e-14 -1.283084977350448241e+00 1.648839287241962194e+09
8.314268856777950112e-04 -1.942022992933941872e+00 -2.209783161911920146e+00 1.547105134266534581e-15 -4.605371063765383965e+00 1.648839287243370771e+09
8.303078824417009464e-04 -1.945172210778909561e+00 -2.200325969071941223e+00 4.611992416298034593e-14 -2.893108957935673686e+00 1.648839287244978905e+09
8.297092356818202858e-04 -1.945941459938761664e+00 -2.177263696217219380e+00 1.128043241798848474e-11 -9.045035230802911386e-01 1.648839287246249199e+09
8.278023363482270346e-04 -1.945760609031747856e+00 -2.195529189265518877e+00 2.138247370426476088e-08 -2.658376515195050693e+00 1.648839287246291876e+09
8.299914939140401763e-04 -1.944108749706263239e+00 -2.210665194095580155e+00 6.605206775654403201e-14 -7.149655682771006937e+00 1.648839287248365641e+09
8.260531457376321272e-04 -1.948670575348912859e+00 -2.179216647301612131e+00 1.188466931741994477e-11 -3.811815164013361290e+00 1.648839287248716116e+09
8.324047076209677024e-04 -1.940986596695693178e+00 -2.204691614143029277e+00 8.690668181750206249e-15 -1.936518695879313690e+00 1.648839287248723030e+09
8.292397452375454550e-04 -1.945073606693728863e+00 -2.208391844594268072e+00 6.227624481551146185e-14 -1.995117505104465394e+00 1.648839287248911619e+09
8.244832856203102673e-04 -1.949048605713343818e+00 -2.167334208485367508e+00 4.877531146896152159e-09 -5.811341980957048570e+00 1.648839287248988867e+09
8.306333287588851333e-04 -1.942239325326668542e+00 -2.176790858032155995e+00 1.271256992864937201e-12 -4.102465458604696025e+00 1.648839287249936342e+09
8.296370884987936192e-04 -1.942975340718596122e+00 -2.186490890206860271e+00 5.825357041702133883e-10 -2.291293757243417772e-01 1.648839287250578403e+09
8.302194781376950059e-04 -1.945188814633919128e+00 -2.201418894423588846e+00 1.274557063566251253e-11 -1.499873682293759281e+00 1.648839287250603914e+09
8.308095235660640458e-04 -1.944306363244339364e+00 -2.176084943285761852e+00 5.813825167358272825e-14 -7.506860666132239679e+00 1.648839287250826120e+09
8.282926598437298981e-04 -1.947399592263452606e+00 -2.173265790126158503e+00 2.419590713779421317e-13 -3.936737885119867109e+00 1.648839287250827551e+09
8.304759312167982318e-04 -1.943477945248399008e+00 -2.211160666361215998e+00 2.553381497785262107e-12 -5.987409162239067051e+00 1.648839287250864267e+09
8.285146554430945776e-04 -1.946956691304723153e+00 -2.197659292321303859e+00 9.397454261199549843e-13 -1.387528069971897260e+00 1.648839287251894951e+09
8.287021982072560094e-04 -1.946764237347888615e+00 -2.170486421231186736e+00 1.665758583996385057e-15 -5.102325776668104496e+00 1.648839287252383709e+09
8.314969293663622245e-04 -1.941209843635097521e+00 -2.193440645262512589e+00 7.659291435721646066e-08 -1.234708300407570292e+00 1.648839287253561258e+09
8.307524930358057896e-04 -1.941833713651952786e+00 -2.186903853156571653e+00 1.134958110736080378e-10 -5.482312092334843179e+00 1.648839287254019499e+09
8.314991751443960317e-04 -1.943552663973589612e+00 -2.202428978811651561e+00 5.784320894607170197e-13 -7.847131172985056580e+00 1.648839287254273653e+09
8.221648819030594885e-04 -1.951381711785141304e+00 -2.166798382081851493e+00 2.554048893860000715e-08 -6.386648867949505259e+00 1.648839287254399061e+09
8.289528564604948515e-04 -1.946470343893875965e+00 -2.199702422783733180e+00 1.180643682813638231e-10 -1.120549768796808010e+00 1.648839287254894495e+09
8.270640602016974359e-04 -1.948220362797954186e+00 -2.169054934266984258e+00 1.096558885100800851e-11 -2.940215118935461724e+00 1.648839287255450726e+09
8.320066473254538082e-04 -1.941034205786590361e+00 -2.201627821023528941e+00 6.030204045305991966e-13 -6.801851411951187032e+00 1.648839287255455017e+09
8.275055363314134981e-04 -1.947384488721039419e+00 -2.196607699414931947e+00 5.048476172021261752e-12 -1.016219582486168171e+00 1.648839287256843567e+09
8.286905134890856523e-04 -1.944750809555651605e+00 -2.200788648809193226e+00 7.545950280380057631e-15 -5.057927545695448224e+00 1.648839287257833958e+09
8.271852822537067648e-04 -1.946387992843547021e+00 -2.188050785398530707e+00 4.246899116584088482e-10 -4.978879475351810413e+00 1.648839287258977652e+09
8.227281245144123451e-04 -1.952337536078540214e+00 -2.188030769334141201e+00 1.646980821489802706e-09 -6.929388785635495651e+00 1.648839287259546518e+09
8.317874599724369399e-04 -1.943278548881223644e+00 -2.190911661772528163e+00 1.544652693673670724e-11 -3.314830207026410847e+00 1.648839287261756659e+09
8.305361053009821179e-04 -1.942649760168587481e+00 -2.205102936685062076e+00 6.850095035736659159e-08 -1.371427761172407500e+00 1.648839287261780977e+09
8.302815972375745960e-04 -1.942357144880003217e+00 -2.185342626379095599e+00 3.679743535924853254e-10 -1.987188103099113867e+00 1.648839287261999846e+09
8.305586989756110188e-04 -1.942297880826444834e+00 -2.199997918574223998e+00 5.033376519057663436e-15 -4.235349347040887835e+00 1.648839287262005568e+09
8.277636160532146495e-04 -1.947015041900639343e+00 -2.198469715388971402e+00 1.015724125544068916e-11 -3.015358924034359234e+00 1.648839287263309956e+09
8.280159953613875842e-04 -1.947786521455619368e+00 -2.180657080607740106e+00 4.865801604811496206e-12 -6.947623481721560523e+00 1.648839287263691902e+09
8.273465287915668116e-04 -1.948434454737546950e+00 -2.178553193508392827e+00 3.569236438164620880e-08 -3.354993390922692775e+00 1.648839287265676022e+09
8.319381377224555670e-04 -1.943657841383400253e+00 -2.205200803950526645e+00 3.090124673138125853e-10 -7.016160521584473564e+00 1.648839287265717030e+09
8.324572633377848351e-04 -1.942071086428813098e+00 -2.194395953491334428e+00 3.041502488231654517e-13 -3.439276943302833622e+00 1.648839287266176701e+09
8.235097621634260593e-04 -1.948023986852122524e+00 -2.175910398943796675e+00 2.026523150653811744e-09 -7.307065456440408724e+00 1.648839287266519308e+09
8.284448337995268304e-04 -1.944717808484315746e+00 -2.193575535440319690e+00 2.298669300580943867e-13 -2.980704296215876958e+00 1.648839287266647100e+09
8.297417484128913898e-04 -1.943243058488158148e+00 -2.174290783353145073e+00 1.439290187013713331e-15 -5.232517332857506531e+00 1.648839287268208504e+09
8.287105339498264910e-04 -1.946556504077923133e+00 -2.199539532243709683e+00 1.263220300094981551e-08 -1.789099579092347625e+00 1.648839287268295765e+09
8.302517730129913487e-04 -1.944426015247220585e+00 -2.208240130629074649e+00 1.327505924531385555e-15 -3.865094202402542756e+00 1.648839287268413067e+09
8.287582158718839222e-04 -1.945648114970440101e+00 -2.165687082850216605e+00 3.927110533232287840e-09 -2.718107290618706706e+00 1.648839287269704819e+09
8.301962301113109243e-04 -1.943666447405291375e+00 -2.169197332621231489e+00 4.604957286873616874e-14 -5.002846968824769647e+00 1.648839287270632744e+09
8.271763599438182370e-04 -1.946519648149151793e+00 -2.187341135246433144e+00 9.929485908265113947e-13 -6.504799453880242055e+00 1.648839287270873070e+09
8.327646865419914947e-04 -1.941704696080731818e+00 -2.193021785139372515e+00 1.227929330217243056e-08 -4.027244621568566885e+00 1.648839287270893574e+09
8.274576379191628901e-04 -1.946496828500797305e+00 -2.193895370577531256e+00 1.191239630801960802e-15 -7.076080906616477151e+00 1.648839287270951271e+09
8.320912913923701661e-04 -1.942386812362462356e+00 -2.184187503486782589e+00 1.156316322245805443e-14 -7.239847520681133020e+00 1.648839287271991491e+09
8.304103214925763346e-04 -1.947009067235184521e+00 -2.177951675063879211e+00 1.360938158838504964e-07 -4.607215804721194630e+00 1.648839287272462845e+09
8.283958180188356109e-04 -1.945451106470707403e+00 -2.200875972097350086e+00 3.959439565313899301e-13 -6.644731945249100491e-01 1.648839287273404837e+09
8.254234524551176851e-04 -1.950014354043274833e+00 -2.222904590833616911e+00 9.549721826803131876e-09 -6.054413031088651032e+00 1.648839287273430109e+09
8.294131502828859439e-04 -1.944794295444737253e+00 -2.166862201474640592e+00 8.027711770099395013e-14 -5.176914965362900745e+00 1.648839287273512125e+09
8.263771412130520950e-04 -1.948069860660542663e+00 -2.172526950850263372e+00 6.475491765055499089e-12 -4.676780313756310647e+00 1.648839287275519371e+09
8.279273720540631255e-04 -1.947486816109595731e+00 -2.171008683214514789e+00 1.023884634895322520e-11 -1.852497038975088550e+00 1.648839287275585651e+09
8.308105771664271418e-04 -1.942326962694600923e+00 -2.173813332772325246e+00 4.155867344169798708e-11 -7.262456829050980112e+00 1.648839287276897907e+09
8.284070736869209028e-04 -1.946141469603145380e+00 -2.202019785102826699e+00 1.233193138164799109e-08 -2.774605494743805245e+00 1.648839287276949406e+09
8.312929134978829914e-04 -1.943924532704428776e+00 -2.191175614102296443e+00 1.610206912617434184e-08 -2.433135648422131148e+00 1.648839287277064323e+09
8.294370711300410193e-04 -1.945860524926522173e+00 -2.200420301599965267e+00 2.955431055720037401e-09 -1.294085066681763152e+00 1.648839287277141094e+09
8.218457506548560668e-04 -1.953503072616559866e+00 -2.145685412485598853e+00 2.453634107693449877e-08 -5.767219321180624192e+00 1.648839287277647018e+09
8.321268114221050524e-04 -1.940818465681278582e+00 -2.196840095626849454e+00 1.164563429497383528e-08 -3.962849630776940302e+00 1.648839287278044701e+09
8.267984245551112353e-04 -1.948464029071835579e+00 -2.183543878382936398e+00 9.686940812702152344e-11 -5.503219988547245478e+00 1.648839287278131962e+09
8.285033228602341725e-04 -1.947331987643321938e+00 -2.185550244052405944e+00 1.585343648183791533e-09 -4.760057326300149327e+00 1.648839287278279066e+09
8.319574243562760608e-04 -1.941565169552216918e+00 -2.204918421973586895e+00 1.360912757291581027e-09 -2.010760139444060179e+00 1.648839287278501749e+09
8.388001026036589732e-04 -1.936543963013192649e+00 -2.258295634405029784e+00 3.019269611283171553e-09 -7.663592702469247619e+00 1.648839287278989315e+09
8.318303966861773785e-04 -1.942762553671073533e+00 -2.203569707940709055e+00 2.013273076602842293e-12 -9.825680908381313472e-01 1.648839287279147625e+09
8.297628490359321108e-04 -1.945863774958303871e+00 -2.183492266840800333e+00 4.677333930682935879e-14 -5.426712157769645550e+00 1.648839287279499054e+09
8.296956018473152341e-04 -1.943391369098564914e+00 -2.173897263882843767e+00 2.717547938862552047e-13 -6.476337735947979013e+00 1.648839287280966043e+09
8.277480453899711908e-04 -1.950061395787940466e+00 -2.183019217144403612e+00 2.532168404142145237e-09 -6.589299812243673671e+00 1.648839287282309532e+09
8.288694413714163935e-04 -1.943842211671740650e+00 -2.200522951040440045e+00 2.533256684971610797e-07 -6.749384068951691518e-02 1.648839287282645941e+09
8.319876118295529109e-04 -1.942490338577649522e+00 -2.184212252071842997e+00 8.958695206484172130e-12 -1.594219151974221482e+00 1.648839287282934427e+09
8.270523879640287370e-04 -1.947379149992264802e+00 -2.190427322909878516e+00 1.654794445224242647e-11 -2.951264401234466206e+00 1.648839287283166170e+09
8.274025369797078549e-04 -1.947138597706377761e+00 -2.194087345262672351e+00 5.367048353456162736e-15 -3.381481820364133029e+00 1.648839287284132004e+09
8.295199452219515152e-04 -1.943274751583636384e+00 -2.185062412462477788e+00 5.061128188958223774e-15 -6.975130969715329421e+00 1.648839287285007715e+09
8.311840611823404466e-04 -1.943858228340373584e+00 -2.182741043082887966e+00 1.584311612193797494e-14 -2.825199909836204171e+00 1.648839287286595821e+09
8.313811392283825810e-04 -1.941974582066507971e+00 -2.204680395400743897e+00 5.922353684386757506e-11 -2.558210735037008909e+00 1.648839287286838293e+09
8.271826967584636247e-04 -1.947076371804958406e+00 -2.168070868360437498e+00 7.070706543188054864e-12 -4.799656348344528034e+00 1.648839287287436724e+09
8.289936824421290486e-04 -1.945469841496549002e+00 -2.167079950700023350e+00 4.348110912434783093e-15 -6.882533594599485660e+00 1.648839287287870169e+09
8.324510913390459213e-04 -1.941091819279789021e+00 -2.192784064169767788e+00 1.541484311489557500e-15 -7.098594742710544025e+00 1.648839287288313150e+09
8.277615422057261639e-04 -1.946552829651202243e+00 -2.166750107696304273e+00 3.932285640242163260e-14 -1.576003554132638484e+00 1.648839287289768934e+09
8.293167523761580924e-04 -1.946311104936200076e+00 -2.189185779731623427e+00 4.131703331302014998e-12 -1.619783353120317848e+00 1.648839287290131092e+09
8.264962452703747799e-04 -1.947866270606458894e+00 -2.167799466866225266e+00 2.521841087372851261e-11 -7.746866613389358669e+00 1.648839287290491343e+09
8.326920576064375263e-04 -1.941091098583240582e+00 -2.269498552934511526e+00 1.858062554306722558e-09 -7.424632238193716205e+00 1.648839287290604353e+09
8.282760145478177804e-04 -1.945241634677195242e+00 -2.169935532286767277e+00 7.010455070470394630e-15 -5.846507368292032325e+00 1.648839287291052580e+09
8.308481867801335938e-04 -1.943190263383711480e+00 -2.173232068372583647e+00 9.051379499907914021e-13 -6.603467367094010498e+00 1.648839287291229248e+09
8.273769336687769507e-04 -1.947536935684047732e+00 -2.168647941135024571e+00 1.331467443743406000e-13 -1.485602891799789660e+00 1.648839287291380882e+09
8.317861784241847639e-04 -1.941276157713992312e+00 -2.195354524535618523e+00 1.298112553537183098e-12 -8.795116382189398507e-01 1.648839287291875839e+09
8.279084400654194639e-04 -1.947620893601654135e+00 -2.175426879360536692e+00 4.105320347962025178e-14 -4.409459668904819551e+00 1.648839287291957855e+09
8.295444506027934524e-04 -1.943461536126490197e+00 -2.176587329986062080e+00 3.137977885415734892e-14 -2.861300781620916389e+00 1.648839287292317390e+09
8.242628510212389155e-04 -1.951624552586296080e+00 -2.164891871861580164e+00 6.597839929949937722e-08 -5.740014548731260824e+00 1.648839287292646170e+09
8.308702632203765308e-04 -1.942400042060048238e+00 -2.203612396010639962e+00 1.185103981665800637e-15 -5.523872845867370707e+00 1.648839287292753220e+09
8.311084475140838399e-04 -1.941826421975244132e+00 -2.196546706806541849e+00 1.253226640571693729e-10 -1.988606050168474582e+00 1.648839287292823315e+09
8.256396007190009920e-04 -1.948040374778000183e+00 -2.177147224937264092e+00 7.337555527227366257e-10 -6.501354407343068686e+00 1.648839287293373108e+09
8.320243586547210494e-04 -1.941165451011775289e+00 -2.195072864880410535e+00 2.897368192677528528e-08 -1.160622347276140331e+00 1.648839287294347048e+09
8.320371707112559929e-04 -1.943564690023594776e+00 -2.185692479551398115e+00 2.419117712148744072e-09 -5.815635801805935756e+00 1.648839287294876814e+09
8.283418451213891195e-04 -1.947296325139743933e+00 -2.181521945164143439e+00 7.102730219805991907e-09 -2.351656305186960338e+00 1.648839287294933081e+09
8.317654320202769094e-04 -1.941472634071200520e+00 -2.185061085605787490e+00 4.600504787929807866e-11 -4.173688583269063557e+00 1.648839287296059370e+09
8.271835590550075806e-04 -1.947153486816684431e+00 -2.190093381037815146e+00 4.318645453520604284e-15 -3.676542549084580891e+00 1.648839287296771049e+09
8.313114690423463547e-04 -1.943779620262919394e+00 -2.191528184185974837e+00 5.927552969949124736e-11 -1.793801720735054950e+00 1.648839287296798229e+09
8.320911855873927565e-04 -1.941598082981190299e+00 -2.185128953169343191e+00 5.023457640070855062e-12 -3.458402040036510527e+00 1.648839287298080683e+09
8.294372516755894745e-04 -1.943869406085041440e+00 -2.171570900217760780e+00 9.841557972535380189e-12 -7.463326238758926756e+00 1.648839287299279690e+09
8.255677453406288753e-04 -1.947602318582400072e+00 -2.197104218844217804e+00 3.895451292566217239e-08 -5.013959366492704461e+00 1.648839287301491737e+09
8.307020254255430758e-04 -1.942365517563172217e+00 -2.200789266321861781e+00 9.270354172878435203e-09 -3.804991736195174390e+00 1.648839287301674128e+09
8.294435134814488958e-04 -1.945667107595447698e+00 -2.200379266332077588e+00 3.355000535335407263e-10 -1.048161458447132155e+00 1.648839287302014828e+09
8.298397847706642187e-04 -1.945655289577595815e+00 -2.190602046378792522e+00 1.946886075431014947e-15 -4.187866676804826938e+00 1.648839287302080870e+09
8.320287448925547122e-04 -1.942461790268304345e+00 -2.197886183484429878e+00 1.420885065252608531e-10 -3.855616325642033715e+00 1.648839287302345991e+09
8.308441248806347663e-04 -1.943845173609257238e+00 -2.177582798570740330e+00 7.569487509378152953e-08 -2.141726280278237304e+00 1.648839287303938389e+09
8.274697593003135440e-04 -1.946328106323992113e+00 -2.171431761820983741e+00 1.059131352551313655e-14 -5.248099406782717580e+00 1.648839287304790974e+09
8.292743893265292019e-04 -1.944328290804586024e+00 -2.195674864872417587e+00 2.005253899376136304e-07 -2.415742108116930353e+00 1.648839287304911137e+09
8.285514727414480547e-04 -1.945113298197987950e+00 -2.185615914230980561e+00 2.482056392655757787e-07 -2.635947619171408185e+00 1.648839287305162191e+09
8.294490958295205408e-04 -1.945547918677228649e+00 -2.201331155040502363e+00 2.686969614640438093e-14 -5.144124471372229834e+00 1.648839287305437803e+09
8.322749242610837182e-04 -1.942548860680282319e+00 -2.190034560234337846e+00 4.452440451797804498e-11 -7.613269790318419439e+00 1.648839287305545568e+09
8.311345928681643670e-04 -1.943633774801653669e+00 -2.181062044343056172e+00 5.251585855541365785e-08 -2.020323062140307435e+00 1.648839287306880713e+09
8.314715360202557101e-04 -1.941777318064210611e+00 -2.183409226322008401e+00 4.713332217774744878e-15 -3.053749850601672478e+00 1.648839287307104349e+09
8.300502553822800304e-04 -1.944028507283343643e+00 -2.169332709315134888e+00 2.603858295796163714e-10 -5.905312985560870587e+00 1.648839287307488441e+09
8.361373994883840310e-04 -1.937945864790096895e+00 -2.194596320831983860e+00 4.221107315453360579e-09 -6.319418931725581778e+00 1.648839287307610273e+09
8.272437092097423327e-04 -1.946658090892189996e+00 -2.169666667916277270e+00 2.560238437731341179e-10 -5.882312444041811972e+00 1.648839287307775736e+09
8.303141854829237988e-04 -1.945005294190889078e+00 -2.194007103060785724e+00 1.707756833998013711e-14 -6.773973620979413468e+00 1.648839287308352470e+09
8.275471008081110823e-04 -1.946012054354392173e+00 -2.182063607193267085e+00 7.533993580562531311e-15 -5.915551941588438112e+00 1.648839287309573174e+09
8.297026282481563845e-04 -1.945520758913927839e+00 -2.197982982645953598e+00 1.020014826541894294e-14 -3.361594896789033449e+00 1.648839287310060740e+09
8.280052763090258285e-04 -1.946016041309083899e+00 -2.196116387187040608e+00 1.216139253260094311e-08 -1.308221319849494080e-01 1.648839287310309172e+09
8.299397536125039136e-04 -1.945482722179616042e+00 -2.183865328708825437e+00 7.453236865692223244e-15 -1.354356073779690028e+00 1.648839287310735464e+09
8.311858777552541327e-04 -1.943694895847916548e+00 -2.183351222625922183e+00 6.386194620875249890e-10 -1.761719373926890597e+00 1.648839287311017752e+09
8.279296043628144941e-04 -1.947499368622517490e+00 -2.177086050783161753e+00 5.867083500668852958e-08 -2.772807962760885481e+00 1.648839287311166525e+09
8.302523729434099515e-04 -1.942681397874187477e+00 -2.192363993185475479e+00 4.115426379598905992e-12 -2.564778031020065185e-01 1.648839287311495781e+09
8.282496165781249057e-04 -1.947142883372428468e+00 -2.176141950723323948e+00 7.060860532173363665e-08 -1.774851902094625622e+00 1.648839287311512232e+09
8.301428281934494433e-04 -1.942887868000042539e+00 -2.179900821986237247e+00 7.710257274476202667e-14 -8.735870326876744585e-01 1.648839287312026262e+09
8.299585786580396685e-04 -1.943194071746237706e+00 -2.197861267950664832e+00 7.732807800705131070e-13 -7.163651248270122451e+00 1.648839287312125206e+09
8.289704043010035373e-04 -1.945413399011061806e+00 -2.202272393530928518e+00 4.751886474974923527e-15 -7.329166177958342132e+00 1.648839287312283516e+09
8.298284244808889262e-04 -1.945449818318720547e+00 -2.177829400365506096e+00 6.470002405217983239e-10 -4.244496213006058838e+00 1.648839287312669277e+09
8.276674066772441015e-04 -1.947696954750107290e+00 -2.184494987910024832e+00 5.644956480091399270e-09 -2.229145804191771774e+00 1.648839287312790394e+09
8.296651263365580151e-04 -1.945462355338030136e+00 -2.174835061259437818e+00 1.701953037552520631e-09 -2.813659155634983478e+00 1.648839287313117743e+09
8.301862321307998350e-04 -1.943528068750605353e+00 -2.172504948098566757e+00 2.272998293371420612e-09 -1.520986766048822325e+00 1.648839287313536406e+09
8.290513006283191421e-04 -1.943976269845338445e+00 -2.184531302976552958e+00 6.015046242387516399e-15 -5.052717714259431503e+00 1.648839287313712835e+09
8.320819015074012049e-04 -1.940995594187994389e+00 -2.193769742167215764e+00 9.022883011981554627e-07 -9.755890359326615524e-01 1.648839287313755751e+09
8.298012335610324046e-04 -1.943638872182460897e+00 -2.201289853760719062e+00 1.135202201532235113e-13 -6.893533837333380099e+00 1.648839287313772917e+09
8.244730373361262073e-04 -1.951543111469992819e+00 -2.169783972446024833e+00 6.476115274461138772e-07 -2.729204171426768966e-02 1.648839287314723492e+09
8.276711874976579002e-04 -1.947474027492323456e+00 -2.172225500860069936e+00 7.715666365518784397e-11 -9.723027112232225377e-01 1.648839287314941883e+09
8.286845926318334686e-04 -1.944552056791642336e+00 -2.190213145630631075e+00 1.257136711260362470e-13 -5.683255434619495894e+00 1.648839287315304995e+09
8.313249979363246519e-04 -1.943480384287350704e+00 -2.198634536598488509e+00 6.710716900423195510e-12 -4.747855751827817272e+00 1.648839287315477610e+09
8.297287045707866507e-04 -1.944031504952828504e+00 -2.226110122862328566e+00 1.301297705757999834e-09 -6.701923780240728767e+00 1.648839287316522121e+09
8.294266953002957157e-04 -1.945009314201033401e+00 -2.203578588173206843e+00 5.622965688751741962e-11 -3.955785728180335248e+00 1.648839287316754580e+09
8.270240726225805720e-04 -1.947315394960346335e+00 -2.185356356999367478e+00 1.210681038821593000e-08 -4.318415825553003629e-01 1.648839287316992283e+09
8.282022844519573192e-04 -1.947558139904744579e+00 -2.186020396759834838e+00 6.108801634730214353e-11 -7.295922331980088771e+00 1.648839287317800045e+09
8.307129727827813545e-04 -1.944470286711310614e+00 -2.192464007396962788e+00 4.911579100436212661e-14 -6.300862545458023156e+00 1.648839287317883015e+09
8.276958210562776908e-04 -1.947654886479473157e+00 -2.183926539771976039e+00 1.433274065365420659e-15 -5.187680023537122764e+00 1.648839287318120241e+09
8.268510039690211587e-04 -1.947945837566086524e+00 -2.176951641055786979e+00 1.755120569636190561e-12 -5.325173262287718146e+00 1.648839287320245028e+09
8.288350782565725430e-04 -1.945151514954682304e+00 -2.199952363492545526e+00 1.218335637197660531e-09 -2.485952926099137983e+00 1.648839287322520971e+09
8.280717161418373398e-04 -1.944653705307029412e+00 -2.191956877932971892e+00 6.718567946551406499e-08 -4.263438896126192645e+00 1.648839287323728800e+09
8.309724528802647824e-04 -1.943999801885628154e+00 -2.196239500572434000e+00 4.789051369366184046e-10 -2.450004110258290346e+00 1.648839287323748350e+09
8.301777224614018775e-04 -1.942109949837081961e+00 -2.194923408306938217e+00 1.295351298624957067e-06 -5.930397016398778476e-01 1.648839287324412823e+09
8.295476922586877966e-04 -1.944956553720196935e+00 -2.203013243111330954e+00 2.374696371212894522e-15 -5.014975574717484896e+00 1.648839287324628115e+09
8.317678186680214697e-04 -1.942250487845899043e+00 -2.201180761756480475e+00 1.007538025883054013e-15 -1.410960360436558148e+00 1.648839287324673414e+09
8.289320779419143137e-04 -1.946206217266773564e+00 -2.173523430238489151e+00 1.284585384880999896e-14 -7.608875958850493504e+00 1.648839287325169802e+09
8.296774299913041916e-04 -1.943371184080842973e+00 -2.193944011110201764e+00 9.384076497109647724e-08 -3.454052478301016471e+00 1.648839287325511932e+09
8.303086453690542920e-04 -1.943463757777701417e+00 -2.173795726102605297e+00 1.131570060406156367e-13 -2.713582056150170452e+00 1.648839287326468706e+09
8.268587936133434211e-04 -1.947966076992464712e+00 -2.177534767661908788e+00 4.329612842758690267e-11 -6.232675981125293418e+00 1.648839287326594830e+09
8.316458117066351718e-04 -1.941801244133115167e+00 -2.198172489494159443e+00 3.184774686855707132e-13 -1.798282731029768655e+00 1.648839287326723099e+09
8.310787951109126171e-04 -1.943260162156688065e+00 -2.178524078480491788e+00 1.022542179457166549e-13 -1.683493937463756751e+00 1.648839287327166796e+09
8.291124780287836707e-04 -1.945116262167197352e+00 -2.201367267849758669e+00 3.677044342497641993e-15 -3.918171871449143140e-01 1.648839287329355478e+09
8.264523562900675255e-04 -1.945713523718252791e+00 -2.191163283124821337e+00 2.723033335473558339e-09 -6.524771704982557097e+00 1.648839287330335379e+09
8.298278534259984855e-04 -1.943838317466255905e+00 -2.180766552382576329e+00 8.085787261769275866e-15 -4.463641132544072576e+00 1.648839287391305447e+09
8.317231561759622777e-04 -1.942330137918950150e+00 -2.186322989574023712e+00 1.361285360507434822e-14 -4.390876834151569597e+00 1.648839287338353872e+09
8.295968754401176863e-04 -1.945305317650195542e+00 -2.184253359776104908e+00 8.474684962149103644e-14 -4.501066692586393359e+00 1.648839287390717030e+09
8.271730030544135505e-04 -1.947359932618912381e+00 -2.174373606880542376e+00 1.099417636418336544e-14 -4.402548176418859427e+00 1.648839287338725090e+09
8.297855033156826274e-04 -1.943750909531839266e+00 -2.183465209558013154e+00 1.362555666614100909e-15 -3.777181119408173693e+00 1.648839287390427113e+09
8.293483206001399030e-04 -1.946060385784517344e+00 -2.183523880206981627e+00 6.516196261055239849e-15 -4.461152925960316651e+00 1.648839287330455542e+09
8.284881962697219918e-04 -1.945758731512995388e+00 -2.193264757499667983e+00 1.169443487983739693e-14 -4.091140895544986833e+00 1.648839287369700432e+09
8.281096487368339422e-04 -1.945945466143165659e+00 -2.186239003319460750e+00 7.311821718711268945e-14 -5.226360330024612644e+00 1.648839287379331350e+09
8.319075390859652147e-04 -1.942104921741317547e+00 -2.190850502620338425e+00 2.787492091253650137e-15 -5.785016155327566523e+00 1.648839287337872505e+09
8.315601740694140076e-04 -1.942838865331462550e+00 -2.197736960049102350e+00 3.861220064316276469e-14 -2.919070262160087914e+00 1.648839287339787960e+09
8.309566446294876924e-04 -1.943839867981705494e+00 -2.184338777231330742e+00 1.566397313095976779e-11 -2.750741426689542024e+00 1.648839287342488527e+09
8.290425951440061206e-04 -1.944950710389169446e+00 -2.175668009392373037e+00 9.839206784840171861e-13 -3.315705873314592544e+00 1.648839287386339426e+09
8.302297685241817214e-04 -1.943695935322375501e+00 -2.183943243322612027e+00 1.770431944886272836e-11 -3.080657004644386632e+00 1.648839287407814264e+09
8.282533354039232085e-04 -1.946574731485023024e+00 -2.171680863345919477e+00 1.546649384097438966e-11 -3.692396625165226709e+00 1.648839287342341423e+09
8.311350122321223147e-04 -1.943658984108930232e+00 -2.194676592260619064e+00 5.347862897104572135e-11 -4.483385927740941135e+00 1.648839287341500044e+09
8.280374292523949142e-04 -1.946486050905350318e+00 -2.185832422484406123e+00 1.768291032758287683e-13 -4.172809641289203952e+00 1.648839287384766817e+09
8.300617174897989038e-04 -1.942955622830361495e+00 -2.186210775660004213e+00 3.904908857809655017e-13 -5.393544223592732223e+00 1.648839287331068516e+09
8.270911903348268516e-04 -1.947648156711715650e+00 -2.176039015279896738e+00 2.400944420790326599e-12 -5.629648364567399810e+00 1.648839287336094856e+09
8.289667681114148501e-04 -1.944766601085363034e+00 -2.183071877788443693e+00 3.056875410002224716e-12 -5.769666645412677042e+00 1.648839287398279428e+09
8.292065550510820029e-04 -1.944097708235109412e+00 -2.188348990087606083e+00 1.003194343445757410e-11 -4.952682470949001825e+00 1.648839287355755568e+09
8.281081985970325165e-04 -1.945936314804513012e+00 -2.187296247828983908e+00 5.013629209769042067e-12 -5.422866840514747544e+00 1.648839287374958992e+09
8.309577391760976156e-04 -1.943142130760433073e+00 -2.183428261198054443e+00 1.481971912521730140e-12 -5.567871406405767942e+00 1.648839287376858473e+09
8.315151023540564472e-04 -1.942806368453538157e+00 -2.194386769806519588e+00 3.058067385141855028e-15 -4.284985250137776092e+00 1.648839287355565548e+09
8.287849209147423032e-04 -1.945420091404779894e+00 -2.187263912705021962e+00 2.625092080995173280e-14 -2.820198910582115914e+00 1.648839287411018372e+09
8.310370158443595350e-04 -1.943124218785742707e+00 -2.178366823264354935e+00 2.031051845787906021e-12 -4.621164798724741729e-02 1.648839287334478140e+09
8.272851663283950453e-04 -1.947174435871771081e+00 -2.185846862340232288e+00 4.409619307593416994e-12 -1.361399693955599233e+00 1.648839287335540533e+09
8.272401814058234423e-04 -1.947144262568031081e+00 -2.183196323003918859e+00 3.126288433767072742e-12 -1.887774595549729817e+00 1.648839287342141390e+09
8.296240781682931789e-04 -1.945267059066654536e+00 -2.188320681523240552e+00 3.722838266906874309e-12 -1.983179156029679646e+00 1.648839287391603708e+09
8.309303302501575310e-04 -1.943129308586319048e+00 -2.198802450517003848e+00 3.491041136014533755e-12 -2.382036663508015906e+00 1.648839287369991064e+09
8.310073972444581743e-04 -1.943280317249832523e+00 -2.193711787830215254e+00 4.767877670135910363e-13 -3.003255704795817493e-01 1.648839287384059429e+09
8.303642758204010177e-04 -1.943329035586388143e+00 -2.179621356254876297e+00 1.332841019216920886e-14 -3.958030043515359253e-01 1.648839287373018265e+09
8.310423651906379732e-04 -1.943223560208518386e+00 -2.195610068957551064e+00 5.273134382003233932e-15 -5.021481616556719985e-01 1.648839287377943754e+09
8.304070801354487526e-04 -1.943174148262347911e+00 -2.197417694659076215e+00 1.708530104648233272e-15 -5.185858685500157605e-01 1.648839287366499901e+09
8.276441978472229722e-04 -1.946795142518998212e+00 -2.173238670524087812e+00 2.132713108523112097e-15 -1.386908148869232527e+00 1.648839287354690075e+09
8.315183700032192015e-04 -1.941785574382222768e+00 -2.194195813760172697e+00 7.149295317112353048e-14 -2.071149497037257703e+00 1.648839287331981182e+09
8.290305092630859346e-04 -1.945587924125672830e+00 -2.194220018569231989e+00 8.592867664414953896e-15 -9.260689557696641927e-01 1.648839287380926609e+09
8.295747322341357616e-04 -1.945038291962235988e+00 -2.192241580728151895e+00 3.559068419068175998e-14 -4.202476750278290041e-01 1.648839287401105165e+09
8.297161078575826564e-04 -1.944351257549440160e+00 -2.175954785744888653e+00 1.153160983660296734e-12 -1.929700216764596910e+00 1.648839287380484343e+09
8.300588837013656105e-04 -1.943574938856732048e+00 -2.177893576167695855e+00 1.193787802259723637e-15 -1.972035323444742971e-02 1.648839287367283821e+09
8.308161827231279242e-04 -1.943662555265493586e+00 -2.191070600052420492e+00 3.871659672053858417e-12 -1.224581424390825291e+00 1.648839287387648821e+09
8.290001773993650389e-04 -1.944787485282096995e+00 -2.190275578802380885e+00 1.115918783136453392e-15 -2.128571388724269653e-01 1.648839287390405416e+09
8.284234099174037384e-04 -1.946138158830905462e+00 -2.195376382241696511e+00 1.011700492234667842e-08 -7.054751549743940586e-01 1.648839287349749088e+09
8.276105306416053084e-04 -1.946634401300349815e+00 -2.173262443957582057e+00 8.222926672111128239e-08 -1.002808302732907109e+00 1.648839287355394840e+09
8.300246225256402563e-04 -1.943931132273181372e+00 -2.187592187385076770e+00 4.281789542132471924e-07 -2.006979187998110703e+00 1.648839287331312418e+09
8.287917063169229727e-04 -1.946402445902671197e+00 -2.179774821779016492e+00 5.225282286403875986e-07 -8.563854811561464331e-01 1.648839287412552357e+09
8.290402273582759413e-04 -1.944362608664314651e+00 -2.186352591742074303e+00 5.412170002337524084e-08 -8.602998911866590603e-01 1.648839287371797562e+09
8.281712684527566025e-04 -1.946584810235413965e+00 -2.180520702782837716e+00 1.182705848350829275e-07 -1.159994646132825658e+00 1.648839287390878201e+09
8.291941036495564972e-04 -1.945394405090272949e+00 -2.193905667338704291e+00 3.676667333839818497e-08 -4.958640008326398174e-02 1.648839287411370993e+09
8.309889047873320316e-04 -1.942940577955371451e+00 -2.202817101540126110e+00 2.696636674672114705e-06 -3.442393377977932545e-01 1.648839287575521708e+09
8.315867840182494548e-04 -1.941489908181225577e+00 -2.197389623862405550e+00 3.276520156576056676e-06 -5.320249582081242323e-01 1.648839287363661051e+09
8.308513916763687109e-04 -1.942585380959410468e+00 -2.203352169460991661e+00 3.394072389362158083e-07 -6.486403731664767136e-01 1.648839287368263960e+09
8.327156251782759410e-04 -1.940665194380701397e+00 -2.217782878396122648e+00 1.085397137337974731e-06 -2.282570949968745211e-01 1.648839287420300484e+09
8.308642668443152590e-04 -1.942377101526288286e+00 -2.177205365762759470e+00 1.929154808805455392e-07 -2.050134025414536154e-01 1.648839287391826868e+09
8.283917180556969783e-04 -1.945831349993845549e+00 -2.169535613601375257e+00 4.000757144521268389e-11 -2.845593693533791324e+00 1.648839287333556175e+09
8.289939263953352089e-04 -1.946229071035693536e+00 -2.191607244908478691e+00 5.078197956838865498e-12 -1.505321625066988744e-01 1.648839287343736887e+09
8.312409004660130775e-04 -1.942916194354319392e+00 -2.185226196527584541e+00 1.364781108857031638e-11 -6.223633863552251455e-01 1.648839287366830111e+09
8.293666782236086771e-04 -1.944620624868514280e+00 -2.188864157472614647e+00 5.500565035695670796e-08 -2.747287273744494662e+00 1.648839287407113075e+09
8.280069079000283239e-04 -1.946146802733639269e+00 -2.178472775328770705e+00 2.654859235589570165e-09 -2.777775280401487912e+00 1.648839287384386301e+09
8.295334517119232112e-04 -1.945494293941207653e+00 -2.197752695120013922e+00 7.223301153962441076e-08 -3.081932070068237550e+00 1.648839287342118025e+09
8.286997684876690239e-04 -1.946068704510900194e+00 -2.186099481610449757e+00 8.861575169754503661e-10 -3.700810390804853967e+00 1.648839287400326014e+09
8.303376764542364863e-04 -1.944104237056432538e+00 -2.178754263418454684e+00 3.238127618599435913e-08 -3.593369507995162415e+00 1.648839287400591612e+09
8.301239943412512578e-04 -1.944102257624206409e+00 -2.184714352454933284e+00 4.259203019864692428e-09 -2.983546957774295016e+00 1.648839287415345192e+09
8.281756312241177935e-04 -1.946707544601687045e+00 -2.177814682368718113e+00 1.955521517856249394e-09 -2.583656682256206594e+00 1.648839287376387596e+09
8.290531789563675797e-04 -1.945226794497541656e+00 -2.200787399666862321e+00 6.407957355575336967e-09 -3.370726420277290636e+00 1.648839287335612297e+09
8.310962325175547160e-04 -1.943111009464859595e+00 -2.188278472714608291e+00 1.816017553394851128e-08 -2.297088063399668201e+00 1.648839287381012917e+09
8.305193864945416065e-04 -1.943443678025851717e+00 -2.186190388320330857e+00 1.981731270212566901e-08 -3.245378209135218128e+00 1.648839287410035849e+09
8.319285709876253531e-04 -1.942303315931010799e+00 -2.192726940276953140e+00 5.634060645224669451e-10 -4.360063365478154651e+00 1.648839287335226059e+09
8.300298158146824420e-04 -1.944791688657637296e+00 -2.185832275076568187e+00 1.485705659039137625e-09 -2.395230911422411069e+00 1.648839287389661789e+09
8.294744502723882433e-04 -1.944651250153939692e+00 -2.172816918844332257e+00 5.768568987066814305e-11 -3.018669789952231675e+00 1.648839287357711077e+09
8.314057607978075784e-04 -1.942569098929835869e+00 -2.189798288821168448e+00 2.222046087894724824e-11 -8.818310603844166096e-01 1.648839287370824337e+09
8.280809203946350996e-04 -1.947152354481249237e+00 -2.187368818700764272e+00 1.167828895275247842e-10 -2.115272802119808837e+00 1.648839287336350679e+09
8.304422680627106213e-04 -1.943722275696781132e+00 -2.183707668695072712e+00 1.111017717345177118e-10 -1.656931393177610623e+00 1.648839287402502537e+09
8.296961587260639689e-04 -1.943515247134103952e+00 -2.194580432870873121e+00 3.452349750014025905e-11 -1.244175218869951749e+00 1.648839287333289862e+09
8.306943710922572773e-04 -1.943946949071838182e+00 -2.200404566074624757e+00 7.873073535998858916e-11 -1.451666691103260298e+00 1.648839287343749762e+09
8.290710341232043886e-04 -1.946002278661213669e+00 -2.186531251644256546e+00 7.023720775028727215e-10 -2.187911248082023086e+00 1.648839287377597332e+09
8.298243348516046169e-04 -1.943900875397440942e+00 -2.198221292313702335e+00 1.125610753278874191e-11 -3.065668089229767190e-02 1.648839287364316940e+09
8.313429719446136564e-04 -1.943002911163889124e+00 -2.184806805487914616e+00 5.798901400737249055e-10 -1.049737289519959482e+00 1.648839287351336956e+09
8.278774565422744461e-04 -1.946459318592093091e+00 -2.183999072750616222e+00 1.010215244918507475e-09 -1.269445670667312065e+00 1.648839287381440878e+09
8.295858937531305115e-04 -1.944303083745501981e+00 -2.181816761571620855e+00 1.922320921926187001e-08 -2.031174829861460474e+00 1.648839287407330036e+09
8.314575915091830700e-04 -1.942823552885564631e+00 -2.190709908377387549e+00 2.782608344756168910e-10 -1.161384715054371242e+00 1.648839287362746000e+09
8.285093313168999732e-04 -1.946066784102367109e+00 -2.195161284698468940e+00 9.570683205743280498e-09 -3.658436537945855882e+00 1.648839287364746809e+09
8.291857493544718899e-04 -1.945020413003209159e+00 -2.192594220257720217e+00 1.579168963435064400e-08 -1.764690585338136941e+00 1.648839287400054216e+09
8.263803641785413129e-04 -1.951564020174005654e+00 -2.171050796537439709e+00 5.593086690152445775e-09 -7.506060152112670636e+00 1.648839288563227177e+09
8.252061824012692053e-04 -1.952795040100291368e+00 -2.172254346099852018e+00 1.902896010217837936e-09 -7.217313684559059084e+00 1.648839287718433619e+09
8.238171846381019169e-04 -1.951471309624490891e+00 -2.171123742446287253e+00 1.150944705193903883e-09 -7.159486786799861946e+00 1.648839287658166647e+09
8.265776342042101960e-04 -1.951359174311314559e+00 -2.169694378939317936e+00 2.382739641126176660e-09 -7.895422157975513500e+00 1.648839289114350557e+09
8.265776342042101960e-04 -1.951359174311314559e+00 -2.169694378939317936e+00 2.382739641126176660e-09 -7.895422157975513500e+00 1.648839289114350557e+09
8.247762579806269248e-04 -1.953240913310036131e+00 -2.163014479453421846e+00 1.814900035660762275e-09 -7.299401415548233629e+00 1.648839287685814619e+09
8.253210907255804311e-04 -1.950122791549519174e+00 -2.179619431657963791e+00 2.579780358846870427e-09 -7.191152953580246532e+00 1.648839288555676699e+09
8.249185905244756783e-04 -1.949510720559997523e+00 -2.178655583346297941e+00 6.807817298177293600e-09 -6.642468594124109060e+00 1.648839288476911545e+09
8.243342628663783214e-04 -1.949212593461272069e+00 -2.162602269884117412e+00 7.275761544653974907e-09 -6.538368449897804524e+00 1.648839288097893953e+09
8.258807666471346381e-04 -1.950388514483450964e+00 -2.148053554918599062e+00 6.507968188664235058e-09 -6.610755033364588584e+00 1.648839287871851683e+09
8.235546788435481021e-04 -1.951300061445442546e+00 -2.149028164119362039e+00 3.213379261219589650e-09 -7.262055052150209633e+00 1.648839288280903339e+09
8.250102642864444447e-04 -1.948134417698331733e+00 -2.157015699676030795e+00 4.922398046042502093e-09 -7.136560559347343791e+00 1.648839288515492678e+09
8.249654233361883564e-04 -1.949412283328956441e+00 -2.160506461442631920e+00 3.498498687832888975e-09 -7.587460611186854109e+00 1.648839289108251572e+09
8.249654233361883564e-04 -1.949412283328956441e+00 -2.160506461442631920e+00 3.498498687832888975e-09 -7.587460611186854109e+00 1.648839289108251572e+09
8.280282972710161470e-04 -1.948652209291155568e+00 -2.150906819437472972e+00 5.380082596253119046e-09 -6.840879050356932112e+00 1.648839288046768665e+09
8.237433165900059917e-04 -1.950231134526525301e+00 -2.150385147678993469e+00 8.337356219566813328e-09 -7.013438627643274081e+00 1.648839288305042028e+09
8.250423254848634601e-04 -1.947603592273084994e+00 -2.148837622825389815e+00 5.243351223569152976e-09 -6.970025002437765238e+00 1.648839287931349516e+09
8.257075427862304185e-04 -1.946215271199837282e+00 -2.159698109944453659e+00 3.179290472089272850e-09 -7.272951307018501232e+00 1.648839288104909658e+09
8.242253834875204292e-04 -1.953835201616258344e+00 -2.172543815372536713e+00 2.316816506619437650e-08 -6.374384066155420747e+00 1.648839288103648901e+09
8.224235978610015601e-04 -1.952852413725385539e+00 -2.175384395839161655e+00 1.974800890744592955e-08 -5.528366603833354986e+00 1.648839287397464991e+09
8.241641287115600246e-04 -1.952846642329583604e+00 -2.166980902408701670e+00 8.435610967035718006e-09 -6.656927631625508823e+00 1.648839288464145660e+09
8.246570358726854804e-04 -1.953345232861751768e+00 -2.174394580806894517e+00 3.729588777094628606e-08 -5.743324510131556870e+00 1.648839287888931513e+09
8.236273668059488490e-04 -1.951035780750552062e+00 -2.152976376045217410e+00 7.390857721758650121e-09 -6.067896442380536826e+00 1.648839287389868498e+09
8.234214507602266326e-04 -1.951804500066418813e+00 -2.171015508104774394e+00 5.470935603567357812e-08 -5.576445021818367209e+00 1.648839287857902050e+09
8.248620395772046773e-04 -1.950404984649184659e+00 -2.147700058316962757e+00 5.165383288373309804e-08 -5.420618483960561562e+00 1.648839287560122967e+09
8.253211013020218464e-04 -1.951036785326398570e+00 -2.167261327251694958e+00 4.299823044234991321e-08 -5.577893408204604775e+00 1.648839288158510447e+09
8.235530802185043455e-04 -1.952570988194698653e+00 -2.175993488092033523e+00 1.863642046405223005e-09 -7.669327497775022096e+00 1.648839288810553312e+09
8.244204444212622400e-04 -1.952429217523555360e+00 -2.191670343481392003e+00 2.398492884780480230e-08 -5.929885379090523934e+00 1.648839288044135094e+09
8.237585518612367853e-04 -1.951856302566409296e+00 -2.198648472849127788e+00 2.441761962469441030e-08 -5.896575498239730706e+00 1.648839287870471954e+09
8.226240184060500029e-04 -1.952439459479660577e+00 -2.201912544362816249e+00 1.808576219598420654e-09 -7.955700883331059181e+00 1.648839288571869850e+09
8.224614802616099117e-04 -1.954913209101075910e+00 -2.198095706921868064e+00 1.998666270345222728e-08 -6.066542221956785497e+00 1.648839287508364439e+09
8.232372152784698475e-04 -1.952676835138398959e+00 -2.191750794736792685e+00 4.474889294914475216e-09 -7.686993314021513868e+00 1.648839288273505688e+09
8.228821425109766928e-04 -1.954385639988475365e+00 -2.199556262773179505e+00 9.465096466135371347e-09 -6.389614007117304872e+00 1.648839287510956287e+09
8.251716891519656144e-04 -1.954359375394540521e+00 -2.195456570083640369e+00 5.844510469625829336e-09 -7.387907595573977027e+00 1.648839287948531389e+09
8.243379407239222276e-04 -1.950042317151448934e+00 -2.182502518380278200e+00 2.668985427314372454e-09 -7.996860118352611124e+00 1.648839288756077528e+09
8.246236388968354158e-04 -1.950788377432864040e+00 -2.185326770449860234e+00 1.450003027276656531e-09 -7.898026170050581385e+00 1.648839289075368404e+09
8.246236388968354158e-04 -1.950788377432864040e+00 -2.185326770449860234e+00 1.450003027276656531e-09 -7.898026170050581385e+00 1.648839289075368404e+09
8.238095735051674008e-04 -1.955330631773041006e+00 -2.203849730835487630e+00 1.278311876181163334e-09 -7.824770161499849053e+00 1.648839287376958132e+09
8.234463715012880960e-04 -1.949808032153006021e+00 -2.189396880318180916e+00 1.157777826013703964e-08 -6.325415622569765972e+00 1.648839287732426167e+09
8.235065960967682995e-04 -1.952803868458429237e+00 -2.187711090222498100e+00 1.334968014661068886e-09 -7.958687067855451325e+00 1.648839288829768419e+09
8.240463339632975994e-04 -1.952398312122254342e+00 -2.205672068330676971e+00 5.703736586644396987e-09 -7.300426690661107720e+00 1.648839288564308643e+09
8.230282315058373493e-04 -1.951123007602228565e+00 -2.196849657323946214e+00 4.510086077599283630e-09 -7.144269906610484888e+00 1.648839288199247122e+09
8.231942130514493866e-04 -1.955484810880568025e+00 -2.212446357755666781e+00 6.103277627160528457e-09 -7.004150698463971203e+00 1.648839287455971718e+09
8.237768839032443479e-04 -1.953542424683807788e+00 -2.172929726513304960e+00 2.124054337024210528e-09 -7.570749428875747533e+00 1.648839288613579988e+09
8.237248303369027131e-04 -1.951664337555736317e+00 -2.204577853277449595e+00 2.059884299503308079e-09 -7.409498415732769239e+00 1.648839288045127392e+09
8.255423255472671678e-04 -1.951476514755667857e+00 -2.172567540381733053e+00 2.991130173134187425e-08 -5.833406493941234672e+00 1.648839288255958080e+09
8.269095682417217097e-04 -1.951057288872537043e+00 -2.157569508789282331e+00 2.855602044787622053e-09 -6.991825550631095787e+00 1.648839287532882690e+09
8.284518943536527819e-04 -1.949574571514009813e+00 -2.184989883513376974e+00 2.678573163685509216e-09 -7.611337047426318669e+00 1.648839288876345158e+09
8.284518943536527819e-04 -1.949574571514009813e+00 -2.184989883513376974e+00 2.678573163685509216e-09 -7.611337047426318669e+00 1.648839288876345158e+09
8.263803129132287883e-04 -1.947733664825583411e+00 -2.167036546894631766e+00 1.374625152847303054e-09 -6.742295186938316753e+00 1.648839287649322510e+09
8.281916290945228257e-04 -1.949167730690988476e+00 -2.181060088949163145e+00 3.557947242707261447e-09 -7.447021230490044275e+00 1.648839289100371122e+09
8.281916290945228257e-04 -1.949167730690988476e+00 -2.181060088949163145e+00 3.557947242707261447e-09 -7.447021230490044275e+00 1.648839289100371122e+09
8.286207905710138910e-04 -1.949962408745361531e+00 -2.173695132521391571e+00 4.388374681268588153e-09 -7.225398571266332226e+00 1.648839288383198738e+09
8.283508679055497786e-04 -1.950863770383087781e+00 -2.166653818094065542e+00 2.466108228226644347e-09 -7.305297497975935528e+00 1.648839287436532974e+09
8.278340970667537801e-04 -1.950415123890944402e+00 -2.156593915685192986e+00 6.497161018720696448e-09 -7.289898877046490533e+00 1.648839288295540810e+09
8.284556488106054701e-04 -1.947868476560703943e+00 -2.160139981618099281e+00 3.042907253146802820e-09 -7.303341208036616017e+00 1.648839288703790426e+09
8.270238396429397841e-04 -1.950671577416444258e+00 -2.161645107521262599e+00 1.909089967063596653e-08 -5.929611020446072800e+00 1.648839287811692238e+09
8.257889661225194852e-04 -1.948280273841528576e+00 -2.176145448975028263e+00 5.847851478066484137e-09 -6.662691503720230557e+00 1.648839288463485241e+09
8.284764773971005575e-04 -1.949760145306700165e+00 -2.177655619855959124e+00 4.576057162259661991e-09 -7.674076645611388692e+00 1.648839288387640238e+09
8.208452375993462906e-04 -1.953101763860896734e+00 -2.161598567334942711e+00 4.730661526783419132e-09 -7.308085527891637234e+00 1.648839288158138752e+09
8.220936086756703903e-04 -1.956640261300749639e+00 -2.155174699082669232e+00 1.110185274703990866e-08 -6.879839214079792598e+00 1.648839287832891464e+09
8.204856000424983571e-04 -1.955040525520889805e+00 -2.169379491378775171e+00 3.164427654925037913e-08 -5.863312579241830136e+00 1.648839287522061348e+09
8.203690845295304483e-04 -1.954836007230899009e+00 -2.156492614173175504e+00 9.225099927160356599e-09 -6.500409399663665155e+00 1.648839287617498398e+09
8.217832970015632923e-04 -1.954918919105366193e+00 -2.155607165029549410e+00 8.120174139182414194e-09 -6.883849117701966946e+00 1.648839288320415497e+09
8.228976901057062556e-04 -1.952329570220438626e+00 -2.143988957154466135e+00 1.751107533390084559e-08 -5.916454967849759328e+00 1.648839287339786053e+09
8.240177566169683190e-04 -1.953193106882687546e+00 -2.144929499445055843e+00 5.038581734785534154e-09 -7.107652335536371879e+00 1.648839288067742348e+09
8.206184400894291553e-04 -1.953892409564902399e+00 -2.182038994044538605e+00 5.078418288917963757e-09 -6.879918676172574798e+00 1.648839287555566549e+09
8.222033834794505343e-04 -1.952782532183325648e+00 -2.182671291645281730e+00 9.817090606571172670e-09 -6.499947370679951320e+00 1.648839288015720844e+09
8.196395850292670458e-04 -1.956080500862166893e+00 -2.178929553452114920e+00 1.030369751679747432e-08 -6.882992026244814099e+00 1.648839287736177444e+09
8.212595812990132298e-04 -1.954309040635338945e+00 -2.177236581895274359e+00 2.944592945197688981e-09 -7.456866919326527565e+00 1.648839288406580210e+09
8.198604375373878860e-04 -1.958811976419334577e+00 -2.188117748364699633e+00 5.708142449941017528e-09 -7.437264310896390285e+00 1.648839287431112289e+09
8.216291312936217436e-04 -1.955153906179796675e+00 -2.193733286085816747e+00 7.233039672483355900e-09 -7.362152421018891779e+00 1.648839287657447577e+09
8.225494737293138079e-04 -1.956774894542590904e+00 -2.182156308152326307e+00 1.170402924761795840e-08 -6.547401153243697536e+00 1.648839287501756907e+09
8.271918831533899528e-04 -1.946360653219890713e+00 -2.178561393847935790e+00 1.696866946960016137e-09 -6.776149037318639934e+00 1.648839287818984985e+09
8.274968010485623821e-04 -1.946074273737399052e+00 -2.180624237111388197e+00 2.986258637937811566e-09 -7.199851150828344259e+00 1.648839288781447887e+09
8.274968010485623821e-04 -1.946074273737399052e+00 -2.180624237111388197e+00 2.986258637937811566e-09 -7.199851150828344259e+00 1.648839288781447887e+09
8.266626797390051349e-04 -1.945828656385805155e+00 -2.189422236397197352e+00 3.582761697184119893e-09 -7.152306993687743031e+00 1.648839288436704874e+09
8.274362465763391780e-04 -1.945481608281645514e+00 -2.174782303503500547e+00 1.181276916396284273e-09 -7.299285232343593499e+00 1.648839287997348785e+09
8.272148185180523260e-04 -1.944462678332109729e+00 -2.181621898029280082e+00 2.640789624937923633e-09 -7.487470526678095872e+00 1.648839288463629723e+09
8.261581218500967582e-04 -1.947621894611546445e+00 -2.190700484409609405e+00 2.015492533406779269e-09 -6.210424624594864440e+00 1.648839287391015768e+09
8.276961821835285152e-04 -1.945215915655189587e+00 -2.162207513336612763e+00 6.258335899771309435e-09 -6.318499926008480649e+00 1.648839287870365143e+09
8.290119828197630141e-04 -1.946497933966441662e+00 -2.172295797861385047e+00 2.638582872444780821e-08 -5.618950952983207792e+00 1.648839288253000259e+09
8.307251810975433597e-04 -1.943878636701440676e+00 -2.174767147080117091e+00 3.045161369405298871e-09 -5.503490339924382191e+00 1.648839287429206610e+09
8.288787889983895325e-04 -1.943387504137300104e+00 -2.173188487371245259e+00 2.468400966988097680e-08 -5.138648192255797831e+00 1.648839287485494375e+09
8.264870152449236944e-04 -1.945171401805990463e+00 -2.185983099117638773e+00 3.011888899450712460e-08 -5.742492036494336816e+00 1.648839287508717775e+09
8.282339871549400899e-04 -1.950415347777134212e+00 -2.175608061868100407e+00 8.683701773758295045e-09 -6.634030140662072306e+00 1.648839288013113022e+09
8.280016306420895237e-04 -1.948566029658787002e+00 -2.180186408661424213e+00 4.957525714684809012e-09 -6.226622604401915950e+00 1.648839287765660048e+09
8.281526838010142607e-04 -1.948231507916984517e+00 -2.185884067401256736e+00 3.536071485556415353e-08 -6.068644420609306422e+00 1.648839288359078407e+09
8.271992750246071795e-04 -1.946818131842195321e+00 -2.186714412107471528e+00 3.010174801593062466e-08 -6.043613184808209304e+00 1.648839288446567774e+09
8.280857810111809641e-04 -1.945824271066520561e+00 -2.181020005017825447e+00 9.221505051940535948e-09 -5.878886471543333769e+00 1.648839288000578880e+09
8.276725589275392338e-04 -1.946433763658387939e+00 -2.182584638833713342e+00 2.926323927043684340e-08 -5.873811184380695494e+00 1.648839288513854265e+09
8.278864205278114747e-04 -1.945323100273800287e+00 -2.180683724193901440e+00 8.903466311197520920e-09 -6.149381459501201519e+00 1.648839288135603905e+09
8.277939004136285932e-04 -1.947608558424161362e+00 -2.173805626925096046e+00 1.986611630904977415e-09 -4.955523019765839088e+00 1.648839287334175110e+09
8.267723341233875183e-04 -1.947694849350347424e+00 -2.182302369760519056e+00 1.820081696469109069e-07 -3.563709920551041854e+00 1.648839287345079899e+09
8.284347518988196451e-04 -1.947148777029972244e+00 -2.180805244931684150e+00 2.314073400942753672e-07 -3.604800541772302580e+00 1.648839287385303259e+09
8.248336150949416370e-04 -1.951516497074949452e+00 -2.185054377647621227e+00 1.427694967756517325e-07 -4.614543757022989467e+00 1.648839287396138668e+09
8.245982128819961650e-04 -1.948868604449145003e+00 -2.173608876143686253e+00 3.360190903676643735e-08 -5.161793171640521649e+00 1.648839287491309166e+09
8.269146774687190270e-04 -1.946159912437207762e+00 -2.182111788001268149e+00 5.016222317156131328e-08 -4.735118403732091252e+00 1.648839287516515255e+09
8.256888698060028172e-04 -1.950172655467586003e+00 -2.172490319277791571e+00 7.775073443553207979e-08 -4.803495992769200029e+00 1.648839287748527050e+09
8.321876709480422081e-04 -1.941982694676765986e+00 -2.180081008485160066e+00 8.229130233585101449e-08 -3.984196084095727564e+00 1.648839287386317492e+09
8.295553016156893963e-04 -1.945031550900222950e+00 -2.173261547604933952e+00 4.451541019500510657e-08 -4.366450734212506291e+00 1.648839287554904461e+09
8.286822958566603158e-04 -1.947118528490142886e+00 -2.198934348826441454e+00 3.137664494389250414e-08 -5.596771436964105284e+00 1.648839288257576942e+09
8.279279292997591098e-04 -1.946627134865068998e+00 -2.196720812317829452e+00 1.442825622455909248e-08 -4.469537151351549831e+00 1.648839287394430399e+09
8.258170388204089758e-04 -1.948975856731446576e+00 -2.193046840151359866e+00 6.224889338806811771e-08 -5.153252142397928282e+00 1.648839287863276482e+09
8.273012969800720576e-04 -1.948399039610168249e+00 -2.204525281707331530e+00 7.349845575913559407e-08 -4.511982003200545321e+00 1.648839287447714090e+09
8.262158813904584920e-04 -1.948015080026155532e+00 -2.194037220242655906e+00 8.986325994096526009e-09 -5.210563538915913284e+00 1.648839287351774454e+09
8.274195933011339443e-04 -1.948572479227067333e+00 -2.188727951435720520e+00 4.262007167825164674e-08 -5.556029214871303523e+00 1.648839288311637163e+09
8.288653314284325771e-04 -1.949208512711663843e+00 -2.202412089755712898e+00 3.631365891638893833e-08 -5.920703165276837154e+00 1.648839287904855728e+09
8.278330248329543103e-04 -1.948100152703818644e+00 -2.205733174441570466e+00 2.565918552004166269e-08 -5.640319072696351910e+00 1.648839288059107780e+09
8.271379947312126890e-04 -1.948339693471909273e+00 -2.201142871682821855e+00 2.663731228966780362e-08 -5.137969475401707342e+00 1.648839287635039330e+09
8.276788572076808001e-04 -1.947961773325671331e+00 -2.197227111209784312e+00 1.545252290946351324e-08 -5.019144125890621311e+00 1.648839287464081764e+09
8.249511845857541081e-04 -1.949705781112755831e+00 -2.197040269364892495e+00 2.456860071150004384e-08 -5.340368217053502065e+00 1.648839287523542643e+09
8.251468692613032549e-04 -1.949802523482439431e+00 -2.184305805379187948e+00 1.146858154418175197e-08 -6.100288931934311876e+00 1.648839288141009331e+09
8.248542094909538545e-04 -1.954503303276872384e+00 -2.226331011031686735e+00 4.770183185594079239e-09 -7.437656088579697844e+00 1.648839287409089804e+09
8.244306407363517991e-04 -1.953842851412350257e+00 -2.234870711179303360e+00 1.805422249560279110e-09 -7.984890623053455094e+00 1.648839287701696634e+09
8.264389049357191101e-04 -1.949867034674767519e+00 -2.224874544741386018e+00 1.645121338426902006e-09 -7.900004503836863812e+00 1.648839288658780336e+09
8.264389049357191101e-04 -1.949867034674767519e+00 -2.224874544741386018e+00 1.645121338426902006e-09 -7.900004503836863812e+00 1.648839288658780336e+09
8.276763638286457675e-04 -1.947681915022482890e+00 -2.227434373024357317e+00 1.031033920205185660e-09 -7.700188166313594706e+00 1.648839287991560459e+09
8.254529824403510335e-04 -1.950862469868178906e+00 -2.220681727206456735e+00 2.217293942440560908e-09 -7.363867756971678169e+00 1.648839287940254927e+09
8.274792865776114644e-04 -1.949244764217676007e+00 -2.260097439580918799e+00 2.264039446560316455e-09 -7.751465481597444196e+00 1.648839287689537287e+09
8.255202879236317112e-04 -1.948262097410008886e+00 -2.198175073697965942e+00 6.208141724106890777e-09 -6.964786277671993098e+00 1.648839288619924784e+09
8.258423059299379839e-04 -1.947706908583422214e+00 -2.198694101205629359e+00 5.251452614124046608e-09 -6.760871693484213907e+00 1.648839288222889423e+09
8.256673224370204237e-04 -1.948324684838110388e+00 -2.202947446014068333e+00 6.208112056777718807e-09 -7.429349950052190898e+00 1.648839288249844790e+09
8.261932125620223685e-04 -1.948366777388578663e+00 -2.198566176174008735e+00 2.411809199762166468e-09 -7.000420593794962620e+00 1.648839288111826658e+09
8.269032340328846863e-04 -1.949036681972533769e+00 -2.204100016698215203e+00 5.402223553531248385e-09 -7.370029552363340564e+00 1.648839289057076454e+09
8.269032340328846863e-04 -1.949036681972533769e+00 -2.204100016698215203e+00 5.402223553531248385e-09 -7.370029552363340564e+00 1.648839289057076454e+09
8.245323745767655461e-04 -1.950539352559264250e+00 -2.208219637473370245e+00 5.906299885331754815e-09 -6.892132833124221314e+00 1.648839288273485899e+09
8.266636474342445046e-04 -1.948229462252910826e+00 -2.207606083380691864e+00 1.940873998946539346e-09 -7.610590914726437006e+00 1.648839288825573683e+09
8.266636474342445046e-04 -1.948229462252910826e+00 -2.207606083380691864e+00 1.940873998946539346e-09 -7.610590914726437006e+00 1.648839288825573683e+09
8.259319374728761468e-04 -1.947247532117810209e+00 -2.211446163870300463e+00 8.121555722471508327e-10 -7.622243303925345437e+00 1.648839287576450825e+09
8.270610854123819486e-04 -1.947988446122163930e+00 -2.217299115253405617e+00 1.900537410526592666e-09 -7.426696327162676248e+00 1.648839288336271524e+09
8.247619466352736680e-04 -1.949898258394701767e+00 -2.206712903563957440e+00 4.090677700256934575e-09 -7.739423783486798492e+00 1.648839288205388784e+09
8.284023470073065710e-04 -1.948289575355980574e+00 -2.209631081776920247e+00 2.720557125330065202e-09 -6.938383428230057604e+00 1.648839287927643538e+09
8.281252744639579395e-04 -1.949661355493131243e+00 -2.186873694753495023e+00 1.299279667095250292e-09 -7.830817462123100370e+00 1.648839288579321384e+09
8.274106392993325421e-04 -1.952704573581585556e+00 -2.186636639539784710e+00 6.837582685774386788e-09 -6.966326120187147808e+00 1.648839287546201229e+09
8.275282889278739312e-04 -1.945780103572619435e+00 -2.206293960304794410e+00 1.732597962110940113e-09 -7.300814587376578402e+00 1.648839288161927700e+09
8.253618501978446766e-04 -1.947958087762750257e+00 -2.188847202692567162e+00 5.794895397550844453e-09 -7.104286268263708237e+00 1.648839288706612349e+09
8.251259521188639059e-04 -1.948419660163436706e+00 -2.184381462153929032e+00 1.760445410865570562e-09 -7.902018548246448226e+00 1.648839289081548929e+09
8.251259521188639059e-04 -1.948419660163436706e+00 -2.184381462153929032e+00 1.760445410865570562e-09 -7.902018548246448226e+00 1.648839289081548929e+09
8.274182942773451255e-04 -1.947715656031537401e+00 -2.190042633791819071e+00 1.171456731137501884e-09 -7.496866808990917619e+00 1.648839288421502590e+09
8.273351594005430099e-04 -1.945859315865708927e+00 -2.197732990758363147e+00 3.222032325874063767e-10 -7.383755425392699578e+00 1.648839287398876905e+09
8.251789614995105231e-04 -1.950185585676968980e+00 -2.226311534010063209e+00 3.460839885478335406e-08 -5.994513333716771086e+00 1.648839287454204798e+09
8.274314213658198400e-04 -1.948862548402426453e+00 -2.211568855772136466e+00 9.229726176706692553e-09 -6.524245338174964104e+00 1.648839288379195929e+09
8.274169888049472989e-04 -1.949936006949548828e+00 -2.223569580662599687e+00 3.278863354829327640e-08 -5.935960773118489797e+00 1.648839287734528780e+09
8.254473755958136602e-04 -1.950478197048095552e+00 -2.222591031824455499e+00 1.751997446849918304e-08 -6.129225288748505918e+00 1.648839287764044762e+09
8.277335299893478571e-04 -1.950195453709675064e+00 -2.200685263641213751e+00 2.863030598040387676e-08 -6.246584817477451423e+00 1.648839287982559204e+09
8.273825378136786700e-04 -1.947753456500003200e+00 -2.199998972685055065e+00 1.674664829439599005e-08 -6.766753402920917537e+00 1.648839288123016119e+09
8.275606233425853104e-04 -1.947556812690996342e+00 -2.226878202116562289e+00 6.388276514167929503e-08 -5.589727470516501207e+00 1.648839287398343563e+09
8.281759796541132614e-04 -1.946594277091243663e+00 -2.210759074409548663e+00 3.647882779571769836e-09 -5.960932060592078585e+00 1.648839287447307110e+09
8.259426050188284135e-04 -1.950825651214883827e+00 -2.203751671740918017e+00 1.578580124881003473e-08 -6.329524727586374411e+00 1.648839288352324963e+09
8.241256622080689667e-04 -1.950913313835535456e+00 -2.207492665796717102e+00 2.906759298568788472e-08 -5.934294528131360380e+00 1.648839287789623022e+09
8.237436511267318953e-04 -1.951128415695575491e+00 -2.216393903292244616e+00 7.840641602460966981e-09 -6.785987339768394300e+00 1.648839287901531696e+09
8.345664991634540791e-04 -1.939374403850188777e+00 -2.232026877370320239e+00 1.591604627201266566e-09 -7.187791260772659285e+00 1.648839287634795904e+09
8.324795224383962650e-04 -1.940293542512061098e+00 -2.231465599034073488e+00 9.332183792540148468e-10 -7.163266742605168602e+00 1.648839287334426403e+09
8.341094935022062016e-04 -1.942766401311288194e+00 -2.234237243180767774e+00 3.496790136520990925e-09 -7.364665099864848408e+00 1.648839288135739803e+09
8.331982926911309355e-04 -1.941624767615260705e+00 -2.243804593492719768e+00 2.222054692377643610e-09 -7.895433758074575259e+00 1.648839288706490993e+09
8.324243656778321015e-04 -1.939682516512071242e+00 -2.234399700471289218e+00 3.840951846594353310e-09 -7.270337655115003628e+00 1.648839288230973244e+09
8.345851047692905665e-04 -1.940574121349801562e+00 -2.274575953589394572e+00 2.125315462019886029e-09 -7.629977161468810110e+00 1.648839287481869936e+09
8.329443012791604324e-04 -1.941214737409192370e+00 -2.247029812219105249e+00 4.585583750823173910e-09 -7.340193907129505035e+00 1.648839288422412872e+09
8.362050491983781400e-04 -1.939704194106458779e+00 -2.208565719023940943e+00 4.113311598487505450e-09 -6.990087907922177379e+00 1.648839287854608774e+09
8.360590215674154960e-04 -1.939135190605236536e+00 -2.213396999866905190e+00 3.801192119862686483e-09 -7.827503835830103007e+00 1.648839287813845873e+09
8.373568514371709142e-04 -1.936941883487860672e+00 -2.201528175270262011e+00 1.040809184859723068e-08 -6.776467124463930958e+00 1.648839288016962767e+09
8.374614405372591891e-04 -1.937625230577759927e+00 -2.198672536235175112e+00 4.246340835252152090e-09 -6.993854495799205040e+00 1.648839287720907211e+09
8.360872297963625006e-04 -1.935973685760359109e+00 -2.220382509722423681e+00 3.604372861393884899e-09 -7.341165009001166197e+00 1.648839288180243492e+09
8.368731745858976273e-04 -1.937057941863509436e+00 -2.217369540219030988e+00 2.543053607006827075e-09 -7.572887365626877809e+00 1.648839288395401716e+09
8.381357021889656624e-04 -1.936544748959911688e+00 -2.199076054459684570e+00 5.190012407143763680e-09 -7.203267566105632902e+00 1.648839287963346958e+09
8.369021586940142464e-04 -1.937235903769082279e+00 -2.203013280718394640e+00 6.175132107075422342e-09 -6.545943690932165993e+00 1.648839287658916950e+09
8.351976903269644082e-04 -1.939294641364281091e+00 -2.199946237373441082e+00 2.762499675485131404e-08 -6.117010417185907656e+00 1.648839288083920956e+09
8.356287634268132376e-04 -1.940077865719025629e+00 -2.200041480615410272e+00 2.804374972681869511e-08 -5.575773841481705517e+00 1.648839287504719257e+09
8.334642942113760881e-04 -1.939749860143198168e+00 -2.202651603890839471e+00 1.086376515234519695e-08 -7.114194486640373682e+00 1.648839287624460936e+09
8.348240393849473044e-04 -1.939047546850228176e+00 -2.208231162796890246e+00 5.005562978473839641e-09 -6.984679311119781353e+00 1.648839288534581900e+09
8.348240393849473044e-04 -1.939047546850228176e+00 -2.208231162796890246e+00 5.005562978473839641e-09 -6.984679311119781353e+00 1.648839288534581900e+09
8.346939283838619326e-04 -1.939939331781447285e+00 -2.204717803768629913e+00 8.374721455922770612e-09 -6.682681793631172873e+00 1.648839288501191139e+09
8.336144095747983302e-04 -1.940190680732597261e+00 -2.204429520467970249e+00 6.038046979185425246e-08 -5.063669063120647351e+00 1.648839287790403128e+09
8.337365478600801795e-04 -1.941433484105664631e+00 -2.199082838795314743e+00 9.810674608715140000e-09 -7.112118605755029854e+00 1.648839288293410540e+09
8.329821362810540565e-04 -1.941457993813201277e+00 -2.216367380323462033e+00 2.942742629078369056e-09 -7.114420551296515960e+00 1.648839288437442541e+09
8.316797377232106351e-04 -1.941376733843116487e+00 -2.204477495682457544e+00 7.849530109514509870e-10 -7.403178471817910555e+00 1.648839287902145386e+09
8.333347338094410821e-04 -1.941845883335652889e+00 -2.220472678143805556e+00 2.147320359502395787e-08 -6.284845811521471148e+00 1.648839288334563494e+09
8.326093387650608134e-04 -1.942893777036384106e+00 -2.202809034644783281e+00 1.416666563207913917e-08 -6.498998631865590347e+00 1.648839288723952293e+09
8.314417057014193225e-04 -1.942047899696821567e+00 -2.176646854351324212e+00 1.349957385001147210e-08 -6.741327129176083233e+00 1.648839288596415520e+09
8.318757343650728074e-04 -1.940963068874090425e+00 -2.181332012193680114e+00 1.033260273262526368e-08 -6.975787814147334842e+00 1.648839288459753990e+09
8.318109702463987332e-04 -1.941739606717422184e+00 -2.180631058649997733e+00 3.790226850707669433e-09 -6.837826882165796150e+00 1.648839288404410362e+09
8.329794230941190607e-04 -1.942892439512915681e+00 -2.199192523256242371e+00 4.067780566543493094e-09 -6.687001166821138654e+00 1.648839288017956734e+09
8.357792573648880089e-04 -1.939356373206142292e+00 -2.173256387503016196e+00 3.667145181038983819e-08 -5.966876731223962338e+00 1.648839287390343666e+09
8.344530222248235183e-04 -1.939261572813656409e+00 -2.186398343763144236e+00 2.140452543697824622e-09 -6.751333315872898311e+00 1.648839287620310307e+09
8.356647866122388470e-04 -1.941663676518675219e+00 -2.175787543765031806e+00 6.771668521979021415e-09 -7.249009891022716978e+00 1.648839287626913071e+09
8.357191708381405760e-04 -1.938573306395125373e+00 -2.182311285498977238e+00 2.050164481525961269e-09 -7.746251360990695112e+00 1.648839288624143362e+09
8.357191708381405760e-04 -1.938573306395125373e+00 -2.182311285498977238e+00 2.050164481525961269e-09 -7.746251360990695112e+00 1.648839288624143362e+09
8.358693103106250039e-04 -1.939198178875647161e+00 -2.178067621204465176e+00 2.509384005376656928e-09 -7.296600794024582726e+00 1.648839287905445337e+09
8.334765163731929979e-04 -1.940485060533101436e+00 -2.192972429405604551e+00 2.086228989260383890e-09 -6.177504174943246440e+00 1.648839287440099001e+09
8.336208385386914771e-04 -1.938452089228491770e+00 -2.180608290728808463e+00 7.427705958384267262e-09 -5.997843633908041205e+00 1.648839287445549726e+09
8.333165777082037189e-04 -1.941036237786545771e+00 -2.182789879842589098e+00 1.084383055714918714e-08 -6.571825596467582464e+00 1.648839288651703358e+09
8.333165777082037189e-04 -1.941036237786545771e+00 -2.182789879842589098e+00 1.084383055714918714e-08 -6.571825596467582464e+00 1.648839288651703358e+09
8.338262507002527349e-04 -1.939510515002061286e+00 -2.186385894340987956e+00 1.256822528663640367e-08 -6.213588519916073416e+00 1.648839288217802525e+09
8.330711237970896653e-04 -1.938654180733885957e+00 -2.188459620506201908e+00 6.081963361634088715e-09 -6.492875349265524676e+00 1.648839287857965946e+09
8.281074638659126049e-04 -1.947509454152632324e+00 -2.231471544034094201e+00 3.982488083835412432e-09 -7.560622208439312431e+00 1.648839288716444731e+09
8.281074638659126049e-04 -1.947509454152632324e+00 -2.231471544034094201e+00 3.982488083835412432e-09 -7.560622208439312431e+00 1.648839288716444731e+09
8.292368202362193456e-04 -1.947211303989321740e+00 -2.210692041896112237e+00 1.165421804471829018e-09 -7.403706656499895011e+00 1.648839287921584845e+09
8.275103600938623315e-04 -1.945939355998067333e+00 -2.230808846008106805e+00 1.210721619345765805e-09 -7.958638875545853253e+00 1.648839288376564264e+09
8.290579670635457935e-04 -1.946859061461075679e+00 -2.218882054670175297e+00 4.312551155508110620e-10 -7.714574419715409803e+00 1.648839287532958746e+09
8.301418908283515752e-04 -1.944967958157827415e+00 -2.218676305477370381e+00 5.338705794606174809e-09 -7.567777954180760602e+00 1.648839288452823162e+09
8.280172130536222813e-04 -1.945936873393359079e+00 -2.217116926558328593e+00 3.182332950489627457e-09 -7.586402347331798524e+00 1.648839289005814791e+09
8.280172130536222813e-04 -1.945936873393359079e+00 -2.217116926558328593e+00 3.182332950489627457e-09 -7.586402347331798524e+00 1.648839289005814791e+09
8.320250319221291282e-04 -1.944193543206238273e+00 -2.205867072617603508e+00 7.656332427036315922e-10 -7.610789762366153788e+00 1.648839287863356829e+09
8.305049599238928989e-04 -1.945347562776838402e+00 -2.229934573281577848e+00 5.145671257819754879e-09 -7.566069827319664931e+00 1.648839288362685919e+09
8.304691982954810758e-04 -1.946274838022793885e+00 -2.217816151498297472e+00 1.004113430064477836e-09 -7.586273754187028651e+00 1.648839287850875854e+09
8.296359884293910778e-04 -1.943660103907341119e+00 -2.225449922777005263e+00 9.412014810975392945e-09 -7.142273062620638768e+00 1.648839287908507586e+09
8.302665162653323190e-04 -1.944858555903694830e+00 -2.252840412404385706e+00 1.210360372118129279e-08 -6.460988458241845755e+00 1.648839287781152964e+09
8.319913893840415273e-04 -1.943618944357091483e+00 -2.232552627549823310e+00 5.781156237887824210e-09 -7.379396926099034637e+00 1.648839288573575497e+09
8.319866978228046940e-04 -1.941255932721478894e+00 -2.227824749808815952e+00 5.351341889081188654e-09 -6.414622943838700131e+00 1.648839287762212038e+09
8.328402470533688125e-04 -1.943168437871735543e+00 -2.228553831047793921e+00 6.865256669545569495e-09 -6.648396033945266126e+00 1.648839288086522818e+09
8.303876328706877438e-04 -1.942872139643693652e+00 -2.211132733814949347e+00 2.299371875084591739e-08 -6.228622706937924747e+00 1.648839288372472286e+09
8.309338491633101514e-04 -1.941439670681891272e+00 -2.212645859791975589e+00 1.165710205497305785e-08 -5.783801650500240754e+00 1.648839287632783413e+09
8.289686621176536960e-04 -1.946771032216325636e+00 -2.232804844653464293e+00 9.436539639662368258e-09 -6.515160302285304184e+00 1.648839288116923571e+09
8.292091591972639009e-04 -1.945737562526458353e+00 -2.232301759670057617e+00 1.094007043342762418e-08 -6.661667354434254840e+00 1.648839288427159071e+09
8.288674893244718424e-04 -1.944012380946304797e+00 -2.231036752548688273e+00 6.388414832473277555e-09 -6.681709377452360599e+00 1.648839287895749807e+09
8.280338459154981765e-04 -1.946529599477069938e+00 -2.239072990703732557e+00 6.502835879860605699e-09 -6.752516266273696388e+00 1.648839287947211027e+09
8.321318683493788984e-04 -1.943650623032517677e+00 -2.236267078788984453e+00 4.688048318716224499e-09 -6.494524680888705603e+00 1.648839287485726357e+09
8.301043350209615134e-04 -1.944865680927334584e+00 -2.232195108562621488e+00 6.302010511614394994e-09 -6.523382277386905237e+00 1.648839287956977367e+09
8.300859309233344502e-04 -1.945939044019659558e+00 -2.226880861196433248e+00 1.334687089210438292e-08 -6.828036236202726705e+00 1.648839288277489662e+09
8.303479587598368728e-04 -1.942247524696437688e+00 -2.237197064526556201e+00 1.689950184254008155e-08 -6.311152347460913248e+00 1.648839287806519747e+09
8.280077382368818519e-04 -1.945197931627990151e+00 -2.219370668163417548e+00 8.820935851543964318e-09 -6.545833311511419339e+00 1.648839288171794891e+09
8.315032320795084269e-04 -1.942410352247625482e+00 -2.172292602397237538e+00 5.675867975371994227e-09 -7.072567240265887456e+00 1.648839288979715109e+09
8.315032320795084269e-04 -1.942410352247625482e+00 -2.172292602397237538e+00 5.675867975371994227e-09 -7.072567240265887456e+00 1.648839288979715109e+09
8.297780663805243238e-04 -1.945332854529422173e+00 -2.168286128301329274e+00 8.138557621232682967e-09 -7.048459647765290548e+00 1.648839289062685728e+09
8.298006100916427907e-04 -1.941172928750510174e+00 -2.164757531217639475e+00 5.564748505820156711e-09 -6.752216674971348809e+00 1.648839287690892220e+09
8.296395740789158776e-04 -1.942916866140993015e+00 -2.159903194533273396e+00 1.349944181674867448e-09 -7.071931540605763900e+00 1.648839287575068951e+09
8.296958112692898960e-04 -1.943380226739874761e+00 -2.154492434088568498e+00 3.865421887674954137e-09 -6.875162839939111592e+00 1.648839288003927469e+09
8.304853061716784522e-04 -1.942598208327389386e+00 -2.162617328559988117e+00 1.660722887254726597e-09 -7.502580085536025400e+00 1.648839288421756983e+09
8.317292132586187907e-04 -1.944176242251308917e+00 -2.153007458081986680e+00 1.901994382399455365e-09 -7.953575460706994171e+00 1.648839288643724918e+09
8.317292132586187907e-04 -1.944176242251308917e+00 -2.153007458081986680e+00 1.901994382399455365e-09 -7.953575460706994171e+00 1.648839288643724918e+09
8.313108635818020238e-04 -1.941779352687164728e+00 -2.159828245348772491e+00 1.043276446506182493e-09 -7.500061631841130172e+00 1.648839287850122929e+09
8.308994398491780908e-04 -1.945809227665395547e+00 -2.145052121624195340e+00 3.305886788517675402e-09 -7.324952078983673509e+00 1.648839287663627386e+09
8.306787413292291821e-04 -1.945239437954066508e+00 -2.137296245089726821e+00 1.661091901679114486e-09 -7.977288734990509056e+00 1.648839287709028006e+09
8.311296255644643827e-04 -1.943843234137217157e+00 -2.168893984762143567e+00 7.105128715688813989e-09 -6.379743748578231788e+00 1.648839288185105562e+09
8.304152257840298566e-04 -1.945822030665961488e+00 -2.148182135208315024e+00 8.249388973666936683e-09 -7.277497414216197669e+00 1.648839287529340744e+09
8.287440762680335204e-04 -1.942566814438581257e+00 -2.159033813359557907e+00 2.988524697671732025e-09 -7.356366495123958238e+00 1.648839288080301285e+09
8.298946709009994349e-04 -1.944909137533197274e+00 -2.179667300630891980e+00 9.560640846831293630e-09 -6.487663632418414927e+00 1.648839288797942638e+09
8.301686378971881398e-04 -1.943594300758128446e+00 -2.171030553590906909e+00 1.559919137501900758e-08 -6.300386055966560761e+00 1.648839288654371738e+09
8.301686378971881398e-04 -1.943594300758128446e+00 -2.171030553590906909e+00 1.559919137501900758e-08 -6.300386055966560761e+00 1.648839288654371738e+09
8.313145525551065857e-04 -1.943299433798702180e+00 -2.166993892857468573e+00 8.630226684097303695e-10 -7.948812028689146381e+00 1.648839288636810303e+09
8.314393990059272630e-04 -1.944021396906738364e+00 -2.170715555014531173e+00 1.256030983766429479e-09 -7.443651050830098370e+00 1.648839288158143282e+09
8.293503433962678755e-04 -1.943997997207703499e+00 -2.180438266817101844e+00 7.611656096546752713e-09 -6.719407460006252109e+00 1.648839288831526279e+09
8.293503433962678755e-04 -1.943997997207703499e+00 -2.180438266817101844e+00 7.611656096546752713e-09 -6.719407460006252109e+00 1.648839288831526279e+09
8.288983022970308366e-04 -1.946009644401633709e+00 -2.181239990585281063e+00 1.910914618109229600e-09 -7.312387718881373289e+00 1.648839288684610605e+09
8.288983022970308366e-04 -1.946009644401633709e+00 -2.181239990585281063e+00 1.910914618109229600e-09 -7.312387718881373289e+00 1.648839288684610605e+09
8.299351367349514473e-04 -1.945993036261907561e+00 -2.185097496076010337e+00 1.610033210249898399e-09 -7.866078225259892420e+00 1.648839289356548786e+09
8.299351367349514473e-04 -1.945993036261907561e+00 -2.185097496076010337e+00 1.610033210249898399e-09 -7.866078225259892420e+00 1.648839289356548786e+09
8.299351367349514473e-04 -1.945993036261907561e+00 -2.185097496076010337e+00 1.610033210249898399e-09 -7.866078225259892420e+00 1.648839289356548786e+09
8.312977684308169631e-04 -1.944649917598827216e+00 -2.175324000198728847e+00 2.201663555671691586e-09 -7.863240066409598938e+00 1.648839289347521305e+09
8.312977684308169631e-04 -1.944649917598827216e+00 -2.175324000198728847e+00 2.201663555671691586e-09 -7.863240066409598938e+00 1.648839289347521305e+09
8.317657712947161813e-04 -1.944463910270388229e+00 -2.177669931416980731e+00 3.609109468834443452e-09 -7.347547096363748587e+00 1.648839288951139212e+09
8.304021698311485431e-04 -1.942599290379762422e+00 -2.174327013704268285e+00 1.143387183260405558e-09 -7.211802414239993020e+00 1.648839287946954966e+09
8.306262043644014855e-04 -1.946194087307043352e+00 -2.175852793605758784e+00 1.069447358810902733e-09 -7.580869180910099203e+00 1.648839288044021845e+09
8.312437819767481756e-04 -1.944049122014425590e+00 -2.179862537391674682e+00 2.966400141867319097e-09 -7.265872232773679329e+00 1.648839288886180162e+09
8.312437819767481756e-04 -1.944049122014425590e+00 -2.179862537391674682e+00 2.966400141867319097e-09 -7.265872232773679329e+00 1.648839288886180162e+09
8.295375982921939818e-04 -1.943763009504921202e+00 -2.180670915383740915e+00 1.249640467673823840e-09 -7.490645609170518249e+00 1.648839288463094473e+09
8.306116757886662172e-04 -1.946156919263585472e+00 -2.180464058060418431e+00 8.110010212640079586e-10 -7.079886593448263987e+00 1.648839287354560852e+09
8.310708011713803739e-04 -1.945955754099671919e+00 -2.190674419655697758e+00 7.747427435438504618e-10 -7.987991422437025868e+00 1.648839288368253231e+09
8.302867525917563421e-04 -1.943147667413694268e+00 -2.186409504511513280e+00 3.065112509765066117e-10 -7.285199027955690632e+00 1.648839287611851931e+09
8.316689975300733343e-04 -1.943863979894221439e+00 -2.185558733107725082e+00 8.358281920783207568e-10 -7.802515941213296280e+00 1.648839288451230526e+09
8.304000842615258350e-04 -1.945212621633683581e+00 -2.153138683100917827e+00 5.531132907620155928e-09 -7.501770948788070825e+00 1.648839288256059170e+09
8.320854072344589228e-04 -1.942408620852083656e+00 -2.172807267319586622e+00 1.531409934122302235e-09 -7.628518249863304845e+00 1.648839288705888271e+09
8.309831496925632315e-04 -1.941697263270817153e+00 -2.174678825659899672e+00 1.975424433661971042e-09 -7.746553520463979936e+00 1.648839289043533087e+09
8.309831496925632315e-04 -1.941697263270817153e+00 -2.174678825659899672e+00 1.975424433661971042e-09 -7.746553520463979936e+00 1.648839289043533087e+09
8.313025608119973360e-04 -1.941842369660027989e+00 -2.192016834041092377e+00 4.758099786725923011e-10 -7.398168638871515768e+00 1.648839287737874508e+09
8.318266175281769509e-04 -1.943649021369781016e+00 -2.197299805278854823e+00 2.729744131034687884e-10 -7.430352666624593816e+00 1.648839287451193810e+09
8.321483670125284435e-04 -1.942248162868889461e+00 -2.190253506829380914e+00 6.485588578679938462e-10 -7.121828442759355227e+00 1.648839287677258492e+09
8.338802525003142282e-04 -1.944922939078776558e+00 -2.180666244544898991e+00 3.088547431033729656e-09 -7.597455505552685118e+00 1.648839287724739790e+09
8.336879392903339368e-04 -1.940953106936188277e+00 -2.188038889187740033e+00 2.988327878500382270e-10 -7.961999682639410381e+00 1.648839287707152843e+09
8.325480931584897234e-04 -1.940752518083133538e+00 -2.180437862365018908e+00 1.844649630950721371e-10 -7.294458528877243886e+00 1.648839287333941936e+09
8.343056311855462414e-04 -1.943422376900478143e+00 -2.179862443210003775e+00 2.167479246047021533e-09 -7.798562352649622831e+00 1.648839288200812340e+09
8.309584838467241018e-04 -1.943621543453834422e+00 -2.181398308598689884e+00 2.352206054564685854e-09 -7.200466666028218832e+00 1.648839288637887001e+09
8.294685164750923833e-04 -1.945901274739454401e+00 -2.203429389167894215e+00 5.041382955327897546e-08 -5.611463373466042626e+00 1.648839288269469500e+09
8.297657683287930526e-04 -1.947309116854790467e+00 -2.186449164983415905e+00 1.150493209508074629e-08 -6.556032495498490320e+00 1.648839288679731131e+09
8.309077316252386691e-04 -1.943001040051377526e+00 -2.202507395752336894e+00 2.832354913917161146e-09 -6.473445798081279179e+00 1.648839287886226177e+09
8.308321131556815377e-04 -1.944449345966974496e+00 -2.185897209197645630e+00 5.355412321519744418e-09 -6.465882385224321460e+00 1.648839288260174751e+09
8.304401494564003783e-04 -1.943646997703643020e+00 -2.193862212567358583e+00 1.406509752544514621e-08 -6.439216348434810833e+00 1.648839288874361753e+09
8.304401494564003783e-04 -1.943646997703643020e+00 -2.193862212567358583e+00 1.406509752544514621e-08 -6.439216348434810833e+00 1.648839288874361753e+09
8.301039885893881981e-04 -1.945053732409304459e+00 -2.198677231007004629e+00 4.081921367902492277e-10 -6.301912472183661684e+00 1.648839287380113602e+09
8.306678083480688139e-04 -1.944236195471883644e+00 -2.195473658829345087e+00 3.322335416096166795e-09 -6.586638115120663883e+00 1.648839288110940456e+09
8.298174892534117102e-04 -1.943420104578761354e+00 -2.207515972410088345e+00 1.600724883234825499e-09 -6.439279381592883489e+00 1.648839287519582510e+09
8.298143484114635328e-04 -1.943862683405156444e+00 -2.187209000383042223e+00 6.161267118970459841e-11 -5.919407537693384569e+00 1.648839287410428286e+09
8.292399563905753033e-04 -1.944516612470238215e+00 -2.192716029838710057e+00 1.278971314326360337e-10 -5.971914193590238895e+00 1.648839287397133350e+09
8.292852162540978803e-04 -1.945218761399631680e+00 -2.194507938913871747e+00 3.802301642877647414e-11 -5.478221724937855974e+00 1.648839287391698360e+09
8.290398233272473641e-04 -1.945166577110428952e+00 -2.185460330235393211e+00 1.978932371525359431e-09 -5.956057556924672980e+00 1.648839287597027540e+09
8.316321285768157618e-04 -1.941592916985899420e+00 -2.198478313231302383e+00 5.958268109935999463e-08 -3.938386181889318216e+00 1.648839287392198801e+09
8.306659931570072259e-04 -1.942480154868170494e+00 -2.193195453844826837e+00 1.952175698355043869e-09 -4.394882362154346467e+00 1.648839287349751711e+09
8.293246644851031074e-04 -1.944465699297120098e+00 -2.189706699653096500e+00 7.318123429891344091e-08 -5.131805720465598242e+00 1.648839288041338444e+09
8.305154832979133941e-04 -1.945231110222612747e+00 -2.198395908869735127e+00 1.012194818824057172e-07 -5.352194568533578334e+00 1.648839287428174496e+09
8.292387328221631319e-04 -1.943321811002700183e+00 -2.192160846311466571e+00 5.075450093444636323e-08 -5.373965647284583369e+00 1.648839287902143002e+09
8.313808082083669294e-04 -1.943702898958519221e+00 -2.194517141816022754e+00 5.318621924271918123e-08 -4.557979423775027072e+00 1.648839287632737160e+09
8.315471657787279567e-04 -1.940508945113739614e+00 -2.187596013990045662e+00 4.818597923704949786e-08 -4.768955452687988483e+00 1.648839287429982424e+09
8.311392604769375983e-04 -1.944526974631496374e+00 -2.204894378820050793e+00 2.205111897890633680e-08 -5.970406122494507528e+00 1.648839288452720881e+09
8.320158073053842947e-04 -1.943885393809279716e+00 -2.188415966057782658e+00 5.098416169201205122e-08 -5.554037671804702647e+00 1.648839288148095131e+09
8.325848734910943792e-04 -1.940770693141828707e+00 -2.180084606213827492e+00 6.380095721525609200e-08 -5.443303623697635985e+00 1.648839287831685066e+09
8.328851768239418875e-04 -1.941554334328364106e+00 -2.175906855413620278e+00 1.563268746418700998e-08 -5.569731436613033715e+00 1.648839287697769642e+09
8.321921645556237292e-04 -1.942239497565037887e+00 -2.176935312168334580e+00 5.134626446849616655e-08 -5.829702433181204846e+00 1.648839287784415722e+09
8.319876536181725676e-04 -1.942645659814870696e+00 -2.190280004244372414e+00 6.134496996106739759e-09 -6.074418388762202525e+00 1.648839287904784441e+09
8.330358142755629747e-04 -1.941005207352697770e+00 -2.158465295465583189e+00 2.174746505029005217e-08 -5.824965255058494051e+00 1.648839287639099836e+09
8.341630334566061539e-04 -1.939727760220457897e+00 -2.154784226517339363e+00 2.786897850933574754e-09 -7.983052146413442074e+00 1.648839287717205048e+09
8.327311261953680320e-04 -1.940454958266743191e+00 -2.153203769392014078e+00 1.873086363990223683e-08 -6.327071069126745329e+00 1.648839287706128597e+09
8.313166255478076933e-04 -1.939982379189710171e+00 -2.164807572860463658e+00 6.804952858231273693e-09 -6.761869070519551883e+00 1.648839287908051014e+09
8.328602900951590947e-04 -1.942540059075399173e+00 -2.152013508895066707e+00 1.978291388901698357e-08 -5.992760834361701150e+00 1.648839287412007570e+09
8.332847158260972900e-04 -1.941578473477138855e+00 -2.157597232983881952e+00 3.614920032482159010e-09 -7.051305398697223836e+00 1.648839287902964592e+09
8.323295537235762473e-04 -1.942483430641117836e+00 -2.170852007557951158e+00 2.339388203153228014e-08 -6.050988808716018852e+00 1.648839288352309704e+09
8.304944261271490638e-04 -1.943159605902364584e+00 -2.149086350923655520e+00 1.525687721025667180e-08 -6.461706823272571398e+00 1.648839287990083456e+09
8.339170328458294550e-04 -1.939103521995608759e+00 -2.163391672239176167e+00 2.190037985909093865e-09 -7.333043389011578483e+00 1.648839287952908039e+09
8.295495214089144802e-04 -1.945171091321756585e+00 -2.199253598251542208e+00 2.201686777619084039e-11 -6.616849426448988325e+00 1.648839287355820179e+09
8.294557411566872308e-04 -1.945314498705828177e+00 -2.199639653458336230e+00 2.630867013708254369e-12 -7.120095163268584493e+00 1.648839287342749834e+09
8.304559400755820659e-04 -1.942886791226247745e+00 -2.180035417890665350e+00 3.301763425917549102e-12 -6.759959369867354795e+00 1.648839287345581532e+09
8.289884124986859372e-04 -1.945805726287132220e+00 -2.196803857796946424e+00 4.477490003316538881e-11 -7.543656183907158308e+00 1.648839287404932976e+09
8.296656719562386364e-04 -1.943583452033334602e+00 -2.177489712902766161e+00 1.677534237506242593e-11 -7.002890757537239885e+00 1.648839287341752291e+09
8.284071943262985138e-04 -1.945368426793685934e+00 -2.184600451035387358e+00 7.449061166030059132e-12 -7.319465835705861068e+00 1.648839287387235641e+09
8.300041798724115249e-04 -1.943606497788025633e+00 -2.191660802663166763e+00 1.166465609637807727e-12 -7.570860200782399296e+00 1.648839287394824505e+09
8.309156829343689911e-04 -1.942675370720064798e+00 -2.201807431225572209e+00 6.528889643726994502e-12 -7.348217764110335892e+00 1.648839287340723038e+09
8.290623809784941796e-04 -1.944535955445136466e+00 -2.187956916380275452e+00 9.404293756069579766e-12 -7.533019218338311340e+00 1.648839287395761013e+09
8.288110498293923926e-04 -1.945901354494844915e+00 -2.181447254083418219e+00 5.273206393842902185e-15 -6.166399465861202245e+00 1.648839287404510736e+09
8.306610310857774062e-04 -1.943879509084668111e+00 -2.196179472400969335e+00 1.542161179576983182e-15 -6.829880813198139222e+00 1.648839287375839472e+09
8.283942632191972901e-04 -1.945241197575354519e+00 -2.180108364273286359e+00 3.876743655084599239e-13 -7.564494088889288648e+00 1.648839287368706942e+09
8.297362247924529614e-04 -1.943818720940349243e+00 -2.187163928538677915e+00 2.350706497335423233e-13 -6.660811513903418302e+00 1.648839287395388365e+09
8.293728698184543377e-04 -1.945340139691578374e+00 -2.172450641768084445e+00 1.862245324548545525e-14 -6.997058955645002243e+00 1.648839287340363264e+09
8.305500815254239933e-04 -1.943826267491815862e+00 -2.181430299898838854e+00 3.426047030773541019e-14 -7.306666070302877181e+00 1.648839287381851912e+09
8.291015639609857152e-04 -1.945598809255348893e+00 -2.176709460504318017e+00 1.788504693750058292e-15 -7.085138236605279971e+00 1.648839287385494471e+09
8.288963894501786764e-04 -1.945502925714999831e+00 -2.194497264006205484e+00 1.238985065626341880e-13 -7.567644063651799868e+00 1.648839287380663157e+09
