8.286261737576644569e-04 -1.952387041994467776e+00 7.679392910148853844e+02 2.749426125169102183e-07 -4.901493946071771468e+00 1.222773268070719004e+09
8.110666940927549950e-04 -1.976217012408276741e+00 7.859010642346314626e+02 6.057188112810018056e-08 -5.993352755560110268e+00 1.222773268891421556e+09
8.148900587587687644e-04 -1.966324820952934260e+00 9.073285945540030752e+02 3.992938542842390119e-06 -3.545297749276136834e+00 1.222773269146439552e+09
8.489582345615269117e-04 -1.942588930349175236e+00 6.789994234367242143e+02 3.143032611597383588e-06 -3.069729367360146455e+00 1.222773269306721926e+09
8.461104403645299584e-04 -1.944470681943843982e+00 6.783257018287936262e+02 1.502366874283429203e-05 -1.805495748814833767e+00 1.222773269465750933e+09
7.963820499935906402e-04 -1.982999786944455778e+00 8.961173013810522434e+02 4.405809923476692271e-06 -2.587270242184304792e+00 1.222773269567123890e+09
8.158348351949543022e-04 -1.970392191418725014e+00 8.337550763723836553e+02 4.722420320988315403e-06 -2.362886536113970593e+00 1.222773269591990948e+09
8.419684871333698965e-04 -1.946092870155413657e+00 7.192660161708433861e+02 8.065171170499937598e-07 -4.471266387651525065e+00 1.222773269994842052e+09
8.273992554679392673e-04 -1.956979102907892898e+00 8.058959868953487558e+02 1.348063864310452878e-06 -4.307439655229218900e+00 1.222773270011615276e+09
8.221533471715584832e-04 -1.963678704942718456e+00 7.628839337842777013e+02 5.511777129160305718e-08 -6.427715939811307955e+00 1.222773270059329987e+09
8.193972466494996816e-04 -1.971732816752769679e+00 8.627955205744838167e+02 1.585506474554462350e-06 -3.929037254041845451e+00 1.222773270246774673e+09
8.103042801457678839e-04 -1.967860236036887533e+00 8.983083284631638890e+02 1.215720349568261148e-07 -5.696142938991222593e+00 1.222773270485809565e+09
8.225383267431684827e-04 -1.977042805520410784e+00 7.298682483802062961e+02 2.634895939235716301e-06 -3.553259328454188903e+00 1.222773270519293070e+09
8.158407053329240878e-04 -1.968819166416243327e+00 7.875248477958945159e+02 5.999857758007017681e-07 -4.155378424805313387e+00 1.222773270577679396e+09
8.240977177364543433e-04 -1.963355337779543630e+00 7.802809315106586610e+02 2.776524147125382097e-06 -3.859772834292338750e+00 1.222773270593981266e+09
8.164653770128678075e-04 -1.969487587873246293e+00 7.688903453003562163e+02 2.328555862168416632e-06 -3.023887857555793701e+00 1.222773270614141703e+09
8.178230959896777607e-04 -1.971160992059641348e+00 7.479306755830705242e+02 1.267502436476362048e-07 -5.555837590155965344e+00 1.222773270692897797e+09
8.058169377774694999e-04 -1.978237786193683956e+00 7.901801605637731427e+02 3.848046472950990000e-07 -5.036391548953671915e+00 1.222773271070082188e+09
8.507907488971015904e-04 -1.945951212915851603e+00 5.864555423852423246e+02 5.362275701547057229e-06 -2.628271639189716957e+00 1.222773271095636845e+09
8.089004769662324441e-04 -1.978013106885243566e+00 9.909632107097576181e+02 4.452293727732046881e-06 -3.051638457308968988e+00 1.222773271132064581e+09
8.318305406090586952e-04 -1.958424227789311356e+00 7.831164344085248104e+02 3.390794990715167321e-06 -3.577840043771345790e+00 1.222773271163863182e+09
8.133848173904270487e-04 -1.965575446464004727e+00 8.618492327331915703e+02 1.874001043758702390e-07 -5.439472877242769400e+00 1.222773271333008528e+09
8.271870692910932151e-04 -1.969900337408866164e+00 7.211612180944850934e+02 2.853229685904165805e-06 -3.795280961634338368e+00 1.222773271337286949e+09
8.505094657227440591e-04 -1.947905341908178212e+00 5.865780940655949962e+02 2.579969153245277962e-06 -3.792265241138217391e+00 1.222773271340601206e+09
8.323835129425683193e-04 -1.958541404435461430e+00 7.139217323661050614e+02 3.347937771550842534e-07 -4.865328128407399255e+00 1.222773271353962183e+09
8.260129017340733619e-04 -1.956891556646334962e+00 7.672838108944321220e+02 2.224459576749612669e-06 -3.920728536018525112e+00 1.222773271355585098e+09
8.408414714861025966e-04 -1.953346458864020141e+00 6.935962637359872360e+02 7.198000590737310175e-07 -4.608198026152326321e+00 1.222773271393893480e+09
8.049871572100534157e-04 -1.983428170943337676e+00 8.298322260270419974e+02 9.191120673022500056e-08 -5.985458243634321107e+00 1.222773271403355360e+09
8.415283396083645664e-04 -1.960909255879315083e+00 6.182656604479863063e+02 6.091887799223230835e-06 -2.927065082913716587e+00 1.222773271404340506e+09
7.936545135461913316e-04 -1.980957251898377569e+00 9.614910306059174445e+02 3.671504475490338639e-06 -3.074585563449777403e+00 1.222773271447160959e+09
8.058386476892638942e-04 -1.985702747095067000e+00 8.423698144452731640e+02 7.776391447544649373e-07 -4.241260612855016987e+00 1.222773271457277298e+09
7.946069146579221032e-04 -1.993587644480276921e+00 9.035856368703557564e+02 4.051992107679771656e-06 -2.810055734069746514e+00 1.222773271466204166e+09
8.224252206161981622e-04 -1.962384153868303338e+00 7.599263218422536283e+02 1.121285264013474682e-06 -3.710947356096826688e+00 1.222773271480990887e+09
8.615647685853735065e-04 -1.934747898044172576e+00 5.530458008989074870e+02 3.386161603700187106e-06 -3.267919252319869017e+00 1.222773271494614124e+09
8.319631446664985238e-04 -1.960025923093852374e+00 6.377275328684462465e+02 1.734088350539143812e-06 -3.765475036749145410e+00 1.222773271531644344e+09
8.109364678576059041e-04 -1.967301695447361443e+00 8.255670624121410128e+02 3.557412259474485965e-06 -3.414099290369938089e+00 1.222773271554415941e+09
8.062988331068898958e-04 -1.974333975508947514e+00 8.777866468390225236e+02 4.558995478457762653e-07 -5.098654154238580816e+00 1.222773271562445402e+09
7.976697327569715100e-04 -1.989450774449795123e+00 9.072803823709317612e+02 7.624457392980604152e-07 -4.116069380397226141e+00 1.222773271574945211e+09
7.889483945346896770e-04 -2.003864309097392216e+00 9.639533786624547247e+02 1.641527660870898568e-06 -4.042039117957761718e+00 1.222773271660883427e+09
7.987045752913643666e-04 -1.984809527670980955e+00 9.056610262274323304e+02 6.098211331972602863e-08 -6.169788703034257082e+00 1.222773271698841333e+09
7.965274233352736275e-04 -1.995480654506984974e+00 9.296673841266854197e+02 5.744213868658004739e-07 -4.830203922646604475e+00 1.222773271726097107e+09
8.317526866860343706e-04 -1.961095957624543029e+00 6.480155440534714444e+02 5.408222602626917446e-07 -4.782085853795683406e+00 1.222773271727179527e+09
8.279707781623958781e-04 -1.960420356671122910e+00 7.371551006926594027e+02 1.592086676094229368e-07 -5.686179124886767688e+00 1.222773271791322947e+09
8.233637686238287796e-04 -1.957771009544605700e+00 7.920889914896790742e+02 1.011138321491701710e-05 -2.562387867071580949e+00 1.222773271829086065e+09
8.014174786427455703e-04 -1.986082293357426920e+00 8.030860413516071503e+02 1.375275338368837420e-06 -3.882171477509656299e+00 1.222773271902321577e+09
8.193480487235292424e-04 -1.968164465437952870e+00 7.188658232614624239e+02 7.212053889892361567e-07 -4.687524105667483454e+00 1.222773271957218409e+09
8.114169253575213197e-04 -1.972427041527732516e+00 8.562593258099484501e+02 1.039361378738102320e-07 -6.008801207052451687e+00 1.222773271959769964e+09
8.533543445662635039e-04 -1.948559170613069602e+00 6.051236113043536307e+02 2.315846923902508083e-06 -3.681468373802761818e+00 1.222773271960782290e+09
8.132095350623974508e-04 -1.975540177711324619e+00 8.872139661797898498e+02 5.277276175291026901e-07 -4.830003109501204150e+00 1.222773271968201637e+09
8.229557105718475615e-04 -1.971024459775806426e+00 7.369294467424205095e+02 1.055053541133438728e-05 -2.148809253851103662e+00 1.222773271972349882e+09
8.025759942941827199e-04 -1.983788720319941357e+00 8.411966935412203838e+02 1.152618448490305222e-07 -5.897251515209497086e+00 1.222773271973762512e+09
8.240625795018400408e-04 -1.969030243857526230e+00 8.043140379736339582e+02 1.143406055821878671e-05 -2.375780860473264866e+00 1.222773271981697798e+09
8.160149853184844610e-04 -1.965643107289196445e+00 8.800125354654386456e+02 2.807841310239268347e-06 -3.065546168851048137e+00 1.222773272048973322e+09
8.276049678321846341e-04 -1.956919436818093994e+00 7.005639434497844604e+02 1.341391025561435389e-06 -3.837362831502674432e+00 1.222773272053860426e+09
8.057852834879926807e-04 -1.985245931751976167e+00 8.596877794173366283e+02 2.299448503388971329e-06 -3.333870980819979124e+00 1.222773272057922363e+09
7.929141097532897134e-04 -1.994307390410761549e+00 9.366860524676030764e+02 1.263383799022128399e-05 -2.272041829059228135e+00 1.222773272085334301e+09
8.081096172413732449e-04 -1.973606389756664248e+00 8.558426969923418710e+02 1.694655898735850296e-07 -5.705994872361706882e+00 1.222773272095781088e+09
8.037942523401385127e-04 -1.976595109352656365e+00 8.731316440784725046e+02 1.162287241709860208e-07 -5.785930996465154408e+00 1.222773272097197294e+09
8.007840844152595275e-04 -1.977931122973278333e+00 9.996758388251579390e+02 1.396805726476132287e-07 -5.635502893402940749e+00 1.222773272131720066e+09
8.108788013085454615e-04 -1.981296015547151956e+00 8.803890230256652103e+02 7.337221475341978438e-06 -2.573961194723505486e+00 1.222773272135534286e+09
7.936985430048127885e-04 -1.986872057622018239e+00 9.930010119284733037e+02 4.804603360514000803e-06 -2.464011099181449893e+00 1.222773272157158613e+09
8.131870135538695529e-04 -1.965459422757279917e+00 8.732981292451091804e+02 2.436694377876997306e-06 -3.812377432353383000e+00 1.222773272159099817e+09
8.146366648607181139e-04 -1.972278389481891603e+00 7.564195964297020964e+02 6.975242062494352408e-07 -4.770610937440047827e+00 1.222773272165555239e+09
8.343409763034880704e-04 -1.952896157615480632e+00 7.199396268579503158e+02 1.239979440669408896e-05 -1.930997381936154333e+00 1.222773272171529293e+09
8.465140922410393847e-04 -1.945975729084960193e+00 6.015486507008047283e+02 6.467036993227649339e-06 -2.754451764640788447e+00 1.222773272172225952e+09
8.086164387497504638e-04 -1.987997432389976948e+00 7.969960663140274164e+02 4.001203629579829043e-06 -3.291116118333519580e+00 1.222773272188684464e+09
8.048286993916922922e-04 -1.968793823658171238e+00 9.740172557243993197e+02 3.459701522014968666e-06 -3.243215390909863771e+00 1.222773272229404211e+09
8.021815375188778331e-04 -1.978927798876018329e+00 9.316478591856891853e+02 7.496810997353867950e-08 -6.049814631682714605e+00 1.222773272239041805e+09
8.581604766299856524e-04 -1.935608326650142708e+00 5.985525701033941459e+02 4.450541580558035948e-06 -2.839458528274713345e+00 1.222773272254452229e+09
8.012559979962185011e-04 -1.988897615864383850e+00 8.012029237753422422e+02 1.105068756541983106e-06 -4.177288999980746098e+00 1.222773272263458490e+09
8.007466719914102917e-04 -1.977263815277173986e+00 9.907776254034804424e+02 1.876099489372952707e-06 -3.330476140545533426e+00 1.222773272301342726e+09
7.879869692189544030e-04 -1.993277454437830665e+00 9.784915704465685167e+02 5.413134766682315754e-07 -4.440107904645220316e+00 1.222773272304929256e+09
8.175703028396141651e-04 -1.970070406824881548e+00 7.943255825460886399e+02 1.067876164399941971e-06 -3.816448658223920098e+00 1.222773272348914862e+09
8.010356344419631213e-04 -1.979025956873150749e+00 8.724133497536146251e+02 8.233030484338732532e-06 -2.341105298725689288e+00 1.222773272375883341e+09
8.221789230406417650e-04 -1.973082032029989996e+00 6.800193567077408261e+02 1.888539606627540130e-06 -3.929610294552494665e+00 1.222773272378048182e+09
8.085317311310933047e-04 -1.968204130894724013e+00 9.252972143156607672e+02 6.783875819690917598e-07 -4.417663242906256116e+00 1.222773272380513191e+09
7.989430428497970452e-04 -1.979892691788554426e+00 8.843557297918738414e+02 3.807827681118977348e-06 -2.949938179741992350e+00 1.222773272381213903e+09
8.315013076464572526e-04 -1.961647325554576327e+00 7.618044989072482167e+02 4.263091356501791088e-06 -3.040619853875727863e+00 1.222773272387637377e+09
7.998108334789681088e-04 -1.988578401472542279e+00 9.906932149260245524e+02 2.389971411951069070e-06 -3.413710040779398547e+00 1.222773272397564173e+09
8.074456160041258062e-04 -1.972711116774109819e+00 8.923113078416456574e+02 2.207001027249111777e-06 -3.959035702988011884e+00 1.222773272433739901e+09
8.113903935769508106e-04 -1.972524375616256265e+00 8.106226342830134399e+02 3.688396349364944050e-07 -5.213815572365765760e+00 1.222773272438549519e+09
8.088751865434918318e-04 -1.971312366444475828e+00 8.289268045089793304e+02 6.968819108978529256e-06 -2.398397372762588020e+00 1.222773272474563599e+09
8.056522146760583059e-04 -1.976654083139688600e+00 9.091663859983805196e+02 5.315351717866649431e-06 -2.394429356457980163e+00 1.222773272495622873e+09
8.044468433863991323e-04 -1.980303342216230611e+00 8.160017463083530629e+02 2.205588642135478462e-06 -3.917275972510921633e+00 1.222773272502133369e+09
7.907394737245994169e-04 -1.993318778009838255e+00 9.511406875567447514e+02 8.215168463509149154e-06 -2.279814759888536102e+00 1.222773272517788172e+09
8.014862290622345835e-04 -1.980170935434477197e+00 9.052435339828759879e+02 5.186243448432741355e-07 -4.381687800791191023e+00 1.222773272527775288e+09
8.078956541909567118e-04 -1.985175455873195105e+00 8.908038682849886527e+02 1.753687462752330515e-06 -4.004159409173961848e+00 1.222773272535215139e+09
8.064352889730450231e-04 -1.970154850540303482e+00 9.475662994076869836e+02 5.533773481353021423e-06 -3.118314476410782632e+00 1.222773272567569017e+09
7.981755984515383597e-04 -1.991230710258094394e+00 8.937583322512767836e+02 1.049623812628558224e-05 -2.248114722998674431e+00 1.222773272581371307e+09
8.032900044206618771e-04 -1.972211310128770378e+00 9.645868003525589529e+02 7.821976412159025791e-07 -4.289644410323814050e+00 1.222773272589698076e+09
8.038632129001401557e-04 -1.977648620186398087e+00 8.704577339844944390e+02 2.174797151527568973e-07 -5.171861391242275729e+00 1.222773272604662657e+09
8.031290912622600928e-04 -1.977918019570434227e+00 9.482080075689732439e+02 1.574696106254261075e-07 -5.737366613168874530e+00 1.222773272647383213e+09
7.935030579547828816e-04 -1.984665259909845325e+00 9.730710941426854106e+02 2.128611775175699495e-06 -3.258879329971871464e+00 1.222773272653916597e+09
8.522297062534161301e-04 -1.941400016657502725e+00 6.320957651796936716e+02 8.058894046830300488e-06 -2.818365681999274841e+00 1.222773272657811165e+09
8.240144191194304340e-04 -1.961823199174165477e+00 8.570254260063195488e+02 4.860514911705010799e-06 -3.189258808926745736e+00 1.222773272679110289e+09
8.213696602159157537e-04 -1.968645068077709226e+00 7.248866358278409052e+02 1.692298248533121773e-06 -3.512925373704830712e+00 1.222773272701189995e+09
8.181141775143930444e-04 -1.966989997515164568e+00 8.587625981345091759e+02 4.490256110610380994e-07 -4.901564818877847785e+00 1.222773272706851959e+09
8.407126981102699742e-04 -1.945669028202719142e+00 6.800738856096721747e+02 1.637428265477218070e-06 -3.709075884687287328e+00 1.222773272758289576e+09
7.905658881671724213e-04 -1.993907741310652071e+00 9.380310119213811504e+02 9.978053772703817292e-07 -4.551120630083350882e+00 1.222773272773791552e+09
8.057363925212216197e-04 -1.980097479615189338e+00 8.686299284439425037e+02 6.869445455428684503e-07 -4.857082396642620203e+00 1.222773272786578178e+09
8.294550598730982254e-04 -1.957487039875608792e+00 7.504773859029160121e+02 1.412632640662149352e-05 -1.948224349818058698e+00 1.222773272791112423e+09
8.109483876281157241e-04 -1.969233605138445142e+00 8.820689335621652845e+02 2.998679016444182793e-07 -5.001680366268893785e+00 1.222773272827797651e+09
8.020393747953393458e-04 -1.972954900281386870e+00 9.507280517327268399e+02 7.713211660546983019e-06 -2.601492525220392871e+00 1.222773272832902908e+09
8.286960600147777294e-04 -1.962223416332112613e+00 7.026200338061288448e+02 1.718368951073726443e-06 -3.492912112072180442e+00 1.222773272833053589e+09
8.163279910385755778e-04 -1.971520200951170976e+00 8.112551252004476510e+02 6.986096459190243052e-07 -4.242623076348907674e+00 1.222773272867766857e+09
7.930741043275222647e-04 -1.993911548897939312e+00 8.656314581921694753e+02 3.453993596639905382e-06 -3.304761206903719106e+00 1.222773272873233080e+09
8.050631188331394683e-04 -1.978654333063214699e+00 8.191085185802779733e+02 6.097975190994691856e-06 -2.551358195211994584e+00 1.222773272877609730e+09
7.875964962201360527e-04 -1.998301055219934286e+00 9.211772602353820503e+02 3.805381481577560928e-06 -3.365338659811667910e+00 1.222773272882334232e+09
7.955349568908997183e-04 -1.993649723788629036e+00 9.375300573740989876e+02 1.115226613526516537e-06 -3.998242515529185859e+00 1.222773272888364553e+09
8.093293340234766460e-04 -1.969371149599677517e+00 9.784284630513474212e+02 2.127983490217431063e-06 -3.541026603282491081e+00 1.222773272889872074e+09
8.125397491326547070e-04 -1.967454751235848232e+00 8.479821097318018701e+02 2.674701969561874473e-06 -3.086274655659651422e+00 1.222773272891282797e+09
8.075246279384874510e-04 -1.974821805028931454e+00 9.382985802596321037e+02 4.149902889880993530e-06 -2.718997444737231817e+00 1.222773272946777582e+09
8.043932395403562271e-04 -1.979998227597293825e+00 9.238093747825731725e+02 3.183291903885077048e-06 -2.904428607509928817e+00 1.222773272959514618e+09
8.081990472266671350e-04 -1.976149834258502436e+00 8.138354289111653088e+02 1.770374764596833563e-07 -5.518669615348545499e+00 1.222773272970406294e+09
8.375504966276383755e-04 -1.951383938273703711e+00 7.120312925676844316e+02 6.906926693905069577e-07 -4.544311142924888358e+00 1.222773272975473881e+09
8.103754135262807154e-04 -1.969763626592319294e+00 9.910405675212905408e+02 8.811691667221851698e-06 -2.609737739427711034e+00 1.222773272982480764e+09
7.966864200338016943e-04 -1.986783620169069398e+00 9.762207438854495649e+02 3.439165224287956147e-06 -3.683711959056937602e+00 1.222773272986698389e+09
7.994959705188176566e-04 -1.984788211890772480e+00 9.034892251255500923e+02 6.388504611832268960e-07 -4.263912451533312442e+00 1.222773272990552902e+09
7.898716739822169743e-04 -1.993117278989138708e+00 9.195822269070755510e+02 1.916064867402814028e-06 -3.589866518638025639e+00 1.222773272992816925e+09
8.238052876936185391e-04 -1.959181626511906860e+00 8.249893351281712057e+02 1.670015260060822027e-06 -4.052195163874784178e+00 1.222773272994190454e+09
8.161743127248440900e-04 -1.976838645395607053e+00 7.596565603342355644e+02 1.590544545788420990e-06 -3.701559112842245369e+00 1.222773273033017635e+09
8.005516848956600829e-04 -1.979814773993050503e+00 8.496450694037761195e+02 2.108160854975072645e-06 -3.689735477992241108e+00 1.222773273045148611e+09
8.192417740933202177e-04 -1.964491359729059194e+00 8.729863406176008311e+02 1.204013120124930904e-05 -2.112620318493185323e+00 1.222773273056042910e+09
8.005381352271114621e-04 -1.979427287386399836e+00 9.194228222889192921e+02 7.936728524942007672e-06 -2.190710083200345437e+00 1.222773273076745033e+09
8.187316077547817815e-04 -1.962089561666176207e+00 8.244915439672258799e+02 7.833030641976865190e-06 -2.251879920832163151e+00 1.222773273083130836e+09
8.035424970500994017e-04 -1.986299363403963625e+00 9.793958753583075350e+02 6.882355164530096877e-06 -2.785534965472848512e+00 1.222773273089110613e+09
8.070163476409718088e-04 -1.983335143167385350e+00 8.177460493791551244e+02 8.060012508047519998e-07 -4.238847913610733542e+00 1.222773273092561007e+09
8.084405160728644606e-04 -1.978487214488505952e+00 8.924600266496262293e+02 2.752678907710649693e-07 -5.166048351779040537e+00 1.222773273092829943e+09
8.049878146391809377e-04 -1.979288495339905474e+00 9.698823660772706035e+02 3.832449282672650124e-07 -5.031486095693155747e+00 1.222773273094950676e+09
8.015487099926479160e-04 -1.975423136544462555e+00 9.384104136088398036e+02 1.003957243881481325e-05 -2.446601141556076442e+00 1.222773273110376596e+09
8.188383526874310273e-04 -1.963906297973569082e+00 7.804404616652826689e+02 1.067159030212291571e-05 -2.444129691659532533e+00 1.222773273132569313e+09
8.118578155888047472e-04 -1.974529238251739649e+00 8.867629745808596908e+02 5.398510142334712491e-06 -2.564842513717567662e+00 1.222773273132815123e+09
7.981036092333533127e-04 -1.992436733629101120e+00 8.394680651132216553e+02 3.997548265877363832e-06 -3.125716340381680780e+00 1.222773273153592348e+09
8.076667218931639141e-04 -1.977886739161195173e+00 8.764699654018130559e+02 4.667249639963459467e-06 -2.581823972812682833e+00 1.222773273156526566e+09
8.211293077872622347e-04 -1.962841441738971904e+00 7.710350586127840415e+02 1.118373237553291288e-05 -2.048095425695695582e+00 1.222773273173158169e+09
8.121769037595276755e-04 -1.971822530352462133e+00 8.161672152899441244e+02 7.644194911612569438e-06 -2.914215608613223374e+00 1.222773273176245451e+09
8.138574632641597511e-04 -1.975342706684154681e+00 7.678397854955067032e+02 4.488665075496898697e-07 -4.691555755171071596e+00 1.222773273180988312e+09
8.147542420700358903e-04 -1.968717352873757154e+00 8.478534921883980360e+02 3.159724574749549403e-07 -5.260587060325393693e+00 1.222773273184620380e+09
8.002199847169634778e-04 -1.975956382407817902e+00 9.232543965409212205e+02 2.106343050745111325e-06 -3.779937634810774938e+00 1.222773273189000845e+09
8.122909134445406186e-04 -1.976222184762936873e+00 8.396726937587309294e+02 4.155468300026392759e-06 -3.523513764276383853e+00 1.222773273192251682e+09
8.400259210981689782e-04 -1.950576416017189008e+00 6.935897901601070998e+02 1.049081904392802046e-06 -4.112917589135551388e+00 1.222773273204104424e+09
7.962212848880771644e-04 -1.981659981723608022e+00 9.276539136925614457e+02 7.661666064421347419e-07 -4.564803887530800353e+00 1.222773273207093477e+09
8.077274080950107467e-04 -1.982918643387616475e+00 9.186462212047691764e+02 5.880361338275946180e-06 -2.788102973297172049e+00 1.222773273208245039e+09
8.017027414303732084e-04 -1.979426044607484725e+00 9.105614070363714063e+02 1.244676404259555754e-06 -3.686341758506251232e+00 1.222773273211974144e+09
7.942360872607280792e-04 -1.982560704938895135e+00 9.714197424199199986e+02 5.579200780128582521e-07 -4.532227186929604912e+00 1.222773273217345476e+09
8.413113184149083410e-04 -1.953202781255130915e+00 6.869878799466588362e+02 2.233404990000193306e-06 -3.551077477902904178e+00 1.222773273224411249e+09
7.970137424854659668e-04 -1.987717150215561279e+00 9.698974669833843336e+02 6.756084525423756264e-07 -4.269891902149694829e+00 1.222773273246801853e+09
7.975659380483304979e-04 -1.983834077934414797e+00 9.734474507758274058e+02 1.047658989671927536e-05 -1.984278296192465874e+00 1.222773273285742760e+09
8.027218653930284515e-04 -1.973312224699125261e+00 9.282164369244486579e+02 4.667579159227288054e-06 -3.163535677746470043e+00 1.222773273291263103e+09
8.116421076630609809e-04 -1.970481201585748909e+00 7.793683517037383126e+02 1.683068170662248238e-06 -3.812174382511888560e+00 1.222773273295520544e+09
8.536406373332263613e-04 -1.943301033054974258e+00 6.036935432939069415e+02 7.457665506480288644e-06 -2.869709941063617542e+00 1.222773273296084642e+09
8.416281568887453487e-04 -1.951742136056680010e+00 6.827267819458318172e+02 1.996560634916970978e-06 -3.966067684743486588e+00 1.222773273306152344e+09
8.344578527077806162e-04 -1.964741061889177409e+00 6.630606309082621692e+02 4.032499781939237444e-06 -3.396598653287155045e+00 1.222773273337620497e+09
8.169069405531801005e-04 -1.961681760696296628e+00 8.212716903085961349e+02 1.610647962919102751e-06 -3.863009256347019971e+00 1.222773273342278481e+09
8.022339105112727842e-04 -1.980695643288759467e+00 8.627122451119412290e+02 1.067196419555221369e-06 -4.470820391089556090e+00 1.222773273357581615e+09
7.864371014154117323e-04 -1.999317596909031769e+00 9.696568125539067751e+02 7.536992454517564396e-07 -4.705715949855139968e+00 1.222773273357851982e+09
7.998417342933743972e-04 -1.983822649500523116e+00 9.416992822029018271e+02 9.122500357549869046e-06 -2.082972284299190235e+00 1.222773273366570234e+09
8.202934969565682782e-04 -1.962420356989387438e+00 7.991298726559429042e+02 5.443641471115924554e-07 -4.536339113226183883e+00 1.222773273369329929e+09
8.445131748411211512e-04 -1.952558576032926929e+00 6.583552971050941096e+02 3.328270616329063931e-06 -3.233757939996354303e+00 1.222773273370722532e+09
8.110923399611323983e-04 -1.967304845717378292e+00 9.580005153131010047e+02 5.398435971891525888e-06 -2.753695753528415224e+00 1.222773273377923727e+09
8.305322769695221152e-04 -1.953563890630615640e+00 7.253362238279040639e+02 3.165925327229985238e-06 -3.071172169235232730e+00 1.222773273386189699e+09
8.332010395787406692e-04 -1.962532791850288838e+00 7.228125202594868597e+02 2.035288766147930843e-06 -3.811811314288500618e+00 1.222773273394364595e+09
8.158840595756155015e-04 -1.969343770281493100e+00 7.620685427270003629e+02 7.790684102762070396e-06 -2.786613586326295078e+00 1.222773273395254612e+09
8.060358456207434349e-04 -1.980588486777752566e+00 9.007107091730688353e+02 2.040430488111971864e-06 -4.074414401200511904e+00 1.222773273414135695e+09
7.997388053111132919e-04 -1.982188579007034601e+00 9.069970032857802380e+02 7.674595338707840866e-07 -4.726993478897973056e+00 1.222773273424253702e+09
8.106876306941485305e-04 -1.966280125701725945e+00 8.915138227872106427e+02 2.226714477121249060e-06 -3.741780777285778292e+00 1.222773273428373098e+09
8.111587870755910916e-04 -1.983423081324190873e+00 7.950051158862218017e+02 2.523532381213166959e-06 -3.826752664577130147e+00 1.222773273437576056e+09
8.193013955309867962e-04 -1.970749433978975507e+00 7.167944679274253303e+02 6.537029081130401761e-06 -2.604953768538027958e+00 1.222773273453233480e+09
7.986301515849937322e-04 -1.976785505601316384e+00 9.649019146477473896e+02 2.153798962087273480e-06 -3.793245681367690025e+00 1.222773273461754322e+09
8.153224044880943294e-04 -1.974990777576577816e+00 7.762683234130922756e+02 7.235009753092586091e-06 -3.002511947652225288e+00 1.222773273465033770e+09
8.210258881921607367e-04 -1.964233097799215066e+00 8.142847104849392963e+02 5.381288551246997049e-07 -4.596653328316777198e+00 1.222773273471353769e+09
7.847372695104914845e-04 -2.000809929042735469e+00 9.903310974437298455e+02 3.982265319010907512e-07 -5.051990658235014031e+00 1.222773273477730513e+09
8.189713792271697840e-04 -1.970227184343166460e+00 7.793665086403759688e+02 1.023242436393871371e-06 -3.961861017727313694e+00 1.222773273481199980e+09
7.921698535049658246e-04 -1.994518863054556501e+00 9.118746286077202967e+02 4.175506976264848549e-07 -4.908345670880427392e+00 1.222773273486737490e+09
8.012384031583836457e-04 -1.983450875573289807e+00 9.311988115054570017e+02 1.119088525065179603e-06 -3.832232672726417100e+00 1.222773273499409676e+09
8.086659485428785441e-04 -1.978983447434903731e+00 8.702902253311261802e+02 4.423621794805131238e-07 -4.719687480734116924e+00 1.222773273503105402e+09
8.172399185653261107e-04 -1.969493691085999920e+00 8.981193095938350552e+02 6.335105182182578878e-06 -2.752763844991605424e+00 1.222773273507510185e+09
7.935696845802365108e-04 -1.991967173213970099e+00 9.021452830101719655e+02 3.476227277707683549e-07 -5.033296657187880108e+00 1.222773273508556604e+09
8.166990393951317371e-04 -1.962293969188322551e+00 8.307074855557117417e+02 6.122758312572175447e-06 -2.579557408560966714e+00 1.222773273526377201e+09
8.076028458101722641e-04 -1.975941119386133593e+00 8.311912024415722726e+02 4.263878286652637362e-06 -2.716996376633495025e+00 1.222773273532546997e+09
8.020479981214319277e-04 -1.974611485972739500e+00 9.276982431160753322e+02 1.072486221656360954e-06 -4.029649378956441375e+00 1.222773273541085243e+09
7.978367702059975140e-04 -1.980350193760080479e+00 9.346471786266844219e+02 3.755924257436257876e-07 -4.882840271012987010e+00 1.222773273544149399e+09
8.237494738572954467e-04 -1.960752805898166695e+00 7.251593595336769340e+02 1.077529658590361918e-06 -4.282319728638345424e+00 1.222773273544776917e+09
8.103259503593217066e-04 -1.974984898905891351e+00 7.768489135236800394e+02 2.695346999265633951e-06 -3.259811177394997372e+00 1.222773273569840431e+09
8.443315480279185411e-04 -1.947980469308853380e+00 6.786756118784143155e+02 4.942069944487660483e-06 -2.808065659061622199e+00 1.222773273578199863e+09
8.326552148594018252e-04 -1.959727682384574843e+00 6.761897827354495121e+02 5.151109377140648269e-06 -3.254905485638717622e+00 1.222773273592614174e+09
7.939222386939382781e-04 -1.996943002019339275e+00 9.010839108569709879e+02 6.478426018842104729e-06 -2.864676773576249502e+00 1.222773273593365192e+09
8.072976989378254824e-04 -1.979795154970251492e+00 9.023115546904236908e+02 1.560186063181615361e-06 -3.658929419158214458e+00 1.222773273601356506e+09
8.228064550174226484e-04 -1.972117728078197629e+00 7.223962648865492611e+02 7.722543052253577171e-07 -4.489567070774519664e+00 1.222773273620684385e+09
8.030972581700101219e-04 -1.986867077331859521e+00 9.206995425180377879e+02 3.995465921522003168e-06 -2.997301880152353881e+00 1.222773273625359535e+09
7.951575967153881510e-04 -1.987388815157450139e+00 9.504791895497030509e+02 3.510089643934215384e-06 -3.619490949233307830e+00 1.222773273626384020e+09
8.049680027705959084e-04 -1.985930157181026390e+00 8.606033518159609912e+02 6.463196112056539333e-07 -4.546003776871245350e+00 1.222773273632656336e+09
8.096382429188737125e-04 -1.977012451352472500e+00 9.690615948831908781e+02 4.936524905826897393e-06 -3.121524772175614082e+00 1.222773273633412361e+09
8.107688226214488378e-04 -1.975698410306827579e+00 7.755789933915502843e+02 1.054413645647417421e-06 -4.025709415535247082e+00 1.222773273639226913e+09
8.016232542729072059e-04 -1.981548136619998512e+00 9.225325906634960802e+02 8.101177300709655921e-06 -2.166007493975344644e+00 1.222773273646890879e+09
7.970163152439680831e-04 -1.987147050895430755e+00 8.559182568721362259e+02 4.131675400586247906e-06 -3.247748623212055818e+00 1.222773273650944233e+09
8.203603338765532620e-04 -1.959856005953646285e+00 8.159371499252582680e+02 1.502583215150081547e-06 -3.805577879324293811e+00 1.222773273683216572e+09
8.077262415319859650e-04 -1.972469498701621582e+00 8.972345734690994732e+02 9.466086406840677569e-06 -2.101108031287225231e+00 1.222773273690637589e+09
8.307024611118380602e-04 -1.962554125621652323e+00 6.796655993950635093e+02 1.076401387896701043e-05 -2.422500823529433411e+00 1.222773273693349123e+09
8.420241842470567667e-04 -1.957111398927630752e+00 6.564973970045770102e+02 6.702147454718500085e-06 -2.893289887931554283e+00 1.222773273704848766e+09
7.872847023041211825e-04 -1.995534807883205808e+00 9.707553867494925726e+02 7.776353163862486878e-07 -4.664863224206964532e+00 1.222773273707350969e+09
8.066054131245897199e-04 -1.981956137127187212e+00 8.744022027908899872e+02 3.034737606870934285e-06 -3.765468290845229937e+00 1.222773273721925259e+09
8.104490323676379537e-04 -1.982904749486737339e+00 7.760412098011332773e+02 4.045546514163722594e-06 -3.435261470624865865e+00 1.222773273727840900e+09
8.091421100760281529e-04 -1.980758587907431867e+00 8.644274411889114162e+02 5.084887796262677198e-07 -4.768025178987677748e+00 1.222773273728816271e+09
8.027488905318532755e-04 -1.990379304577419850e+00 8.367245275806720883e+02 4.360212155659113957e-06 -3.092494992342465387e+00 1.222773273729700565e+09
8.372963708189565561e-04 -1.951023385596281745e+00 7.028021944831423298e+02 1.012587236318490657e-06 -4.376107677608333191e+00 1.222773273736105442e+09
8.130338664602996743e-04 -1.967907887159982216e+00 7.967181535321784622e+02 1.365986997450338914e-06 -3.898006814926757713e+00 1.222773273740190506e+09
8.260447276005917095e-04 -1.961110467635955201e+00 7.491461256576249070e+02 1.132591134010446998e-05 -2.039705706157379339e+00 1.222773273753564596e+09
8.128960378650676531e-04 -1.967184113952578528e+00 8.954046495273074697e+02 6.583477248804161219e-07 -4.614556434537382401e+00 1.222773273758976460e+09
8.307090568593233524e-04 -1.962659999988408899e+00 6.956636641582857692e+02 9.695200761416965152e-07 -4.517660340277032560e+00 1.222773273759122133e+09
8.201197873296516829e-04 -1.967288947665472687e+00 7.554061441243803756e+02 3.257380675352324230e-07 -4.971006761600373025e+00 1.222773273768193245e+09
8.123068520517559175e-04 -1.971144388011914605e+00 9.376617812746625304e+02 1.408647431021484517e-06 -4.079971262254330711e+00 1.222773273770949602e+09
8.369357865080767882e-04 -1.949883680419242538e+00 7.090844253021236909e+02 8.624724637718816822e-06 -2.296667990191003206e+00 1.222773273771491289e+09
8.504177738331579386e-04 -1.943046078363558582e+00 6.045547935577548060e+02 2.831974329621700267e-06 -3.572116207111179165e+00 1.222773273782380581e+09
7.998849198778760746e-04 -1.983712394764084008e+00 9.120471362499303041e+02 2.705818406245004340e-06 -3.071229849741651030e+00 1.222773273790049076e+09
8.056007789904267007e-04 -1.977000649769436569e+00 8.537095590751763439e+02 9.372548933258915944e-06 -2.196768210399115517e+00 1.222773273793961048e+09
8.329590624709436522e-04 -1.962047404582282439e+00 7.166820344148007962e+02 1.962958273475872670e-06 -3.967024693214579401e+00 1.222773273799466610e+09
8.124848608153466658e-04 -1.967374598051338852e+00 8.704041189474313569e+02 5.765550690135269438e-06 -2.507956547470174158e+00 1.222773273800340176e+09
8.148867040648822592e-04 -1.972812406253006134e+00 8.430797764844696758e+02 6.443372611495591216e-06 -2.438468668516200921e+00 1.222773273802941322e+09
8.123560428891594271e-04 -1.965114309924558267e+00 8.529211034438385468e+02 3.418119144791421346e-06 -3.248034594730015989e+00 1.222773273807023764e+09
8.184142186763580015e-04 -1.972263214647801188e+00 7.719255385031003698e+02 3.175523038376776512e-07 -5.164455656927257721e+00 1.222773273807263136e+09
7.882017631310884705e-04 -2.000037708722147922e+00 9.925662956884597179e+02 1.019790595374404487e-06 -4.169014067869118989e+00 1.222773273807807922e+09
8.430495886255072891e-04 -1.953273936562794688e+00 6.210331807178688450e+02 1.294918742883641387e-06 -4.034935086346201238e+00 1.222773273809211254e+09
8.302639960280776450e-04 -1.964564598017307206e+00 6.964021545445341417e+02 3.854624343545547041e-06 -3.517111741031836658e+00 1.222773273812113285e+09
7.983425543220260597e-04 -1.987427635563899120e+00 9.237098431229885591e+02 1.566589283047496467e-06 -4.260911903268351786e+00 1.222773273836608887e+09
8.243088486190376131e-04 -1.969348264710138796e+00 7.449551319989733429e+02 9.940641583586237352e-06 -2.304037058462390597e+00 1.222773273850620031e+09
8.039111454367463402e-04 -1.972483807654890064e+00 9.936056556879725576e+02 1.136970507380862153e-06 -4.168134622916455534e+00 1.222773273857539415e+09
8.553299800134174730e-04 -1.939253527110537112e+00 6.034446738833403288e+02 5.736795512902451445e-06 -2.733490864175116997e+00 1.222773273872937441e+09
7.888918396935467973e-04 -1.993538043059600806e+00 9.555858830381118878e+02 5.669734743280640691e-07 -4.578443381973899662e+00 1.222773273880407810e+09
8.166804149107148017e-04 -1.969682863167012465e+00 7.663219281954883400e+02 2.792451538606484816e-07 -5.201328105898930687e+00 1.222773273881842852e+09
8.115190085609252100e-04 -1.969386726317915670e+00 9.587691190199792572e+02 8.086326939303012883e-06 -2.738220559763923312e+00 1.222773273890512228e+09
7.982075559371341065e-04 -1.993630379862494584e+00 9.366320062888278244e+02 2.113196189584159650e-06 -3.921878246669405321e+00 1.222773273895009995e+09
8.148728686121086860e-04 -1.967897421184482187e+00 8.671193165726747338e+02 6.464968478777165797e-07 -4.446029665244189744e+00 1.222773273896658897e+09
7.987065965649688040e-04 -1.985630133987772883e+00 9.504028557599683609e+02 3.043639110665134802e-07 -4.979493150769889631e+00 1.222773273900274992e+09
8.035093143876933901e-04 -1.976279542316552895e+00 8.665189573386832080e+02 1.885381967033719641e-06 -3.533041611913348312e+00 1.222773273902282953e+09
8.227825324188575750e-04 -1.963542129669895608e+00 8.112099889381765934e+02 6.453152934562146809e-07 -4.642466674178190367e+00 1.222773273903936625e+09
7.905725739120033355e-04 -1.997171718906546989e+00 9.796685428613011482e+02 4.445959838987039000e-07 -4.870796710428582088e+00 1.222773273920714378e+09
8.149030305673349728e-04 -1.964598205174290069e+00 9.265520998396460755e+02 5.838518868618255624e-06 -2.835606064554978545e+00 1.222773273928129196e+09
8.081676813641494985e-04 -1.972630018947693298e+00 9.790022988671917119e+02 1.875099232461298612e-06 -3.678032287104938902e+00 1.222773273936196804e+09
8.138357156101164690e-04 -1.971232390408879542e+00 9.062783620590232658e+02 1.504958347070702459e-06 -3.877012196814361822e+00 1.222773273936995029e+09
7.933161091483759576e-04 -1.990538976131106530e+00 9.625798843516330408e+02 1.660676568478690462e-07 -5.648290788879069879e+00 1.222773273946543932e+09
8.031037067138401160e-04 -1.976638105812269064e+00 9.241407935647209797e+02 6.996104504428956813e-07 -4.260694765581422239e+00 1.222773273949755907e+09
8.185822786252190241e-04 -1.966808016938699000e+00 7.547811714063525415e+02 5.748009807705496242e-07 -4.533266039243962986e+00 1.222773273955544710e+09
8.019859419070051506e-04 -1.986902695676466823e+00 8.331364085595866982e+02 8.421522107054807697e-06 -2.566804938739027264e+00 1.222773273961406469e+09
7.999097789796299476e-04 -1.989871579681471658e+00 8.406289447317913073e+02 9.141757456479930899e-07 -4.501004905658129829e+00 1.222773273961919069e+09
8.045936470912078056e-04 -1.974569248623017748e+00 9.723399915681634411e+02 4.679890666053390810e-07 -4.838854025752282517e+00 1.222773273962052345e+09
8.246084818847814303e-04 -1.968838964926046264e+00 6.798389194440694610e+02 1.627141775298821660e-06 -3.926347256346275572e+00 1.222773273966422319e+09
7.924297637534403593e-04 -1.985705524095391361e+00 9.568759303892145454e+02 7.410025590956717855e-07 -4.547367244276811604e+00 1.222773273977725744e+09
8.150981507439776248e-04 -1.976739478908548397e+00 7.737531056757310353e+02 5.142120050141608198e-07 -4.911228458467464364e+00 1.222773273991701603e+09
8.085478238232652031e-04 -1.977589785320228888e+00 7.765271051725992493e+02 2.502358498978724521e-06 -3.689309809520537442e+00 1.222773273993859529e+09
8.149439963237748320e-04 -1.980788531772723848e+00 7.633345826246830939e+02 4.443764497059666678e-06 -3.301292476000664777e+00 1.222773274003333569e+09
8.064488633792051258e-04 -1.984026833479893615e+00 7.912152366984289529e+02 1.435653694302569302e-06 -3.901096091982187986e+00 1.222773274004426003e+09
8.407599520747661981e-04 -1.952670134234222754e+00 6.784569111958762733e+02 1.249751819047356459e-06 -4.243979576612412430e+00 1.222773274006636381e+09
8.312103397782398106e-04 -1.956877403884443645e+00 7.385787617574834485e+02 1.992211824929326297e-06 -3.479868203700679175e+00 1.222773274011247635e+09
8.358249424356870927e-04 -1.951743886648809712e+00 7.209727454049839253e+02 4.057771794802328554e-06 -3.393399176331502787e+00 1.222773274012477875e+09
7.976335022566733834e-04 -1.991091818699335381e+00 9.946468923000767290e+02 1.573420465511484719e-06 -3.887512847317176501e+00 1.222773274032116890e+09
8.336089482317998343e-04 -1.958686876969958135e+00 6.461454172996017178e+02 4.778914891640595788e-06 -3.035000507840962314e+00 1.222773274033263683e+09
8.293102044657823992e-04 -1.953597234139100802e+00 7.374780732716887997e+02 1.961731892129567095e-06 -3.765257635243147050e+00 1.222773274040459871e+09
8.161501717389654667e-04 -1.972908053949308016e+00 7.660017484732992443e+02 1.116216823821668354e-05 -2.437277793439054818e+00 1.222773274047846317e+09
7.956273652540760393e-04 -1.986808219800455522e+00 9.382893258856045122e+02 6.308486683318782024e-07 -4.855478634484112987e+00 1.222773274052502871e+09
7.940332262644478030e-04 -1.983147710771622663e+00 9.747430090507062914e+02 7.891610406285917473e-06 -2.627677490330306398e+00 1.222773274053981781e+09
8.175177629518947222e-04 -1.970405968537111363e+00 7.483730186681522127e+02 7.873509137125038671e-06 -2.387026264027110045e+00 1.222773274058355570e+09
8.067625809931749416e-04 -1.980263502040030099e+00 9.173199329482168878e+02 8.022994386178740740e-06 -2.336344675923681891e+00 1.222773274062706232e+09
8.074264710277528033e-04 -1.972539521272393515e+00 9.187412795430274173e+02 1.179067831831550363e-05 -2.384213334461422029e+00 1.222773274063046455e+09
8.082984200573274007e-04 -1.978188287618843022e+00 8.010619222787336184e+02 4.679491361896083722e-07 -4.966563162722275493e+00 1.222773274064768076e+09
8.464390347648980371e-04 -1.948642211675930991e+00 6.356985708560681587e+02 2.299892195582634529e-06 -3.465348762155453954e+00 1.222773274071667433e+09
7.899733439738159226e-04 -1.994822539359323521e+00 9.991822928647710569e+02 3.288461227707432287e-07 -5.285356467831213934e+00 1.222773274075126648e+09
8.011287313888263654e-04 -1.974393517931111841e+00 9.792538291130790640e+02 1.376075157559905963e-06 -3.913667025489810491e+00 1.222773274076760292e+09
8.302668370089862863e-04 -1.952133240464147601e+00 7.636980462127618239e+02 3.300858644058048792e-06 -3.310043242316710099e+00 1.222773274077120066e+09
7.963365813490719909e-04 -1.989077476317736348e+00 9.445072748044843820e+02 5.134525002217004959e-07 -4.565080199779520065e+00 1.222773274081699848e+09
8.008057798375231443e-04 -1.990721894115091262e+00 8.826334359300770984e+02 2.815660609342572457e-06 -3.364472395268854221e+00 1.222773274088757038e+09
7.969247781153405681e-04 -1.984865041215111425e+00 9.718619934050443590e+02 1.523695110173181513e-07 -5.676037326412201267e+00 1.222773274088882208e+09
8.110358853935448198e-04 -1.969198994742374254e+00 8.418167326522509484e+02 1.613066598520068725e-06 -4.075523626114470943e+00 1.222773274098152399e+09
8.154569354920562091e-04 -1.976182871794059714e+00 7.412431413409371999e+02 1.877640774556940599e-06 -4.019490322891272172e+00 1.222773274106729984e+09
8.121676966944261404e-04 -1.973256836944060399e+00 7.764684156443785241e+02 7.929970274644283592e-06 -2.495838241888955977e+00 1.222773274111392736e+09
8.321095274641778427e-04 -1.955875485165319727e+00 7.328224853292354055e+02 9.990597949237321457e-07 -4.421181931015845556e+00 1.222773274120501995e+09
8.140781272973122117e-04 -1.966955244432980754e+00 8.753914934714257470e+02 6.047176537936737767e-07 -4.613792012272654119e+00 1.222773274136801004e+09
8.116295679888531258e-04 -1.966541940815489387e+00 9.008125806195057521e+02 8.762030865477362965e-06 -2.368590775672496207e+00 1.222773274136819363e+09
7.944933320149947728e-04 -1.984600961292595667e+00 9.814599183820757844e+02 2.010308261396853833e-06 -3.359325402883817979e+00 1.222773274143697262e+09
7.902595598987309728e-04 -1.995800203432922082e+00 9.832192271543060542e+02 1.456702681902204913e-06 -3.747403185465509878e+00 1.222773274148085356e+09
8.148730151135039025e-04 -1.978951150502649359e+00 7.899563424217466263e+02 1.472585069524544250e-06 -4.201430592822452681e+00 1.222773274155062199e+09
8.206429676573571367e-04 -1.967883046713449602e+00 7.915060821966989124e+02 8.137357078352214674e-07 -4.650981327493071582e+00 1.222773274158173084e+09
8.020418175189907364e-04 -1.985729811128990274e+00 8.196340448620591133e+02 1.408189313226929875e-06 -3.910204670977358354e+00 1.222773274168209076e+09
8.243516699475804529e-04 -1.971823164660486016e+00 7.336000472619631410e+02 2.057976185098348930e-06 -3.905998613762613481e+00 1.222773274170378447e+09
8.511309869697864612e-04 -1.945138768091532855e+00 6.029786421686637823e+02 3.091102506926620927e-06 -3.264405619382659829e+00 1.222773274170616627e+09
7.983122601349308721e-04 -1.987587995162534593e+00 9.068497212031833214e+02 1.113096954372170508e-05 -2.207991688021296639e+00 1.222773274173565149e+09
7.987843245617666510e-04 -1.979953257590270965e+00 9.036842916257868410e+02 1.154177609210746335e-06 -4.237858152579965676e+00 1.222773274174642801e+09
8.255075997808619757e-04 -1.961085812781107496e+00 7.051679689089241947e+02 6.167242108059078719e-06 -2.705295034503883755e+00 1.222773274177690983e+09
8.076580185492740396e-04 -1.984162470860612704e+00 9.038321407067389828e+02 3.927840493707313314e-06 -3.266004657648602816e+00 1.222773274180802345e+09
8.078073947419894341e-04 -1.972403559722604838e+00 8.297187583813292804e+02 4.957241721409687590e-06 -2.898283081798107119e+00 1.222773274184739590e+09
7.902727290302055197e-04 -1.998015665275608255e+00 9.871035120838246257e+02 3.351268784472801775e-06 -3.646340524583573384e+00 1.222773274190361500e+09
8.041239346699227426e-04 -1.972812119070588732e+00 9.256596307318836807e+02 9.860721146703819302e-07 -4.193233406103074046e+00 1.222773274193236828e+09
8.398530339441316822e-04 -1.946987113680016757e+00 6.909956069906343146e+02 2.727904564755485839e-06 -3.354426398250621055e+00 1.222773274194894552e+09
8.197829834800865597e-04 -1.974110824598179548e+00 7.124932535819606301e+02 2.186717843308726350e-06 -3.600691643521368945e+00 1.222773274195281744e+09
8.077491139582940486e-04 -1.976773170423330894e+00 8.215521027998182717e+02 4.602238679753761995e-07 -4.691674519442059932e+00 1.222773274195510149e+09
8.113032815709708386e-04 -1.968956218221329824e+00 8.161166679669250925e+02 5.984721563347740095e-06 -2.794483146723099054e+00 1.222773274196614981e+09
7.928659010997967955e-04 -1.988151155166584250e+00 9.108626536121249728e+02 2.261753986321560647e-06 -3.715115926150715175e+00 1.222773274202551842e+09
8.047645895704450035e-04 -1.974954660792616945e+00 8.588705515102162735e+02 1.949840458805661703e-06 -3.880766986079557057e+00 1.222773274206280231e+09
8.435770418166624145e-04 -1.951054527672797079e+00 6.254879228681799077e+02 1.160145979785781607e-06 -4.183992856523234494e+00 1.222773274208316565e+09
8.419288024205994012e-04 -1.947118636273409642e+00 6.658435410734251718e+02 2.756313494115580834e-06 -3.280361568944240247e+00 1.222773274220417976e+09
8.002683270178212720e-04 -1.989384067581255522e+00 9.379096150779280379e+02 3.228228320748955522e-06 -3.679155374821402091e+00 1.222773274221706867e+09
8.068653068376266304e-04 -1.985743496188458579e+00 8.708752145147873307e+02 1.584351200307584591e-06 -4.076662889410129331e+00 1.222773274221718311e+09
8.441747421158638225e-04 -1.943660756828134994e+00 6.679330676130839493e+02 5.256608239140312407e-06 -2.842277196668668182e+00 1.222773274226314068e+09
8.350644765191139350e-04 -1.963244292382655409e+00 6.801433526904563678e+02 4.387792062817500244e-06 -3.155152226310031338e+00 1.222773274231244087e+09
8.001170300162525418e-04 -1.979396272439794213e+00 8.989677166185796295e+02 4.352493370241092392e-06 -3.282681351755507571e+00 1.222773274231896400e+09
7.837202796717423732e-04 -2.000981716272423494e+00 9.783751663601372002e+02 1.561634839561341088e-06 -3.926045602346230901e+00 1.222773274235728502e+09
8.039291972640980619e-04 -1.981253922936060841e+00 8.369990308057796256e+02 1.057604462648417201e-06 -4.453710310014793450e+00 1.222773274236872673e+09
8.191027917654055638e-04 -1.968892635522919932e+00 7.647014567249285619e+02 6.851619347026765135e-06 -2.383364946939078521e+00 1.222773274239490032e+09
8.047663919820377022e-04 -1.973734374031125061e+00 9.821430674090847788e+02 4.623929113684408490e-06 -2.763303234779453277e+00 1.222773274240923643e+09
8.414316994638350658e-04 -1.947081687087865554e+00 6.806052144175840795e+02 9.561303287807239345e-06 -2.508370460450402462e+00 1.222773274244563341e+09
8.076849647705903763e-04 -1.982844369395098116e+00 9.171519500291971099e+02 2.451748426559680701e-06 -3.766878752510880446e+00 1.222773274247555733e+09
8.159868178464857284e-04 -1.965980496199188909e+00 8.799495364080120225e+02 1.914309986716060103e-06 -3.958534586221981399e+00 1.222773274256725788e+09
8.308405446391929107e-04 -1.955142005094159252e+00 7.623362548180739395e+02 1.902400118442064794e-06 -3.648534291014893682e+00 1.222773274265919447e+09
8.010605834858434407e-04 -1.989962904929910348e+00 8.596813036266313475e+02 7.638906190453522238e-06 -2.823081667719300469e+00 1.222773274286279440e+09
7.911303966282775537e-04 -1.997822782577641787e+00 9.834380875146545122e+02 8.509294681849306885e-06 -2.736876050393975746e+00 1.222773274288960457e+09
7.947280895113937108e-04 -1.991928655439746620e+00 9.501018303517757886e+02 4.987347649252193720e-07 -5.009948884919575463e+00 1.222773274292207718e+09
8.047689955351570003e-04 -1.970848806102317052e+00 9.827144879218694768e+02 3.309532624825913880e-06 -3.304336691172237828e+00 1.222773274305389404e+09
8.062247330109515494e-04 -1.982589118023391439e+00 9.325187872015503672e+02 8.635848782902409953e-06 -2.788188447043342677e+00 1.222773274310469389e+09
8.216835176288579895e-04 -1.958782226025511441e+00 7.892277215200564342e+02 2.798896944100799390e-06 -3.360713184241382656e+00 1.222773274314344645e+09
8.225449542499511154e-04 -1.969596360365326149e+00 7.429015305293161191e+02 4.842147817784558239e-06 -3.339172609947789638e+00 1.222773274316294193e+09
8.134078200294621265e-04 -1.973016240983917147e+00 7.844958709143583064e+02 4.641031488705038030e-06 -2.717624834094289454e+00 1.222773274317339420e+09
7.961948293357843601e-04 -1.989659698056570392e+00 9.305178742548855553e+02 3.049364862092536541e-07 -5.072960515288863270e+00 1.222773274332969427e+09
8.284435002455180740e-04 -1.968050515207271811e+00 7.123409726087028275e+02 4.792299959231915300e-06 -2.984324012907634938e+00 1.222773274344556093e+09
8.238861889387327341e-04 -1.958399856641585668e+00 8.101723909411655313e+02 2.738816729707914088e-06 -3.310623314731697242e+00 1.222773274346496344e+09
8.002522624961976245e-04 -1.985952707745916479e+00 9.226321461618733792e+02 4.084283343048736839e-07 -4.804972357506525071e+00 1.222773274346546650e+09
7.993452505493480039e-04 -1.975799711711469175e+00 9.918192527740472997e+02 4.323809829847757139e-06 -2.936200542602234620e+00 1.222773274346712828e+09
8.096656467378535865e-04 -1.976213231664540437e+00 8.726242537667312718e+02 2.896830069565181853e-07 -5.257068833894606996e+00 1.222773274350921869e+09
7.949976967403172201e-04 -1.985558807193824382e+00 9.399434020402646865e+02 5.888863531779569965e-07 -4.833108025131714669e+00 1.222773274354388714e+09
8.017175100159414482e-04 -1.987341056816197105e+00 8.886802442259006511e+02 1.115057241531454654e-05 -2.322145169487636274e+00 1.222773274359354734e+09
8.320852490536186433e-04 -1.952459847568422724e+00 7.315880319478183083e+02 1.658841447430563369e-06 -3.794396239879633370e+00 1.222773274367682695e+09
8.220490533228877071e-04 -1.972328471757311075e+00 7.124773897022812434e+02 1.029368448358704418e-06 -4.322652058285159526e+00 1.222773274368950605e+09
8.193660146225174726e-04 -1.976155901151113614e+00 7.560610861097729867e+02 4.972924802767498498e-06 -2.983769638881690334e+00 1.222773274369234562e+09
8.034831343138329690e-04 -1.981444962612660454e+00 8.968022271869838278e+02 1.118053584536582871e-05 -2.531696138562906206e+00 1.222773274370410442e+09
7.937343409272003573e-04 -1.994441728779987821e+00 9.219393397370002958e+02 3.580812009837393635e-06 -3.566358583285206052e+00 1.222773274374225378e+09
8.397478163959230411e-04 -1.958776505973303328e+00 6.411978711701564180e+02 2.342555666298217572e-06 -3.671893497965220021e+00 1.222773274374400377e+09
8.052676528479232095e-04 -1.977466746735864866e+00 8.186807463435357022e+02 1.280741362093742390e-06 -4.111420242923094825e+00 1.222773274376599073e+09
8.295254166757487111e-04 -1.965257429909541997e+00 6.795298018931063098e+02 1.485271681849691222e-06 -4.159609551442938979e+00 1.222773274377225161e+09
7.931524101408473758e-04 -1.988385379952424925e+00 9.100720879172919240e+02 3.485006963871915008e-06 -3.393225920036258003e+00 1.222773274379467964e+09
8.199550325039995247e-04 -1.969386835296701221e+00 8.060882472806231362e+02 1.024952815601303154e-06 -4.468665339405944792e+00 1.222773274381303787e+09
8.236540661486414132e-04 -1.968049259864813383e+00 7.406047800801363792e+02 6.754155620706623907e-07 -4.476341420267636373e+00 1.222773274383507013e+09
8.183684591507317399e-04 -1.968092606707303238e+00 8.061726754505676809e+02 7.451052624973302050e-07 -4.286740027652229834e+00 1.222773274403551579e+09
8.198272630150172866e-04 -1.970325561687236160e+00 8.429942437636773320e+02 6.581908192927154323e-06 -2.752245443959870919e+00 1.222773274406980515e+09
8.307053237759587849e-04 -1.964091109500423427e+00 7.053652402910248611e+02 2.860602804434481513e-06 -3.726388288604694843e+00 1.222773274407708406e+09
8.033693361439400065e-04 -1.975606685985950239e+00 9.443105128779653796e+02 5.953032353190160328e-07 -4.487480367407076010e+00 1.222773274410290956e+09
7.927625606409018913e-04 -1.987932740378635099e+00 9.586484377037907052e+02 9.516347118722989927e-06 -2.381332687739124765e+00 1.222773274414832354e+09
8.248229805812093418e-04 -1.963875063217599859e+00 7.690148762778572973e+02 6.345409428250066946e-07 -4.535202480102507039e+00 1.222773274416278601e+09
7.982778335345901057e-04 -1.992742615637728143e+00 9.137572506423650793e+02 1.282104520591694082e-06 -4.290307928100096646e+00 1.222773274416862249e+09
8.003380515571564867e-04 -1.979636059991318753e+00 9.194153206185350200e+02 1.037284798463281410e-06 -4.449674422779179572e+00 1.222773274419577122e+09
8.103537035675190082e-04 -1.977050980477089936e+00 8.075094546486726585e+02 1.087308519726272560e-06 -3.950083664305292785e+00 1.222773274423940897e+09
8.247787771542447900e-04 -1.960102824020555357e+00 8.316885976117694099e+02 5.037269653428852741e-06 -2.915473463833545331e+00 1.222773274425323248e+09
7.990081163167699410e-04 -1.980758033441197163e+00 9.684884466990496321e+02 6.115396546872297291e-06 -2.429871967865484095e+00 1.222773274428133726e+09
8.109549218714537551e-04 -1.973024405839624684e+00 7.764114756147536127e+02 3.009312316236678293e-06 -3.432396136445859725e+00 1.222773274428849936e+09
7.987901867029905930e-04 -1.986812368943791096e+00 9.163120490928918116e+02 4.734824346278104612e-06 -2.695108151853240486e+00 1.222773274431935549e+09
8.029115080091452864e-04 -1.977833126938919772e+00 8.968306354647888838e+02 2.827275091123943449e-07 -5.190772544180170200e+00 1.222773274436563015e+09
8.179720146332336789e-04 -1.963655794280477096e+00 8.774540885059899438e+02 8.556216380884292279e-06 -2.408541987650825611e+00 1.222773274437603951e+09
8.043665444779489904e-04 -1.976258872336567052e+00 9.810979802674764869e+02 5.867906270537442671e-07 -4.657054475598044974e+00 1.222773274445729017e+09
7.878292059404510888e-04 -1.998736679702021402e+00 9.513812198699578175e+02 8.705129485808571095e-07 -4.506344309639808365e+00 1.222773274449240685e+09
7.955966288910333020e-04 -1.981318895080726339e+00 9.917500378683195095e+02 4.864763140347915297e-07 -4.819909184297536342e+00 1.222773274450020075e+09
8.012277686149797728e-04 -1.978070509939493959e+00 9.561872640250724089e+02 3.526535327089304339e-06 -2.897608634641938075e+00 1.222773274454309940e+09
8.081303331187316037e-04 -1.972240639113145955e+00 8.646787741173877748e+02 5.263694340747743011e-07 -4.630691937278269776e+00 1.222773274454814196e+09
8.028887339355804701e-04 -1.978259883883262571e+00 9.511806990150490719e+02 1.026628728616972307e-06 -4.498561364531331819e+00 1.222773274455859900e+09
8.116440927243330234e-04 -1.980058871716302793e+00 7.757226649359879502e+02 7.738801101959671808e-07 -4.601565796281578358e+00 1.222773274463054895e+09
7.899865554100167064e-04 -1.994118890504500641e+00 9.923520330600632633e+02 6.334768364475273059e-07 -4.417153210147305664e+00 1.222773274465445042e+09
7.982790915635981123e-04 -1.986388269325387590e+00 9.768383430829172767e+02 1.064382828528226490e-05 -2.126854810625371961e+00 1.222773274466443062e+09
8.189415638336953410e-04 -1.967116886734628700e+00 8.594063665375447272e+02 1.512315943432279485e-06 -4.076019070709302916e+00 1.222773274466462374e+09
8.040970582517517661e-04 -1.980054839772553255e+00 9.192501070801473588e+02 1.641707820658368304e-06 -4.201454905451305066e+00 1.222773274467590094e+09
8.016796086707445772e-04 -1.983678344040002761e+00 8.642453521887352963e+02 1.212675959312302089e-06 -3.863155107513472686e+00 1.222773274468847990e+09
8.216746412911721774e-04 -1.960742765775996599e+00 8.474618266715903019e+02 4.146004866270391827e-06 -3.296067635974905485e+00 1.222773274472190380e+09
8.438551018793856960e-04 -1.946618750757758809e+00 6.663610507332923589e+02 1.634750014923925482e-06 -3.956993872096179921e+00 1.222773274477436781e+09
7.913955708124090259e-04 -1.994242998858697824e+00 9.940906376817911223e+02 1.081255847225711998e-06 -3.997314289238258489e+00 1.222773274488440275e+09
8.059570915566838332e-04 -1.985296069344430148e+00 8.952123092434007958e+02 1.413736599019466514e-06 -4.166064705205184460e+00 1.222773274488861561e+09
7.934278158012660368e-04 -1.993554710350479375e+00 9.666714745569441902e+02 5.607399860903731010e-07 -4.616968387047927891e+00 1.222773274491055489e+09
7.890055634056572639e-04 -1.996170597249817824e+00 9.316945134316601980e+02 1.048660862410012146e-06 -4.344059998034207837e+00 1.222773274493502617e+09
8.152610131666672595e-04 -1.977934106359368505e+00 7.913250502307820398e+02 1.195873720948921715e-06 -4.331835578973360690e+00 1.222773274495091915e+09
8.295904178926621561e-04 -1.953528523898174551e+00 7.376297045193745134e+02 2.771746591361767133e-06 -3.385253657674814676e+00 1.222773274498980284e+09
8.200061151036224568e-04 -1.961060360123271007e+00 8.018861444179154887e+02 2.942477034013987170e-06 -3.203919763331107617e+00 1.222773274502489805e+09
8.433027042830626256e-04 -1.946877438570504548e+00 6.503578217771935215e+02 1.543172090272792762e-06 -3.962782450420992753e+00 1.222773274508450031e+09
7.871605879487816393e-04 -1.994394660832051525e+00 9.587862235179147774e+02 3.150033015547506773e-06 -3.365960661390039022e+00 1.222773274518385172e+09
7.957845500321436474e-04 -1.983521245036397485e+00 9.443588547215917970e+02 4.750394912001925352e-07 -4.909296388966865266e+00 1.222773274519667387e+09
7.899667120668090728e-04 -1.995311970231308241e+00 9.502497461763296087e+02 2.215056551225376640e-06 -3.450637284472670707e+00 1.222773274520561218e+09
8.268580194509735776e-04 -1.958117819993701936e+00 7.618437185597034613e+02 2.342324780145643187e-06 -3.818530886562224502e+00 1.222773274523554087e+09
8.360918518253799420e-04 -1.953858975772795770e+00 7.239640651425640954e+02 2.945959996083980758e-06 -3.286054456227553544e+00 1.222773274524436712e+09
8.349869848177117731e-04 -1.957384574296821222e+00 7.336775822813541481e+02 4.817752859597586032e-06 -2.974949472911486481e+00 1.222773274526156902e+09
8.101986665530260283e-04 -1.976820070681251984e+00 8.583556329643214440e+02 5.827880501384424237e-06 -2.525030180639418198e+00 1.222773274531729937e+09
8.336750586373374745e-04 -1.951513699517161360e+00 7.157182992829534669e+02 8.430731156492229017e-06 -2.551739078284872342e+00 1.222773274532891750e+09
8.189186712576588005e-04 -1.971299356012190529e+00 7.681948167716884655e+02 1.519935324505951489e-06 -3.709798382552888185e+00 1.222773274534574986e+09
8.281887060028818000e-04 -1.955826954309226373e+00 7.285414308149012186e+02 7.312374068579598412e-06 -2.589392560153547684e+00 1.222773274536010504e+09
8.244798928471892266e-04 -1.963542837414115061e+00 7.761834445996400973e+02 1.327967013749869497e-06 -4.284931062712095340e+00 1.222773274538656950e+09
8.030915412755379804e-04 -1.988262062511658268e+00 8.107217116425821359e+02 2.406891993474101127e-06 -3.623112382707939005e+00 1.222773274540423870e+09
8.003658989176865284e-04 -1.983982115948594860e+00 9.274460575813284322e+02 1.295725846029129050e-05 -2.280974796300791141e+00 1.222773274547860146e+09
8.208465794209500975e-04 -1.968826550026682831e+00 7.848044116565173454e+02 2.317118589893641996e-06 -3.921668443322109177e+00 1.222773274553171635e+09
7.929313886521879894e-04 -1.995221858081432931e+00 9.725533276326921168e+02 6.825916523537532885e-07 -4.537042714301785296e+00 1.222773274556243420e+09
7.898474787475702214e-04 -1.997264348237963283e+00 9.213220462386498184e+02 3.028335347030343135e-06 -3.373060829632311908e+00 1.222773274566592455e+09
8.036406248874195836e-04 -1.972585557423539582e+00 9.776966085801226427e+02 3.645101219143558027e-06 -3.368047385581909303e+00 1.222773274566670895e+09
8.316280110263820106e-04 -1.964522501329946103e+00 7.167980940592357229e+02 6.664168666396941790e-06 -2.796223165825514556e+00 1.222773274566674471e+09
8.164026926812117946e-04 -1.970271574079070831e+00 7.663647739977271840e+02 8.364513491716916874e-06 -2.345821678495928708e+00 1.222773274566773891e+09
8.005017524170051236e-04 -1.981440654843629412e+00 9.447504083349920165e+02 2.227309727461780995e-07 -5.436570848723996541e+00 1.222773274569657087e+09
8.120013181785937359e-04 -1.973861050049090737e+00 8.772852828812392545e+02 4.833485084346214837e-07 -4.893100940048345393e+00 1.222773274571453571e+09
7.940692320759803980e-04 -1.988705662988736744e+00 9.009511749584086147e+02 8.218205680108506827e-07 -4.402092521564393124e+00 1.222773274572912216e+09
8.102026400790185347e-04 -1.980892787639206176e+00 8.454034715289099040e+02 1.081906945620605140e-05 -2.382580941303102939e+00 1.222773274573720694e+09
8.233572316675522593e-04 -1.957512379862098806e+00 7.990759104621924962e+02 6.285185370948220834e-06 -2.823140536283331059e+00 1.222773274574339390e+09
8.082219773282978527e-04 -1.973853126664904423e+00 8.614123657032776009e+02 1.776002175082250681e-06 -4.079421021146331761e+00 1.222773274578492165e+09
7.979792933252297582e-04 -1.982396653853299107e+00 9.241969816464774112e+02 6.030556962599138446e-06 -2.537302254085506803e+00 1.222773274588824272e+09
8.205913593009127706e-04 -1.961730990258950591e+00 8.143765797389271484e+02 8.737826987364876562e-07 -4.378480907571043801e+00 1.222773274589881182e+09
8.123461368911181557e-04 -1.978111180606541897e+00 8.241483857285015802e+02 1.866732050489724869e-06 -3.599586585993366228e+00 1.222773274598448277e+09
8.291195448992825026e-04 -1.954624585407595649e+00 7.420395482497320927e+02 5.292206225990380512e-06 -3.068802107027957859e+00 1.222773274599394798e+09
8.078196658626553631e-04 -1.969423218813135090e+00 9.212296203025941850e+02 7.727214651757854138e-06 -2.612480308706090604e+00 1.222773274602084875e+09
8.364768361319208133e-04 -1.957017784505423075e+00 6.931495350142669167e+02 2.836280681627700508e-06 -3.710588811059844616e+00 1.222773274602723598e+09
8.197870078703317631e-04 -1.969595316650943673e+00 7.483876211123671283e+02 1.239208866348647132e-06 -3.877229037146559421e+00 1.222773274605638504e+09
7.951125613483878574e-04 -1.996488815454414922e+00 9.436751986138818893e+02 4.746495063489067278e-06 -3.164807077442654659e+00 1.222773274609795809e+09
7.934533060580614434e-04 -1.988658905663734044e+00 9.631677792823669506e+02 5.251255747471044238e-07 -4.544820266139742770e+00 1.222773274615355015e+09
8.029409868750863504e-04 -1.989044624415064799e+00 8.770594353829018246e+02 1.936764111555450931e-06 -3.756455371954812605e+00 1.222773274622916222e+09
8.057262230127991897e-04 -1.985075727927207989e+00 8.620258056407307095e+02 1.029618157617203564e-05 -2.478655365519215614e+00 1.222773274626600981e+09
8.193567882460161276e-04 -1.972149811348097082e+00 7.845289879884445554e+02 1.102680673907624739e-06 -4.419220450365246577e+00 1.222773274631123066e+09
8.055467375720116877e-04 -1.978085456329185199e+00 8.595104823112402528e+02 3.798553750323832642e-06 -3.507307081564818851e+00 1.222773274632719994e+09
8.081010734498448190e-04 -1.971013584517477657e+00 8.538511355914097294e+02 1.803651451009601069e-06 -3.682999134942657626e+00 1.222773274635904074e+09
8.052026129911570539e-04 -1.987733895474458556e+00 8.168579738935441128e+02 5.269891176791904979e-06 -3.066714708109832266e+00 1.222773274647255421e+09
8.104002071257354741e-04 -1.968050625109506457e+00 8.986881750018601451e+02 9.147036921466256316e-06 -2.408338048467960846e+00 1.222773274647639751e+09
7.916063297267064789e-04 -1.987968799666536945e+00 9.716827414037022663e+02 9.357688757385743651e-07 -4.492601220238333859e+00 1.222773274649354696e+09
8.074333356359334130e-04 -1.983584158140665687e+00 8.732360934858451174e+02 7.501166031044946516e-06 -2.574920708462702379e+00 1.222773274657496214e+09
7.993148631942612655e-04 -1.991646892134336211e+00 9.477680605204122912e+02 2.536115187850054194e-06 -3.599316360689275740e+00 1.222773274661046267e+09
7.944198309524303295e-04 -1.984714608118703705e+00 9.792564269179715666e+02 4.083120838162965770e-07 -4.793189345359559539e+00 1.222773274664355755e+09
7.967733407881478873e-04 -1.987724777154013633e+00 9.773903324232231853e+02 5.442228617383407672e-07 -4.956616531767307876e+00 1.222773274665881395e+09
8.022946627636889276e-04 -1.979460452187150388e+00 9.947352687478385178e+02 6.067692352039687670e-07 -4.767313182965578378e+00 1.222773274666849375e+09
8.375706658135987455e-04 -1.959944887594153862e+00 6.386485758433141200e+02 3.162196988598896405e-06 -3.391639236152951042e+00 1.222773274672794580e+09
8.312850967705659195e-04 -1.958015839808252334e+00 7.702834322852086189e+02 4.425795935692212494e-06 -3.048010114121462166e+00 1.222773274673067331e+09
8.182407109475355695e-04 -1.976297332791574490e+00 7.705546071741497371e+02 2.227209746043534557e-06 -3.643265332643711218e+00 1.222773274674095869e+09
7.927452427916690126e-04 -1.994404660252376615e+00 9.983965042689833354e+02 7.841094384621483471e-06 -2.901442873432198866e+00 1.222773274681958675e+09
8.222114541608643986e-04 -1.966498501968835022e+00 8.135278046928691538e+02 1.174030822628504484e-06 -4.217152440124033674e+00 1.222773274682742834e+09
8.037935147744084503e-04 -1.984241514429602393e+00 9.332293710016042496e+02 8.734623209984000503e-07 -4.352143144679484266e+00 1.222773274686931133e+09
7.945047591228971600e-04 -1.991796832584614929e+00 9.056879359980831623e+02 1.441987087358192212e-06 -4.235214862282678183e+00 1.222773274688067913e+09
8.153308282119856075e-04 -1.971028528816233027e+00 8.098681834656850924e+02 1.777126251407527388e-06 -3.508691373475068431e+00 1.222773274691291332e+09
7.933842089286414828e-04 -1.983969015422283766e+00 9.804751155804040081e+02 6.234841232378578483e-06 -2.646360163285791600e+00 1.222773274692631006e+09
8.041170549505748241e-04 -1.974461825840714502e+00 9.407658842640341845e+02 7.197957027845541769e-06 -2.874092880508762882e+00 1.222773274693777323e+09
8.162483654152388616e-04 -1.964057596192282595e+00 8.900994260076583942e+02 2.710868047412613449e-06 -3.555621357303893504e+00 1.222773274694977522e+09
7.863639099104215244e-04 -1.996235414800374253e+00 9.978506999757138374e+02 1.982981157611275356e-06 -3.520677751204909889e+00 1.222773274698694229e+09
8.062659564030894488e-04 -1.977364624953762640e+00 9.581698056327320501e+02 1.035536317625285991e-05 -2.200362530846490472e+00 1.222773274703947067e+09
8.268134084454990210e-04 -1.963337870002668906e+00 7.232585683667500689e+02 2.405220047235962467e-06 -3.864205212210944040e+00 1.222773274713857412e+09
8.191551130687452437e-04 -1.975022693459471679e+00 7.315636062225319165e+02 1.379272334047981119e-06 -4.039724855251852986e+00 1.222773274717265844e+09
8.100432374958364563e-04 -1.968725272795108339e+00 9.587595396552059128e+02 3.512634292536336107e-06 -3.345597439433075415e+00 1.222773274717317581e+09
8.156798685733360112e-04 -1.965513159511501406e+00 7.975286389516439840e+02 2.051731671295392565e-06 -3.800716148914307091e+00 1.222773274719458580e+09
7.977360287071299421e-04 -1.991102586824867959e+00 8.528674473271647685e+02 4.740111684922236952e-06 -3.090255003544295498e+00 1.222773274720097303e+09
8.029219483811517741e-04 -1.977529599237400237e+00 9.250829839278422924e+02 2.580775869170759250e-06 -3.170486738202145993e+00 1.222773274721042395e+09
8.162937353566826091e-04 -1.975014407700163677e+00 8.144484329694894313e+02 1.645991529126879472e-06 -3.794653745218071528e+00 1.222773274721373081e+09
7.911937852996533613e-04 -1.995989444805501556e+00 9.171193297196103913e+02 1.218485610603803794e-06 -4.277793035927202503e+00 1.222773274732553005e+09
7.995232085002269666e-04 -1.991278245984048123e+00 9.449471372515063194e+02 3.057094179445880346e-06 -3.647441458421996963e+00 1.222773274732842445e+09
8.075360161574008039e-04 -1.984066452007817949e+00 8.210415488657930609e+02 6.096097253387773431e-06 -2.723252438630573202e+00 1.222773274743292809e+09
8.105719565357407536e-04 -1.981006148332960626e+00 7.782637797321616517e+02 9.631681433195123703e-07 -4.433112833407612641e+00 1.222773274748489141e+09
8.149800517434252793e-04 -1.966175897155876262e+00 8.635985295268665141e+02 8.545379464530983356e-06 -2.298715182371980248e+00 1.222773274753579378e+09
8.211705800580471407e-04 -1.960346785920800139e+00 8.022814360019768856e+02 1.324885633941869603e-06 -4.046916950817805336e+00 1.222773274759298801e+09
7.975258372805923979e-04 -1.989909355618910247e+00 8.778625279764096376e+02 5.963795120123497674e-07 -4.652510495382496281e+00 1.222773274765847445e+09
8.196703760671361898e-04 -1.962053600719477320e+00 7.757706739394450324e+02 3.482006059803346727e-06 -3.132342792560434575e+00 1.222773274766448259e+09
8.031998305629363443e-04 -1.980639593471412496e+00 8.618886952913143205e+02 4.472571796840248779e-07 -5.001679677284922576e+00 1.222773274772365808e+09
8.107777078319931526e-04 -1.973639361165360206e+00 9.545791126121062007e+02 5.958231806097223656e-06 -3.015671497515398869e+00 1.222773274772865057e+09
7.955897503040457565e-04 -1.982020016559858488e+00 9.767789071405934465e+02 5.884049818443155772e-07 -4.572411925526161269e+00 1.222773274773382425e+09
8.367183796582776563e-04 -1.949837743277221147e+00 7.299728795662358607e+02 7.444501071928938292e-06 -2.700216723975620070e+00 1.222773274774072647e+09
7.983465440380403287e-04 -1.991547222456151012e+00 9.169816622980064267e+02 4.161127979973439717e-06 -3.018545167897639381e+00 1.222773274774540663e+09
8.336570852391521260e-04 -1.952082459483299282e+00 7.291461312616521582e+02 9.401460656619183741e-06 -2.420165159490371920e+00 1.222773274780392885e+09
8.226380557339721183e-04 -1.969470769593036685e+00 7.342313855054594569e+02 6.475966031316897090e-07 -4.592332774739705137e+00 1.222773274780922174e+09
8.051282068785516229e-04 -1.972751250909573706e+00 9.008585400564957126e+02 1.167378830272786861e-06 -4.161677027316092570e+00 1.222773274781090975e+09
8.130641476648945874e-04 -1.971815152953408035e+00 8.749802081572329371e+02 5.509026792285046804e-07 -4.718802730199007200e+00 1.222773274789087534e+09
8.076891785974911779e-04 -1.979793402539461233e+00 8.002942968283298342e+02 1.607226195142902810e-06 -4.126396405127239930e+00 1.222773274794357061e+09
7.937513617518757256e-04 -1.992173927411140966e+00 9.954547155812940673e+02 4.162137895133829366e-07 -4.900415586245141064e+00 1.222773274796618223e+09
7.997283669958772483e-04 -1.985742412533514134e+00 8.995226710964849417e+02 5.531235843376231049e-06 -2.601069640021223428e+00 1.222773274796857119e+09
8.320785970815310116e-04 -1.960105343626945107e+00 7.269053990607339983e+02 2.692218852912057146e-06 -3.355687606455731498e+00 1.222773274797364712e+09
8.100883009433950278e-04 -1.973092159540705159e+00 9.581565094976480168e+02 2.378182498432762460e-06 -3.714384572442253507e+00 1.222773274801208258e+09
7.988016022275572356e-04 -1.977309544081080173e+00 9.555966021801696115e+02 4.438242500355149618e-06 -3.038970378233502245e+00 1.222773274805470467e+09
8.365783222952767693e-04 -1.950597106886492238e+00 7.050149227279063098e+02 1.949120071429959607e-06 -3.649596951250858368e+00 1.222773274809660912e+09
8.204213148260286340e-04 -1.973152225398389303e+00 7.521835059155325780e+02 9.671571464540620159e-06 -2.503862556821156105e+00 1.222773274809689999e+09
8.151475762068463495e-04 -1.976364232232054707e+00 8.261676034355516549e+02 1.228300974825404696e-06 -4.142926321380976162e+00 1.222773274809742689e+09
8.222853750381027517e-04 -1.960297640304315525e+00 8.411314724303708772e+02 3.603743098749714966e-06 -3.191315842873692077e+00 1.222773274810230732e+09
8.004261004216669910e-04 -1.978940653929140758e+00 9.680777352217561429e+02 6.723317006265420877e-06 -2.399357741423359336e+00 1.222773274814131260e+09
7.910153631336077663e-04 -1.988946662594489379e+00 9.747777354653369457e+02 4.475082422268232377e-07 -4.808487832289367603e+00 1.222773274814593554e+09
7.987241909714900374e-04 -1.987476258256196893e+00 8.648427159561617827e+02 5.971071933869758030e-07 -4.642519633567691706e+00 1.222773274818587303e+09
8.076473751508495003e-04 -1.977498935882969766e+00 9.795678592940618046e+02 5.503549978215681420e-06 -3.091153498979111625e+00 1.222773274821801186e+09
7.905282402222109156e-04 -1.987256393050627068e+00 9.845004411803407720e+02 1.593958212205234534e-06 -3.781872412951916118e+00 1.222773274823490143e+09
8.109175223641767365e-04 -1.981477646263960946e+00 8.204663088398179980e+02 7.707330122634944885e-06 -2.590912757506046660e+00 1.222773274827507496e+09
7.931284803534381644e-04 -1.997567504790423554e+00 9.607073667491739570e+02 4.971180203933045984e-06 -3.060750623752015009e+00 1.222773274831947803e+09
7.909695653772060801e-04 -1.991973378316939547e+00 9.370899820094363122e+02 1.308457833344829527e-06 -3.923031662340746628e+00 1.222773274835238457e+09
8.260454789146399026e-04 -1.960645233806874499e+00 7.905266077030196357e+02 1.300438758294633910e-06 -4.172654279353890772e+00 1.222773274836881161e+09
8.002556399416311953e-04 -1.978436147253394894e+00 9.331183901467452415e+02 9.707011082583527509e-07 -4.093011882746685259e+00 1.222773274841354132e+09
8.035543256343998138e-04 -1.986045427525186202e+00 8.749810398467573123e+02 2.040464692204276417e-06 -4.020972355916999419e+00 1.222773274850404978e+09
8.283392708694744047e-04 -1.962267951493478435e+00 6.828086964728988733e+02 5.577665236337383043e-06 -3.037737464083501315e+00 1.222773274852236032e+09
8.241312122508938093e-04 -1.962964893728604387e+00 7.299558800744189284e+02 6.034675075728743220e-07 -4.650007690876308608e+00 1.222773274852704287e+09
7.977798267143735873e-04 -1.992247784386461218e+00 8.714158660623609194e+02 4.226263734548024850e-06 -3.354062989779393433e+00 1.222773274857821941e+09
8.280560733949089399e-04 -1.956237811766733614e+00 7.359891447839258944e+02 6.652197009585254106e-06 -2.577288141284885370e+00 1.222773274862781286e+09
8.035008948221883125e-04 -1.978883529693077792e+00 8.631761973778826587e+02 3.427279839607782582e-06 -3.007389794319208498e+00 1.222773274868875504e+09
8.189733828232223078e-04 -1.962425634979519717e+00 8.733093554674233019e+02 4.939235214920602966e-06 -2.949757493014293352e+00 1.222773274870580912e+09
8.107887383257567646e-04 -1.969374991891045035e+00 8.715915215346467448e+02 1.030947033224658113e-05 -2.279710553228551539e+00 1.222773274872474194e+09
8.044367968304536780e-04 -1.977849457694714541e+00 8.340347948105578553e+02 5.082793168352587263e-06 -2.927936051178945398e+00 1.222773274877037764e+09
7.943362119878519473e-04 -1.996570528210152240e+00 9.035745474065502094e+02 2.829171346696776059e-06 -3.560347388388466428e+00 1.222773274880206585e+09
8.021446637975023939e-04 -1.981846659373108110e+00 8.334491728367789847e+02 4.583682678582343516e-06 -3.083336649713314337e+00 1.222773274882161379e+09
8.108392942838061387e-04 -1.979106563590306678e+00 8.912710666885213868e+02 4.479936917416662348e-06 -3.041817860559104858e+00 1.222773274885970592e+09
7.972062862608935265e-04 -1.994334404383286019e+00 9.013745383936134203e+02 1.882887297556195909e-06 -3.924319111876193311e+00 1.222773274887043953e+09
7.953394670469774233e-04 -1.986247581844464261e+00 9.352974992399372240e+02 7.830250782381543018e-07 -4.249327472836678332e+00 1.222773274893863678e+09
8.065756453030102678e-04 -1.975566871888333464e+00 9.221035681441655925e+02 1.185763460276732856e-05 -2.081689780752183694e+00 1.222773274896622658e+09
8.026185392895825600e-04 -1.983434894474323418e+00 8.941763906102924011e+02 3.851562220105584734e-07 -4.883979825783369755e+00 1.222773274896751642e+09
8.307259488372380945e-04 -1.962801413222227565e+00 7.039929587391516179e+02 1.231174127231527372e-06 -4.041270601983171673e+00 1.222773274904598475e+09
8.011290357424207757e-04 -1.984470172765807394e+00 9.123694820477815028e+02 4.294659132661333810e-06 -2.787265510809254110e+00 1.222773274907194376e+09
8.010389198417346927e-04 -1.985510297308066052e+00 9.038010347515611329e+02 1.482017930547734478e-06 -3.718003939418323966e+00 1.222773274910540581e+09
7.948463677746505631e-04 -1.987382368765095109e+00 9.622868489253821735e+02 5.894888759906391823e-06 -3.138603812999336995e+00 1.222773274911560774e+09
8.093771650975064257e-04 -1.976492142060137791e+00 8.592571467737051307e+02 1.139583172677071772e-06 -3.913090365006269167e+00 1.222773274916485071e+09
7.953761248616585382e-04 -1.995246900190844830e+00 9.347551263295185890e+02 1.439605720100428194e-06 -4.075502595282083362e+00 1.222773274917640448e+09
7.968048853446908124e-04 -1.984910862070349058e+00 9.312942671106461603e+02 2.612241666578560249e-06 -3.790692480208169179e+00 1.222773274922194958e+09
8.336682587716138116e-04 -1.953330986102327138e+00 7.532190893799551077e+02 8.249543036168388674e-06 -2.549432025095908827e+00 1.222773274926714659e+09
8.061725125667978898e-04 -1.981309391148784904e+00 8.862186486237281997e+02 1.094229923594058786e-06 -4.019761254935000139e+00 1.222773274928716183e+09
8.129623365941370840e-04 -1.967662245678276189e+00 8.747176872740888030e+02 8.318622554212538499e-07 -4.363902877900450505e+00 1.222773274929506063e+09
8.008513874967019283e-04 -1.980245192956528566e+00 8.754571122757222383e+02 1.063772482484389985e-06 -4.100141016761865487e+00 1.222773274932002306e+09
7.903555389536234474e-04 -1.995531050338489543e+00 9.214344257654161083e+02 3.659879174680321559e-06 -3.397986990087959569e+00 1.222773274939667940e+09
7.933345649480948473e-04 -1.985336698841508873e+00 9.421811834396988843e+02 2.118722520152892933e-06 -3.632603489821752518e+00 1.222773274941922426e+09
7.956232394242285667e-04 -1.993836196719414922e+00 8.904235835679999127e+02 1.166000378679151685e-06 -4.295829995791950573e+00 1.222773274949314117e+09
8.161676250588770741e-04 -1.967463860154964994e+00 8.089985499213094045e+02 5.916170238857236127e-07 -4.768525199794851233e+00 1.222773274949573994e+09
8.206341963272263847e-04 -1.970043276191880244e+00 7.441060537965106505e+02 1.048954281365810425e-05 -2.461452491353273153e+00 1.222773274951490402e+09
8.248082149282372167e-04 -1.962913318072970759e+00 7.133023280347470063e+02 1.716525259757488475e-06 -3.687100020596561833e+00 1.222773274951522589e+09
8.158587744289183801e-04 -1.963490120929837879e+00 8.492301638913729676e+02 6.977322447692770349e-06 -2.683610347921806749e+00 1.222773274953794003e+09
8.315047209165898250e-04 -1.956495684938650115e+00 6.891411470402879331e+02 2.047895960678242651e-06 -3.561219064801075085e+00 1.222773274956691980e+09
8.187063691154283177e-04 -1.965202467085126692e+00 7.946301078009746561e+02 7.278071740668380372e-06 -2.885006130423767523e+00 1.222773274962532520e+09
8.262185005107183572e-04 -1.958177150782147269e+00 7.347149569625850063e+02 1.474700855582320826e-06 -3.896854825931482580e+00 1.222773274974000454e+09
7.956336881913259919e-04 -1.982133045993766718e+00 9.970823085771829710e+02 3.083387836038103687e-06 -3.078682982249524969e+00 1.222773274975129843e+09
8.183208333284400920e-04 -1.972118573635973204e+00 7.394844339904171875e+02 4.449926108610390365e-06 -2.888445308841822268e+00 1.222773274975975037e+09
8.036890846049886059e-04 -1.979183405950514452e+00 9.955364041069059340e+02 6.685134907284029047e-06 -2.545733024175282466e+00 1.222773274980069876e+09
8.047676140175187565e-04 -1.980400415089253352e+00 8.114296404639588900e+02 2.764661147279926350e-06 -3.595804864737213613e+00 1.222773274983346939e+09
8.297942305356169812e-04 -1.965473236546165348e+00 6.903423027120264805e+02 1.515647322053326305e-06 -3.948049394127801648e+00 1.222773274984641790e+09
7.955943239818224350e-04 -1.987141951420592356e+00 8.969484203964179869e+02 3.372251963133458735e-06 -3.155020892210058214e+00 1.222773274985792637e+09
7.948390206754676153e-04 -1.985098599586403445e+00 9.580214225097591907e+02 2.221922975063149561e-06 -3.355831890068861512e+00 1.222773274987372398e+09
8.030876419406373290e-04 -1.982533157437321503e+00 9.549022443844207828e+02 1.182515298754349881e-06 -4.004140807809500657e+00 1.222773274989080667e+09
8.075067877723711429e-04 -1.970674350417726650e+00 9.674370817193881749e+02 2.192787753777590154e-06 -3.657138927261861738e+00 1.222773274990241051e+09
8.031102770618567472e-04 -1.982193527245297737e+00 8.631374791121597809e+02 3.707271588939170987e-06 -2.932271982528621201e+00 1.222773274990532875e+09
8.053716195848033147e-04 -1.979551792897801032e+00 9.631578826230663708e+02 1.567294599213283962e-06 -3.829395175913725247e+00 1.222773274994535208e+09
8.070963339382569149e-04 -1.982581376036364640e+00 9.067841744249867588e+02 2.121773554481655281e-06 -3.658017145908374346e+00 1.222773274994588614e+09
7.960204940636850766e-04 -1.984338886429112936e+00 9.552733932305503686e+02 6.338837029766598432e-06 -3.018971964393803553e+00 1.222773274995076656e+09
8.014169452831760611e-04 -1.980553515246042284e+00 9.501429798756428227e+02 1.235568671627144761e-05 -2.339640107322704665e+00 1.222773275000250816e+09
8.108210585903390501e-04 -1.973341780788080424e+00 8.493020621654346769e+02 9.513588934409578278e-06 -2.176145986807824784e+00 1.222773275001338959e+09
7.921730568879626223e-04 -1.985807931801678583e+00 9.972433111509576520e+02 7.212387965809234144e-06 -2.787432743896435028e+00 1.222773275002555847e+09
8.294741142683032279e-04 -1.963447688522427015e+00 7.353099011564094099e+02 7.375806485127933617e-06 -2.545713066511625655e+00 1.222773275003026009e+09
7.994773897998781829e-04 -1.985726233329203394e+00 9.075160792872043203e+02 3.733793506869319328e-06 -2.916156051426203710e+00 1.222773275007074594e+09
8.021713273143772768e-04 -1.982776846156519168e+00 8.507536598903741378e+02 8.346875909557895112e-06 -2.551247308013286919e+00 1.222773275008817434e+09
8.122096589506787876e-04 -1.975101044464524058e+00 8.203389899639352052e+02 5.477536290958914353e-07 -4.901683241617790898e+00 1.222773275009123802e+09
8.381345621265738404e-04 -1.958644527503588195e+00 6.501319475219360129e+02 5.243431477933749004e-06 -2.904110701619391222e+00 1.222773275013197422e+09
8.175217444488328553e-04 -1.974096698549709039e+00 7.546680167591523514e+02 3.333533016752904983e-06 -3.130586858882282719e+00 1.222773275017694712e+09
8.087458745528238596e-04 -1.970304197469533447e+00 8.585900323840320425e+02 4.619380277832757591e-06 -3.121516461494564965e+00 1.222773275018359184e+09
8.119050679964556066e-04 -1.972670419820505394e+00 8.189738974454080562e+02 4.383159994319690305e-07 -4.777775563638129164e+00 1.222773275019124508e+09
8.221004804423102637e-04 -1.963752512006389672e+00 7.248228025650118980e+02 3.813838399669625152e-06 -3.111646125498634063e+00 1.222773275019600391e+09
8.044800433493588202e-04 -1.980717472834853998e+00 8.241716700610676298e+02 2.317673117571708334e-06 -3.436299559399866865e+00 1.222773275019622087e+09
7.947127898465208059e-04 -1.988762551191846306e+00 9.110137113638714936e+02 5.095833026596426321e-07 -4.789828118730508955e+00 1.222773275020209789e+09
8.225139372665479873e-04 -1.973322335210919265e+00 7.314505729331579005e+02 2.622854576530469511e-06 -3.683440107086687121e+00 1.222773275020450592e+09
8.446013679886073050e-04 -1.946678094141083726e+00 6.584134108775184586e+02 2.418578626146228579e-06 -3.693428584945994686e+00 1.222773275020962477e+09
8.153195982395585904e-04 -1.969090676783179727e+00 8.575776040715159070e+02 9.793249123329166000e-07 -4.154583159346370458e+00 1.222773275022123575e+09
7.979995854608464435e-04 -1.990557792096935508e+00 8.833102455740828418e+02 8.788991007277908051e-07 -4.552865963808270244e+00 1.222773275023117542e+09
8.040673158217157826e-04 -1.981489921455666936e+00 9.211919362612809437e+02 1.933275924945530698e-06 -3.496680362899025063e+00 1.222773275024275541e+09
8.139603060963844245e-04 -1.976249205602697678e+00 8.051076603402146930e+02 7.038937623730447608e-06 -2.495374551377057770e+00 1.222773275024584293e+09
8.230023343209093680e-04 -1.961986019452454766e+00 7.828680885391928541e+02 8.787103987209460520e-06 -2.270675266925511693e+00 1.222773275025718451e+09
8.047485306480039319e-04 -1.977075618065985640e+00 8.441354642626350824e+02 1.417195822316578402e-06 -4.118205291828664905e+00 1.222773275030233383e+09
7.937991793021897209e-04 -1.983796834066348325e+00 9.728221557647450481e+02 5.513344585409106389e-06 -2.984612242211672317e+00 1.222773275030864477e+09
8.038335789815272180e-04 -1.986928726640690979e+00 8.836541329840654271e+02 1.107858385557264392e-06 -4.223347226672074406e+00 1.222773275031101465e+09
8.225385899381002603e-04 -1.968347791931037261e+00 7.896391523789950497e+02 1.244943107515412690e-06 -4.129117609040447334e+00 1.222773275031411409e+09
8.023489746995183993e-04 -1.977939856669666430e+00 8.938006828071956988e+02 2.475157280965088240e-06 -3.288396397488831724e+00 1.222773275031940222e+09
8.069477596887695984e-04 -1.972764369764121062e+00 8.845673020091809349e+02 7.758194618895608870e-06 -2.406769406410596446e+00 1.222773275034277201e+09
8.049003844336690295e-04 -1.986676450414338824e+00 8.479081922673304916e+02 1.202138202502471570e-06 -4.155521335066097777e+00 1.222773275034726143e+09
8.034254209140343937e-04 -1.986878491057320062e+00 8.511239652081355871e+02 1.230975763053742558e-06 -4.044240398762725341e+00 1.222773275036052465e+09
8.134867123394823058e-04 -1.974593134736991384e+00 7.495536962203269695e+02 4.009574186638020653e-06 -3.153780241123459227e+00 1.222773275043439150e+09
8.042555686198340830e-04 -1.985941851785647749e+00 8.051820184797161346e+02 4.312463387899852296e-06 -3.197916443982006030e+00 1.222773275044892550e+09
8.205835005735826393e-04 -1.962600404411983357e+00 7.518623788909724226e+02 2.817790689044058782e-06 -3.423124947455462141e+00 1.222773275047549248e+09
7.975836436233674220e-04 -1.986401011780925208e+00 9.588880611738189828e+02 9.720483810027547917e-07 -4.564217031897653598e+00 1.222773275049852371e+09
8.070061608512785634e-04 -1.977830671595115053e+00 9.145003218292354177e+02 1.559038999814316020e-06 -3.699757697053429162e+00 1.222773275051301003e+09
8.215842634765521939e-04 -1.962013883256913394e+00 8.072403998995561096e+02 4.856459248041053553e-06 -2.744795136488400900e+00 1.222773275054996729e+09
8.071777776533383851e-04 -1.983840418134160455e+00 8.211463896318442721e+02 7.241748867036463046e-06 -2.621091672984251275e+00 1.222773275056154251e+09
8.104101878112971282e-04 -1.974324679931011017e+00 9.069098455663186087e+02 1.042627019045583130e-06 -4.420348974317076518e+00 1.222773275063985586e+09
7.968813030354546289e-04 -1.989818937488858186e+00 9.243597694874281387e+02 8.450183096277592696e-06 -2.785624268932598291e+00 1.222773275065893650e+09
8.029974238507003696e-04 -1.981004307378573026e+00 8.848966669149704103e+02 5.429540008386983660e-06 -2.588569484179648938e+00 1.222773275067500114e+09
8.031452824180981397e-04 -1.981362590779363497e+00 9.768705297993425347e+02 6.308955259874305379e-06 -3.096732503492662048e+00 1.222773275070747375e+09
7.987103692264672190e-04 -1.991234848519976008e+00 8.544296325602706474e+02 4.658945151987628106e-06 -3.180870840999586946e+00 1.222773275071255684e+09
8.261309795219325385e-04 -1.962384473636803905e+00 7.122565995854440644e+02 1.337550858643864629e-06 -3.884647178735617601e+00 1.222773275071991205e+09
8.105551487885436814e-04 -1.969166224267481891e+00 8.335160574118140175e+02 3.768428878816392095e-06 -3.147983291342617562e+00 1.222773275072730303e+09
8.066064532698857857e-04 -1.974962793540744332e+00 9.715706189524161118e+02 9.722501027150521249e-06 -2.293028444057553017e+00 1.222773275073981762e+09
8.000828796314821568e-04 -1.981878145227587984e+00 9.412422004128226263e+02 1.005741864497071407e-05 -2.159847523856544882e+00 1.222773275077129126e+09
8.055434227482552749e-04 -1.975138709520567470e+00 9.055259912519368299e+02 2.220736297901307887e-06 -3.894670166091079189e+00 1.222773275077359438e+09
7.953224647680880556e-04 -1.982925063044480574e+00 9.743117098138998244e+02 8.275684999451669865e-06 -2.630489924025225967e+00 1.222773275077886105e+09
8.047524713433537201e-04 -1.984379272488840495e+00 8.049563871988021901e+02 1.320767411641109251e-06 -4.162879232506931260e+00 1.222773275081342459e+09
8.163562194002173559e-04 -1.964471687014647916e+00 8.321325878960559521e+02 1.117556080027435428e-06 -4.177957424695716071e+00 1.222773275084618092e+09
8.192747222823923599e-04 -1.966473044881645871e+00 7.439744365303497489e+02 5.192264366112281784e-06 -3.084379593455484070e+00 1.222773275088177204e+09
8.152711157273725712e-04 -1.973215314300318823e+00 8.177840753670549248e+02 2.957636447008644006e-06 -3.153970261361221716e+00 1.222773275088385105e+09
7.901669908217611414e-04 -1.994281304995620729e+00 9.924965301820004697e+02 3.365985993029876920e-06 -3.050770570359459199e+00 1.222773275092437267e+09
8.346625651704951600e-04 -1.961543272829956663e+00 6.799067535176599222e+02 8.059010617026198008e-06 -2.663270375584739114e+00 1.222773275094142675e+09
7.999812973702550038e-04 -1.988579419561315564e+00 9.552018934827078738e+02 9.978344772378124004e-06 -2.562972257112244634e+00 1.222773275094974518e+09
8.041953311507568343e-04 -1.984978869339369734e+00 8.759665336055678608e+02 1.074128263478853630e-05 -2.432682168812350554e+00 1.222773275097328901e+09
8.433557140868974200e-04 -1.949001134455178752e+00 6.580995902490286653e+02 2.334120398193448673e-06 -3.506055229750070446e+00 1.222773275099576473e+09
8.011300112904801022e-04 -1.986725369210974090e+00 8.326391258178801991e+02 1.631327181885163381e-06 -4.049755784581391183e+00 1.222773275100044489e+09
8.374191113833867259e-04 -1.951673593357811987e+00 7.074674520162029694e+02 9.098780334894840386e-06 -2.603450339905435840e+00 1.222773275101716518e+09
8.145347216927552574e-04 -1.972660665615307174e+00 8.209612404145036635e+02 6.032628628615331890e-06 -2.520939799388555613e+00 1.222773275104118109e+09
8.053175201110234242e-04 -1.977262191142653780e+00 8.974183041252284738e+02 3.018280406558837441e-06 -3.697564167031168303e+00 1.222773275105859756e+09
8.187599739751409483e-04 -1.970104135020535274e+00 7.347800175636332369e+02 4.606316396394990971e-06 -2.881362555457034347e+00 1.222773275108861685e+09
7.946299689251573768e-04 -1.990762502887296392e+00 9.987795732719005173e+02 1.617426248235442224e-06 -3.688301311492496737e+00 1.222773275112160206e+09
8.161956707140751279e-04 -1.977651550171239059e+00 7.687494793455839499e+02 6.097455010612568852e-06 -3.047056264708631446e+00 1.222773275115061522e+09
7.929245982775149585e-04 -1.983568550711956924e+00 9.917259985446576138e+02 4.645145020811295828e-06 -2.980567027907183864e+00 1.222773275117026091e+09
8.156186831437967901e-04 -1.966295094249384423e+00 8.068901632204040197e+02 7.051667588625984796e-06 -2.811380372743474965e+00 1.222773275117268085e+09
8.318688895476278712e-04 -1.953320815582331171e+00 7.365917847737241573e+02 8.291641237732264144e-06 -2.483370625099466267e+00 1.222773275118658543e+09
8.347408453651536863e-04 -1.951601731902928627e+00 6.899803789930975881e+02 3.231419504102929446e-06 -3.346696976853495542e+00 1.222773275120331526e+09
7.964769033876000328e-04 -1.984701562422707344e+00 9.206604211946703344e+02 5.566169819153626429e-07 -4.797731825361653435e+00 1.222773275120342255e+09
8.215467353583798043e-04 -1.969278635837442337e+00 7.162902804644336356e+02 4.795639272008933266e-06 -2.881358703287219214e+00 1.222773275120942593e+09
8.166353488815099619e-04 -1.973029414121797886e+00 7.446724477279702796e+02 1.681119020935269058e-06 -3.729065177017305110e+00 1.222773275123621702e+09
8.095371047061710726e-04 -1.975592663796827519e+00 9.305093102144630848e+02 1.684073406698901481e-06 -3.806209439352633339e+00 1.222773275124699593e+09
8.221557341126252676e-04 -1.962701744823605488e+00 8.220961394145864460e+02 9.949972922650158195e-06 -2.290395276445789108e+00 1.222773275126091957e+09
7.993052300013784488e-04 -1.984771377988905350e+00 9.401442097454200848e+02 8.749711900387593621e-06 -2.785288683492850303e+00 1.222773275126691580e+09
8.081972815532396806e-04 -1.980489606507084499e+00 9.018845840758731356e+02 3.135237639202207008e-06 -3.250646784364299435e+00 1.222773275133008480e+09
8.041167620321448611e-04 -1.985075330020320994e+00 8.080446249761774880e+02 2.199580251106882128e-06 -3.815933881596675015e+00 1.222773275133683681e+09
8.026528193561419068e-04 -1.987723956257450464e+00 9.367344957153758287e+02 6.048177749138536929e-06 -3.050170617491383851e+00 1.222773275136905670e+09
8.086163227517852159e-04 -1.974866767186356675e+00 8.632642901124393120e+02 1.767371136251662721e-06 -3.520219366030518771e+00 1.222773275141127110e+09
7.972518519738494482e-04 -1.990631546511531624e+00 9.131153427150234165e+02 1.260799687820089984e-06 -3.956475748415748228e+00 1.222773275142576218e+09
8.351142058915891246e-04 -1.956401459428580569e+00 7.042370443831622424e+02 4.026021839276068574e-06 -3.423386593880495710e+00 1.222773275143414021e+09
8.268939896220076991e-04 -1.965537789317681305e+00 7.606130871908333120e+02 1.784305130513157531e-06 -3.950974973255068079e+00 1.222773275145884275e+09
8.268153214799327938e-04 -1.964495043066597502e+00 7.853940751691344531e+02 4.621068434149765752e-06 -3.222607531025889038e+00 1.222773275152671814e+09
8.275265953949257226e-04 -1.957920743388595675e+00 7.836572611740065213e+02 9.101348583521805491e-06 -2.381254304101426911e+00 1.222773275153327703e+09
8.180948336963338695e-04 -1.965857469629284981e+00 8.030337801088891183e+02 1.129611422457380984e-05 -2.237059724681666140e+00 1.222773275155391455e+09
8.053421902097861965e-04 -1.978557407702713933e+00 8.544894895808499768e+02 5.629994359648132525e-06 -2.597881001993803451e+00 1.222773275158765078e+09
7.938992875363205283e-04 -1.990753200284814728e+00 9.579015752604364025e+02 3.978537960517215001e-06 -2.895678494602854869e+00 1.222773275162508011e+09
8.229449774049595262e-04 -1.962891100805969957e+00 7.528809104643004275e+02 9.566513893045451906e-06 -2.302256406267574107e+00 1.222773275165098667e+09
8.010023635464920497e-04 -1.975150338805681915e+00 9.614443211396484230e+02 2.372461701542007098e-06 -3.538466922360688827e+00 1.222773275166914463e+09
8.096563535705639551e-04 -1.968316477317496815e+00 9.091301927157874161e+02 2.223928406889478110e-06 -3.671648968688902670e+00 1.222773275167236328e+09
8.195365156097853855e-04 -1.970396290811761375e+00 8.038716899828536953e+02 8.978535594113458832e-07 -4.459831416641050872e+00 1.222773275167253733e+09
7.988481679482854932e-04 -1.982240886957873816e+00 9.216175954931823071e+02 2.056937220956837291e-06 -3.953082830846738283e+00 1.222773275168200493e+09
8.094426013339707428e-04 -1.971454497399158123e+00 8.338937309024200886e+02 4.716751131044996256e-06 -3.152867983543510277e+00 1.222773275169420481e+09
8.039708374258122767e-04 -1.983154308362421459e+00 8.469743734564939359e+02 7.169695708022387968e-07 -4.710912317470794086e+00 1.222773275169848680e+09
8.023166724620787180e-04 -1.984044446152601449e+00 8.260738879280919491e+02 1.728566949915504678e-06 -3.982128124500416533e+00 1.222773275170885086e+09
8.092512296534696160e-04 -1.981045604080535094e+00 8.597703678104541041e+02 3.240824308478433896e-06 -3.650923764496685209e+00 1.222773275174682379e+09
7.922030402047479554e-04 -1.985868461905653692e+00 9.771115874622970523e+02 8.927794222143764675e-07 -4.320425219298835273e+00 1.222773275176446438e+09
7.939723464373381204e-04 -1.986519240469909686e+00 9.925968180485714356e+02 1.121376124169631234e-05 -2.350670126260515858e+00 1.222773275177314281e+09
8.159612163817749411e-04 -1.969224697230999244e+00 8.411861539695037209e+02 4.469220277625978622e-06 -2.782022892727993302e+00 1.222773275179558754e+09
8.077657677404826266e-04 -1.984455442080313770e+00 8.345005103793868102e+02 7.576315913364667391e-06 -2.807047716396855463e+00 1.222773275181869984e+09
8.298571872372835457e-04 -1.958106711790898791e+00 7.588085081419425251e+02 1.099849083136767171e-05 -2.350460084356003065e+00 1.222773275189988852e+09
7.937093970343489470e-04 -1.984698034264159583e+00 9.879527057454381520e+02 5.362979919592883088e-06 -2.670427638977534990e+00 1.222773275190416098e+09
8.239291368206848190e-04 -1.965306874672456683e+00 7.186448711918641266e+02 1.619216894708069118e-06 -3.721710821271125624e+00 1.222773275193573952e+09
8.160486106066915015e-04 -1.965487149853831106e+00 8.321066102071275736e+02 5.778741657257828423e-06 -2.608073783117039746e+00 1.222773275195351362e+09
8.181004253237149316e-04 -1.969015282980281389e+00 8.230448467354841569e+02 4.323926142617392549e-06 -3.410510453481747639e+00 1.222773275195745230e+09
7.913500588052316438e-04 -1.992834057964347316e+00 9.652258565209153858e+02 1.079986976596561295e-06 -4.021888346404640657e+00 1.222773275198758125e+09
8.146481522937370394e-04 -1.971178332252500276e+00 8.267932760872682820e+02 4.245399921300858237e-07 -4.975002582324911771e+00 1.222773275199229717e+09
7.919616103536046689e-04 -1.998464450115422952e+00 9.491766226603502901e+02 3.449482132651232123e-06 -3.464382392773859287e+00 1.222773275200026989e+09
8.033340742288915372e-04 -1.978740974153482490e+00 9.099720472285720234e+02 1.283228893497601090e-06 -3.795597084154722189e+00 1.222773275203542709e+09
7.933176569590486655e-04 -1.990231192178119057e+00 9.564837031597213581e+02 9.828298066257287066e-06 -2.526555694109410943e+00 1.222773275203594208e+09
8.086032019618684223e-04 -1.975399218721958672e+00 9.478349850638423959e+02 5.721768076603509100e-06 -2.714522313850822322e+00 1.222773275204382181e+09
8.092179216957162647e-04 -1.974255334350443647e+00 9.188110691743116831e+02 7.328201519431953444e-06 -2.416637020706753347e+00 1.222773275205273390e+09
8.131441378187789781e-04 -1.966721621685911359e+00 8.507603905244646967e+02 2.227145460845212227e-06 -3.762781447859347317e+00 1.222773275206205130e+09
7.950351279557722056e-04 -1.990799324971959106e+00 9.040715601526088676e+02 5.793550647453061524e-07 -4.753810188155309646e+00 1.222773275208509207e+09
8.115164655748148938e-04 -1.970477334054397955e+00 8.303482760763909027e+02 7.149116853315626414e-07 -4.594990911083342233e+00 1.222773275209148407e+09
8.205405507106589610e-04 -1.969066410741783457e+00 7.266555538097600220e+02 1.014472966694779798e-06 -4.377935325397810828e+00 1.222773275211117744e+09
8.192949010508756560e-04 -1.969496375778404307e+00 7.502946705519211719e+02 4.212696235815033231e-06 -3.396329874663155834e+00 1.222773275213067055e+09
8.103236615548362488e-04 -1.973159674626328908e+00 9.337012260201170193e+02 2.228370415697189072e-06 -3.845487259587540230e+00 1.222773275215201855e+09
8.328092908086957022e-04 -1.959194708467354662e+00 6.769980050095804245e+02 3.535946899407214347e-06 -3.084507120765235477e+00 1.222773275215523481e+09
7.973214834394125577e-04 -1.981696422473110841e+00 9.770673424077338041e+02 2.510918531702712885e-06 -3.795557979643321644e+00 1.222773275215692520e+09
8.037828528120344882e-04 -1.982485979148371324e+00 8.438090161209570397e+02 5.070980174000488419e-06 -2.752399303684302190e+00 1.222773275218372345e+09
7.949879875055765885e-04 -1.991504652843995471e+00 8.806188881468913223e+02 4.249583397664715624e-06 -3.149345836920835140e+00 1.222773275221066952e+09
8.163209904879387829e-04 -1.975766942756634004e+00 8.078047379463604329e+02 6.961821040442170759e-06 -2.971587076718250842e+00 1.222773275222337246e+09
8.272229239044072598e-04 -1.959489497612877829e+00 7.425994631288725714e+02 8.297851753453032394e-07 -4.483263977754607055e+00 1.222773275223532438e+09
8.365717362756970241e-04 -1.955622215924818885e+00 6.694761350987115520e+02 1.240794312271241291e-06 -4.219809437465929847e+00 1.222773275226293087e+09
8.302091936276393596e-04 -1.961684789547297747e+00 7.239217775540631692e+02 5.541255883829221483e-06 -2.704841113877376024e+00 1.222773275226454020e+09
7.973605266822817676e-04 -1.992683831042475262e+00 8.816437882797418979e+02 3.149969238430137225e-06 -3.337688129953752636e+00 1.222773275237151623e+09
8.281255575834035789e-04 -1.961760086050253538e+00 6.959016460735199416e+02 1.474019518957770923e-06 -3.847393332995300952e+00 1.222773275240005016e+09
8.021453470047334175e-04 -1.989694928276272590e+00 8.967270331850512548e+02 3.153995206129710787e-06 -3.584068481302805864e+00 1.222773275241129160e+09
8.166233376444654917e-04 -1.971940973821248111e+00 8.640332665356759207e+02 2.657681076265903916e-06 -3.683414089627689236e+00 1.222773275241732836e+09
8.075170211896896518e-04 -1.973939194288430787e+00 8.560709835768705034e+02 2.163742580962451364e-06 -3.406871752986212698e+00 1.222773275241823912e+09
7.997129453429521967e-04 -1.977857389307912328e+00 9.554603263306313465e+02 9.894096239220377933e-07 -4.342580798286151733e+00 1.222773275243722439e+09
8.233309889526683936e-04 -1.958483723054254888e+00 8.073554082348302927e+02 3.240360042645191381e-06 -3.282678919018668040e+00 1.222773275245392799e+09
8.344129162006058134e-04 -1.955541722942383487e+00 7.225952819405664513e+02 9.947650831718630063e-06 -2.341779047269791469e+00 1.222773275254113436e+09
8.425694817039028296e-04 -1.946767943873374707e+00 6.846352558880762444e+02 3.734685962155306571e-06 -3.261928633226200525e+00 1.222773275256055117e+09
8.170677674278213664e-04 -1.968289283099568854e+00 7.472035110541481799e+02 2.569009787824388707e-06 -3.518854717860561365e+00 1.222773275257035971e+09
8.245558148694593801e-04 -1.958399116057612632e+00 7.761380383341429479e+02 1.739946025163076758e-06 -3.779747846057469829e+00 1.222773275260784864e+09
7.935877329080095674e-04 -1.986475801068267710e+00 9.848245531556991637e+02 5.079658455710970663e-07 -4.920487849849825679e+00 1.222773275261307001e+09
8.060676493470322456e-04 -1.975942051892853435e+00 8.716248370858907037e+02 2.558344660263724913e-06 -3.782928198181059187e+00 1.222773275261662960e+09
7.973509235757191048e-04 -1.990180706360960006e+00 8.635929012412002521e+02 4.946156446072243387e-06 -3.038096713454621067e+00 1.222773275264382124e+09
8.091885350970882398e-04 -1.978470117121632565e+00 8.554030610994436756e+02 3.326160422738322008e-06 -3.649142232151336707e+00 1.222773275264711380e+09
8.055061193492731898e-04 -1.982660705439051707e+00 9.591898848455288089e+02 6.435774884578795631e-06 -2.843688729882022592e+00 1.222773275265165806e+09
8.164057502694579711e-04 -1.974754579537129962e+00 7.432033153371603476e+02 2.624844821353694392e-06 -3.397940255635694129e+00 1.222773275266275883e+09
8.042444561126476169e-04 -1.974065726331258652e+00 9.144013773143999515e+02 9.762745937412090230e-07 -4.272168937441563230e+00 1.222773275267719030e+09
8.282300443975171332e-04 -1.956647087013291930e+00 7.844619303276078881e+02 5.098236890446192755e-06 -2.862422558449514653e+00 1.222773275269227266e+09
8.324079301268265396e-04 -1.959961773790557027e+00 7.084266144461980730e+02 1.050361163059213506e-06 -4.258194710620119672e+00 1.222773275272152662e+09
8.285474621321210981e-04 -1.960945911282175214e+00 7.013389329869215771e+02 3.991725677678113520e-06 -2.950888740550221101e+00 1.222773275273530245e+09
8.242406223832681421e-04 -1.962473833442152316e+00 7.826492232037197709e+02 8.017066528926732389e-06 -2.823861465259176917e+00 1.222773275274312735e+09
8.242406223832681421e-04 -1.962473833442152316e+00 7.826492232037197709e+02 8.017066528926732389e-06 -2.823861465259176917e+00 1.222773275274312735e+09
8.064847692610825668e-04 -1.979035508257161791e+00 9.201940311760502027e+02 4.255004506471383958e-06 -2.864221710875977323e+00 1.222773275274361372e+09
8.057382874804114000e-04 -1.974831048371060493e+00 9.284286863426654008e+02 1.092174828828671876e-05 -2.179459083383395779e+00 1.222773275275908709e+09
8.058389153792098417e-04 -1.980976343589845978e+00 8.571153703576011367e+02 3.800942640753200320e-06 -3.529931667665864303e+00 1.222773275276219130e+09
8.189930468509643621e-04 -1.963793285933979504e+00 8.557044307419091638e+02 3.940830970343957987e-06 -3.040192217900656857e+00 1.222773275277025938e+09
8.355632744463136526e-04 -1.955072617435798854e+00 6.983759875237856249e+02 1.360425072209655508e-06 -3.958075497861899272e+00 1.222773275280421495e+09
8.023578557451402924e-04 -1.976683766325827207e+00 9.075186188641179115e+02 2.869793725485000091e-06 -3.213146365123220605e+00 1.222773275281192780e+09
8.033453710993142694e-04 -1.979329202646327168e+00 8.482047896650633447e+02 2.505132504746824414e-06 -3.715573485679548149e+00 1.222773275283294678e+09
8.057147473894235882e-04 -1.972905215941792356e+00 9.490824609859711245e+02 1.028552535659928100e-06 -4.268103693656278175e+00 1.222773275283559084e+09
8.052458957496798396e-04 -1.976625197074633355e+00 9.349535159760246188e+02 8.395408836228470607e-06 -2.797318944906079352e+00 1.222773275283742428e+09
7.908122463444226206e-04 -1.998317810817765938e+00 9.781732682243373347e+02 1.406223713864117520e-06 -4.060492191214750690e+00 1.222773275283857107e+09
7.908122463444226206e-04 -1.998317810817765938e+00 9.781732682243373347e+02 1.406223713864117520e-06 -4.060492191214750690e+00 1.222773275283857107e+09
8.061017775090958829e-04 -1.972433965551573909e+00 9.849707624936824004e+02 2.243354884459051004e-06 -3.658663218827176600e+00 1.222773275283881664e+09
8.206217691015897089e-04 -1.973236398279308856e+00 7.850627113401704946e+02 5.662320122120930810e-06 -2.940793669604990335e+00 1.222773275289491892e+09
7.982949860023880921e-04 -1.982449530674821991e+00 9.802113149427491408e+02 1.334691230424579352e-06 -4.301772792949472901e+00 1.222773275293096066e+09
7.967405636145408806e-04 -1.989046328978977929e+00 9.400799529334003637e+02 1.085136249980467072e-05 -2.451171015921682184e+00 1.222773275295572758e+09
8.448605345334087588e-04 -1.948436799465785851e+00 6.240224625319336837e+02 3.677753820941030682e-06 -3.285051584271389657e+00 1.222773275296674013e+09
8.235808359018074879e-04 -1.961788654044219538e+00 7.677281183309037260e+02 1.519560919349718551e-06 -4.128253442665609896e+00 1.222773275297107220e+09
7.963208086608441170e-04 -1.992343289634129322e+00 8.748664594020389131e+02 1.720674900881375159e-06 -4.004555928762586703e+00 1.222773275299296141e+09
8.075709736717625415e-04 -1.973969785583093994e+00 9.439845456892393258e+02 8.540733855131789554e-07 -4.403812395521013556e+00 1.222773275299504519e+09
8.341753129259654558e-04 -1.960332064989805723e+00 6.505428927864793422e+02 3.423452059075189180e-06 -3.374429744203161441e+00 1.222773275305606365e+09
8.172134304181557715e-04 -1.977101467116532563e+00 7.780251847806729302e+02 2.885609745330394986e-06 -3.643505279290734755e+00 1.222773275307516575e+09
8.120357167240356035e-04 -1.975663719612078317e+00 7.810410939004806323e+02 8.492673567227543921e-07 -4.302056701547044781e+00 1.222773275311269999e+09
8.019308646362050420e-04 -1.982237037863965767e+00 8.614910517956949434e+02 2.957027425848628419e-06 -3.179066736025823126e+00 1.222773275311454296e+09
8.042016567852558950e-04 -1.980149873253897574e+00 9.128662667234295895e+02 1.178755070179918598e-06 -4.409062844926953773e+00 1.222773275315776587e+09
8.133864176170495924e-04 -1.973758601222062481e+00 8.398124163527015753e+02 1.243428345976065839e-05 -2.198017020752349282e+00 1.222773275316902161e+09
8.126368813187658403e-04 -1.967365320599700151e+00 9.118773360154320926e+02 2.764235977368337465e-06 -3.578323212470219339e+00 1.222773275317622662e+09
8.424437383443445513e-04 -1.950623699999136873e+00 6.623773941680749431e+02 2.156036127482927425e-06 -3.813525473304171243e+00 1.222773275317883730e+09
8.162910249558868797e-04 -1.971351841444116015e+00 7.747361819995151109e+02 9.709713531982490066e-06 -2.319926703096115261e+00 1.222773275318823099e+09
8.034915843757040044e-04 -1.976336531282741671e+00 8.870473802164534618e+02 7.859510719172676891e-07 -4.445444292869058955e+00 1.222773275320292473e+09
7.988586729760495083e-04 -1.986645192563923690e+00 9.306028050455428229e+02 1.131929723667131926e-05 -2.250832820782493471e+00 1.222773275321763754e+09
8.156004828352404149e-04 -1.973878005262813762e+00 8.232895989815316398e+02 1.045545997278763069e-06 -4.171557354179149968e+00 1.222773275321818352e+09
8.048044636889999581e-04 -1.974843355262496880e+00 9.604773484619563533e+02 1.150937664589132277e-06 -4.305302024152148910e+00 1.222773275322972536e+09
8.090738089394270511e-04 -1.979642304192950952e+00 8.058661538179965191e+02 6.061143128013940509e-06 -2.651424070668122468e+00 1.222773275334076405e+09
8.170817928557565181e-04 -1.964405726246020834e+00 8.698148829244885292e+02 5.841201421597302270e-06 -2.711808040718208801e+00 1.222773275336309671e+09
8.058576467790975030e-04 -1.981768423534903123e+00 8.656967768383848352e+02 3.888124991837122460e-06 -2.932708217985199539e+00 1.222773275339221954e+09
8.128921886762741035e-04 -1.971054399900336929e+00 8.474055563259180417e+02 5.012640318544257857e-07 -4.870578617327215198e+00 1.222773275339265108e+09
8.228778069039185353e-04 -1.964859518296638186e+00 7.714405293500029757e+02 1.192360431517622960e-05 -2.317445581062853144e+00 1.222773275339905024e+09
7.968297611002899804e-04 -1.985269168371073700e+00 9.782850160958120114e+02 3.999416782471309760e-06 -3.486994687201948828e+00 1.222773275341399908e+09
8.191019458097690761e-04 -1.966921556360950785e+00 7.779235987379195194e+02 4.892145500080809078e-06 -2.701806931354951757e+00 1.222773275347442150e+09
8.002161689320999409e-04 -1.989156240339734261e+00 9.203734313894844945e+02 1.970197039042664791e-06 -3.660357753086967314e+00 1.222773275348763466e+09
7.915636566520717040e-04 -1.989779463745120935e+00 9.426993983135408826e+02 5.173268224754659787e-06 -2.911704040236471336e+00 1.222773275349885225e+09
7.933624630529596215e-04 -1.991667973735626873e+00 9.584974920694098728e+02 1.014276131341239097e-05 -2.401126231919572085e+00 1.222773275351722956e+09
8.195940851856273104e-04 -1.969909296792951459e+00 7.856797926403744441e+02 8.929366630006001099e-06 -2.319189646551555128e+00 1.222773275354036093e+09
8.300868308600500931e-04 -1.953827475296414207e+00 7.416300763631876407e+02 5.230551306097844714e-06 -2.972092361646744507e+00 1.222773275356082201e+09
8.069389342037965604e-04 -1.974105048396820550e+00 8.389921010483916461e+02 1.867799868224322998e-06 -3.856099808399724438e+00 1.222773275357681036e+09
8.297400114219761385e-04 -1.963876775102495476e+00 7.144340430778036080e+02 1.215465564081531017e-06 -4.213579889807138379e+00 1.222773275359796524e+09
8.040662981540427781e-04 -1.979935249372895889e+00 9.350608085804994971e+02 1.097479780969417350e-05 -2.153956356850385667e+00 1.222773275362608671e+09
8.040662981540427781e-04 -1.979935249372895889e+00 9.350608085804994971e+02 1.097479780969417350e-05 -2.153956356850385667e+00 1.222773275362608671e+09
8.116628284099937016e-04 -1.978817373847293837e+00 8.549196375002113655e+02 1.390574683137110955e-06 -4.193836016550337220e+00 1.222773275362992048e+09
8.261171061326156272e-04 -1.968521242948878092e+00 7.320602720851488812e+02 2.212730012244628230e-06 -3.842833906020898027e+00 1.222773275364530563e+09
8.082578779967938094e-04 -1.983631744679144049e+00 8.416548017310166188e+02 1.492739922606217556e-06 -3.996226915439316407e+00 1.222773275366401196e+09
8.126568279237218013e-04 -1.977000282764274974e+00 8.545219736574157423e+02 1.653470576745547303e-06 -4.111348376167533125e+00 1.222773275366539955e+09
7.925907332046700730e-04 -1.993543521258936746e+00 9.575916469764611065e+02 5.259098875410025798e-07 -4.738308088077411995e+00 1.222773275371168375e+09
7.888666864055087586e-04 -1.997000812841578377e+00 9.744873970784774428e+02 6.893047443957116262e-07 -4.549671328990095631e+00 1.222773275373516083e+09
7.997465031789265273e-04 -1.981386828977573122e+00 9.540153235009665877e+02 8.960920999324165316e-07 -4.122324971246006164e+00 1.222773275377117157e+09
7.961749700604770115e-04 -1.986418180938156031e+00 9.758810549161414656e+02 1.180607891941208894e-05 -2.196314995665426650e+00 1.222773275377568483e+09
8.019755485980265084e-04 -1.977004193742130767e+00 9.552430912913031307e+02 3.416791478271220214e-06 -3.013367347823649567e+00 1.222773275378109932e+09
8.029620236691572925e-04 -1.984246005723400152e+00 9.574300443716242626e+02 1.079764444958446581e-06 -4.336367487181679081e+00 1.222773275378388405e+09
8.119886565621797650e-04 -1.980099426050252021e+00 8.421321785291534070e+02 5.249583903210415105e-06 -2.937248517384650093e+00 1.222773275379127741e+09
8.015612552270681094e-04 -1.988399945647138400e+00 8.776664238673951104e+02 6.566864376930012656e-06 -3.004716497182408297e+00 1.222773275380937338e+09
8.044553977269830024e-04 -1.986623730588696901e+00 8.105521903880079435e+02 2.468006209529849914e-06 -3.624315806828640518e+00 1.222773275380972147e+09
7.928345143167960397e-04 -1.991766143668969313e+00 9.601893693910361662e+02 1.169915687207848182e-06 -4.407768306739948905e+00 1.222773275383872032e+09
8.157330211585495398e-04 -1.975672665327717681e+00 7.484764020818661265e+02 1.264122771392039683e-06 -4.230597942385811550e+00 1.222773275384319067e+09
8.016099722589257147e-04 -1.984801909268534725e+00 8.504428401146428769e+02 1.224578196918239187e-06 -3.985363564323555430e+00 1.222773275384786606e+09
8.098972305308260516e-04 -1.974435112193313913e+00 8.212387183069698722e+02 5.474257637611935779e-07 -4.809626778952980963e+00 1.222773275387589455e+09
7.947676933872674593e-04 -1.984243321387213710e+00 9.615724413376383382e+02 3.874752108369696068e-06 -2.962536625549043734e+00 1.222773275389070272e+09
8.081623080646466737e-04 -1.974253794088547398e+00 8.915750948152664250e+02 1.167176805178766021e-05 -2.160984846126138059e+00 1.222773275389700174e+09
8.116362988549314901e-04 -1.977403521485328053e+00 8.392055563174798181e+02 4.695260083927581447e-06 -2.815979749914271579e+00 1.222773275394274473e+09
8.247650956586398451e-04 -1.969358168764206773e+00 7.115767177676816573e+02 2.838916198441645240e-06 -3.373707262207915392e+00 1.222773275400166273e+09
8.059131862491096749e-04 -1.981696645450981453e+00 9.278521240648989306e+02 7.173357904194729890e-06 -2.566051893777765436e+00 1.222773275400799513e+09
7.980583998980957930e-04 -1.987292359277738285e+00 9.652377851773716202e+02 6.427147461040152490e-07 -4.806178312181944356e+00 1.222773275401657820e+09
7.900171260263485996e-04 -1.991296465468578969e+00 9.483961496110605367e+02 1.715277911624118370e-06 -3.925819809002671690e+00 1.222773275402224541e+09
8.391522550384196552e-04 -1.950489586044612533e+00 6.879119084940990660e+02 2.399687828961584808e-06 -3.715308430361155878e+00 1.222773275402309179e+09
8.148490557413547598e-04 -1.971461742425474339e+00 8.703191279203068689e+02 6.819137624706052537e-06 -2.548582695535034581e+00 1.222773275403085232e+09
8.010938595399519184e-04 -1.977386984642352630e+00 9.543895859627751861e+02 3.041597780082874358e-06 -3.129262111624266929e+00 1.222773275404292107e+09
8.063602245749155193e-04 -1.977569835233748519e+00 9.459831993599088946e+02 1.040202074167122476e-05 -2.239033373057759846e+00 1.222773275404557705e+09
8.249316989779903898e-04 -1.957750183476874462e+00 7.780067137530440959e+02 2.742136787199636885e-06 -3.391777117710635281e+00 1.222773275409143448e+09
8.096727127577231726e-04 -1.979100786291820846e+00 9.050536168532952388e+02 3.848578063240129212e-06 -3.159827760112532857e+00 1.222773275413277149e+09
7.987283663074734629e-04 -1.986340284485946794e+00 9.535881282847534521e+02 5.407976510379496445e-07 -4.634296041438362934e+00 1.222773275414096594e+09
8.067080268806046776e-04 -1.975720558309946417e+00 9.508625516602261314e+02 5.045967941594059055e-06 -2.743757143254363484e+00 1.222773275414570332e+09
8.255274030237133055e-04 -1.960564638038919227e+00 8.085009675330672962e+02 4.960295668169800171e-06 -3.163540598816468652e+00 1.222773275417032242e+09
8.354060965234186157e-04 -1.957893137597885858e+00 6.877063870520771616e+02 4.537928012240656214e-06 -2.908453592165482604e+00 1.222773275417308807e+09
8.021709178700531283e-04 -1.979456347516115766e+00 9.637626895628289958e+02 1.193865821225669351e-05 -2.148844682387728966e+00 1.222773275417454958e+09
8.039463690275858773e-04 -1.974662545082516818e+00 9.651772660328972506e+02 6.495693751599752909e-06 -2.542097998796688074e+00 1.222773275425108433e+09
7.981798708500304233e-04 -1.985574393241986701e+00 8.750731451552713906e+02 1.448492028986616427e-06 -3.881766661717447775e+00 1.222773275426851749e+09
8.162904827906051347e-04 -1.968911379163195807e+00 8.424424928449853951e+02 7.964242527868026572e-07 -4.387038914651413712e+00 1.222773275429206133e+09
7.993459508927011929e-04 -1.989032426606133885e+00 9.266052768928403793e+02 6.658691269459998257e-07 -4.649829454980274335e+00 1.222773275429220676e+09
8.109749504507749460e-04 -1.981576369427901385e+00 8.029496393292223502e+02 1.346036633892074047e-06 -4.113044922545244120e+00 1.222773275431672573e+09
7.961766708324936144e-04 -1.989167593497193298e+00 8.835780036705525617e+02 1.206150528534981027e-06 -4.264206770532561919e+00 1.222773275432268143e+09
8.048776599879884806e-04 -1.979924016082515781e+00 8.345547994229764299e+02 1.249343450834546739e-06 -3.942122727256119674e+00 1.222773275433670521e+09
7.987278329514449580e-04 -1.979221017631742185e+00 9.321068347184145750e+02 3.014629700251716235e-06 -3.271181729492325552e+00 1.222773275435708761e+09
7.922370834459986980e-04 -1.997819427559142325e+00 9.517548944377532507e+02 2.138342991895621423e-06 -3.832097782330708746e+00 1.222773275435998917e+09
7.922370834459986980e-04 -1.997819427559142325e+00 9.517548944377532507e+02 2.138342991895621423e-06 -3.832097782330708746e+00 1.222773275435998917e+09
8.279746135824894888e-04 -1.962943925188546324e+00 7.498622782865363661e+02 7.889585408432553713e-06 -2.465421145318298812e+00 1.222773275438273907e+09
7.947654550657038807e-04 -1.983061612990193900e+00 9.847956358131574461e+02 2.683965494370902206e-06 -3.264925040311148052e+00 1.222773275438827753e+09
8.127605950603042449e-04 -1.972385769495829333e+00 8.863155496109175147e+02 3.192393513733620952e-06 -3.627078126691582582e+00 1.222773275440791368e+09
8.112625643232340700e-04 -1.973437894644249013e+00 9.414546097767356514e+02 6.119102531539417226e-06 -2.844140246353434875e+00 1.222773275441598415e+09
8.140517388254038403e-04 -1.970468298361904846e+00 8.573711371828906067e+02 7.077624349205842271e-07 -4.470622394382440135e+00 1.222773275442444324e+09
8.074572332747338710e-04 -1.971802566186180439e+00 9.213963446035996867e+02 7.224469885224242607e-06 -2.470334258106850811e+00 1.222773275443542242e+09
8.018691405588777724e-04 -1.987919899145701219e+00 8.312184232921867988e+02 3.609715970145517347e-06 -3.253576685605637842e+00 1.222773275447959185e+09
8.006446354630694130e-04 -1.986276692531032229e+00 9.116496970886840927e+02 8.122726481713158321e-07 -4.303982600140857429e+00 1.222773275448216915e+09
7.999762301019564632e-04 -1.979454182763537684e+00 9.986338993952888359e+02 5.873585635303486250e-07 -4.718455516474922007e+00 1.222773275449668169e+09
8.117138807001967292e-04 -1.973232425153368830e+00 9.319048791559904430e+02 2.991125291160987494e-06 -3.501235163223439528e+00 1.222773275451442480e+09
7.962499777910001441e-04 -1.984928881209923501e+00 9.523372361465701488e+02 2.569792683525505358e-06 -3.231397104316269697e+00 1.222773275452953815e+09
8.019689182139701526e-04 -1.988593149978277186e+00 8.913130049953684875e+02 1.368288196343465772e-06 -4.056703187903243801e+00 1.222773275455431700e+09
8.183934581716428196e-04 -1.968511971017213646e+00 7.528608431574978113e+02 8.418233403104872286e-06 -2.533645396658944726e+00 1.222773275455673695e+09
8.243322376859704009e-04 -1.967526478635776899e+00 7.270740526586024544e+02 3.884685209810356709e-06 -3.003568647007367254e+00 1.222773275457632780e+09
8.068516149608906179e-04 -1.975151657479604417e+00 8.394673432736801715e+02 8.792945939975367979e-07 -4.327289925285889183e+00 1.222773275457678795e+09
8.170738848105136773e-04 -1.970193814859609649e+00 8.077417082095940941e+02 1.224979692185384538e-06 -3.924884122502959372e+00 1.222773275462947845e+09
8.128702837532572612e-04 -1.975379162774429709e+00 8.884543687822348375e+02 6.801277137283435829e-06 -2.683661195632508267e+00 1.222773275463470221e+09
8.136614124527656545e-04 -1.970427030523945522e+00 8.820576152599010129e+02 9.554812325025026127e-07 -4.370104006638385385e+00 1.222773275463592052e+09
8.031505688760653744e-04 -1.979445031722454118e+00 8.977413009043979173e+02 4.028180170554250282e-07 -4.865253033918151004e+00 1.222773275464127541e+09
7.949059518489075748e-04 -1.992114399797539459e+00 9.747154696924449127e+02 9.011425048453992762e-06 -2.710988659520261024e+00 1.222773275466720104e+09
8.104899152420560375e-04 -1.972901171763632666e+00 8.734562017398370699e+02 1.145377334161327144e-05 -2.157481023479832061e+00 1.222773275468649626e+09
8.091064772903967415e-04 -1.977412720152997183e+00 9.084643470155618843e+02 2.300518980260806171e-06 -3.886050310536485419e+00 1.222773275468976974e+09
8.109677278403173159e-04 -1.972217723379764642e+00 8.651466599744552468e+02 2.944275785340614878e-06 -3.118103645688696801e+00 1.222773275469959736e+09
8.098459726309917067e-04 -1.981356006667080116e+00 8.069626800222474685e+02 1.474052181875367117e-06 -3.908944860153426681e+00 1.222773275470617056e+09
7.920972919841073184e-04 -1.996934236173888433e+00 9.294110563956281794e+02 1.948892061767216174e-06 -3.928321913491430450e+00 1.222773275470932245e+09
8.100508000672503907e-04 -1.978773488093861221e+00 8.552241499378366143e+02 2.121155609799491029e-06 -3.975830372939876511e+00 1.222773275475051641e+09
8.142026180285965968e-04 -1.973542649650036340e+00 7.755478373926873701e+02 8.917831032851320099e-06 -2.573778972465462722e+00 1.222773275478831768e+09
8.017253390932509681e-04 -1.987010332258728695e+00 9.096741952254064927e+02 6.665419849835377840e-06 -2.615575842244199478e+00 1.222773275479954958e+09
8.242054680024992223e-04 -1.963929847549017449e+00 7.781204708307495821e+02 3.298208306960375155e-06 -3.112035347941834118e+00 1.222773275482208729e+09
8.205705412255712627e-04 -1.967114823531846080e+00 7.430597945523555836e+02 9.849485637661622290e-07 -4.412893153791534573e+00 1.222773275482868671e+09
8.048072497634357848e-04 -1.979444090562233249e+00 8.244107065947722504e+02 2.934328906542421311e-06 -3.308709020083439256e+00 1.222773275484894276e+09
8.019815951208060468e-04 -1.978334263850781483e+00 8.955133811269051876e+02 6.801180805399778938e-07 -4.579914172253962690e+00 1.222773275488591194e+09
8.033017325786803069e-04 -1.974879964050607395e+00 9.465135742584365062e+02 1.202354712438595311e-06 -4.219061464615140977e+00 1.222773275489258051e+09
7.917509389089953924e-04 -1.990757117412760291e+00 9.550015373977231548e+02 5.007093332035285746e-07 -4.778298360658375543e+00 1.222773275490187407e+09
7.908610360420157423e-04 -1.992704754538383360e+00 9.598481234105216799e+02 6.242214278233596066e-06 -2.996931121786850838e+00 1.222773275490538597e+09
8.075410201559069445e-04 -1.978134063425531775e+00 9.617353964771805295e+02 7.644703639592321685e-06 -2.792944329446950924e+00 1.222773275493684292e+09
8.068221512699092586e-04 -1.972995610921715270e+00 9.237527576168861287e+02 2.842049714185304322e-06 -3.661904319349661208e+00 1.222773275497132778e+09
7.978161732733963021e-04 -1.987203922251405741e+00 8.750067109670319496e+02 2.075375671505908228e-06 -3.893509954792341077e+00 1.222773275497485161e+09
8.005002546996826734e-04 -1.986381025678431334e+00 8.975823076130807294e+02 9.368510981519956558e-07 -4.174224668041788711e+00 1.222773275499279022e+09
8.102711618770938639e-04 -1.976736383392971863e+00 7.973571072990865787e+02 9.148171674015147156e-07 -4.223828761922219677e+00 1.222773275501190424e+09
8.197233575124505912e-04 -1.968190674245159810e+00 8.279080812035813324e+02 3.969119352015982387e-06 -3.439418828926632088e+00 1.222773275506502628e+09
7.964568306557034743e-04 -1.981596474560713084e+00 9.908473757678468701e+02 9.393555400276700614e-07 -4.158890705418546219e+00 1.222773275508465767e+09
7.912999706865067335e-04 -1.996270139050365877e+00 9.255565556782206613e+02 1.745213732733854185e-06 -3.849800455019197543e+00 1.222773275509053230e+09
7.912999706865067335e-04 -1.996270139050365877e+00 9.255565556782206613e+02 1.745213732733854185e-06 -3.849800455019197543e+00 1.222773275509053230e+09
8.038965999208058655e-04 -1.982372262374394234e+00 8.512481765160217719e+02 4.907165181393725064e-07 -4.891147187508493310e+00 1.222773275515384674e+09
8.058953683493123637e-04 -1.974482045773226613e+00 9.772501095066903645e+02 9.557709860778578888e-06 -2.545353090942570340e+00 1.222773275517347097e+09
8.037260100169255983e-04 -1.975308041784332724e+00 9.080139523323773574e+02 6.814964929666709075e-06 -2.823956987339480307e+00 1.222773275518090010e+09
8.037260100169255983e-04 -1.975308041784332724e+00 9.080139523323773574e+02 6.814964929666709075e-06 -2.823956987339480307e+00 1.222773275518090010e+09
8.235100339297242184e-04 -1.960793309325456590e+00 7.785077485053543569e+02 1.138994595811467730e-06 -4.232715796735050162e+00 1.222773275522528887e+09
8.235100339297242184e-04 -1.960793309325456590e+00 7.785077485053543569e+02 1.138994595811467730e-06 -4.232715796735050162e+00 1.222773275522528887e+09
7.897444244880636160e-04 -1.989221546553231690e+00 9.836985742559247683e+02 4.847112722872542957e-06 -2.999943970130185988e+00 1.222773275523485899e+09
8.280425937336393727e-04 -1.957140197199918275e+00 7.606164663029131816e+02 3.050299075479662023e-06 -3.229783271616364360e+00 1.222773275524751663e+09
8.102411990611691969e-04 -1.978391577487892405e+00 8.721101702059411309e+02 5.433132037731426268e-06 -3.222657569967298130e+00 1.222773275524869204e+09
8.015023024997897007e-04 -1.979810636954080660e+00 9.248768208850160590e+02 3.718474643536110954e-06 -3.501446737154246591e+00 1.222773275526317835e+09
8.104616472765147810e-04 -1.972209345913215728e+00 8.054675344759291420e+02 2.224271777920379686e-06 -3.728621559997973733e+00 1.222773275527647495e+09
8.052647912729231404e-04 -1.980941364790495207e+00 9.686522898986045220e+02 7.400496751780201506e-06 -2.873314957661584401e+00 1.222773275529150486e+09
7.944815983050706196e-04 -1.986365433149304582e+00 9.226110614231248519e+02 3.467863679064945335e-06 -3.181612228148527954e+00 1.222773275531463146e+09
8.487946438850409257e-04 -1.946950395090785157e+00 6.202869292331065481e+02 4.087271755251373072e-06 -3.249325153314173598e+00 1.222773275532421589e+09
7.993691766583744217e-04 -1.987286224893947573e+00 9.729388566745321896e+02 7.789272246002622012e-06 -2.483832883378312317e+00 1.222773275532546997e+09
8.092248155197762647e-04 -1.975600844312119353e+00 9.533573308983191055e+02 6.555520886455480021e-06 -2.936950868056726449e+00 1.222773275533696890e+09
8.167594598032646000e-04 -1.969252404962928082e+00 8.863751696340440276e+02 5.432271192041012661e-06 -2.952119434131287079e+00 1.222773275536932707e+09
8.280448024295872971e-04 -1.960342810284835702e+00 7.824397085879527367e+02 2.763204814540005063e-06 -3.591699366891707434e+00 1.222773275538970232e+09
8.105054101423469440e-04 -1.977053590607428468e+00 9.239256132322905160e+02 4.444735137248233874e-06 -3.130502149414165380e+00 1.222773275548963785e+09
7.884705319677954346e-04 -1.991375507538843959e+00 9.883014124817291304e+02 2.140318751821467812e-06 -3.549070796966331542e+00 1.222773275553157568e+09
8.356225298314854917e-04 -1.952486734581801997e+00 6.874261388596785309e+02 5.789714995550017557e-06 -2.977545898553068504e+00 1.222773275554359198e+09
8.164549070038061400e-04 -1.968256393552163974e+00 7.976205836672274927e+02 1.409434141579563952e-06 -4.204483820526256466e+00 1.222773275557965994e+09
8.181488054613005089e-04 -1.973820274026340638e+00 8.028308970726903908e+02 2.080362028098304870e-06 -3.696637954283668037e+00 1.222773275558640957e+09
8.062172180573157166e-04 -1.982505458831267164e+00 8.089196690118268407e+02 2.138690713864973569e-06 -3.572731443828342179e+00 1.222773275558678150e+09
8.103524934292748389e-04 -1.977112837715132354e+00 7.992893659267075464e+02 1.914385176742708402e-06 -4.003935992464030313e+00 1.222773275559020758e+09
8.091010885726396783e-04 -1.974796434200887241e+00 8.244465993113025206e+02 1.152983792468830708e-06 -4.330448964469607809e+00 1.222773275559667587e+09
8.071789398183705630e-04 -1.975234695247126027e+00 9.906063645533048430e+02 6.427842529583552450e-06 -2.836012337640321235e+00 1.222773275559829712e+09
8.071789398183705630e-04 -1.975234695247126027e+00 9.906063645533048430e+02 6.427842529583552450e-06 -2.836012337640321235e+00 1.222773275559829712e+09
8.369748879206764238e-04 -1.957415314634772585e+00 7.037162937691088018e+02 5.768938655712338700e-06 -2.987876902643584742e+00 1.222773275562153578e+09
8.153065343113153696e-04 -1.970962200842578893e+00 7.757042996876056122e+02 1.594086765271031981e-06 -3.715345187780598302e+00 1.222773275562948704e+09
8.027971960925513271e-04 -1.976160817652244717e+00 9.130492885197464830e+02 9.439973748637427757e-07 -4.355232936680671685e+00 1.222773275564390659e+09
8.066116406289411097e-04 -1.979241361802684285e+00 8.101397641949259878e+02 2.174338896052174840e-06 -3.836822138040731467e+00 1.222773275565793753e+09
8.046596322290712824e-04 -1.979075052823119130e+00 8.268093285372681294e+02 2.895076511105865622e-06 -3.350820962789232027e+00 1.222773275567754507e+09
8.046596322290712824e-04 -1.979075052823119130e+00 8.268093285372681294e+02 2.895076511105865622e-06 -3.350820962789232027e+00 1.222773275567754507e+09
7.972693536331699202e-04 -1.986561273483093082e+00 9.985110444614742846e+02 7.089105816037119895e-07 -4.726856125988231128e+00 1.222773275582816362e+09
8.146793079156621625e-04 -1.970107534064361676e+00 7.671305985077960941e+02 1.861554215811265638e-06 -3.819364171113765138e+00 1.222773275583457708e+09
8.253187027412948584e-04 -1.960944001558929894e+00 7.572028718534198788e+02 1.062786318548561341e-05 -2.329819980812450453e+00 1.222773275585163593e+09
7.985724466049411770e-04 -1.981544176149787617e+00 9.157861566004753513e+02 1.174909529355447969e-06 -4.007259203223172861e+00 1.222773275590461493e+09
8.034197880106012024e-04 -1.983869593603134307e+00 9.833921070315619772e+02 3.882215342326307408e-06 -3.260891867778232367e+00 1.222773275591064453e+09
7.967280748756489948e-04 -1.988214351074590880e+00 9.082594551025583769e+02 2.864181184456390215e-06 -3.711218736533904661e+00 1.222773275596189737e+09
7.989435727805134328e-04 -1.978443678261838645e+00 9.428193397595582610e+02 2.272561254136468348e-06 -3.668417562958413036e+00 1.222773275597638130e+09
8.170383986392554688e-04 -1.969856071514239471e+00 8.698639696062706435e+02 7.945784134645879197e-06 -2.760882462026424733e+00 1.222773275597645044e+09
8.231386259194617199e-04 -1.968836279951171164e+00 7.846990696534993504e+02 2.125479566523832715e-06 -3.785019448843572221e+00 1.222773275598029375e+09
8.120176307463626390e-04 -1.968455125417613472e+00 9.011034741614070072e+02 3.016828245928033790e-06 -3.243770493430977453e+00 1.222773275600615978e+09
7.928251598523583868e-04 -1.994959270030578047e+00 9.762438950035942753e+02 8.599190010138996147e-06 -2.666303629415292420e+00 1.222773275601226568e+09
7.981902672926358870e-04 -1.983259392944011434e+00 9.862723842629358160e+02 3.768715551156156448e-07 -5.033566837122539717e+00 1.222773275604859829e+09
8.075048290705024757e-04 -1.979092531444074599e+00 9.340874310607314328e+02 2.567055751869516224e-06 -3.462464967641476044e+00 1.222773275606231689e+09
8.128119811999021246e-04 -1.977766148992179840e+00 8.430643157239949232e+02 7.291467084376964403e-06 -2.603967925270453065e+00 1.222773275608375788e+09
8.376007108935065813e-04 -1.952368753038976612e+00 6.922978383365708623e+02 1.676861231321482951e-06 -3.935456598847318688e+00 1.222773275610846281e+09
8.376007108935065813e-04 -1.952368753038976612e+00 6.922978383365708623e+02 1.676861231321482951e-06 -3.935456598847318688e+00 1.222773275610846281e+09
8.112455291428573951e-04 -1.969295930123180050e+00 8.741352855139675739e+02 9.776073408538567666e-07 -4.243313353946333244e+00 1.222773275611929417e+09
7.991441409874924101e-04 -1.984355761496629178e+00 8.818585083839157051e+02 1.309345072672964420e-06 -3.912659267639282845e+00 1.222773275612554550e+09
8.329466081554284590e-04 -1.957619354476427986e+00 7.288766516195047416e+02 5.965987376577320801e-06 -2.701723583075232860e+00 1.222773275612964392e+09
8.329466081554284590e-04 -1.957619354476427986e+00 7.288766516195047416e+02 5.965987376577320801e-06 -2.701723583075232860e+00 1.222773275612964392e+09
7.911176552959554463e-04 -1.986915124227841112e+00 9.987708845272125018e+02 2.504808410888457461e-06 -3.373669552059414656e+00 1.222773275613139868e+09
7.911176552959554463e-04 -1.986915124227841112e+00 9.987708845272125018e+02 2.504808410888457461e-06 -3.373669552059414656e+00 1.222773275613139868e+09
8.350763384648193484e-04 -1.955503902820068696e+00 6.653509204046993091e+02 4.346559567302529248e-06 -3.009819254683421264e+00 1.222773275617077112e+09
8.350763384648193484e-04 -1.955503902820068696e+00 6.653509204046993091e+02 4.346559567302529248e-06 -3.009819254683421264e+00 1.222773275617077112e+09
8.373018716477786255e-04 -1.951651834919617912e+00 6.721602920159326686e+02 6.164059298892204727e-06 -2.847564267135355820e+00 1.222773275617561102e+09
8.344957383999881658e-04 -1.960011767719813225e+00 6.727193335262381879e+02 2.328442219195174139e-06 -3.794726391543434829e+00 1.222773275618030787e+09
7.987687924582837200e-04 -1.978088788839683421e+00 9.834569553893608145e+02 1.958474790855071924e-06 -3.610648152035255798e+00 1.222773275618722439e+09
7.987687924582837200e-04 -1.978088788839683421e+00 9.834569553893608145e+02 1.958474790855071924e-06 -3.610648152035255798e+00 1.222773275618722439e+09
7.998277483272526198e-04 -1.981077018066987883e+00 9.192445948036727259e+02 8.228231056894052435e-07 -4.253639177477683830e+00 1.222773275639088631e+09
7.998277483272526198e-04 -1.981077018066987883e+00 9.192445948036727259e+02 8.228231056894052435e-07 -4.253639177477683830e+00 1.222773275639088631e+09
8.416069784522440915e-04 -1.949260278741308916e+00 6.754673963158026027e+02 2.450125799993624007e-06 -3.641674234334129956e+00 1.222773275640866995e+09
8.330383851103360113e-04 -1.960439580761663692e+00 6.901259447798087194e+02 8.328977399958215413e-06 -2.718414538119182211e+00 1.222773275641999722e+09
7.978901938519562895e-04 -1.981769907327299407e+00 9.185708415807689562e+02 3.195997324253284462e-06 -3.194152275783080697e+00 1.222773275643539429e+09
7.972866544552805737e-04 -1.987483545931048479e+00 9.055416927790121235e+02 1.122909978913321177e-06 -4.016768045286333688e+00 1.222773275647196054e+09
8.427419424732302509e-04 -1.947789105580232549e+00 6.681079484711710847e+02 4.798324506877962391e-06 -2.937907928885056918e+00 1.222773275647388220e+09
7.935251814979791922e-04 -1.986883894378868476e+00 9.631567910204373675e+02 5.854842215690460360e-07 -4.598840610229478543e+00 1.222773275651898861e+09
7.935251814979791922e-04 -1.986883894378868476e+00 9.631567910204373675e+02 5.854842215690460360e-07 -4.598840610229478543e+00 1.222773275651898861e+09
8.396315931852644425e-04 -1.954521404075681534e+00 6.677541052878431174e+02 4.522945638254675799e-06 -2.966888957087941314e+00 1.222773275653079510e+09
8.066285190728651917e-04 -1.977616737564274363e+00 9.436208331225155916e+02 7.300438615864987943e-06 -2.930986686998760860e+00 1.222773275654125690e+09
8.066285190728651917e-04 -1.977616737564274363e+00 9.436208331225155916e+02 7.300438615864987943e-06 -2.930986686998760860e+00 1.222773275654125690e+09
8.007421612187771640e-04 -1.984069843514103759e+00 9.080746714166671154e+02 8.503472615885783288e-06 -2.340345582039470962e+00 1.222773275655997992e+09
8.325349432205671977e-04 -1.958955208159526951e+00 6.690295193183844731e+02 4.641791258337781089e-06 -3.165674195429139637e+00 1.222773275661752939e+09
8.021154462358062818e-04 -1.975997446047535133e+00 9.223765065054853949e+02 4.180871012237598195e-06 -2.981704009633885377e+00 1.222773275662345171e+09
8.043761185924869434e-04 -1.978977133542571210e+00 8.511317789107117733e+02 7.817271342645091092e-06 -2.567164190514331423e+00 1.222773275663844585e+09
8.022327326696993780e-04 -1.977469990173321257e+00 9.020879880462688334e+02 7.496399976439604003e-06 -2.603980644036310466e+00 1.222773275664262056e+09
7.945517585461565543e-04 -1.993219255184530692e+00 9.877118028449709755e+02 1.664545792842578607e-06 -3.819003109781606398e+00 1.222773275666912079e+09
8.256412126673805642e-04 -1.958120524965427656e+00 7.882464699712137417e+02 2.332991984947134539e-06 -3.601427440508435218e+00 1.222773275667716980e+09
8.256412126673805642e-04 -1.958120524965427656e+00 7.882464699712137417e+02 2.332991984947134539e-06 -3.601427440508435218e+00 1.222773275667716980e+09
7.884352117326266394e-04 -1.996238368967862886e+00 9.948042759277732330e+02 3.430808161543208265e-06 -3.116513547460787237e+00 1.222773275668269157e+09
8.042737717321623214e-04 -1.978668718607449639e+00 9.491389426849468691e+02 1.021593752188671807e-06 -4.451714017421535274e+00 1.222773275668300152e+09
7.974426356673751685e-04 -1.986577870768562626e+00 9.536193548600615486e+02 9.864689662919532777e-07 -4.529575759750109398e+00 1.222773275669862747e+09
7.974426356673751685e-04 -1.986577870768562626e+00 9.536193548600615486e+02 9.864689662919532777e-07 -4.529575759750109398e+00 1.222773275669862747e+09
7.982804909455675727e-04 -1.990462277470574470e+00 9.012601235897666356e+02 2.621751528265256380e-06 -3.399298285802166752e+00 1.222773275672102451e+09
8.086952995511279430e-04 -1.980228246206460208e+00 9.065673662819755236e+02 3.268345898748915572e-06 -3.314828403618593988e+00 1.222773275672936440e+09
8.086952995511279430e-04 -1.980228246206460208e+00 9.065673662819755236e+02 3.268345898748915572e-06 -3.314828403618593988e+00 1.222773275672936440e+09
8.047326735844090133e-04 -1.979319082947468056e+00 9.660231548326315760e+02 1.082037526054015569e-05 -2.472157103663550792e+00 1.222773275674138069e+09
8.231038657483747334e-04 -1.969147766154675239e+00 7.927844994389904514e+02 4.283482199579707716e-06 -3.212427023325073350e+00 1.222773275674716949e+09
8.108631767881426021e-04 -1.980012497976946673e+00 8.523575712371289228e+02 1.836991642519487332e-06 -3.802949821520551943e+00 1.222773275674835682e+09
8.154337654034869666e-04 -1.965450119118000050e+00 8.292220713102109357e+02 1.610999059950407800e-06 -3.843122195665551466e+00 1.222773275674909592e+09
8.154337654034869666e-04 -1.965450119118000050e+00 8.292220713102109357e+02 1.610999059950407800e-06 -3.843122195665551466e+00 1.222773275674909592e+09
7.959844204377577569e-04 -1.983906272733457321e+00 9.357692167073457767e+02 3.712671093413462728e-06 -3.394852668431361131e+00 1.222773275677097559e+09
8.284965423500728014e-04 -1.956229735932332403e+00 7.546722408174792918e+02 3.167016388956958414e-06 -3.236406652683701424e+00 1.222773275678789616e+09
8.347733763035119223e-04 -1.955104423884810316e+00 7.125631729187082328e+02 4.105850219597326671e-06 -3.363806303871848868e+00 1.222773275679252386e+09
8.129740243219167129e-04 -1.967635594802731314e+00 8.392951582366448520e+02 6.318814450248267974e-06 -2.650307657214119317e+00 1.222773275679743528e+09
8.139795953321347661e-04 -1.973066758391250453e+00 8.448129491671326150e+02 1.183779194280076141e-05 -2.245039372859093163e+00 1.222773275679805517e+09
8.017017790061773145e-04 -1.985000636360393589e+00 9.365668896925052422e+02 1.312546597639216459e-06 -3.933814811445484949e+00 1.222773275680041075e+09
8.427358851357957684e-04 -1.952757870952938068e+00 6.535513043446393340e+02 3.988361132694823500e-06 -3.341601356259913835e+00 1.222773275680266380e+09
8.055312941137006888e-04 -1.981872587195190327e+00 8.314959079493218042e+02 6.163798157630037667e-06 -2.661319496370293081e+00 1.222773275682549000e+09
7.962906879218263363e-04 -1.983514688481364363e+00 9.395818944883612858e+02 3.343908268015992618e-06 -3.105725041946110210e+00 1.222773275682909250e+09
8.010210393900017451e-04 -1.983931682473240254e+00 9.445175281654015862e+02 1.023896356593167568e-05 -2.237143363584838340e+00 1.222773275683189392e+09
7.977015562164501208e-04 -1.991839853275329197e+00 8.780644641129537149e+02 3.852977363622188414e-06 -3.400768629803512688e+00 1.222773275683706284e+09
8.237372085626705562e-04 -1.964771378365103960e+00 7.577629406991783299e+02 7.620681223716719377e-06 -2.871941220312136167e+00 1.222773275684545040e+09
8.169080785963218124e-04 -1.970828104498968614e+00 8.169011758009262394e+02 2.257207487480268439e-06 -3.427700558584994006e+00 1.222773275687505722e+09
8.036132442821752224e-04 -1.982053882198172357e+00 9.427399961934432895e+02 6.788172667405180463e-07 -4.607121526307953907e+00 1.222773275689159632e+09
8.108032879117878580e-04 -1.977567496370254974e+00 8.638153464893035789e+02 1.465406830309158535e-06 -3.873576028154218420e+00 1.222773275689194441e+09
8.117215703198666938e-04 -1.970780202868165798e+00 9.227570149703504967e+02 5.282535830822404181e-06 -3.139981593433653018e+00 1.222773275690262794e+09
8.407896640964551173e-04 -1.948998570115050510e+00 6.941812891388444768e+02 4.282953876858236108e-06 -3.128316737063526531e+00 1.222773275693928719e+09
8.073932363057387566e-04 -1.979346578180928962e+00 8.097133984621397076e+02 1.402003245108839392e-06 -3.889423288715878613e+00 1.222773275694435358e+09
7.979016228054927823e-04 -1.991866954154852376e+00 8.973358373367564127e+02 5.872562248957643340e-06 -2.863076883377965842e+00 1.222773275695286751e+09
7.979016228054927823e-04 -1.991866954154852376e+00 8.973358373367564127e+02 5.872562248957643340e-06 -2.863076883377965842e+00 1.222773275695286751e+09
8.357485219092348865e-04 -1.959167501703129144e+00 6.516452285127553523e+02 2.887352013232849331e-06 -3.471724068955195364e+00 1.222773275696774483e+09
8.055259634858458716e-04 -1.978497098416492683e+00 9.986770399695199103e+02 5.461868810769227362e-06 -3.025262297747318918e+00 1.222773275700258017e+09
8.084011526075267004e-04 -1.977444536881113990e+00 7.999754835885197508e+02 5.993857288532757017e-06 -2.827750893265307042e+00 1.222773275703347683e+09
8.260338606156467783e-04 -1.965607120963052123e+00 7.681269979482958661e+02 9.026788204081553712e-06 -2.539169475849870850e+00 1.222773275705516338e+09
8.051357094470026725e-04 -1.985363050467953139e+00 8.194204094253009316e+02 5.263552329038938175e-06 -2.951220262211730727e+00 1.222773275711308956e+09
8.113469439565599520e-04 -1.980057185612369430e+00 7.889424178791225586e+02 1.097074969437645607e-06 -4.260382819978858926e+00 1.222773275711715221e+09
8.313932960593232568e-04 -1.959070083036881016e+00 7.062311926692152610e+02 1.319413618801134008e-06 -4.202922053698133098e+00 1.222773275715023041e+09
8.313932960593232568e-04 -1.959070083036881016e+00 7.062311926692152610e+02 1.319413618801134008e-06 -4.202922053698133098e+00 1.222773275715023041e+09
8.050954747759498124e-04 -1.973594627610586905e+00 8.895541752209835522e+02 2.772280145339550934e-06 -3.370966171519394372e+00 1.222773275715405703e+09
8.283764544953812429e-04 -1.961472910216734089e+00 7.673148649858933368e+02 2.924831261624159243e-06 -3.385403563543595062e+00 1.222773275718147278e+09
8.147055190923344244e-04 -1.967222379777056718e+00 8.189329678867626399e+02 7.717964455793115879e-06 -2.687795874513732031e+00 1.222773275718414307e+09
8.138345431116193046e-04 -1.968889665219416774e+00 8.949866027512297251e+02 8.069192028250893759e-06 -2.748458257730966636e+00 1.222773275719173670e+09
8.329685651595099142e-04 -1.961076284587746965e+00 6.772369783245910639e+02 3.054191640665105597e-06 -3.597398173524863907e+00 1.222773275719575167e+09
7.970720512736910370e-04 -1.985257395363488220e+00 9.923652098537860411e+02 6.401190596332748839e-07 -4.469820483028475344e+00 1.222773275720569849e+09
8.256369888720901506e-04 -1.968623862695516369e+00 7.483705617594933983e+02 4.676144379719504671e-06 -3.242940377664860208e+00 1.222773275720706940e+09
8.210453476660039066e-04 -1.973275548128976098e+00 7.383378118137414958e+02 6.358768841647715030e-06 -2.849112972987665415e+00 1.222773275720830917e+09
8.132802821427583678e-04 -1.976136409482869727e+00 8.400675921625644378e+02 3.622564560036828177e-06 -3.093774429846215313e+00 1.222773275722458839e+09
8.132802821427583678e-04 -1.976136409482869727e+00 8.400675921625644378e+02 3.622564560036828177e-06 -3.093774429846215313e+00 1.222773275722458839e+09
7.897263821341137750e-04 -1.990640691908670323e+00 9.797776374427028259e+02 8.260976735459114061e-07 -4.478906187313043574e+00 1.222773275722891331e+09
8.099712271903995644e-04 -1.970119943632792081e+00 8.526641432655846984e+02 1.454935026638855370e-06 -3.942835035392515231e+00 1.222773275723710537e+09
8.099712271903995644e-04 -1.970119943632792081e+00 8.526641432655846984e+02 1.454935026638855370e-06 -3.942835035392515231e+00 1.222773275723710537e+09
8.102923296385808631e-04 -1.975828302157279115e+00 9.079930000838751312e+02 4.901436375710095368e-06 -2.853858812395898781e+00 1.222773275728132963e+09
7.906347160054195793e-04 -1.996453130208036608e+00 9.493723113320870652e+02 3.588929107139312230e-06 -3.490441278566230210e+00 1.222773275730725527e+09
7.989262515871628197e-04 -1.987556317845097675e+00 9.770547372311589243e+02 1.918444523736262175e-06 -3.646396597253863447e+00 1.222773275731718063e+09
7.885746842304896522e-04 -1.994960145201206236e+00 9.629441293936750981e+02 4.601953929177008925e-06 -3.008482754663201142e+00 1.222773275734078646e+09
8.305632715728844973e-04 -1.959462546110865233e+00 7.359719284566704118e+02 1.358461501607010486e-06 -4.127965455155688801e+00 1.222773275734216213e+09
7.977286461053231499e-04 -1.979724052248880373e+00 9.944043850190493004e+02 1.231503706320246726e-06 -4.217180750065641526e+00 1.222773275735200167e+09
7.945827532183255505e-04 -1.986175097208430440e+00 9.209620007060707394e+02 3.013182426027763833e-06 -3.478549933722342224e+00 1.222773275735662699e+09
8.124881058001142114e-04 -1.973985516717380762e+00 9.070665582600200878e+02 4.686682914241412032e-06 -2.998877276656831015e+00 1.222773275735775471e+09
8.013889227007983543e-04 -1.980475090891038459e+00 8.861169575953655340e+02 8.054058644629718395e-07 -4.328067089370573051e+00 1.222773275736342907e+09
8.273644802195434132e-04 -1.962873519408971479e+00 7.133949809263979205e+02 8.698053170028496677e-06 -2.649835668389528109e+00 1.222773275738895655e+09
8.319049352125887494e-04 -1.961508377524978197e+00 7.172683692552694765e+02 6.118938951775938432e-06 -2.747894919682225989e+00 1.222773275739420652e+09
7.954803392858515775e-04 -1.993267049499439558e+00 9.907595290645248269e+02 5.441217729100005721e-06 -2.918863239454703162e+00 1.222773275744351625e+09
7.944775642934735239e-04 -1.987472621018989027e+00 9.867099077775551450e+02 4.626101242512772264e-06 -3.344051680963240791e+00 1.222773275746076822e+09
8.289279606170345130e-04 -1.959304717265570428e+00 7.520527006296148329e+02 1.386647225623796869e-06 -3.997380149770351387e+00 1.222773275746993542e+09
8.138783496450637455e-04 -1.968467211558062813e+00 8.738343882210480160e+02 2.903971648551219527e-06 -3.643554163872974705e+00 1.222773275747350693e+09
8.138783496450637455e-04 -1.968467211558062813e+00 8.738343882210480160e+02 2.903971648551219527e-06 -3.643554163872974705e+00 1.222773275747350693e+09
7.953870467169988061e-04 -1.987918265816826180e+00 9.614552273585209150e+02 9.555537312561313134e-07 -4.105253625344590596e+00 1.222773275750086546e+09
8.133110201759249968e-04 -1.968862743800754878e+00 8.410285377075002771e+02 1.913899188775383302e-06 -3.551150355832511707e+00 1.222773275752055645e+09
8.098161943122532316e-04 -1.974246205446299030e+00 9.207596837756400419e+02 5.388200509587189895e-06 -3.183453541577380363e+00 1.222773275752074242e+09
8.100778567457086413e-04 -1.975881815626437721e+00 8.849885844787695532e+02 9.979420100441859157e-06 -2.263419367484843292e+00 1.222773275754627466e+09
8.356359827919107239e-04 -1.957237617664502327e+00 7.077584016661012356e+02 6.541865361508361244e-06 -2.709496328793565390e+00 1.222773275754789591e+09
7.962608926238653627e-04 -1.991770752061241767e+00 9.697299065630386394e+02 2.370886564869636445e-06 -3.508446981056386527e+00 1.222773275755349159e+09
7.962608926238653627e-04 -1.991770752061241767e+00 9.697299065630386394e+02 2.370886564869636445e-06 -3.508446981056386527e+00 1.222773275755349159e+09
8.202144584308118571e-04 -1.972900879435339760e+00 7.614567100706125302e+02 1.697836698737228679e-06 -4.039318558519253699e+00 1.222773275755483866e+09
8.158948542038508330e-04 -1.968642236458981287e+00 7.770590672740647733e+02 1.550235516088163931e-06 -4.052692022741805289e+00 1.222773275756156445e+09
8.280968152540278682e-04 -1.960301908828028239e+00 7.652429620462362436e+02 1.911142279283945304e-06 -3.911481125467537012e+00 1.222773275756749392e+09
8.083466096053085496e-04 -1.973534789290930291e+00 8.866381011945451291e+02 5.440286474097099715e-06 -2.626866754763420353e+00 1.222773275759218454e+09
8.246864776969430218e-04 -1.959067791540069381e+00 7.745002081680615902e+02 4.436943005567068090e-06 -2.915219849545533037e+00 1.222773275759518623e+09
8.246864776969430218e-04 -1.959067791540069381e+00 7.745002081680615902e+02 4.436943005567068090e-06 -2.915219849545533037e+00 1.222773275759518623e+09
8.012491388230997972e-04 -1.985231173208782396e+00 9.135155469215193307e+02 2.399824295674145920e-06 -3.362735397723225717e+00 1.222773275759790659e+09
7.946179001482613340e-04 -1.992181297823549135e+00 9.974905955459928464e+02 4.418069554324260715e-06 -2.945025203430679639e+00 1.222773275760442972e+09
7.946179001482613340e-04 -1.992181297823549135e+00 9.974905955459928464e+02 4.418069554324260715e-06 -2.945025203430679639e+00 1.222773275760442972e+09
7.893071133639585710e-04 -1.996733634004078883e+00 9.478650714665428723e+02 2.008260677394649887e-06 -3.899046982393999272e+00 1.222773275766682625e+09
8.216682405273598644e-04 -1.965345245983053601e+00 7.356655994104760339e+02 4.590251569637846183e-06 -3.219969030757658501e+00 1.222773275767585516e+09
7.914633780683831945e-04 -1.993696546886766452e+00 9.870560691830789892e+02 7.019931278880682679e-06 -2.551443962079050110e+00 1.222773275771362782e+09
7.998220929128286357e-04 -1.986149418478939666e+00 8.751308018262960786e+02 5.591649206057017968e-06 -2.743434785242424567e+00 1.222773275774030924e+09
8.065327963430557294e-04 -1.975787691807978419e+00 8.688735654001466173e+02 7.090177665696592357e-06 -2.884271175397611131e+00 1.222773275776332617e+09
7.899803922504609758e-04 -1.997178312835604430e+00 9.915085796853880993e+02 6.238561763150834726e-06 -3.033821243967761205e+00 1.222773275776537657e+09
8.099975831836565485e-04 -1.968671914204778162e+00 9.104340407531783512e+02 2.686064348497287381e-06 -3.526573143266390709e+00 1.222773275777874231e+09
8.120173204747738356e-04 -1.973140780699354835e+00 8.359960177547583271e+02 8.857345196202558543e-06 -2.289319969749953998e+00 1.222773275780095816e+09
7.974156042247710144e-04 -1.979483759310681990e+00 9.944019037614367562e+02 1.224264961313862899e-06 -4.138655463469239848e+00 1.222773275782603264e+09
8.036416969021161058e-04 -1.975835124195339576e+00 9.229444971870663039e+02 1.214816060003365920e-06 -3.962631148801865066e+00 1.222773275782801151e+09
8.068311556232364524e-04 -1.977531047322893976e+00 9.281609213681418851e+02 1.184173643514349054e-05 -2.277687139409344752e+00 1.222773275786626101e+09
8.242348350574971866e-04 -1.962124699060331157e+00 8.085803282649657149e+02 8.300940069721063889e-06 -2.502657423101528167e+00 1.222773275787467003e+09
8.333123148665094997e-04 -1.960195090215084868e+00 6.988910760578060035e+02 1.540408963927028762e-06 -4.008414648112044176e+00 1.222773275788166285e+09
8.333123148665094997e-04 -1.960195090215084868e+00 6.988910760578060035e+02 1.540408963927028762e-06 -4.008414648112044176e+00 1.222773275788166285e+09
8.118387392473004746e-04 -1.975839306606586021e+00 8.447913491622489346e+02 1.049893674719912047e-05 -2.542974649504749607e+00 1.222773275788453579e+09
8.084400039944362971e-04 -1.976628199424272481e+00 9.400457358003488935e+02 4.338287394147472931e-06 -2.997904622346181824e+00 1.222773275790933132e+09
7.876075535422705698e-04 -1.999943596458950479e+00 9.748683130857743890e+02 1.956524968501414039e-06 -3.798124879462051240e+00 1.222773275791225672e+09
8.117662745445270930e-04 -1.975198961483813020e+00 7.745049135882296696e+02 5.307126764292052378e-06 -2.914797833537720706e+00 1.222773275791246176e+09
8.117662745445270930e-04 -1.975198961483813020e+00 7.745049135882296696e+02 5.307126764292052378e-06 -2.914797833537720706e+00 1.222773275791246176e+09
8.038876028887794638e-04 -1.983623476405740549e+00 8.468404530910700032e+02 5.190368149940971308e-06 -2.787607317116058248e+00 1.222773275792567015e+09
8.038876028887794638e-04 -1.983623476405740549e+00 8.468404530910700032e+02 5.190368149940971308e-06 -2.787607317116058248e+00 1.222773275792567015e+09
7.949101087373771930e-04 -1.986347122455520475e+00 9.534827529445757364e+02 8.569156061714156992e-06 -2.445778092610876087e+00 1.222773275793989897e+09
8.176887194932713938e-04 -1.971809424488460749e+00 7.641881468889881717e+02 7.973817506125216643e-07 -4.393606862165972515e+00 1.222773275794143677e+09
7.899325484078173389e-04 -1.999265021700181499e+00 9.723317062815273175e+02 2.463628026564445635e-06 -3.713963321220456137e+00 1.222773275802581787e+09
7.899325484078173389e-04 -1.999265021700181499e+00 9.723317062815273175e+02 2.463628026564445635e-06 -3.713963321220456137e+00 1.222773275802581787e+09
8.316148398652665769e-04 -1.960992661013630345e+00 7.195853319388082809e+02 7.849988625689185756e-06 -2.543399064311188340e+00 1.222773275804746389e+09
8.202762791669511574e-04 -1.970408337509349517e+00 7.327288643373645982e+02 1.007237033477197659e-06 -4.313190002756007502e+00 1.222773275805667877e+09
8.225986678277500373e-04 -1.966018064350566696e+00 7.723007640977618848e+02 9.432606297299948327e-06 -2.307532339115823561e+00 1.222773275806004047e+09
8.316546523756743452e-04 -1.960179304235217135e+00 7.284600260616341529e+02 2.280154260069531122e-06 -3.801228886036273735e+00 1.222773275807128906e+09
8.150458813583207713e-04 -1.974598276468991553e+00 7.774332484481253687e+02 7.939624074029554728e-06 -2.789562287746742086e+00 1.222773275808951139e+09
7.990824920444442557e-04 -1.982883196640187196e+00 9.712300854563110306e+02 6.750681422544036516e-07 -4.423427718265680930e+00 1.222773275813239098e+09
7.922816225879586579e-04 -1.990982480919365250e+00 9.946081985160200247e+02 5.145963245375490469e-07 -4.932391375324650440e+00 1.222773275813481808e+09
8.052926125807933697e-04 -1.981629744449696418e+00 8.421917424048986049e+02 8.342437773663591516e-06 -2.709744610652810692e+00 1.222773275814579487e+09
7.975903537431090632e-04 -1.986718391502649173e+00 9.636111897233482750e+02 2.838996066828974384e-06 -3.763845914917256508e+00 1.222773275815294981e+09
8.303710147710320491e-04 -1.964966374179176301e+00 7.054833129284997995e+02 4.320395583057598167e-06 -3.303022044642466071e+00 1.222773275815750360e+09
8.115074634028707039e-04 -1.974271743697784576e+00 7.828787104323672565e+02 1.233121166018997481e-06 -4.114063081572398417e+00 1.222773275816437006e+09
8.311943188093630754e-04 -1.959735309014872140e+00 6.733340435672608919e+02 3.586666370794516993e-06 -3.336281700183505450e+00 1.222773275817606449e+09
8.047160066162613833e-04 -1.984201233857101343e+00 8.287113721727612301e+02 2.947532231875964916e-06 -3.658749164554374822e+00 1.222773275822666168e+09
8.024554622841704576e-04 -1.977627464715514982e+00 9.384808342863802864e+02 5.981777953395054915e-07 -4.703613470323380064e+00 1.222773275826211929e+09
8.069271391713036395e-04 -1.978823152253553763e+00 8.752457505702035405e+02 6.834287575032092675e-07 -4.441309008846795692e+00 1.222773275829353571e+09
8.412170057165801020e-04 -1.954131318833322473e+00 6.365199490209494115e+02 4.653193041717845426e-06 -3.119253096824360583e+00 1.222773275829679012e+09
8.072338999136400000e-04 -1.977987829588055746e+00 8.741808895687349832e+02 4.773276409194008636e-07 -4.925013108187282995e+00 1.222773275829824448e+09
8.072338999136400000e-04 -1.977987829588055746e+00 8.741808895687349832e+02 4.773276409194008636e-07 -4.925013108187282995e+00 1.222773275829824448e+09
7.885686201812191131e-04 -1.996468109571192917e+00 9.897119271742134288e+02 7.728104862175465016e-07 -4.430291788155771293e+00 1.222773275830278873e+09
8.264731096618455628e-04 -1.969043594737679870e+00 7.092375064868625714e+02 3.168602499301205654e-06 -3.436814359727822676e+00 1.222773275833192348e+09
8.167144210432898200e-04 -1.976187336210762702e+00 7.388741797004583987e+02 2.917888178111614954e-06 -3.542482154680369533e+00 1.222773275833890200e+09
8.167144210432898200e-04 -1.976187336210762702e+00 7.388741797004583987e+02 2.917888178111614954e-06 -3.542482154680369533e+00 1.222773275833890200e+09
7.943559704320390415e-04 -1.988350404219790812e+00 9.747178763431631978e+02 1.019900272834340986e-05 -2.311739696180476145e+00 1.222773275838685036e+09
8.167555794700461207e-04 -1.972500964071762342e+00 7.418370449981090360e+02 3.205076594835157158e-06 -3.269811529240826964e+00 1.222773275841862917e+09
8.096596571401973004e-04 -1.973469908613425527e+00 8.280228532097064544e+02 7.014161304046295362e-06 -2.829016546349978789e+00 1.222773275842721701e+09
8.096596571401973004e-04 -1.973469908613425527e+00 8.280228532097064544e+02 7.014161304046295362e-06 -2.829016546349978789e+00 1.222773275842721701e+09
8.019573277595635824e-04 -1.982247713937679734e+00 9.017828341485088686e+02 2.212621604494436654e-06 -3.381590438115715358e+00 1.222773275843914270e+09
8.017421434495926270e-04 -1.986988762166061351e+00 9.441417305066329391e+02 3.473568105171132316e-06 -3.236273350650958669e+00 1.222773275844048500e+09
7.963107205892426240e-04 -1.982207607318428266e+00 9.972037616002853611e+02 9.678273694860069017e-07 -4.141905244699304767e+00 1.222773275844816446e+09
7.963107205892426240e-04 -1.982207607318428266e+00 9.972037616002853611e+02 9.678273694860069017e-07 -4.141905244699304767e+00 1.222773275844816446e+09
8.173373757377308708e-04 -1.975554298154646560e+00 7.562573445786950970e+02 1.636514082734724179e-06 -3.907003031796429937e+00 1.222773275845203400e+09
8.173373757377308708e-04 -1.975554298154646560e+00 7.562573445786950970e+02 1.636514082734724179e-06 -3.907003031796429937e+00 1.222773275845203400e+09
8.242259147951868032e-04 -1.967803946306898588e+00 7.763981655197919736e+02 5.009398134394016921e-06 -2.955257713865920621e+00 1.222773275847193718e+09
8.242259147951868032e-04 -1.967803946306898588e+00 7.763981655197919736e+02 5.009398134394016921e-06 -2.955257713865920621e+00 1.222773275847193718e+09
7.912871662076097429e-04 -1.993946706591660512e+00 9.879656008717095119e+02 4.916545635601005568e-07 -4.864700401069860902e+00 1.222773275847231865e+09
8.074221811208318967e-04 -1.972670230890895215e+00 9.496567824935086719e+02 6.985780899068491457e-06 -2.552873598578933922e+00 1.222773275849299908e+09
8.010008291439709924e-04 -1.983143831273662450e+00 8.678634995333359257e+02 2.960052219457371364e-06 -3.229167565653946248e+00 1.222773275850469589e+09
8.081946698401593944e-04 -1.971240994292974502e+00 8.722927062218127503e+02 3.007485852335615557e-06 -3.500082510221279364e+00 1.222773275851783276e+09
8.138513077820187141e-04 -1.976080055640139665e+00 8.171779945942103041e+02 8.386867009114145929e-07 -4.442158367492168303e+00 1.222773275854614735e+09
8.122488783607634700e-04 -1.978495476647668561e+00 7.604398648400128877e+02 2.355792178366657865e-06 -3.659416234828534620e+00 1.222773275855386019e+09
7.951458242682151291e-04 -1.986503072024224270e+00 9.448566170817665579e+02 9.907343258944331198e-07 -4.456757036037314101e+00 1.222773275858503342e+09
8.209854357727335320e-04 -1.967602337077407837e+00 8.009382996780948361e+02 1.072887723771608695e-05 -2.327380381287509792e+00 1.222773275862225533e+09
8.209854357727335320e-04 -1.967602337077407837e+00 8.009382996780948361e+02 1.072887723771608695e-05 -2.327380381287509792e+00 1.222773275862225533e+09
8.418656332188839209e-04 -1.952914894372888899e+00 6.608983450446183951e+02 3.391702733158456708e-06 -3.295333577599339314e+00 1.222773275862960339e+09
8.418656332188839209e-04 -1.952914894372888899e+00 6.608983450446183951e+02 3.391702733158456708e-06 -3.295333577599339314e+00 1.222773275862960339e+09
8.157430336622726891e-04 -1.973443899046622096e+00 8.152129153951615308e+02 1.756792821152353023e-06 -3.697388400263205810e+00 1.222773275863737106e+09
7.923661165005513622e-04 -1.987173278220561112e+00 9.967609116426034461e+02 7.129780426794703092e-07 -4.654445398255702138e+00 1.222773275864511490e+09
8.080543306772930553e-04 -1.977951766143848378e+00 8.062289557594391454e+02 5.700575320269681255e-06 -3.004017185474657126e+00 1.222773275867514849e+09
8.041369475519264624e-04 -1.981535190745759234e+00 8.868184396584565548e+02 6.288422508155862238e-06 -3.080745188818458935e+00 1.222773275869220495e+09
7.912360096891956924e-04 -1.995881552746539445e+00 9.581359257090138044e+02 1.234480775374357467e-06 -4.303635061944959261e+00 1.222773275869471550e+09
8.084358678543444128e-04 -1.972320733646767188e+00 8.433911569838983269e+02 5.196581231254887177e-06 -2.969808451644655456e+00 1.222773275869516373e+09
8.417445157527604421e-04 -1.950036845391352802e+00 6.703390697868267125e+02 2.476644219210382793e-06 -3.579405006632086383e+00 1.222773275869768620e+09
8.290876105048742466e-04 -1.966266395734524330e+00 6.847510762898695020e+02 3.720419833348241332e-06 -3.348655938566458268e+00 1.222773275873101473e+09
8.106792258953976786e-04 -1.973746433772694431e+00 9.207975545657990324e+02 5.571298720550746687e-06 -3.131051297588513194e+00 1.222773275877333641e+09
8.132506008271709556e-04 -1.972141172846408441e+00 8.619243167629294931e+02 7.893261983117934237e-07 -4.435377221212723597e+00 1.222773275877763271e+09
7.890744606177836759e-04 -1.997792747962857440e+00 9.729107213044915170e+02 4.554863767243525960e-06 -3.021432188529349361e+00 1.222773275879914522e+09
8.008261772543951145e-04 -1.983423945734503535e+00 8.940077436484092459e+02 4.592423050951346574e-06 -2.801716736212267911e+00 1.222773275882317543e+09
8.008261772543951145e-04 -1.983423945734503535e+00 8.940077436484092459e+02 4.592423050951346574e-06 -2.801716736212267911e+00 1.222773275882317543e+09
7.914996125263634849e-04 -1.986984816117934205e+00 9.982863847278257481e+02 4.488014395643897373e-06 -3.227056725221345346e+00 1.222773275884269714e+09
8.259612242188461287e-04 -1.959190865997499920e+00 7.835389960419424824e+02 2.509756402114446559e-06 -3.678092076034639391e+00 1.222773275885233164e+09
8.259612242188461287e-04 -1.959190865997499920e+00 7.835389960419424824e+02 2.509756402114446559e-06 -3.678092076034639391e+00 1.222773275885233164e+09
7.948217908918714424e-04 -1.985315713588696962e+00 9.429105533542932562e+02 3.422749245260084518e-06 -3.128336438170784106e+00 1.222773275886396885e+09
7.948217908918714424e-04 -1.985315713588696962e+00 9.429105533542932562e+02 3.422749245260084518e-06 -3.128336438170784106e+00 1.222773275886396885e+09
8.113348557471257569e-04 -1.968874729234581622e+00 8.679560818468529533e+02 6.568621688421543728e-06 -2.603250015645344639e+00 1.222773275888075829e+09
8.040446945689954869e-04 -1.976927940679257922e+00 8.825713203231854322e+02 7.796668132495938479e-07 -4.504481514643861040e+00 1.222773275888471127e+09
8.010896923398537961e-04 -1.981849474453466264e+00 9.381055975955088115e+02 2.696572937955664630e-06 -3.205560730196872932e+00 1.222773275889002323e+09
8.162690556349033689e-04 -1.973141588625011433e+00 7.882679415565123691e+02 6.694944002954314547e-07 -4.609716790354942972e+00 1.222773275889273167e+09
8.070669383907858128e-04 -1.979282245913310145e+00 9.190167629423251583e+02 4.638584075810047976e-06 -2.877014635782980001e+00 1.222773275889564514e+09
8.164190644930562719e-04 -1.972769963671987981e+00 7.546116486885786117e+02 7.233923409468829347e-06 -2.647423174179167837e+00 1.222773275892755508e+09
8.048284442759046390e-04 -1.984586412086202012e+00 8.688239854604331640e+02 5.088394751495139436e-06 -2.841487795738791178e+00 1.222773275895040035e+09
8.061539756571626907e-04 -1.975325735840173458e+00 9.489116488037130921e+02 1.045903875617788128e-06 -4.340354849823441441e+00 1.222773275897680998e+09
7.947993266251655040e-04 -1.987419174542699896e+00 9.531331763326005557e+02 2.849314977662934562e-06 -3.192264475682156544e+00 1.222773275900408983e+09
8.305874866892729025e-04 -1.964260108857097009e+00 6.739830930361200672e+02 3.935080546483426450e-06 -3.248436078808952132e+00 1.222773275903255224e+09
8.305874866892729025e-04 -1.964260108857097009e+00 6.739830930361200672e+02 3.935080546483426450e-06 -3.248436078808952132e+00 1.222773275903255224e+09
7.876840546541958579e-04 -1.998498666840560656e+00 9.716228831364423968e+02 4.075986885746738517e-06 -3.155549366752016915e+00 1.222773275905667782e+09
7.876840546541958579e-04 -1.998498666840560656e+00 9.716228831364423968e+02 4.075986885746738517e-06 -3.155549366752016915e+00 1.222773275905667782e+09
7.929898366028684904e-04 -1.991545888977823475e+00 9.515962415101383840e+02 5.828443563339265619e-07 -4.642694433488447459e+00 1.222773275906108141e+09
8.139169307434919670e-04 -1.976172166452317747e+00 7.507333245439266420e+02 2.417008809194381339e-06 -3.627913525732417099e+00 1.222773275906465054e+09
8.238966586501754842e-04 -1.964284494788810509e+00 7.639895477592436919e+02 4.112487780341510285e-06 -2.915746299831427635e+00 1.222773275909424543e+09
8.013790554848919216e-04 -1.987660786089231468e+00 9.138793790950692255e+02 2.506117748931773545e-06 -3.463824619890787382e+00 1.222773275910293341e+09
7.980346441865092399e-04 -1.982128631938095520e+00 9.233466757403764404e+02 8.456124201819648622e-07 -4.441806512330485290e+00 1.222773275911921740e+09
8.043329399337296407e-04 -1.974427398761524621e+00 9.089870319079725505e+02 2.021824711584501251e-06 -3.593428040057018436e+00 1.222773275912393093e+09
8.136335856362378761e-04 -1.969541063317116869e+00 8.739142087691561755e+02 1.108586106014961208e-06 -4.286205905022260509e+00 1.222773275913290501e+09
8.075567770711526141e-04 -1.975139662324807421e+00 8.464417662284789685e+02 4.872626087860676131e-06 -3.201845870063002586e+00 1.222773275913624525e+09
8.351915979755009231e-04 -1.959068803856233831e+00 6.777295355807216310e+02 6.605826231627345104e-06 -2.929258039585319828e+00 1.222773275914022446e+09
8.133535618817627462e-04 -1.967159494617136239e+00 8.877636273565769898e+02 2.780162476012728275e-06 -3.577855849543495559e+00 1.222773275914953232e+09
8.301545207149418079e-04 -1.962925576637320368e+00 6.981550277457772609e+02 3.614019353306529200e-06 -3.131453671171261277e+00 1.222773275916089296e+09
8.231205933509455185e-04 -1.964585163955479441e+00 8.041586346770486671e+02 2.707526386420626945e-06 -3.404514801862958073e+00 1.222773275917162657e+09
8.231205933509455185e-04 -1.964585163955479441e+00 8.041586346770486671e+02 2.707526386420626945e-06 -3.404514801862958073e+00 1.222773275917162657e+09
7.942380639029912506e-04 -1.987310083015072060e+00 9.266069867505076445e+02 1.257457493138693277e-06 -4.190442452772012771e+00 1.222773275917558193e+09
8.208391111597652771e-04 -1.966838382570053945e+00 7.787546269664842384e+02 2.265895535232827953e-06 -3.416925752255353110e+00 1.222773275918185234e+09
8.131864215901179896e-04 -1.976202447941096008e+00 8.667896718355062831e+02 2.026863791893179375e-06 -3.861181286597464180e+00 1.222773275918601274e+09
8.002001862132463632e-04 -1.990305518597080381e+00 8.989745986691129929e+02 5.417203734062005123e-06 -3.132550792421312735e+00 1.222773275920650244e+09
8.215555241564174516e-04 -1.963853128620527855e+00 8.017660307219645119e+02 2.236235747745821453e-06 -3.475834888166403402e+00 1.222773275920948505e+09
8.243903845155987637e-04 -1.965499625866285793e+00 7.663415353844137599e+02 1.468041160103586393e-06 -3.906898472935735001e+00 1.222773275921057224e+09
8.109026798742654564e-04 -1.971466510753527412e+00 8.237032501468905821e+02 7.160503061459472468e-06 -2.717832735106195940e+00 1.222773275922852755e+09
8.110914869100414783e-04 -1.980333259180583338e+00 7.881745560507403070e+02 1.372359828272403201e-06 -4.155672493108597543e+00 1.222773275923857212e+09
8.010735408241949091e-04 -1.980868578501401078e+00 9.918400186376321699e+02 4.185619614838723128e-06 -3.412834678301116753e+00 1.222773275924283743e+09
8.009971684395028125e-04 -1.978485601180468567e+00 9.624366677054402999e+02 9.507265387802642836e-06 -2.322568110220620596e+00 1.222773275926806450e+09
7.888773861193347503e-04 -1.997496218825082881e+00 9.791309070785324593e+02 9.835411910812340699e-07 -4.428043382613461532e+00 1.222773275928235054e+09
8.190794291397863244e-04 -1.962720400173847635e+00 8.086428008892384014e+02 7.012336414061367463e-06 -2.677708204499941402e+00 1.222773275930152416e+09
7.999106746592183877e-04 -1.988504260746861707e+00 9.015725058044379239e+02 9.550251838272853725e-07 -4.485543709551588876e+00 1.222773275930850506e+09
8.112219103653305280e-04 -1.973225558093358867e+00 8.608964599793296202e+02 5.589624332343103386e-07 -4.718762529322052757e+00 1.222773275930864811e+09
8.112219103653305280e-04 -1.973225558093358867e+00 8.608964599793296202e+02 5.589624332343103386e-07 -4.718762529322052757e+00 1.222773275930864811e+09
7.917997835457431938e-04 -1.997184997450029531e+00 9.558802141689990322e+02 5.238947588034602331e-06 -3.068130698007283996e+00 1.222773275932309628e+09
8.101437439965734812e-04 -1.975317363963074335e+00 9.316365201870748933e+02 3.111184530940868910e-06 -3.378562270849576166e+00 1.222773275934514999e+09
8.052121269182050322e-04 -1.978843377991083896e+00 9.557473554372486433e+02 8.107565719736351093e-06 -2.432465343780677358e+00 1.222773275934708118e+09
8.046572171552567390e-04 -1.976655106013335050e+00 9.801939874680049343e+02 3.694843092948092246e-06 -3.073281141017541351e+00 1.222773275937045574e+09
7.998781826221931530e-04 -1.986735462896707327e+00 8.612502474416212408e+02 3.236999164938713278e-06 -3.233373517915456574e+00 1.222773275940145731e+09
8.059175778525507101e-04 -1.976782827456868175e+00 9.250946085009878743e+02 5.068036847012366630e-06 -3.251775759752440820e+00 1.222773275940158367e+09
8.210086576458707278e-04 -1.968625839266993971e+00 8.227970927160741894e+02 7.153961097833707683e-06 -2.823061227118884631e+00 1.222773275940369129e+09
8.210086576458707278e-04 -1.968625839266993971e+00 8.227970927160741894e+02 7.153961097833707683e-06 -2.823061227118884631e+00 1.222773275940369129e+09
8.179141915466762959e-04 -1.969047233578610445e+00 7.418545260246183943e+02 2.737070879035905246e-06 -3.443071239058430599e+00 1.222773275940491915e+09
8.286632353539870495e-04 -1.956192364593759336e+00 7.308121534081315076e+02 4.897422705368075197e-06 -2.983421642653201644e+00 1.222773275940678835e+09
7.931499880974634880e-04 -1.991790813216725020e+00 9.491262602617080120e+02 4.456204443016522989e-06 -2.899627788931617545e+00 1.222773275941203833e+09
8.084637810675165872e-04 -1.976799771794991667e+00 8.342408386506849638e+02 1.023529522596396713e-06 -4.086192708010615959e+00 1.222773275941922188e+09
8.141042520211691893e-04 -1.971128384414149171e+00 8.726081436610417086e+02 1.206049479726107975e-06 -4.236898456648448885e+00 1.222773275942463636e+09
7.939958370642157155e-04 -1.988646823113737305e+00 9.779161670444872243e+02 4.831030697429703906e-07 -4.732519085364563338e+00 1.222773275946759462e+09
8.054597058213830169e-04 -1.972792123596370129e+00 9.378204548544802037e+02 3.927286175027526882e-06 -3.034724012234748081e+00 1.222773275948334694e+09
8.197926597493130838e-04 -1.973288012128800784e+00 7.767513145317927865e+02 1.998527104721097008e-06 -3.859591456602401216e+00 1.222773275951153040e+09
7.976948157141226011e-04 -1.989739071385521196e+00 9.305240220906284776e+02 7.806484480703230634e-06 -2.532200771828489572e+00 1.222773275951403379e+09
8.111560134372084287e-04 -1.972171295900261301e+00 8.200188669499510752e+02 8.837945433801289219e-07 -4.438532459943859365e+00 1.222773275951752663e+09
8.111560134372084287e-04 -1.972171295900261301e+00 8.200188669499510752e+02 8.837945433801289219e-07 -4.438532459943859365e+00 1.222773275951752663e+09
7.855168989234953113e-04 -2.000489766742950426e+00 9.925132734349676866e+02 1.913741341686389261e-06 -3.801578450993003955e+00 1.222773275953011990e+09
8.123862646902977941e-04 -1.973090788362841907e+00 8.356158416680633536e+02 1.830446085442855793e-06 -3.566278129449632850e+00 1.222773275954368591e+09
8.014395548910605450e-04 -1.982912782355084502e+00 9.072512033323251899e+02 1.021533339861132451e-06 -4.481849129333101089e+00 1.222773275955520630e+09
8.341462054773447939e-04 -1.953048168187306199e+00 7.294185828839125634e+02 6.128441537431600411e-06 -2.910485275520276360e+00 1.222773275955536127e+09
8.341462054773447939e-04 -1.953048168187306199e+00 7.294185828839125634e+02 6.128441537431600411e-06 -2.910485275520276360e+00 1.222773275955536127e+09
8.213139680936868683e-04 -1.972105691165434216e+00 7.543422952638045444e+02 6.403977935557317307e-06 -2.767439751349344057e+00 1.222773275957781076e+09
8.208320135301499457e-04 -1.972887822141348169e+00 7.447770402615590228e+02 6.587308664911983963e-06 -2.791720217312454899e+00 1.222773275957810163e+09
8.208320135301499457e-04 -1.972887822141348169e+00 7.447770402615590228e+02 6.587308664911983963e-06 -2.791720217312454899e+00 1.222773275957810163e+09
8.028926240146580171e-04 -1.983334102639435770e+00 9.314583928046279198e+02 1.087042359296825539e-05 -2.310671816619548125e+00 1.222773275963715076e+09
8.003139737097500700e-04 -1.983129441641154456e+00 9.118364106620284701e+02 4.503730238378518873e-07 -4.953325680811840215e+00 1.222773275965296030e+09
8.122589035068147759e-04 -1.972187201917940946e+00 7.841786491884757879e+02 4.008956493150194728e-06 -3.207460444330456184e+00 1.222773275965389967e+09
8.278807519591184754e-04 -1.958754176039286587e+00 7.352473803201386318e+02 1.605554974065496258e-06 -3.805151194916843060e+00 1.222773275966287136e+09
8.372842526937131647e-04 -1.956806534565411759e+00 6.960737324569939801e+02 3.836194028868253394e-06 -3.257172983363558316e+00 1.222773275968684435e+09
7.957563135717831250e-04 -1.986346127935811889e+00 9.217990856031319709e+02 2.662730824929695679e-06 -3.701162454445237948e+00 1.222773275969073772e+09
8.040004068972699197e-04 -1.974984688963388635e+00 9.030110915895893413e+02 1.897858932901293632e-06 -3.856225649802122568e+00 1.222773275972234249e+09
8.045928225720621382e-04 -1.975733118220612372e+00 9.041624284984201267e+02 6.041939567968949550e-06 -2.602988057674729738e+00 1.222773275974085808e+09
8.135939964687335241e-04 -1.975496954430896901e+00 8.379496285868253835e+02 2.648742020707235779e-06 -3.780224913612639348e+00 1.222773275979963064e+09
8.027237121184661699e-04 -1.980495141547694349e+00 8.547925789715302471e+02 4.774638494938321156e-06 -3.148839637629581745e+00 1.222773275981560707e+09
8.035543444424601747e-04 -1.980281636283306668e+00 8.620003349586677359e+02 5.984809825643406890e-07 -4.689063127286201116e+00 1.222773275982186317e+09
8.009890133375073117e-04 -1.981448802054305958e+00 9.333566338457551410e+02 4.961104610477514210e-07 -4.906058653692531912e+00 1.222773275982971668e+09
7.925545119162313032e-04 -1.990673390153402167e+00 9.584347926449137276e+02 5.842745547310701139e-06 -2.686789173648557849e+00 1.222773275983614683e+09
8.126361093154969113e-04 -1.975746595948142836e+00 8.434161587939659057e+02 4.157800610547670027e-06 -3.437140856402027822e+00 1.222773275984450102e+09
7.962805600407658370e-04 -1.986510405609621444e+00 9.399474892419608523e+02 1.153597125812497409e-06 -3.967145927314048137e+00 1.222773275988882303e+09
7.962805600407658370e-04 -1.986510405609621444e+00 9.399474892419608523e+02 1.153597125812497409e-06 -3.967145927314048137e+00 1.222773275988882303e+09
8.038301067916805943e-04 -1.978047736034682869e+00 9.118344152502777433e+02 3.723424130723415554e-06 -2.940443748390253909e+00 1.222773275991205215e+09
8.035035307153737824e-04 -1.985252231728455774e+00 9.163289291513167427e+02 1.773633673556777537e-06 -3.790279183519068340e+00 1.222773275995429277e+09
8.035035307153737824e-04 -1.985252231728455774e+00 9.163289291513167427e+02 1.773633673556777537e-06 -3.790279183519068340e+00 1.222773275995429277e+09
7.957096844313488572e-04 -1.993384381567682606e+00 8.923530836543862961e+02 3.813747665726302391e-06 -3.319918525283410915e+00 1.222773276002160072e+09
7.965442214519880904e-04 -1.987809133117496518e+00 9.192233685554494969e+02 6.299207555199030887e-06 -2.630341222831420467e+00 1.222773276006105185e+09
7.965442214519880904e-04 -1.987809133117496518e+00 9.192233685554494969e+02 6.299207555199030887e-06 -2.630341222831420467e+00 1.222773276006105185e+09
8.025254889163122799e-04 -1.975184463919497535e+00 9.374021104931043737e+02 5.602104086127936607e-06 -2.851966454129518880e+00 1.222773276007104874e+09
8.025254889163122799e-04 -1.975184463919497535e+00 9.374021104931043737e+02 5.602104086127936607e-06 -2.851966454129518880e+00 1.222773276007104874e+09
8.138389814658713532e-04 -1.977797109021758759e+00 8.326528452275356358e+02 2.747772897283091561e-06 -3.511291558986425976e+00 1.222773276009087563e+09
8.157901204856891821e-04 -1.968846043725664963e+00 8.456183480554651624e+02 9.937063797247835885e-06 -2.557138770349915546e+00 1.222773276011013985e+09
8.336151795137041473e-04 -1.957435129524448536e+00 6.684605134059855800e+02 3.552518919785182171e-06 -3.235102932470240056e+00 1.222773276011856079e+09
7.994108117095177074e-04 -1.985571689600074796e+00 9.285078366721454586e+02 4.506743089297374113e-07 -4.866179033803685883e+00 1.222773276012562275e+09
8.219941130172135797e-04 -1.966534506543784477e+00 7.674105669573176556e+02 2.924008419654161029e-06 -3.211524805006390260e+00 1.222773276019923449e+09
8.148418233162303638e-04 -1.968395327533845496e+00 7.857706880518226171e+02 4.291949684946035601e-06 -3.156609168261908849e+00 1.222773276020780563e+09
8.032279387692177431e-04 -1.983137806352373245e+00 9.360023864544060643e+02 2.005300054246681485e-06 -3.999214262306867163e+00 1.222773276021358490e+09
8.168135616656530072e-04 -1.971963000866172822e+00 8.277775849314800780e+02 1.627514983593889438e-06 -3.837272276311024299e+00 1.222773276024181366e+09
8.165867540123448618e-04 -1.965001776402718114e+00 8.010613844975372331e+02 3.208321154929021636e-06 -3.337483927912696657e+00 1.222773276027208567e+09
8.165867540123448618e-04 -1.965001776402718114e+00 8.010613844975372331e+02 3.208321154929021636e-06 -3.337483927912696657e+00 1.222773276027208567e+09
7.915428512620760254e-04 -1.996470669427329092e+00 9.701857816970476733e+02 2.384243022253675327e-06 -3.833858067545063975e+00 1.222773276032754660e+09
7.966435860375038801e-04 -1.989842439302181187e+00 9.129065453915757189e+02 6.441517073702811468e-07 -4.672388559631318827e+00 1.222773276037147284e+09
7.936586718935323848e-04 -1.992372636205218761e+00 9.145555844051757504e+02 3.045186161146070584e-06 -3.315707574042660255e+00 1.222773276037776470e+09
7.911823998723253306e-04 -1.997203589126577139e+00 9.643642888762816483e+02 4.392590310274630833e-06 -3.101339083808554165e+00 1.222773276038152218e+09
7.911985912892440312e-04 -1.993827093953875806e+00 9.844914063525242227e+02 4.824597796038332888e-06 -2.839564562455272778e+00 1.222773276038547516e+09
7.991002507092581121e-04 -1.990290762006351688e+00 9.306877438503007625e+02 2.114313373416639351e-06 -3.677485352346574921e+00 1.222773276045665741e+09
8.364190427755129791e-04 -1.954130729628198226e+00 7.021329238978845524e+02 2.097235751525900519e-06 -3.773635251360014209e+00 1.222773276049203634e+09
8.048506190661632075e-04 -1.976015429613426688e+00 9.608574946904963099e+02 1.009137706418812250e-06 -4.260059583471535127e+00 1.222773276049535275e+09
8.212737555887416078e-04 -1.962172116663642552e+00 7.839273569122555045e+02 1.565169293035240549e-06 -3.876819346674029276e+00 1.222773276050534010e+09
7.991124251621613793e-04 -1.984216325757997890e+00 9.260966873145987392e+02 5.284928598755080089e-07 -4.878188741503418413e+00 1.222773276050618649e+09
7.991124251621613793e-04 -1.984216325757997890e+00 9.260966873145987392e+02 5.284928598755080089e-07 -4.878188741503418413e+00 1.222773276050618649e+09
7.967955801561594316e-04 -1.986031842571752470e+00 9.959855033617697018e+02 5.790182362573060170e-07 -4.824974480783906117e+00 1.222773276051583052e+09
8.042956887060532427e-04 -1.978085094699761459e+00 9.243585365884176781e+02 7.554579517785050652e-07 -4.633272121820314560e+00 1.222773276054252148e+09
8.366484425534732004e-04 -1.954146167261590517e+00 7.122514051550291470e+02 5.340285020657991086e-06 -2.887111323516799999e+00 1.222773276054780960e+09
8.267582023896835998e-04 -1.965102853649883574e+00 7.065997682729837379e+02 1.739918144865621955e-06 -3.774165373360312437e+00 1.222773276055122137e+09
8.267582023896835998e-04 -1.965102853649883574e+00 7.065997682729837379e+02 1.739918144865621955e-06 -3.774165373360312437e+00 1.222773276055122137e+09
7.932348913117131042e-04 -1.986301884632213799e+00 9.877071399491462671e+02 1.135269136256759420e-06 -4.008054941222000345e+00 1.222773276057533026e+09
8.129788721716818892e-04 -1.969496054425933451e+00 9.075838780380547632e+02 3.231104088349649563e-06 -3.496216976622783079e+00 1.222773276058183432e+09
8.290195886790380914e-04 -1.962249845222288069e+00 7.160889242125538203e+02 9.250429738833634228e-06 -2.448216792151217902e+00 1.222773276058270931e+09
7.983317672613453840e-04 -1.987910180480322309e+00 9.955151701584126158e+02 8.180817507620099022e-06 -2.520963781925646074e+00 1.222773276060750008e+09
8.274395556821527616e-04 -1.967745347233714970e+00 7.083349408209170406e+02 3.008669014980893088e-06 -3.537070115757917854e+00 1.222773276062577724e+09
8.252025029604572771e-04 -1.969379615010399931e+00 7.296210928265786606e+02 2.718111366019984270e-06 -3.544095145403268532e+00 1.222773276062714815e+09
8.301362607754575245e-04 -1.956271610318899512e+00 7.410846241649926469e+02 3.489634356715740001e-06 -3.152469722175504252e+00 1.222773276064518690e+09
8.301362607754575245e-04 -1.956271610318899512e+00 7.410846241649926469e+02 3.489634356715740001e-06 -3.152469722175504252e+00 1.222773276064518690e+09
7.912286661981561510e-04 -1.994099089276611281e+00 9.267194591147876963e+02 3.286298709758797169e-06 -3.440151874124156350e+00 1.222773276066076279e+09
7.912286661981561510e-04 -1.994099089276611281e+00 9.267194591147876963e+02 3.286298709758797169e-06 -3.440151874124156350e+00 1.222773276066076279e+09
7.983320073758759646e-04 -1.980384385030748762e+00 9.309164635389796558e+02 2.697377464936173625e-06 -3.393844920002976551e+00 1.222773276066099882e+09
8.136714596921538860e-04 -1.977523403400936797e+00 8.324463587323343745e+02 4.086441786105965644e-06 -3.114997285122695914e+00 1.222773276069984913e+09
8.249211406630487528e-04 -1.962804758966848695e+00 7.251883302101659865e+02 1.336953561391934285e-06 -3.991532207490473994e+00 1.222773276071069717e+09
8.249211406630487528e-04 -1.962804758966848695e+00 7.251883302101659865e+02 1.336953561391934285e-06 -3.991532207490473994e+00 1.222773276071069717e+09
7.968546671130656870e-04 -1.987551745653704849e+00 9.169910345053724541e+02 5.489305514026015555e-07 -4.717623430482291269e+00 1.222773276073407888e+09
7.974633770862926295e-04 -1.988521349616950928e+00 8.707959337293601720e+02 2.878052067066043900e-06 -3.427651917437837703e+00 1.222773276074741125e+09
7.974633770862926295e-04 -1.988521349616950928e+00 8.707959337293601720e+02 2.878052067066043900e-06 -3.427651917437837703e+00 1.222773276074741125e+09
7.882595035137579531e-04 -1.994261189345733154e+00 9.825854489164987626e+02 8.726635534405165883e-07 -4.457211388554743969e+00 1.222773276076865911e+09
8.141521390604758695e-04 -1.968907140096028519e+00 8.435309049119828160e+02 8.212438795899510391e-07 -4.429928582864375741e+00 1.222773276077338457e+09
8.090516702878714069e-04 -1.969620708978782275e+00 9.209005828633042938e+02 5.217311279988041855e-06 -2.903558632023072406e+00 1.222773276077553034e+09
8.090516702878714069e-04 -1.969620708978782275e+00 9.209005828633042938e+02 5.217311279988041855e-06 -2.903558632023072406e+00 1.222773276077553034e+09
7.939965606671182475e-04 -1.991362863331614275e+00 9.500859823008090643e+02 9.195850273216587010e-07 -4.236067858614042336e+00 1.222773276077838421e+09
8.302771590077702001e-04 -1.956711432338041678e+00 7.570581336916203554e+02 4.449509175203920068e-06 -2.995638132226406292e+00 1.222773276078318596e+09
8.322937213718194921e-04 -1.961218688718339376e+00 7.265531751714330539e+02 5.644701632365863519e-06 -2.981967076518627913e+00 1.222773276081682444e+09
7.966966157604721830e-04 -1.985362502061940759e+00 9.045174860895504025e+02 3.091864123060522172e-06 -3.522824005526004498e+00 1.222773276082705498e+09
8.165215369678395074e-04 -1.970831526996042360e+00 8.686799269508715042e+02 7.189470761954627807e-06 -2.819836314297852198e+00 1.222773276084528446e+09
8.342342921466048633e-04 -1.961210532948678864e+00 6.688999883432236402e+02 4.374432187992078838e-06 -3.227096565614584023e+00 1.222773276089344501e+09
8.342342921466048633e-04 -1.961210532948678864e+00 6.688999883432236402e+02 4.374432187992078838e-06 -3.227096565614584023e+00 1.222773276089344501e+09
8.280017479386544543e-04 -1.961504583889262410e+00 7.789380043980828532e+02 5.566699025965313218e-06 -3.014683405088458557e+00 1.222773276090729952e+09
8.221296944666530229e-04 -1.966877639444207349e+00 7.477055137872462183e+02 8.394043912682296115e-07 -4.389384299106258602e+00 1.222773276092029810e+09
8.166416487576409278e-04 -1.972428582053246560e+00 8.189790859183639213e+02 1.053138199607191436e-06 -4.259317597314441706e+00 1.222773276093009472e+09
8.197870651404461952e-04 -1.967663197690695753e+00 7.976167333087597626e+02 9.668881186222003969e-06 -2.309832082983202639e+00 1.222773276095114946e+09
7.911455521118225575e-04 -1.989342555076242913e+00 9.787986937267980920e+02 6.865470296204672371e-06 -2.729400642892954920e+00 1.222773276096415520e+09
8.090021235494287890e-04 -1.970273887590019868e+00 8.814891049663604008e+02 1.992620309916978884e-06 -3.735680136538737095e+00 1.222773276099019051e+09
8.090021235494287890e-04 -1.970273887590019868e+00 8.814891049663604008e+02 1.992620309916978884e-06 -3.735680136538737095e+00 1.222773276099019051e+09
8.029321546813186598e-04 -1.976668730352297620e+00 9.184721751779073884e+02 3.323352848052391818e-06 -3.106810894244246057e+00 1.222773276103678465e+09
8.192334518581776597e-04 -1.966515075624361675e+00 8.252575221985633789e+02 1.371699584399250575e-06 -3.987330938707929207e+00 1.222773276105434895e+09
8.192334518581776597e-04 -1.966515075624361675e+00 8.252575221985633789e+02 1.371699584399250575e-06 -3.987330938707929207e+00 1.222773276105434895e+09
8.071331044035969047e-04 -1.976599098748819561e+00 9.251878629572238424e+02 9.999450705213493753e-07 -4.216766260124472865e+00 1.222773276109084845e+09
8.231242300287253989e-04 -1.964650361140618973e+00 7.356472871762960040e+02 6.055236470537036262e-06 -2.992207529014406120e+00 1.222773276110053062e+09
7.982210434867106517e-04 -1.979024282860625483e+00 9.644404615195495580e+02 2.125877493610666537e-06 -3.661460746276686606e+00 1.222773276111920118e+09
8.055746918025185731e-04 -1.977854832631301019e+00 9.186313776809955698e+02 5.816169089304404899e-07 -4.722236910719550984e+00 1.222773276112694502e+09
8.055746918025185731e-04 -1.977854832631301019e+00 9.186313776809955698e+02 5.816169089304404899e-07 -4.722236910719550984e+00 1.222773276112694502e+09
7.995756620493696051e-04 -1.989848679764791850e+00 9.637208648749989379e+02 3.919059544032028945e-06 -3.365777373932633765e+00 1.222773276113129616e+09
8.062349554670413887e-04 -1.979274144649296074e+00 8.677947168165062521e+02 8.540898483806924605e-06 -2.746678694983649471e+00 1.222773276115916014e+09
8.166750353183390701e-04 -1.976203659238988219e+00 7.899849573533657576e+02 2.832256918783077905e-06 -3.655456778856739142e+00 1.222773276117008686e+09
8.298506244815985174e-04 -1.956973536758703336e+00 7.699481688118937655e+02 4.624507626406310555e-06 -3.069371491240900696e+00 1.222773276117753029e+09
8.298506244815985174e-04 -1.956973536758703336e+00 7.699481688118937655e+02 4.624507626406310555e-06 -3.069371491240900696e+00 1.222773276117753029e+09
8.121850945051733170e-04 -1.969720575780206318e+00 8.123728747826916106e+02 2.538209955990707428e-06 -3.492553239630688644e+00 1.222773276118375778e+09
8.121850945051733170e-04 -1.969720575780206318e+00 8.123728747826916106e+02 2.538209955990707428e-06 -3.492553239630688644e+00 1.222773276118375778e+09
8.015927670813893530e-04 -1.978223563269676077e+00 9.714134416085781822e+02 1.356691171062893593e-06 -3.882021526604249928e+00 1.222773276119441748e+09
8.015927670813893530e-04 -1.978223563269676077e+00 9.714134416085781822e+02 1.356691171062893593e-06 -3.882021526604249928e+00 1.222773276119441748e+09
8.063673952423028616e-04 -1.982860223602157301e+00 8.791014532617962232e+02 4.102443376135393668e-06 -3.032434833052866097e+00 1.222773276122977018e+09
7.968586051680252901e-04 -1.982703973239874129e+00 9.629301705873463106e+02 1.508219166593750913e-06 -3.762583449076235986e+00 1.222773276125827551e+09
8.069947102530675197e-04 -1.974141680954599298e+00 9.187275564653958781e+02 8.309536093345071033e-07 -4.407891893120735816e+00 1.222773276125989437e+09
8.069947102530675197e-04 -1.974141680954599298e+00 9.187275564653958781e+02 8.309536093345071033e-07 -4.407891893120735816e+00 1.222773276125989437e+09
7.934426464252981610e-04 -1.993306633545811835e+00 9.887728865428866811e+02 9.096940442622574350e-06 -2.564961710545620832e+00 1.222773276127308369e+09
7.982711148276822218e-04 -1.982455665661750910e+00 9.794211682563241084e+02 7.583196331317925784e-07 -4.349177113932603866e+00 1.222773276127405405e+09
7.982711148276822218e-04 -1.982455665661750910e+00 9.794211682563241084e+02 7.583196331317925784e-07 -4.349177113932603866e+00 1.222773276127405405e+09
8.158262387055703569e-04 -1.977209196033368865e+00 8.010978901987919016e+02 5.803552491961915537e-06 -2.973603950683901154e+00 1.222773276128292799e+09
8.057090940185284702e-04 -1.981826485234108537e+00 9.399832478316410516e+02 6.531332256849308665e-06 -2.745367741776529869e+00 1.222773276128454208e+09
8.081673166092189203e-04 -1.974070437185507121e+00 9.540882952956595773e+02 2.240091176587229858e-06 -3.757993635697862267e+00 1.222773276129309893e+09
8.038638914550922917e-04 -1.978437604990987753e+00 9.921140390222612950e+02 2.346291315010624156e-06 -3.537759306917848789e+00 1.222773276133172512e+09
8.038638914550922917e-04 -1.978437604990987753e+00 9.921140390222612950e+02 2.346291315010624156e-06 -3.537759306917848789e+00 1.222773276133172512e+09
8.061923517217211470e-04 -1.981022345122148920e+00 8.805046043696074776e+02 6.936143934388177293e-07 -4.534624259558786896e+00 1.222773276134636164e+09
8.217124919521078983e-04 -1.968737964547471186e+00 7.602387884759506278e+02 8.757054883654098647e-06 -2.697944604565426729e+00 1.222773276135024548e+09
8.254427711080054809e-04 -1.958376965568665806e+00 7.562706148118295459e+02 3.127803506957000855e-06 -3.368003287166267512e+00 1.222773276140006781e+09
8.131692462534787424e-04 -1.975777724240528999e+00 8.272380082986268235e+02 8.166527646131070079e-06 -2.809713699999957015e+00 1.222773276140361071e+09
8.131692462534787424e-04 -1.975777724240528999e+00 8.272380082986268235e+02 8.166527646131070079e-06 -2.809713699999957015e+00 1.222773276140361071e+09
7.904722985870945738e-04 -1.992193235222692316e+00 9.504471363751371200e+02 1.305721632033988850e-06 -4.064556302512111863e+00 1.222773276142125368e+09
8.131715263921311752e-04 -1.968359420409611316e+00 8.928205130748832516e+02 5.000416013882645575e-06 -3.151060436496408990e+00 1.222773276144248724e+09
8.004965328962223084e-04 -1.979808825979569198e+00 9.528212792779072515e+02 9.599423897322172073e-06 -2.523148001962705500e+00 1.222773276146515608e+09
8.004965328962223084e-04 -1.979808825979569198e+00 9.528212792779072515e+02 9.599423897322172073e-06 -2.523148001962705500e+00 1.222773276146515608e+09
8.085509819101155014e-04 -1.981025013442550664e+00 8.115033803242886279e+02 1.096078928179613106e-06 -4.191440743177871298e+00 1.222773276148519754e+09
7.898451687216540094e-04 -1.996937687067831479e+00 9.629587454242810054e+02 5.749000621557622077e-06 -2.955579527700512799e+00 1.222773276149760008e+09
8.199303908227889180e-04 -1.972993137432126787e+00 7.511545017267038702e+02 7.400414004213231111e-06 -2.733247421958253653e+00 1.222773276151185751e+09
8.199303908227889180e-04 -1.972993137432126787e+00 7.511545017267038702e+02 7.400414004213231111e-06 -2.733247421958253653e+00 1.222773276151185751e+09
7.953660789953147800e-04 -1.988958362811348968e+00 9.061323250351001661e+02 5.878177255541193146e-06 -2.864847589345590251e+00 1.222773276152247429e+09
7.953660789953147800e-04 -1.988958362811348968e+00 9.061323250351001661e+02 5.878177255541193146e-06 -2.864847589345590251e+00 1.222773276152247429e+09
7.992971588584855307e-04 -1.989921314651306394e+00 8.607725507254665445e+02 2.627264704710847942e-06 -3.551331969571640101e+00 1.222773276152462006e+09
8.255834658836101866e-04 -1.960532884595868941e+00 7.687143227490312256e+02 2.968274249549989184e-06 -3.602083026770454666e+00 1.222773276154181480e+09
8.106058638112893658e-04 -1.977686317871035104e+00 8.822471543118009549e+02 5.004643430945304553e-06 -3.252204763473798721e+00 1.222773276155101776e+09
7.994043087517389975e-04 -1.982661950975852072e+00 9.613723643038532600e+02 5.426154354091666797e-06 -3.192798212166395366e+00 1.222773276158056259e+09
7.994043087517389975e-04 -1.982661950975852072e+00 9.613723643038532600e+02 5.426154354091666797e-06 -3.192798212166395366e+00 1.222773276158056259e+09
8.068414900209822148e-04 -1.972379399511733578e+00 8.950211907821754949e+02 2.091778017158596557e-06 -3.776152466314441014e+00 1.222773276158243895e+09
8.068414900209822148e-04 -1.972379399511733578e+00 8.950211907821754949e+02 2.091778017158596557e-06 -3.776152466314441014e+00 1.222773276158243895e+09
8.090716283441715811e-04 -1.971174739889686611e+00 9.246052376796003500e+02 5.661797192062545469e-06 -3.040603644498203195e+00 1.222773276161900759e+09
7.999540952741824966e-04 -1.981724661908381258e+00 9.507074748884035671e+02 1.047957874718881179e-05 -2.281907833810405073e+00 1.222773276162530661e+09
8.156652474718309280e-04 -1.965660200935838375e+00 8.373260337195461034e+02 3.113349287166686419e-06 -3.237491633211442732e+00 1.222773276162630558e+09
8.092401731352305691e-04 -1.978910114807655329e+00 8.702623645820270895e+02 9.261115191206643733e-07 -4.351911974533285488e+00 1.222773276162728310e+09
8.146955260692732587e-04 -1.978099824133158435e+00 7.795176875226636639e+02 3.561285934041566987e-06 -3.479478095713894881e+00 1.222773276163382292e+09
8.092343922151721625e-04 -1.976748313503564169e+00 8.781916064523207979e+02 7.075053730763605184e-06 -2.965194300280012740e+00 1.222773276166895866e+09
8.092343922151721625e-04 -1.976748313503564169e+00 8.781916064523207979e+02 7.075053730763605184e-06 -2.965194300280012740e+00 1.222773276166895866e+09
7.960996452986655045e-04 -1.991349960111439499e+00 9.759370898140347208e+02 1.231559303426950832e-06 -4.111697262088736871e+00 1.222773276170657873e+09
8.192146215151661220e-04 -1.965420697779920012e+00 8.349631045163516774e+02 2.077261003515923208e-06 -3.843161951723145009e+00 1.222773276170756340e+09
8.068082031195085218e-04 -1.976866776117519375e+00 9.040286223784197546e+02 8.691302175345733928e-07 -4.265130962002611881e+00 1.222773276170888662e+09
8.021131639722349016e-04 -1.981470841708958597e+00 9.394056288883655270e+02 8.244967127075300930e-06 -2.807429035228462766e+00 1.222773276171973228e+09
8.293580494697347155e-04 -1.961849231391988635e+00 7.208932211037835032e+02 5.367544572720106087e-06 -2.774248830045039860e+00 1.222773276174084425e+09
8.152899289390361194e-04 -1.966402356800619478e+00 8.426323244268628514e+02 4.735930984412026048e-06 -3.189173912214360307e+00 1.222773276174731493e+09
8.298956206770805684e-04 -1.960346614188910319e+00 7.208806089795422167e+02 2.196206371584607067e-06 -3.851921195311952317e+00 1.222773276174812794e+09
8.148771338803365970e-04 -1.972226956399266484e+00 8.348692483221994962e+02 8.388173896735953226e-07 -4.499281354358080520e+00 1.222773276175841093e+09
7.980102113276160355e-04 -1.978999860263718436e+00 9.826924851190403842e+02 1.842204698577463667e-06 -3.793099540463997776e+00 1.222773276176121235e+09
8.397171500599690322e-04 -1.950373136306165822e+00 6.672728813393617884e+02 4.960438438143455901e-06 -3.036806713409232472e+00 1.222773276178279638e+09
8.156238205564423673e-04 -1.964798073320749072e+00 8.507004346583350980e+02 3.592304671293349112e-06 -3.224795668668925863e+00 1.222773276178678513e+09
8.302428526233529126e-04 -1.963752002301085264e+00 7.177537859593212488e+02 2.605642059127318669e-06 -3.564492074355927187e+00 1.222773276179172039e+09
8.037985733132486455e-04 -1.976944455982250659e+00 9.336057246652349022e+02 2.012691291828588464e-06 -3.507988371070672962e+00 1.222773276179198980e+09
8.092604342252108151e-04 -1.973116940826812993e+00 8.715348718995927584e+02 3.620596150830858766e-06 -2.994574133693669538e+00 1.222773276180333614e+09
8.092604342252108151e-04 -1.973116940826812993e+00 8.715348718995927584e+02 3.620596150830858766e-06 -2.994574133693669538e+00 1.222773276180333614e+09
8.206741420553563798e-04 -1.972385518015091987e+00 7.475148005162194522e+02 3.131786811405433525e-06 -3.323979080511671569e+00 1.222773276181150913e+09
7.980909300056532145e-04 -1.983050568667330316e+00 9.181661951372092290e+02 7.958620278377575942e-07 -4.410067963855412998e+00 1.222773276182307005e+09
8.036265866161238338e-04 -1.979053296088648439e+00 9.476227380208856630e+02 2.516378126087118413e-06 -3.810512565270078866e+00 1.222773276183218241e+09
8.036265866161238338e-04 -1.979053296088648439e+00 9.476227380208856630e+02 2.516378126087118413e-06 -3.810512565270078866e+00 1.222773276183218241e+09
8.050226076915665196e-04 -1.985673249005307062e+00 8.974316804167409600e+02 4.650276147110170347e-06 -3.248060969151218558e+00 1.222773276184513092e+09
8.248436127414307453e-04 -1.967384417814583841e+00 7.248676120675612538e+02 8.335303483891721223e-06 -2.625658013178780337e+00 1.222773276185285330e+09
8.216486642738194540e-04 -1.969979183143744539e+00 7.733123646648205067e+02 1.970550486375391015e-06 -3.719842257153302967e+00 1.222773276185440302e+09
8.216486642738194540e-04 -1.969979183143744539e+00 7.733123646648205067e+02 1.970550486375391015e-06 -3.719842257153302967e+00 1.222773276185440302e+09
8.206867799250872368e-04 -1.971758916599302580e+00 7.888663398666105877e+02 6.683036795263359452e-06 -2.885825170175976062e+00 1.222773276186147928e+09
7.943913055756641420e-04 -1.992049477282228587e+00 9.029597625459374513e+02 4.628067555152090630e-06 -3.136445589690251445e+00 1.222773276191007853e+09
7.943913055756641420e-04 -1.992049477282228587e+00 9.029597625459374513e+02 4.628067555152090630e-06 -3.136445589690251445e+00 1.222773276191007853e+09
8.058103752635424740e-04 -1.976789466370529880e+00 9.924051278304112884e+02 4.375146752677606051e-06 -3.130851844709039433e+00 1.222773276191458225e+09
8.044716705345054866e-04 -1.975726391081770172e+00 9.346317262757845583e+02 8.918727672970990557e-06 -2.369966224539751920e+00 1.222773276197254181e+09
8.003589846267038840e-04 -1.985825194911154501e+00 9.515904131825807326e+02 1.101282057269228121e-06 -4.128525674693127812e+00 1.222773276199970722e+09
8.240811628111807154e-04 -1.968906596296547740e+00 7.123699063725930500e+02 3.267064818209678865e-06 -3.517494521579072497e+00 1.222773276203133583e+09
7.960405632445092215e-04 -1.982946942712449978e+00 9.974960176745378249e+02 6.540124940828921386e-07 -4.634540978765011587e+00 1.222773276203177691e+09
8.014256305052324747e-04 -1.980775784120621275e+00 9.866409006811084055e+02 1.381080839936546174e-06 -4.217986939250922163e+00 1.222773276203431845e+09
8.014256305052324747e-04 -1.980775784120621275e+00 9.866409006811084055e+02 1.381080839936546174e-06 -4.217986939250922163e+00 1.222773276203431845e+09
7.957624896535698492e-04 -1.986801395048013008e+00 9.080621711192740122e+02 1.349738382472812172e-06 -4.007162713496354556e+00 1.222773276203709602e+09
7.957624896535698492e-04 -1.986801395048013008e+00 9.080621711192740122e+02 1.349738382472812172e-06 -4.007162713496354556e+00 1.222773276203709602e+09
8.147680120864067479e-04 -1.966445186263266809e+00 8.577571172172605429e+02 1.804577574917832637e-06 -3.790236017050270689e+00 1.222773276204979420e+09
8.020138080238903852e-04 -1.983463237592886674e+00 9.795770962584888366e+02 7.593277058274713324e-06 -2.562275511855844456e+00 1.222773276205716848e+09
8.042909347519439653e-04 -1.978581624864492294e+00 9.472247431260601616e+02 6.431012158116518890e-06 -2.551979775961761732e+00 1.222773276206785917e+09
8.010294290917754348e-04 -1.986201565884572862e+00 9.389231261581777517e+02 6.490204435211793200e-06 -3.042799001979944684e+00 1.222773276206989527e+09
8.010294290917754348e-04 -1.986201565884572862e+00 9.389231261581777517e+02 6.490204435211793200e-06 -3.042799001979944684e+00 1.222773276206989527e+09
8.058453640599619935e-04 -1.972990983694057565e+00 9.448211498310146226e+02 1.901744453456404580e-06 -3.722318374491077719e+00 1.222773276207733870e+09
8.058453640599619935e-04 -1.972990983694057565e+00 9.448211498310146226e+02 1.901744453456404580e-06 -3.722318374491077719e+00 1.222773276207733870e+09
8.233113371609914735e-04 -1.964886654528319898e+00 8.031648290173420719e+02 5.137373639303497751e-06 -3.172607059874641422e+00 1.222773276212375164e+09
8.233113371609914735e-04 -1.964886654528319898e+00 8.031648290173420719e+02 5.137373639303497751e-06 -3.172607059874641422e+00 1.222773276212375164e+09
8.012360754749694655e-04 -1.984226782415360546e+00 9.298997863884616208e+02 1.019524776923550331e-06 -4.130204169077670073e+00 1.222773276212498188e+09
8.052005621700808339e-04 -1.983348523138772634e+00 8.630415466201967547e+02 1.720297826940580134e-06 -4.098956983439795643e+00 1.222773276213216066e+09
8.052005621700808339e-04 -1.983348523138772634e+00 8.630415466201967547e+02 1.720297826940580134e-06 -4.098956983439795643e+00 1.222773276213216066e+09
8.302510341176350984e-04 -1.959560759918705708e+00 7.226541950307508841e+02 2.110283851114383661e-06 -3.575002792235687288e+00 1.222773276213629246e+09
7.998311973329550774e-04 -1.978068378652429571e+00 9.999573207396138059e+02 3.001361716708280700e-06 -3.244389092017271992e+00 1.222773276215405941e+09
7.979925540019785959e-04 -1.988073617256301384e+00 8.908778551783060493e+02 1.561735494944010616e-06 -3.818606998041154554e+00 1.222773276216100216e+09
8.204442590598122649e-04 -1.963852356289065071e+00 8.055671227839214907e+02 3.710729241988216804e-06 -3.430823161401906241e+00 1.222773276216439724e+09
8.204442590598122649e-04 -1.963852356289065071e+00 8.055671227839214907e+02 3.710729241988216804e-06 -3.430823161401906241e+00 1.222773276216439724e+09
8.176651169834042721e-04 -1.967608768352248960e+00 8.110449542775717191e+02 8.205752230560004607e-07 -4.418009005892167274e+00 1.222773276219101667e+09
7.966869201532001711e-04 -1.983716542889771173e+00 9.575651649357728274e+02 7.619254707050943280e-06 -2.484070131158869543e+00 1.222773276219640255e+09
7.966869201532001711e-04 -1.983716542889771173e+00 9.575651649357728274e+02 7.619254707050943280e-06 -2.484070131158869543e+00 1.222773276219640255e+09
8.004845955341920172e-04 -1.986319783333871714e+00 9.204905988753791917e+02 8.197639271091084126e-07 -4.376098620642789427e+00 1.222773276221173763e+09
8.004845955341920172e-04 -1.986319783333871714e+00 9.204905988753791917e+02 8.197639271091084126e-07 -4.376098620642789427e+00 1.222773276221173763e+09
8.092532063677506998e-04 -1.972311593862319690e+00 9.146693184318501153e+02 1.176180628735799617e-06 -4.151405863476677283e+00 1.222773276221227407e+09
8.101227050696685906e-04 -1.972680276212687822e+00 8.543781209290233392e+02 5.293707909710207081e-06 -2.691504554649252867e+00 1.222773276222885847e+09
8.075451824338837625e-04 -1.976648592531133897e+00 8.761324617861253046e+02 7.682856308822236551e-07 -4.354445468243378414e+00 1.222773276223918676e+09
8.075451824338837625e-04 -1.976648592531133897e+00 8.761324617861253046e+02 7.682856308822236551e-07 -4.354445468243378414e+00 1.222773276223918676e+09
8.084889434617075236e-04 -1.974514744171169678e+00 9.320151982355637301e+02 1.819749380029545462e-06 -3.972044929349966225e+00 1.222773276224501610e+09
8.084889434617075236e-04 -1.974514744171169678e+00 9.320151982355637301e+02 1.819749380029545462e-06 -3.972044929349966225e+00 1.222773276224501610e+09
8.277788801922335944e-04 -1.963727084464525152e+00 7.221852266041734083e+02 9.009455975058483344e-06 -2.592822978176162252e+00 1.222773276227717876e+09
8.277788801922335944e-04 -1.963727084464525152e+00 7.221852266041734083e+02 9.009455975058483344e-06 -2.592822978176162252e+00 1.222773276227717876e+09
8.125232460568649869e-04 -1.971390189643791979e+00 8.018933243579666623e+02 2.429743103249961518e-06 -3.724438036190158563e+00 1.222773276228801489e+09
8.082468701765810597e-04 -1.970640506328662056e+00 9.012413987818179066e+02 3.356941186242084666e-06 -3.387076327592721370e+00 1.222773276230841160e+09
8.082468701765810597e-04 -1.970640506328662056e+00 9.012413987818179066e+02 3.356941186242084666e-06 -3.387076327592721370e+00 1.222773276230841160e+09
8.135940780572890971e-04 -1.968488661623293279e+00 8.751264069789815494e+02 1.665266287979642479e-06 -3.808468400118653285e+00 1.222773276231640339e+09
8.060951160440988630e-04 -1.974393364607374135e+00 9.867167646210980365e+02 6.049502710991591974e-06 -2.917798325739479282e+00 1.222773276232556105e+09
7.941225471565024766e-04 -1.988917948689039150e+00 9.148771515397052099e+02 2.984156771522970577e-06 -3.357365321253603874e+00 1.222773276233129025e+09
8.091328884099064636e-04 -1.974875903713133596e+00 8.428996748629301692e+02 3.186531924064498678e-06 -3.108982392038985409e+00 1.222773276233352900e+09
8.171861703450527528e-04 -1.971830940854105485e+00 8.407370647744653525e+02 2.282001703604106290e-06 -3.674222734131142865e+00 1.222773276237251282e+09
8.171861703450527528e-04 -1.971830940854105485e+00 8.407370647744653525e+02 2.282001703604106290e-06 -3.674222734131142865e+00 1.222773276237251282e+09
7.985307319772586314e-04 -1.984262712821302621e+00 9.426034115240953497e+02 3.681781037684326581e-06 -3.517343695401263126e+00 1.222773276237709761e+09
8.180518454396194404e-04 -1.964675434223422279e+00 7.845690122058115321e+02 2.899394999338724134e-06 -3.387264786075782297e+00 1.222773276241173744e+09
8.230582333758302638e-04 -1.969714282200620836e+00 7.424217167926781258e+02 2.840257503608229628e-06 -3.674184677328548254e+00 1.222773276241597891e+09
8.230582333758302638e-04 -1.969714282200620836e+00 7.424217167926781258e+02 2.840257503608229628e-06 -3.674184677328548254e+00 1.222773276241597891e+09
7.988162671256002212e-04 -1.984635494364602515e+00 9.041025721060783553e+02 7.411585724695782293e-06 -2.791611118245844736e+00 1.222773276243275404e+09
7.993581483798607116e-04 -1.983432496002329293e+00 9.998704281973082288e+02 1.019028354268253056e-06 -4.427538568385275930e+00 1.222773276243545294e+09
7.940834311770859043e-04 -1.985230742380221125e+00 9.590146971916922212e+02 5.354860898213528115e-06 -2.913087756585886368e+00 1.222773276244546413e+09
7.968550104238398104e-04 -1.990225010901674807e+00 8.781021001065083738e+02 2.545519940547160771e-06 -3.543979528372389609e+00 1.222773276244807482e+09
7.969341750918033712e-04 -1.983905914282035887e+00 9.686844918084696019e+02 8.324877516976917276e-07 -4.571613804752587384e+00 1.222773276245491505e+09
8.030817474323451600e-04 -1.976948269696345628e+00 9.192594694275901475e+02 1.132284615832139498e-06 -4.288446094753941118e+00 1.222773276246758938e+09
8.141909573614527097e-04 -1.968064187834627443e+00 8.347062627274760871e+02 3.734262574981216044e-06 -3.021484015394624301e+00 1.222773276250986814e+09
8.141909573614527097e-04 -1.968064187834627443e+00 8.347062627274760871e+02 3.734262574981216044e-06 -3.021484015394624301e+00 1.222773276250986814e+09
8.135836875793089115e-04 -1.975737898603656229e+00 7.643698039196458467e+02 1.732696028670270871e-06 -3.824211608880927926e+00 1.222773276251708269e+09
8.046388134405259730e-04 -1.979710266850852607e+00 9.650144148737828118e+02 1.371123572429927929e-06 -4.135095004888960091e+00 1.222773276251723528e+09
8.155249947485622561e-04 -1.972633791940218817e+00 8.692462332018745883e+02 6.962622150837618318e-06 -2.794608031874397547e+00 1.222773276251735926e+09
7.967025063207907850e-04 -1.986398487971836380e+00 9.538621999008803414e+02 8.060662422879957139e-06 -2.790389913718829717e+00 1.222773276251922846e+09
7.961731421829817057e-04 -1.991664915924373336e+00 8.952117322323525741e+02 2.833199194032866652e-06 -3.417290776461721080e+00 1.222773276252067804e+09
7.961731421829817057e-04 -1.991664915924373336e+00 8.952117322323525741e+02 2.833199194032866652e-06 -3.417290776461721080e+00 1.222773276252067804e+09
8.310538873975073645e-04 -1.957480011461780078e+00 7.331677928271830069e+02 2.675873229148898921e-06 -3.396470191745280864e+00 1.222773276252605438e+09
8.310538873975073645e-04 -1.957480011461780078e+00 7.331677928271830069e+02 2.675873229148898921e-06 -3.396470191745280864e+00 1.222773276252605438e+09
8.044828402478417092e-04 -1.985610540531077550e+00 8.780163504188204797e+02 7.484183777863679873e-06 -2.694542703961127827e+00 1.222773276256164551e+09
8.105766488609907885e-04 -1.976391492786118809e+00 8.062056385824711242e+02 1.627474329820585860e-06 -3.742432616142813195e+00 1.222773276260711908e+09
8.105766488609907885e-04 -1.976391492786118809e+00 8.062056385824711242e+02 1.627474329820585860e-06 -3.742432616142813195e+00 1.222773276260711908e+09
8.183912797180152620e-04 -1.963938159651209325e+00 8.468820838116878349e+02 2.676570123357134992e-06 -3.527474604020630622e+00 1.222773276261074066e+09
8.183912797180152620e-04 -1.963938159651209325e+00 8.468820838116878349e+02 2.676570123357134992e-06 -3.527474604020630622e+00 1.222773276261074066e+09
7.966519372824421973e-04 -1.982366762387131498e+00 9.452042841411213203e+02 5.272564244894522301e-06 -2.974850005666210606e+00 1.222773276263116598e+09
7.966519372824421973e-04 -1.982366762387131498e+00 9.452042841411213203e+02 5.272564244894522301e-06 -2.974850005666210606e+00 1.222773276263116598e+09
8.035792415243893675e-04 -1.974502592958056191e+00 9.968172467369254264e+02 4.939307295582764779e-06 -2.982262133245591862e+00 1.222773276266918659e+09
7.932769695040754222e-04 -1.993651002017186702e+00 9.211818242254294091e+02 4.891895375580112082e-06 -3.143704266022883331e+00 1.222773276268183708e+09
8.086621344690642782e-04 -1.976158747492840817e+00 8.745465893786317793e+02 8.331039434207059373e-07 -4.570166271348902853e+00 1.222773276271238089e+09
8.313339400730022618e-04 -1.955046376971079969e+00 7.327468991564745693e+02 3.091281500247917828e-06 -3.328039877168494698e+00 1.222773276271255493e+09
8.059092536222946593e-04 -1.977823589555133044e+00 9.207227404194551355e+02 5.460282847913913166e-06 -2.674665397540452183e+00 1.222773276271894455e+09
8.098398989542613139e-04 -1.973275744358601758e+00 8.663183659406199695e+02 3.550605245329755232e-06 -3.514983321651485859e+00 1.222773276275876284e+09
7.884427077684311950e-04 -1.998399645636349753e+00 9.728324571311318323e+02 2.049048795194044943e-06 -3.734619129693697914e+00 1.222773276276534557e+09
7.884427077684311950e-04 -1.998399645636349753e+00 9.728324571311318323e+02 2.049048795194044943e-06 -3.734619129693697914e+00 1.222773276276534557e+09
8.079089503785707397e-04 -1.973502936213769265e+00 8.683089304023754949e+02 9.043917185788127637e-07 -4.381537076055844970e+00 1.222773276278654575e+09
8.022362373606016679e-04 -1.984127596305284014e+00 9.103982798764440076e+02 6.539637595191111952e-06 -3.037051351297574087e+00 1.222773276278720140e+09
8.022362373606016679e-04 -1.984127596305284014e+00 9.103982798764440076e+02 6.539637595191111952e-06 -3.037051351297574087e+00 1.222773276278720140e+09
8.178762931390338130e-04 -1.968212417613687926e+00 7.877472801983122963e+02 1.565036056093690080e-06 -4.114266741298539642e+00 1.222773276278819561e+09
8.176396177289938210e-04 -1.973378215652467293e+00 7.444343203723925626e+02 4.416209319215704340e-06 -3.267114034191138217e+00 1.222773276279586077e+09
8.100497842700988107e-04 -1.973299482278203065e+00 8.382078068351997899e+02 7.245613568815404539e-07 -4.520435204640350868e+00 1.222773276283816338e+09
8.217164382351669098e-04 -1.971322962961648440e+00 7.757917567201091060e+02 4.244817331999275977e-06 -3.298282442019305094e+00 1.222773276287657261e+09
8.072973904322071868e-04 -1.976442073332103533e+00 8.676946138451990009e+02 6.410192731290413765e-06 -3.009299067096598890e+00 1.222773276287796497e+09
8.170178127436326628e-04 -1.973197291819616561e+00 7.706946826717276053e+02 1.142064286889890571e-06 -4.129921375836747899e+00 1.222773276288025379e+09
7.964912382399665742e-04 -1.989458335326151239e+00 9.428770096222466464e+02 1.469990134630781736e-06 -4.223278242428742502e+00 1.222773276290127516e+09
7.964912382399665742e-04 -1.989458335326151239e+00 9.428770096222466464e+02 1.469990134630781736e-06 -4.223278242428742502e+00 1.222773276290127516e+09
8.091491805855327481e-04 -1.976000014291042106e+00 8.023216146376792040e+02 2.481228250569689633e-06 -3.477906539585929657e+00 1.222773276292492390e+09
8.217768570676283217e-04 -1.971012211340271936e+00 7.766736320820098172e+02 6.516838567387390357e-06 -2.849037983623969872e+00 1.222773276292597532e+09
8.217768570676283217e-04 -1.971012211340271936e+00 7.766736320820098172e+02 6.516838567387390357e-06 -2.849037983623969872e+00 1.222773276292597532e+09
8.139865103764691101e-04 -1.967110572597813078e+00 8.296558259014547048e+02 4.297396829671025396e-06 -3.186241031954490488e+00 1.222773276294201374e+09
8.139865103764691101e-04 -1.967110572597813078e+00 8.296558259014547048e+02 4.297396829671025396e-06 -3.186241031954490488e+00 1.222773276294201374e+09
7.942953234079937284e-04 -1.990804704783394552e+00 9.129043589219952537e+02 1.583255566368863698e-06 -4.070202269028796671e+00 1.222773276295136690e+09
8.035824457192036838e-04 -1.976836384769376176e+00 8.814415850480341987e+02 1.926861998416601434e-06 -3.842380028364432931e+00 1.222773276295385838e+09
7.963259420329372963e-04 -1.992906681635959298e+00 9.375493108449658166e+02 5.155007679117474357e-06 -2.978454007665958692e+00 1.222773276298229218e+09
8.163212080587304610e-04 -1.966831955864662085e+00 8.315323132798407642e+02 2.466106932816891849e-06 -3.389145219332939440e+00 1.222773276300041914e+09
8.054939305165920637e-04 -1.982360586922782275e+00 8.246472803048086462e+02 5.777073996404873528e-06 -2.822734582111682045e+00 1.222773276300225258e+09
8.227020520511371887e-04 -1.963236384919520905e+00 7.762349554885151974e+02 9.019724607569748473e-06 -2.597301450826701164e+00 1.222773276303481340e+09
8.227020520511371887e-04 -1.963236384919520905e+00 7.762349554885151974e+02 9.019724607569748473e-06 -2.597301450826701164e+00 1.222773276303481340e+09
8.154081023644119738e-04 -1.971626601851661498e+00 8.209397477645776462e+02 7.698854310266906599e-07 -4.549178188438515846e+00 1.222773276303645849e+09
8.154081023644119738e-04 -1.971626601851661498e+00 8.209397477645776462e+02 7.698854310266906599e-07 -4.549178188438515846e+00 1.222773276303645849e+09
7.882227750257151441e-04 -1.996007257541617452e+00 9.612254418688845590e+02 2.503628934601103473e-06 -3.608130275298782053e+00 1.222773276305055141e+09
7.882227750257151441e-04 -1.996007257541617452e+00 9.612254418688845590e+02 2.503628934601103473e-06 -3.608130275298782053e+00 1.222773276305055141e+09
8.224955627492746071e-04 -1.965902929814562494e+00 7.774602388526511731e+02 1.380541223236766344e-06 -4.181615251373977493e+00 1.222773276306010246e+09
8.087160545091913368e-04 -1.980663406831247197e+00 8.951098638406947430e+02 3.140990143985372916e-06 -3.569906552110797548e+00 1.222773276307823420e+09
8.087160545091913368e-04 -1.980663406831247197e+00 8.951098638406947430e+02 3.140990143985372916e-06 -3.569906552110797548e+00 1.222773276307823420e+09
8.186799489858266610e-04 -1.969035778102212753e+00 7.834175975164164356e+02 1.610347497137421239e-06 -4.113452346770074541e+00 1.222773276309834719e+09
8.183670542423188273e-04 -1.972166094243724466e+00 7.837316415439512411e+02 7.733307111020615296e-06 -2.535503629843235629e+00 1.222773276310768843e+09
8.175064644230289673e-04 -1.968013851803097847e+00 7.758200775702106284e+02 1.479440989830387167e-06 -3.846567850924925480e+00 1.222773276313454390e+09
8.080367836380419758e-04 -1.975741387551161132e+00 8.425193977565563728e+02 1.473341698429923856e-06 -4.150620305320140702e+00 1.222773276314278126e+09
8.029889040315906119e-04 -1.978910336053484764e+00 8.921359755551430908e+02 5.711023611740281628e-06 -2.670072504730918617e+00 1.222773276314503431e+09
8.214586529423240774e-04 -1.961602126742849839e+00 8.249503483048781618e+02 3.681842117785946886e-06 -3.245867949766047644e+00 1.222773276316337109e+09
8.214586529423240774e-04 -1.961602126742849839e+00 8.249503483048781618e+02 3.681842117785946886e-06 -3.245867949766047644e+00 1.222773276316337109e+09
8.003834964946497524e-04 -1.985626638457739901e+00 9.528084560707035280e+02 8.945935816572711676e-06 -2.412528013164561003e+00 1.222773276319187880e+09
8.003834964946497524e-04 -1.985626638457739901e+00 9.528084560707035280e+02 8.945935816572711676e-06 -2.412528013164561003e+00 1.222773276319187880e+09
8.033961324859536894e-04 -1.986254484023784794e+00 9.316807774726445359e+02 4.874376860655953956e-06 -3.109561206712699644e+00 1.222773276319535732e+09
8.033961324859536894e-04 -1.986254484023784794e+00 9.316807774726445359e+02 4.874376860655953956e-06 -3.109561206712699644e+00 1.222773276319535732e+09
8.333470898792507591e-04 -1.954265561594203726e+00 7.244399457983132606e+02 3.662801566275042046e-06 -3.178033698363153192e+00 1.222773276323742867e+09
8.079491722945274668e-04 -1.983046820029424673e+00 8.629020030239473726e+02 2.330483938571685762e-06 -3.790173504294823914e+00 1.222773276324552298e+09
8.102464961959170717e-04 -1.969404907281120609e+00 9.089562223931169456e+02 3.037747018447562716e-06 -3.336593236936476359e+00 1.222773276330399036e+09
8.250948651700703088e-04 -1.962387974973074378e+00 7.701822664206947593e+02 2.901110891866474331e-06 -3.641339529723164326e+00 1.222773276330862761e+09
8.352316163235443645e-04 -1.956678195245379781e+00 6.644908032928152579e+02 4.428963403131975130e-06 -3.137237113090156626e+00 1.222773276333014965e+09
7.987767341673191260e-04 -1.989044828990012448e+00 9.319431339703639878e+02 5.745181242423259820e-06 -2.770281465971597967e+00 1.222773276334574699e+09
8.190032393791859665e-04 -1.971494173259505045e+00 7.393256282457894031e+02 1.409602475870153136e-06 -4.084570720982760861e+00 1.222773276335827589e+09
8.312890942560023384e-04 -1.956016276934214870e+00 7.484403919144953079e+02 4.143179341411555427e-06 -3.254984480329779828e+00 1.222773276339788675e+09
8.076126982091018413e-04 -1.980246132426634498e+00 8.589095351740689921e+02 7.211275694414303317e-06 -2.533483033551636510e+00 1.222773276340613604e+09
7.941201324980093562e-04 -1.986927236077056236e+00 9.861280549362973034e+02 9.378810411309239514e-06 -2.517331098736013573e+00 1.222773276341448784e+09
8.216672213902909659e-04 -1.970972020239708744e+00 7.534133012946020926e+02 1.641083216322169347e-06 -4.002526444160595887e+00 1.222773276342041254e+09
8.216672213902909659e-04 -1.970972020239708744e+00 7.534133012946020926e+02 1.641083216322169347e-06 -4.002526444160595887e+00 1.222773276342041254e+09
8.292389719397571298e-04 -1.959777102301546892e+00 7.314192233397737937e+02 9.395215409418544126e-06 -2.499758719236947258e+00 1.222773276342840195e+09
8.292389719397571298e-04 -1.959777102301546892e+00 7.314192233397737937e+02 9.395215409418544126e-06 -2.499758719236947258e+00 1.222773276342840195e+09
8.286325481259375868e-04 -1.963501174989509490e+00 6.889025211448326900e+02 3.102922688340292632e-06 -3.347789829731255828e+00 1.222773276345110655e+09
8.286325481259375868e-04 -1.963501174989509490e+00 6.889025211448326900e+02 3.102922688340292632e-06 -3.347789829731255828e+00 1.222773276345110655e+09
8.235750086186226357e-04 -1.969323438232692070e+00 7.343652683549802305e+02 1.899021792025970039e-06 -3.774213102497688155e+00 1.222773276345554113e+09
8.110572177630437189e-04 -1.974739022706520464e+00 8.721830450418963210e+02 8.288594795670822993e-07 -4.447131733957734312e+00 1.222773276345568657e+09
8.119977872362175780e-04 -1.977831498006726196e+00 8.123529325252158060e+02 2.119901476428547510e-06 -3.930527201833012185e+00 1.222773276345666885e+09
8.119977872362175780e-04 -1.977831498006726196e+00 8.123529325252158060e+02 2.119901476428547510e-06 -3.930527201833012185e+00 1.222773276345666885e+09
7.962479709323340253e-04 -1.992173334388218198e+00 9.250563755596371038e+02 1.616031666629607379e-06 -4.099906744477668674e+00 1.222773276347120047e+09
8.001126364686562747e-04 -1.984833165679157574e+00 8.594348187597890956e+02 4.307535531865943043e-06 -3.127080707564018347e+00 1.222773276347470284e+09
7.928195833600061885e-04 -1.994805708996777227e+00 9.780560940405398469e+02 5.612153534781671259e-06 -3.124727534172977883e+00 1.222773276347520590e+09
7.928195833600061885e-04 -1.994805708996777227e+00 9.780560940405398469e+02 5.612153534781671259e-06 -3.124727534172977883e+00 1.222773276347520590e+09
8.202954002591700657e-04 -1.963088888594791914e+00 7.987283462182908806e+02 2.045912876305212955e-06 -3.811232048143178730e+00 1.222773276349737406e+09
8.046497267967660542e-04 -1.974227984306795136e+00 9.518682701674703139e+02 1.669866473281119780e-06 -3.841109468981874109e+00 1.222773276350093842e+09
8.046497267967660542e-04 -1.974227984306795136e+00 9.518682701674703139e+02 1.669866473281119780e-06 -3.841109468981874109e+00 1.222773276350093842e+09
8.004730076378366570e-04 -1.988229410159932709e+00 9.114325894340992136e+02 4.171316977341380799e-06 -3.045697195296631854e+00 1.222773276350106239e+09
8.032935058314500309e-04 -1.975080818227392454e+00 9.689110232393514934e+02 1.992081150033706800e-06 -3.806804332976106764e+00 1.222773276350902557e+09
8.032935058314500309e-04 -1.975080818227392454e+00 9.689110232393514934e+02 1.992081150033706800e-06 -3.806804332976106764e+00 1.222773276350902557e+09
8.187270361628215401e-04 -1.972714558498532167e+00 7.880663420420050898e+02 1.758164879002352560e-06 -3.846323163627757502e+00 1.222773276355729342e+09
8.187270361628215401e-04 -1.972714558498532167e+00 7.880663420420050898e+02 1.758164879002352560e-06 -3.846323163627757502e+00 1.222773276355729342e+09
8.063903948858949615e-04 -1.981084254745451023e+00 9.278751404758634180e+02 7.623574088993427529e-06 -2.826102397090267893e+00 1.222773276357593536e+09
8.067236403129784961e-04 -1.976081750957854100e+00 9.513287597128480684e+02 9.883672184908051317e-06 -2.430700186681931996e+00 1.222773276357717514e+09
8.067236403129784961e-04 -1.976081750957854100e+00 9.513287597128480684e+02 9.883672184908051317e-06 -2.430700186681931996e+00 1.222773276357717514e+09
8.234699835492359380e-04 -1.961909160441063227e+00 7.393483101202967873e+02 3.150328884308726034e-06 -3.411988065058880082e+00 1.222773276359487534e+09
8.017311063962567937e-04 -1.978904145124600333e+00 9.042141459408984474e+02 6.333694542487008287e-06 -2.892958368361876254e+00 1.222773276360132217e+09
7.937395622087617614e-04 -1.986935723106491025e+00 9.789932129006929244e+02 7.115974851137501897e-06 -2.842424501784080348e+00 1.222773276360195160e+09
7.972770576645111769e-04 -1.988644505166059950e+00 9.357188205235444229e+02 2.461338941895610458e-06 -3.845534316894251070e+00 1.222773276360380888e+09
8.013776214914730125e-04 -1.977054913166054195e+00 9.518093687711532311e+02 4.722933911100902806e-06 -2.873499597411425910e+00 1.222773276362145901e+09
8.057273318758961279e-04 -1.974554678515756390e+00 9.063666391938072593e+02 8.115474245589433409e-06 -2.651974767800252764e+00 1.222773276364508390e+09
8.057273318758961279e-04 -1.974554678515756390e+00 9.063666391938072593e+02 8.115474245589433409e-06 -2.651974767800252764e+00 1.222773276364508390e+09
8.033979661302847889e-04 -1.979694319162988769e+00 8.922520328711517550e+02 1.591905543642129798e-06 -4.130156834065736859e+00 1.222773276365284204e+09
8.307203674259048751e-04 -1.960327124527142750e+00 6.858294421271050396e+02 4.097885705366079487e-06 -3.285108373416437466e+00 1.222773276371405363e+09
8.307203674259048751e-04 -1.960327124527142750e+00 6.858294421271050396e+02 4.097885705366079487e-06 -3.285108373416437466e+00 1.222773276371405363e+09
8.355031911186685525e-04 -1.954125646307992348e+00 6.994742109338343425e+02 7.514652035779089037e-06 -2.720032013840971707e+00 1.222773276371710777e+09
8.343593335333728076e-04 -1.956915412594365744e+00 6.839863925448981945e+02 2.703278380351422055e-06 -3.641170348267781520e+00 1.222773276372780800e+09
8.042269415665418645e-04 -1.979433465793065894e+00 9.329345893269537555e+02 3.820113581838807509e-06 -2.975533339006489086e+00 1.222773276375256062e+09
8.198888990125396048e-04 -1.972503739773766362e+00 7.566059839077910283e+02 3.078515245009076352e-06 -3.324654226609823127e+00 1.222773276375868320e+09
7.978688610194399622e-04 -1.979831861062899101e+00 9.872423500996658277e+02 1.300517662326210378e-06 -4.080449186015688845e+00 1.222773276375990868e+09
7.967876945768184510e-04 -1.984663386821500897e+00 9.238262255287689868e+02 6.543862305252704753e-06 -2.728208567892886904e+00 1.222773276377434015e+09
8.008287019584988797e-04 -1.982900722898190082e+00 8.939869620602383975e+02 4.718080014721951920e-06 -3.267079528718306314e+00 1.222773276378186703e+09
8.008287019584988797e-04 -1.982900722898190082e+00 8.939869620602383975e+02 4.718080014721951920e-06 -3.267079528718306314e+00 1.222773276378186703e+09
8.002469386783358065e-04 -1.978027156520384633e+00 9.717515130524243432e+02 2.547977520514517226e-06 -3.380782710497889809e+00 1.222773276378393412e+09
8.144238080023585890e-04 -1.974532438503834531e+00 7.981163561595262763e+02 9.183468867347959941e-07 -4.304650045852255857e+00 1.222773276379857779e+09
8.106936327434655044e-04 -1.975815803951462168e+00 8.127212980829276603e+02 8.403978878279984157e-07 -4.343856734382583795e+00 1.222773276379945278e+09
7.915613748731661252e-04 -1.989821528271927598e+00 9.584327270607277569e+02 1.856874414149184420e-06 -3.927323016637637387e+00 1.222773276380625963e+09
8.158751291030436623e-04 -1.974160150499483901e+00 7.683646479225432131e+02 1.233165969437557751e-06 -4.248982028449080239e+00 1.222773276380937815e+09
8.158751291030436623e-04 -1.974160150499483901e+00 7.683646479225432131e+02 1.233165969437557751e-06 -4.248982028449080239e+00 1.222773276380937815e+09
8.055632511258596076e-04 -1.978232151618948498e+00 8.630359564493230664e+02 8.824171863819994641e-07 -4.254246791332903399e+00 1.222773276381332636e+09
8.272327661191008954e-04 -1.964704306564713399e+00 7.259433795716112172e+02 1.568971924756381725e-06 -4.057470402756084837e+00 1.222773276382257462e+09
8.045143229819372993e-04 -1.984057394126812923e+00 8.415678065616710910e+02 1.368219820540239931e-06 -3.984552049120020811e+00 1.222773276383805037e+09
8.141130880798073260e-04 -1.976433200280253377e+00 8.063583649198733383e+02 1.818304689613563336e-06 -4.023252809791071805e+00 1.222773276384621143e+09
8.143152657948061124e-04 -1.966459066800852362e+00 8.635866950259536452e+02 2.657627118845232668e-06 -3.560760490901920150e+00 1.222773276388170958e+09
7.968019595752702392e-04 -1.992674700940512356e+00 8.986103619176543589e+02 3.036961548629092384e-06 -3.451867119783486260e+00 1.222773276388949156e+09
8.242555533470263774e-04 -1.964363450177006420e+00 8.014160881703797941e+02 3.578511353615492803e-06 -3.380743434036967088e+00 1.222773276389716864e+09
8.242555533470263774e-04 -1.964363450177006420e+00 8.014160881703797941e+02 3.578511353615492803e-06 -3.380743434036967088e+00 1.222773276389716864e+09
8.193398873023952783e-04 -1.965635099225197857e+00 8.408465894555431532e+02 7.916857547595507164e-06 -2.551600469083830092e+00 1.222773276389998198e+09
8.066484808747266273e-04 -1.976803603162628153e+00 8.547144542224451698e+02 1.255500151962119424e-06 -3.945580458484738706e+00 1.222773276391393423e+09
8.066484808747266273e-04 -1.976803603162628153e+00 8.547144542224451698e+02 1.255500151962119424e-06 -3.945580458484738706e+00 1.222773276391393423e+09
8.047862926309635578e-04 -1.975186772480150399e+00 9.802082906511670899e+02 3.925136702450973320e-06 -3.080042872415869937e+00 1.222773276391602278e+09
8.047862926309635578e-04 -1.975186772480150399e+00 9.802082906511670899e+02 3.925136702450973320e-06 -3.080042872415869937e+00 1.222773276391602278e+09
7.932966251441175452e-04 -1.995198927357086705e+00 9.667921502318657758e+02 4.705597767791767802e-06 -3.045453483662615035e+00 1.222773276392222881e+09
7.932966251441175452e-04 -1.995198927357086705e+00 9.667921502318657758e+02 4.705597767791767802e-06 -3.045453483662615035e+00 1.222773276392222881e+09
8.010414251397152650e-04 -1.982114274995208536e+00 9.661939587024888851e+02 6.939773349080928938e-07 -4.538935827055162520e+00 1.222773276394183874e+09
8.010414251397152650e-04 -1.982114274995208536e+00 9.661939587024888851e+02 6.939773349080928938e-07 -4.538935827055162520e+00 1.222773276394183874e+09
8.150429671037778996e-04 -1.968668519206980161e+00 8.710478420627907781e+02 4.140912472127253102e-06 -3.004413968965044646e+00 1.222773276394842148e+09
8.056731088408927016e-04 -1.979562129371118750e+00 8.880356369182070466e+02 8.866661383050954487e-06 -2.708737569612157614e+00 1.222773276395932913e+09
8.252604554408936267e-04 -1.963559271879963264e+00 7.350927271279368824e+02 1.148041248277938591e-06 -4.135769131998658921e+00 1.222773276396751165e+09
8.111785930057822469e-04 -1.971728305470934028e+00 8.551765494388049547e+02 9.307767757322363470e-07 -4.421507779927683401e+00 1.222773276397523165e+09
8.111785930057822469e-04 -1.971728305470934028e+00 8.551765494388049547e+02 9.307767757322363470e-07 -4.421507779927683401e+00 1.222773276397523165e+09
8.281321302849606412e-04 -1.962083375657849516e+00 7.342182202534962698e+02 2.287598433672652637e-06 -3.820281199163673591e+00 1.222773276398730993e+09
7.976550876687745623e-04 -1.990200230879436871e+00 9.723645786061005083e+02 1.411526144089408274e-06 -4.133710055142019613e+00 1.222773276398844242e+09
8.005406498118256345e-04 -1.988667574013408545e+00 9.356491343891266297e+02 2.827952636430581146e-06 -3.463889057847346464e+00 1.222773276400187492e+09
7.995415685336106732e-04 -1.984780573859478814e+00 9.824219136464414532e+02 7.822520626441168565e-07 -4.497053715233400695e+00 1.222773276401607513e+09
7.954985822759784702e-04 -1.991153925712293216e+00 8.949197420368176381e+02 1.655579395685822230e-06 -3.976269646460628415e+00 1.222773276402530193e+09
7.954985822759784702e-04 -1.991153925712293216e+00 8.949197420368176381e+02 1.655579395685822230e-06 -3.976269646460628415e+00 1.222773276402530193e+09
8.059707236129183203e-04 -1.979132184269511541e+00 9.074138106019256611e+02 1.104473118101046407e-05 -2.387972307607340028e+00 1.222773276403139114e+09
8.248027310646502451e-04 -1.960694171880808412e+00 7.623405481733045690e+02 2.674874383246139662e-06 -3.362391332179125669e+00 1.222773276403303623e+09
8.300730568456179135e-04 -1.958962166173972896e+00 7.246607380344657940e+02 3.690253562279412827e-06 -3.083841686454648290e+00 1.222773276406315327e+09
8.027726880791334835e-04 -1.983552769190347398e+00 9.384923201111186017e+02 9.813872358017651811e-07 -4.297901804054752084e+00 1.222773276407306910e+09
7.951112352442384068e-04 -1.990224944539267238e+00 9.814724544535230280e+02 7.079007715540142363e-06 -2.556511533280213300e+00 1.222773276408725023e+09
7.992584663576181693e-04 -1.984829944249092426e+00 9.486974089407688098e+02 3.890266964668435056e-06 -2.952161662526956221e+00 1.222773276410016060e+09
7.992584663576181693e-04 -1.984829944249092426e+00 9.486974089407688098e+02 3.890266964668435056e-06 -2.952161662526956221e+00 1.222773276410016060e+09
8.072819981018646918e-04 -1.975866952399794263e+00 9.556150608346922581e+02 1.988064923994708476e-06 -3.795331934214853931e+00 1.222773276410284758e+09
8.072819981018646918e-04 -1.975866952399794263e+00 9.556150608346922581e+02 1.988064923994708476e-06 -3.795331934214853931e+00 1.222773276410284758e+09
8.159092543992263729e-04 -1.970334040533034514e+00 7.634529089845060525e+02 2.144085279507202486e-06 -3.618770087962363213e+00 1.222773276411264658e+09
8.177518765948659472e-04 -1.970798430676711455e+00 8.110007410412385980e+02 4.716362245266712476e-06 -2.868788037240880939e+00 1.222773276412807703e+09
8.249836325770935159e-04 -1.963750101017849747e+00 7.245381317779601886e+02 1.302207610349089036e-06 -4.059949613412206837e+00 1.222773276413811207e+09
8.322873876190567746e-04 -1.961549907146513005e+00 6.859738567981693222e+02 6.052929340635991531e-06 -2.828944123288984258e+00 1.222773276414664268e+09
8.307116360199768472e-04 -1.958237432653754606e+00 6.936207173149481378e+02 2.634778277120507837e-06 -3.490065596038386175e+00 1.222773276414734125e+09
8.020502055318990157e-04 -1.983384846173798621e+00 8.630839767663568409e+02 1.217895862826990921e-06 -4.026914429589564470e+00 1.222773276416525841e+09
8.020502055318990157e-04 -1.983384846173798621e+00 8.630839767663568409e+02 1.217895862826990921e-06 -4.026914429589564470e+00 1.222773276416525841e+09
8.047955843126043457e-04 -1.983002890009755603e+00 8.168130513915122037e+02 2.191357640670524799e-06 -3.701697678599608743e+00 1.222773276422172308e+09
8.321417393703570402e-04 -1.961680058592771170e+00 6.840105414212592905e+02 5.310505041098332255e-06 -3.086030845421247726e+00 1.222773276424066544e+09
8.326694378378575153e-04 -1.954836786454965836e+00 7.162734353052640017e+02 4.721499082559892462e-06 -2.941330058910359924e+00 1.222773276427039146e+09
7.994714786329472442e-04 -1.990961297357753512e+00 8.872960206066020419e+02 3.062611847241801651e-06 -3.539581453872091998e+00 1.222773276427042484e+09
8.212199163412863641e-04 -1.971706954186366545e+00 7.623876194781502136e+02 6.563641093248038376e-06 -2.792044283323609655e+00 1.222773276427222490e+09
8.184754697723183080e-04 -1.971252080300204934e+00 8.242672530293438058e+02 5.073653529593680843e-06 -2.941949435750178310e+00 1.222773276428235531e+09
8.186907029966712483e-04 -1.967461247483453635e+00 7.825890887866107732e+02 1.077304724348602791e-06 -4.331582756236375786e+00 1.222773276429934740e+09
7.958993792654760983e-04 -1.988866301434128125e+00 9.341901462395434237e+02 9.355817539154641801e-07 -4.226277207919805434e+00 1.222773276430244207e+09
8.056537495850056444e-04 -1.976893346360426573e+00 8.449883117611325360e+02 1.592395400978783027e-06 -3.965224430821224999e+00 1.222773276434741497e+09
8.218463132860181044e-04 -1.968878961351273160e+00 7.425016282091585254e+02 1.114978018537411071e-06 -4.232914969938618377e+00 1.222773276435950518e+09
8.218463132860181044e-04 -1.968878961351273160e+00 7.425016282091585254e+02 1.114978018537411071e-06 -4.232914969938618377e+00 1.222773276435950518e+09
8.091303900211279428e-04 -1.972687320090876550e+00 8.802535390466562149e+02 2.295874579189396267e-06 -3.815433547954321547e+00 1.222773276437662125e+09
8.204163108466902121e-04 -1.966635591044599174e+00 7.947037192470938862e+02 8.515604043643483937e-06 -2.404849081479726536e+00 1.222773276439370394e+09
8.071444992230601169e-04 -1.983141515930230359e+00 8.083473837712250543e+02 2.044755348078307892e-06 -3.757541017108399828e+00 1.222773276441083908e+09
8.126121771902879327e-04 -1.971573147705329543e+00 8.792335145087607771e+02 9.644205021683964100e-06 -2.559008838680011166e+00 1.222773276441122770e+09
8.082881131693662362e-04 -1.973096694320422451e+00 8.650938387272423142e+02 3.796091596394755436e-06 -3.018667711104788154e+00 1.222773276441175938e+09
8.401120610696537379e-04 -1.951922290508362412e+00 6.580261154163451920e+02 3.542137178562134169e-06 -3.314500336656772461e+00 1.222773276441770077e+09
8.316132809617051086e-04 -1.958404856149326356e+00 7.216840269533811352e+02 6.990845086067959482e-06 -2.876636005165636334e+00 1.222773276441835880e+09
7.896455895852639174e-04 -1.996516070798433073e+00 9.595661257295827227e+02 3.162540913783040744e-06 -3.347391223189225329e+00 1.222773276442768097e+09
7.965295930056671709e-04 -1.987072571762181772e+00 9.708160754650301669e+02 1.249141123068590847e-06 -3.930683590769898039e+00 1.222773276445471287e+09
7.965295930056671709e-04 -1.987072571762181772e+00 9.708160754650301669e+02 1.249141123068590847e-06 -3.930683590769898039e+00 1.222773276445471287e+09
8.301032928065025726e-04 -1.957733373209464833e+00 7.540986729604446737e+02 2.888022622801666529e-06 -3.522948706351080261e+00 1.222773276445620537e+09
7.961126860499965130e-04 -1.988036047980260124e+00 9.263902610271431968e+02 4.767375744983170178e-06 -3.256075327845483258e+00 1.222773276446222544e+09
7.961126860499965130e-04 -1.988036047980260124e+00 9.263902610271431968e+02 4.767375744983170178e-06 -3.256075327845483258e+00 1.222773276446222544e+09
8.002119313515991409e-04 -1.983926564632572775e+00 9.301733786604210081e+02 1.858520696561984740e-06 -4.051016397442936956e+00 1.222773276448173523e+09
8.122620514446912904e-04 -1.977087067168045387e+00 8.211206537497548652e+02 2.468535055752350714e-06 -3.821831471013680925e+00 1.222773276449715376e+09
8.346641429320690022e-04 -1.955042229882049565e+00 7.128990825957251900e+02 4.076017534329982749e-06 -3.078225693374800898e+00 1.222773276451085091e+09
8.147724875606994531e-04 -1.971538477933487243e+00 8.598183429313397710e+02 1.666060924411288224e-06 -4.028799230396369779e+00 1.222773276452432632e+09
8.287944577132065225e-04 -1.966071768465505798e+00 7.039440297957673920e+02 3.783488028523679443e-06 -3.321676187415614656e+00 1.222773276453521490e+09
8.005392368679513197e-04 -1.977376474595474498e+00 9.880615722744390723e+02 7.264531012477391918e-06 -2.666113631628803660e+00 1.222773276458482742e+09
8.005392368679513197e-04 -1.977376474595474498e+00 9.880615722744390723e+02 7.264531012477391918e-06 -2.666113631628803660e+00 1.222773276458482742e+09
8.005141656909488083e-04 -1.987810774059536989e+00 8.985012536427869918e+02 8.039627150993818342e-06 -2.714588944305230456e+00 1.222773276459978580e+09
8.005141656909488083e-04 -1.987810774059536989e+00 8.985012536427869918e+02 8.039627150993818342e-06 -2.714588944305230456e+00 1.222773276459978580e+09
8.165198820392523260e-04 -1.969259497116009783e+00 8.539293733328254348e+02 3.816379111579267763e-06 -3.092909636993649514e+00 1.222773276462727070e+09
7.973575381868833536e-04 -1.984455773822651814e+00 9.681113640295714049e+02 1.018890649085146591e-05 -2.365223999057280757e+00 1.222773276463531733e+09
8.028578725917179856e-04 -1.985958243228156173e+00 8.386175941743409794e+02 2.530168709962331740e-06 -3.528889857840898259e+00 1.222773276464686394e+09
8.028578725917179856e-04 -1.985958243228156173e+00 8.386175941743409794e+02 2.530168709962331740e-06 -3.528889857840898259e+00 1.222773276464686394e+09
8.184663609757150378e-04 -1.970264264215205285e+00 7.780001790783385331e+02 9.705763576006949382e-06 -2.490253716970975972e+00 1.222773276465621948e+09
7.922942821755292811e-04 -1.995687539359066065e+00 9.352333469238026282e+02 2.094603699492199623e-06 -3.808571235946266675e+00 1.222773276466272831e+09
7.922942821755292811e-04 -1.995687539359066065e+00 9.352333469238026282e+02 2.094603699492199623e-06 -3.808571235946266675e+00 1.222773276466272831e+09
8.343780717142270991e-04 -1.958197078511818123e+00 7.146330126531505584e+02 5.590467804699690487e-06 -2.925711870661887204e+00 1.222773276466908693e+09
7.952984324951386077e-04 -1.986390051454115513e+00 9.805307519100082345e+02 2.744933941576568080e-06 -3.233667000188591878e+00 1.222773276467475653e+09
8.013416118560376345e-04 -1.981972962973539421e+00 9.323901253269594918e+02 6.334970463486671693e-07 -4.738063167957999866e+00 1.222773276467691898e+09
7.986457302180294433e-04 -1.981225202034717192e+00 9.642165518590371676e+02 8.070326702290550226e-06 -2.699303025791408572e+00 1.222773276468065262e+09
8.157948915118184725e-04 -1.971121521573761193e+00 7.635096663707079188e+02 4.768273316265051776e-06 -3.142863164371763496e+00 1.222773276471392632e+09
8.200750216518611557e-04 -1.967962622410645235e+00 7.411520063941463832e+02 2.664557338966185400e-06 -3.396959125181993500e+00 1.222773276472258568e+09
8.038576875685112932e-04 -1.978080338123343385e+00 9.232230419748565282e+02 2.569965718082544957e-06 -3.297988622213867238e+00 1.222773276475566864e+09
8.276069614008961127e-04 -1.963394497576467890e+00 7.320329405314437281e+02 1.471871501238812154e-06 -4.082768019449066088e+00 1.222773276476162910e+09
8.024307142875833181e-04 -1.987039159720817239e+00 8.819268520488789136e+02 7.326008589221221669e-06 -2.729845519602277726e+00 1.222773276477277756e+09
8.055357751463677928e-04 -1.980861956338134222e+00 9.435746058466576187e+02 1.956825018552926128e-06 -3.910816021477634408e+00 1.222773276480228901e+09
8.292126599157838718e-04 -1.964109413548965843e+00 6.929124186018274258e+02 5.805655295369212656e-06 -2.963445351383176884e+00 1.222773276484183311e+09
8.292126599157838718e-04 -1.964109413548965843e+00 6.929124186018274258e+02 5.805655295369212656e-06 -2.963445351383176884e+00 1.222773276484183311e+09
8.085021594709723486e-04 -1.974825862276674115e+00 9.224326419253699214e+02 5.894530743798134884e-06 -2.683295396872172667e+00 1.222773276484398603e+09
8.085021594709723486e-04 -1.974825862276674115e+00 9.224326419253699214e+02 5.894530743798134884e-06 -2.683295396872172667e+00 1.222773276484398603e+09
7.916168319850120033e-04 -1.993551729859572852e+00 9.930796620611091612e+02 7.839050233101405128e-07 -4.435925545226242050e+00 1.222773276484486103e+09
8.002740106869822394e-04 -1.984577289496140207e+00 9.102448328961812649e+02 5.896009069063664833e-07 -4.650685337309051093e+00 1.222773276485464334e+09
8.079051153595660133e-04 -1.972813509139858201e+00 8.679391475225814929e+02 5.983846633484467548e-06 -2.734141862340242923e+00 1.222773276485696554e+09
8.035929982201829450e-04 -1.986264889699571157e+00 8.311669702600081564e+02 2.552486211430826131e-06 -3.618574728328013634e+00 1.222773276486670494e+09
7.967306091813232752e-04 -1.989770690925539487e+00 9.851240908891917343e+02 1.010965336913937937e-06 -4.334085403910203915e+00 1.222773276488429308e+09
7.967306091813232752e-04 -1.989770690925539487e+00 9.851240908891917343e+02 1.010965336913937937e-06 -4.334085403910203915e+00 1.222773276488429308e+09
8.013801479824866989e-04 -1.978697474341054141e+00 9.725547568584403280e+02 8.097293841884898243e-06 -2.731653737735333820e+00 1.222773276488492250e+09
8.060839349419682189e-04 -1.974852773938985173e+00 9.190141977748056661e+02 4.142629001127123983e-06 -3.354461855189488695e+00 1.222773276489443064e+09
8.013087289295440369e-04 -1.983620862709556398e+00 8.860075324776520347e+02 3.588285128669628105e-06 -3.058442469714513834e+00 1.222773276490061760e+09
7.935201874220122959e-04 -1.989088520673429006e+00 9.802047789580199151e+02 7.982717126210043530e-07 -4.329236198744951025e+00 1.222773276490581512e+09
8.120750392827738584e-04 -1.978096365041883686e+00 8.571896305963143732e+02 7.408944416512397851e-06 -2.753806683082929752e+00 1.222773276493891954e+09
8.231656251590647577e-04 -1.968180785964845692e+00 7.742162085147198241e+02 3.658396301273982566e-06 -3.201892371217594402e+00 1.222773276494415045e+09
7.938902127107442044e-04 -1.995102172172190880e+00 9.314423165281892807e+02 2.649271882504494997e-06 -3.593828281025510663e+00 1.222773276494725466e+09
8.073174482999282081e-04 -1.974090327195009431e+00 8.572166892628908954e+02 1.307890141997589589e-06 -4.071560057773709218e+00 1.222773276495336294e+09
8.006244515744207575e-04 -1.983047206037559462e+00 8.985470012417672478e+02 8.732641683287950280e-06 -2.546015639338900627e+00 1.222773276495699167e+09
7.990825019295636714e-04 -1.986052559619178481e+00 8.778632925095748760e+02 1.990230590008789050e-06 -3.643277787356693942e+00 1.222773276495786190e+09
7.937166105028020408e-04 -1.993787549567818562e+00 9.270796914691262600e+02 1.535035238182417913e-06 -3.972051232933581311e+00 1.222773276496284246e+09
8.406757995242940306e-04 -1.952305866646879773e+00 6.603800661738783901e+02 3.926161617670835472e-06 -3.184142238954853710e+00 1.222773276496962309e+09
8.103533926554486134e-04 -1.980860814801655323e+00 8.108718457978951619e+02 6.324078666429659632e-06 -2.950027447474996123e+00 1.222773276497293711e+09
8.002205381730171426e-04 -1.988873498427889519e+00 8.951317842449420823e+02 1.242030926823359312e-06 -4.211151420629724917e+00 1.222773276497978687e+09
8.074657868808270394e-04 -1.980600738025946050e+00 8.297776663102471275e+02 9.644443852752662233e-07 -4.273046766827055087e+00 1.222773276499978542e+09
8.196183482054489973e-04 -1.970996743380596161e+00 7.948683772258131057e+02 8.836880235326496924e-06 -2.598615437262100869e+00 1.222773276502919912e+09
8.216765516693948701e-04 -1.972188704326347075e+00 7.315911104490540993e+02 3.858603869577452166e-06 -3.313278141157199208e+00 1.222773276503403664e+09
8.040085899589059911e-04 -1.981084120747645283e+00 9.818052867839298870e+02 2.699423873699966463e-06 -3.555288053009266314e+00 1.222773276503808260e+09
8.040085899589059911e-04 -1.981084120747645283e+00 9.818052867839298870e+02 2.699423873699966463e-06 -3.555288053009266314e+00 1.222773276503808260e+09
8.044115413603576854e-04 -1.978310467056231481e+00 9.052615441508754657e+02 4.465156541890656674e-06 -2.827116108976906794e+00 1.222773276504758835e+09
8.044115413603576854e-04 -1.978310467056231481e+00 9.052615441508754657e+02 4.465156541890656674e-06 -2.827116108976906794e+00 1.222773276504758835e+09
8.126368761374474668e-04 -1.970079969961183508e+00 8.917071758066522307e+02 1.716790243645498918e-06 -3.914162929839598348e+00 1.222773276505220175e+09
8.016252733196363835e-04 -1.978350518327470109e+00 9.299523225339630699e+02 1.439547805159132108e-06 -3.852049876553005348e+00 1.222773276505575657e+09
8.016252733196363835e-04 -1.978350518327470109e+00 9.299523225339630699e+02 1.439547805159132108e-06 -3.852049876553005348e+00 1.222773276505575657e+09
8.062881298496035656e-04 -1.981475515793334585e+00 8.455445649454185286e+02 2.508842192895540587e-06 -3.804891499078957295e+00 1.222773276505696297e+09
8.066794400662296921e-04 -1.984220749003674289e+00 8.281068520689734669e+02 4.772490939979302118e-06 -3.206098737843111834e+00 1.222773276506945372e+09
8.133326261714479699e-04 -1.971023183318236338e+00 8.741442779219109980e+02 8.998271669792767285e-06 -2.400845069325282743e+00 1.222773276507215500e+09
7.906639431535119299e-04 -1.991881841908375250e+00 9.678038338727925520e+02 1.144666826686678565e-06 -4.297672726195335358e+00 1.222773276507728100e+09
8.114479946227158656e-04 -1.980266323854626087e+00 8.436720851452229226e+02 4.159956451772208259e-06 -3.261908456670295386e+00 1.222773276508366823e+09
7.894382561353267607e-04 -1.995786409508607528e+00 9.719802348981646674e+02 3.945351837155792276e-06 -3.119566390067087802e+00 1.222773276511768103e+09
7.999148886871278868e-04 -1.979918844659463550e+00 9.912819397442174250e+02 1.419207568860227424e-06 -4.158053133878176766e+00 1.222773276512138844e+09
7.999148886871278868e-04 -1.979918844659463550e+00 9.912819397442174250e+02 1.419207568860227424e-06 -4.158053133878176766e+00 1.222773276512138844e+09
8.109428115687444339e-04 -1.970063267747224511e+00 8.999971181325061025e+02 6.099754088751379981e-06 -2.959536374613428222e+00 1.222773276512959957e+09
8.109428115687444339e-04 -1.970063267747224511e+00 8.999971181325061025e+02 6.099754088751379981e-06 -2.959536374613428222e+00 1.222773276512959957e+09
7.982088693133258719e-04 -1.982905611527424394e+00 9.678565549238040830e+02 6.826131095545978374e-07 -4.484659043031550496e+00 1.222773276514565706e+09
8.064174086294591823e-04 -1.984395893455514592e+00 8.208719249836931340e+02 4.832855337610449033e-06 -3.113036699576056776e+00 1.222773276514717579e+09
7.994528515649982877e-04 -1.986564825695344538e+00 9.112101755732418269e+02 6.844912119032038932e-07 -4.553234004262975532e+00 1.222773276515029669e+09
7.952609582680153933e-04 -1.985932712130399125e+00 9.522098462958030041e+02 4.337496944446475627e-06 -2.914888859166666180e+00 1.222773276515781164e+09
7.952609582680153933e-04 -1.985932712130399125e+00 9.522098462958030041e+02 4.337496944446475627e-06 -2.914888859166666180e+00 1.222773276515781164e+09
8.085019323543994043e-04 -1.971046543094181036e+00 8.956134116389064275e+02 4.477332108088516109e-06 -3.172352024281827276e+00 1.222773276516364574e+09
7.883589053937091863e-04 -1.994217804243882952e+00 9.740712161430072911e+02 1.646295654022112989e-06 -3.923608805586637160e+00 1.222773276519475698e+09
8.008980434797715155e-04 -1.983246357754533395e+00 9.422224477404824938e+02 1.078860851944284536e-05 -2.387318898335751172e+00 1.222773276521224976e+09
8.002143410281489094e-04 -1.979444087960336329e+00 9.109931919747567690e+02 1.977279518639977576e-06 -3.759906040145229333e+00 1.222773276523526907e+09
8.182528874332008163e-04 -1.965356035870915230e+00 8.032193968747959616e+02 7.605213202399791796e-06 -2.538403254604858716e+00 1.222773276523626089e+09
8.182528874332008163e-04 -1.965356035870915230e+00 8.032193968747959616e+02 7.605213202399791796e-06 -2.538403254604858716e+00 1.222773276523626089e+09
7.960844011642592179e-04 -1.989110284624206360e+00 9.607454766301499376e+02 9.018351125651294191e-06 -2.441499918153063220e+00 1.222773276526293278e+09
8.254985040607162655e-04 -1.964174088742279167e+00 7.560532900279484920e+02 2.269074262955850030e-06 -3.536187254430205762e+00 1.222773276527604580e+09
7.956793790842752378e-04 -1.989089230200251857e+00 9.018926487541899633e+02 1.726913770058825287e-06 -3.809494225891423724e+00 1.222773276527696848e+09
7.956793790842752378e-04 -1.989089230200251857e+00 9.018926487541899633e+02 1.726913770058825287e-06 -3.809494225891423724e+00 1.222773276527696848e+09
8.123759505364009465e-04 -1.970583824239151793e+00 8.285169396042610970e+02 2.156394637542491291e-06 -3.506425544495577640e+00 1.222773276530806303e+09
8.039077524359913070e-04 -1.980674642338679625e+00 9.491442956025634885e+02 1.140307830023616484e-06 -4.148058700808485710e+00 1.222773276531574011e+09
7.947087254726362647e-04 -1.984165149121195348e+00 9.764804004889953148e+02 4.482083051391652226e-06 -2.936240290669950959e+00 1.222773276534514189e+09
8.053409585277813282e-04 -1.978411327919047835e+00 8.414856641186006527e+02 2.388140064389464177e-06 -3.474096529326628158e+00 1.222773276539457321e+09
8.053409585277813282e-04 -1.978411327919047835e+00 8.414856641186006527e+02 2.388140064389464177e-06 -3.474096529326628158e+00 1.222773276539457321e+09
8.000785346897694222e-04 -1.984342332720617108e+00 8.988351601626195588e+02 6.522984938434925849e-07 -4.676274681473664430e+00 1.222773276539611101e+09
8.000785346897694222e-04 -1.984342332720617108e+00 8.988351601626195588e+02 6.522984938434925849e-07 -4.676274681473664430e+00 1.222773276539611101e+09
7.932165593224899244e-04 -1.987560211120967590e+00 9.578987614508454271e+02 9.994283560567059593e-07 -4.269386393616594333e+00 1.222773276540205240e+09
7.932165593224899244e-04 -1.987560211120967590e+00 9.578987614508454271e+02 9.994283560567059593e-07 -4.269386393616594333e+00 1.222773276540205240e+09
8.010590981537973887e-04 -1.976494977234263928e+00 9.776747782411673597e+02 5.550775643809477328e-06 -2.877657654614473870e+00 1.222773276540361643e+09
8.021966209725298275e-04 -1.980934432496398223e+00 8.714652051972045683e+02 9.686311043855063929e-07 -4.293032991742708582e+00 1.222773276540634871e+09
8.091334855051200139e-04 -1.976080817788428146e+00 8.996622726574837543e+02 9.324820436311140695e-06 -2.633680292898366915e+00 1.222773276542402744e+09
8.091334855051200139e-04 -1.976080817788428146e+00 8.996622726574837543e+02 9.324820436311140695e-06 -2.633680292898366915e+00 1.222773276542402744e+09
8.097738065794795985e-04 -1.977560885074510555e+00 8.826635934689014675e+02 1.477525532064637205e-06 -3.944855889434805363e+00 1.222773276545847178e+09
8.048203350545879518e-04 -1.981999748366605640e+00 9.314521376621052013e+02 1.670743331120222249e-06 -4.061455955431403808e+00 1.222773276549193382e+09
8.048203350545879518e-04 -1.981999748366605640e+00 9.314521376621052013e+02 1.670743331120222249e-06 -4.061455955431403808e+00 1.222773276549193382e+09
8.027202135420149478e-04 -1.981263086662405026e+00 9.935526617038531185e+02 1.914641159960423732e-06 -3.853029089931943929e+00 1.222773276549980879e+09
8.027202135420149478e-04 -1.981263086662405026e+00 9.935526617038531185e+02 1.914641159960423732e-06 -3.853029089931943929e+00 1.222773276549980879e+09
7.996403420473364261e-04 -1.979777749506896001e+00 9.941409786363113881e+02 9.235381318035695570e-06 -2.429078543766865828e+00 1.222773276550257683e+09
7.996403420473364261e-04 -1.979777749506896001e+00 9.941409786363113881e+02 9.235381318035695570e-06 -2.429078543766865828e+00 1.222773276550257683e+09
8.009998864080017334e-04 -1.982240909599513046e+00 9.703567210505566436e+02 9.087720932779590863e-06 -2.675894693232512722e+00 1.222773276550544739e+09
8.045490570874671296e-04 -1.979668098291909262e+00 8.348799787289224241e+02 1.953983766999127487e-06 -3.775704773374966905e+00 1.222773276551090479e+09
8.186276557946690511e-04 -1.972012666704533235e+00 7.865862154511187327e+02 7.003150522179598950e-06 -2.630441791146653330e+00 1.222773276552366257e+09
7.936027172015723509e-04 -1.986437497674178987e+00 9.680309932464331268e+02 3.360896635862745039e-06 -3.157354931267846609e+00 1.222773276553211927e+09
8.096090316062167554e-04 -1.974874904318827618e+00 8.064573511691829708e+02 3.766035432993677874e-06 -3.312027495345858163e+00 1.222773276554085255e+09
8.303260720638874553e-04 -1.956344094603740258e+00 7.276616231820258918e+02 2.544908222272998664e-06 -3.559506111443938359e+00 1.222773276554474354e+09
8.303260720638874553e-04 -1.956344094603740258e+00 7.276616231820258918e+02 2.544908222272998664e-06 -3.559506111443938359e+00 1.222773276554474354e+09
7.931945966373508483e-04 -1.989017761105932758e+00 9.757261484953056652e+02 2.407745704143613196e-06 -3.826398663936869227e+00 1.222773276555560827e+09
7.931945966373508483e-04 -1.989017761105932758e+00 9.757261484953056652e+02 2.407745704143613196e-06 -3.826398663936869227e+00 1.222773276555560827e+09
8.006556077357988030e-04 -1.982306957304051487e+00 9.991639584148321092e+02 4.143196709689200444e-06 -2.988477985064559306e+00 1.222773276556303978e+09
7.953083757565092369e-04 -1.991172271813067773e+00 8.968243909829054701e+02 3.469914920311122329e-06 -3.402848692889479665e+00 1.222773276557663441e+09
7.953083757565092369e-04 -1.991172271813067773e+00 8.968243909829054701e+02 3.469914920311122329e-06 -3.402848692889479665e+00 1.222773276557663441e+09
8.071839750447825984e-04 -1.977688510533981425e+00 8.419644353907257255e+02 8.865322571208768091e-07 -4.294055717068497202e+00 1.222773276559265137e+09
8.163036562279504457e-04 -1.972282368280303677e+00 8.334667621591399893e+02 9.319383488605296846e-06 -2.497288725179299007e+00 1.222773276563604355e+09
8.015904197761016025e-04 -1.978340519908520001e+00 9.653888363869838258e+02 1.115991482083674367e-06 -4.291171651498378203e+00 1.222773276565265894e+09
8.015904197761016025e-04 -1.978340519908520001e+00 9.653888363869838258e+02 1.115991482083674367e-06 -4.291171651498378203e+00 1.222773276565265894e+09
8.228751755347908431e-04 -1.963613010044834795e+00 7.732013786944372669e+02 9.147033265823945915e-06 -2.552579659490505470e+00 1.222773276569016933e+09
8.228751755347908431e-04 -1.963613010044834795e+00 7.732013786944372669e+02 9.147033265823945915e-06 -2.552579659490505470e+00 1.222773276569016933e+09
8.114803807625760399e-04 -1.977953765981422585e+00 8.457552015967012267e+02 2.303787032414647871e-06 -3.852305979669266023e+00 1.222773276572270870e+09
8.114803807625760399e-04 -1.977953765981422585e+00 8.457552015967012267e+02 2.303787032414647871e-06 -3.852305979669266023e+00 1.222773276572270870e+09
8.076275271130517724e-04 -1.977835013536875852e+00 8.134965911537590273e+02 2.197179402576900098e-06 -3.778556893016104645e+00 1.222773276572868824e+09
8.108748242366334291e-04 -1.969705100798112785e+00 8.669463737909537713e+02 2.007402496482192766e-06 -3.667257465419037743e+00 1.222773276574217558e+09
7.991490785427857483e-04 -1.989845104193397329e+00 9.038507872845759721e+02 2.331491801652406636e-06 -3.582269944675788409e+00 1.222773276574385405e+09
8.108432615901706424e-04 -1.978822373365894061e+00 8.328998615457237520e+02 1.141714257669028928e-06 -4.209452580401002564e+00 1.222773276575923204e+09
8.108432615901706424e-04 -1.978822373365894061e+00 8.328998615457237520e+02 1.141714257669028928e-06 -4.209452580401002564e+00 1.222773276575923204e+09
8.022867623268339649e-04 -1.980332095968710959e+00 9.393409469395201086e+02 8.991873090125552989e-06 -2.343428933518527657e+00 1.222773276576992035e+09
8.102813736545485352e-04 -1.979603205980455805e+00 8.117320155258054228e+02 1.359755446200238210e-06 -4.195591163525293155e+00 1.222773276579326630e+09
8.247470875640829611e-04 -1.959323943624826647e+00 7.769858762556261809e+02 3.545132227067014137e-06 -3.328537213997625699e+00 1.222773276579887152e+09
8.247470875640829611e-04 -1.959323943624826647e+00 7.769858762556261809e+02 3.545132227067014137e-06 -3.328537213997625699e+00 1.222773276579887152e+09
7.998706344263023429e-04 -1.982482489914238144e+00 9.959145847787245884e+02 3.279407899367151365e-06 -3.149012134188127199e+00 1.222773276579965353e+09
7.998706344263023429e-04 -1.982482489914238144e+00 9.959145847787245884e+02 3.279407899367151365e-06 -3.149012134188127199e+00 1.222773276579965353e+09
8.073458347144727831e-04 -1.974225870392388060e+00 9.188058652161945474e+02 2.093115646898893519e-06 -3.545057645645641742e+00 1.222773276580675602e+09
8.204859259934739859e-04 -1.965384810426189954e+00 8.141046336517960071e+02 1.687994387362888444e-06 -3.851225570818804123e+00 1.222773276581359148e+09
8.026751345158419145e-04 -1.986533080578887667e+00 9.052081745096010081e+02 2.957475424152121037e-06 -3.662723239490836669e+00 1.222773276582160234e+09
8.026751345158419145e-04 -1.986533080578887667e+00 9.052081745096010081e+02 2.957475424152121037e-06 -3.662723239490836669e+00 1.222773276582160234e+09
8.364989510248294980e-04 -1.956211081237982263e+00 6.923411295400482004e+02 4.983367151928025778e-06 -2.966154559856251538e+00 1.222773276585264683e+09
8.017253078518709339e-04 -1.984189887915766892e+00 9.796052423549937203e+02 1.784278532464575187e-06 -3.886026281406459226e+00 1.222773276585493565e+09
8.017253078518709339e-04 -1.984189887915766892e+00 9.796052423549937203e+02 1.784278532464575187e-06 -3.886026281406459226e+00 1.222773276585493565e+09
8.147313371725252136e-04 -1.970383365286827893e+00 8.059631087985816293e+02 1.442013672705509795e-06 -3.850022615476733634e+00 1.222773276585852385e+09
8.061469254850565274e-04 -1.978024433386768699e+00 9.153154781753736415e+02 8.387410717324676373e-07 -4.391002513232606930e+00 1.222773276586845875e+09
7.918049465026376701e-04 -1.992847555236824553e+00 9.326043871531244349e+02 1.834081989664648051e-06 -3.887717900166034468e+00 1.222773276588363409e+09
8.216822973678608154e-04 -1.963015065703094031e+00 7.854149811396697487e+02 6.962314214532405443e-06 -2.585322846234231697e+00 1.222773276589812517e+09
8.172368816768644855e-04 -1.965070582850371395e+00 8.412035619399682673e+02 7.044704088239707019e-06 -2.760881901413362982e+00 1.222773276590359449e+09
7.973693084929857431e-04 -1.990504260185540497e+00 9.826639148646827380e+02 6.509651165191474655e-06 -2.812537297690679061e+00 1.222773276590979576e+09
8.098292308962169424e-04 -1.973296713693894588e+00 8.258625351422491576e+02 1.282166163012480346e-06 -4.107092349952290888e+00 1.222773276595050097e+09
8.059447585124338053e-04 -1.977354931668818150e+00 8.340751524219147086e+02 3.828860480644349493e-06 -3.245239547674663605e+00 1.222773276595601797e+09
7.942805897194486937e-04 -1.992450572131896358e+00 9.203398153196491194e+02 1.276424960347032664e-06 -4.185180503890028270e+00 1.222773276596065998e+09
8.119622764245092075e-04 -1.975327712068688291e+00 8.665111595022990514e+02 1.288178008073513419e-06 -4.093145999614144159e+00 1.222773276596984148e+09
8.035447094001103808e-04 -1.974735698075385626e+00 9.358392847404705890e+02 3.123936829479920760e-06 -3.311125906367061056e+00 1.222773276597869873e+09
8.120402772626766691e-04 -1.969990967210453636e+00 8.318277548862705544e+02 4.360084843914509447e-06 -3.222054096443307536e+00 1.222773276598616123e+09
8.116815751104295177e-04 -1.977051963626345721e+00 8.492826992182211825e+02 1.494045648085240953e-06 -3.933350905589847457e+00 1.222773276598836422e+09
8.116815751104295177e-04 -1.977051963626345721e+00 8.492826992182211825e+02 1.494045648085240953e-06 -3.933350905589847457e+00 1.222773276598836422e+09
8.171674417453445591e-04 -1.969686192632915889e+00 8.135193082179823705e+02 1.326090662180792093e-06 -4.217659226877342959e+00 1.222773276599384546e+09
8.171674417453445591e-04 -1.969686192632915889e+00 8.135193082179823705e+02 1.326090662180792093e-06 -4.217659226877342959e+00 1.222773276599384546e+09
8.286820101387008244e-04 -1.959627496965724358e+00 7.033996602211221898e+02 3.159871238078850379e-06 -3.376887623647071734e+00 1.222773276599741459e+09
8.286820101387008244e-04 -1.959627496965724358e+00 7.033996602211221898e+02 3.159871238078850379e-06 -3.376887623647071734e+00 1.222773276599741459e+09
7.921817736462991337e-04 -1.994660286791791748e+00 9.799582974115485285e+02 4.842891619762607506e-06 -3.257985946733859883e+00 1.222773276600665808e+09
7.948708172051220785e-04 -1.988593586139845826e+00 9.848524922668708541e+02 1.066111881460059013e-06 -4.086616092789961741e+00 1.222773276602266312e+09
7.948708172051220785e-04 -1.988593586139845826e+00 9.848524922668708541e+02 1.066111881460059013e-06 -4.086616092789961741e+00 1.222773276602266312e+09
7.939173275858810511e-04 -1.989691552364681204e+00 9.185922938314134853e+02 2.097593882782297691e-06 -3.801612770751765069e+00 1.222773276605782270e+09
8.141692378192002090e-04 -1.976602751112446876e+00 7.990978766199589245e+02 2.041293312343824365e-06 -3.925325235120205036e+00 1.222773276606772661e+09
8.140229830973656332e-04 -1.970046177810462984e+00 8.959122248912025270e+02 7.121206763436386050e-06 -2.755824926794916863e+00 1.222773276608199835e+09
8.140229830973656332e-04 -1.970046177810462984e+00 8.959122248912025270e+02 7.121206763436386050e-06 -2.755824926794916863e+00 1.222773276608199835e+09
8.060569306365029550e-04 -1.982946128406291697e+00 8.523949703941999587e+02 1.683157719185239411e-06 -3.802565558515874855e+00 1.222773276608970404e+09
7.925657000821619046e-04 -1.989516244178930027e+00 9.636610596804091529e+02 2.735834842727440891e-06 -3.688671380004722167e+00 1.222773276612331152e+09
7.968297295115302692e-04 -1.992137192357255060e+00 9.658792993384653300e+02 3.162246929311071011e-06 -3.424960415882075893e+00 1.222773276613236666e+09
8.226230563946328612e-04 -1.964075519441781825e+00 7.777667273803376702e+02 1.237647884461752251e-06 -4.109592506913763543e+00 1.222773276613811970e+09
8.226230563946328612e-04 -1.964075519441781825e+00 7.777667273803376702e+02 1.237647884461752251e-06 -4.109592506913763543e+00 1.222773276613811970e+09
7.879686686947782624e-04 -1.999116678859627960e+00 9.874472469675952198e+02 2.391955781643402979e-06 -3.657530539242866752e+00 1.222773276613940239e+09
8.119411108686202172e-04 -1.975128785516030661e+00 8.310080593156324085e+02 8.149329696591713916e-07 -4.402891940331427278e+00 1.222773276615130901e+09
8.005664520206205378e-04 -1.985645705720632037e+00 9.181004072651060142e+02 2.047853971004818257e-06 -3.975976626039609663e+00 1.222773276616995096e+09
8.005664520206205378e-04 -1.985645705720632037e+00 9.181004072651060142e+02 2.047853971004818257e-06 -3.975976626039609663e+00 1.222773276616995096e+09
8.251687089122649752e-04 -1.959539785705747716e+00 7.673829600887268043e+02 2.580147622175062475e-06 -3.500815729831110446e+00 1.222773276621968031e+09
8.251687089122649752e-04 -1.959539785705747716e+00 7.673829600887268043e+02 2.580147622175062475e-06 -3.500815729831110446e+00 1.222773276621968031e+09
8.132713639921538683e-04 -1.974406698466683263e+00 8.543081067904522570e+02 2.305377543149619842e-06 -3.529581095318876649e+00 1.222773276622275591e+09
7.987132868447429940e-04 -1.986703809722346614e+00 9.742964820337684841e+02 8.872014069289668364e-07 -4.394963958418417249e+00 1.222773276622806549e+09
8.059877443525251262e-04 -1.982650903056605962e+00 8.755554479940983583e+02 1.120384012084674839e-06 -4.208303312211386427e+00 1.222773276623148680e+09
7.935223065992136381e-04 -1.989616214256148208e+00 9.963159961296986467e+02 4.715384670113813562e-06 -2.819750295915234517e+00 1.222773276623655558e+09
7.956358009397744048e-04 -1.990524515020328344e+00 9.148862284978848720e+02 1.800418072360091141e-06 -3.741159236102503449e+00 1.222773276623954773e+09
7.956358009397744048e-04 -1.990524515020328344e+00 9.148862284978848720e+02 1.800418072360091141e-06 -3.741159236102503449e+00 1.222773276623954773e+09
8.135208907595626584e-04 -1.974388762185776747e+00 7.698196095466079214e+02 3.854614667519490666e-06 -3.326540101790288695e+00 1.222773276624651432e+09
8.135208907595626584e-04 -1.974388762185776747e+00 7.698196095466079214e+02 3.854614667519490666e-06 -3.326540101790288695e+00 1.222773276624651432e+09
7.882280964562042190e-04 -1.995408757563599034e+00 9.990645975595440405e+02 8.187131177972719136e-07 -4.495079629051927483e+00 1.222773276625638962e+09
8.292542175343706971e-04 -1.957644927210336228e+00 7.158255997648557241e+02 3.671789071349916084e-06 -3.221029486214570525e+00 1.222773276626493454e+09
8.292542175343706971e-04 -1.957644927210336228e+00 7.158255997648557241e+02 3.671789071349916084e-06 -3.221029486214570525e+00 1.222773276626493454e+09
8.284523346147400257e-04 -1.961649547533981686e+00 7.274824902038133132e+02 3.044587585900691004e-06 -3.270801278296652015e+00 1.222773276627588034e+09
7.982577311558737175e-04 -1.984047159016415707e+00 9.314513139001951458e+02 7.172023471279639477e-07 -4.624811517124367555e+00 1.222773276630714178e+09
7.879936182783015648e-04 -1.993329176196985575e+00 9.888797615904489930e+02 3.508120132833618168e-06 -3.351988506988307748e+00 1.222773276632550955e+09
8.035400693423028901e-04 -1.982893469747406101e+00 8.736043867984991493e+02 8.339309603505510888e-07 -4.549550744261729562e+00 1.222773276633013248e+09
8.035400693423028901e-04 -1.982893469747406101e+00 8.736043867984991493e+02 8.339309603505510888e-07 -4.549550744261729562e+00 1.222773276633013248e+09
7.946701206175714113e-04 -1.991084734012426249e+00 9.647228895338140546e+02 7.178785864597874560e-07 -4.581735228153799966e+00 1.222773276633910179e+09
7.967702810380920255e-04 -1.984205869108777609e+00 9.363620555599555928e+02 1.079862078514054029e-06 -4.138378049397294589e+00 1.222773276634820700e+09
7.967702810380920255e-04 -1.984205869108777609e+00 9.363620555599555928e+02 1.079862078514054029e-06 -4.138378049397294589e+00 1.222773276634820700e+09
8.181545561351933173e-04 -1.969440210777023026e+00 8.363402354788037201e+02 7.125358341128379672e-06 -2.640769232799014432e+00 1.222773276634838104e+09
8.099855850525222072e-04 -1.973911102126016281e+00 8.778127816265389356e+02 3.315022941046115143e-06 -3.571788122650645825e+00 1.222773276634894371e+09
8.099855850525222072e-04 -1.973911102126016281e+00 8.778127816265389356e+02 3.315022941046115143e-06 -3.571788122650645825e+00 1.222773276634894371e+09
8.089768429791008991e-04 -1.974148248287656671e+00 9.064352843988103814e+02 3.181920736804216514e-06 -3.182721037210646031e+00 1.222773276635662079e+09
7.991380328639235151e-04 -1.989141730028942678e+00 9.026999678445595237e+02 6.216861777755485075e-06 -2.784205993688781078e+00 1.222773276635745287e+09
7.991380328639235151e-04 -1.989141730028942678e+00 9.026999678445595237e+02 6.216861777755485075e-06 -2.784205993688781078e+00 1.222773276635745287e+09
8.346441543680650429e-04 -1.954448427010635925e+00 7.051984201990932206e+02 2.653977243692319048e-06 -3.533409134115784944e+00 1.222773276637467146e+09
7.968428715907060469e-04 -1.984240648382118000e+00 9.736558327963513193e+02 9.559174566534106107e-06 -2.471665685947320057e+00 1.222773276638342381e+09
8.087455214278308543e-04 -1.976226902769134375e+00 8.699326092269913033e+02 1.040177887107814323e-05 -2.353040106577904744e+00 1.222773276639648199e+09
8.008878479326250657e-04 -1.983717592886323988e+00 9.032467962008910263e+02 1.147344176253537670e-06 -4.029330220603080548e+00 1.222773276641471148e+09
7.980110257182766297e-04 -1.988760392434733459e+00 9.296582239759363802e+02 1.030812535453137415e-06 -4.214003060805346479e+00 1.222773276643744946e+09
8.176503188668327385e-04 -1.967245834784903558e+00 8.123539602657604064e+02 1.085177282119677041e-06 -4.257329218869982057e+00 1.222773276645382881e+09
8.176503188668327385e-04 -1.967245834784903558e+00 8.123539602657604064e+02 1.085177282119677041e-06 -4.257329218869982057e+00 1.222773276645382881e+09
8.047352907696584583e-04 -1.978530247459755032e+00 8.682031966459695695e+02 3.021597654015715602e-06 -3.202694364611629041e+00 1.222773276646632433e+09
8.047352907696584583e-04 -1.978530247459755032e+00 8.682031966459695695e+02 3.021597654015715602e-06 -3.202694364611629041e+00 1.222773276646632433e+09
8.037501343871685964e-04 -1.986818393256687632e+00 8.906414900283542693e+02 2.887278477657979466e-06 -3.595273647327795530e+00 1.222773276646976471e+09
8.037501343871685964e-04 -1.986818393256687632e+00 8.906414900283542693e+02 2.887278477657979466e-06 -3.595273647327795530e+00 1.222773276646976471e+09
7.987955738614123131e-04 -1.983787785648816193e+00 9.080360064801802764e+02 8.060255710704959048e-07 -4.466863723875526659e+00 1.222773276648064375e+09
8.089947158125253019e-04 -1.973181349432196363e+00 8.796798908158764334e+02 9.180991693168345785e-07 -4.335677155408702355e+00 1.222773276652414083e+09
8.089947158125253019e-04 -1.973181349432196363e+00 8.796798908158764334e+02 9.180991693168345785e-07 -4.335677155408702355e+00 1.222773276652414083e+09
7.982761783528100584e-04 -1.987238832922598952e+00 8.740484312460208685e+02 3.695723290668040094e-06 -3.316183761203298275e+00 1.222773276657263041e+09
8.050960096847323364e-04 -1.979435507707541841e+00 8.667476321903769758e+02 1.894751538213850848e-06 -3.994911436953433537e+00 1.222773276657622337e+09
8.174398603757621626e-04 -1.969477020559651459e+00 8.415846132082336908e+02 2.032553953678115061e-06 -3.724455300997560059e+00 1.222773276659517050e+09
8.174398603757621626e-04 -1.969477020559651459e+00 8.415846132082336908e+02 2.032553953678115061e-06 -3.724455300997560059e+00 1.222773276659517050e+09
8.064315195516880532e-04 -1.979828679124219004e+00 8.461042723897376163e+02 3.841495797139429546e-06 -3.018066383687865617e+00 1.222773276660341263e+09
8.180184240706644353e-04 -1.970073812759019827e+00 8.439511921448989824e+02 3.740344919314157317e-06 -3.376659364929418317e+00 1.222773276661053181e+09
8.203058884432055204e-04 -1.968969395464193806e+00 7.687580827152663687e+02 1.715578035361958122e-06 -3.751160408891249354e+00 1.222773276661937237e+09
7.979291404092869093e-04 -1.983637149098426589e+00 9.669978174761736227e+02 6.817738310911481798e-07 -4.498240986549342679e+00 1.222773276663498402e+09
7.979291404092869093e-04 -1.983637149098426589e+00 9.669978174761736227e+02 6.817738310911481798e-07 -4.498240986549342679e+00 1.222773276663498402e+09
8.063280272214450777e-04 -1.975743829696724241e+00 9.650416016245408173e+02 8.016607649377049667e-06 -2.682463653769922018e+00 1.222773276663539886e+09
8.124136153453345851e-04 -1.974863813138903357e+00 8.718642249465920031e+02 4.210588699826188054e-06 -3.373725780836659638e+00 1.222773276664667130e+09
8.124136153453345851e-04 -1.974863813138903357e+00 8.718642249465920031e+02 4.210588699826188054e-06 -3.373725780836659638e+00 1.222773276664667130e+09
7.959337005153016608e-04 -1.984584021313209767e+00 9.696402509237751701e+02 2.593941045228317709e-06 -3.738044042026218428e+00 1.222773276664689779e+09
8.321865015280758551e-04 -1.957022233814686984e+00 7.330913377647012794e+02 4.195449055624504962e-06 -3.273073244000548776e+00 1.222773276667531490e+09
8.321865015280758551e-04 -1.957022233814686984e+00 7.330913377647012794e+02 4.195449055624504962e-06 -3.273073244000548776e+00 1.222773276667531490e+09
7.951662488014751189e-04 -1.989524762225908239e+00 9.992174897240727205e+02 8.154475413030804983e-06 -2.791752705562751125e+00 1.222773276668203115e+09
7.924911566191088349e-04 -1.993495851567889554e+00 9.381329491227318158e+02 1.237696550310913188e-06 -4.171507859527235240e+00 1.222773276670624733e+09
7.924911566191088349e-04 -1.993495851567889554e+00 9.381329491227318158e+02 1.237696550310913188e-06 -4.171507859527235240e+00 1.222773276670624733e+09
7.939172634129179921e-04 -1.988043585699782678e+00 9.615186362566547587e+02 2.148004680266301706e-06 -3.887991750299316429e+00 1.222773276671502352e+09
7.888004898353406747e-04 -1.995017869955157508e+00 9.826189360323473920e+02 1.432610524900372845e-06 -3.946579730083099591e+00 1.222773276672003508e+09
7.888004898353406747e-04 -1.995017869955157508e+00 9.826189360323473920e+02 1.432610524900372845e-06 -3.946579730083099591e+00 1.222773276672003508e+09
7.915493278960026744e-04 -1.992107935302950050e+00 9.593586707512781686e+02 1.586515846807216325e-06 -3.823500994330554903e+00 1.222773276672879934e+09
8.133549052297153704e-04 -1.971483460290506695e+00 8.755718284209955300e+02 3.937777518348947706e-06 -3.047427561186223599e+00 1.222773276675123692e+09
8.133549052297153704e-04 -1.971483460290506695e+00 8.755718284209955300e+02 3.937777518348947706e-06 -3.047427561186223599e+00 1.222773276675123692e+09
8.190867772840366252e-04 -1.967851075309448916e+00 7.607901693701187469e+02 1.200983387746250640e-06 -4.134180833220986173e+00 1.222773276675145149e+09
8.370099826552571814e-04 -1.955411047175292794e+00 6.924038227253225841e+02 4.331568297155716675e-06 -3.107086379479660820e+00 1.222773276677338600e+09
8.370099826552571814e-04 -1.955411047175292794e+00 6.924038227253225841e+02 4.331568297155716675e-06 -3.107086379479660820e+00 1.222773276677338600e+09
7.923683171696659653e-04 -1.995663329498378324e+00 9.731921281300828923e+02 4.110275310395658265e-06 -3.157916465979103471e+00 1.222773276678416491e+09
7.923683171696659653e-04 -1.995663329498378324e+00 9.731921281300828923e+02 4.110275310395658265e-06 -3.157916465979103471e+00 1.222773276678416491e+09
7.908549942848771023e-04 -1.995154860214443993e+00 9.723663659101844132e+02 4.925670278192618770e-06 -2.946830267823822069e+00 1.222773276678422689e+09
7.908549942848771023e-04 -1.995154860214443993e+00 9.723663659101844132e+02 4.925670278192618770e-06 -2.946830267823822069e+00 1.222773276678422689e+09
8.250599989829747417e-04 -1.963349131489542820e+00 7.508095556422927075e+02 2.563013143682207739e-06 -3.395687008862187994e+00 1.222773276678577423e+09
8.147143434331319961e-04 -1.971245098095730341e+00 8.550798831940404625e+02 2.268564631133912412e-06 -3.831889805025575413e+00 1.222773276678774595e+09
8.137766385554238112e-04 -1.972688904519610542e+00 7.788127228370929060e+02 1.625210991436032948e-06 -3.981409114521218484e+00 1.222773276679354191e+09
8.137766385554238112e-04 -1.972688904519610542e+00 7.788127228370929060e+02 1.625210991436032948e-06 -3.981409114521218484e+00 1.222773276679354191e+09
8.204671922249418730e-04 -1.965292551713502700e+00 7.651488662150333084e+02 6.501039524067754912e-06 -2.662279644806367251e+00 1.222773276679414988e+09
8.216355631696994899e-04 -1.970026603068476323e+00 7.828709918219780093e+02 5.896193100754980306e-06 -3.027751223919469048e+00 1.222773276681829929e+09
8.257693399581911156e-04 -1.968197567494605948e+00 7.306945529229163867e+02 3.553499593351859236e-06 -3.393455423242252245e+00 1.222773276681846619e+09
8.172786043323231747e-04 -1.966676996838256919e+00 8.113452366019529336e+02 2.601668210867225466e-06 -3.361641615980263786e+00 1.222773276683402777e+09
8.172786043323231747e-04 -1.966676996838256919e+00 8.113452366019529336e+02 2.601668210867225466e-06 -3.361641615980263786e+00 1.222773276683402777e+09
8.082496958622025288e-04 -1.976227693910624916e+00 9.257213059231291936e+02 3.038052512418880533e-06 -3.298861677545009030e+00 1.222773276684035540e+09
7.895539691398560612e-04 -1.989723321942429513e+00 9.996873589399982620e+02 2.250408971151403452e-06 -3.721677104848658324e+00 1.222773276684659004e+09
8.235160182183200216e-04 -1.963709124335087264e+00 7.506425869034334255e+02 5.811743682860761276e-06 -3.033280935965523284e+00 1.222773276684915066e+09
8.059246339250112972e-04 -1.984426312686128790e+00 8.655469979138714507e+02 1.764424875754692084e-06 -3.944687858212932774e+00 1.222773276686415911e+09
7.922102680468855835e-04 -1.986288568336404659e+00 9.889271601844340012e+02 3.736703581290613526e-06 -3.190029910884819131e+00 1.222773276686790705e+09
7.922102680468855835e-04 -1.986288568336404659e+00 9.889271601844340012e+02 3.736703581290613526e-06 -3.190029910884819131e+00 1.222773276686790705e+09
7.986140935070092182e-04 -1.983857481290015601e+00 9.806659035801008031e+02 3.929895474641174876e-06 -2.959559952068398836e+00 1.222773276686973810e+09
7.986140935070092182e-04 -1.983857481290015601e+00 9.806659035801008031e+02 3.929895474641174876e-06 -2.959559952068398836e+00 1.222773276686973810e+09
8.067357260115069284e-04 -1.982079220828694144e+00 8.829470737508387401e+02 5.486657822813537047e-06 -3.161929577479487108e+00 1.222773276687124729e+09
8.140501645438864104e-04 -1.972973380864234016e+00 7.891169564490882067e+02 1.646598978936815196e-06 -3.766936213207779716e+00 1.222773276690815449e+09
8.036579300354244806e-04 -1.980038334830181768e+00 9.969363801008970540e+02 6.576852159933037573e-06 -2.868448458102236920e+00 1.222773276695499182e+09
8.036579300354244806e-04 -1.980038334830181768e+00 9.969363801008970540e+02 6.576852159933037573e-06 -2.868448458102236920e+00 1.222773276695499182e+09
8.112569317104406782e-04 -1.973040269901340960e+00 8.814672108923698488e+02 8.595252497590347713e-06 -2.413128033679996953e+00 1.222773276695672750e+09
8.043185770613961103e-04 -1.981577288699782891e+00 9.151609803388091677e+02 1.380051856959536481e-06 -3.926740160577933736e+00 1.222773276695690393e+09
8.056054695352314783e-04 -1.984029764932861539e+00 8.940331252835435407e+02 5.996868045289507543e-06 -2.859395111680598234e+00 1.222773276696852446e+09
8.056054695352314783e-04 -1.984029764932861539e+00 8.940331252835435407e+02 5.996868045289507543e-06 -2.859395111680598234e+00 1.222773276696852446e+09
8.286855160250478991e-04 -1.957069824724488427e+00 7.383217016443485363e+02 4.371100884447882848e-06 -3.071237428727850549e+00 1.222773276699296474e+09
8.198015271256871685e-04 -1.967847250469948683e+00 7.815379486291493549e+02 6.380862832273105478e-06 -2.612199278492765231e+00 1.222773276700057983e+09
7.982140903734694483e-04 -1.988519963181440087e+00 9.552053714329526883e+02 1.109179061508921183e-06 -4.358396057736983131e+00 1.222773276700414419e+09
8.048152371206462093e-04 -1.979500091597063749e+00 9.770797278854254273e+02 7.430723782574158680e-06 -2.709045735402859201e+00 1.222773276702351570e+09
8.229091899898511404e-04 -1.961975164020381523e+00 7.933584585514515766e+02 7.645452882396932211e-06 -2.705946372112657095e+00 1.222773276702491283e+09
8.131786785728937431e-04 -1.969049255065142834e+00 8.328767748678739054e+02 5.756778434244939906e-06 -2.979616640694549901e+00 1.222773276702644587e+09
8.307352017219898953e-04 -1.960704152830743396e+00 7.269520366435683627e+02 6.948153536782997083e-06 -2.688714272991605370e+00 1.222773276704452753e+09
8.307352017219898953e-04 -1.960704152830743396e+00 7.269520366435683627e+02 6.948153536782997083e-06 -2.688714272991605370e+00 1.222773276704452753e+09
8.022165621961179112e-04 -1.978102924567523235e+00 9.187081122168837055e+02 7.294619481040629045e-06 -2.592975009163877687e+00 1.222773276704642773e+09
8.070336475381390722e-04 -1.978423534007960338e+00 8.616429342273371503e+02 1.900538473349901862e-06 -3.588154273865862720e+00 1.222773276708214998e+09
8.070336475381390722e-04 -1.978423534007960338e+00 8.616429342273371503e+02 1.900538473349901862e-06 -3.588154273865862720e+00 1.222773276708214998e+09
8.065835531130072580e-04 -1.977909668511106389e+00 9.049585141160762305e+02 4.154280234984649816e-06 -2.929885675891350516e+00 1.222773276710134983e+09
8.065835531130072580e-04 -1.977909668511106389e+00 9.049585141160762305e+02 4.154280234984649816e-06 -2.929885675891350516e+00 1.222773276710134983e+09
8.039109281800896649e-04 -1.976962604166927484e+00 8.845796603168391812e+02 1.941458392888278170e-06 -3.855365384752166946e+00 1.222773276710325718e+09
7.949583130838410935e-04 -1.993578006420511084e+00 9.152665656221512336e+02 3.731935202121652365e-06 -3.337503836361267240e+00 1.222773276710412264e+09
8.346761596369706507e-04 -1.957479614720570638e+00 6.906317384551480245e+02 4.494379582360030038e-06 -3.240278750199722779e+00 1.222773276710931063e+09
8.346761596369706507e-04 -1.957479614720570638e+00 6.906317384551480245e+02 4.494379582360030038e-06 -3.240278750199722779e+00 1.222773276710931063e+09
8.068408792313403691e-04 -1.977878304008138244e+00 9.027395437755482135e+02 5.614511755972021725e-06 -2.688493523232322602e+00 1.222773276713407278e+09
8.068408792313403691e-04 -1.977878304008138244e+00 9.027395437755482135e+02 5.614511755972021725e-06 -2.688493523232322602e+00 1.222773276713407278e+09
8.217066131857270845e-04 -1.965159060727633467e+00 7.996766102138738006e+02 8.455787593052234609e-06 -2.479392043727543182e+00 1.222773276714507818e+09
8.121438266769127759e-04 -1.979138969890461786e+00 7.991373414627696548e+02 1.934542528548895530e-06 -3.914107377270893195e+00 1.222773276716099977e+09
8.121438266769127759e-04 -1.979138969890461786e+00 7.991373414627696548e+02 1.934542528548895530e-06 -3.914107377270893195e+00 1.222773276716099977e+09
7.988653866270117128e-04 -1.981426343761036879e+00 9.732570667116298182e+02 8.007856553819000674e-06 -2.731398254571351991e+00 1.222773276718239546e+09
8.094893691218967187e-04 -1.976949144258685287e+00 8.014780479446764048e+02 3.977883040583006800e-06 -3.315502942275788456e+00 1.222773276720455647e+09
8.094893691218967187e-04 -1.976949144258685287e+00 8.014780479446764048e+02 3.977883040583006800e-06 -3.315502942275788456e+00 1.222773276720455647e+09
8.225031372051189388e-04 -1.961157986927652974e+00 7.970472909283198533e+02 5.096780168460309159e-06 -2.912523406073004750e+00 1.222773276722393751e+09
8.212249852736146043e-04 -1.964579033018389875e+00 7.591214213695362787e+02 2.221888135489219241e-06 -3.546534363697587899e+00 1.222773276722987175e+09
8.065865828387863267e-04 -1.977769605828545441e+00 8.708423604687675379e+02 7.041179660308675893e-07 -4.619359759690190970e+00 1.222773276723605633e+09
8.200732552628682906e-04 -1.972913089194415104e+00 7.661685736843093082e+02 3.027892792299847076e-06 -3.548967791057926036e+00 1.222773276724203110e+09
8.093589454042579567e-04 -1.976533369128784745e+00 8.728555838295353624e+02 8.776080010405080633e-07 -4.363556916470367142e+00 1.222773276724374294e+09
7.991941530175599188e-04 -1.985681684031059380e+00 9.027052032803487691e+02 8.110204784304341763e-06 -2.624328323912235916e+00 1.222773276724640846e+09
7.991941530175599188e-04 -1.985681684031059380e+00 9.027052032803487691e+02 8.110204784304341763e-06 -2.624328323912235916e+00 1.222773276724640846e+09
7.931074686276495247e-04 -1.990672237559220292e+00 9.951090056119853671e+02 7.162620018071178954e-06 -2.908698748731430861e+00 1.222773276727331161e+09
8.126741449906676844e-04 -1.975039462311526162e+00 8.468249142399698712e+02 1.249520561745970487e-06 -4.249420719250252887e+00 1.222773276728055000e+09
8.126741449906676844e-04 -1.975039462311526162e+00 8.468249142399698712e+02 1.249520561745970487e-06 -4.249420719250252887e+00 1.222773276728055000e+09
7.973135400568915829e-04 -1.990949110271445388e+00 9.473294439393400808e+02 6.566743342074040895e-06 -2.786664733661404547e+00 1.222773276729847908e+09
7.973135400568915829e-04 -1.990949110271445388e+00 9.473294439393400808e+02 6.566743342074040895e-06 -2.786664733661404547e+00 1.222773276729847908e+09
8.156021749415509527e-04 -1.970807837392594131e+00 8.444548336696469732e+02 1.346385331216713993e-06 -4.068845430610799951e+00 1.222773276730303764e+09
8.156021749415509527e-04 -1.970807837392594131e+00 8.444548336696469732e+02 1.346385331216713993e-06 -4.068845430610799951e+00 1.222773276730303764e+09
8.311439786907623374e-04 -1.956515639941344364e+00 7.187440896461988586e+02 3.370522111264265825e-06 -3.413883100253440439e+00 1.222773276730477571e+09
8.302211316763901880e-04 -1.960918433268301175e+00 7.148037652980614212e+02 5.732475737458672720e-06 -2.779832591208566406e+00 1.222773276730981827e+09
8.064172600729043209e-04 -1.976547857269240094e+00 8.793151297280982135e+02 9.309582649643376409e-06 -2.491127107385023187e+00 1.222773276731275558e+09
7.963120507990832306e-04 -1.992009174073270827e+00 9.933811522129462901e+02 3.694813143050408309e-06 -3.350975237210718660e+00 1.222773276733828783e+09
7.963120507990832306e-04 -1.992009174073270827e+00 9.933811522129462901e+02 3.694813143050408309e-06 -3.350975237210718660e+00 1.222773276733828783e+09
8.017615314514565288e-04 -1.978999218452215603e+00 9.475358224598238621e+02 1.377141925749456502e-06 -4.185173791515953923e+00 1.222773276734895468e+09
8.017615314514565288e-04 -1.978999218452215603e+00 9.475358224598238621e+02 1.377141925749456502e-06 -4.185173791515953923e+00 1.222773276734895468e+09
8.257769488437344480e-04 -1.962262777711496931e+00 7.685061435520954092e+02 8.878250531903320399e-06 -2.553016019112837043e+00 1.222773276736411095e+09
7.992933286869223714e-04 -1.985327712761084662e+00 9.250747309705795942e+02 1.508223734733834334e-06 -3.795357928813981374e+00 1.222773276737323284e+09
8.106143771346279716e-04 -1.975495336169226235e+00 8.297160172719401316e+02 3.224674994924810841e-06 -3.594571951213318073e+00 1.222773276737542152e+09
8.101983792571618463e-04 -1.973707657945600324e+00 8.290885439718088037e+02 2.788327712539328952e-06 -3.650047095838127476e+00 1.222773276738348961e+09
8.025015854250512701e-04 -1.977214589422789714e+00 9.664102888172775465e+02 1.895380455736742936e-06 -3.914676290197155240e+00 1.222773276740066051e+09
8.161063467292284813e-04 -1.965569949045645526e+00 8.408413089243958893e+02 2.661470295242162253e-06 -3.516342116993509848e+00 1.222773276740161896e+09
8.230512031927591588e-04 -1.970212389747857618e+00 7.574789829368287428e+02 4.556546346460638223e-06 -3.194325961039673700e+00 1.222773276740192890e+09
8.341008625104963468e-04 -1.956529821119840751e+00 6.871451032761633542e+02 6.341452629780518181e-06 -2.819140458451724562e+00 1.222773276742981672e+09
8.341008625104963468e-04 -1.956529821119840751e+00 6.871451032761633542e+02 6.341452629780518181e-06 -2.819140458451724562e+00 1.222773276742981672e+09
8.249216237354959225e-04 -1.966107334924589889e+00 7.333119460984362377e+02 5.526897696038949624e-06 -3.107572483679651221e+00 1.222773276744646788e+09
7.965117544517878994e-04 -1.985160323195390708e+00 9.985291054261031150e+02 7.112668322343527729e-07 -4.486351823783595094e+00 1.222773276746020317e+09
7.965117544517878994e-04 -1.985160323195390708e+00 9.985291054261031150e+02 7.112668322343527729e-07 -4.486351823783595094e+00 1.222773276746020317e+09
8.110950680701844301e-04 -1.979009534846517315e+00 8.410428457164075553e+02 2.378147168023498117e-06 -3.568218957529712299e+00 1.222773276746238470e+09
7.917189892832951058e-04 -1.993286685573931960e+00 9.592223514419670209e+02 9.389410544946663684e-07 -4.402621058830701983e+00 1.222773276746360064e+09
8.326935496780909314e-04 -1.954940374670716796e+00 7.171386497082568212e+02 4.569713002722962101e-06 -3.132909640542465901e+00 1.222773276746715307e+09
8.243794288698700398e-04 -1.965495190390718294e+00 7.311570545842929505e+02 5.900757739010874649e-06 -3.023685328888936041e+00 1.222773276746731281e+09
8.243794288698700398e-04 -1.965495190390718294e+00 7.311570545842929505e+02 5.900757739010874649e-06 -3.023685328888936041e+00 1.222773276746731281e+09
8.268749032793520437e-04 -1.963912084045966733e+00 7.401690056608890700e+02 2.054539927818471922e-06 -3.674443651833674274e+00 1.222773276747240305e+09
7.990900348059760483e-04 -1.990889688104439781e+00 9.108680884634743506e+02 2.999864770651285925e-06 -3.499817671125824425e+00 1.222773276747791767e+09
8.180671670182048348e-04 -1.964193449492608101e+00 8.100442943528676096e+02 3.067634220239935326e-06 -3.381801821799150787e+00 1.222773276748961210e+09
8.228108514513798790e-04 -1.968994544787966428e+00 7.176900044000866501e+02 3.881895902535388148e-06 -3.217041940064426342e+00 1.222773276750752449e+09
8.035783154267365927e-04 -1.983552960008637234e+00 9.424614458395599286e+02 7.213519840617719554e-06 -2.878895803019235089e+00 1.222773276750892878e+09
8.013958252997173404e-04 -1.985281796514589470e+00 9.057658876977368436e+02 4.739963208330728975e-06 -3.301237338619727346e+00 1.222773276753424883e+09
8.013958252997173404e-04 -1.985281796514589470e+00 9.057658876977368436e+02 4.739963208330728975e-06 -3.301237338619727346e+00 1.222773276753424883e+09
7.970942949794857521e-04 -1.981232942600390956e+00 9.902581718196248630e+02 3.070304633172697136e-06 -3.537765052929155551e+00 1.222773276754060745e+09
7.970942949794857521e-04 -1.981232942600390956e+00 9.902581718196248630e+02 3.070304633172697136e-06 -3.537765052929155551e+00 1.222773276754060745e+09
8.103375704083302196e-04 -1.975665171071875781e+00 8.222311748160307161e+02 2.073990382926583755e-06 -3.537178482958761805e+00 1.222773276754133940e+09
8.271222899611521077e-04 -1.962101364370317125e+00 7.266942463014114537e+02 1.628715309655472124e-06 -3.855382984410942626e+00 1.222773276754215479e+09
8.271222899611521077e-04 -1.962101364370317125e+00 7.266942463014114537e+02 1.628715309655472124e-06 -3.855382984410942626e+00 1.222773276754215479e+09
8.196970907321724084e-04 -1.969468459318888920e+00 7.704628204265543445e+02 5.821242238308029849e-06 -2.714085026733808803e+00 1.222773276755891562e+09
7.947656975338108880e-04 -1.991001360584207180e+00 9.981987476955415559e+02 8.987465301041990120e-06 -2.552972617353093554e+00 1.222773276756180286e+09
8.098549571508531931e-04 -1.974715086890887594e+00 8.187246135605936388e+02 6.623406178531514175e-06 -2.819274058189471965e+00 1.222773276756295443e+09
7.985566257356263619e-04 -1.986054572384720496e+00 9.934125445523101234e+02 1.156556341930205220e-06 -4.154307987907703392e+00 1.222773276756550074e+09
8.162306857904094151e-04 -1.970605388682761028e+00 8.647319316521549126e+02 6.904849067849769449e-06 -2.805402105832932591e+00 1.222773276758023024e+09
8.162306857904094151e-04 -1.970605388682761028e+00 8.647319316521549126e+02 6.904849067849769449e-06 -2.805402105832932591e+00 1.222773276758023024e+09
8.008456886625841056e-04 -1.986635793499949676e+00 8.568986077839477957e+02 4.432376787596970908e-06 -3.206400445049327530e+00 1.222773276758298397e+09
8.008456886625841056e-04 -1.986635793499949676e+00 8.568986077839477957e+02 4.432376787596970908e-06 -3.206400445049327530e+00 1.222773276758298397e+09
8.128897846747253856e-04 -1.967964502761175627e+00 8.796257676962558207e+02 4.469046986446798747e-06 -3.012351566075601284e+00 1.222773276760129213e+09
8.091063868483989920e-04 -1.974100727793566490e+00 8.577632380303534774e+02 3.018767049131732696e-06 -3.613988577134106706e+00 1.222773276762242556e+09
7.982452913468862307e-04 -1.988655572581571995e+00 8.920685412550433284e+02 1.646461970926566734e-06 -3.840407720990208773e+00 1.222773276762551785e+09
7.982452913468862307e-04 -1.988655572581571995e+00 8.920685412550433284e+02 1.646461970926566734e-06 -3.840407720990208773e+00 1.222773276762551785e+09
8.306147960661394670e-04 -1.960104704525841290e+00 7.107431702078183662e+02 6.244609706382815432e-06 -2.718767676395083654e+00 1.222773276762809277e+09
8.113736731035162825e-04 -1.974036377458920466e+00 8.501522758961448289e+02 8.345825193471876134e-07 -4.393564708089295223e+00 1.222773276763127327e+09
8.113736731035162825e-04 -1.974036377458920466e+00 8.501522758961448289e+02 8.345825193471876134e-07 -4.393564708089295223e+00 1.222773276763127327e+09
8.062368807026521877e-04 -1.979610758433846041e+00 9.411726145183803283e+02 1.978193341921044837e-06 -3.800928894145288339e+00 1.222773276763281584e+09
8.062368807026521877e-04 -1.979610758433846041e+00 9.411726145183803283e+02 1.978193341921044837e-06 -3.800928894145288339e+00 1.222773276763281584e+09
8.124608975220613209e-04 -1.970781550645478664e+00 8.338285454377761425e+02 4.129934133851928044e-06 -3.332416171939747151e+00 1.222773276763397217e+09
8.059593144620233419e-04 -1.979981655519439165e+00 8.532767374554416620e+02 8.719293512970251539e-07 -4.327886422415224921e+00 1.222773276763710022e+09
7.978889227156475564e-04 -1.982623179862341711e+00 9.508705226076122017e+02 8.589141947894510915e-07 -4.458180296307011403e+00 1.222773276764085054e+09
8.134725685731230248e-04 -1.972658233700951058e+00 7.833196964540351246e+02 4.707134893040858803e-06 -2.959013702709980542e+00 1.222773276765222549e+09
8.134725685731230248e-04 -1.972658233700951058e+00 7.833196964540351246e+02 4.707134893040858803e-06 -2.959013702709980542e+00 1.222773276765222549e+09
8.272948161445675208e-04 -1.963157203366704628e+00 7.288847375447231798e+02 1.870234445942153916e-06 -3.931093829138004203e+00 1.222773276765726566e+09
8.164219784219091478e-04 -1.968348763660588752e+00 8.141118645762442156e+02 4.978796180924774261e-06 -3.198255981827845318e+00 1.222773276766830921e+09
8.113174772337183481e-04 -1.980030517277574509e+00 8.438825801110227758e+02 4.673228766127840091e-06 -3.144487733448645628e+00 1.222773276767332077e+09
8.186699364949348275e-04 -1.970952175803968975e+00 8.226914888377215220e+02 3.130948326703533420e-06 -3.413657055706457832e+00 1.222773276767600060e+09
8.210820154171250386e-04 -1.965839917464816677e+00 8.268710486330610365e+02 4.872585752391063816e-06 -3.140376178363949222e+00 1.222773276768819332e+09
8.138145489990389900e-04 -1.970823838784435456e+00 8.793576448930572269e+02 5.313683358569776648e-06 -3.133864160290150025e+00 1.222773276770436287e+09
8.041919344350903932e-04 -1.979651644435532765e+00 9.230653989524997769e+02 7.152367156464530856e-06 -2.501806025585315396e+00 1.222773276771393299e+09
8.177414194098542614e-04 -1.964900352153835517e+00 8.010781375437048837e+02 3.143366686428896309e-06 -3.320175076334064279e+00 1.222773276771643639e+09
8.177414194098542614e-04 -1.964900352153835517e+00 8.010781375437048837e+02 3.143366686428896309e-06 -3.320175076334064279e+00 1.222773276771643639e+09
7.941178787599490309e-04 -1.986179889158868672e+00 9.760151445446111893e+02 1.115683102063938995e-06 -4.311785275659371308e+00 1.222773276773088217e+09
8.145245251906646760e-04 -1.968673167614656716e+00 8.219530836838864616e+02 7.055215834765928977e-06 -2.794287348537629612e+00 1.222773276776692390e+09
8.145245251906646760e-04 -1.968673167614656716e+00 8.219530836838864616e+02 7.055215834765928977e-06 -2.794287348537629612e+00 1.222773276776692390e+09
7.952562401506565667e-04 -1.984862007023780794e+00 9.708449416405047714e+02 1.575733924346911908e-06 -4.078817434299834233e+00 1.222773276776798725e+09
7.952562401506565667e-04 -1.984862007023780794e+00 9.708449416405047714e+02 1.575733924346911908e-06 -4.078817434299834233e+00 1.222773276776798725e+09
7.931192791478413511e-04 -1.990639528242399869e+00 9.681297367388314115e+02 6.985261345162316630e-06 -2.878729874891293505e+00 1.222773276777032375e+09
7.974278965005070436e-04 -1.990158515504926839e+00 9.256427744480805586e+02 1.769363667798512965e-06 -3.779479598265631068e+00 1.222773276777191401e+09
7.974278965005070436e-04 -1.990158515504926839e+00 9.256427744480805586e+02 1.769363667798512965e-06 -3.779479598265631068e+00 1.222773276777191401e+09
8.257160272294095842e-04 -1.964771695394614603e+00 7.364483689056148705e+02 2.250743178604306375e-06 -3.554737256524881595e+00 1.222773276779153347e+09
8.039651778436992038e-04 -1.986773579583205773e+00 8.572259128230572287e+02 4.308146846791050198e-06 -3.253192629281609349e+00 1.222773276781870604e+09
8.112680507586902999e-04 -1.976529876606925473e+00 7.804852650263832174e+02 2.750406862366448551e-06 -3.501221540885294914e+00 1.222773276781890631e+09
8.104035945436594349e-04 -1.974447311668610539e+00 8.354863333081725614e+02 8.651988046820051948e-07 -4.470548709149435140e+00 1.222773276783007860e+09
8.279184304145958614e-04 -1.962452763714486847e+00 7.150220754075697869e+02 7.467702004144871172e-06 -2.718916073243065057e+00 1.222773276785107613e+09
8.101943599962541358e-04 -1.971514634054873927e+00 9.048467074284360478e+02 1.840998512160733750e-06 -3.884954304361460942e+00 1.222773276787527561e+09
7.906091386086404674e-04 -1.993915297062816894e+00 9.964849440225481203e+02 7.981517043696747106e-06 -2.673984328669899213e+00 1.222773276787957668e+09
8.041850745997012120e-04 -1.976420199330969574e+00 9.195569158702741106e+02 4.349225489205891935e-06 -2.907535416476852319e+00 1.222773276788119793e+09
8.139870260131777885e-04 -1.975833185448683027e+00 8.305223343759638510e+02 2.195000375836589387e-06 -3.638904368341710160e+00 1.222773276788288593e+09
8.109609519271461595e-04 -1.975686908003281284e+00 8.129110564336516518e+02 9.180373224526327088e-07 -4.323651218160323495e+00 1.222773276788469553e+09
8.109609519271461595e-04 -1.975686908003281284e+00 8.129110564336516518e+02 9.180373224526327088e-07 -4.323651218160323495e+00 1.222773276788469553e+09
8.098133398735642358e-04 -1.980355116870918586e+00 8.353118962100159024e+02 1.563997509770018322e-06 -3.956643571847635599e+00 1.222773276789117336e+09
8.045148626529785530e-04 -1.980107681084975813e+00 8.591151495935616822e+02 2.556134523358484621e-06 -3.368567209943245544e+00 1.222773276790777206e+09
8.045148626529785530e-04 -1.980107681084975813e+00 8.591151495935616822e+02 2.556134523358484621e-06 -3.368567209943245544e+00 1.222773276790777206e+09
8.009531885166798872e-04 -1.984184904302981334e+00 8.808970784367197666e+02 5.120346054609739533e-06 -2.837851967327754465e+00 1.222773276791129112e+09
8.113086982687853005e-04 -1.980154977126380444e+00 8.026695093547048145e+02 2.204338841923038890e-06 -3.797916774269328499e+00 1.222773276791660786e+09
8.033186771046157797e-04 -1.980747694565081041e+00 8.719569441341317315e+02 4.038301708334849698e-06 -2.985531529031426601e+00 1.222773276791842699e+09
8.022192422315311232e-04 -1.982548577069025653e+00 9.270176440143809486e+02 3.058002858169499953e-06 -3.665557657128188040e+00 1.222773276791861057e+09
8.141721787855519523e-04 -1.970219215869886575e+00 8.543498526654693705e+02 1.649886021318713383e-06 -4.033582919639449926e+00 1.222773276792300701e+09
8.141721787855519523e-04 -1.970219215869886575e+00 8.543498526654693705e+02 1.649886021318713383e-06 -4.033582919639449926e+00 1.222773276792300701e+09
8.065866714251240278e-04 -1.982501463237457795e+00 8.353187589225916554e+02 2.537924056922461125e-06 -3.465264536718976274e+00 1.222773276795059681e+09
7.994883803438891960e-04 -1.985367867313883261e+00 9.434449407209273204e+02 1.408483316262584219e-06 -3.874900879069208770e+00 1.222773276796117544e+09
7.994883803438891960e-04 -1.985367867313883261e+00 9.434449407209273204e+02 1.408483316262584219e-06 -3.874900879069208770e+00 1.222773276796117544e+09
7.882287538376793207e-04 -1.998967392596782355e+00 9.935470813843342057e+02 3.265921834206408106e-06 -3.408307461006014449e+00 1.222773276796892643e+09
8.302571692186096544e-04 -1.960779976451448636e+00 6.986886000239426266e+02 6.649054088118760694e-06 -2.791911919943192544e+00 1.222773276799054146e+09
8.087688414513139737e-04 -1.971414512862296409e+00 8.746678820576587441e+02 4.886510639938536945e-06 -3.046805442328377467e+00 1.222773276799080372e+09
8.087688414513139737e-04 -1.971414512862296409e+00 8.746678820576587441e+02 4.886510639938536945e-06 -3.046805442328377467e+00 1.222773276799080372e+09
8.003218928365590226e-04 -1.985696124229835435e+00 9.972949658773075043e+02 2.995750044043215008e-06 -3.587377001249835828e+00 1.222773276801672935e+09
8.073577359284715661e-04 -1.976312622703869426e+00 9.057157190385662489e+02 1.254313577905181566e-06 -4.256776790788833864e+00 1.222773276801731348e+09
8.195677351444990901e-04 -1.970696700268277146e+00 8.046268124186784689e+02 2.285147520998180419e-06 -3.715995827789199346e+00 1.222773276801782608e+09
8.065928116559485791e-04 -1.975930035189390033e+00 8.881825446191487572e+02 1.234280061081632345e-06 -3.985510714328863280e+00 1.222773276803061485e+09
8.042262844369657418e-04 -1.979677944912337839e+00 9.204521940353267837e+02 1.514524425180346705e-06 -4.164418169288987670e+00 1.222773276806542397e+09
8.042262844369657418e-04 -1.979677944912337839e+00 9.204521940353267837e+02 1.514524425180346705e-06 -4.164418169288987670e+00 1.222773276806542397e+09
7.998795352771067950e-04 -1.980936719176229266e+00 9.344199105641786218e+02 7.106638846814292958e-06 -2.571271311550120231e+00 1.222773276806952715e+09
7.998795352771067950e-04 -1.980936719176229266e+00 9.344199105641786218e+02 7.106638846814292958e-06 -2.571271311550120231e+00 1.222773276806952715e+09
7.901740813150432818e-04 -1.994120304732591720e+00 9.868321556582008043e+02 1.510165657499775271e-06 -3.864703785716829820e+00 1.222773276807736635e+09
8.195079754477087438e-04 -1.971159665050749243e+00 7.755892777674758918e+02 8.400699161907884341e-06 -2.592109844792124917e+00 1.222773276810373545e+09
8.195079754477087438e-04 -1.971159665050749243e+00 7.755892777674758918e+02 8.400699161907884341e-06 -2.592109844792124917e+00 1.222773276810373545e+09
7.914844686087191706e-04 -1.991915809176136865e+00 9.463347891584236322e+02 1.963900900134013568e-06 -3.730652347814108261e+00 1.222773276810965538e+09
7.980342512621164562e-04 -1.989023862234933659e+00 9.027841283194495645e+02 1.085058130541522294e-06 -4.237818849572054347e+00 1.222773276812772274e+09
8.298315885203666128e-04 -1.958689312101619340e+00 7.184227485051690110e+02 2.557086114898850051e-06 -3.654903025432018282e+00 1.222773276813299179e+09
7.928703828586951491e-04 -1.994304006252743733e+00 9.587099512206903000e+02 1.276294161471330274e-06 -4.192776341564751874e+00 1.222773276814478397e+09
8.135359408009849641e-04 -1.973400198718470389e+00 8.832298266752316067e+02 6.425621931346262813e-06 -2.918251004051897191e+00 1.222773276814641714e+09
8.090987855926974051e-04 -1.980340003942401506e+00 8.735461735722878984e+02 1.965651424762207315e-06 -3.873301067497275874e+00 1.222773276816877604e+09
7.929002995056882910e-04 -1.990462434730551289e+00 9.488374822796935177e+02 5.343154160147032731e-06 -3.075346733661708853e+00 1.222773276818192720e+09
8.000746366926454484e-04 -1.982125482328736199e+00 9.839603727671319575e+02 8.822506780395539239e-07 -4.372584134498131547e+00 1.222773276819392681e+09
8.078141108393280733e-04 -1.976672148410404617e+00 9.148605483334337123e+02 3.372656725986389300e-06 -3.163956548386380518e+00 1.222773276819625616e+09
8.078141108393280733e-04 -1.976672148410404617e+00 9.148605483334337123e+02 3.372656725986389300e-06 -3.163956548386380518e+00 1.222773276819625616e+09
8.010708849891261165e-04 -1.978583182588420586e+00 9.123237908626056196e+02 4.138881786239803585e-06 -3.168907745354968775e+00 1.222773276819634199e+09
8.010708849891261165e-04 -1.978583182588420586e+00 9.123237908626056196e+02 4.138881786239803585e-06 -3.168907745354968775e+00 1.222773276819634199e+09
8.028218488759850243e-04 -1.978475960246980137e+00 8.885324564998478536e+02 2.340180346647148543e-06 -3.481885159666847862e+00 1.222773276819805861e+09
8.088810842453391216e-04 -1.979150973780393841e+00 7.954755372136020242e+02 3.583632748298846013e-06 -3.348632389014400523e+00 1.222773276821259737e+09
8.088810842453391216e-04 -1.979150973780393841e+00 7.954755372136020242e+02 3.583632748298846013e-06 -3.348632389014400523e+00 1.222773276821259737e+09
8.323342012517756646e-04 -1.955964770853456658e+00 7.258556856581365082e+02 5.328410003480099608e-06 -2.886349801696147743e+00 1.222773276821367979e+09
8.083891633725681473e-04 -1.979416268547368851e+00 8.366092482495240574e+02 7.657243833657950851e-06 -2.564840470843579467e+00 1.222773276821706533e+09
8.083891633725681473e-04 -1.979416268547368851e+00 8.366092482495240574e+02 7.657243833657950851e-06 -2.564840470843579467e+00 1.222773276821706533e+09
8.228243198157113433e-04 -1.962899088795097891e+00 7.933910358381949663e+02 2.025469807181138610e-06 -3.798911412044270186e+00 1.222773276822150469e+09
8.228243198157113433e-04 -1.962899088795097891e+00 7.933910358381949663e+02 2.025469807181138610e-06 -3.798911412044270186e+00 1.222773276822150469e+09
8.150477487461224536e-04 -1.973264730076518259e+00 8.613425471038183332e+02 4.244185418229786696e-06 -3.152542568591519156e+00 1.222773276824032307e+09
8.053382642384996314e-04 -1.981497531775090248e+00 8.759429857263495478e+02 5.313170684057833050e-06 -2.770790971150051796e+00 1.222773276824065924e+09
8.191260755337355067e-04 -1.971209713603854663e+00 7.894477227968707211e+02 2.675634229699696462e-06 -3.714424587755809526e+00 1.222773276824856043e+09
8.144402829199983438e-04 -1.975591970666523034e+00 8.161963968236171922e+02 3.817927286951787620e-06 -3.455963725597029246e+00 1.222773276827027798e+09
8.144402829199983438e-04 -1.975591970666523034e+00 8.161963968236171922e+02 3.817927286951787620e-06 -3.455963725597029246e+00 1.222773276827027798e+09
8.273741149766153293e-04 -1.958762672348309142e+00 7.427793937321073372e+02 5.306637740442805364e-06 -2.866102832358244257e+00 1.222773276827794552e+09
8.023975498705135379e-04 -1.977415781694433994e+00 9.233925626998354801e+02 2.849803694507373868e-06 -3.300055037117703094e+00 1.222773276828971624e+09
7.927270723732236400e-04 -1.988558275234501238e+00 9.698451355358664614e+02 2.586848748940337614e-06 -3.377241144585801713e+00 1.222773276830680847e+09
8.017274538168163911e-04 -1.976759689971512746e+00 9.851566144382113634e+02 3.822741835078730948e-06 -3.324474698978366227e+00 1.222773276831319332e+09
8.059458130580244130e-04 -1.973792900185706412e+00 9.493736643170838079e+02 4.238287078700405262e-06 -3.250564932671872853e+00 1.222773276832056999e+09
8.186756446646788893e-04 -1.969543561819319333e+00 7.804082461206123753e+02 8.102962562366010244e-06 -2.495116526249351097e+00 1.222773276833722115e+09
8.049303382599710651e-04 -1.977184293003238835e+00 9.876314275100619398e+02 3.946665970200201169e-06 -3.300498238319685029e+00 1.222773276840739250e+09
8.049303382599710651e-04 -1.977184293003238835e+00 9.876314275100619398e+02 3.946665970200201169e-06 -3.300498238319685029e+00 1.222773276840739250e+09
8.020250692034804497e-04 -1.976758715906890451e+00 9.699018521496718677e+02 2.518867090216879803e-06 -3.453326802395570994e+00 1.222773276842980146e+09
8.044910313533336181e-04 -1.981164084322495356e+00 9.594690461062082250e+02 6.067844687261065460e-06 -2.797313779919649690e+00 1.222773276844132423e+09
7.984088699086187889e-04 -1.983634639273345490e+00 9.140763531072326487e+02 1.454212531201314975e-06 -3.883918667708194050e+00 1.222773276845027924e+09
7.996998192463583219e-04 -1.984409759155259412e+00 9.975143692715901125e+02 8.498970934917727253e-06 -2.499744357656664917e+00 1.222773276846932650e+09
7.996998192463583219e-04 -1.984409759155259412e+00 9.975143692715901125e+02 8.498970934917727253e-06 -2.499744357656664917e+00 1.222773276846932650e+09
8.003670698428187735e-04 -1.981207381813288926e+00 9.246875097586168977e+02 8.385548914067681104e-06 -2.562644788997506140e+00 1.222773276847561121e+09
8.085955475294773296e-04 -1.980623815375809338e+00 8.104853476694614756e+02 5.650106647074878971e-06 -2.883939238984019049e+00 1.222773276849924088e+09
8.145135056796653497e-04 -1.973704893659318005e+00 8.661548700762288036e+02 3.434611225344565028e-06 -3.416707986805213260e+00 1.222773276852588654e+09
7.950473744297929498e-04 -1.986350597957170283e+00 9.310941135635691808e+02 2.523185938344567775e-06 -3.644087891790775302e+00 1.222773276855406046e+09
7.947959427789242064e-04 -1.987935045090230002e+00 9.479908309151809362e+02 7.805649579144583892e-07 -4.529999497053569080e+00 1.222773276855439425e+09
8.228199811331358060e-04 -1.962611028551777492e+00 7.825708669030442479e+02 2.650777381593793071e-06 -3.644634996785718783e+00 1.222773276857441187e+09
8.079931002601769109e-04 -1.975801438994446491e+00 8.986659285899611405e+02 8.780666880000098873e-06 -2.675421194277440406e+00 1.222773276858591795e+09
8.065324650144294104e-04 -1.983743065183906085e+00 8.272808191831339855e+02 3.369889040577339106e-06 -3.492165839741358191e+00 1.222773276858735800e+09
8.065324650144294104e-04 -1.983743065183906085e+00 8.272808191831339855e+02 3.369889040577339106e-06 -3.492165839741358191e+00 1.222773276858735800e+09
8.113971557750633643e-04 -1.976475729669434855e+00 7.920715360325632446e+02 4.845848521963935756e-06 -2.941240649695950893e+00 1.222773276860280752e+09
8.011953447315307451e-04 -1.981135772832531616e+00 9.617421582673582634e+02 7.013476629232422122e-06 -2.522714461871066405e+00 1.222773276860662937e+09
8.102643155827544746e-04 -1.973179244420149470e+00 8.513617479448633958e+02 2.219125321945455542e-06 -3.471696416661504969e+00 1.222773276861523867e+09
8.107164575731185636e-04 -1.971126654044546456e+00 8.630565145887061362e+02 1.490530352856151627e-06 -3.901000381434036157e+00 1.222773276862759352e+09
8.107164575731185636e-04 -1.971126654044546456e+00 8.630565145887061362e+02 1.490530352856151627e-06 -3.901000381434036157e+00 1.222773276862759352e+09
8.045791705690708397e-04 -1.983334356045120428e+00 8.902430436143822590e+02 2.147629042698084414e-06 -3.587572198117285893e+00 1.222773276863588572e+09
7.931599288457672143e-04 -1.989923237147963597e+00 9.427103094436331503e+02 1.133520719795369988e-06 -4.187855397754421283e+00 1.222773276863759041e+09
8.259103764454760405e-04 -1.965658367264660145e+00 7.043487071984512795e+02 3.234574343835710357e-06 -3.391648784312231157e+00 1.222773276865448236e+09
8.184507401906124420e-04 -1.970563127279069349e+00 8.225436921780449211e+02 2.810098684461338494e-06 -3.463826526462661093e+00 1.222773276866395235e+09
8.184507401906124420e-04 -1.970563127279069349e+00 8.225436921780449211e+02 2.810098684461338494e-06 -3.463826526462661093e+00 1.222773276866395235e+09
8.098094136082960347e-04 -1.972267697927239993e+00 8.546296352567463828e+02 1.603400097298222307e-06 -3.814034154677643507e+00 1.222773276868237019e+09
8.270526586588053354e-04 -1.960959488471662127e+00 7.380423457104045610e+02 5.442003148443444337e-06 -3.081806881496126138e+00 1.222773276870152712e+09
8.291384019084165839e-04 -1.959516461928463071e+00 7.404844639248357225e+02 6.542585060636614144e-06 -2.684633896874297321e+00 1.222773276871161222e+09
7.981063507905106040e-04 -1.987054566744862472e+00 9.970498860010573026e+02 1.326916805589540890e-06 -4.202820561185498960e+00 1.222773276871871948e+09
8.205099110213153260e-04 -1.965104134326505880e+00 7.975795714302939814e+02 1.809154328187537859e-06 -3.740286092081380076e+00 1.222773276872217655e+09
8.102259918977036506e-04 -1.977147269410883368e+00 8.728823874622354424e+02 2.664663517315598321e-06 -3.402355415241105518e+00 1.222773276873028994e+09
8.203137108899731132e-04 -1.967863129572505532e+00 7.590311913406270605e+02 6.634238210793234766e-06 -2.645284691791333742e+00 1.222773276874183416e+09
8.172394151479968035e-04 -1.968923384895457263e+00 8.156177188195354120e+02 4.221616755808601640e-06 -3.359128740966370152e+00 1.222773276874471664e+09
8.098572624091743407e-04 -1.976051513761559075e+00 8.073159536949511903e+02 1.316558287187150882e-06 -4.112475326944498022e+00 1.222773276875754595e+09
8.033181103439828883e-04 -1.980973979245811201e+00 9.399042556606876815e+02 8.799192702482611806e-07 -4.424978519889956274e+00 1.222773276876409054e+09
8.218391598623479583e-04 -1.966552519826179513e+00 7.873915151974209721e+02 2.415952065372521600e-06 -3.768789831565080739e+00 1.222773276876512527e+09
8.218391598623479583e-04 -1.966552519826179513e+00 7.873915151974209721e+02 2.415952065372521600e-06 -3.768789831565080739e+00 1.222773276876512527e+09
7.988682440787822463e-04 -1.984839397515717252e+00 9.126460432596562669e+02 4.630618127793745659e-06 -2.880612846519849946e+00 1.222773276876796246e+09
8.097220834825803563e-04 -1.975926590992077125e+00 8.516910073415682518e+02 1.228997486128630840e-06 -4.000778735340304593e+00 1.222773276878491163e+09
8.017941489051781060e-04 -1.980319084727961254e+00 9.134281018902956930e+02 2.301175079254555853e-06 -3.829304106007075603e+00 1.222773276878523350e+09
8.017941489051781060e-04 -1.980319084727961254e+00 9.134281018902956930e+02 2.301175079254555853e-06 -3.829304106007075603e+00 1.222773276878523350e+09
8.039281557309452611e-04 -1.982795907102966382e+00 8.416438172208653441e+02 4.721305586424702901e-06 -3.184233382660183409e+00 1.222773276878851175e+09
8.200796719346910811e-04 -1.964943486812329887e+00 7.868513142230467565e+02 4.860644626687338000e-06 -3.177152314560346191e+00 1.222773276880025148e+09
8.200796719346910811e-04 -1.964943486812329887e+00 7.868513142230467565e+02 4.860644626687338000e-06 -3.177152314560346191e+00 1.222773276880025148e+09
8.319998125477964497e-04 -1.957408861042247317e+00 7.304241687347287098e+02 3.513636557454620436e-06 -3.264712961495650489e+00 1.222773276880681753e+09
8.319998125477964497e-04 -1.957408861042247317e+00 7.304241687347287098e+02 3.513636557454620436e-06 -3.264712961495650489e+00 1.222773276880681753e+09
7.959209011612258106e-04 -1.983885791311209346e+00 9.812817787581503808e+02 1.172538216265179893e-06 -4.045855544247643820e+00 1.222773276881690979e+09
8.305574281431713033e-04 -1.961293645619538895e+00 6.899489945301515945e+02 2.921439022576684157e-06 -3.517358849834879564e+00 1.222773276885785818e+09
8.255292252100823302e-04 -1.966984229325012601e+00 7.195041171496691277e+02 2.697340946438752984e-06 -3.487426413079617760e+00 1.222773276886022806e+09
8.017813793196110943e-04 -1.983346141701660903e+00 9.620432574573256943e+02 3.096135920141142535e-06 -3.263658064382399360e+00 1.222773276887525797e+09
8.057863360534379656e-04 -1.980206730872491772e+00 8.459601592831769494e+02 7.677552058112453289e-06 -2.681689381669330352e+00 1.222773276889554977e+09
8.057863360534379656e-04 -1.980206730872491772e+00 8.459601592831769494e+02 7.677552058112453289e-06 -2.681689381669330352e+00 1.222773276889554977e+09
8.055457147960916331e-04 -1.974651130857298043e+00 9.551914403407116652e+02 3.859948330492928145e-06 -3.096951423091815592e+00 1.222773276889619112e+09
7.939609135465218719e-04 -1.990959082188628493e+00 9.779329532357036214e+02 7.781238597242349328e-07 -4.472447504568004106e+00 1.222773276890710831e+09
7.939609135465218719e-04 -1.990959082188628493e+00 9.779329532357036214e+02 7.781238597242349328e-07 -4.472447504568004106e+00 1.222773276890710831e+09
8.145834189532254275e-04 -1.971495042061426339e+00 8.676067704312382602e+02 8.112784010011088380e-06 -2.709400071914489061e+00 1.222773276890774012e+09
7.893706852403331847e-04 -1.995426410068265266e+00 9.967883113394381098e+02 3.680019928983589267e-06 -3.140985160881413663e+00 1.222773276891250610e+09
7.893706852403331847e-04 -1.995426410068265266e+00 9.967883113394381098e+02 3.680019928983589267e-06 -3.140985160881413663e+00 1.222773276891250610e+09
8.269869379786293781e-04 -1.962183716800165900e+00 7.213741238902190389e+02 2.037202907268654513e-06 -3.666578934902880782e+00 1.222773276892801046e+09
8.043242442115970496e-04 -1.979385290004172848e+00 8.793467358597653174e+02 1.162495041475165576e-06 -4.040499477195734102e+00 1.222773276895145655e+09
8.043242442115970496e-04 -1.979385290004172848e+00 8.793467358597653174e+02 1.162495041475165576e-06 -4.040499477195734102e+00 1.222773276895145655e+09
7.972555183956994912e-04 -1.980828006723241330e+00 9.790728740232433438e+02 1.953796025643850197e-06 -3.796275745138802726e+00 1.222773276897083282e+09
7.994628704264732186e-04 -1.985651816908033718e+00 8.927525850533910443e+02 7.154513927791459199e-06 -2.719535649621904305e+00 1.222773276897610664e+09
8.083291638756817882e-04 -1.980630274520899459e+00 8.865944999492037368e+02 2.171792104846880325e-06 -3.812800290262122083e+00 1.222773276897761106e+09
7.942754503111336449e-04 -1.987884745726827607e+00 9.602958990291099326e+02 6.544055947798299884e-06 -2.662047442077520643e+00 1.222773276898059130e+09
8.087785312522776434e-04 -1.978090502864267908e+00 8.612479561127219085e+02 2.704715381761024708e-06 -3.328433805430208281e+00 1.222773276899758577e+09
8.087785312522776434e-04 -1.978090502864267908e+00 8.612479561127219085e+02 2.704715381761024708e-06 -3.328433805430208281e+00 1.222773276899758577e+09
8.023500276638258341e-04 -1.980530498640170389e+00 9.620405256152865832e+02 6.032687678013229223e-06 -3.067728231002616823e+00 1.222773276900067091e+09
8.099565943260248315e-04 -1.975937750426768780e+00 9.010764326411218690e+02 1.946092246473522254e-06 -3.752333270944055776e+00 1.222773276901174307e+09
8.099565943260248315e-04 -1.975937750426768780e+00 9.010764326411218690e+02 1.946092246473522254e-06 -3.752333270944055776e+00 1.222773276901174307e+09
7.949254917238273831e-04 -1.982676477160654649e+00 9.956453224624999621e+02 2.541350898990808218e-06 -3.522479803512899466e+00 1.222773276901263714e+09
7.949254917238273831e-04 -1.982676477160654649e+00 9.956453224624999621e+02 2.541350898990808218e-06 -3.522479803512899466e+00 1.222773276901263714e+09
8.132951959371215742e-04 -1.970645453321220764e+00 8.557020869713129514e+02 3.435111686034060658e-06 -3.121961019246136004e+00 1.222773276901628494e+09
8.132951959371215742e-04 -1.970645453321220764e+00 8.557020869713129514e+02 3.435111686034060658e-06 -3.121961019246136004e+00 1.222773276901628494e+09
8.066191307689274349e-04 -1.978387190490488612e+00 8.916915712703910231e+02 9.479027358217318727e-06 -2.585516751877705133e+00 1.222773276901994944e+09
8.066191307689274349e-04 -1.978387190490488612e+00 8.916915712703910231e+02 9.479027358217318727e-06 -2.585516751877705133e+00 1.222773276901994944e+09
7.934904301991625285e-04 -1.988897843558325107e+00 9.374898563966376059e+02 1.676020665744192585e-06 -3.855871546091367286e+00 1.222773276903294802e+09
8.029476971804833021e-04 -1.983164966153065922e+00 9.642654414372244673e+02 2.338801168187406417e-06 -3.629664649059296977e+00 1.222773276904208422e+09
8.030245455498145803e-04 -1.975670535851125287e+00 9.447763184729354862e+02 3.883146899151679157e-06 -3.282666069784518470e+00 1.222773276906445980e+09
8.030245455498145803e-04 -1.975670535851125287e+00 9.447763184729354862e+02 3.883146899151679157e-06 -3.282666069784518470e+00 1.222773276906445980e+09
8.245036982142550522e-04 -1.964107335764476936e+00 7.213242039076160381e+02 4.626183209147648256e-06 -3.126165243991837706e+00 1.222773276907610655e+09
8.053054761381880965e-04 -1.976345820913470774e+00 9.303987840123229489e+02 1.217593797742584728e-06 -4.225601794352159324e+00 1.222773276907795668e+09
8.190939185932057456e-04 -1.967010078764459546e+00 7.770301132419961050e+02 1.828950858667744678e-06 -3.944862225701367464e+00 1.222773276908695459e+09
7.966937140786556999e-04 -1.985600333580153976e+00 9.596176747643280578e+02 8.108214968838041499e-06 -2.720049438762812244e+00 1.222773276910441160e+09
8.187273324055987025e-04 -1.966704456068001372e+00 8.123897180309313626e+02 2.930429086138573091e-06 -3.284463443197558341e+00 1.222773276910621405e+09
8.073278477726274259e-04 -1.982067726136277575e+00 8.358686393187997510e+02 2.403167254307529006e-06 -3.800455085115824971e+00 1.222773276910646439e+09
8.305068919860774009e-04 -1.962706350216942397e+00 7.200361854975769802e+02 4.349466780636445961e-06 -3.167525492268546294e+00 1.222773276911268711e+09
8.118316073975978759e-04 -1.972095564424768632e+00 8.784874752871919554e+02 1.642625143697682188e-06 -4.026896790458082798e+00 1.222773276911289930e+09
8.354365358638577918e-04 -1.955456294044173982e+00 6.811240387659390763e+02 3.548016102347438010e-06 -3.286574289122714099e+00 1.222773276912319899e+09
8.006191534629375885e-04 -1.981422005253407725e+00 9.789453081150261369e+02 4.404501127531078956e-06 -3.338530217419194202e+00 1.222773276912834167e+09
7.934082889486144966e-04 -1.992400543449076578e+00 9.827939613087638691e+02 2.591098587767943063e-06 -3.414894576121557890e+00 1.222773276913505554e+09
7.934082889486144966e-04 -1.992400543449076578e+00 9.827939613087638691e+02 2.591098587767943063e-06 -3.414894576121557890e+00 1.222773276913505554e+09
8.023942316076997094e-04 -1.977421427489991945e+00 9.171223921240097070e+02 1.629045492889706306e-06 -3.849963298516183130e+00 1.222773276915265560e+09
8.100422647770302376e-04 -1.972783577563258284e+00 9.230229154010296497e+02 7.200041863375998368e-06 -2.659867513051389132e+00 1.222773276916102409e+09
8.137947234895866622e-04 -1.976991597678262380e+00 8.180165344317572362e+02 6.070669013778574364e-06 -2.822345928516330815e+00 1.222773276916287661e+09
8.021817699410624131e-04 -1.979571278973127679e+00 9.770744163513268177e+02 3.714917198362588251e-06 -3.071905775733466015e+00 1.222773276917999506e+09
7.973078163384039133e-04 -1.982427288795510334e+00 9.346300403086912638e+02 3.590544066124829940e-06 -3.237880479519381183e+00 1.222773276918463707e+09
8.006070570373285825e-04 -1.981579452723627677e+00 9.096479353324806425e+02 2.278636150740443735e-06 -3.456869277074293478e+00 1.222773276919898272e+09
8.032905023092528013e-04 -1.979652392579476450e+00 9.001998990458292838e+02 3.095170283433679508e-06 -3.611199187189738424e+00 1.222773276920892477e+09
7.937086101542133523e-04 -1.994087914063729094e+00 9.479102065304391544e+02 5.328058798758378780e-06 -3.004245961825505518e+00 1.222773276922267437e+09
7.937086101542133523e-04 -1.994087914063729094e+00 9.479102065304391544e+02 5.328058798758378780e-06 -3.004245961825505518e+00 1.222773276922267437e+09
8.008623605235337195e-04 -1.978351921786192458e+00 9.879700602733096275e+02 2.691422019558250313e-06 -3.375308087104977872e+00 1.222773276922769547e+09
8.271627942192884188e-04 -1.959525907555234925e+00 7.352372911502524175e+02 3.281677850346473505e-06 -3.264385473080952949e+00 1.222773276923866987e+09
8.271627942192884188e-04 -1.959525907555234925e+00 7.352372911502524175e+02 3.281677850346473505e-06 -3.264385473080952949e+00 1.222773276923866987e+09
8.019741424780195112e-04 -1.976622968095180788e+00 9.470671511615759073e+02 5.113719376252639263e-06 -2.914131848214995379e+00 1.222773276926621914e+09
7.960267429155062652e-04 -1.982482656485988537e+00 9.850885813966937121e+02 5.255927920756279720e-06 -3.036543465157951260e+00 1.222773276927771807e+09
8.130531289041836559e-04 -1.974325939880321901e+00 8.155355637678399034e+02 1.482991930237131724e-06 -3.861471690486543373e+00 1.222773276928150654e+09
8.130531289041836559e-04 -1.974325939880321901e+00 8.155355637678399034e+02 1.482991930237131724e-06 -3.861471690486543373e+00 1.222773276928150654e+09
7.916075364235847494e-04 -1.993405543611247221e+00 9.898880214187463480e+02 1.092695667217786560e-06 -4.165566996198689864e+00 1.222773276930206776e+09
7.916075364235847494e-04 -1.993405543611247221e+00 9.898880214187463480e+02 1.092695667217786560e-06 -4.165566996198689864e+00 1.222773276930206776e+09
8.107060772348372458e-04 -1.975153369016438010e+00 8.246097459742222782e+02 8.758991273569558417e-07 -4.377504459073619181e+00 1.222773276932624578e+09
7.969828751413811363e-04 -1.986279259555808974e+00 9.613126431343997638e+02 3.273138052459697083e-06 -3.598544258305432564e+00 1.222773276934363127e+09
7.942383998046313037e-04 -1.988814018642749648e+00 9.746490365942944436e+02 1.339621020379535633e-06 -4.253636945408300285e+00 1.222773276937219143e+09
8.219401806638451657e-04 -1.962957953656204513e+00 7.650967807550323414e+02 3.193848018407211657e-06 -3.445292716933045618e+00 1.222773276937761784e+09
8.219401806638451657e-04 -1.962957953656204513e+00 7.650967807550323414e+02 3.193848018407211657e-06 -3.445292716933045618e+00 1.222773276937761784e+09
8.102595235474531346e-04 -1.972164141156401707e+00 8.406016324307655623e+02 1.668831215063169661e-06 -3.810171478079579011e+00 1.222773276939209700e+09
8.102595235474531346e-04 -1.972164141156401707e+00 8.406016324307655623e+02 1.668831215063169661e-06 -3.810171478079579011e+00 1.222773276939209700e+09
8.026218641697260110e-04 -1.983603431279513440e+00 9.678226228389136168e+02 6.985807123414014243e-06 -2.872929376904876264e+00 1.222773276940469742e+09
8.066420129676111356e-04 -1.981347440979505770e+00 8.794680869539737387e+02 8.212304764606968610e-06 -2.740553871041495171e+00 1.222773276940866232e+09
8.084273132801601857e-04 -1.980792819799381821e+00 8.410816819433271121e+02 1.221602910669848109e-06 -4.170926372255449266e+00 1.222773276940968037e+09
8.020497452692099431e-04 -1.983672653069809666e+00 9.214259240939217079e+02 2.028378219564807717e-06 -3.968426883755596712e+00 1.222773276944926500e+09
8.195807091488610356e-04 -1.967227397133219480e+00 8.147959722157266924e+02 2.869595937277068287e-06 -3.353269274369339747e+00 1.222773276946863174e+09
8.115681864428423179e-04 -1.971857635602308534e+00 8.753066240780706266e+02 5.835469258466543573e-06 -3.058985766009110208e+00 1.222773276948692083e+09
7.895574832746290583e-04 -1.996790707622053018e+00 9.709860354036406989e+02 2.566626693460272485e-06 -3.685542337441344074e+00 1.222773276949240685e+09
7.895574832746290583e-04 -1.996790707622053018e+00 9.709860354036406989e+02 2.566626693460272485e-06 -3.685542337441344074e+00 1.222773276949240685e+09
8.121367719349122365e-04 -1.972886420246372952e+00 8.388386679113359605e+02 1.878231730384804295e-06 -3.626196612570292466e+00 1.222773276949322939e+09
8.089787606538656516e-04 -1.981625387635857383e+00 8.637584456090789899e+02 5.121120042251803884e-06 -3.106468106141790031e+00 1.222773276949656010e+09
8.118762112114588083e-04 -1.978892539367247849e+00 7.837344776467546126e+02 2.628573416333081984e-06 -3.632451658790003535e+00 1.222773276949773550e+09
8.209155732548723602e-04 -1.964228170979244403e+00 7.917849444795707541e+02 4.891337937950604693e-06 -2.861437677682565628e+00 1.222773276950451136e+09
8.073653425985278815e-04 -1.976222844403921597e+00 8.391673639117341281e+02 4.405493832969203125e-06 -2.980009004685428842e+00 1.222773276951802492e+09
8.218288353060358535e-04 -1.963469431278373367e+00 7.896512158411369455e+02 7.976292157851298188e-06 -2.651410888822436362e+00 1.222773276953090191e+09
8.006084806365356332e-04 -1.984621159338742835e+00 9.943342916513264527e+02 2.023649965600720714e-06 -3.791962803671785842e+00 1.222773276954871416e+09
8.006084806365356332e-04 -1.984621159338742835e+00 9.943342916513264527e+02 2.023649965600720714e-06 -3.791962803671785842e+00 1.222773276954871416e+09
7.980027837816261026e-04 -1.987934300610913141e+00 9.395327679201101319e+02 1.298577453833847183e-06 -4.273412120265538405e+00 1.222773276954906464e+09
7.984446590329971616e-04 -1.982618609183710578e+00 9.995440341808869107e+02 6.548223827325330506e-06 -2.970967114993253944e+00 1.222773276956556320e+09
8.094369954785332307e-04 -1.970756390111529033e+00 8.805147915316584886e+02 2.678040097280443396e-06 -3.505672305664216282e+00 1.222773276957382917e+09
8.079471255766705303e-04 -1.982228030857614565e+00 8.360457130027059520e+02 2.232783370015073013e-06 -3.640419464271413830e+00 1.222773276958537579e+09
8.079471255766705303e-04 -1.982228030857614565e+00 8.360457130027059520e+02 2.232783370015073013e-06 -3.640419464271413830e+00 1.222773276958537579e+09
7.963250294809941059e-04 -1.986803955208347627e+00 9.356310690858213093e+02 1.548973588973137120e-06 -4.120470033077506145e+00 1.222773276959083319e+09
8.031322087127204133e-04 -1.979840482429232829e+00 9.344043199155554476e+02 8.203411930740383838e-06 -2.752196399531804616e+00 1.222773276959192991e+09
8.029300574481584114e-04 -1.983586514039182624e+00 8.832104074339633826e+02 1.917461385149044619e-06 -3.637532682257670125e+00 1.222773276959475040e+09
8.159412381211103267e-04 -1.973991381085432817e+00 8.278482770572228446e+02 7.408407617226050304e-06 -2.749410930689728083e+00 1.222773276960691690e+09
7.914948634713394682e-04 -1.993340657827268547e+00 9.504972038829463372e+02 2.128729520985106924e-06 -3.841723888648456153e+00 1.222773276961855650e+09
7.914948634713394682e-04 -1.993340657827268547e+00 9.504972038829463372e+02 2.128729520985106924e-06 -3.841723888648456153e+00 1.222773276961855650e+09
7.942325886216518218e-04 -1.985986702773721913e+00 9.603197875384254303e+02 2.823937561065478572e-06 -3.585035923561201265e+00 1.222773276962001324e+09
8.038076699826813372e-04 -1.979525228243747659e+00 9.460705290289419054e+02 9.826373211162908972e-06 -2.408894334770268486e+00 1.222773276963390827e+09
8.106372823991596236e-04 -1.976765734640906880e+00 8.327380743791304667e+02 1.144135952034652072e-06 -4.112023416358191241e+00 1.222773276963800669e+09
8.079453621995060821e-04 -1.975392223832559413e+00 8.338720394397814744e+02 4.792844792813464973e-06 -3.099779891153662703e+00 1.222773276964531183e+09
8.079453621995060821e-04 -1.975392223832559413e+00 8.338720394397814744e+02 4.792844792813464973e-06 -3.099779891153662703e+00 1.222773276964531183e+09
8.224061597370837216e-04 -1.963819609418262058e+00 7.855476290992658051e+02 4.530339382763288900e-06 -2.930653903565962004e+00 1.222773276965723991e+09
8.224061597370837216e-04 -1.963819609418262058e+00 7.855476290992658051e+02 4.530339382763288900e-06 -2.930653903565962004e+00 1.222773276965723991e+09
7.914710030664898503e-04 -1.995933120889885393e+00 9.654254610747816514e+02 2.029067742789447689e-06 -3.865993640384553842e+00 1.222773276966557026e+09
8.297483411691073405e-04 -1.957396210203727893e+00 7.299044497502537752e+02 5.378327944364567605e-06 -2.890970567904655120e+00 1.222773276967392921e+09
8.144021810414255437e-04 -1.968968209276474202e+00 8.797065955808609488e+02 6.581975476529414459e-06 -2.865347630204702511e+00 1.222773276968141794e+09
8.024560455409091540e-04 -1.977125905222438362e+00 9.554069469578998905e+02 1.409638084199875953e-06 -4.002016940322096872e+00 1.222773276968313694e+09
7.974065371728816581e-04 -1.987870792860623625e+00 9.980101535554115344e+02 8.755326671346794483e-06 -2.546067360854639361e+00 1.222773276968484402e+09
7.974065371728816581e-04 -1.987870792860623625e+00 9.980101535554115344e+02 8.755326671346794483e-06 -2.546067360854639361e+00 1.222773276968484402e+09
7.883502796917504990e-04 -1.993000334994895262e+00 9.921301816448634554e+02 1.778439611998100215e-06 -3.875752657013103786e+00 1.222773276969316959e+09
8.200216369452736388e-04 -1.966403963518974063e+00 7.921578699219320470e+02 1.488274889249666216e-06 -3.915206245737870461e+00 1.222773276969916821e+09
7.886041149067327160e-04 -1.995296611694348243e+00 9.765892920950158214e+02 1.750564769430399266e-06 -3.875018032127335310e+00 1.222773276970051050e+09
8.249474584668527264e-04 -1.965566529659205974e+00 7.357701986796566871e+02 2.587685492842994411e-06 -3.709490317093831813e+00 1.222773276970343113e+09
7.989962514897508503e-04 -1.989931626445593960e+00 8.852282250043084559e+02 3.744757340557936753e-06 -3.274684180423321322e+00 1.222773276970420837e+09
7.986941217772287839e-04 -1.988367809020918031e+00 9.774153875878655526e+02 1.860852383063793868e-06 -3.935687851945685267e+00 1.222773276972192049e+09
8.044800996039279655e-04 -1.977182416660102859e+00 9.335338273651833561e+02 1.419270438200037025e-06 -3.904350428635044779e+00 1.222773276974807262e+09
7.972364086376919302e-04 -1.988775115299827423e+00 9.360545856240460125e+02 6.209719231084599120e-06 -3.026365022672148797e+00 1.222773276975453854e+09
7.972364086376919302e-04 -1.988775115299827423e+00 9.360545856240460125e+02 6.209719231084599120e-06 -3.026365022672148797e+00 1.222773276975453854e+09
8.061124651965621488e-04 -1.973735561868554811e+00 9.579672054373151013e+02 4.614036857008881534e-06 -3.136310514563355412e+00 1.222773276976016760e+09
8.024679854786941589e-04 -1.983594377164707545e+00 9.712708586695989652e+02 7.429928558502161203e-06 -2.778503681760009059e+00 1.222773276978741884e+09
8.000995980658419382e-04 -1.986132224069002250e+00 9.690118828506217596e+02 5.275833331743857823e-06 -3.189040554671261241e+00 1.222773276980083227e+09
7.913308705139479550e-04 -1.991001107117373881e+00 9.916036221289218702e+02 1.137178517717753051e-06 -4.338791419070295419e+00 1.222773276980191469e+09
8.108793493050779448e-04 -1.969578368262012269e+00 8.903383640644860861e+02 3.897984780756691004e-06 -3.144800897585035671e+00 1.222773276980485201e+09
8.268233891635335059e-04 -1.961940346339203556e+00 7.498372206534387487e+02 5.360219730538893522e-06 -2.819762173892566892e+00 1.222773276984016180e+09
7.991424518246455959e-04 -1.988632051049747052e+00 9.168120363189653972e+02 1.172737413490290507e-06 -4.249576762014364739e+00 1.222773276986619949e+09
7.964577722761324559e-04 -1.987238449314959965e+00 9.093346022537397175e+02 4.850533327512257425e-06 -2.993343885069885246e+00 1.222773276987191677e+09
8.053779924037570695e-04 -1.979551193681633681e+00 9.569667573460840231e+02 6.544362723456060283e-06 -2.936013606895279793e+00 1.222773276987574816e+09
8.053779924037570695e-04 -1.979551193681633681e+00 9.569667573460840231e+02 6.544362723456060283e-06 -2.936013606895279793e+00 1.222773276987574816e+09
7.990381322282056687e-04 -1.987064930187945944e+00 9.022436721829294584e+02 1.723876379357686445e-06 -4.054536150187392884e+00 1.222773276988233805e+09
8.109277955914320594e-04 -1.979975001991349348e+00 8.008226401364973981e+02 5.287743583468870450e-06 -3.063097659632942893e+00 1.222773276989897251e+09
8.109277955914320594e-04 -1.979975001991349348e+00 8.008226401364973981e+02 5.287743583468870450e-06 -3.063097659632942893e+00 1.222773276989897251e+09
7.968527661086755422e-04 -1.983045404576241122e+00 9.793217127681770080e+02 2.621525927244651853e-06 -3.707052166750356648e+00 1.222773276991246462e+09
8.103872448895966434e-04 -1.971566643596002200e+00 8.359919032479394900e+02 2.823443384707200277e-06 -3.406997680031684794e+00 1.222773276991878510e+09
8.063940643818305869e-04 -1.982028828183944658e+00 8.679132490447881310e+02 1.627934867536836213e-06 -4.090373366693881074e+00 1.222773276992192268e+09
8.063940643818305869e-04 -1.982028828183944658e+00 8.679132490447881310e+02 1.627934867536836213e-06 -4.090373366693881074e+00 1.222773276992192268e+09
8.023534402916501513e-04 -1.980759739051441759e+00 9.762171616511370758e+02 1.377095048204285023e-06 -4.133682475264390810e+00 1.222773276992778778e+09
8.026188701646163118e-04 -1.981541671116373360e+00 9.678743937927191610e+02 4.495130521180676815e-06 -2.953203624833582452e+00 1.222773276993643999e+09
8.026188701646163118e-04 -1.981541671116373360e+00 9.678743937927191610e+02 4.495130521180676815e-06 -2.953203624833582452e+00 1.222773276993643999e+09
8.070621283404219408e-04 -1.979519427888646099e+00 8.792432271317599088e+02 1.430730605329443166e-06 -3.909672981523264923e+00 1.222773276995169163e+09
8.119054303328880574e-04 -1.973963103800665975e+00 8.650411697835986615e+02 1.170150326095417465e-06 -4.223017629509589810e+00 1.222773276995206833e+09
7.953153929914036314e-04 -1.987442720801202656e+00 9.749009900673554512e+02 8.669884259435643828e-06 -2.638623931552205981e+00 1.222773276995919943e+09
7.953153929914036314e-04 -1.987442720801202656e+00 9.749009900673554512e+02 8.669884259435643828e-06 -2.638623931552205981e+00 1.222773276995919943e+09
8.039412098331275101e-04 -1.980362242647567106e+00 8.923570112281120146e+02 7.137818305888634434e-07 -4.564271065381909409e+00 1.222773276995965004e+09
8.084300243724817448e-04 -1.976796657620098152e+00 8.541605078373503375e+02 7.999983129028338924e-06 -2.482987310468478093e+00 1.222773276996390820e+09
8.084300243724817448e-04 -1.976796657620098152e+00 8.541605078373503375e+02 7.999983129028338924e-06 -2.482987310468478093e+00 1.222773276996390820e+09
8.226956476057866200e-04 -1.965177802519538997e+00 7.611342441592997830e+02 3.584469086418147590e-06 -3.113743394458661662e+00 1.222773276996625423e+09
7.963188274833668361e-04 -1.990719109607751669e+00 9.527490230681893308e+02 2.018445269816276985e-06 -3.671447061046183791e+00 1.222773276997132301e+09
8.009689208005756457e-04 -1.987522024718957114e+00 9.077655828864608338e+02 6.099735744218317109e-06 -3.020288691038812701e+00 1.222773276997169733e+09
8.173455802253078249e-04 -1.967577030120277959e+00 7.923135527125810995e+02 2.021658507945733881e-06 -3.616470219168207656e+00 1.222773276998455763e+09
8.069603154853031502e-04 -1.980562846289396273e+00 9.004444898377849995e+02 1.737357461330810453e-06 -3.851101727532171282e+00 1.222773276998726606e+09
8.184982154950627350e-04 -1.971110382066773248e+00 8.074515823583475367e+02 4.904496453991009869e-06 -2.939489438024694756e+00 1.222773276999245167e+09
7.993823271354992023e-04 -1.985616670879676082e+00 8.739570679392510328e+02 2.077833550016070946e-06 -3.794672913120167301e+00 1.222773276999776602e+09
8.061148617198705089e-04 -1.981570817530281303e+00 8.389520219228885480e+02 1.674268655476045977e-06 -3.807035144349774747e+00 1.222773277000491381e+09
8.264561631549994288e-04 -1.964284971665608115e+00 7.316365843423300248e+02 1.682346647175783993e-06 -3.928500252900000156e+00 1.222773277000610828e+09
8.193570993377626748e-04 -1.970577313817627685e+00 8.119209085351648127e+02 6.623519387466122556e-06 -2.809822208421569378e+00 1.222773277001428604e+09
8.086529680367668307e-04 -1.978392919656874138e+00 8.121631922479755303e+02 3.555765404067314324e-06 -3.178407825048918944e+00 1.222773277002376556e+09
8.077101637283548791e-04 -1.978682258057381738e+00 8.306808775890001471e+02 4.479181477319684497e-06 -2.945092114389359139e+00 1.222773277002428293e+09
8.027877159588997068e-04 -1.981269762112807253e+00 9.729101544503681680e+02 1.663600661558286625e-06 -4.011375876722432565e+00 1.222773277003483295e+09
7.971558721187165658e-04 -1.987573481557260768e+00 8.942388910307159904e+02 3.800301866371468895e-06 -3.323906228162527121e+00 1.222773277005899429e+09
7.989586849379672409e-04 -1.984208045120833486e+00 9.135458839028392504e+02 7.576069465290032408e-06 -2.660651326287418961e+00 1.222773277006709337e+09
8.028762274494987989e-04 -1.979123239816523272e+00 8.710504947508753730e+02 3.652873429575348258e-06 -3.231859390746810057e+00 1.222773277009533167e+09
8.069977357017292996e-04 -1.976873780305339334e+00 9.106842510146013865e+02 1.258171786863132095e-06 -4.234586015182432384e+00 1.222773277014256477e+09
8.051697380672090225e-04 -1.981637245080543064e+00 8.504097001538075347e+02 4.684594942585146112e-06 -2.918467606863329067e+00 1.222773277014692068e+09
8.125539435348290819e-04 -1.971077430790310281e+00 8.171176049424175289e+02 1.687190470499256538e-06 -3.949547236741834055e+00 1.222773277015195370e+09
8.116973350920326851e-04 -1.977706229530330706e+00 8.100767328573856503e+02 1.364119894879079752e-06 -4.166755016940196121e+00 1.222773277016232729e+09
7.898534445507227053e-04 -1.990733085125059532e+00 9.950937100042181100e+02 1.272653882471393427e-06 -4.141409121406400828e+00 1.222773277016396046e+09
8.074269191920125212e-04 -1.975167608381132922e+00 8.989693084947283523e+02 1.000681343211537359e-06 -4.292147841804300867e+00 1.222773277018678188e+09
8.157073077798856044e-04 -1.966371061218687100e+00 8.572654791259286640e+02 3.379529146110903777e-06 -3.342717716139121720e+00 1.222773277018689156e+09
8.082694895854298373e-04 -1.975959180015076644e+00 9.379330299909651103e+02 5.320179393559215817e-06 -2.906571001543618138e+00 1.222773277018871784e+09
8.005784803709668860e-04 -1.982906074497035043e+00 9.021598430586366248e+02 9.413394318452345750e-07 -4.426749948065429763e+00 1.222773277022285938e+09
8.024731711345908184e-04 -1.984548763581500896e+00 9.575257721612659907e+02 7.131116369800030014e-06 -2.773061707975803536e+00 1.222773277025192976e+09
8.055023568214513333e-04 -1.977139232153150683e+00 9.379129432335845422e+02 4.833788500733306485e-06 -2.852030076067276099e+00 1.222773277026550055e+09
8.002423794275414148e-04 -1.977945623738345038e+00 9.675255946779735723e+02 2.533809727696538504e-06 -3.574504700215412889e+00 1.222773277027584791e+09
8.201184400467290874e-04 -1.969238225547386811e+00 7.830760653914193199e+02 1.655836137984069536e-06 -4.024195222020252594e+00 1.222773277029450417e+09
8.007735201872086955e-04 -1.983229501002696127e+00 9.592829418406500963e+02 9.919994837825025027e-06 -2.444107746328556985e+00 1.222773277030583143e+09
8.127288286297961557e-04 -1.968894629284490883e+00 8.558003258207355657e+02 5.390916914666824646e-06 -2.829554377652966579e+00 1.222773277031072855e+09
8.037966251703590167e-04 -1.979774761367767422e+00 8.894212950063117660e+02 4.144628755745154690e-06 -3.368940016702464568e+00 1.222773277031718254e+09
8.026316133108287116e-04 -1.981360156608055201e+00 8.860768062882104914e+02 3.833451134786589307e-06 -3.426601998324404263e+00 1.222773277032715321e+09
7.924695317596227358e-04 -1.991901379948673778e+00 9.963745894914874270e+02 7.729297080308805603e-06 -2.574377449575146137e+00 1.222773277032894850e+09
7.958720398439636176e-04 -1.991418046276498099e+00 9.101152670646119986e+02 3.872382921874368142e-06 -3.207026446416351817e+00 1.222773277034119844e+09
8.154113127525511144e-04 -1.973109466761118647e+00 7.716875288937147843e+02 5.670707379057162398e-06 -2.838627000701990255e+00 1.222773277034825563e+09
7.999420181521579376e-04 -1.988342576293378627e+00 9.593354593063774018e+02 2.882543227306016628e-06 -3.568319944675637956e+00 1.222773277035939693e+09
8.300229683421444550e-04 -1.959457261920665605e+00 7.161539473649722822e+02 3.759727755877683013e-06 -3.373060111520776339e+00 1.222773277039589882e+09
8.300229683421444550e-04 -1.959457261920665605e+00 7.161539473649722822e+02 3.759727755877683013e-06 -3.373060111520776339e+00 1.222773277039589882e+09
8.049930776803399662e-04 -1.980729122042095058e+00 8.846870294351731445e+02 9.133460477182147214e-06 -2.459433766923542208e+00 1.222773277040698528e+09
7.999814219760584353e-04 -1.983094396366684720e+00 9.460247787645130302e+02 1.653433549616691403e-06 -4.100652582472767982e+00 1.222773277040730476e+09
8.111470980399189748e-04 -1.978923946616207852e+00 8.312431599025369451e+02 1.656748670293017815e-06 -4.006414015689887087e+00 1.222773277041325092e+09
8.168278007937762380e-04 -1.968300122123174845e+00 8.506178674153908332e+02 2.367733023446519183e-06 -3.612730563821887841e+00 1.222773277043911457e+09
8.197081549493749923e-04 -1.968038853593230719e+00 7.817684212522461848e+02 1.943903069492343563e-06 -3.932731031578550862e+00 1.222773277045731306e+09
7.937444050776443693e-04 -1.988027061926100236e+00 9.795260963797494469e+02 2.891992889053911472e-06 -3.254202311338717735e+00 1.222773277047869682e+09
8.140264228493709984e-04 -1.972716923798666144e+00 8.051321295082578899e+02 2.944365751614853685e-06 -3.257742999898192160e+00 1.222773277048753977e+09
8.249937363357109314e-04 -1.961946555657438029e+00 7.635128095415308280e+02 1.860413040978930043e-06 -3.817990617652780472e+00 1.222773277049591780e+09
7.995308181587821618e-04 -1.983526413473214900e+00 9.544134814982785429e+02 7.393335295754142901e-07 -4.498788981607965809e+00 1.222773277052136183e+09
8.052660403280840909e-04 -1.982992779610548428e+00 8.536933062157305585e+02 1.471003152524173398e-06 -3.947010591327206441e+00 1.222773277052932739e+09
8.126975965754698258e-04 -1.972285376793946110e+00 8.259151972426237762e+02 7.615106657982049209e-06 -2.525852323261430499e+00 1.222773277053829670e+09
8.109744369715234233e-04 -1.973130333880645848e+00 8.067034139762322411e+02 3.194591602799508584e-06 -3.379973789291987885e+00 1.222773277053880453e+09
8.176468304387933582e-04 -1.969665004657493723e+00 7.981619421965810943e+02 8.437870940677474917e-06 -2.680999827304502148e+00 1.222773277057058334e+09
8.033186422606345637e-04 -1.980512950515604942e+00 9.007528474613179696e+02 8.389130016984589938e-07 -4.359156582890566511e+00 1.222773277057207823e+09
8.080090483325492751e-04 -1.976221621042739685e+00 8.942261403959691961e+02 2.170074148589493441e-06 -3.882413763377485338e+00 1.222773277059434891e+09
8.080090483325492751e-04 -1.976221621042739685e+00 8.942261403959691961e+02 2.170074148589493441e-06 -3.882413763377485338e+00 1.222773277059434891e+09
7.885874542139275278e-04 -1.993723985215664518e+00 9.986657658671007312e+02 2.888259711434365285e-06 -3.614934474893784611e+00 1.222773277061134577e+09
8.196771830180442885e-04 -1.967280364552507876e+00 7.724267229046413377e+02 7.443013770813537360e-06 -2.763217460147168403e+00 1.222773277061149836e+09
8.196771830180442885e-04 -1.967280364552507876e+00 7.724267229046413377e+02 7.443013770813537360e-06 -2.763217460147168403e+00 1.222773277061149836e+09
8.073681139932899990e-04 -1.976631387619639524e+00 9.357999611611514865e+02 1.944069337462575910e-06 -3.855185116166583548e+00 1.222773277063651800e+09
8.262714333498399032e-04 -1.963255889552407707e+00 7.299934888426787438e+02 1.675627883935791545e-06 -3.933904274712633153e+00 1.222773277063703537e+09
8.103606389073229757e-04 -1.979878626174721656e+00 8.067122042229850649e+02 5.994136493302180754e-06 -2.921057716539702476e+00 1.222773277063703775e+09
8.103606389073229757e-04 -1.979878626174721656e+00 8.067122042229850649e+02 5.994136493302180754e-06 -2.921057716539702476e+00 1.222773277063703775e+09
7.989767362980523292e-04 -1.985770371828226688e+00 9.364277383899996039e+02 7.344840900224128193e-07 -4.578564578410041719e+00 1.222773277064130306e+09
7.983340956078054627e-04 -1.985853578525448526e+00 9.501410425415895133e+02 8.922883059569496041e-07 -4.507028070086390059e+00 1.222773277065668583e+09
8.025841588080633374e-04 -1.982400145339342279e+00 9.723456552880395520e+02 1.968167142947708408e-06 -3.889108785092415310e+00 1.222773277065855980e+09
8.076609285785234021e-04 -1.975386067279924385e+00 9.035706687328564612e+02 1.882968421407176489e-06 -3.961316879436455274e+00 1.222773277066359282e+09
8.113539396868282502e-04 -1.975178070345331882e+00 8.423669377740673099e+02 1.017528874081504817e-06 -4.370920814697399237e+00 1.222773277068032265e+09
7.972888333578387375e-04 -1.986895780989544225e+00 9.146114208874508904e+02 2.932490671614752818e-06 -3.628498671046413548e+00 1.222773277068946838e+09
7.972888333578387375e-04 -1.986895780989544225e+00 9.146114208874508904e+02 2.932490671614752818e-06 -3.628498671046413548e+00 1.222773277068946838e+09
7.999351442499808744e-04 -1.979004365477344152e+00 9.521806113387054893e+02 3.433626641900606101e-06 -3.402548016461485858e+00 1.222773277068950891e+09
8.242455776488186777e-04 -1.962508733391394422e+00 7.925895501889294792e+02 5.473559566430207676e-06 -2.882166175605344272e+00 1.222773277069373369e+09
8.075714797009431222e-04 -1.974597851112196434e+00 9.101416475277469544e+02 3.406007488939391869e-06 -3.140861995987835442e+00 1.222773277070217133e+09
8.075714797009431222e-04 -1.974597851112196434e+00 9.101416475277469544e+02 3.406007488939391869e-06 -3.140861995987835442e+00 1.222773277070217133e+09
8.098588623543963305e-04 -1.980466706948799782e+00 8.282411611667148463e+02 3.206044917172027815e-06 -3.565471155646216417e+00 1.222773277072801352e+09
8.012208689536422799e-04 -1.987172743082566306e+00 8.798197803676158628e+02 1.847061782767311612e-06 -3.968859120676841101e+00 1.222773277073577404e+09
8.063534340819200359e-04 -1.978405773943171964e+00 8.292026590453506287e+02 4.318149274780840728e-06 -3.129351156759277330e+00 1.222773277074638128e+09
8.027478473192382414e-04 -1.986074548718403943e+00 9.219803222591931444e+02 2.308004172205712606e-06 -3.721624123727411693e+00 1.222773277075474501e+09
8.184114815094795407e-04 -1.969953589359227042e+00 7.840506154305401196e+02 1.215260113540593451e-06 -4.213653173445189637e+00 1.222773277076701641e+09
8.119228745120879312e-04 -1.975248364510017174e+00 8.516784130589395545e+02 2.365695050882358567e-06 -3.822725676156663255e+00 1.222773277076936483e+09
8.141228949471101487e-04 -1.973987790656565933e+00 8.618469404476387581e+02 2.766655095298978881e-06 -3.572320890095928902e+00 1.222773277077048779e+09
8.054097067716160449e-04 -1.976220659141657343e+00 8.798588551753157390e+02 1.853981478547845343e-06 -3.690637407339002252e+00 1.222773277077067137e+09
8.162796315743797585e-04 -1.970330005381691674e+00 8.029492677757698402e+02 8.378436112835574106e-06 -2.488265700094771660e+00 1.222773277077428102e+09
8.073766408931657432e-04 -1.982902531868830920e+00 8.240785390852219052e+02 3.387951429480854564e-06 -3.327577218094255329e+00 1.222773277077725887e+09
8.203336351241077330e-04 -1.970558239654019550e+00 7.824264038525709566e+02 2.825147442458530911e-06 -3.447166785404093048e+00 1.222773277077782631e+09
8.203336351241077330e-04 -1.970558239654019550e+00 7.824264038525709566e+02 2.825147442458530911e-06 -3.447166785404093048e+00 1.222773277077782631e+09
8.281790544178321790e-04 -1.961511401690462009e+00 7.214962748510711208e+02 1.866372924689801260e-06 -3.823494257369793203e+00 1.222773277078112841e+09
8.089915251379160149e-04 -1.980544845949200994e+00 8.579958660523604976e+02 5.085316985067493630e-06 -3.196336790735713862e+00 1.222773277078914642e+09
8.343154415615979111e-04 -1.955228561055407432e+00 7.055942799570011630e+02 4.798650221992160244e-06 -3.077780574754104492e+00 1.222773277081322908e+09
8.343154415615979111e-04 -1.955228561055407432e+00 7.055942799570011630e+02 4.798650221992160244e-06 -3.077780574754104492e+00 1.222773277081322908e+09
8.036544280536347474e-04 -1.975129708884835189e+00 9.521121891624512728e+02 2.858698815615863559e-06 -3.454834408078681918e+00 1.222773277085223913e+09
8.053746885344407027e-04 -1.976164918795948910e+00 9.776392101719917491e+02 3.661094355807711075e-06 -3.323447224311223636e+00 1.222773277086493254e+09
8.191277533182702913e-04 -1.969962234487037778e+00 7.714042691588758771e+02 1.897564727712202985e-06 -3.696339219656719521e+00 1.222773277087711334e+09
8.191277533182702913e-04 -1.969962234487037778e+00 7.714042691588758771e+02 1.897564727712202985e-06 -3.696339219656719521e+00 1.222773277087711334e+09
7.994009310211547259e-04 -1.986951557018032499e+00 9.701706447932373294e+02 4.916275921886696166e-06 -2.932445472189184166e+00 1.222773277088125944e+09
8.062098591947481230e-04 -1.975392582470865133e+00 9.478857926741731035e+02 4.876524488610575781e-06 -2.898933732482618097e+00 1.222773277089241982e+09
8.215656982446982925e-04 -1.967752518977026188e+00 7.579572883568337147e+02 8.129748774184736578e-06 -2.643107796817266930e+00 1.222773277089472771e+09
8.177491583393151769e-04 -1.971056765508276243e+00 7.761016362463773248e+02 5.657463136247442615e-06 -3.084115255607935424e+00 1.222773277089495420e+09
8.177491583393151769e-04 -1.971056765508276243e+00 7.761016362463773248e+02 5.657463136247442615e-06 -3.084115255607935424e+00 1.222773277089495420e+09
8.303614953090618324e-04 -1.960069094954902003e+00 7.135530514400147695e+02 6.936382791967948731e-06 -2.789465069815939557e+00 1.222773277090223312e+09
8.303614953090618324e-04 -1.960069094954902003e+00 7.135530514400147695e+02 6.936382791967948731e-06 -2.789465069815939557e+00 1.222773277090223312e+09
8.230023865347205507e-04 -1.969830506076944765e+00 7.371826255669406009e+02 2.900337358915898196e-06 -3.531072370150206474e+00 1.222773277090397120e+09
8.018437074793638300e-04 -1.979656369456403109e+00 9.564499712616058105e+02 2.783493887221223053e-06 -3.292466155938580386e+00 1.222773277091306210e+09
8.032346793597371949e-04 -1.976761172761330787e+00 9.968542570600293402e+02 3.541412312434976692e-06 -3.307547576854714677e+00 1.222773277093204021e+09
8.032346793597371949e-04 -1.976761172761330787e+00 9.968542570600293402e+02 3.541412312434976692e-06 -3.307547576854714677e+00 1.222773277093204021e+09
8.162019832742457848e-04 -1.971736738681443279e+00 8.441057765936240003e+02 3.630799273615060101e-06 -3.436304295649593499e+00 1.222773277093568325e+09
7.938398730802891231e-04 -1.989325972161897216e+00 9.460508116607801412e+02 2.272835441410918759e-06 -3.811183055799387986e+00 1.222773277094932318e+09
8.010539246715030247e-04 -1.979139470978940718e+00 9.679180500122760122e+02 3.920833611884518245e-06 -3.017540729936801114e+00 1.222773277095973492e+09
8.077046389893174222e-04 -1.975381887611269427e+00 8.601196582572339366e+02 3.045960414811324485e-06 -3.580479702751672377e+00 1.222773277096073866e+09
8.077046389893174222e-04 -1.975381887611269427e+00 8.601196582572339366e+02 3.045960414811324485e-06 -3.580479702751672377e+00 1.222773277096073866e+09
8.200361766727179121e-04 -1.970840405208310386e+00 7.912413768355967250e+02 6.759769817573756558e-06 -2.792527463974000312e+00 1.222773277096114397e+09
8.098666934198517180e-04 -1.976316118416960865e+00 8.833081675498303866e+02 1.300582503065249321e-06 -4.122612099064799196e+00 1.222773277097640514e+09
8.302924825772383137e-04 -1.962579743345891137e+00 7.030151042870566016e+02 2.965108981386089121e-06 -3.472095032553383476e+00 1.222773277098121881e+09
7.883524440478596566e-04 -1.993784773331901627e+00 9.969504915441659705e+02 1.439902507739616952e-06 -4.089395454362463767e+00 1.222773277099944353e+09
8.050509765969293815e-04 -1.984268780112283581e+00 8.388585100465119240e+02 4.330462854192545428e-06 -3.268192028058015453e+00 1.222773277100234032e+09
8.050509765969293815e-04 -1.984268780112283581e+00 8.388585100465119240e+02 4.330462854192545428e-06 -3.268192028058015453e+00 1.222773277100234032e+09
8.123451837419537426e-04 -1.972187211512791194e+00 9.045192327787457316e+02 4.925961681321990418e-06 -3.036109540880010726e+00 1.222773277100574970e+09
8.123451837419537426e-04 -1.972187211512791194e+00 9.045192327787457316e+02 4.925961681321990418e-06 -3.036109540880010726e+00 1.222773277100574970e+09
8.065891629743358751e-04 -1.977249152107486641e+00 8.917111788396185830e+02 1.213932182033916250e-06 -4.027789963832825393e+00 1.222773277100886822e+09
7.979125953591411236e-04 -1.986744928549067701e+00 9.890786261196910800e+02 7.877887156278621313e-06 -2.800972585896982281e+00 1.222773277101320744e+09
8.283076082267353847e-04 -1.963150817573389384e+00 7.184214770084577140e+02 5.557217389917759563e-06 -3.056129428780661073e+00 1.222773277102741718e+09
8.102477641399192512e-04 -1.974715339656120117e+00 9.211391195354201500e+02 4.722030083943896063e-06 -3.070282677934125459e+00 1.222773277103729725e+09
8.102477641399192512e-04 -1.974715339656120117e+00 9.211391195354201500e+02 4.722030083943896063e-06 -3.070282677934125459e+00 1.222773277103729725e+09
8.071703198514020494e-04 -1.976669800658591658e+00 8.738007742034252487e+02 8.832971532316760287e-06 -2.466583847321492939e+00 1.222773277104143381e+09
8.071703198514020494e-04 -1.976669800658591658e+00 8.738007742034252487e+02 8.832971532316760287e-06 -2.466583847321492939e+00 1.222773277104143381e+09
8.062293552771270487e-04 -1.974470993104398664e+00 9.043956915468068019e+02 1.853873240303044106e-06 -3.711830898588052818e+00 1.222773277105739355e+09
8.149749054065253545e-04 -1.969708467138606256e+00 8.062323029881666798e+02 2.291371848717302801e-06 -3.496966680402282535e+00 1.222773277106058359e+09
7.947077303704373806e-04 -1.989542970872214322e+00 9.629266595185123379e+02 7.914743358609044168e-07 -4.545279746092102613e+00 1.222773277109619379e+09
7.922797996006492646e-04 -1.989432308628739765e+00 9.882837124096888601e+02 3.997950267198274106e-06 -3.010318065819366673e+00 1.222773277110203028e+09
8.139789173662244663e-04 -1.975196838862014470e+00 7.785468216462414830e+02 3.747915540363658542e-06 -3.401245352473013739e+00 1.222773277110532522e+09
8.074091639079553854e-04 -1.983362946429061635e+00 8.503601980771458102e+02 2.931662617329883386e-06 -3.571080032610334243e+00 1.222773277110781193e+09
8.074091639079553854e-04 -1.983362946429061635e+00 8.503601980771458102e+02 2.931662617329883386e-06 -3.571080032610334243e+00 1.222773277110781193e+09
8.051948757373651819e-04 -1.983567816688127872e+00 8.370551992234376257e+02 1.628365345859983145e-06 -3.959733113705234508e+00 1.222773277112310648e+09
8.051948757373651819e-04 -1.983567816688127872e+00 8.370551992234376257e+02 1.628365345859983145e-06 -3.959733113705234508e+00 1.222773277112310648e+09
8.201914852476266480e-04 -1.964489923600985843e+00 8.030429825021614079e+02 7.609746530940838647e-06 -2.677908367867853912e+00 1.222773277112929106e+09
8.062367250715446855e-04 -1.974857011393403194e+00 9.100892107037910819e+02 2.039548826951104496e-06 -3.602711647836066788e+00 1.222773277113500357e+09
8.153568127076117568e-04 -1.969361754792194219e+00 8.058139648721823960e+02 1.461466472311823993e-06 -3.924686538806904323e+00 1.222773277113646269e+09
8.153568127076117568e-04 -1.969361754792194219e+00 8.058139648721823960e+02 1.461466472311823993e-06 -3.924686538806904323e+00 1.222773277113646269e+09
8.104435222258891524e-04 -1.979191963907843910e+00 8.088616973847399549e+02 6.173497356142183370e-06 -2.825749246659781555e+00 1.222773277115395308e+09
7.935077411940360962e-04 -1.992480110082435196e+00 9.614720357331553942e+02 1.747794273146249871e-06 -4.041590186321309730e+00 1.222773277116735220e+09
7.935077411940360962e-04 -1.992480110082435196e+00 9.614720357331553942e+02 1.747794273146249871e-06 -4.041590186321309730e+00 1.222773277116735220e+09
8.023848643510013163e-04 -1.981036556169593288e+00 8.785901744099771804e+02 5.275715647539293868e-06 -2.842346404198078602e+00 1.222773277116793633e+09
8.216248299092172684e-04 -1.968640067311454356e+00 7.387519183646777492e+02 5.284468925446897768e-06 -2.901656123057994030e+00 1.222773277117006302e+09
8.150592121221770592e-04 -1.975753796557793152e+00 7.928642624273082902e+02 1.742031762675670587e-06 -3.942826599415898414e+00 1.222773277117140055e+09
8.004309894052680880e-04 -1.979790812221992269e+00 9.683351178674628272e+02 1.181468485184881207e-06 -4.221417173316747373e+00 1.222773277118584156e+09
8.004309894052680880e-04 -1.979790812221992269e+00 9.683351178674628272e+02 1.181468485184881207e-06 -4.221417173316747373e+00 1.222773277118584156e+09
8.203202738879686534e-04 -1.971259464576654796e+00 7.742680465463154178e+02 6.686402833160981634e-06 -2.812401201045406474e+00 1.222773277119437218e+09
8.203202738879686534e-04 -1.971259464576654796e+00 7.742680465463154178e+02 6.686402833160981634e-06 -2.812401201045406474e+00 1.222773277119437218e+09
8.108430402631396127e-04 -1.971653014121659275e+00 8.833181264488274564e+02 1.678423531940746569e-06 -3.831855422345816997e+00 1.222773277120128870e+09
8.009870546234019052e-04 -1.988022736481193764e+00 9.336612137842540733e+02 4.803122875717369870e-06 -3.114790618040905734e+00 1.222773277122447014e+09
8.203412299974948297e-04 -1.964278366556756250e+00 7.735547450939027385e+02 2.529937439813887366e-06 -3.557070196626971992e+00 1.222773277122995853e+09
7.992684573052336169e-04 -1.982941267528102403e+00 9.557051238957263877e+02 7.462773529748832128e-07 -4.528936200937375034e+00 1.222773277123457909e+09
8.112324953509881479e-04 -1.973132497000021246e+00 8.313198001353614472e+02 7.409697333901569941e-06 -2.758396939752404187e+00 1.222773277124780893e+09
8.137877072911403218e-04 -1.976104810047687899e+00 8.147838504968605093e+02 7.130755158341481915e-06 -2.683439194874202904e+00 1.222773277125462294e+09
8.167886416000841917e-04 -1.973762116791024201e+00 7.895803644180775791e+02 3.033264428930390690e-06 -3.344184244990357158e+00 1.222773277129079580e+09
8.117228521832488448e-04 -1.969660704107555782e+00 8.608101264999713749e+02 6.105225746200339826e-06 -2.846723448368837062e+00 1.222773277129536152e+09
8.018039579445688505e-04 -1.983704106060414141e+00 9.788238225294746826e+02 7.541272370161143410e-06 -2.708521651569394173e+00 1.222773277129585028e+09
8.018039579445688505e-04 -1.983704106060414141e+00 9.788238225294746826e+02 7.541272370161143410e-06 -2.708521651569394173e+00 1.222773277129585028e+09
8.100625535938923635e-04 -1.972000735883716160e+00 9.264374144215366869e+02 4.182193640424029106e-06 -3.201824735087257956e+00 1.222773277129727125e+09
8.146942808702509154e-04 -1.973752508314735810e+00 8.129604413482145446e+02 7.098024109804654781e-06 -2.606585178895881150e+00 1.222773277131853342e+09
7.997296346362404778e-04 -1.981529825009865631e+00 9.612119854271328450e+02 4.110631237281962654e-06 -2.950830085188598240e+00 1.222773277132107496e+09
8.080112781184948948e-04 -1.976061080531811731e+00 8.477924434418678175e+02 7.096807823993537959e-06 -2.796036443337142074e+00 1.222773277133510590e+09
8.245522315886980773e-04 -1.964507113991166953e+00 7.764828922481252675e+02 4.123152821377866938e-06 -3.102283112508163576e+00 1.222773277133547783e+09
8.021765526460620903e-04 -1.983083331382520687e+00 8.729291101595187001e+02 1.701715087591813595e-06 -3.767962362832163237e+00 1.222773277133803129e+09
8.209761721507600725e-04 -1.964105030129962959e+00 7.668165956649008876e+02 5.227055448570146837e-06 -2.988461140881268463e+00 1.222773277139692545e+09
8.036927651823323748e-04 -1.985427139631031235e+00 9.042514397623592686e+02 3.307579744646193071e-06 -3.531724809041823399e+00 1.222773277140053749e+09
8.027779481861004518e-04 -1.979755548784367658e+00 9.780023471230301766e+02 8.297567499605449753e-06 -2.530911697032426133e+00 1.222773277140242815e+09
7.897271422527096622e-04 -1.994502725551780431e+00 9.771451925237016667e+02 3.579645184772082816e-06 -3.217398575793394500e+00 1.222773277140833616e+09
7.897271422527096622e-04 -1.994502725551780431e+00 9.771451925237016667e+02 3.579645184772082816e-06 -3.217398575793394500e+00 1.222773277140833616e+09
7.912024792193665191e-04 -1.996020000696579366e+00 9.750177351907323100e+02 4.741586556982152057e-06 -3.143797429801009180e+00 1.222773277141036034e+09
7.908773539898894273e-04 -1.993618884638724609e+00 9.943484181693776236e+02 1.280904208709995622e-06 -4.030947942965891428e+00 1.222773277143378735e+09
8.279799116614431232e-04 -1.960555467702649546e+00 7.463172375242195358e+02 5.450189134643985283e-06 -2.841178252455593523e+00 1.222773277145351648e+09
7.899908805864247052e-04 -1.994087182684547654e+00 9.619374570906167037e+02 2.184288476532867273e-06 -3.730019376775571160e+00 1.222773277145810843e+09
7.899908805864247052e-04 -1.994087182684547654e+00 9.619374570906167037e+02 2.184288476532867273e-06 -3.730019376775571160e+00 1.222773277145810843e+09
7.992437072676188657e-04 -1.988558379304096846e+00 9.648436907720830504e+02 3.431404068550038018e-06 -3.495133585917192143e+00 1.222773277148002148e+09
8.066746545273868882e-04 -1.980283991178093173e+00 9.067471028928599708e+02 6.827011843265966546e-06 -2.673439463223564516e+00 1.222773277148721218e+09
8.265076877026581456e-04 -1.960334352178711992e+00 7.566039774273434659e+02 3.746897364054674535e-06 -3.353243104185947843e+00 1.222773277149290085e+09
8.195050110285326825e-04 -1.967555070761370928e+00 8.073043252897759885e+02 1.627862584026827356e-06 -3.955711764129582697e+00 1.222773277149894238e+09
8.195050110285326825e-04 -1.967555070761370928e+00 8.073043252897759885e+02 1.627862584026827356e-06 -3.955711764129582697e+00 1.222773277149894238e+09
7.934464694980356697e-04 -1.991103750087998669e+00 9.592627848592858300e+02 9.960293741292260049e-07 -4.393727019972009096e+00 1.222773277150943041e+09
7.934464694980356697e-04 -1.991103750087998669e+00 9.592627848592858300e+02 9.960293741292260049e-07 -4.393727019972009096e+00 1.222773277150943041e+09
8.126324056759680597e-04 -1.974400742149664767e+00 8.609120801924461830e+02 3.301290817665471106e-06 -3.237098256819638920e+00 1.222773277151669025e+09
8.116672758735574708e-04 -1.970660512224058580e+00 8.614191575409211055e+02 3.486188310049532708e-06 -3.143446873346912085e+00 1.222773277152900457e+09
8.093225927181685059e-04 -1.971603035443591390e+00 9.214488313773578056e+02 5.553996687102910317e-06 -2.964305165492948646e+00 1.222773277153624535e+09
8.266269409926221574e-04 -1.962848466809448800e+00 7.621807893974189483e+02 2.812290222113829002e-06 -3.550789376628868510e+00 1.222773277154178619e+09
8.054595194857030582e-04 -1.980430090901802886e+00 9.522579851187201712e+02 3.413775068583628587e-06 -3.443797366572940888e+00 1.222773277154968023e+09
8.054595194857030582e-04 -1.980430090901802886e+00 9.522579851187201712e+02 3.413775068583628587e-06 -3.443797366572940888e+00 1.222773277154968023e+09
8.041127070210714106e-04 -1.984836455611895367e+00 8.528692122855446769e+02 3.841912037504754504e-06 -3.177359940441991881e+00 1.222773277155049801e+09
7.921747350940547272e-04 -1.991155559954824295e+00 9.707019551142190039e+02 1.010411946891882519e-06 -4.374926734571058518e+00 1.222773277155501127e+09
8.056541404920629108e-04 -1.977997718761124624e+00 8.795229697387208034e+02 2.553435955407956125e-06 -3.358476112658202339e+00 1.222773277155764818e+09
8.056541404920629108e-04 -1.977997718761124624e+00 8.795229697387208034e+02 2.553435955407956125e-06 -3.358476112658202339e+00 1.222773277155764818e+09
8.204786158568753984e-04 -1.964894699173959092e+00 7.659598365831003548e+02 2.241640710645814271e-06 -3.663097548977082951e+00 1.222773277157373428e+09
8.204786158568753984e-04 -1.964894699173959092e+00 7.659598365831003548e+02 2.241640710645814271e-06 -3.663097548977082951e+00 1.222773277157373428e+09
8.067852077853618006e-04 -1.980662204962398087e+00 8.855406752284458207e+02 1.245038132725130702e-06 -4.143143333300546516e+00 1.222773277158039093e+09
8.193480533031978095e-04 -1.966759622532141094e+00 8.220493470289236484e+02 4.321916907877047237e-06 -3.022064067782542551e+00 1.222773277158833504e+09
8.193480533031978095e-04 -1.966759622532141094e+00 8.220493470289236484e+02 4.321916907877047237e-06 -3.022064067782542551e+00 1.222773277158833504e+09
8.214857756707117428e-04 -1.966066105767550587e+00 8.026221995041665878e+02 5.596271026931789426e-06 -3.068896585391092557e+00 1.222773277160058022e+09
8.264297671618662036e-04 -1.962325872348546607e+00 7.308319971639000414e+02 3.546169625788542635e-06 -3.177036388913466958e+00 1.222773277163282871e+09
7.875578682574253028e-04 -1.998065040957375915e+00 9.932324121277429185e+02 3.022580614570142808e-06 -3.498424072777874372e+00 1.222773277166089773e+09
7.875578682574253028e-04 -1.998065040957375915e+00 9.932324121277429185e+02 3.022580614570142808e-06 -3.498424072777874372e+00 1.222773277166089773e+09
7.899685322666171166e-04 -1.995993221181329158e+00 9.715302216121111769e+02 1.979380627195148111e-06 -3.867140514641654647e+00 1.222773277166224480e+09
8.132453756769739963e-04 -1.977219853579635700e+00 7.928566216909032391e+02 1.816403881652953223e-06 -3.927152814983719153e+00 1.222773277166525126e+09
8.005589089819668868e-04 -1.982304461118916894e+00 9.501533441187870039e+02 8.864595427709643611e-06 -2.430207025705692025e+00 1.222773277166798592e+09
8.032690046700304313e-04 -1.979330743334858145e+00 8.882226789297372989e+02 2.467890178181163687e-06 -3.413293121743283365e+00 1.222773277167085171e+09
8.092713009726274333e-04 -1.976175713282330770e+00 8.707108170272429106e+02 1.938310438299566434e-06 -3.629111498968343952e+00 1.222773277167456627e+09
8.092713009726274333e-04 -1.976175713282330770e+00 8.707108170272429106e+02 1.938310438299566434e-06 -3.629111498968343952e+00 1.222773277167456627e+09
8.230534589803437714e-04 -1.962062062345470093e+00 7.810667729878811087e+02 5.632362364610526013e-06 -2.981697786518493487e+00 1.222773277168186188e+09
8.230534589803437714e-04 -1.962062062345470093e+00 7.810667729878811087e+02 5.632362364610526013e-06 -2.981697786518493487e+00 1.222773277168186188e+09
8.187083741045778507e-04 -1.967631618694006601e+00 8.387604663969542571e+02 6.730744620689207271e-06 -2.785982260913375974e+00 1.222773277168735981e+09
8.174194707807733076e-04 -1.969423333404953347e+00 8.466173962597320042e+02 6.653904951358141417e-06 -2.783251171566381466e+00 1.222773277170222759e+09
8.174194707807733076e-04 -1.969423333404953347e+00 8.466173962597320042e+02 6.653904951358141417e-06 -2.783251171566381466e+00 1.222773277170222759e+09
8.132157972695138078e-04 -1.974801225333629340e+00 7.938841584919821344e+02 6.094023385974613931e-06 -2.974837216113195737e+00 1.222773277170492649e+09
8.132157972695138078e-04 -1.974801225333629340e+00 7.938841584919821344e+02 6.094023385974613931e-06 -2.974837216113195737e+00 1.222773277170492649e+09
8.013733362823543659e-04 -1.985038268759222735e+00 8.794873034758827544e+02 5.517912560984198039e-06 -2.834630722177456263e+00 1.222773277172521353e+09
8.105284472523066174e-04 -1.973935365019543031e+00 8.897601121013124157e+02 4.040789399061116502e-06 -3.032178065799700839e+00 1.222773277173126221e+09
8.105284472523066174e-04 -1.973935365019543031e+00 8.897601121013124157e+02 4.040789399061116502e-06 -3.032178065799700839e+00 1.222773277173126221e+09
8.172444177556314766e-04 -1.973627269975318566e+00 7.735026378790234958e+02 6.769606723389715926e-06 -2.810268100535479263e+00 1.222773277174142361e+09
8.098241184376958526e-04 -1.971437621156557629e+00 9.138531864505554267e+02 3.952374624605363342e-06 -3.286991788974249928e+00 1.222773277177931786e+09
8.051915468914266991e-04 -1.976476773748606863e+00 8.728779107186453530e+02 1.964224753533355979e-06 -3.820273796191814952e+00 1.222773277179509401e+09
8.211736934608885588e-04 -1.966856132999889484e+00 7.909340365511582149e+02 2.446116889484805164e-06 -3.509844318617750147e+00 1.222773277179953098e+09
8.215165794418364175e-04 -1.967000074696820366e+00 7.866031602831891405e+02 2.287093149566951883e-06 -3.785083048597198463e+00 1.222773277181341410e+09
8.100068705830021148e-04 -1.971486188710457332e+00 9.197045989384100722e+02 3.602659500306920146e-06 -3.319413813650886169e+00 1.222773277181984425e+09
8.229356289319364861e-04 -1.967524251982395667e+00 7.647810288704238246e+02 5.985005410343800736e-06 -3.022121606350252065e+00 1.222773277182125092e+09
8.233427784668452586e-04 -1.967890701831388700e+00 7.273662133602646236e+02 3.030322356175844691e-06 -3.534659202787842958e+00 1.222773277182413816e+09
8.233427784668452586e-04 -1.967890701831388700e+00 7.273662133602646236e+02 3.030322356175844691e-06 -3.534659202787842958e+00 1.222773277182413816e+09
8.037324288769175226e-04 -1.981302792879826358e+00 9.610538412890259679e+02 8.068021195929598753e-06 -2.631333191762731616e+00 1.222773277182560444e+09
7.932431294394847463e-04 -1.986373831271873946e+00 9.795132954577126156e+02 2.131354787848972690e-06 -3.615554337276376984e+00 1.222773277183842897e+09
8.166603950775008563e-04 -1.966625036754264144e+00 8.198624426735311772e+02 6.852446424593876483e-06 -2.713958319322706814e+00 1.222773277184762001e+09
7.944831963596546811e-04 -1.992674815689227774e+00 9.439288690408363891e+02 2.976641221539505288e-06 -3.386740219998165102e+00 1.222773277185381174e+09
7.944831963596546811e-04 -1.992674815689227774e+00 9.439288690408363891e+02 2.976641221539505288e-06 -3.386740219998165102e+00 1.222773277185381174e+09
8.150202774875647859e-04 -1.975201598911148437e+00 8.114264080491640243e+02 2.653477212000047446e-06 -3.701059774832217819e+00 1.222773277186673880e+09
8.078335352064833956e-04 -1.976717090469810145e+00 8.274100948578418411e+02 5.160449254584882937e-06 -2.998966835732302272e+00 1.222773277188404322e+09
8.093865027138397866e-04 -1.981389250406004887e+00 8.513359258104233049e+02 3.756485883655614603e-06 -3.331517584561619394e+00 1.222773277189566851e+09
7.980163457744697368e-04 -1.985472508245498702e+00 9.507652259818328275e+02 2.229189220596952870e-06 -3.883035702305165593e+00 1.222773277189920187e+09
8.018417825843685877e-04 -1.979829700948495308e+00 9.675811716611898419e+02 3.019482998479033983e-06 -3.248067273944112543e+00 1.222773277190071583e+09
7.957281161220338588e-04 -1.988247900030684967e+00 9.691686638356782169e+02 9.158470173630912250e-07 -4.297614255508763748e+00 1.222773277190176487e+09
8.166423856468616859e-04 -1.968255824398200904e+00 7.926475908900283684e+02 5.749880718922666569e-06 -2.979976628579926512e+00 1.222773277191315174e+09
8.209950860714579400e-04 -1.966054129443345344e+00 7.625121834474813340e+02 1.600539894934717424e-06 -3.981027809972867537e+00 1.222773277191901207e+09
8.159096520336369058e-04 -1.975878171591741950e+00 7.882490613159835675e+02 5.213171700892567487e-06 -3.020315166505685767e+00 1.222773277192631960e+09
7.949800484087525196e-04 -1.987671224918561075e+00 9.503883105852435165e+02 6.969411693932716779e-06 -2.770196557396413795e+00 1.222773277194400311e+09
7.967326475813726145e-04 -1.986852878946487877e+00 9.324225409142412673e+02 4.730531759080914910e-06 -2.899444979974886039e+00 1.222773277194657803e+09
7.984189333879639907e-04 -1.982724323681919198e+00 9.437567609201385039e+02 9.509471952976858824e-07 -4.351267550378342008e+00 1.222773277197264910e+09
7.947000440974248941e-04 -1.987695852025077148e+00 9.648984232765524212e+02 3.390194861803193119e-06 -3.527546618186661931e+00 1.222773277197627068e+09
8.073933605367669989e-04 -1.978402919404789406e+00 8.413495632876649779e+02 1.347901744812940526e-06 -4.185142244702927172e+00 1.222773277198622942e+09
7.969131148961747192e-04 -1.991176377116115948e+00 9.479966511221582550e+02 5.390644564195147901e-06 -3.103048059878926956e+00 1.222773277204441071e+09
8.048865032483482583e-04 -1.978384688221333620e+00 8.853353415633118857e+02 1.727722357443317234e-06 -4.025793811236621167e+00 1.222773277205395222e+09
8.019153128962279659e-04 -1.985555265955934123e+00 9.228798617080775557e+02 4.260834141199972625e-06 -3.046300739876123487e+00 1.222773277205608606e+09
8.223341907840362244e-04 -1.965746234335700393e+00 7.893511015693104582e+02 4.267386248997330566e-06 -3.307578433837734977e+00 1.222773277206609964e+09
7.973155136376267266e-04 -1.990968031160132767e+00 9.053522013665298118e+02 3.184508984754172453e-06 -3.514924009698392915e+00 1.222773277206763268e+09
7.991730953861305537e-04 -1.987359651420545159e+00 9.004554627077345685e+02 4.214316273433896532e-06 -3.040412083876905314e+00 1.222773277207244635e+09
7.991730953861305537e-04 -1.987359651420545159e+00 9.004554627077345685e+02 4.214316273433896532e-06 -3.040412083876905314e+00 1.222773277207244635e+09
8.129574804489709747e-04 -1.974800127072750655e+00 8.738485948674648398e+02 4.924153676000155323e-06 -3.163212999091649991e+00 1.222773277207453012e+09
8.018518768789633386e-04 -1.982834283739189019e+00 8.778671480949790293e+02 1.094455940276350757e-06 -4.199261521254486595e+00 1.222773277207806110e+09
8.003440554861630070e-04 -1.983207102334425986e+00 9.561995798517478988e+02 8.494188459669129225e-07 -4.448183625739400071e+00 1.222773277209694624e+09
8.084046500725563123e-04 -1.978154476436504883e+00 8.758849723046679401e+02 4.842787204679019930e-06 -2.870309584715572626e+00 1.222773277210000753e+09
7.938624114591910424e-04 -1.992185217038099587e+00 9.729149420194144113e+02 7.081573211931569811e-06 -2.717387594228553027e+00 1.222773277210144281e+09
8.055182553021492890e-04 -1.979836611137182789e+00 9.289464801054741656e+02 3.196177668810012401e-06 -3.584977246253313155e+00 1.222773277211538553e+09
7.917480341061457465e-04 -1.988568828031704872e+00 9.931984911825160225e+02 4.763042289299715360e-06 -2.934548262011938746e+00 1.222773277212275743e+09
8.229895529434115347e-04 -1.966243585917933245e+00 7.754343710380692301e+02 8.060632390411254325e-06 -2.666071789595258146e+00 1.222773277212743044e+09
8.229895529434115347e-04 -1.966243585917933245e+00 7.754343710380692301e+02 8.060632390411254325e-06 -2.666071789595258146e+00 1.222773277212743044e+09
8.104698873452403311e-04 -1.973569119713019404e+00 8.542197982168754606e+02 1.079796643728296100e-06 -4.284638712873235278e+00 1.222773277213219881e+09
8.206599968688678935e-04 -1.968286302423748024e+00 7.774836920570140819e+02 8.029841273927559392e-06 -2.711279319267652532e+00 1.222773277216077328e+09
8.130109209265646859e-04 -1.972654345469030179e+00 8.234990082758635026e+02 1.596984307550363737e-06 -3.805346569237284093e+00 1.222773277217033386e+09
7.965450614571706897e-04 -1.984201012978743961e+00 9.635803060385122762e+02 2.212377887269808925e-06 -3.501386821212831180e+00 1.222773277217423201e+09
7.986130999934133896e-04 -1.985716889902435778e+00 9.571784357529036242e+02 2.051695646020772070e-06 -3.572207279393445845e+00 1.222773277217740774e+09
8.008057486419679991e-04 -1.987623960907481280e+00 9.399694137282673410e+02 3.079725890526759655e-06 -3.566494754101700693e+00 1.222773277217783213e+09
8.106727976321685594e-04 -1.977169194536064323e+00 8.737729242527176439e+02 1.851201021325926371e-06 -3.892622623647895352e+00 1.222773277219174862e+09
8.082697319498527476e-04 -1.979742083332281855e+00 8.861105701422791299e+02 3.088409530609510504e-06 -3.601443151003762111e+00 1.222773277220316172e+09
8.168201683425132175e-04 -1.970724488317334044e+00 8.130878088030290201e+02 5.330300666626034539e-06 -2.802605086278219026e+00 1.222773277221053123e+09
7.991244172599983779e-04 -1.990083006094715223e+00 9.090846095765881500e+02 2.950411515819532438e-06 -3.572025820616588021e+00 1.222773277221656084e+09
8.255151007009366030e-04 -1.964088665793566335e+00 7.448651712256597648e+02 2.015417284033823533e-06 -3.844166466144424810e+00 1.222773277227443933e+09
8.165823506953955166e-04 -1.971139777646215840e+00 8.006648595802092814e+02 8.760164658011352693e-06 -2.548758730581904608e+00 1.222773277231948137e+09
8.165823506953955166e-04 -1.971139777646215840e+00 8.006648595802092814e+02 8.760164658011352693e-06 -2.548758730581904608e+00 1.222773277231948137e+09
7.940602025472299347e-04 -1.984551946875846351e+00 9.879542682539716907e+02 2.685131670287587412e-06 -3.456434573844334501e+00 1.222773277232949734e+09
7.996728651461000202e-04 -1.982543375376725425e+00 9.307988781591523093e+02 5.176994926003527217e-06 -2.791137010871390878e+00 1.222773277234751463e+09
7.962154827230937763e-04 -1.988678226396745963e+00 9.739292223833384696e+02 1.306209578463283505e-06 -4.004471209351434524e+00 1.222773277235023975e+09
8.101495380000468816e-04 -1.977993514728766167e+00 7.966409951962673404e+02 4.076568861988780184e-06 -3.158293257098746309e+00 1.222773277238730192e+09
8.101495380000468816e-04 -1.977993514728766167e+00 7.966409951962673404e+02 4.076568861988780184e-06 -3.158293257098746309e+00 1.222773277238730192e+09
7.997211501290723504e-04 -1.987680987478686045e+00 8.702415176416776603e+02 2.637517213523066798e-06 -3.587977648207659520e+00 1.222773277238999367e+09
8.015716768936164078e-04 -1.978554051731169050e+00 9.240603187925901238e+02 2.099542204384518832e-06 -3.613414871032220255e+00 1.222773277240349293e+09
8.234282119037540561e-04 -1.962620493322943638e+00 7.689354067584314407e+02 2.492179318064267547e-06 -3.654412537569235120e+00 1.222773277240793228e+09
8.199497684690338966e-04 -1.965543556401381675e+00 7.799021755809123988e+02 6.063660228455582814e-06 -2.934663229121910355e+00 1.222773277241559744e+09
8.020657520523114025e-04 -1.982476100577093892e+00 9.414358233020939224e+02 3.363364138875061259e-06 -3.159320574026450501e+00 1.222773277242860556e+09
8.191973958369281467e-04 -1.969093939623692169e+00 8.173742139856843778e+02 2.649412014155343889e-06 -3.630592136130906589e+00 1.222773277246094942e+09
8.191973958369281467e-04 -1.969093939623692169e+00 8.173742139856843778e+02 2.649412014155343889e-06 -3.630592136130906589e+00 1.222773277246094942e+09
7.962627216246198148e-04 -1.987269217212917383e+00 9.314711814995786199e+02 2.924483667177587505e-06 -3.627638018155023403e+00 1.222773277246426344e+09
8.095911226638988082e-04 -1.972747660291306326e+00 8.517126431758237004e+02 1.572409512831897911e-06 -3.925061158258776217e+00 1.222773277246765375e+09
8.013617005837346888e-04 -1.980645642809680584e+00 9.138264735182696086e+02 1.080625948539183879e-06 -4.298742157794685603e+00 1.222773277247302055e+09
8.300745722600537781e-04 -1.961719743680098826e+00 7.252441688388756802e+02 5.291497651817684232e-06 -2.969904384157950439e+00 1.222773277248685122e+09
8.063805268602287175e-04 -1.981326372478075637e+00 8.577782657392084502e+02 6.022559081919660788e-06 -3.039742488105908080e+00 1.222773277248934507e+09
7.946812652994293333e-04 -1.990329476840779765e+00 9.424544798150686802e+02 3.543336780040224360e-06 -3.170675858549359738e+00 1.222773277249781609e+09
7.996569075309410647e-04 -1.984781973261385390e+00 9.537267021773277520e+02 8.758487210336034551e-07 -4.412667390430154768e+00 1.222773277250770569e+09
7.996569075309410647e-04 -1.984781973261385390e+00 9.537267021773277520e+02 8.758487210336034551e-07 -4.412667390430154768e+00 1.222773277250770569e+09
7.945890019351019859e-04 -1.986997838610709444e+00 9.423335008334390750e+02 2.857725515971308870e-06 -3.387217024090582562e+00 1.222773277251648188e+09
7.980730814422602173e-04 -1.984835892901178678e+00 9.781151987049878471e+02 3.551217618053456825e-06 -3.089575677804933029e+00 1.222773277251817942e+09
8.023040886002486601e-04 -1.984201614072465869e+00 9.395240786104857307e+02 5.864295378329060314e-06 -2.786888559637361595e+00 1.222773277251944304e+09
8.170348020024124089e-04 -1.973661397205527468e+00 8.039099959082536770e+02 2.394360304987225263e-06 -3.690142420236916188e+00 1.222773277252044439e+09
8.112283070545956093e-04 -1.975056450915097184e+00 7.939024019965314665e+02 3.735821781038798773e-06 -3.265125997422296145e+00 1.222773277253185987e+09
7.992121662699739086e-04 -1.982400450814683524e+00 9.322625134488284857e+02 4.962145960328584578e-06 -3.166046288851152468e+00 1.222773277253297091e+09
7.992121662699739086e-04 -1.982400450814683524e+00 9.322625134488284857e+02 4.962145960328584578e-06 -3.166046288851152468e+00 1.222773277253297091e+09
8.067734426637781326e-04 -1.974760441708701908e+00 9.392851839293406329e+02 3.201613627585590261e-06 -3.501351822522363655e+00 1.222773277254471302e+09
8.088580571691221651e-04 -1.971801667028358906e+00 8.912426852507959438e+02 2.456486330466827250e-06 -3.543589046369874929e+00 1.222773277255448818e+09
7.994532557070500346e-04 -1.982054252479811041e+00 9.763658527280680346e+02 8.661488643174584064e-06 -2.631102276974141674e+00 1.222773277255694389e+09
8.231380372126741911e-04 -1.969214405723410000e+00 7.520811613028904503e+02 3.545326790608808477e-06 -3.323138085311130752e+00 1.222773277256983519e+09
8.044741391949399804e-04 -1.983425500608485104e+00 9.282731031835185149e+02 2.648323572462500821e-06 -3.627679403222489718e+00 1.222773277258221865e+09
8.088743923780743758e-04 -1.974150613181416158e+00 9.332036396274895651e+02 3.118190686246687703e-06 -3.439218685176235191e+00 1.222773277258525848e+09
7.940443087762947237e-04 -1.987621067580890077e+00 9.963495998164588627e+02 2.816930560917974900e-06 -3.277673695123615616e+00 1.222773277258764744e+09
7.969359356079810898e-04 -1.987367456091333251e+00 9.280543901108633236e+02 1.600899547644359291e-06 -3.813171507162359752e+00 1.222773277261376143e+09
8.219425068755456445e-04 -1.967378556926199451e+00 7.836368186450089297e+02 2.300740385476733556e-06 -3.629944174442938376e+00 1.222773277261713028e+09
7.898398450049181133e-04 -1.996010255350982643e+00 9.873127127295978198e+02 3.151049133170712100e-06 -3.559899601417852999e+00 1.222773277262001276e+09
8.055106033445724950e-04 -1.977750563342340673e+00 9.595573816319094931e+02 4.785043788918447938e-06 -2.971193930864501453e+00 1.222773277262902021e+09
8.064052623619489537e-04 -1.979653216211479272e+00 8.773488741091323391e+02 9.310521909696773547e-07 -4.359110472052852181e+00 1.222773277262998819e+09
8.176925620184102893e-04 -1.971976075433121700e+00 7.826478341257065949e+02 1.459083597225008835e-06 -4.049116780834046025e+00 1.222773277264053583e+09
8.176925620184102893e-04 -1.971976075433121700e+00 7.826478341257065949e+02 1.459083597225008835e-06 -4.049116780834046025e+00 1.222773277264053583e+09
8.004841702589409131e-04 -1.987162375808940507e+00 9.630047234047998472e+02 5.455821105366712894e-06 -3.006206154325703928e+00 1.222773277265193939e+09
7.998335725438401487e-04 -1.988505341940720372e+00 8.750879288850721878e+02 2.757180738036069469e-06 -3.550314010989726654e+00 1.222773277265494823e+09
8.263498018409905091e-04 -1.963923662542816917e+00 7.413532123199179296e+02 4.446131820200996155e-06 -3.013699109183733960e+00 1.222773277265742540e+09
8.068688110195839291e-04 -1.979141220934334644e+00 9.135423270170017531e+02 2.979860046406919033e-06 -3.338299179527182581e+00 1.222773277268412828e+09
8.027564048374303532e-04 -1.979248627353986878e+00 9.036347878179508371e+02 1.973705984946358942e-06 -3.610045995888405024e+00 1.222773277268833399e+09
8.038889826308085341e-04 -1.978294673250870606e+00 8.709234345710879097e+02 1.962611033615926954e-06 -3.743080179632963578e+00 1.222773277269661903e+09
8.073864884137375115e-04 -1.977272501784746561e+00 9.082164385510344573e+02 1.406106157205932945e-06 -3.995786095773541824e+00 1.222773277273459196e+09
8.041505670615102736e-04 -1.978806722629644854e+00 9.453769620767945980e+02 1.896551679572393024e-06 -3.949568417920180430e+00 1.222773277274032354e+09
7.976855636963980619e-04 -1.984106010836603318e+00 9.945880172274969482e+02 2.061169675192777988e-06 -3.565559952366135654e+00 1.222773277274876833e+09
7.976855636963980619e-04 -1.984106010836603318e+00 9.945880172274969482e+02 2.061169675192777988e-06 -3.565559952366135654e+00 1.222773277274876833e+09
8.133646147191026746e-04 -1.974947588613821692e+00 8.207611950565351435e+02 6.037513476838991613e-06 -3.044661886262284511e+00 1.222773277275503874e+09
8.134027618580395077e-04 -1.974315477549383635e+00 8.440099490188971458e+02 7.817253365254925386e-06 -2.578844254399871971e+00 1.222773277276089191e+09
7.984188821200255285e-04 -1.989590899233253829e+00 9.011594292963553698e+02 5.250037725209129125e-06 -3.058491630842578246e+00 1.222773277276221037e+09
7.984188821200255285e-04 -1.989590899233253829e+00 9.011594292963553698e+02 5.250037725209129125e-06 -3.058491630842578246e+00 1.222773277276221037e+09
8.037264488877124240e-04 -1.979633109477595632e+00 9.680357386859465123e+02 4.104955103213283700e-06 -3.067698488962262715e+00 1.222773277278695107e+09
8.021955897896157050e-04 -1.976748596137863023e+00 9.684187088706107716e+02 4.558124273293931329e-06 -3.144037021028315948e+00 1.222773277281296968e+09
8.183578601159639376e-04 -1.972054502670889331e+00 7.707776494673390744e+02 4.211395632612045959e-06 -3.064372202434604731e+00 1.222773277281416416e+09
8.220057320527558720e-04 -1.967025648627044543e+00 7.504441282519184142e+02 2.824536835702491559e-06 -3.367867381292171558e+00 1.222773277282039404e+09
8.220057320527558720e-04 -1.967025648627044543e+00 7.504441282519184142e+02 2.824536835702491559e-06 -3.367867381292171558e+00 1.222773277282039404e+09
8.146692020617913059e-04 -1.968068285071578938e+00 8.264478571832197531e+02 2.399503566720936930e-06 -3.641381281786146396e+00 1.222773277286000967e+09
7.964667573890231488e-04 -1.990047199652098531e+00 9.682727094028098236e+02 5.931136292851126439e-06 -2.804067622252097713e+00 1.222773277288029432e+09
8.136964420275841691e-04 -1.968686886761020993e+00 8.330080379201259575e+02 2.765188931328433624e-06 -3.421540609185766080e+00 1.222773277288480043e+09
7.991395204328963567e-04 -1.983309781956876572e+00 9.832533474022009159e+02 9.773573183962946580e-07 -4.355623143789983942e+00 1.222773277288610220e+09
8.034098467129196586e-04 -1.978456929251906082e+00 9.247097855862358529e+02 1.036154812433705548e-06 -4.235774025524089659e+00 1.222773277288836718e+09
8.250009962852175149e-04 -1.963163108948402957e+00 7.275310404572029483e+02 3.403997525845779083e-06 -3.373745491079003678e+00 1.222773277288944721e+09
8.250009962852175149e-04 -1.963163108948402957e+00 7.275310404572029483e+02 3.403997525845779083e-06 -3.373745491079003678e+00 1.222773277288944721e+09
8.155605383723108209e-04 -1.972580619450445827e+00 7.645283564385547379e+02 3.628724360880303916e-06 -3.272991632067726364e+00 1.222773277289318085e+09
8.098853997013065464e-04 -1.975246611410869768e+00 8.555106677573822935e+02 1.499197149647023599e-06 -3.859763254902077279e+00 1.222773277289343357e+09
8.098853997013065464e-04 -1.975246611410869768e+00 8.555106677573822935e+02 1.499197149647023599e-06 -3.859763254902077279e+00 1.222773277289343357e+09
8.114161047013047261e-04 -1.977244578238869455e+00 8.447627888056872507e+02 1.591993661722629161e-06 -4.041542641152348736e+00 1.222773277289737225e+09
8.114161047013047261e-04 -1.977244578238869455e+00 8.447627888056872507e+02 1.591993661722629161e-06 -4.041542641152348736e+00 1.222773277289737225e+09
8.042492259647014219e-04 -1.978256721872528434e+00 9.427733718220117680e+02 1.730594891601308472e-06 -4.003952736647813815e+00 1.222773277291242361e+09
8.051533609850913950e-04 -1.978565111021143963e+00 8.470627956163522185e+02 2.114793829450168385e-06 -3.720774181758221388e+00 1.222773277291809082e+09
8.092852920673416399e-04 -1.977453675580108872e+00 8.032529092193357201e+02 2.932104548054424657e-06 -3.497031625580992120e+00 1.222773277291901350e+09
8.125070515513055066e-04 -1.972171470868404164e+00 8.136454659261240749e+02 1.843663049407575660e-06 -3.721078266764053843e+00 1.222773277292405844e+09
8.125609536868885069e-04 -1.972175016937532721e+00 8.430854747512653375e+02 1.156594358770393765e-06 -4.168831518954133841e+00 1.222773277292444706e+09
8.211897690200457237e-04 -1.969946984741712370e+00 7.774160513345228765e+02 2.759866806415910658e-06 -3.539263171317214685e+00 1.222773277294095278e+09
7.985589234618599257e-04 -1.989016711169303786e+00 9.668863082651344030e+02 2.243010252119242208e-06 -3.743639506986004228e+00 1.222773277297253370e+09
7.926487884291303233e-04 -1.992117631644228393e+00 9.636992347593776458e+02 3.969229231797893910e-06 -3.093223865177144205e+00 1.222773277298641205e+09
8.209659903074558287e-04 -1.965874268931474766e+00 7.765323985677506471e+02 3.015139998614452289e-06 -3.286102598638779959e+00 1.222773277299804688e+09
8.018917003691694492e-04 -1.977796359186949626e+00 9.989245310281673937e+02 4.355719890709054259e-06 -3.062759361812314118e+00 1.222773277302184105e+09
8.018917003691694492e-04 -1.977796359186949626e+00 9.989245310281673937e+02 4.355719890709054259e-06 -3.062759361812314118e+00 1.222773277302184105e+09
8.121515847891604524e-04 -1.975452856590509176e+00 8.808845649888886555e+02 4.678846791044190560e-06 -3.192484808795267526e+00 1.222773277303829432e+09
8.152048508959483563e-04 -1.974257960521562216e+00 7.653997229522306043e+02 2.973817384810101222e-06 -3.434030473820556928e+00 1.222773277304957867e+09
8.011454993189309976e-04 -1.985094148632430944e+00 9.128808585347013604e+02 5.097078133526145588e-06 -3.211521451360933810e+00 1.222773277305220842e+09
8.011454993189309976e-04 -1.985094148632430944e+00 9.128808585347013604e+02 5.097078133526145588e-06 -3.211521451360933810e+00 1.222773277305220842e+09
8.068535093132217593e-04 -1.979301249946043395e+00 9.129325270043639193e+02 3.038179359965466539e-06 -3.328868588835561582e+00 1.222773277305935383e+09
8.085226241278039043e-04 -1.977480041807891498e+00 8.223524269924356531e+02 1.694222179951405938e-06 -3.821325618975015104e+00 1.222773277306397915e+09
8.144316630068903920e-04 -1.971677364948736244e+00 8.307128714925307804e+02 7.855617145815986280e-06 -2.523266057486734049e+00 1.222773277306815863e+09
8.023209972485594770e-04 -1.980199732515003141e+00 9.536187684058545528e+02 1.063399507341743348e-06 -4.271219192893635608e+00 1.222773277308629274e+09
7.992713848422073079e-04 -1.984343205568733337e+00 9.063556269543465760e+02 5.923561437301177920e-06 -2.777870959181125698e+00 1.222773277309159040e+09
8.095930515356629430e-04 -1.973360263307491813e+00 9.178569468594696446e+02 3.127107720340008914e-06 -3.504135952038682333e+00 1.222773277309819698e+09
8.095930515356629430e-04 -1.973360263307491813e+00 9.178569468594696446e+02 3.127107720340008914e-06 -3.504135952038682333e+00 1.222773277309819698e+09
8.219923756496739240e-04 -1.967263341978747082e+00 7.733893788697673699e+02 6.251973879355228923e-06 -2.980166332372362170e+00 1.222773277309966803e+09
8.016290579773238884e-04 -1.980589390623631152e+00 8.935707394187414820e+02 3.997182515028781995e-06 -3.066129626179042944e+00 1.222773277311330080e+09
7.958434836021369228e-04 -1.991989781717053543e+00 9.197930314410692745e+02 2.764282441023412932e-06 -3.616411723845653015e+00 1.222773277314433813e+09
8.042512699984415408e-04 -1.981792144200373196e+00 9.393840390159759863e+02 1.879837692033880387e-06 -3.817208404586004633e+00 1.222773277314674616e+09
7.942852015203461348e-04 -1.988982472192152962e+00 9.375739447153854371e+02 1.365369846779386752e-06 -4.058901475215164645e+00 1.222773277315271139e+09
7.942852015203461348e-04 -1.988982472192152962e+00 9.375739447153854371e+02 1.365369846779386752e-06 -4.058901475215164645e+00 1.222773277315271139e+09
8.021808693546817696e-04 -1.982204759307788944e+00 9.063166671888387782e+02 9.977901080328832065e-07 -4.225793388875379364e+00 1.222773277315429211e+09
7.978567460956398046e-04 -1.981047770874207137e+00 9.749260141669627728e+02 2.116553799703043276e-06 -3.624052768419760540e+00 1.222773277316094875e+09
8.028678093316527712e-04 -1.982469274848756235e+00 9.727761069904125861e+02 6.899996612271178443e-06 -2.806913960981185063e+00 1.222773277318858624e+09
8.028678093316527712e-04 -1.982469274848756235e+00 9.727761069904125861e+02 6.899996612271178443e-06 -2.806913960981185063e+00 1.222773277318858624e+09
8.134002095331659219e-04 -1.972308928599999067e+00 8.046295503016119710e+02 1.319375691675675680e-06 -4.064919104622920720e+00 1.222773277320456028e+09
8.111882037269971995e-04 -1.971331314986749295e+00 8.313503879648344537e+02 3.809033031134808621e-06 -3.262173258988010360e+00 1.222773277321146250e+09
8.111882037269971995e-04 -1.971331314986749295e+00 8.313503879648344537e+02 3.809033031134808621e-06 -3.262173258988010360e+00 1.222773277321146250e+09
8.149756347741154419e-04 -1.968656450521079737e+00 8.681175846079888743e+02 6.649591820170131874e-06 -2.780784855233708441e+00 1.222773277321353197e+09
8.149756347741154419e-04 -1.968656450521079737e+00 8.681175846079888743e+02 6.649591820170131874e-06 -2.780784855233708441e+00 1.222773277321353197e+09
7.995985295573487068e-04 -1.979543334431630885e+00 9.704443207889203222e+02 1.779760375159607934e-06 -3.882928550154347569e+00 1.222773277322575331e+09
8.075226083303846262e-04 -1.980711743777173517e+00 8.146505330183126716e+02 2.237578335363333775e-06 -3.686165709946472191e+00 1.222773277322787285e+09
7.943013818363902755e-04 -1.989419520091986415e+00 9.469221013149400505e+02 6.083188513379547620e-06 -2.808214369936706589e+00 1.222773277323103428e+09
7.931538889017295674e-04 -1.986571739872011300e+00 9.918942796744637462e+02 1.750023904544313613e-06 -3.759134740678655717e+00 1.222773277324244738e+09
8.069196474504006017e-04 -1.983400436168649694e+00 8.629894242653233505e+02 4.511445448215403257e-06 -3.167413401921693961e+00 1.222773277326395512e+09
8.070341196606468275e-04 -1.976654051605999385e+00 8.402953270821382148e+02 2.667358368369146527e-06 -3.604787181526968531e+00 1.222773277326433182e+09
7.939339369069768355e-04 -1.988142099741372792e+00 9.634400706097403599e+02 1.062975201605258578e-06 -4.310293714098147433e+00 1.222773277326462030e+09
8.066082066620093366e-04 -1.976157894039705987e+00 8.859148458195713829e+02 1.163737845222581976e-06 -4.116989217856366956e+00 1.222773277326868534e+09
8.130108273791038925e-04 -1.969487513788703348e+00 8.287800690913229573e+02 3.259827434529536514e-06 -3.406202647006830730e+00 1.222773277327000380e+09
8.006117422180001773e-04 -1.986356914532658724e+00 8.771606935501459930e+02 1.617848276199787535e-06 -4.023480587966876243e+00 1.222773277327653646e+09
8.006117422180001773e-04 -1.986356914532658724e+00 8.771606935501459930e+02 1.617848276199787535e-06 -4.023480587966876243e+00 1.222773277327653646e+09
8.308820523097306754e-04 -1.958137742143245541e+00 7.147302243329373823e+02 5.233201259256405076e-06 -2.992521582642115874e+00 1.222773277327980995e+09
7.968165267902832657e-04 -1.986981271093495982e+00 9.441575275457034877e+02 1.034851333369611717e-06 -4.196123608500713864e+00 1.222773277328022003e+09
8.228638264527415955e-04 -1.963766614808251321e+00 8.003196657361759208e+02 6.064916999723433570e-06 -2.908497767627332919e+00 1.222773277328305006e+09
8.071927145066085888e-04 -1.977247211508664559e+00 8.745006368589455406e+02 1.206279994956193952e-06 -4.056370151306660787e+00 1.222773277329900026e+09
8.089876174596776241e-04 -1.974311296876682720e+00 8.462864157293737435e+02 1.371603940386359704e-06 -4.071443555919909585e+00 1.222773277331027031e+09
8.271452118536244289e-04 -1.960917337164846064e+00 7.304620879646387266e+02 5.356511523629626548e-06 -3.013926408278489788e+00 1.222773277331243038e+09
8.271452118536244289e-04 -1.960917337164846064e+00 7.304620879646387266e+02 5.356511523629626548e-06 -3.013926408278489788e+00 1.222773277331243038e+09
7.979982961315473019e-04 -1.985129402090767936e+00 9.553526331239180536e+02 6.853533496627792938e-06 -2.593599026431162358e+00 1.222773277331584930e+09
7.960717197386556936e-04 -1.991896044991050552e+00 9.173944409876696682e+02 2.516230108530393921e-06 -3.648877890604397045e+00 1.222773277331916571e+09
7.993938667836674328e-04 -1.987465694005463579e+00 9.092176387870053986e+02 1.270545034345424314e-06 -4.101863918380561636e+00 1.222773277332503080e+09
8.204710359667723380e-04 -1.964650031360916538e+00 7.841810228180862623e+02 6.728179304483525908e-06 -2.756003340273194269e+00 1.222773277333483219e+09
8.204710359667723380e-04 -1.964650031360916538e+00 7.841810228180862623e+02 6.728179304483525908e-06 -2.756003340273194269e+00 1.222773277333483219e+09
8.268340712018623639e-04 -1.961577626819535958e+00 7.469254431620855712e+02 7.104479853973401783e-06 -2.698755564882752367e+00 1.222773277334420443e+09
8.183596069329078515e-04 -1.968011954069628366e+00 7.633442208852812882e+02 2.988353010583720111e-06 -3.389665413300813945e+00 1.222773277337637186e+09
8.231956286265954209e-04 -1.966241234185442721e+00 7.460820769535700947e+02 1.726167163407781444e-06 -3.883585515165056457e+00 1.222773277338123798e+09
7.983392590855679016e-04 -1.981896974042972381e+00 9.479929218876641244e+02 2.898398402671890661e-06 -3.311103128408321439e+00 1.222773277338749647e+09
8.064526965561892840e-04 -1.976374004766315196e+00 9.567961858462426790e+02 4.815424443754527983e-06 -3.008521867467226052e+00 1.222773277340711594e+09
7.966702548148100679e-04 -1.987917429406986347e+00 9.715845102895341370e+02 1.335921605646349361e-06 -3.982564506571384833e+00 1.222773277341038227e+09
7.903374941405477130e-04 -1.994937223392688974e+00 9.751628306464930347e+02 2.880123323241670115e-06 -3.418669623789547529e+00 1.222773277344543219e+09
7.954311577920629255e-04 -1.985725402753732105e+00 9.835542550452320256e+02 5.898686677813358951e-06 -2.704963941183399001e+00 1.222773277344771862e+09
8.033793736102667546e-04 -1.983772487461338052e+00 8.621070100977588027e+02 6.060047652680967119e-06 -2.821905002713654298e+00 1.222773277346896410e+09
8.293748132486313245e-04 -1.960095600178326736e+00 7.351577705047792506e+02 2.954758371788773958e-06 -3.501918623566504074e+00 1.222773277350717545e+09
7.950598315104701573e-04 -1.989949514935620556e+00 9.413528621816445821e+02 1.954367906263698850e-06 -3.673566951398698599e+00 1.222773277351441383e+09
8.184953910207289551e-04 -1.968067217845502093e+00 7.729405375211629234e+02 6.432398426677879232e-06 -2.844389764620986583e+00 1.222773277351474047e+09
7.988097983330047806e-04 -1.985838296712603146e+00 9.697216638668883206e+02 3.739362578463310216e-06 -3.093325880966680153e+00 1.222773277352885246e+09
7.996369625943780665e-04 -1.982753123707160059e+00 9.415561617883651024e+02 1.138548665302327038e-06 -4.311264260500966117e+00 1.222773277353337288e+09
8.124451172648252013e-04 -1.971425987361937970e+00 8.333829346049727747e+02 1.619809319637127134e-06 -4.000786290824602354e+00 1.222773277353582621e+09
8.079099396183482898e-04 -1.978852629955509812e+00 8.769283001241021793e+02 1.255884425347885806e-06 -4.106938824600822713e+00 1.222773277355287552e+09
8.079099396183482898e-04 -1.978852629955509812e+00 8.769283001241021793e+02 1.255884425347885806e-06 -4.106938824600822713e+00 1.222773277355287552e+09
8.004487647379763312e-04 -1.984392065827772278e+00 8.923760556014341319e+02 1.155194319791383313e-06 -4.149124022921879984e+00 1.222773277356314421e+09
8.185048338800631536e-04 -1.965451943628787390e+00 8.266292034675740297e+02 5.908208177112754426e-06 -2.926683732048605435e+00 1.222773277357756138e+09
8.136234777081070933e-04 -1.973388169094960398e+00 8.182079073688981907e+02 1.145322843492588230e-06 -4.193982112228976433e+00 1.222773277360800505e+09
8.127465297633515006e-04 -1.973055297851982415e+00 8.881270839333428739e+02 3.919065106613108429e-06 -3.221276000813931617e+00 1.222773277361846447e+09
8.055152017962584430e-04 -1.975747443138385240e+00 9.269497475557999451e+02 5.260118881838325480e-06 -2.812795800729279705e+00 1.222773277362404346e+09
8.055152017962584430e-04 -1.975747443138385240e+00 9.269497475557999451e+02 5.260118881838325480e-06 -2.812795800729279705e+00 1.222773277362404346e+09
7.959794154545269448e-04 -1.986907440048908402e+00 9.406194583496367159e+02 1.575994448857519434e-06 -3.832218929711370237e+00 1.222773277363323927e+09
8.245024581834432950e-04 -1.961175312015888794e+00 7.599757070624816606e+02 3.470136433753314629e-06 -3.303791630771494958e+00 1.222773277363648415e+09
7.964850637653149565e-04 -1.985333482642379188e+00 9.385209279824618989e+02 4.376209865966982364e-06 -2.996841282799650230e+00 1.222773277365045309e+09
8.214563303768163214e-04 -1.967787303934065868e+00 7.786180108363707859e+02 1.897335610214301485e-06 -3.806962344961878131e+00 1.222773277365800858e+09
8.065718769523813310e-04 -1.974963937934921532e+00 8.721647543764313468e+02 2.639882632882268688e-06 -3.599898139132775121e+00 1.222773277365970135e+09
8.039632358205079645e-04 -1.980798134230456142e+00 9.049881529600256727e+02 6.431956585561466752e-06 -2.990963304641768516e+00 1.222773277367721796e+09
8.225140792776346882e-04 -1.964672231626504839e+00 7.877380642519279945e+02 6.459235141453655836e-06 -2.717722635933107256e+00 1.222773277368520260e+09
8.060956831584687593e-04 -1.983002600898353895e+00 8.490023425042772942e+02 5.755050151770740986e-06 -2.889694532925456194e+00 1.222773277368628025e+09
8.027056029042087823e-04 -1.986405955702237547e+00 8.928724665175682276e+02 2.683034724298856671e-06 -3.676142001544679516e+00 1.222773277369441032e+09
8.001789063606412926e-04 -1.986150004560151450e+00 9.171639930238748093e+02 3.010914103892393958e-06 -3.645848843169313014e+00 1.222773277369459629e+09
8.116236736736607248e-04 -1.969619276100599947e+00 8.763266628885666023e+02 3.590667266990716668e-06 -3.239637090871122282e+00 1.222773277370297909e+09
8.203924471888624122e-04 -1.969578097160875174e+00 7.627312429257726762e+02 2.555996320884520464e-06 -3.484650820252696235e+00 1.222773277379510164e+09
8.006312703197422838e-04 -1.988057360864122103e+00 9.247686504182368026e+02 4.323387181277451526e-06 -3.291937947279702570e+00 1.222773277379573345e+09
8.006312703197422838e-04 -1.988057360864122103e+00 9.247686504182368026e+02 4.323387181277451526e-06 -3.291937947279702570e+00 1.222773277379573345e+09
8.107092545542394016e-04 -1.970873352291140357e+00 8.638927166524382528e+02 2.334831613927373895e-06 -3.654149623940239344e+00 1.222773277379968405e+09
8.057675397060700762e-04 -1.983421936914470329e+00 8.508368720285939162e+02 1.739455563537623549e-06 -3.929185797957817528e+00 1.222773277379986763e+09
7.999726044023330093e-04 -1.986608936686715232e+00 9.290155913966034404e+02 4.215041645427914760e-06 -3.030390563463406295e+00 1.222773277380196571e+09
8.019088098248974015e-04 -1.983310179566748710e+00 8.651259442616916431e+02 1.649060205000388550e-06 -3.957441220506785484e+00 1.222773277381092787e+09
7.935314175638256279e-04 -1.992818514798984086e+00 9.868838366860899214e+02 2.768951075433245240e-06 -3.430514556410171778e+00 1.222773277381181002e+09
8.114538416065666211e-04 -1.973349865290457306e+00 8.284455681608849318e+02 7.591381620461638561e-06 -2.639284265498226922e+00 1.222773277382476807e+09
8.005602256032293140e-04 -1.986398563777900250e+00 8.910449785594494188e+02 5.011302147477010886e-06 -2.931088684271767164e+00 1.222773277383703470e+09
8.005602256032293140e-04 -1.986398563777900250e+00 8.910449785594494188e+02 5.011302147477010886e-06 -2.931088684271767164e+00 1.222773277383703470e+09
8.214237967576127394e-04 -1.966206097021611310e+00 7.728868717648207394e+02 2.165166102512531695e-06 -3.603888949430195332e+00 1.222773277383876801e+09
8.214237967576127394e-04 -1.966206097021611310e+00 7.728868717648207394e+02 2.165166102512531695e-06 -3.603888949430195332e+00 1.222773277383876801e+09
8.097783626794709125e-04 -1.980816654732934001e+00 8.211940206448417712e+02 2.785711774141491353e-06 -3.523941243440442683e+00 1.222773277384522438e+09
8.079215209254757887e-04 -1.975236812104132600e+00 8.406354924211242405e+02 3.459095261221263759e-06 -3.233026117231059260e+00 1.222773277384634733e+09
8.087120776033563090e-04 -1.971983618347314504e+00 9.147264651480962812e+02 5.299874707837064757e-06 -2.978775153174627377e+00 1.222773277385170937e+09
8.135256661250977366e-04 -1.971901471375473225e+00 8.684107812247411857e+02 2.510336862105027020e-06 -3.528854507725084133e+00 1.222773277385232687e+09
8.018629329075682276e-04 -1.982438987608975189e+00 9.047880220011793426e+02 8.784918850471810411e-07 -4.432018815202077633e+00 1.222773277385842085e+09
8.019550245495035180e-04 -1.977157598125662830e+00 9.506884355853857187e+02 2.498820901388769082e-06 -3.548239761267847570e+00 1.222773277385842562e+09
7.996330695650565208e-04 -1.986607392459176058e+00 9.216370046450678046e+02 5.677751107640088261e-06 -3.099375362694702041e+00 1.222773277386112213e+09
8.192528168940872279e-04 -1.969113398970468776e+00 8.171785367017394037e+02 6.425396251663111161e-06 -2.797715912164988161e+00 1.222773277386184692e+09
7.956208748179170297e-04 -1.984609109001586047e+00 9.653120268279485572e+02 1.734522853710866547e-06 -3.950853427456838318e+00 1.222773277386963129e+09
8.004239043530550924e-04 -1.987808326238906353e+00 9.276741364032363890e+02 6.208727035661431380e-06 -2.881621051706849457e+00 1.222773277386999607e+09
8.004239043530550924e-04 -1.987808326238906353e+00 9.276741364032363890e+02 6.208727035661431380e-06 -2.881621051706849457e+00 1.222773277386999607e+09
8.075218938356792551e-04 -1.976676939525558119e+00 8.482873777727485276e+02 5.080244186394092308e-06 -3.127715692624010835e+00 1.222773277388067007e+09
8.206177365771337526e-04 -1.967599882957254298e+00 7.852715165129254729e+02 3.620242975502989991e-06 -3.452464520315938756e+00 1.222773277389036655e+09
8.177677236447910680e-04 -1.970315009480936297e+00 7.802555023535860528e+02 1.514714712524709894e-06 -4.058089778401217984e+00 1.222773277389333248e+09
8.007657001795217243e-04 -1.978033193009713919e+00 9.771408500816609148e+02 3.444879798792589086e-06 -3.238541073846851859e+00 1.222773277389396429e+09
8.043239334049201049e-04 -1.980506299839480233e+00 9.401260270336107396e+02 8.741412807428473568e-06 -2.591139150959327786e+00 1.222773277390162706e+09
8.043239334049201049e-04 -1.980506299839480233e+00 9.401260270336107396e+02 8.741412807428473568e-06 -2.591139150959327786e+00 1.222773277390162706e+09
7.906964303030088485e-04 -1.993983642474454365e+00 9.710905312460467940e+02 1.805133563731606893e-06 -3.812523138736629846e+00 1.222773277392282724e+09
8.082194224299601472e-04 -1.974858393813621049e+00 8.457656922072966381e+02 1.793706960316028968e-06 -3.788609578053683258e+00 1.222773277393197775e+09
8.082194224299601472e-04 -1.974858393813621049e+00 8.457656922072966381e+02 1.793706960316028968e-06 -3.788609578053683258e+00 1.222773277393197775e+09
8.192331397821528069e-04 -1.967803104031788930e+00 7.615926589459935485e+02 2.888279053542628872e-06 -3.554569811540972957e+00 1.222773277394423962e+09
8.270653881636615698e-04 -1.962169554034687069e+00 7.401297371867422044e+02 2.769106434038502868e-06 -3.598997132247240494e+00 1.222773277394556046e+09
8.270653881636615698e-04 -1.962169554034687069e+00 7.401297371867422044e+02 2.769106434038502868e-06 -3.598997132247240494e+00 1.222773277394556046e+09
8.118994457659126128e-04 -1.973912791951376811e+00 8.539102265528840690e+02 1.634167708706376269e-06 -4.047311164108961634e+00 1.222773277394907951e+09
8.189661211922033730e-04 -1.968686491320952969e+00 7.604231861961030745e+02 4.919753355142983594e-06 -3.117450001426876227e+00 1.222773277397866011e+09
7.968646508667813618e-04 -1.990911438751144846e+00 9.523341432200691088e+02 4.141624519614928958e-06 -3.346707243815282062e+00 1.222773277398446560e+09
8.075595126538505884e-04 -1.973504146968811046e+00 9.003367085562327929e+02 4.293133751192992815e-06 -3.003438603105966109e+00 1.222773277399195671e+09
8.059719962282384112e-04 -1.976698880429878846e+00 9.411547037849093158e+02 2.196269620089372097e-06 -3.793959553528261530e+00 1.222773277400639534e+09
8.135438355972432131e-04 -1.976862443213880827e+00 7.939588681930441680e+02 3.963008554164275592e-06 -3.359539965509537041e+00 1.222773277401676893e+09
8.092728954412430585e-04 -1.971967660972235192e+00 8.954052535977149319e+02 5.725430907960907049e-06 -2.962538570012597461e+00 1.222773277402911186e+09
8.043004205573512939e-04 -1.979998674400639924e+00 9.303948755578663850e+02 6.000273239124586667e-06 -2.705849675018948020e+00 1.222773277403280973e+09
7.992648057556582097e-04 -1.984075404686107102e+00 9.184179880601127479e+02 1.029636852725701952e-06 -4.343618472059127988e+00 1.222773277403285742e+09
8.035664801770430084e-04 -1.978201485155562711e+00 9.099428095766772913e+02 7.552724233331478554e-06 -2.692604625016240760e+00 1.222773277403414249e+09
8.070147919402101281e-04 -1.981421862756646002e+00 8.846132838969788281e+02 1.988467793302614437e-06 -3.787067685290876895e+00 1.222773277404900551e+09
8.072871117047528263e-04 -1.980621037427284126e+00 8.519301862359368442e+02 1.560097388033670991e-06 -3.901186672040811487e+00 1.222773277404956579e+09
8.185524253627614582e-04 -1.968290456973338376e+00 8.072370724792829151e+02 2.522482225148856502e-06 -3.468191792548410923e+00 1.222773277405807734e+09
8.200112168391013008e-04 -1.964164080958479053e+00 7.915046216611339105e+02 4.877719575577113483e-06 -2.988585736784498792e+00 1.222773277406926870e+09
8.129432757877366137e-04 -1.975288361193999531e+00 8.235548262808447362e+02 1.369325712878039280e-06 -4.139377336868427903e+00 1.222773277406961441e+09
8.030334612060800346e-04 -1.980134917482301526e+00 9.162389418479151573e+02 4.507514389555055648e-06 -3.295967325969073158e+00 1.222773277407210588e+09
7.922608725529939767e-04 -1.994513768371073414e+00 9.528739182616367316e+02 3.511774374046111617e-06 -3.348416398766982383e+00 1.222773277407265902e+09
7.960222290095153065e-04 -1.991422700828111347e+00 9.278013316064157152e+02 3.438101176318354990e-06 -3.297027195205125771e+00 1.222773277407601833e+09
8.174052074572592686e-04 -1.965757395239432714e+00 8.182804954778696356e+02 3.072629949486821313e-06 -3.409987023627930824e+00 1.222773277407785416e+09
8.137225181757814845e-04 -1.969607124524520136e+00 8.336290127970797812e+02 6.770361523296940829e-06 -2.691219954209849163e+00 1.222773277409270048e+09
8.019150876894311783e-04 -1.978246915401117079e+00 9.316612547840010166e+02 4.934548081844337866e-06 -3.106576750887494853e+00 1.222773277409594297e+09
8.192409536742308908e-04 -1.968984489086575529e+00 7.841716426314651471e+02 1.896982441248006744e-06 -3.921839624883503461e+00 1.222773277409743071e+09
8.002559285408231571e-04 -1.979342040303461614e+00 9.511126413124488863e+02 3.652348490000355423e-06 -3.140656329059710927e+00 1.222773277410083294e+09
8.056112047580058205e-04 -1.981721239732301632e+00 8.996201837664195864e+02 2.018041578974878426e-06 -3.702925017242117534e+00 1.222773277410673141e+09
8.056696420492489045e-04 -1.979105964663570028e+00 9.409470394752426046e+02 6.069746624880886553e-06 -2.777056025423256358e+00 1.222773277414367437e+09
8.310197892820008750e-04 -1.958198439962881565e+00 7.185167692113693647e+02 4.980376507817220148e-06 -3.007820567868158435e+00 1.222773277415654421e+09
7.982638865539577527e-04 -1.988795903598452153e+00 9.257944104820180655e+02 2.912314536199791620e-06 -3.654235290529883606e+00 1.222773277416014433e+09
8.256879542838609955e-04 -1.961258864875752739e+00 7.425028130182537325e+02 3.016046680251471732e-06 -3.439203532803018604e+00 1.222773277417575359e+09
8.098253990525680276e-04 -1.971954378911420447e+00 8.813642868190371473e+02 4.942254981357817373e-06 -2.890168822373618163e+00 1.222773277418133736e+09
8.141908292527609775e-04 -1.974114829686408612e+00 8.325283471088459919e+02 2.760949344333502242e-06 -3.675615003329211206e+00 1.222773277418210268e+09
8.270681162297656430e-04 -1.961995538079130519e+00 7.562592583934296044e+02 3.578229550991119329e-06 -3.380212686762984475e+00 1.222773277418432236e+09
8.160429520345212091e-04 -1.974295679926595160e+00 8.189676099004117305e+02 3.514163778188843305e-06 -3.419771553738947034e+00 1.222773277418641090e+09
7.949482175967727054e-04 -1.987584599882891379e+00 9.720964518315523719e+02 4.001756356585414994e-06 -3.012363876268460139e+00 1.222773277419138670e+09
7.949482175967727054e-04 -1.987584599882891379e+00 9.720964518315523719e+02 4.001756356585414994e-06 -3.012363876268460139e+00 1.222773277419138670e+09
8.010577262249227387e-04 -1.980818523157653610e+00 9.844644967508610307e+02 1.518626338713441866e-06 -3.950622676291441593e+00 1.222773277420861721e+09
8.068934585861122681e-04 -1.975219780037130279e+00 9.026410272801117571e+02 1.446785258393376240e-06 -3.955757137706549464e+00 1.222773277424586296e+09
8.038149307437614938e-04 -1.977847582547658467e+00 9.635818843777295797e+02 3.398841618795731926e-06 -3.212863034086980818e+00 1.222773277424630642e+09
8.258443399535560312e-04 -1.963204489439807077e+00 7.537861400952618851e+02 6.901914959935866047e-06 -2.712834377060548974e+00 1.222773277425748110e+09
8.028601224324543326e-04 -1.977913506476352890e+00 9.088113026299364492e+02 1.718900117909159499e-06 -3.893809513635153152e+00 1.222773277426259041e+09
8.186269263474988496e-04 -1.971589638263616440e+00 7.817640267260384235e+02 4.628904651597843360e-06 -2.999204967458532600e+00 1.222773277427209139e+09
8.071149011358103378e-04 -1.979140296150168066e+00 8.687430055708443888e+02 2.154628926161584015e-06 -3.888462547932876490e+00 1.222773277429543257e+09
8.103262660489299503e-04 -1.976488651589978662e+00 8.137899932629364912e+02 1.383884742246819178e-06 -4.088712749187963347e+00 1.222773277429934978e+09
8.249256813675680602e-04 -1.964188263214347252e+00 7.274713928950511672e+02 3.006939433680583944e-06 -3.393008033669003609e+00 1.222773277430278778e+09
8.010005394187579876e-04 -1.982880305263123422e+00 9.699456155173746765e+02 1.293628487939652706e-06 -4.167121536968064532e+00 1.222773277430439949e+09
7.998214134628142636e-04 -1.983040204724045630e+00 8.953192849038522354e+02 3.816838404540545515e-06 -3.318524865131983859e+00 1.222773277431104898e+09
8.192207115071773469e-04 -1.966533129004251812e+00 7.782833403946983708e+02 6.260536701334723352e-06 -2.773352663403358065e+00 1.222773277431209326e+09
8.003788534697958397e-04 -1.980426188169150281e+00 9.330852865837457557e+02 1.470816298210009328e-06 -4.060163171483486266e+00 1.222773277432366610e+09
8.265078142301539831e-04 -1.960995328713385000e+00 7.349412151865737997e+02 3.154777657031928068e-06 -3.370767797845112490e+00 1.222773277432908773e+09
8.063120843052532091e-04 -1.978193143754030991e+00 9.436295722223047733e+02 7.319623630213710369e-06 -2.733115797905700362e+00 1.222773277434015274e+09
7.921967199875819265e-04 -1.992454936976874702e+00 9.508842458063579670e+02 1.883649142584963091e-06 -3.797928305125810589e+00 1.222773277435078382e+09
7.921967199875819265e-04 -1.992454936976874702e+00 9.508842458063579670e+02 1.883649142584963091e-06 -3.797928305125810589e+00 1.222773277435078382e+09
8.043098238524735598e-04 -1.980949964998786506e+00 9.315009581482796648e+02 8.653114840499873787e-06 -2.554243931445150828e+00 1.222773277435714960e+09
8.014067299320540945e-04 -1.979950165873962220e+00 9.768069235360171660e+02 4.932364424331810867e-06 -2.866529452077903883e+00 1.222773277435894251e+09
8.043283085410285428e-04 -1.979422950911928325e+00 8.573091157054730047e+02 2.465607793671113047e-06 -3.668771979399484628e+00 1.222773277435907841e+09
8.043283085410285428e-04 -1.979422950911928325e+00 8.573091157054730047e+02 2.465607793671113047e-06 -3.668771979399484628e+00 1.222773277435907841e+09
8.192039702799840811e-04 -1.971753856940386296e+00 7.851924069101146415e+02 3.774731864161056126e-06 -3.230917411667963535e+00 1.222773277436139345e+09
8.066345401165542130e-04 -1.982996161045498695e+00 8.743981672126553804e+02 5.545189399463546459e-06 -3.018782414083028165e+00 1.222773277436938524e+09
8.130836233535127227e-04 -1.975389229496576249e+00 7.817963964765815490e+02 3.972142734619424881e-06 -3.283245435463591377e+00 1.222773277438408852e+09
8.109224285358723142e-04 -1.978196309762783489e+00 8.189931402147749395e+02 2.007788085184241468e-06 -3.897746315809535567e+00 1.222773277440695763e+09
8.192684797679153407e-04 -1.969438469520352175e+00 7.718691813120983625e+02 5.159380543986216910e-06 -2.867798110489527375e+00 1.222773277441732883e+09
8.123835152986049650e-04 -1.976608520778602607e+00 8.398566476238232781e+02 7.161851961642788426e-06 -2.711046814812740458e+00 1.222773277444317341e+09
8.123835152986049650e-04 -1.976608520778602607e+00 8.398566476238232781e+02 7.161851961642788426e-06 -2.711046814812740458e+00 1.222773277444317341e+09
8.004230036975038681e-04 -1.987253853309556950e+00 9.013641073720964414e+02 4.548203936775315316e-06 -3.272678645371726702e+00 1.222773277444817781e+09
8.104637707853619508e-04 -1.974470190431212746e+00 9.062883704554934639e+02 5.928432464002116616e-06 -2.839010001582741971e+00 1.222773277447164536e+09
8.263580089986719435e-04 -1.963896639947795286e+00 7.158987652342929096e+02 3.991414968586337912e-06 -3.227635517245903252e+00 1.222773277447430372e+09
8.192179366430167413e-04 -1.967347942652795556e+00 7.964227109493864418e+02 6.648851867171853647e-06 -2.661895752602884357e+00 1.222773277447972059e+09
8.029141989593598962e-04 -1.982280537995981140e+00 9.044226161987480737e+02 9.892785796002237546e-07 -4.281755207344295933e+00 1.222773277448558807e+09
7.987113663748750085e-04 -1.986287080265748184e+00 9.730508286971072494e+02 2.456684218181593965e-06 -3.482719366533390648e+00 1.222773277448642492e+09
8.162343281366747248e-04 -1.969568379371826605e+00 7.989147819624289468e+02 2.322404150880163380e-06 -3.512776195996181627e+00 1.222773277448909521e+09
8.038012973638657740e-04 -1.981284984718509445e+00 8.663444322075715718e+02 1.392385195663031110e-06 -3.977649595245984493e+00 1.222773277449352980e+09
7.982163651937804107e-04 -1.984704784765943142e+00 9.026199140262004903e+02 2.713062117493269663e-06 -3.468696555291720607e+00 1.222773277449477911e+09
7.967384958188123995e-04 -1.985393389470952785e+00 9.857272150927511802e+02 2.245516772028302544e-06 -3.489831860226592752e+00 1.222773277449537516e+09
7.992404753486536664e-04 -1.980917717941606426e+00 9.296075620183498813e+02 3.313050252160521689e-06 -3.288038419492927744e+00 1.222773277449892521e+09
8.274302099353451337e-04 -1.960477100699311581e+00 7.418292549128215114e+02 2.916721541822668957e-06 -3.503135547407342898e+00 1.222773277450000525e+09
8.274302099353451337e-04 -1.960477100699311581e+00 7.418292549128215114e+02 2.916721541822668957e-06 -3.503135547407342898e+00 1.222773277450000525e+09
8.121010507648507336e-04 -1.977616340123739214e+00 8.300618250521229129e+02 1.973221596633993152e-06 -3.809951822260877918e+00 1.222773277450122118e+09
8.042297002235137757e-04 -1.981222125492472452e+00 8.924475443958167489e+02 4.749823020928359017e-06 -2.881288468496286725e+00 1.222773277452241659e+09
8.203219816695666482e-04 -1.968652059874639093e+00 8.056873825406801188e+02 3.191009035924216579e-06 -3.414272653619283560e+00 1.222773277453391314e+09
7.963526482074647630e-04 -1.987981987194157529e+00 9.089529339316871983e+02 3.294849445598096626e-06 -3.334785059679973962e+00 1.222773277453804016e+09
8.208523009973817033e-04 -1.966952181411976808e+00 8.033072978195143605e+02 5.118922381664427893e-06 -2.925070485311748847e+00 1.222773277454423904e+09
8.095064908522069547e-04 -1.975858724924679732e+00 8.722107821651269433e+02 1.182962378428971839e-06 -4.212422435075014349e+00 1.222773277454683781e+09
8.095064908522069547e-04 -1.975858724924679732e+00 8.722107821651269433e+02 1.182962378428971839e-06 -4.212422435075014349e+00 1.222773277454683781e+09
8.024013405981839922e-04 -1.984542114671439705e+00 8.568246072328971650e+02 4.155696768400029101e-06 -3.154093391824553727e+00 1.222773277454806089e+09
8.024013405981839922e-04 -1.984542114671439705e+00 8.568246072328971650e+02 4.155696768400029101e-06 -3.154093391824553727e+00 1.222773277454806089e+09
8.039710278058459546e-04 -1.977750962294419601e+00 8.856759126335241490e+02 5.515889335865888699e-06 -2.916672657884939568e+00 1.222773277455423117e+09
8.123298331057190493e-04 -1.976253005598672008e+00 8.408733769178544435e+02 2.350479741867457322e-06 -3.789248829224687753e+00 1.222773277456327438e+09
8.035326258539910588e-04 -1.984517614463142232e+00 8.516578000993202977e+02 3.735534533888564533e-06 -3.227030577998792005e+00 1.222773277458269358e+09
8.070867250121054092e-04 -1.979119982501797548e+00 9.308153157410044969e+02 3.493298271428839918e-06 -3.369464475393560754e+00 1.222773277458359241e+09
7.966527080244160215e-04 -1.988843655140395850e+00 9.421474571365425845e+02 1.494408377167367610e-06 -4.140751778188574761e+00 1.222773277462249517e+09
8.110878196549204831e-04 -1.974185460221165256e+00 8.790034205495400101e+02 2.847305292196102492e-06 -3.367673261751854774e+00 1.222773277463488817e+09
8.149587965471909038e-04 -1.976097715000912469e+00 7.818572778235095484e+02 3.186601532004614383e-06 -3.399367257832699885e+00 1.222773277464477301e+09
8.024323947878879860e-04 -1.983437561655426729e+00 8.903270940070594861e+02 1.859072540939384353e-06 -3.988792748975512836e+00 1.222773277465801239e+09
7.998361406967032612e-04 -1.988119630473202282e+00 8.836430980399236432e+02 4.520026438747618708e-06 -3.161978259954777215e+00 1.222773277466071606e+09
8.044190539247542127e-04 -1.982659867180549984e+00 8.400216806660071143e+02 2.342835475287238061e-06 -3.710022370376002243e+00 1.222773277467061758e+09
8.005974804637830226e-04 -1.982798859071939201e+00 9.820312631408124844e+02 4.637667010224663686e-06 -2.939424131083801406e+00 1.222773277468308926e+09
8.033713048879016988e-04 -1.980130833822014269e+00 9.705991719843187866e+02 2.269081189248719643e-06 -3.643737032523537422e+00 1.222773277468471050e+09
8.008553505848938544e-04 -1.980857598827035826e+00 9.140245103067500168e+02 1.396786615245696258e-06 -4.094474518648786976e+00 1.222773277469213486e+09
7.886772613831678205e-04 -1.995053690237717836e+00 9.869364315727282246e+02 2.045930635429098452e-06 -3.765380227835617433e+00 1.222773277469742060e+09
8.092114772856685628e-04 -1.973524533200289754e+00 9.008641360817019859e+02 3.974899385965774728e-06 -3.064796657522288470e+00 1.222773277471317053e+09
8.066369459776699018e-04 -1.979657279642999868e+00 8.798683540743979847e+02 1.858236892063498722e-06 -3.990445742003795537e+00 1.222773277471786022e+09
7.973645946775079251e-04 -1.985521431018373084e+00 9.333670152204831538e+02 1.016434061198648408e-06 -4.297907956852670353e+00 1.222773277472084284e+09
8.057958208750591080e-04 -1.982572471887325882e+00 8.318113364695618657e+02 2.402204580542347726e-06 -3.701505539874428763e+00 1.222773277474311113e+09
8.162064400105179147e-04 -1.970328191043592136e+00 8.049602227768360763e+02 5.230240442214683336e-06 -3.140531659336944337e+00 1.222773277475129128e+09
8.162934482184210907e-04 -1.967889981448537107e+00 7.986059695617165062e+02 2.437713518993457930e-06 -3.569641220807788784e+00 1.222773277475259066e+09
7.920258054772048124e-04 -1.992487185968341956e+00 9.728853028095192030e+02 1.703323396586869973e-06 -3.815795652057392573e+00 1.222773277475764513e+09
8.190955000534136518e-04 -1.972345915500499647e+00 7.783666024609781289e+02 5.463221638164615334e-06 -3.019211657495824319e+00 1.222773277475766420e+09
8.055976493436237031e-04 -1.981636854677943038e+00 8.943832105701446835e+02 1.535947382893480970e-06 -4.082553083039766051e+00 1.222773277476041555e+09
7.950022938439633242e-04 -1.988006518903100428e+00 9.725530907502429727e+02 1.166499376821452164e-06 -4.087472908665871429e+00 1.222773277477107286e+09
8.264675063678133485e-04 -1.962097470861500881e+00 7.452875861927382175e+02 5.538586085663080293e-06 -3.030756216653429647e+00 1.222773277478158474e+09
8.131748245624326058e-04 -1.977286116967980512e+00 7.896376082323423589e+02 2.868689524473467133e-06 -3.577954955117646385e+00 1.222773277478888750e+09
8.045969729402630563e-04 -1.977030519873184122e+00 9.309586940852955195e+02 4.372597529432192740e-06 -3.281953943005872176e+00 1.222773277479031324e+09
8.102225709378848423e-04 -1.977365970822930530e+00 8.239712264878842234e+02 1.370124172083164907e-06 -4.026216672208299485e+00 1.222773277479901791e+09
8.277476107907618145e-04 -1.960295833062467796e+00 7.486907990567268598e+02 3.243773138383364507e-06 -3.373704548917217494e+00 1.222773277480005980e+09
7.971620083291096684e-04 -1.983157825881647796e+00 9.767977592216246876e+02 1.624408488984622590e-06 -3.803829229994440730e+00 1.222773277480052471e+09
8.110165475722844056e-04 -1.976134584495666147e+00 8.357722948446646569e+02 1.822523338493149440e-06 -3.988146576558230905e+00 1.222773277480405092e+09
8.083259466964871909e-04 -1.980465969645362367e+00 8.144591218273432105e+02 2.712246198310563919e-06 -3.617324117650709603e+00 1.222773277481056213e+09
8.031950665532649981e-04 -1.982519827413494751e+00 8.539349833429344017e+02 3.158403709454138323e-06 -3.332309619112141519e+00 1.222773277481294870e+09
8.031793507243096229e-04 -1.976831049662961526e+00 9.296248179152017883e+02 3.591289472415123816e-06 -3.368194594729681413e+00 1.222773277481756210e+09
8.031793507243096229e-04 -1.976831049662961526e+00 9.296248179152017883e+02 3.591289472415123816e-06 -3.368194594729681413e+00 1.222773277481756210e+09
8.218364860452364445e-04 -1.964793274676979395e+00 7.848620744406542826e+02 7.466761160290202758e-06 -2.691794375829461572e+00 1.222773277481898785e+09
8.128591652957280374e-04 -1.974370075451731932e+00 8.321554247128638053e+02 3.371355368695846368e-06 -3.536032101983210829e+00 1.222773277481916428e+09
8.019668801687438635e-04 -1.981338057547366471e+00 8.972678741419917969e+02 4.290594080774582584e-06 -3.298434545099572013e+00 1.222773277482833862e+09
8.072771503981729900e-04 -1.979365131774415865e+00 9.041481854997649634e+02 2.188008100054888376e-06 -3.827804104004207453e+00 1.222773277483410835e+09
8.018217270922135646e-04 -1.984490462781793418e+00 8.971894918060024793e+02 3.743155106490679831e-06 -3.112100581535516497e+00 1.222773277485075712e+09
8.041596777829450402e-04 -1.978272282115895120e+00 9.198071458406257079e+02 2.086738121614092081e-06 -3.572296902037008337e+00 1.222773277486289740e+09
8.242309693732443416e-04 -1.962115593401732028e+00 7.729342005931623589e+02 3.010846360812952228e-06 -3.406251186286932686e+00 1.222773277487728834e+09
7.923890302954844428e-04 -1.989988067948226025e+00 9.948530727454414091e+02 8.857702067355886928e-07 -4.411858944231997093e+00 1.222773277490257978e+09
8.180545193288558774e-04 -1.966944889091163162e+00 7.821861802275284390e+02 4.009233250549149881e-06 -3.124880786816736311e+00 1.222773277490372181e+09
8.117277370891020369e-04 -1.974611355730061746e+00 8.562588220442955844e+02 5.619794099163176502e-06 -2.774491583253083427e+00 1.222773277490749359e+09
8.055861869144186841e-04 -1.977181459696099264e+00 8.589953023436058857e+02 2.582052847635639749e-06 -3.606219202933536039e+00 1.222773277490938425e+09
8.217211286540263178e-04 -1.966370070937982550e+00 7.533647638392034196e+02 2.055425585247683235e-06 -3.800089017180402706e+00 1.222773277491785526e+09
8.247714618620915084e-04 -1.962677849080996850e+00 7.603653515494878548e+02 2.357459255872661609e-06 -3.662365441598883109e+00 1.222773277492648840e+09
7.940263469436895745e-04 -1.985598433711810884e+00 9.871933924782775875e+02 2.519888081669727850e-06 -3.460253742310727354e+00 1.222773277492910862e+09
8.146481699430928661e-04 -1.971290547763195899e+00 7.955442824905525185e+02 3.845375159236806538e-06 -3.102358594626981159e+00 1.222773277494155645e+09
7.956409555643195308e-04 -1.986001508233193213e+00 9.471911185954273833e+02 1.674884222650363745e-06 -3.983393492598148455e+00 1.222773277494211912e+09
8.037279619537924039e-04 -1.983480858298065641e+00 9.150923497200882366e+02 6.700860327420500459e-06 -2.728910950796125334e+00 1.222773277494452000e+09
8.019447897971079950e-04 -1.984598721348969308e+00 8.992859447299246085e+02 4.508768467582673115e-06 -2.969815666858436565e+00 1.222773277495991230e+09
8.106290582584782219e-04 -1.973641105956727149e+00 8.975494880020861501e+02 5.225444658807988944e-06 -3.122237194462790910e+00 1.222773277496562243e+09
8.072448755054513784e-04 -1.974608158233454480e+00 8.808691521724595077e+02 5.067992833423064324e-06 -3.099159797414500872e+00 1.222773277501473665e+09
8.088834893286342941e-04 -1.977252279047086780e+00 8.152560147601360541e+02 2.279397475631925954e-06 -3.616440051803175848e+00 1.222773277502620459e+09
8.080882893228472476e-04 -1.974139261066364393e+00 8.733549174994117266e+02 2.352775697634842707e-06 -3.503890763238034722e+00 1.222773277502629995e+09
8.204544476599503165e-04 -1.964448993521931364e+00 8.146682725441014554e+02 3.852043208262661276e-06 -3.220529432390753399e+00 1.222773277502911329e+09
8.132178533527956296e-04 -1.976071978704432741e+00 8.107199902827861706e+02 7.210543165004511746e-06 -2.757426017901328130e+00 1.222773277503043652e+09
7.999323377994037353e-04 -1.986357026233340761e+00 9.755379253647024598e+02 2.658746477409027115e-06 -3.539060705862195455e+00 1.222773277504433870e+09
8.007999518965234521e-04 -1.986100536300818842e+00 9.115282002762503453e+02 2.156870891235669149e-06 -3.881702581319277812e+00 1.222773277505357981e+09
7.917647114840029293e-04 -1.992297953864592408e+00 9.770064500825892537e+02 5.094917347918001234e-06 -2.923503944258934339e+00 1.222773277506469727e+09
8.142702408960071029e-04 -1.969782385619968323e+00 8.648158639250124224e+02 2.882251493145351734e-06 -3.417990848338099852e+00 1.222773277508605242e+09
7.962255488975860350e-04 -1.983945977071029709e+00 9.552156166169686458e+02 3.115625332664461627e-06 -3.308784085715672951e+00 1.222773277509457350e+09
8.059872284421626268e-04 -1.978526255274991819e+00 8.427624393011448092e+02 4.733386473347324827e-06 -3.034907271436234844e+00 1.222773277509904623e+09
7.946300336882378005e-04 -1.986174758468177037e+00 9.998877417410999442e+02 7.887061474317380762e-06 -2.622378886512347407e+00 1.222773277510214567e+09
8.161934764265739699e-04 -1.969889181561529146e+00 8.146320094533749625e+02 1.843098472808947748e-06 -3.737805106170394964e+00 1.222773277510921240e+09
8.062538672120975365e-04 -1.977720634512216691e+00 8.903941729509098195e+02 2.609005851889805224e-06 -3.371751130591993828e+00 1.222773277512747288e+09
8.071685747834617466e-04 -1.976373765213324640e+00 8.397369157362541046e+02 2.727223163174622378e-06 -3.499554456162201177e+00 1.222773277513380527e+09
8.071685747834617466e-04 -1.976373765213324640e+00 8.397369157362541046e+02 2.727223163174622378e-06 -3.499554456162201177e+00 1.222773277513380527e+09
8.176293214025603289e-04 -1.967965542249269673e+00 7.836201007237906424e+02 2.404539236831642403e-06 -3.535087156663142771e+00 1.222773277513658047e+09
8.174053552132194049e-04 -1.967372668388004620e+00 8.266514708483641698e+02 2.395430393653316088e-06 -3.565046089194661150e+00 1.222773277515286207e+09
8.018880103969982078e-04 -1.983464150176173391e+00 9.554257554589307802e+02 6.980812887678458981e-06 -2.673841131367845847e+00 1.222773277515755415e+09
8.242468552698948864e-04 -1.964938708830868297e+00 7.561086113968666496e+02 6.017626946492185341e-06 -2.786635245430155727e+00 1.222773277517799377e+09
8.242468552698948864e-04 -1.964938708830868297e+00 7.561086113968666496e+02 6.017626946492185341e-06 -2.786635245430155727e+00 1.222773277517799377e+09
8.071018441266592609e-04 -1.982308091815475404e+00 8.705656798231379980e+02 2.429841148594953600e-06 -3.664542883724508648e+00 1.222773277517855406e+09
8.272440098915086019e-04 -1.961465753945819124e+00 7.571551372771152728e+02 4.943802183802527271e-06 -3.010734963953863641e+00 1.222773277517977238e+09
8.080549275199767293e-04 -1.973252481886039078e+00 9.266632680579417638e+02 3.433561048253662001e-06 -3.285635545952708014e+00 1.222773277518689871e+09
8.121472953875055138e-04 -1.969957076607207203e+00 8.442922564057829504e+02 4.727481908236511150e-06 -3.044551274716442713e+00 1.222773277518730402e+09
8.033105755614808590e-04 -1.977883159685662529e+00 9.771908475196788686e+02 6.824786880877221328e-06 -2.800971719589165687e+00 1.222773277518821716e+09
8.242272550657753260e-04 -1.964254150171219404e+00 7.393740420781572311e+02 5.653380231632692869e-06 -2.877156907053720403e+00 1.222773277519106865e+09
7.950211017557635680e-04 -1.990575740822678075e+00 9.565788486864450988e+02 2.704076275263133847e-06 -3.411387672582522512e+00 1.222773277520272493e+09
8.144468730510966148e-04 -1.970294455924298527e+00 8.027094412190962203e+02 2.605318417231895665e-06 -3.455392264063101848e+00 1.222773277520293713e+09
8.059442637279121829e-04 -1.981799311560552113e+00 8.658602277681475243e+02 1.532964352542066405e-06 -3.937526992981974061e+00 1.222773277520455837e+09
8.266985994252430085e-04 -1.964178959493410481e+00 7.185693129493606648e+02 3.255767380879874600e-06 -3.430735742466961113e+00 1.222773277520856380e+09
8.055207452524589190e-04 -1.977985420273732586e+00 9.579428565088322785e+02 3.261989167521076509e-06 -3.354796754781667723e+00 1.222773277522525072e+09
8.070300636467170503e-04 -1.977143257525608933e+00 8.591874057939376144e+02 7.231363904706419817e-06 -2.739702820513599590e+00 1.222773277524850130e+09
7.910073494216077888e-04 -1.991536125655930745e+00 9.766470056193185201e+02 1.473236602346733715e-06 -4.001052795204767421e+00 1.222773277526452541e+09
8.285881391984476927e-04 -1.960600935549460466e+00 7.425351266694531205e+02 5.707936172510657047e-06 -2.942663223116539939e+00 1.222773277526545286e+09
7.992869193953297969e-04 -1.979850165344078539e+00 9.998273974231785814e+02 4.815713016913165153e-06 -2.945437181812049054e+00 1.222773277526649237e+09
7.955457861167114812e-04 -1.988058672370035529e+00 9.192830468432015323e+02 2.917197177934735612e-06 -3.503404180530437451e+00 1.222773277527300596e+09
8.044170091690305315e-04 -1.979829388189224604e+00 9.063190990136981782e+02 4.858035896177801208e-06 -2.853130957968993187e+00 1.222773277527489185e+09
8.301866552370971205e-04 -1.960153671155439259e+00 7.173957914248908310e+02 3.484486059313354532e-06 -3.367908355254299657e+00 1.222773277528541327e+09
8.097878060506033971e-04 -1.978610331727019389e+00 8.442290892201846191e+02 3.197147469015306721e-06 -3.281209060340934514e+00 1.222773277528616428e+09
8.134490155715853052e-04 -1.973805943418031283e+00 8.110718613368867409e+02 7.737633584516178596e-06 -2.688935062002143717e+00 1.222773277529972315e+09
7.986543398382621190e-04 -1.982718229020274947e+00 9.204409536410618102e+02 2.966781513699600381e-06 -3.516070577664178742e+00 1.222773277530560970e+09
8.255526269924872394e-04 -1.962561101992811086e+00 7.672589064422372758e+02 5.682917196649266379e-06 -2.872200527862531771e+00 1.222773277530984402e+09
8.015803273913271352e-04 -1.983692988216124053e+00 9.802143890527928534e+02 5.509123648159317295e-06 -3.071144121567833452e+00 1.222773277532537460e+09
8.097149921810920664e-04 -1.972098899233864167e+00 9.050039965853170543e+02 4.376357167008698487e-06 -3.211409799844124002e+00 1.222773277533383846e+09
8.116433157853135015e-04 -1.974389994265403736e+00 8.150698442642964210e+02 2.112508810464263503e-06 -3.604720135344182452e+00 1.222773277534640074e+09
7.995148563427673973e-04 -1.987588531480410481e+00 8.894168950671692073e+02 2.363582271325213508e-06 -3.757137863506221365e+00 1.222773277535164118e+09
8.073080557808065853e-04 -1.976237936464387390e+00 8.861630394990896775e+02 8.423496467786412392e-06 -2.544332513952105579e+00 1.222773277536394596e+09
7.908443445649688619e-04 -1.994819117513103812e+00 9.929063512892065546e+02 5.269102505885171626e-06 -3.100132958602663358e+00 1.222773277537807703e+09
8.019180910430011430e-04 -1.978208404797150433e+00 9.756426757431795522e+02 3.213262562734683918e-06 -3.273033720173297745e+00 1.222773277538066149e+09
8.001662578955570648e-04 -1.980867847990662955e+00 9.815827445293733717e+02 3.073284898077163359e-06 -3.260838062322520159e+00 1.222773277539314508e+09
8.052132881767448810e-04 -1.981822074506145892e+00 8.710554023739853164e+02 2.989702335381590080e-06 -3.308210391386113614e+00 1.222773277539509773e+09
8.038898685931746132e-04 -1.978727146682159876e+00 9.758798068256731995e+02 2.841836734923557397e-06 -3.484498248431030731e+00 1.222773277541465998e+09
8.162758702364134077e-04 -1.973289359274681853e+00 7.679560175525617751e+02 4.917805388451857575e-06 -3.095120932702037919e+00 1.222773277541471958e+09
8.040766792910856520e-04 -1.981072279050468676e+00 8.745859239883534428e+02 5.312694472227574285e-06 -2.827419606308853695e+00 1.222773277541854858e+09
8.097982672106240985e-04 -1.972291820005957153e+00 8.905055794321021949e+02 6.881665417672752448e-06 -2.785371124133771303e+00 1.222773277542329073e+09
8.045333244863860740e-04 -1.979083844598720665e+00 8.582715684743438942e+02 2.897886148636691764e-06 -3.386848634130195101e+00 1.222773277542339325e+09
8.111690626491056691e-04 -1.972824574784126650e+00 8.598741117287517000e+02 2.024548073775226634e-06 -3.632672083786507855e+00 1.222773277542385340e+09
8.166351044991219379e-04 -1.966492497986930266e+00 8.379292949618647981e+02 3.888237992137121991e-06 -3.200718511105892006e+00 1.222773277543237209e+09
8.003592530579118096e-04 -1.979670431239488382e+00 9.414835445374810661e+02 5.242344011096820381e-06 -2.890386539843556868e+00 1.222773277544015169e+09
8.201032434401692595e-04 -1.966680127376014386e+00 7.627927032962686553e+02 2.212883499430781462e-06 -3.668209703874161676e+00 1.222773277546398640e+09
7.934938944817967240e-04 -1.987245468183797215e+00 9.985487478716083842e+02 7.199671434449825531e-06 -2.700103500456052075e+00 1.222773277546695709e+09
8.131349102094289575e-04 -1.973058778418303794e+00 8.129630618617396749e+02 7.477656460189260646e-06 -2.683685369094439999e+00 1.222773277546698093e+09
8.200117456789394327e-04 -1.967661373671692804e+00 7.943715419580605612e+02 6.692630138546899468e-06 -2.892029169564016122e+00 1.222773277547308683e+09
8.119351830447334075e-04 -1.978566919484454623e+00 8.061281690242354898e+02 2.530520298506584042e-06 -3.650367306859560124e+00 1.222773277547359228e+09
8.149928134584597233e-04 -1.974549140089215449e+00 7.794007624531267311e+02 5.175730244601956957e-06 -2.967580735293676497e+00 1.222773277547425985e+09
8.094781976704301316e-04 -1.979640881714893386e+00 8.272910717702296779e+02 1.749055555004409166e-06 -3.952580427509960970e+00 1.222773277547952652e+09
8.148754048473963365e-04 -1.970867601896588939e+00 8.179832997973538795e+02 3.336837230520963509e-06 -3.189176647665288300e+00 1.222773277550404310e+09
7.945660692994211500e-04 -1.986238125438632318e+00 9.979375658812795109e+02 5.308445816079159505e-06 -3.115315232959709135e+00 1.222773277551525354e+09
8.175864372121718774e-04 -1.973096145778857391e+00 7.622050437387306374e+02 2.970656504445039128e-06 -3.448994479954289538e+00 1.222773277551742077e+09
7.973283444120779929e-04 -1.991079075682699928e+00 9.422514472305973641e+02 3.393491442287928811e-06 -3.414291321247549860e+00 1.222773277552607298e+09
8.083193366592073990e-04 -1.973643266900176663e+00 8.594596237604764610e+02 3.072218909610882998e-06 -3.461048957239634127e+00 1.222773277553233862e+09
8.040306459932464829e-04 -1.979955538295012474e+00 9.541249086394471988e+02 1.923840953101450741e-06 -3.785916543310892557e+00 1.222773277553303957e+09
8.104681770440301048e-04 -1.973620031482473891e+00 8.614145844935064815e+02 5.212065581362857071e-06 -2.810722039015049134e+00 1.222773277553480864e+09
8.277647050062484062e-04 -1.962596255970695314e+00 7.155094777113923783e+02 3.532896466424754176e-06 -3.300443660844186944e+00 1.222773277554070950e+09
7.991886233223585104e-04 -1.985270086194195649e+00 9.040243001560432958e+02 3.032996989388047390e-06 -3.299169284437227567e+00 1.222773277555210829e+09
8.004697489033162560e-04 -1.980379607434282097e+00 9.400811552209539741e+02 1.446577658944816020e-06 -4.069859121361995236e+00 1.222773277555373192e+09
7.987566673227392434e-04 -1.987965265682391625e+00 9.050654314251734149e+02 1.445967102143301768e-06 -4.081177711143639364e+00 1.222773277555890560e+09
7.933725380097089198e-04 -1.991325200406972362e+00 9.764110940580296756e+02 6.693410027836850974e-06 -2.738361560509387616e+00 1.222773277555894613e+09
8.108750081260233640e-04 -1.977977651286931371e+00 7.963131699581015255e+02 2.731267440802965267e-06 -3.522593311273483074e+00 1.222773277556411505e+09
8.058414826164161894e-04 -1.981468637749719486e+00 9.067461931490755660e+02 2.226822082332590305e-06 -3.810707266731318654e+00 1.222773277557763338e+09
7.937942824780350052e-04 -1.987101568680763375e+00 9.592311964068909447e+02 2.952963129815108185e-06 -3.409085906063573645e+00 1.222773277560433865e+09
8.152005377641875382e-04 -1.969485539856931755e+00 8.621897439424349159e+02 4.696205326918050812e-06 -3.163924087801159857e+00 1.222773277560601950e+09
8.075192942124330940e-04 -1.977264848283389220e+00 8.722033170098034134e+02 2.183764064597983489e-06 -3.536812007661835011e+00 1.222773277561261654e+09
8.051895972947352561e-04 -1.974629447595894760e+00 9.331723459132082326e+02 3.609342367730456606e-06 -3.284535871733444523e+00 1.222773277561470270e+09
8.053914412342262673e-04 -1.981178278187829545e+00 9.159986094324711985e+02 4.184851439912926261e-06 -3.074112288313479269e+00 1.222773277562076569e+09
7.982753183311785657e-04 -1.982564191105408824e+00 9.955502962586355125e+02 1.300582149297525223e-06 -4.059597838660359059e+00 1.222773277562168598e+09
8.035790398352647647e-04 -1.982495159188983225e+00 9.594695182799425766e+02 4.740594564904926967e-06 -3.168042024796443812e+00 1.222773277562409878e+09
8.072051057871906061e-04 -1.982199079441533840e+00 8.795699522328505964e+02 3.410816615270521407e-06 -3.394921859285682686e+00 1.222773277563150644e+09
8.061345971514298839e-04 -1.977882341458965243e+00 8.763435195344969770e+02 1.140455041745560300e-06 -4.154489434883786636e+00 1.222773277564252853e+09
8.114202080059146642e-04 -1.970970383991758279e+00 8.597592667572999972e+02 3.221476089925172126e-06 -3.262131552714346405e+00 1.222773277564536810e+09
8.197629254779669698e-04 -1.968049115734112231e+00 7.799375954900995112e+02 1.661276781638057035e-06 -3.900527309418616362e+00 1.222773277564839363e+09
8.031640050640679630e-04 -1.985932714236775976e+00 9.018114061296903401e+02 3.025007040272248634e-06 -3.496293061443051187e+00 1.222773277565047026e+09
8.006665005039575143e-04 -1.979644872730677019e+00 9.537677733813692385e+02 2.098740648439413568e-06 -3.818550766114739758e+00 1.222773277565391541e+09
8.056886315296451356e-04 -1.982478480994767533e+00 9.066779942256376899e+02 2.645292604091487779e-06 -3.596965537854150519e+00 1.222773277565883160e+09
8.046446611664608570e-04 -1.983861010937322700e+00 8.757669167804343715e+02 4.809249490905918894e-06 -2.997135426377361966e+00 1.222773277566415310e+09
8.239762632973434819e-04 -1.964182819108355904e+00 7.774351549594176731e+02 4.270005384783429067e-06 -3.257699357053575717e+00 1.222773277566938877e+09
8.166995183709130834e-04 -1.970328774347692935e+00 8.094673830291089871e+02 7.537567267459735181e-06 -2.600511645527559423e+00 1.222773277567767859e+09
8.145872404418962910e-04 -1.968858062854013991e+00 8.118633790398909014e+02 3.863065035014193543e-06 -3.224955380694801477e+00 1.222773277568953514e+09
7.969316827449123269e-04 -1.986513394779080510e+00 9.611632095290668758e+02 6.074040492133445512e-06 -2.707072701348772981e+00 1.222773277569903374e+09
8.219120278342399591e-04 -1.965865334073027437e+00 7.740857347558446691e+02 7.089848711140600333e-06 -2.795677682315823809e+00 1.222773277569914341e+09
8.041843520820691170e-04 -1.982212604550689816e+00 9.042314355079329289e+02 6.990153179148736543e-06 -2.653117193442390054e+00 1.222773277571710110e+09
8.155232712710577727e-04 -1.971166492250347346e+00 7.983231466536853986e+02 3.168544686382446308e-06 -3.248145904779269344e+00 1.222773277571963310e+09
8.243833939537750224e-04 -1.961993722171005539e+00 7.543317038821785445e+02 4.033481466281848421e-06 -3.166725840336694020e+00 1.222773277572311401e+09
8.080732315932449882e-04 -1.981226430863979093e+00 8.743120567828257208e+02 3.491962404819056483e-06 -3.341723942595475449e+00 1.222773277572434664e+09
8.023506474796509094e-04 -1.984761997286538238e+00 8.763569361655139573e+02 1.625242648472884344e-06 -3.895375235111257162e+00 1.222773277572725534e+09
7.977037301384063079e-04 -1.988528104928316331e+00 9.086282378979485657e+02 1.530732038986213143e-06 -4.034858302081332226e+00 1.222773277574104786e+09
8.150406010874871330e-04 -1.972067566601667377e+00 7.773251507301675929e+02 2.977112732315475587e-06 -3.496387972916529918e+00 1.222773277576662302e+09
8.123157059037038486e-04 -1.976566555380621093e+00 8.387317664671080593e+02 2.195626186009722359e-06 -3.673890713314088785e+00 1.222773277576995134e+09
8.090882206522074594e-04 -1.974525754758974294e+00 9.037464554976553472e+02 2.924585523649768315e-06 -3.354321597665891552e+00 1.222773277577688694e+09
8.221942486212325922e-04 -1.964284588550459176e+00 7.545441721967409876e+02 4.096490809995309969e-06 -3.185143749960230863e+00 1.222773277578527212e+09
7.911385106556386923e-04 -1.989754321459798136e+00 9.981782278785090057e+02 1.459926127775776516e-06 -3.951644796926759184e+00 1.222773277578864098e+09
8.123524338003468986e-04 -1.974984517030510922e+00 7.915724887075606375e+02 2.908453905551264876e-06 -3.415863416189386825e+00 1.222773277580915451e+09
7.985629719722203224e-04 -1.986731378169826367e+00 9.461777391887884505e+02 1.423133983113337146e-06 -3.959724887360213330e+00 1.222773277581492662e+09
8.021919100972779802e-04 -1.984835332451911905e+00 9.089600584155413117e+02 1.661637468351125089e-06 -4.046696672860212729e+00 1.222773277583423615e+09
8.041329724548291645e-04 -1.984077394676476258e+00 8.843683111417471991e+02 6.777573948754980015e-06 -2.804866471646873194e+00 1.222773277584146500e+09
8.066641795668177007e-04 -1.975745478047143733e+00 8.694283654389155345e+02 2.755979134883068132e-06 -3.599327057519809081e+00 1.222773277586044788e+09
8.153284271665945607e-04 -1.972817669695891230e+00 8.195083881506959642e+02 2.323142662335535377e-06 -3.787126595828934406e+00 1.222773277587234974e+09
7.995562796120326242e-04 -1.980365429166625058e+00 9.900626318635846701e+02 2.758979710322009375e-06 -3.383701429170354658e+00 1.222773277587819338e+09
7.924963883451685868e-04 -1.987841932570905135e+00 9.910651772017964731e+02 1.567766459848660344e-06 -3.896927882215768690e+00 1.222773277587945938e+09
8.032673243865660895e-04 -1.978155104169991185e+00 9.797723679154402134e+02 2.699967931519175943e-06 -3.515157393835257160e+00 1.222773277588234186e+09
8.125480138367482215e-04 -1.970752899816146986e+00 8.263092788536831677e+02 2.404008987250520446e-06 -3.640117427500237923e+00 1.222773277589146137e+09
7.993283007933188293e-04 -1.982981898069902327e+00 9.064596262721245239e+02 2.507375360596817191e-06 -3.653911099722269462e+00 1.222773277589195967e+09
8.023778135650787551e-04 -1.980231895284757515e+00 9.122592930436026109e+02 1.225552574964748166e-06 -4.214960716545498087e+00 1.222773277590292215e+09
8.239499260388901368e-04 -1.962229331000790111e+00 7.598277847513561483e+02 3.533173819514530914e-06 -3.317984495330950523e+00 1.222773277590994596e+09
7.991694147203991542e-04 -1.984340994068424902e+00 9.074252914487996122e+02 5.763668916184693713e-06 -2.853141604227594996e+00 1.222773277591480494e+09
8.020730072816438646e-04 -1.986046584676984805e+00 9.365217891624464528e+02 4.363776351017358162e-06 -3.229976110355980978e+00 1.222773277593563318e+09
8.099271278348585835e-04 -1.974943613871636749e+00 8.263591441600274266e+02 1.597482352466110680e-06 -3.915875320217102384e+00 1.222773277593583584e+09
8.134842300232546274e-04 -1.974107230136840307e+00 8.117277648211741052e+02 3.643008594990306602e-06 -3.137192141795821954e+00 1.222773277593743563e+09
7.934239247741999490e-04 -1.993318512737386028e+00 9.950511757932256387e+02 5.145524918022373614e-06 -3.130513439752248495e+00 1.222773277594533443e+09
8.163965361245504020e-04 -1.968188180232285811e+00 8.213243404712821985e+02 7.009692506171850824e-06 -2.777090113323983367e+00 1.222773277595255136e+09
8.030736200877199547e-04 -1.982571257990265901e+00 9.483400564925251501e+02 1.900558862220865450e-06 -3.889141448936120682e+00 1.222773277595883369e+09
8.226058756569512619e-04 -1.969203697690838029e+00 7.463031193080421417e+02 3.610157926260379009e-06 -3.328914839145805438e+00 1.222773277596809864e+09
8.078446606370477245e-04 -1.979160234027273368e+00 8.597082950557659160e+02 7.505806780622519050e-06 -2.785534370430704953e+00 1.222773277597473383e+09
8.021617059913321466e-04 -1.983720810202443730e+00 8.905320828356842640e+02 1.124757091015873295e-06 -4.216927048016640533e+00 1.222773277598411083e+09
8.242670521568190665e-04 -1.962990186399257597e+00 7.794809060014956685e+02 5.757344531061097110e-06 -2.946498230190211842e+00 1.222773277598898172e+09
7.989659280745086333e-04 -1.986944227200997837e+00 9.819273747546968707e+02 4.761600757362222166e-06 -3.233751635868760133e+00 1.222773277598904371e+09
8.166508731939628105e-04 -1.973433882759893176e+00 8.001029066138050894e+02 2.614201756640738404e-06 -3.669173091917578233e+00 1.222773277599736452e+09
8.085585351172194356e-04 -1.979058977077290393e+00 8.566079579152585666e+02 1.371969255837628678e-06 -4.071841289764539518e+00 1.222773277599886179e+09
7.947361952870789226e-04 -1.988283577266062530e+00 9.640331278176101932e+02 6.204520065427948042e-06 -2.743598205195142192e+00 1.222773277600855112e+09
8.173443945508937058e-04 -1.969983449895112759e+00 8.275927491471577468e+02 6.250047726185097023e-06 -2.777471561547796952e+00 1.222773277601913691e+09
7.979429552916714489e-04 -1.984044105713175021e+00 9.178338476335353562e+02 3.203428069400553591e-06 -3.317661659491644599e+00 1.222773277602786064e+09
8.248549208690254299e-04 -1.963776638504813210e+00 7.725873340636387638e+02 5.991967659582212409e-06 -2.889162855926947771e+00 1.222773277605332613e+09
8.040274587045436600e-04 -1.984157831956519624e+00 9.081156807844369041e+02 5.058188575721917576e-06 -2.992933289749118764e+00 1.222773277607009172e+09
8.035476112528567574e-04 -1.977231478864636571e+00 9.584353595632944689e+02 2.123512938713430233e-06 -3.680244034764196037e+00 1.222773277608444452e+09
8.011354478269115328e-04 -1.984064507698539037e+00 9.186646624064028401e+02 7.322812853921398566e-06 -2.824437136480590027e+00 1.222773277609649658e+09
8.124702552462182911e-04 -1.976306355424732208e+00 8.217538899495964415e+02 4.012984633698571792e-06 -3.097554939256401241e+00 1.222773277609992743e+09
7.990070162611277683e-04 -1.986882284260313103e+00 8.887412677532778389e+02 4.018309440438348518e-06 -3.177832113913182432e+00 1.222773277610552788e+09
7.972882755508099804e-04 -1.990137767010617509e+00 9.688237681117125248e+02 5.439594963319143403e-06 -3.014258718247289082e+00 1.222773277613071442e+09
8.054463761672392029e-04 -1.980244950242075141e+00 9.259601551816184610e+02 1.799379944799687794e-06 -3.901533535674937880e+00 1.222773277613114595e+09
8.012067984200378200e-04 -1.985608938558410586e+00 9.341885890275425481e+02 1.610912900501986772e-06 -3.958778026690389140e+00 1.222773277613148689e+09
8.080328442254229452e-04 -1.978643205866928101e+00 8.466205636002538313e+02 2.514883166787997266e-06 -3.447732330399814416e+00 1.222773277616147757e+09
7.933639803809944312e-04 -1.993539216670729752e+00 9.779383083626821644e+02 4.435784057782753343e-06 -3.261089573591567259e+00 1.222773277616347075e+09
8.020841938155156116e-04 -1.980560346269917282e+00 9.515929929304381858e+02 8.521737018279324682e-06 -2.609836590922360422e+00 1.222773277617988586e+09
8.223003734081863001e-04 -1.965547785010800297e+00 7.940451489532144933e+02 5.768774778610443438e-06 -2.977148125876115436e+00 1.222773277618527651e+09
7.980465538309568533e-04 -1.986382075843757811e+00 9.660788358329557468e+02 7.371820873683022905e-06 -2.606515109387441242e+00 1.222773277620775223e+09
8.082969144261062475e-04 -1.980607469290687428e+00 8.333649554281689689e+02 5.777744925638543396e-06 -2.895015108821178629e+00 1.222773277622382641e+09
8.035539729116464649e-04 -1.982782251281212771e+00 9.381888281785162462e+02 7.341831054683706304e-06 -2.752872673361699718e+00 1.222773277623395920e+09
8.036619159133471212e-04 -1.980214534995703879e+00 9.221238079339942715e+02 1.158261241796812257e-06 -4.160108205612096377e+00 1.222773277623967886e+09
8.010203803702713567e-04 -1.982473667166969822e+00 9.920942491856930019e+02 3.503068010569568428e-06 -3.246166962331465733e+00 1.222773277624299049e+09
8.131642167200437213e-04 -1.971115688320296933e+00 8.070226129131488051e+02 3.874478613268136062e-06 -3.232165402382351616e+00 1.222773277625601292e+09
8.130605973315323254e-04 -1.973417700118196727e+00 8.002521152492458896e+02 4.035291550845264537e-06 -3.085730549743839646e+00 1.222773277626478195e+09
8.095953997045533942e-04 -1.973243245457401596e+00 8.384880827864119510e+02 3.346440734988344734e-06 -3.327176093625505260e+00 1.222773277626580477e+09
7.992253272277229786e-04 -1.986650741265534759e+00 9.038562205241711354e+02 2.698849053453839680e-06 -3.420981553668097419e+00 1.222773277628631115e+09
8.027535469430630141e-04 -1.981058816892336871e+00 8.709855552453866494e+02 3.567327937580470133e-06 -3.378534916117544640e+00 1.222773277629510164e+09
8.018775765058169282e-04 -1.982634574120222259e+00 9.715976122408519586e+02 2.635231671183614290e-06 -3.686828826482628330e+00 1.222773277631016254e+09
8.181646262402434951e-04 -1.972052947480232632e+00 7.563780751153398114e+02 3.996290695335196334e-06 -3.229064637854854425e+00 1.222773277631870270e+09
7.976558861568300773e-04 -1.987949940635771462e+00 9.508180882228919018e+02 2.010401423278902144e-06 -3.935526926724731922e+00 1.222773277631993532e+09
7.949512943830354308e-04 -1.990084595604086015e+00 9.326151545032060994e+02 1.753195989219729622e-06 -3.955684487456882614e+00 1.222773277632599592e+09
7.985807579469663808e-04 -1.985082870169806668e+00 9.018002701837457380e+02 4.630213496936339850e-06 -3.095054285939483840e+00 1.222773277634021044e+09
8.032673788216087175e-04 -1.982162019668398001e+00 8.961565608676276042e+02 4.434389546304775411e-06 -2.956496944982065500e+00 1.222773277635190248e+09
8.121716334151010642e-04 -1.975033380976746411e+00 8.377108578856507393e+02 1.502913252983977046e-06 -3.960511207569910930e+00 1.222773277636807203e+09
8.011180311523254799e-04 -1.985288321595217731e+00 9.698106431131311638e+02 5.629527733229499097e-06 -2.975722980126326078e+00 1.222773277636836052e+09
8.146170297338054889e-04 -1.970843418704624650e+00 8.582674640668799384e+02 3.782549987202009687e-06 -3.176199068136952519e+00 1.222773277637110710e+09
8.005756157074621045e-04 -1.980508986127671012e+00 9.749470002166349332e+02 1.999995263617252587e-06 -3.876229665062008500e+00 1.222773277637550116e+09
8.149217658021802677e-04 -1.975572330258389186e+00 7.786492943993879408e+02 4.071174707497750362e-06 -3.259422449592986659e+00 1.222773277637607813e+09
8.181324361299744264e-04 -1.969518050917037577e+00 7.850526955020742434e+02 2.109478632115876094e-06 -3.637458494655821717e+00 1.222773277637818813e+09
7.980552018956728029e-04 -1.987754112392531525e+00 9.819677665081594569e+02 5.033605338484332655e-06 -2.949748746536379862e+00 1.222773277639100552e+09
8.101431730350150667e-04 -1.972851915338291295e+00 8.912677045277998786e+02 4.795837001316956939e-06 -2.928438239830176038e+00 1.222773277639300585e+09
8.063971654997853554e-04 -1.975617937210731423e+00 9.208216842590331908e+02 1.878607099549241068e-06 -3.760943785742226986e+00 1.222773277640093327e+09
7.931869143225816002e-04 -1.991501892893994485e+00 9.478539301520756908e+02 4.043960098118483439e-06 -3.294300462752770997e+00 1.222773277640661955e+09
7.951460074928025411e-04 -1.985052427247365969e+00 9.686327842156354109e+02 1.705169849751687527e-06 -3.891179679355539989e+00 1.222773277641497612e+09
8.210389692328788061e-04 -1.967156094807317235e+00 7.920751934091741759e+02 2.982617822429099370e-06 -3.394317467234373886e+00 1.222773277641510725e+09
8.041198681342431528e-04 -1.983564421765676933e+00 8.457609660395908122e+02 3.572938493236728665e-06 -3.292356582188697089e+00 1.222773277642643929e+09
7.971283954834375860e-04 -1.988632679037651840e+00 9.116639916987804781e+02 2.700930094806399033e-06 -3.462637253702839146e+00 1.222773277643733263e+09
8.242096891698504285e-04 -1.966196743265639757e+00 7.397556832497790538e+02 2.470374419380778315e-06 -3.617587798967074164e+00 1.222773277644770861e+09
8.020974582159522571e-04 -1.977846681683194330e+00 9.578986799854035326e+02 2.167562110694438472e-06 -3.655484009421831715e+00 1.222773277647176743e+09
8.140541941791085926e-04 -1.976539062595417118e+00 8.091546078124241603e+02 4.380708506518732702e-06 -3.251078530714655912e+00 1.222773277648337364e+09
7.963224892478838746e-04 -1.986929328994063937e+00 9.436832452118022729e+02 1.463163886260050651e-06 -3.919859329544116200e+00 1.222773277651895285e+09
8.060105381666522089e-04 -1.983508737330705651e+00 8.680438560716805796e+02 2.979061542235739041e-06 -3.479014379193928974e+00 1.222773277652548790e+09
8.135686642034296433e-04 -1.972883498145304948e+00 8.378493347623642649e+02 4.883226188113634362e-06 -2.894432562818380461e+00 1.222773277653609991e+09
8.258914071002765962e-04 -1.964666075817799396e+00 7.313697984910049854e+02 2.890411886138886740e-06 -3.465897802605191202e+00 1.222773277653661013e+09
8.105875565139426591e-04 -1.972918570767165480e+00 8.313288817583144237e+02 2.352071233968051129e-06 -3.583002107368002953e+00 1.222773277654298544e+09
8.153085849793363952e-04 -1.970238100666746428e+00 8.414004883986200412e+02 6.219499073667760799e-06 -2.958318371903125410e+00 1.222773277654481411e+09
8.089691131358809663e-04 -1.973832935900093677e+00 8.572530030956833116e+02 1.929333190635910207e-06 -3.721890647672349672e+00 1.222773277654702187e+09
7.938655508381131220e-04 -1.986569030710752859e+00 9.900751347980815353e+02 2.598299361662089104e-06 -3.679603636709175341e+00 1.222773277655526400e+09
8.205518125470768077e-04 -1.970055043680488671e+00 7.610312861626056247e+02 3.736548682652614660e-06 -3.213516267039485896e+00 1.222773277657507181e+09
8.098698721515638129e-04 -1.975530916808470927e+00 8.356202602518211506e+02 5.705654271007067738e-06 -3.029806396947818392e+00 1.222773277657696486e+09
8.073486941456122423e-04 -1.974740628011381505e+00 8.837160797661110792e+02 6.782636791963715360e-06 -2.753923561952746901e+00 1.222773277658111811e+09
7.951348751111838968e-04 -1.988532450839166632e+00 9.649314079622123472e+02 6.843963225717057370e-06 -2.856626984618939602e+00 1.222773277658437490e+09
8.168761169914507238e-04 -1.969235645800699430e+00 8.167666380689753396e+02 7.707791937585065138e-06 -2.620995169673854264e+00 1.222773277659360886e+09
8.133102296095516721e-04 -1.976459814121805714e+00 8.089322773027595304e+02 6.104982804963889485e-06 -2.858921903425574840e+00 1.222773277660855055e+09
8.041171700360249999e-04 -1.978423983025276112e+00 9.408953379502481766e+02 1.810484844540323315e-06 -3.942986862635061485e+00 1.222773277661595821e+09
8.020543165008050179e-04 -1.987070031361656719e+00 8.966748684039688442e+02 3.768832535083974202e-06 -3.323545837184870955e+00 1.222773277662365437e+09
7.963916712273210385e-04 -1.984244311011186479e+00 9.520796514811121369e+02 3.116539441627564981e-06 -3.308665967354913917e+00 1.222773277664332151e+09
8.180460090229781187e-04 -1.967173013139988935e+00 8.226662821368270215e+02 6.194072937213698045e-06 -2.915696468523599094e+00 1.222773277665260077e+09
8.155178906230330918e-04 -1.972475904991329188e+00 8.222043454392494368e+02 1.830291535126875129e-06 -3.894996336806205939e+00 1.222773277666784763e+09
7.977696538865828310e-04 -1.982796332590001320e+00 9.915256364921835939e+02 2.489776665450602705e-06 -3.729933088037684641e+00 1.222773277666820049e+09
8.118016877382785599e-04 -1.973632878980402960e+00 8.425159676295080544e+02 3.871989589818460596e-06 -3.063539842488058440e+00 1.222773277666968346e+09
8.078595520493480394e-04 -1.976085019928138120e+00 9.109221689213085256e+02 1.808919968672589653e-06 -3.831844363551388355e+00 1.222773277667800903e+09
8.001211937275928788e-04 -1.984198964408127708e+00 9.804253151244744231e+02 5.330391853116803110e-06 -3.143143847289046278e+00 1.222773277669140577e+09
8.118774895075171142e-04 -1.970566451710085376e+00 8.481966302748620592e+02 3.372078018620717987e-06 -3.258510232140389817e+00 1.222773277669280529e+09
8.001180101993973694e-04 -1.981077539343284233e+00 9.280235776997666335e+02 1.517796931459840089e-06 -4.003053145108287580e+00 1.222773277669511318e+09
8.076796036842187739e-04 -1.975537292642428167e+00 8.552601923615206942e+02 4.124686503197580955e-06 -3.055374736943508474e+00 1.222773277669780016e+09
8.102012290694978304e-04 -1.973572765249659966e+00 8.682558671182381431e+02 2.720474134126975766e-06 -3.657550495286139736e+00 1.222773277669990778e+09
8.210830770160300676e-04 -1.967674682647730267e+00 7.858655910943774643e+02 2.312440848383091434e-06 -3.673459022211789993e+00 1.222773277671185255e+09
8.024590054903144162e-04 -1.978579034682142579e+00 9.194664550019465423e+02 3.861852192367635631e-06 -3.093947223563946025e+00 1.222773277671881199e+09
7.963723058357927240e-04 -1.984604863358929716e+00 9.685282968467264482e+02 5.341796272920686980e-06 -2.831323925753340021e+00 1.222773277672961235e+09
8.158222339082337208e-04 -1.969444458357995531e+00 8.278976343108466835e+02 1.931937192154408923e-06 -3.747599071652158997e+00 1.222773277673685312e+09
8.093259895839234391e-04 -1.976394821444761307e+00 8.537112561123414025e+02 7.797606043631913366e-06 -2.588687044627310030e+00 1.222773277674256086e+09
7.959234437968437052e-04 -1.984917276317429868e+00 9.856997739688862339e+02 2.023200841718363499e-06 -3.889007461134114330e+00 1.222773277674273491e+09
8.186322100937793063e-04 -1.967766484121549864e+00 7.859761082904873319e+02 2.299408965581675920e-06 -3.568737368838433177e+00 1.222773277674622536e+09
8.156400782972186066e-04 -1.970796559579462537e+00 8.386990925284144396e+02 2.674047997425863688e-06 -3.472061954757927893e+00 1.222773277675114155e+09
7.956896358887767789e-04 -1.984425044074759725e+00 9.952831617063783369e+02 5.496966518233770866e-06 -2.804305410940073351e+00 1.222773277676482439e+09
8.051896920674392636e-04 -1.975823241805704900e+00 9.201086337988652986e+02 6.334410294417530640e-06 -2.751368385210295031e+00 1.222773277676550150e+09
7.968123787924743162e-04 -1.987434117542377976e+00 9.833979934627519697e+02 1.366067912082324190e-06 -4.185702995752521360e+00 1.222773277677928686e+09
8.125166046257705638e-04 -1.969911308431483654e+00 8.643248541013289241e+02 2.806579604245276252e-06 -3.515753160808177569e+00 1.222773277678301573e+09
8.224957296429053584e-04 -1.966456096305958745e+00 7.818913399461004019e+02 3.899748313367973491e-06 -3.183963950757283889e+00 1.222773277678616524e+09
7.950020481996362878e-04 -1.989156928383316369e+00 9.756641109883412355e+02 7.051630676513702041e-06 -2.667402618886662857e+00 1.222773277679295063e+09
8.026284901520260636e-04 -1.983935205295068727e+00 9.214213450743905014e+02 7.415456765887096078e-06 -2.676642729293165601e+00 1.222773277680495024e+09
7.922868740088606296e-04 -1.990261044328292428e+00 9.808213292872300144e+02 6.123913293094202534e-06 -2.865727745455506792e+00 1.222773277684284210e+09
7.987443304005190049e-04 -1.982471015965224348e+00 9.805141704797148350e+02 5.344487844802093385e-06 -3.114350625630113001e+00 1.222773277684353590e+09
8.207832717105081020e-04 -1.968395252423164710e+00 7.674242832141268309e+02 3.517551687396694091e-06 -3.216591514459326007e+00 1.222773277686256886e+09
8.117953266346821135e-04 -1.974434724598294499e+00 8.259724811899342285e+02 6.032125912713639867e-06 -2.991473439097317666e+00 1.222773277686545849e+09
8.058548718447177848e-04 -1.976280496079765303e+00 9.439348755686166896e+02 2.893040546048966967e-06 -3.408893164169171541e+00 1.222773277686618090e+09
7.936421539697716132e-04 -1.989056494114782359e+00 9.792168200428076261e+02 6.160016791170149357e-06 -2.753710577308797980e+00 1.222773277686965466e+09
8.087049213155846289e-04 -1.974726289284866265e+00 9.042640487987022198e+02 3.548293457493296595e-06 -3.182449204044143443e+00 1.222773277688741446e+09
8.178897131220027759e-04 -1.966621879304281340e+00 8.182252323848813376e+02 2.669024930146795253e-06 -3.564304953042739754e+00 1.222773277690254450e+09
7.939668492581033023e-04 -1.988572927075108021e+00 9.616606082212638285e+02 4.607227747742643418e-06 -2.985602178827160280e+00 1.222773277690364838e+09
8.167547989867327256e-04 -1.973826325640306134e+00 7.943710303901076486e+02 3.708862639023552039e-06 -3.256244858376115658e+00 1.222773277690429688e+09
8.110364770495922171e-04 -1.975182647953103832e+00 8.883223395397767490e+02 6.475473608502460858e-06 -2.811686685878538761e+00 1.222773277691152811e+09
7.954291355258119849e-04 -1.984036247741663761e+00 9.818082844564820562e+02 1.954429115179900194e-06 -3.743256221037777109e+00 1.222773277691569805e+09
7.977874877284672024e-04 -1.983020992383087044e+00 9.825395939942224004e+02 7.144630890256351337e-06 -2.629914594189461496e+00 1.222773277691975594e+09
8.074991672229924400e-04 -1.976049849467683917e+00 9.209541894997812506e+02 5.256460357928199527e-06 -2.871334415311096677e+00 1.222773277692524433e+09
8.039978221508452131e-04 -1.979287014676087919e+00 9.099770836789712121e+02 7.619680349560212183e-06 -2.576201107745749397e+00 1.222773277693696976e+09
8.116586717232890120e-04 -1.973293213767077559e+00 8.235441707423534581e+02 6.298035894354691303e-06 -2.868913848114717169e+00 1.222773277695049763e+09
8.158297406618325500e-04 -1.972336659962456551e+00 7.707648132455750556e+02 3.694706661981781793e-06 -3.310797544982314378e+00 1.222773277695895672e+09
8.045411489723013803e-04 -1.978926464750522252e+00 9.375709630726069008e+02 1.657927706640145322e-06 -3.879418044193086779e+00 1.222773277696018696e+09
8.187201542228452096e-04 -1.967371194500530107e+00 7.732938077387677822e+02 2.972355935694216815e-06 -3.485934426034814848e+00 1.222773277696795225e+09
8.121576023406763432e-04 -1.971540375699483594e+00 8.628352348534918974e+02 2.268970966757236581e-06 -3.582539545489000332e+00 1.222773277697277308e+09
8.019796428137832955e-04 -1.982187765573494076e+00 9.453335365522531220e+02 2.986231612688377956e-06 -3.298603062149752851e+00 1.222773277698146105e+09
8.076678703766615626e-04 -1.974879011013427554e+00 8.598241530480468100e+02 3.285112212115835081e-06 -3.433668327834567435e+00 1.222773277699311256e+09
8.026782124987227483e-04 -1.977691922406089375e+00 9.575924663789819533e+02 5.146049839798078252e-06 -2.888284573490793150e+00 1.222773277699554205e+09
8.021576082881129791e-04 -1.980110214184410022e+00 9.643475742870321028e+02 2.255503097597364856e-06 -3.567719021549712544e+00 1.222773277699819565e+09
8.009820512226759450e-04 -1.982789630041104090e+00 9.131819116444124802e+02 2.104472233276052588e-06 -3.578170179063717704e+00 1.222773277700028181e+09
8.071888966498901030e-04 -1.980382598709343522e+00 8.890463543120954455e+02 3.268352466400329436e-06 -3.307397506087333738e+00 1.222773277700047731e+09
8.195611031817907031e-04 -1.967859227931624044e+00 7.787830473767076001e+02 5.624678803288617997e-06 -2.818581109692743780e+00 1.222773277701032877e+09
8.049172391341069847e-04 -1.980638617569313142e+00 9.005806414245238329e+02 1.195489412099724528e-06 -4.191151470835420945e+00 1.222773277701315403e+09
7.973548868954471753e-04 -1.981785785731454697e+00 9.787806032983196474e+02 2.284643270976946790e-06 -3.673702174477722515e+00 1.222773277701336861e+09
8.035740239483543006e-04 -1.979095962461103753e+00 9.143068272460859589e+02 5.013729832079825830e-06 -2.845243804571439661e+00 1.222773277701766968e+09
7.977178247950796530e-04 -1.988559812893222478e+00 9.788600145105319825e+02 4.418199061186514311e-06 -3.077289855649087968e+00 1.222773277702362061e+09
8.196782965451685291e-04 -1.968820464182380992e+00 7.586889762433256692e+02 4.345232172796581703e-06 -3.068325461324615588e+00 1.222773277705680370e+09
8.162738557928787917e-04 -1.968748481620838042e+00 8.101209697320247187e+02 2.896395607484007088e-06 -3.571060703197156627e+00 1.222773277706616163e+09
8.086542350552488245e-04 -1.978684242158423201e+00 8.531836472653030796e+02 7.704209413250952165e-06 -2.683262396624149559e+00 1.222773277708937645e+09
7.962268343571288817e-04 -1.986721222373090345e+00 9.499572231632250805e+02 2.608468795990019818e-06 -3.404564011159187942e+00 1.222773277708995104e+09
8.080548369075680939e-04 -1.979654866737862173e+00 8.913727465256047253e+02 2.848620110609338167e-06 -3.481952265442351369e+00 1.222773277709078550e+09
7.978604425078467252e-04 -1.984520613305293946e+00 9.768452762337012700e+02 1.522974002916137915e-06 -3.869186660947684153e+00 1.222773277710724354e+09
8.049777450058868576e-04 -1.981791160744724944e+00 9.002784471709861691e+02 3.607564543373712003e-06 -3.481906474454693701e+00 1.222773277713727236e+09
8.097989571785062972e-04 -1.974229673994133627e+00 8.309904342327569111e+02 4.272077450757678890e-06 -3.206801844979688454e+00 1.222773277714855433e+09
8.193190644799316956e-04 -1.970030418906148384e+00 7.552323722779218542e+02 2.519596536266363609e-06 -3.602177739744241158e+00 1.222773277714905977e+09
8.113366735396722361e-04 -1.971756467317364425e+00 8.760784846503439667e+02 2.374294475371885416e-06 -3.568358007241584140e+00 1.222773277717570782e+09
8.015219011776981376e-04 -1.984634419143131545e+00 9.419887973885304291e+02 7.448123000221047114e-06 -2.773847309056971966e+00 1.222773277718082666e+09
7.993988519176036195e-04 -1.982827861989230556e+00 9.330624536749891149e+02 5.186076207303990781e-06 -2.845252166533243532e+00 1.222773277719098091e+09
8.094578003334636446e-04 -1.975879089984330150e+00 8.444883155204943250e+02 1.418678050298434552e-06 -4.107123433349096686e+00 1.222773277719608545e+09
8.083803242830056492e-04 -1.974046055297772551e+00 8.976195609724845781e+02 7.135355357789505919e-06 -2.667822124085262203e+00 1.222773277721351862e+09
8.015536754710019278e-04 -1.981563446113853377e+00 9.122359471661991392e+02 3.989610051996264087e-06 -3.365834999543504402e+00 1.222773277721598625e+09
8.085258517050719629e-04 -1.976652705489863049e+00 8.696263395215843275e+02 1.617580216780203741e-06 -3.842680415468304744e+00 1.222773277724358797e+09
8.066737492158073883e-04 -1.979277859085360802e+00 9.151797582790884462e+02 4.477651530406619504e-06 -3.278410889450174892e+00 1.222773277724736452e+09
8.096180948899360909e-04 -1.972772535182135023e+00 8.992230748303099972e+02 3.340870354372761298e-06 -3.440246513537954520e+00 1.222773277725749969e+09
8.045220989657670112e-04 -1.978885078844843992e+00 8.730536733017293045e+02 5.657322252761067429e-06 -2.963318029665712672e+00 1.222773277726197004e+09
8.051302019596453348e-04 -1.978942426199164384e+00 9.104279381275995320e+02 1.265769192490530404e-06 -4.178470390947104818e+00 1.222773277727438927e+09
8.006766623504375747e-04 -1.978461675157752619e+00 9.730097474379438154e+02 3.208995529069559070e-06 -3.372646964624077981e+00 1.222773277727454424e+09
8.037945682733824886e-04 -1.985328896895691919e+00 8.878194088346116359e+02 3.636079498591377828e-06 -3.319042830051808224e+00 1.222773277727982283e+09
8.087589692440600364e-04 -1.980864293084887651e+00 8.537224573232612101e+02 2.767261151233032698e-06 -3.574554479629341586e+00 1.222773277728051424e+09
8.172825543483348268e-04 -1.969461346312333827e+00 8.312469297525602769e+02 6.462333060603075614e-06 -2.780247135225382138e+00 1.222773277729319334e+09
8.127253746573159495e-04 -1.976980160360058303e+00 8.238061446335628943e+02 2.298395648753138263e-06 -3.720123509541020113e+00 1.222773277729634523e+09
7.981969576441008858e-04 -1.985692397575529178e+00 9.115617048716350155e+02 3.137644074541523660e-06 -3.301519272122073190e+00 1.222773277729939938e+09
8.096913531412705360e-04 -1.975613403942199753e+00 8.954509783207499822e+02 4.818169194037447054e-06 -3.201769347765380580e+00 1.222773277731432676e+09
8.029003877644683759e-04 -1.981760996677849107e+00 9.094306743134294493e+02 1.244114671846563312e-06 -4.078368593837605083e+00 1.222773277731472492e+09
8.191785008214718007e-04 -1.971612385034347437e+00 7.873876260912408043e+02 4.586415450228734229e-06 -3.144168773214786050e+00 1.222773277733381271e+09
7.906564605666897535e-04 -1.992317845453243752e+00 9.748684586437245798e+02 2.301037956915172632e-06 -3.704338164814253709e+00 1.222773277733849049e+09
8.004933233395412255e-04 -1.985654597332867421e+00 9.597003027507731758e+02 7.045265732840862218e-06 -2.782099432696671926e+00 1.222773277734522581e+09
8.067779494380320502e-04 -1.977008912427608900e+00 9.358975516787442075e+02 2.698247870612348983e-06 -3.524587637800823181e+00 1.222773277735093832e+09
8.174505991426485275e-04 -1.972966562945915436e+00 7.930083124948779414e+02 5.676157418777805240e-06 -2.995529549456591667e+00 1.222773277736118555e+09
8.005420510796901808e-04 -1.980176333146470347e+00 9.404272905278776307e+02 3.637446528709082947e-06 -3.389752867056763819e+00 1.222773277736398935e+09
7.976373832387573725e-04 -1.985827339896547139e+00 9.783982827757946552e+02 5.449320106550124555e-06 -2.797362678733447794e+00 1.222773277737080097e+09
8.025317803695998769e-04 -1.977377490061916543e+00 9.701878006532641621e+02 2.924318535545679485e-06 -3.462161749040270742e+00 1.222773277738164902e+09
7.940941907654028948e-04 -1.990886416101143919e+00 9.778197303768687334e+02 1.204059179952137543e-06 -4.190880472838126813e+00 1.222773277739303589e+09
8.079099677062661321e-04 -1.977797229138174906e+00 8.852047728510218576e+02 2.044366989475435217e-06 -3.891910010607411152e+00 1.222773277739343882e+09
8.021206416842069885e-04 -1.984297308006458316e+00 9.227293350684150255e+02 2.890048938018390495e-06 -3.372374726572271442e+00 1.222773277740731001e+09
8.005352912450243051e-04 -1.986272130039149708e+00 9.438684251854057266e+02 1.907844718395430110e-06 -3.829491285074406726e+00 1.222773277741182327e+09
8.005657216727350700e-04 -1.982942345446179200e+00 8.892727241091477026e+02 4.249783500692716487e-06 -3.119902136164794726e+00 1.222773277742192507e+09
8.052900354953620304e-04 -1.983010525040540539e+00 8.685081884066973998e+02 1.755095887929261578e-06 -3.931835379812728348e+00 1.222773277744984150e+09
8.032751537963807916e-04 -1.980042737869989633e+00 9.027846591253343149e+02 3.862440680715092147e-06 -3.059876385235527962e+00 1.222773277745457411e+09
7.969919593419540075e-04 -1.986108938160037862e+00 9.291634998921184661e+02 4.576422732595740094e-06 -3.002844662746439575e+00 1.222773277747135401e+09
8.227366353085723699e-04 -1.964562750797435031e+00 7.594173243158692230e+02 2.521887049297457088e-06 -3.564302127037005441e+00 1.222773277747493505e+09
8.189362974481422149e-04 -1.967228623535917542e+00 8.218581787873255280e+02 3.955038365755338642e-06 -3.173651970338418060e+00 1.222773277748164177e+09
8.050208128916285085e-04 -1.978002642494259611e+00 9.140430609559299455e+02 1.293644050660751671e-06 -4.109371025051325788e+00 1.222773277749422550e+09
8.070963432407228305e-04 -1.974788817412060915e+00 8.929434572655496822e+02 5.213140572704087995e-06 -2.864210149926893045e+00 1.222773277749483585e+09
8.239308186740560173e-04 -1.966839496317182689e+00 7.360766502709454926e+02 4.100068877893820085e-06 -3.184234970284110844e+00 1.222773277750158310e+09
8.049614555530030689e-04 -1.979420761039170085e+00 8.795733620102482746e+02 1.171325127498351304e-06 -4.176895689906681142e+00 1.222773277750650883e+09
8.074985072024670101e-04 -1.976510073810890944e+00 8.787888390162084988e+02 1.488081842814694268e-06 -4.082826035472151283e+00 1.222773277750750303e+09
8.093098240132517562e-04 -1.974051633021486341e+00 9.126738782417937728e+02 4.128108496188917810e-06 -3.118730689341830953e+00 1.222773277751270294e+09
7.951805092093602650e-04 -1.985276375706802376e+00 9.977953267915670494e+02 7.096773705135647436e-06 -2.733405244312988813e+00 1.222773277751605749e+09
8.215487463842064634e-04 -1.969329248073865557e+00 7.617335455774111779e+02 4.975435081991772593e-06 -3.116558752741456217e+00 1.222773277751620770e+09
8.171513484718633544e-04 -1.969681304946406364e+00 8.230630401367842524e+02 4.246510687652341826e-06 -3.059331991925336780e+00 1.222773277754516363e+09
8.057522684120310653e-04 -1.981480859054907562e+00 9.026539462403324023e+02 3.902908628217440027e-06 -3.157139985828473883e+00 1.222773277756076097e+09
8.045154627636082537e-04 -1.981574884944753867e+00 8.979125452968479522e+02 6.856283761915493293e-06 -2.672151615520813372e+00 1.222773277757225513e+09
8.099802963324487801e-04 -1.976891175362199604e+00 8.511711637924049683e+02 1.397764469727411304e-06 -4.050033621913565085e+00 1.222773277758055210e+09
7.998032566360207835e-04 -1.986890506659446665e+00 8.957058749120958510e+02 4.788433192377384402e-06 -3.172843869489017976e+00 1.222773277758170843e+09
8.133950595776989626e-04 -1.974120167856578956e+00 7.940258798766634527e+02 5.570631768823062459e-06 -2.946042147837537151e+00 1.222773277759174109e+09
7.998452698838274004e-04 -1.984094318695678094e+00 9.187493448876905404e+02 6.847480763662538025e-06 -2.697564020404698226e+00 1.222773277759912491e+09
8.081410163164884841e-04 -1.974348172839435200e+00 9.139660919273414947e+02 2.300340604795969286e-06 -3.688582617882389947e+00 1.222773277760496140e+09
8.280752436371955445e-04 -1.961346562715595931e+00 7.295001688287320576e+02 3.992248780136035185e-06 -3.212177128686903416e+00 1.222773277760945320e+09
7.929968491367999587e-04 -1.991671150470845308e+00 9.564391176705776161e+02 3.109177417407359267e-06 -3.540535757165034880e+00 1.222773277761446953e+09
8.129247225320588395e-04 -1.971010300002981497e+00 8.488159753513943997e+02 2.010546493995584789e-06 -3.704532218168974822e+00 1.222773277761451721e+09
8.047906565885202049e-04 -1.978618324665515793e+00 8.912969262909531381e+02 2.790067580922788085e-06 -3.337612004569011859e+00 1.222773277763533831e+09
8.040933621151963090e-04 -1.977754261689724125e+00 9.686539392974465272e+02 3.815516995136841628e-06 -3.196497208919391930e+00 1.222773277763607740e+09
7.981916308725264895e-04 -1.988435851183637526e+00 9.378705734098415405e+02 4.577863482814319817e-06 -3.266475194176122976e+00 1.222773277763703108e+09
8.187266422032576756e-04 -1.970688452839842952e+00 7.716873809843964409e+02 2.545807113765214766e-06 -3.679057371127676390e+00 1.222773277764160395e+09
8.158252122482019270e-04 -1.967703368944824671e+00 8.206893254872268244e+02 3.115222628466792839e-06 -3.395341895409041300e+00 1.222773277764276505e+09
8.082433492393459318e-04 -1.977437194472405846e+00 8.875986523170352029e+02 3.812747770968450676e-06 -3.113368011066130592e+00 1.222773277766332626e+09
8.081145158235847684e-04 -1.976885002165637450e+00 9.259683324207474016e+02 4.354920844434329087e-06 -3.205823090359361416e+00 1.222773277766371965e+09
8.207152954240888023e-04 -1.968620147071090898e+00 7.579824418524209477e+02 5.908415240844005077e-06 -2.924722314571005732e+00 1.222773277767064810e+09
8.063411393577806559e-04 -1.979182831532634967e+00 8.777371753433096728e+02 7.960081328308642136e-06 -2.676562063896687604e+00 1.222773277768055439e+09
8.075995220087474162e-04 -1.976227449788570567e+00 9.316309524719085857e+02 3.183588265754009666e-06 -3.401370956730779938e+00 1.222773277768483639e+09
8.103337868516480693e-04 -1.976839267396144129e+00 8.649385146731262921e+02 2.825008322284777523e-06 -3.409275733210258785e+00 1.222773277768820524e+09
7.944737894105345210e-04 -1.987154415092668991e+00 9.683504178550847428e+02 5.643854978038316623e-06 -2.973592370430155896e+00 1.222773277769464493e+09
8.146520448593120309e-04 -1.973993052161086226e+00 7.797534217747991079e+02 3.950356305085091773e-06 -3.191563965497930866e+00 1.222773277770644665e+09
8.176064738325593620e-04 -1.969473763930350341e+00 7.975909172098993167e+02 1.859983728693744793e-06 -3.784666901109341453e+00 1.222773277771200418e+09
8.195998066784141280e-04 -1.967086946440253392e+00 8.113048964222322184e+02 6.011521742892803483e-06 -2.942890796519782803e+00 1.222773277771737099e+09
7.950404895454164702e-04 -1.991069424294948043e+00 9.772372846628248908e+02 3.059165660130556810e-06 -3.360724513867646479e+00 1.222773277773115396e+09
7.956078677612012616e-04 -1.986937572276443520e+00 9.788053409849612763e+02 2.568918995138370096e-06 -3.740505674502240474e+00 1.222773277773177385e+09
7.961563679388817399e-04 -1.991594946342603034e+00 9.564860073887322187e+02 3.600614458293088671e-06 -3.388012479028560620e+00 1.222773277773479939e+09
7.992827876065959451e-04 -1.988404477939731407e+00 9.255287996957466703e+02 2.729752032935182139e-06 -3.502711061259097924e+00 1.222773277773691893e+09
8.147267401263000829e-04 -1.971658396176559025e+00 8.382338296306011216e+02 3.419220408774740100e-06 -3.227121986153367317e+00 1.222773277774946690e+09
8.084109847571202155e-04 -1.972830599958489195e+00 8.827622670558826030e+02 3.406647356839568859e-06 -3.332761014431024016e+00 1.222773277774994373e+09
8.139686662920281529e-04 -1.975713931507997456e+00 8.210661419861628474e+02 6.057315708214241130e-06 -2.933254646796292775e+00 1.222773277775546789e+09
7.970477371894439840e-04 -1.988150674183862154e+00 9.239924592424043794e+02 3.168708610116043451e-06 -3.546724419685480356e+00 1.222773277775822163e+09
8.023641420577159230e-04 -1.979594586003222023e+00 9.543127289820619126e+02 7.533100794434205234e-06 -2.738348167847418857e+00 1.222773277776450157e+09
8.161809130516030830e-04 -1.968431334831915791e+00 8.281179677229511071e+02 5.170946014826668751e-06 -3.088083928707847647e+00 1.222773277779118538e+09
8.015681695452274739e-04 -1.983151996924056748e+00 9.457860611865521605e+02 7.176475614913113880e-06 -2.850737113739801210e+00 1.222773277779917955e+09
8.133863026280079749e-04 -1.974692349252886725e+00 8.581812664230367318e+02 4.691082910261722080e-06 -3.109219962941878634e+00 1.222773277780051947e+09
7.998304793736631243e-04 -1.982353089326671869e+00 9.853369612685587526e+02 2.135089249426379410e-06 -3.618571782717726393e+00 1.222773277784341097e+09
8.059877990515195920e-04 -1.979031875169938948e+00 9.416759115011375343e+02 3.565553689879287369e-06 -3.314451720072881358e+00 1.222773277784740448e+09
8.013616175425263390e-04 -1.986545189204004469e+00 9.122905335814871250e+02 2.034516855263363305e-06 -3.802299418366239081e+00 1.222773277785864353e+09
8.104792753902343968e-04 -1.975854710357228816e+00 8.378083625107680064e+02 4.422680130584553262e-06 -3.287361071180894712e+00 1.222773277787091255e+09
7.962886320249660307e-04 -1.984467751009197922e+00 9.723554312377376618e+02 1.531955371203288230e-06 -3.900256270204340403e+00 1.222773277787664652e+09
8.188750616482086148e-04 -1.969175754821078428e+00 8.159440250376144377e+02 4.970374132023799572e-06 -3.120628793354685904e+00 1.222773277788727522e+09
8.160869996926652841e-04 -1.969198222527188014e+00 8.300109453167347056e+02 2.084400666234142337e-06 -3.753585924911717164e+00 1.222773277788842678e+09
8.197686169660206058e-04 -1.966919515319548895e+00 8.113840157406540357e+02 4.485745659575043705e-06 -3.205448740757187664e+00 1.222773277791176796e+09
8.119993848158673115e-04 -1.972679525453837623e+00 8.538334351876110304e+02 2.103569718196923003e-06 -3.829781542937699790e+00 1.222773277793143034e+09
7.973363925725504738e-04 -1.987626786124190970e+00 9.079684810869032390e+02 3.950676551611914699e-06 -3.281512197190336266e+00 1.222773277793427706e+09
7.988621988760239486e-04 -1.982888945896075006e+00 9.180392161618643740e+02 2.359344960670125506e-06 -3.662267481796936508e+00 1.222773277794403315e+09
7.946974225010159688e-04 -1.987879292509313167e+00 9.909161717310373660e+02 6.644171947769170971e-06 -2.676453943325335594e+00 1.222773277794667721e+09
7.986930033159736399e-04 -1.984162790569946822e+00 9.226635554165218309e+02 6.023866639722978029e-06 -2.891460229743951338e+00 1.222773277795840025e+09
7.996507911410629830e-04 -1.985856377970645958e+00 9.660732061808873823e+02 6.242325256841463351e-06 -2.983982849290992334e+00 1.222773277796220303e+09
7.964966714923385656e-04 -1.990887922613920225e+00 9.313301057672578054e+02 2.361626355158976191e-06 -3.710886061947519465e+00 1.222773277796759844e+09
8.142516864628511833e-04 -1.970749302420879534e+00 8.118136203017253365e+02 1.964920732138827274e-06 -3.736901309195680199e+00 1.222773277797385931e+09
8.058334343465764407e-04 -1.976737019399854356e+00 8.874741374958351798e+02 5.972987645297744997e-06 -2.946988159463176160e+00 1.222773277797532558e+09
7.981348009896901963e-04 -1.982034616745556033e+00 9.984523935669278671e+02 1.623036307097569782e-06 -3.939605806972466873e+00 1.222773277797777176e+09
8.053658423617680645e-04 -1.978026177037900624e+00 9.291367319294349727e+02 1.640262512621464849e-06 -3.941896854752543256e+00 1.222773277800173998e+09
8.034403803542731343e-04 -1.979430773403811683e+00 8.846384519104957462e+02 4.859693810640869812e-06 -2.954630981247952093e+00 1.222773277801064253e+09
8.017699254854501311e-04 -1.981415747061509691e+00 9.924247907508457729e+02 4.621034422433408152e-06 -3.189750478841467896e+00 1.222773277801570654e+09
7.900857942239464249e-04 -1.993199844582563607e+00 9.907954002523774761e+02 3.619181528723485910e-06 -3.225821995875481463e+00 1.222773277802375317e+09
8.131788015554638344e-04 -1.972354921785633541e+00 8.759326964236732920e+02 5.775665090779574210e-06 -2.939175974541321068e+00 1.222773277803725243e+09
8.040906670669635504e-04 -1.977893309803181232e+00 9.409108428215024560e+02 7.351039433923220815e-06 -2.743003871947960803e+00 1.222773277804383039e+09
7.986895517656752465e-04 -1.987082030785821907e+00 9.939964917332595178e+02 3.513913079923226998e-06 -3.336587580389965169e+00 1.222773277806284428e+09
7.991803785997827385e-04 -1.982705869216395911e+00 9.753497696613870858e+02 6.452317250701018589e-06 -2.678430981778243236e+00 1.222773277808427334e+09
8.020147078686003066e-04 -1.979457152723560487e+00 9.634028314109312987e+02 2.162574653332621910e-06 -3.619321809740506879e+00 1.222773277811006784e+09
8.006089282808967738e-04 -1.986567531765275341e+00 9.099503848695437682e+02 4.605405663768447653e-06 -3.250244057564453115e+00 1.222773277812110186e+09
7.923643794357605264e-04 -1.991142146232507626e+00 9.666432074444666114e+02 1.673576899645988733e-06 -3.973787629909525165e+00 1.222773277812592745e+09
8.237685452443539030e-04 -1.964148763199565773e+00 7.495948818488406005e+02 3.336983753605789728e-06 -3.408030280052279259e+00 1.222773277812637329e+09
8.064212830842387584e-04 -1.977133959733517576e+00 9.343081030612157747e+02 7.048589355041492945e-06 -2.780644383876843762e+00 1.222773277815031052e+09
8.100008802279164448e-04 -1.976234958330672642e+00 8.156920000152284729e+02 2.307181072570043077e-06 -3.609844046345058288e+00 1.222773277815121889e+09
8.229378348423968580e-04 -1.964148095834119312e+00 7.568140284472185613e+02 3.188641879398599977e-06 -3.369711873007299907e+00 1.222773277815200090e+09
7.931053346066264812e-04 -1.993098217338774347e+00 9.817392361972935078e+02 2.915984284591325842e-06 -3.430351472597883422e+00 1.222773277815849781e+09
8.096448047190817239e-04 -1.973374751764426227e+00 8.820156546801703144e+02 2.218883091308247800e-06 -3.606626740490385785e+00 1.222773277816516638e+09
7.927017179754386900e-04 -1.992003079028658696e+00 9.999695289243736624e+02 5.508940927561633470e-06 -2.866994299083003739e+00 1.222773277818779230e+09
8.049709694032106035e-04 -1.977861276674897528e+00 8.825664816959900918e+02 2.506129542346354566e-06 -3.462997902113633231e+00 1.222773277819325686e+09
8.130382002358508805e-04 -1.970877521595725268e+00 8.424632107284675158e+02 6.029758330010287738e-06 -2.770299345940824054e+00 1.222773277819517374e+09
8.062754126601899421e-04 -1.976299517674122264e+00 8.996217499936421973e+02 5.726289250496055838e-06 -3.018553982872159480e+00 1.222773277820195198e+09
8.202070795206802857e-04 -1.967196648393058744e+00 7.836589421911190811e+02 2.244433391622981040e-06 -3.638411858828228596e+00 1.222773277820534468e+09
7.916678269940627703e-04 -1.991897169324433836e+00 9.836529887848674889e+02 3.686776748148580106e-06 -3.174836147302471545e+00 1.222773277820681810e+09
8.012596347342002250e-04 -1.983684580459277758e+00 8.857356498945129033e+02 5.588103800770474018e-06 -2.965639505857131653e+00 1.222773277821886778e+09
7.991861580709265890e-04 -1.987696019811704851e+00 9.241454337959447685e+02 3.690818383808148810e-06 -3.199980245149483871e+00 1.222773277822331667e+09
8.195373853520897126e-04 -1.965987467116364407e+00 7.981409792550130078e+02 6.101139478836303763e-06 -2.827926061227207022e+00 1.222773277822539568e+09
8.002320315323736138e-04 -1.979621362351761338e+00 9.862882377856180938e+02 2.410144758910336334e-06 -3.650504542729974489e+00 1.222773277823100567e+09
8.220621217080190200e-04 -1.965688951238692805e+00 7.514188062348945323e+02 3.146966675572026367e-06 -3.419632901391006286e+00 1.222773277823328495e+09
7.932487414823991131e-04 -1.990611762706747445e+00 9.698671105936656431e+02 2.069070947035374616e-06 -3.878085262232924713e+00 1.222773277824208260e+09
7.935519538912470024e-04 -1.992134818141767294e+00 9.985922995838121778e+02 3.822638839536475524e-06 -3.180906250374512467e+00 1.222773277824744701e+09
7.956103924555425451e-04 -1.984773640987037568e+00 9.775690239069750760e+02 2.231742479722533706e-06 -3.569764389667026805e+00 1.222773277826202869e+09
7.987270131518130244e-04 -1.984673403309051398e+00 9.365598116404840994e+02 1.217456029949150226e-06 -4.102236410678296252e+00 1.222773277827059984e+09
8.130301292622652389e-04 -1.974358347700555072e+00 8.102239680493424885e+02 1.786774854019411914e-06 -3.938421218178789651e+00 1.222773277827156305e+09
8.025399545253106889e-04 -1.981115045247967554e+00 9.497879416185771788e+02 1.534029767417478963e-06 -3.961244537211132233e+00 1.222773277831036568e+09
7.995031312120372399e-04 -1.984794749017710691e+00 9.260380837660657107e+02 4.386374687934330940e-06 -2.981992735006847361e+00 1.222773277832178354e+09
7.998156596650305523e-04 -1.984451688687708604e+00 9.587070218771797272e+02 6.468853731978520407e-06 -2.698414565293347778e+00 1.222773277832299709e+09
8.071262403288147072e-04 -1.977115982507625880e+00 8.886566274336786364e+02 1.404236722801364584e-06 -4.007651427168140046e+00 1.222773277833346605e+09
8.062107420868452282e-04 -1.982142895911501945e+00 8.584754123383980868e+02 4.104737467527942425e-06 -3.337595978985877565e+00 1.222773277833460808e+09
7.909623589994827907e-04 -1.991775870079298461e+00 9.891565433856765139e+02 1.778088874227373766e-06 -3.953470180139508905e+00 1.222773277834340096e+09
8.111046962451548374e-04 -1.971303054024560630e+00 8.682151654699351866e+02 4.128498000450564665e-06 -3.089611021265677770e+00 1.222773277835001945e+09
7.985998245180075689e-04 -1.982431687887527216e+00 9.479367217380601005e+02 2.596180116182466244e-06 -3.661804159173660977e+00 1.222773277836831093e+09
7.973334990015266271e-04 -1.986391275568471615e+00 9.521093579367895927e+02 1.242919549587171359e-06 -4.083066605830351747e+00 1.222773277838270664e+09
7.928030075562272558e-04 -1.992572257719501305e+00 9.664403968626752430e+02 4.210301724414619301e-06 -3.290256043569059763e+00 1.222773277838714123e+09
8.212004100315236114e-04 -1.966812770730613558e+00 7.590919174937207572e+02 2.899956567581322387e-06 -3.539315052691586416e+00 1.222773277839110613e+09
8.083251138352097421e-04 -1.978536281167599720e+00 8.269455881472645160e+02 2.013404963327294768e-06 -3.733158086935940645e+00 1.222773277839613914e+09
8.030094945122689520e-04 -1.979585673935244206e+00 8.973241775094086279e+02 1.600199091171441725e-06 -3.987190840531767755e+00 1.222773277840925694e+09
8.001150325023872892e-04 -1.987445595794272712e+00 8.954036892760373121e+02 4.346030919549074297e-06 -3.134385405504424682e+00 1.222773277842396498e+09
8.186693620813595288e-04 -1.971670400627766995e+00 7.914829308588443837e+02 4.147594248541021326e-06 -3.269256072123310375e+00 1.222773277843596458e+09
8.045557142992258715e-04 -1.982375550507020634e+00 8.692337119795502076e+02 6.578835790867570143e-06 -2.810736926698242044e+00 1.222773277843763590e+09
8.031573930264958782e-04 -1.982476542553993415e+00 9.378241561324175564e+02 6.191805791413713860e-06 -2.781239267930383008e+00 1.222773277844089746e+09
8.002062096573867500e-04 -1.983732141152802608e+00 9.328940279169972882e+02 1.160523308841686053e-06 -4.255474234555299162e+00 1.222773277844495535e+09
8.139245292579452449e-04 -1.976157320932683259e+00 8.125774810431490778e+02 3.168781984041181392e-06 -3.501224767254853099e+00 1.222773277844905138e+09
8.045471237408947755e-04 -1.976331705573286524e+00 9.399252056201323740e+02 3.067679685945618450e-06 -3.491885319356094364e+00 1.222773277845948219e+09
8.013293348952130538e-04 -1.979983021825538536e+00 9.724609183728749713e+02 5.108761106061441497e-06 -3.127533991400182956e+00 1.222773277847494841e+09
8.068018200809166972e-04 -1.975669720895013803e+00 9.410325235806787987e+02 3.859204125453386954e-06 -3.223383150115213702e+00 1.222773277847610712e+09
8.144114188058244582e-04 -1.969427806234149703e+00 8.532849412762344627e+02 3.648473386165372707e-06 -3.214263225705729532e+00 1.222773277848884583e+09
8.120797517168237183e-04 -1.973217031840720281e+00 8.497981788975152995e+02 7.194157560454925173e-06 -2.640736020042220744e+00 1.222773277850179672e+09
8.046906949917602631e-04 -1.977700056679084550e+00 8.863056600211377827e+02 2.744988398395279813e-06 -3.399412202649777726e+00 1.222773277850601912e+09
8.238943525631357324e-04 -1.964337311767520688e+00 7.672102381056325839e+02 2.950509216307416562e-06 -3.477734612052321594e+00 1.222773277850906372e+09
7.956612939068564505e-04 -1.990891499007616083e+00 9.861019525255807139e+02 3.260175429948688180e-06 -3.366292407750010263e+00 1.222773277851510048e+09
7.958610944863743746e-04 -1.989500259503684365e+00 9.694661322971040818e+02 1.962188264146420046e-06 -3.934058556518111871e+00 1.222773277852158070e+09
8.158955695366117405e-04 -1.973330995489447126e+00 7.921499201226706646e+02 5.936116929513616755e-06 -2.967455166078297069e+00 1.222773277852712870e+09
8.013721625687379420e-04 -1.982541322593518229e+00 9.141456142984734470e+02 2.922127218970976944e-06 -3.305810365099462800e+00 1.222773277852884054e+09
8.157751731686022079e-04 -1.972851920152676186e+00 8.054963680227816667e+02 3.617060950424407204e-06 -3.441040841352225321e+00 1.222773277853018761e+09
8.097256009672406697e-04 -1.972527849586813264e+00 8.767327896832651959e+02 3.277803924661281192e-06 -3.273882474170414447e+00 1.222773277853504419e+09
8.006629736858222358e-04 -1.985192154348233373e+00 9.605268886083321149e+02 3.203313776016503479e-06 -3.548546776540797865e+00 1.222773277853530884e+09
8.099992170742961956e-04 -1.974571402277912169e+00 8.398339177127379571e+02 5.085284828614346918e-06 -2.891011666401900548e+00 1.222773277853624582e+09
8.026768925701022444e-04 -1.980649462032222141e+00 9.113852048136877784e+02 6.085523368206904390e-06 -2.728487948050845269e+00 1.222773277854530573e+09
8.149545437311047410e-04 -1.971811773583448169e+00 8.316100770118499668e+02 1.975762059671593269e-06 -3.764892303153969166e+00 1.222773277854783297e+09
7.985829789071892957e-04 -1.985183430559904982e+00 9.727337208374879083e+02 1.278859330957729787e-06 -4.108823370242068229e+00 1.222773277854981899e+09
7.997682079653809905e-04 -1.981518952650195953e+00 9.645467249766095392e+02 6.001743321080326236e-06 -2.741985789851378641e+00 1.222773277857498169e+09
8.015723950646542377e-04 -1.981101170170899817e+00 9.729720188879043690e+02 2.030040522885140403e-06 -3.708150107515459482e+00 1.222773277857498646e+09
8.138767593333124262e-04 -1.972662166048058108e+00 8.330245858468401821e+02 7.713831053081766250e-06 -2.660450798625887181e+00 1.222773277858518362e+09
7.947488454632609936e-04 -1.985519197804207270e+00 9.688596072844928813e+02 3.533984023733620450e-06 -3.284527206505121200e+00 1.222773277858563185e+09
7.939142039048011947e-04 -1.989577358739664792e+00 9.998160497779255138e+02 5.941449413981019984e-06 -2.768289140213109789e+00 1.222773277861159086e+09
8.002312260216663245e-04 -1.979746014615671790e+00 9.827183541367619455e+02 2.757863717689970894e-06 -3.577040003880134655e+00 1.222773277861499786e+09
8.055323856347735428e-04 -1.981264124076397515e+00 9.103246100765060191e+02 3.006546906146208937e-06 -3.393224089381335240e+00 1.222773277861838102e+09
8.033536727430422948e-04 -1.980075831694482424e+00 9.722807000363142151e+02 4.047801415923806498e-06 -3.168352939865858531e+00 1.222773277864125967e+09
8.151681106226809498e-04 -1.973942581547961428e+00 7.962609817879742877e+02 5.975299463925604201e-06 -2.958751026045232990e+00 1.222773277864165306e+09
8.004484271361927798e-04 -1.986239563166140032e+00 9.556013558285130784e+02 3.515849449004042875e-06 -3.459308594134711257e+00 1.222773277865831852e+09
8.032933962363632274e-04 -1.978156487248361239e+00 9.448640579996376800e+02 6.179582181135929029e-06 -2.927118839965698882e+00 1.222773277866283894e+09
8.024425904658856034e-04 -1.980402690209631666e+00 9.246313991765856599e+02 1.262475943058933654e-06 -4.166056603602181774e+00 1.222773277866775274e+09
8.137556289222108502e-04 -1.969626556684387797e+00 8.502112069727372727e+02 2.643068816567051827e-06 -3.547335421138340550e+00 1.222773277867338181e+09
8.019309748412440384e-04 -1.984195229697793161e+00 8.961797611236407874e+02 1.331802344024121944e-06 -4.116191772448475561e+00 1.222773277868704796e+09
8.081402725994172665e-04 -1.975270144209327672e+00 8.993229641443573428e+02 3.719772368953304324e-06 -3.405785241952994369e+00 1.222773277869212866e+09
8.076426268800929913e-04 -1.976336897503447654e+00 8.984920513428820641e+02 1.599412653724106591e-06 -3.938896847253381850e+00 1.222773277869690895e+09
7.995471729299484173e-04 -1.982972503123499486e+00 9.538778475370568231e+02 1.292544815379624869e-06 -4.051362604419857405e+00 1.222773277870914221e+09
7.954074060677200674e-04 -1.987856390529559425e+00 9.776052893331831228e+02 2.596730130724753029e-06 -3.733783960625890685e+00 1.222773277871065378e+09
8.211325556787685406e-04 -1.965720438084719301e+00 7.909570486848559767e+02 3.728101541126090505e-06 -3.352021912886704591e+00 1.222773277871580839e+09
7.999871345657671084e-04 -1.985945088874381481e+00 9.242690609852869557e+02 1.724557843957858992e-06 -4.014207217312250719e+00 1.222773277875817060e+09
7.951298671485351570e-04 -1.986716115888657708e+00 9.701292605086898675e+02 6.245928544575045571e-06 -2.881156649093025379e+00 1.222773277876107216e+09
8.087967024532413804e-04 -1.978864141609777860e+00 8.912163282507513031e+02 5.283658641218509214e-06 -3.033688660969885653e+00 1.222773277876225233e+09
8.088781611080270552e-04 -1.974682488033737027e+00 9.194883668788415889e+02 5.439558868222246048e-06 -2.964758272304455211e+00 1.222773277877217531e+09
7.970474391494093832e-04 -1.987958756608326993e+00 9.737971944728332119e+02 6.704079106488734750e-06 -2.725521770482265183e+00 1.222773277877743006e+09
8.004817416088400072e-04 -1.984962265011524174e+00 9.399563920275464852e+02 6.693622242689576047e-06 -2.912629774967455454e+00 1.222773277877796650e+09
7.983951903075932810e-04 -1.985063378761139141e+00 9.812213551999964238e+02 4.019029096916626511e-06 -3.388431364639893140e+00 1.222773277878318310e+09
8.054430483986211361e-04 -1.979218863329254230e+00 9.481910739697304962e+02 4.290231026644476578e-06 -3.236517319645801471e+00 1.222773277878982306e+09
8.140381256963407069e-04 -1.974517846586056447e+00 8.095512589321454016e+02 5.523498863615421462e-06 -3.067480650843559253e+00 1.222773277879114628e+09
8.080061443958095474e-04 -1.977790074767560746e+00 8.821279403727291992e+02 2.362669939521605175e-06 -3.535549402737319546e+00 1.222773277879442453e+09
8.053127354625124823e-04 -1.982145971495969050e+00 8.495535456440163671e+02 2.364924023892031161e-06 -3.599215016691442948e+00 1.222773277879765749e+09
8.189680449929636697e-04 -1.967136293809692571e+00 8.171206575833684838e+02 3.714017997868456840e-06 -3.338130498630540899e+00 1.222773277880400419e+09
7.983981730191287230e-04 -1.986477378979913500e+00 9.841395664692392984e+02 2.036651463574934336e-06 -3.726749234084807405e+00 1.222773277881459713e+09
8.114361453689974534e-04 -1.975717452542924857e+00 8.160981605181401619e+02 5.974658600312815524e-06 -2.831786139606593977e+00 1.222773277882202864e+09
8.077221961387127773e-04 -1.979384909819259075e+00 8.600213501539853951e+02 5.613982340905363712e-06 -3.075801447641819841e+00 1.222773277882326126e+09
7.993372499035869810e-04 -1.985728108817981674e+00 9.333720919959962430e+02 1.235761336682533880e-06 -4.139382332066535497e+00 1.222773277882395029e+09
8.230395491378190032e-04 -1.966768268510167061e+00 7.408609261631946765e+02 3.655087675561221404e-06 -3.299589686838967140e+00 1.222773277882847071e+09
7.925895481195159315e-04 -1.992539331981205697e+00 9.976197977287031335e+02 6.318411903547842293e-06 -2.845478571496526499e+00 1.222773277884095907e+09
8.002142163639038366e-04 -1.985438859742147066e+00 9.600294958954631284e+02 7.183180451884444300e-06 -2.756558263943377440e+00 1.222773277884444237e+09
8.072937193077354967e-04 -1.974574034932665700e+00 8.857079042414209198e+02 4.947662670353596000e-06 -3.083108526817730954e+00 1.222773277884769440e+09
8.056029738319412910e-04 -1.982685562512718658e+00 8.949899048637275882e+02 3.852099598249703997e-06 -3.240591418645712984e+00 1.222773277886832237e+09
8.036564287971249007e-04 -1.983132544576607481e+00 9.317100123091075830e+02 2.513840584662592175e-06 -3.640608225274298171e+00 1.222773277889406681e+09
8.028381837489583775e-04 -1.981916436610247967e+00 9.418324444226796004e+02 1.807585110433141148e-06 -3.815664465846374753e+00 1.222773277889823198e+09
8.117751094794700174e-04 -1.974100385836098148e+00 8.712875244917502187e+02 2.970774553314629029e-06 -3.393778806536266401e+00 1.222773277891042709e+09
8.156346371083093372e-04 -1.971427271211011245e+00 8.036914504958687075e+02 1.849165635132680911e-06 -3.791143997528968690e+00 1.222773277891763926e+09
8.003290784180435574e-04 -1.986734959798121203e+00 9.500023192465638431e+02 4.048358814440478263e-06 -3.338219768000993959e+00 1.222773277892582417e+09
8.131177916903683470e-04 -1.971340659853017874e+00 8.490725960880215553e+02 2.882586496734560816e-06 -3.582632694356503222e+00 1.222773277892603874e+09
8.006478545899473444e-04 -1.979961519902072142e+00 9.342802173066971818e+02 4.131401762797106485e-06 -3.233170723614077424e+00 1.222773277894782066e+09
8.137071624405204468e-04 -1.973489006818787583e+00 8.520889799700532876e+02 5.142140184410054942e-06 -3.123170021555496056e+00 1.222773277895406246e+09
7.982197473957900824e-04 -1.982769282650973519e+00 9.344707349478264859e+02 2.832670593495706074e-06 -3.442048612131082486e+00 1.222773277895736217e+09
7.984606434408371466e-04 -1.983286786269224722e+00 9.412810469545328260e+02 1.839732708068820156e-06 -3.738463286144251718e+00 1.222773277895951986e+09
8.140551717917865774e-04 -1.972287295112277850e+00 8.305891035429552858e+02 2.056017796420767067e-06 -3.680378204308671464e+00 1.222773277896442652e+09
8.089013793917708200e-04 -1.977130780097271501e+00 8.896582116637043782e+02 4.605156595110306310e-06 -3.000880959691212269e+00 1.222773277897616386e+09
7.988112328492093890e-04 -1.987428179110379389e+00 9.733869261856583535e+02 2.337506230686926363e-06 -3.713347090022788066e+00 1.222773277898431301e+09
8.075588245846837326e-04 -1.975157222174065641e+00 8.958315654506677674e+02 6.647408523307058530e-06 -2.703691561235102903e+00 1.222773277899062157e+09
8.040966035180755964e-04 -1.979534802395912507e+00 8.938362067529888009e+02 6.878932140750836709e-06 -2.690625162564053596e+00 1.222773277900910616e+09
7.952333625174047745e-04 -1.985450908178010287e+00 9.788358425543385692e+02 2.584056275199755627e-06 -3.441391193293775963e+00 1.222773277902226925e+09
7.924940517299020786e-04 -1.990558093661366934e+00 9.808948096129075793e+02 5.093444903975889692e-06 -2.934717005963650038e+00 1.222773277903586864e+09
7.983710242252121990e-04 -1.985381539039411614e+00 9.839491339356181925e+02 3.856480816964803689e-06 -3.109016647965067826e+00 1.222773277903644323e+09
7.982202058025956526e-04 -1.981246275599689799e+00 9.682011438764974400e+02 3.960036914049987714e-06 -3.211993730252244106e+00 1.222773277905763149e+09
8.144488723685376023e-04 -1.971553627169550182e+00 7.960071881043387521e+02 4.548465261803900156e-06 -3.144155501727277979e+00 1.222773277907486677e+09
7.990672227480515423e-04 -1.988344180194250743e+00 9.077121020245888303e+02 2.488607391703363037e-06 -3.598655444068370457e+00 1.222773277908364773e+09
7.992069153391723017e-04 -1.986572557606649747e+00 9.075306345786267457e+02 5.618332067338581540e-06 -2.909331345686264392e+00 1.222773277908405304e+09
8.216372587610021620e-04 -1.965596320885050652e+00 7.823700160661273912e+02 6.182473066331399963e-06 -2.832981224154016431e+00 1.222773277909683466e+09
7.986336661954528430e-04 -1.983389767898581901e+00 9.209049092425490244e+02 2.073244009338879869e-06 -3.717353179218410020e+00 1.222773277909758806e+09
8.109269453380318210e-04 -1.974645510785272506e+00 8.472723720578162556e+02 6.645329740263324357e-06 -2.689582557051158673e+00 1.222773277910019636e+09
8.074864274532736778e-04 -1.977999708854945693e+00 9.171823769722284396e+02 6.501389074226418777e-06 -2.840506833619260263e+00 1.222773277913174868e+09
7.897032309713815585e-04 -1.994408414735873603e+00 9.897663597595923193e+02 3.496124078586589551e-06 -3.395305261050271639e+00 1.222773277913237333e+09
8.068137281020917222e-04 -1.974601362946891481e+00 9.018300778021591668e+02 2.951602792527540381e-06 -3.505065801680766313e+00 1.222773277913396120e+09
8.103375942917284084e-04 -1.975649663347701868e+00 8.768033518676936637e+02 2.165621152056696715e-06 -3.683659316298625086e+00 1.222773277914081812e+09
8.001363881599119930e-04 -1.983905445624934316e+00 9.669169943356782824e+02 7.904342897004739928e-06 -2.656810668315133128e+00 1.222773277914932966e+09
7.962393478352956322e-04 -1.985900932943954089e+00 9.587181259728367877e+02 5.572124982361668427e-06 -2.835464998436428630e+00 1.222773277915045977e+09
7.981170172024464873e-04 -1.984851209962556595e+00 9.443237858133684313e+02 3.752823619058530515e-06 -3.104873549254531184e+00 1.222773277915165186e+09
7.935857289344621333e-04 -1.991430657209603883e+00 9.680607370231872437e+02 5.555652083121465319e-06 -3.026408808200238276e+00 1.222773277915254831e+09
8.116494279563920113e-04 -1.971915174279433192e+00 8.716377515322357112e+02 2.313812899920986201e-06 -3.637290276093738228e+00 1.222773277917108059e+09
8.023024272776460618e-04 -1.981941110598333999e+00 9.676514240498277104e+02 3.682495028642286942e-06 -3.216072780017537269e+00 1.222773277917167425e+09
8.026217780281501507e-04 -1.982978203047587762e+00 9.016033506424623738e+02 2.844852129901554718e-06 -3.357725904268836992e+00 1.222773277917574406e+09
7.930725169559877004e-04 -1.992923032386611393e+00 9.988162616083592411e+02 2.764387137771888827e-06 -3.654304110149341867e+00 1.222773277918152332e+09
7.986915571622073490e-04 -1.981017440678363162e+00 9.606230672022397812e+02 3.867147005385997087e-06 -3.183407856481520248e+00 1.222773277919548273e+09
8.156408859930433259e-04 -1.970827215063646776e+00 8.183824015995295440e+02 7.021635445890398038e-06 -2.692455309080765247e+00 1.222773277920520544e+09
8.130138125829679437e-04 -1.974085915614972153e+00 8.262976896002794547e+02 2.196268515124816947e-06 -3.613821753278028126e+00 1.222773277924561501e+09
8.121518601670891374e-04 -1.973576198083266675e+00 8.706053845170544037e+02 6.249602792536773482e-06 -2.792063303693855580e+00 1.222773277926227570e+09
8.051876831297097694e-04 -1.979308124005075165e+00 8.526861489508900149e+02 3.761605368596944886e-06 -3.283906827205701262e+00 1.222773277927813292e+09
8.208042551391981365e-04 -1.967085058550838816e+00 7.710111593539808155e+02 3.691873324168252479e-06 -3.375763846241484956e+00 1.222773277928110361e+09
7.989940428693174989e-04 -1.988191359335596875e+00 9.176387760104975087e+02 2.523204299501049071e-06 -3.560706693716363169e+00 1.222773277929904461e+09
8.090103633274451506e-04 -1.973818186726913559e+00 9.117978298142569429e+02 3.271697691544751177e-06 -3.411296874202644602e+00 1.222773277930013180e+09
8.098493552910318019e-04 -1.973211435914473455e+00 8.455227250716405933e+02 3.871919926253375303e-06 -3.262145491559803823e+00 1.222773277930320263e+09
8.014867492117864860e-04 -1.985704526309497231e+00 8.977403303795584861e+02 2.664667245257662932e-06 -3.683957069577386001e+00 1.222773277930585384e+09
8.161637694814404377e-04 -1.970126918025089102e+00 8.284621750508363220e+02 6.209537243851228414e-06 -2.934693007234185025e+00 1.222773277931468964e+09
7.969339098214169850e-04 -1.990229827397888229e+00 9.429136526879627809e+02 2.885244916544722453e-06 -3.471186353009149350e+00 1.222773277933853388e+09
8.111187217113333776e-04 -1.977025549370340141e+00 8.521953572966993988e+02 5.916231033661151163e-06 -3.001392339481241400e+00 1.222773277934813976e+09
8.032731841068406313e-04 -1.977242766458231493e+00 9.422287010431247154e+02 4.649870015563555916e-06 -3.002884190210576953e+00 1.222773277934897900e+09
8.097905736025827602e-04 -1.975531784392406509e+00 8.240168786348874619e+02 2.888059757770460699e-06 -3.407408564217838887e+00 1.222773277935093641e+09
8.023456908523717186e-04 -1.978460711631331304e+00 9.665327024392158819e+02 3.264893725782118322e-06 -3.456380723817366274e+00 1.222773277935841322e+09
8.010270101266082649e-04 -1.984035916089340379e+00 9.186136220399903323e+02 3.181659107552388262e-06 -3.257557958787336005e+00 1.222773277936197519e+09
8.047595088514579833e-04 -1.981659309116047929e+00 8.954857877053030961e+02 4.444130447997447740e-06 -3.033228748015410758e+00 1.222773278149624109e+09
8.034524895579014513e-04 -1.981408094430375133e+00 8.854689439442473713e+02 4.920346994484608022e-06 -3.101471240926803041e+00 1.222773278442471266e+09
8.045826908272145275e-04 -1.977913945254262895e+00 8.837164838023020366e+02 4.022271193902726652e-06 -3.226398463086467494e+00 1.222773278146649837e+09
8.056741206530718818e-04 -1.979432422282800363e+00 8.744645552068840288e+02 4.338510382782670109e-06 -3.143621917251891773e+00 1.222773278732720613e+09
8.056741206530718818e-04 -1.979432422282800363e+00 8.744645552068840288e+02 4.338510382782670109e-06 -3.143621917251891773e+00 1.222773278732720613e+09
8.071005455167863055e-04 -1.977773495452872954e+00 8.719467687472539410e+02 4.133151017832668286e-06 -3.229079280151847975e+00 1.222773278777407169e+09
8.071005455167863055e-04 -1.977773495452872954e+00 8.719467687472539410e+02 4.133151017832668286e-06 -3.229079280151847975e+00 1.222773278777407169e+09
8.080425595281998411e-04 -1.979444658601220652e+00 8.386910574268093796e+02 3.653251958714768576e-06 -3.196204135116204270e+00 1.222773277937885046e+09
8.059826101374106561e-04 -1.978738699098293363e+00 8.694191417268710893e+02 3.494362753367088666e-06 -3.281670533958026326e+00 1.222773278605637312e+09
8.055920512982182174e-04 -1.980239430309642890e+00 8.490968912093675272e+02 3.715435353516258806e-06 -3.265979264126633197e+00 1.222773278192851782e+09
8.065279935054029715e-04 -1.978429507383226760e+00 8.732117970114560421e+02 4.265881656883896296e-06 -3.194289509025148632e+00 1.222773278775916338e+09
8.067775346887169716e-04 -1.977906421640823531e+00 8.694325757661172247e+02 3.698227857013036424e-06 -3.363315612811445199e+00 1.222773278523388386e+09
8.067775346887169716e-04 -1.977906421640823531e+00 8.694325757661172247e+02 3.698227857013036424e-06 -3.363315612811445199e+00 1.222773278523388386e+09
8.076250017835777005e-04 -1.980429178581627925e+00 8.331060989031933559e+02 3.809232792453428000e-06 -3.283924151460025698e+00 1.222773278151311398e+09
8.088863515608358699e-04 -1.977340593234411914e+00 8.664206562785306005e+02 3.606647261094166065e-06 -3.166613683963976911e+00 1.222773277963700771e+09
8.067322038231591972e-04 -1.977072043043499594e+00 8.742846782427734524e+02 3.879016336883504928e-06 -3.102368726482253258e+00 1.222773278086534977e+09
8.068701071464528477e-04 -1.980350171646238611e+00 8.760432307662157427e+02 3.503264895613033968e-06 -3.247535250204299118e+00 1.222773278145739555e+09
8.049798337732760531e-04 -1.978362242037962515e+00 8.829068425162315634e+02 3.668274970412655540e-06 -3.399694348509173736e+00 1.222773277964263439e+09
8.050390383885722839e-04 -1.981201058858542030e+00 8.578978989922247820e+02 4.554922148018024526e-06 -3.176324041149880983e+00 1.222773278174994469e+09
8.062615020610138135e-04 -1.981613379260069419e+00 8.623572815782512180e+02 3.777281174039389497e-06 -3.226536454957193101e+00 1.222773278238114834e+09
8.054145608286404287e-04 -1.977802467365768369e+00 9.081785793902857904e+02 4.172826731504043655e-06 -3.226362774483347629e+00 1.222773278699707270e+09
8.054145608286404287e-04 -1.977802467365768369e+00 9.081785793902857904e+02 4.172826731504043655e-06 -3.226362774483347629e+00 1.222773278699707270e+09
8.065967238275633441e-04 -1.976375222523103048e+00 8.931774821172648444e+02 4.707020404576373629e-06 -3.111901724338251185e+00 1.222773278521274328e+09
8.089919713741317454e-04 -1.977331294243550142e+00 8.984425906166648019e+02 4.651219666501246584e-06 -3.153581345941820047e+00 1.222773278133123636e+09
8.099741606279601321e-04 -1.975171918994964582e+00 8.951718360048822660e+02 3.944978668823959390e-06 -3.261724477018356438e+00 1.222773278228740454e+09
8.100049433143376859e-04 -1.972375661203756625e+00 8.959726376766502653e+02 3.980654713424666959e-06 -3.194447303436598773e+00 1.222773278002635479e+09
8.079397298515291793e-04 -1.975587491281318941e+00 9.049395539962119983e+02 3.780194668400628759e-06 -3.260531484345989384e+00 1.222773278499158859e+09
8.079397298515291793e-04 -1.975587491281318941e+00 9.049395539962119983e+02 3.780194668400628759e-06 -3.260531484345989384e+00 1.222773278499158859e+09
8.092100863762868596e-04 -1.975865909492999117e+00 9.008461393983183143e+02 4.117209342977815207e-06 -3.204951427276786724e+00 1.222773278278211355e+09
8.091640580661830671e-04 -1.972970446670097910e+00 8.818514812788286008e+02 4.205467058023931592e-06 -3.214950375684168193e+00 1.222773278023017406e+09
8.082097008268336862e-04 -1.975204348285012568e+00 8.849070048950459295e+02 3.955886626890756025e-06 -3.122675798877146747e+00 1.222773278298943043e+09
8.073139934812582387e-04 -1.975372553437430012e+00 9.090989392568940275e+02 3.983689282727015527e-06 -3.154854687852120421e+00 1.222773278304850817e+09
8.036894642005782676e-04 -1.981520278393079426e+00 8.915047708488885974e+02 5.125918689073895842e-06 -2.991484964440394023e+00 1.222773278609822989e+09
8.041062196920633308e-04 -1.978820969602150370e+00 9.177651912376780956e+02 6.572966302038471760e-06 -2.819470117790662478e+00 1.222773278292103291e+09
8.041062196920633308e-04 -1.978820969602150370e+00 9.177651912376780956e+02 6.572966302038471760e-06 -2.819470117790662478e+00 1.222773278292103291e+09
8.058731898037623615e-04 -1.976270435432963213e+00 9.274125876225930369e+02 4.871117602831336522e-06 -2.952878770516482732e+00 1.222773278032333374e+09
8.038513635934484928e-04 -1.980897999463996140e+00 8.979450697108929944e+02 5.741032607882488031e-06 -2.850965257175064771e+00 1.222773278396651030e+09
8.054475026074938608e-04 -1.980226813201025005e+00 8.572872754325684355e+02 5.464164270525950191e-06 -2.994692313795789929e+00 1.222773278049358845e+09
8.098674669384533197e-04 -1.976436283174038966e+00 8.611857632131703895e+02 5.733005105572160791e-06 -2.972177614408194835e+00 1.222773278503441095e+09
8.098674669384533197e-04 -1.976436283174038966e+00 8.611857632131703895e+02 5.733005105572160791e-06 -2.972177614408194835e+00 1.222773278503441095e+09
8.088075949032381452e-04 -1.975629189532196461e+00 9.011880157397534958e+02 6.743165079931736387e-06 -2.813364749799340814e+00 1.222773278070002317e+09
8.062946542829980490e-04 -1.978263969175956039e+00 8.984179541399485061e+02 6.423645922993309749e-06 -2.785110365838070479e+00 1.222773278391754389e+09
8.081587697465491714e-04 -1.975399254791710302e+00 8.780212867178850047e+02 6.693929845887895650e-06 -2.736893825753899279e+00 1.222773278097573996e+09
8.071014381429732470e-04 -1.976306709099362457e+00 9.111668681814700221e+02 5.571739149205834067e-06 -2.983903724962290838e+00 1.222773278378648996e+09
8.061208820054950206e-04 -1.979903838618028544e+00 8.844482135049967155e+02 5.111255839875341726e-06 -2.938318926629237993e+00 1.222773278376526833e+09
8.062852698598678598e-04 -1.979610107562663757e+00 9.099207978921025415e+02 6.501662912240908957e-06 -2.827570718357656609e+00 1.222773278188142061e+09
8.072127911471831075e-04 -1.977774249258379857e+00 8.899183066387026884e+02 5.524065213692173399e-06 -2.846508029887583113e+00 1.222773278227895975e+09
8.091563580554539956e-04 -1.978811680726641153e+00 8.543879734522269018e+02 6.586295679725702298e-06 -2.842703530857561667e+00 1.222773278027521849e+09
8.032631068692780993e-04 -1.981480789561761657e+00 9.126156533441570673e+02 7.770380510619746047e-06 -2.686026089005046913e+00 1.222773277974693537e+09
8.050262757936665773e-04 -1.977001439463418553e+00 9.170729727852834685e+02 5.371160810673946273e-06 -2.878649417169165226e+00 1.222773278153659821e+09
8.059314565648586929e-04 -1.981130536025930144e+00 8.720062890468545902e+02 6.034697649638688519e-06 -2.868013264697058418e+00 1.222773278223607302e+09
8.086730724477351898e-04 -1.974520490560593089e+00 9.059947332410420131e+02 5.384077224203098393e-06 -2.969324500384844079e+00 1.222773278229252815e+09
8.050375227457940092e-04 -1.977980873884914725e+00 8.931376584538942325e+02 6.048582540393835352e-06 -2.820002374487325270e+00 1.222773278186368227e+09
8.052657510523216758e-04 -1.979992393770933834e+00 8.655955640813845093e+02 5.168913988066661593e-06 -2.971843705466836738e+00 1.222773278288336277e+09
8.052264681244483083e-04 -1.981340106377569965e+00 8.870975565023971967e+02 5.365559643029235514e-06 -2.917409871517164355e+00 1.222773278304161787e+09
8.106306789734155863e-04 -1.973527131265391477e+00 8.775186425263472074e+02 5.184476171328072100e-06 -2.893146027197413872e+00 1.222773278026325703e+09
8.050916586132483236e-04 -1.980888196288373315e+00 8.959534841985528146e+02 4.841459910067563359e-06 -2.974397890412795675e+00 1.222773278319865465e+09
8.052408417313225908e-04 -1.977119332162995846e+00 9.284423814810417070e+02 5.943590269930603232e-06 -2.901956176218698502e+00 1.222773278276979923e+09
8.065851039889259397e-04 -1.977683207802109155e+00 9.073724077431313617e+02 3.166031284989960262e-06 -3.316998498247496485e+00 1.222773278265769005e+09
8.063871594563328925e-04 -1.978728539704690759e+00 8.946016643692387333e+02 3.073447191900731723e-06 -3.463222704178426703e+00 1.222773278803029776e+09
8.063871594563328925e-04 -1.978728539704690759e+00 8.946016643692387333e+02 3.073447191900731723e-06 -3.463222704178426703e+00 1.222773278803029776e+09
8.076352516205919990e-04 -1.980335073040993432e+00 8.765815976979580455e+02 2.526460848119593573e-06 -3.623177768896404416e+00 1.222773278098585129e+09
8.064282695221386410e-04 -1.978067520261922896e+00 8.594603593682168139e+02 2.030675070410410630e-06 -3.794293434620832350e+00 1.222773278185132027e+09
8.066282463664209597e-04 -1.977259751917477493e+00 8.702670368518943178e+02 2.001146506745708458e-06 -3.830898012813356956e+00 1.222773278153165340e+09
8.056144297723046195e-04 -1.977791669970434985e+00 8.831366750096553915e+02 2.643189891872577576e-06 -3.614235211763834776e+00 1.222773278373107433e+09
8.090303756573659702e-04 -1.976161096826550612e+00 8.822069685187001369e+02 1.837534143795697309e-06 -3.816549638132505251e+00 1.222773278005849361e+09
8.078886690707988601e-04 -1.976978129881982404e+00 8.821416066662907269e+02 1.910811934024025954e-06 -3.747746733208054515e+00 1.222773278115615368e+09
8.053267426012013230e-04 -1.981286888156821746e+00 8.555747895083986805e+02 2.843312489452411564e-06 -3.528062300199563239e+00 1.222773278375959635e+09
8.089970902361923177e-04 -1.977906860320957971e+00 8.527587809828841046e+02 4.861327238303659050e-06 -3.196618842801189686e+00 1.222773278053633213e+09
8.099762799679328549e-04 -1.978341920618491789e+00 8.434163605021906278e+02 4.092493351406876842e-06 -3.235038929612116476e+00 1.222773278459233761e+09
8.100375689737354190e-04 -1.976455738897241687e+00 8.287415805502025705e+02 4.251293399769143763e-06 -3.050368352336375821e+00 1.222773277958931923e+09
8.104756851570365291e-04 -1.977978316427960737e+00 8.497718870163062093e+02 5.058154575847760746e-06 -2.977555931845085269e+00 1.222773277985058069e+09
8.070018945335659345e-04 -1.981766234368017354e+00 8.436225692130770994e+02 4.684005528801391533e-06 -3.134535884865619515e+00 1.222773277990106106e+09
8.078961710291982954e-04 -1.978943794067728135e+00 8.484658127532143226e+02 4.854860421202735843e-06 -3.049179534094824895e+00 1.222773278472803593e+09
8.108298738068021958e-04 -1.977552603824549227e+00 8.578535371876297404e+02 4.292917479827721016e-06 -3.165392755300376670e+00 1.222773278130852938e+09
8.112937347320341511e-04 -1.977408203000838638e+00 8.466236615862334247e+02 4.989236426050441890e-06 -3.019332493482363766e+00 1.222773278042425394e+09
8.077904919709940701e-04 -1.977398743017192428e+00 8.720042149209797344e+02 4.623081421797786547e-06 -3.090702448742479902e+00 1.222773278790080786e+09
8.077904919709940701e-04 -1.977398743017192428e+00 8.720042149209797344e+02 4.623081421797786547e-06 -3.090702448742479902e+00 1.222773278790080786e+09
8.076613827022240686e-04 -1.978663888910199953e+00 8.618417796291204240e+02 4.917444701704696656e-06 -3.065790367954849494e+00 1.222773278676999807e+09
8.076613827022240686e-04 -1.978663888910199953e+00 8.618417796291204240e+02 4.917444701704696656e-06 -3.065790367954849494e+00 1.222773278676999807e+09
8.103673434529791528e-04 -1.976525980399929328e+00 8.432642205454361601e+02 4.582917874442811066e-06 -3.113659862430695924e+00 1.222773278672093391e+09
8.112697408433765418e-04 -1.971932224944433543e+00 8.606374005450551294e+02 4.560503250486461541e-06 -3.116205792125239071e+00 1.222773278256291151e+09
8.077120805450164380e-04 -1.976574835028499955e+00 8.814439761277980097e+02 4.380762442278894463e-06 -3.023678849542880798e+00 1.222773278297502279e+09
8.097706399015635074e-04 -1.974204817471849838e+00 8.581732354897760615e+02 4.812140837151789854e-06 -2.939045756342241411e+00 1.222773278078472376e+09
8.103706413189886186e-04 -1.975526576778767751e+00 8.769106533236983978e+02 4.142297691651298367e-06 -3.146423580413509669e+00 1.222773278349641800e+09
8.094035600230970037e-04 -1.974795268827577388e+00 8.639815436596995823e+02 4.195281965505514343e-06 -3.062080781130550378e+00 1.222773278255804539e+09
8.113454482174870972e-04 -1.973111989583774539e+00 8.771532182996674010e+02 4.178472293063883298e-06 -3.091854371862763351e+00 1.222773278054075241e+09
8.112590608421243544e-04 -1.975250490579244289e+00 8.670316212687413326e+02 4.660391379397710401e-06 -3.181649102695278231e+00 1.222773278310454130e+09
8.112590608421243544e-04 -1.975250490579244289e+00 8.670316212687413326e+02 4.660391379397710401e-06 -3.181649102695278231e+00 1.222773278310454130e+09
8.090135540144272443e-04 -1.976128091524336661e+00 8.798154614968350415e+02 5.296165047181009408e-06 -3.102248150892095602e+00 1.222773278197158575e+09
8.079247760970425466e-04 -1.976683488825881518e+00 8.943003021856291070e+02 5.394528621131798471e-06 -3.076162919935681472e+00 1.222773278244361877e+09
8.112921878774173156e-04 -1.975367482219723581e+00 8.532813105643922427e+02 5.265509646249023741e-06 -3.115742066394884269e+00 1.222773278119850636e+09
8.076886502452682026e-04 -1.977172533359036422e+00 8.918293064746305845e+02 3.161883230075240777e-06 -3.393291577143185300e+00 1.222773278663227081e+09
8.077846235997300983e-04 -1.977464129948075078e+00 8.674405412815549425e+02 2.527759630349410043e-06 -3.668839121793402214e+00 1.222773278494353294e+09
8.073855710760636985e-04 -1.980627150657901403e+00 8.575781785225459544e+02 2.934924026935984289e-06 -3.547968004070981785e+00 1.222773278353767395e+09
8.086006800772731727e-04 -1.978625220628803749e+00 8.926176278950904361e+02 3.347554819753551896e-06 -3.421538999950893611e+00 1.222773278035409451e+09
8.065863091708602240e-04 -1.977048116122661181e+00 8.911115659205080419e+02 2.882493307607950173e-06 -3.453491006519369577e+00 1.222773278651081085e+09
8.065863091708602240e-04 -1.977048116122661181e+00 8.911115659205080419e+02 2.882493307607950173e-06 -3.453491006519369577e+00 1.222773278651081085e+09
8.117455660786173591e-04 -1.976255109262724741e+00 8.331448424682176892e+02 3.869116386384278393e-06 -3.322858544298288308e+00 1.222773278477455139e+09
8.111578746495174850e-04 -1.975014204231534176e+00 8.554309655069903329e+02 2.783300862246183825e-06 -3.626624356582095032e+00 1.222773278172028542e+09
8.125074185552833873e-04 -1.972946279668510883e+00 8.330903487347537748e+02 2.889366392549334198e-06 -3.550776342293995747e+00 1.222773278364624977e+09
8.125074185552833873e-04 -1.972946279668510883e+00 8.330903487347537748e+02 2.889366392549334198e-06 -3.550776342293995747e+00 1.222773278364624977e+09
8.113791746557069825e-04 -1.975094599394884298e+00 8.392522116421242799e+02 2.447912750959058749e-06 -3.513556788224862615e+00 1.222773278040811539e+09
8.100068502946950562e-04 -1.973863208526681401e+00 8.682374123952231457e+02 3.614077759174897213e-06 -3.414907467497499738e+00 1.222773278013668060e+09
8.135827467216310118e-04 -1.974637903698224450e+00 8.490674059069552868e+02 3.674806201671425122e-06 -3.313768559538123881e+00 1.222773277962155819e+09
8.101584490530113055e-04 -1.978499617566571001e+00 8.273131838091823056e+02 3.758208047048473939e-06 -3.350165544267133200e+00 1.222773278237116575e+09
8.092465146201609488e-04 -1.977472590973540889e+00 8.408575321176001580e+02 3.543797049690434817e-06 -3.320780171175833573e+00 1.222773278653613329e+09
8.079053256724973630e-04 -1.976941005613856328e+00 8.601386085139408806e+02 3.172123913263801118e-06 -3.324318722974666684e+00 1.222773278450425148e+09
8.113401411819386655e-04 -1.976466062865781748e+00 8.506986298432324247e+02 2.908343545871771871e-06 -3.514934625404892543e+00 1.222773278332292557e+09
8.111943973477350094e-04 -1.973998689772973103e+00 8.332446510980322500e+02 2.892404730914946823e-06 -3.367397431199435687e+00 1.222773278072578907e+09
8.108765623003596828e-04 -1.975417810772795324e+00 8.398808599180650845e+02 2.687157267072666925e-06 -3.663627859802707221e+00 1.222773278088864803e+09
8.103056032527970959e-04 -1.977012528644886524e+00 8.365700254631005919e+02 3.056103866047912946e-06 -3.387656974282762690e+00 1.222773278403895140e+09
8.079810539192444369e-04 -1.979241946028000632e+00 8.324473254125582571e+02 3.115260464148608331e-06 -3.397913797332172692e+00 1.222773278210394144e+09
8.081208453186703757e-04 -1.977957122048387806e+00 8.545229964389801580e+02 3.479751113732127980e-06 -3.272871346893388989e+00 1.222773278560373068e+09
8.081208453186703757e-04 -1.977957122048387806e+00 8.545229964389801580e+02 3.479751113732127980e-06 -3.272871346893388989e+00 1.222773278560373068e+09
8.061997790881199289e-04 -1.978273824858950647e+00 8.568242634247901606e+02 3.254049074248583445e-06 -3.393730957431879247e+00 1.222773278351353645e+09
8.078850307823787560e-04 -1.978537400333725937e+00 8.692427910395689423e+02 2.850200529921309642e-06 -3.518510606642483829e+00 1.222773278704723835e+09
8.078850307823787560e-04 -1.978537400333725937e+00 8.692427910395689423e+02 2.850200529921309642e-06 -3.518510606642483829e+00 1.222773278704723835e+09
8.079017074922232016e-04 -1.980841224617491569e+00 8.420473871288730834e+02 2.651944734019523086e-06 -3.640343084767305726e+00 1.222773278012994766e+09
8.122310346725952626e-04 -1.974435030578685746e+00 8.544772772863979071e+02 2.665680930855432354e-06 -3.550727903142734121e+00 1.222773278278574467e+09
8.095556250880510873e-04 -1.978419697330503269e+00 8.450321789832167951e+02 3.033129867830527925e-06 -3.492481314491179489e+00 1.222773278481827736e+09
8.095556250880510873e-04 -1.978419697330503269e+00 8.450321789832167951e+02 3.033129867830527925e-06 -3.492481314491179489e+00 1.222773278481827736e+09
8.114495905753983749e-04 -1.975504009451782172e+00 8.184592662651141382e+02 3.218857895865130282e-06 -3.361895443696045760e+00 1.222773278392596483e+09
8.114495905753983749e-04 -1.975504009451782172e+00 8.184592662651141382e+02 3.218857895865130282e-06 -3.361895443696045760e+00 1.222773278392596483e+09
8.110210087276325348e-04 -1.975070470945560208e+00 8.285673905213440094e+02 3.243594483227124426e-06 -3.477846592151499827e+00 1.222773278286374092e+09
8.108599389827579043e-04 -1.976592343753695857e+00 8.298245191212655527e+02 4.165224047577869634e-06 -3.286688254542760035e+00 1.222773278316140175e+09
8.093461478017090899e-04 -1.974277072106447317e+00 8.971270699276602727e+02 3.299948281389813950e-06 -3.279201649301725752e+00 1.222773277937381744e+09
8.076785626759195712e-04 -1.979563736708596533e+00 8.464236867211585604e+02 3.406828434424226874e-06 -3.301748933486995163e+00 1.222773278354490519e+09
8.100478013981424457e-04 -1.976426560367351648e+00 8.498347924237230018e+02 3.468982299090647778e-06 -3.428283945354844597e+00 1.222773278538664103e+09
8.110772002981351744e-04 -1.976931911711297785e+00 8.552915081959552026e+02 2.885803331462594212e-06 -3.525544479961479460e+00 1.222773278201405764e+09
8.089484294320452426e-04 -1.978091015150769794e+00 8.747680057955869870e+02 3.674324473083144611e-06 -3.395786386544415336e+00 1.222773278324329376e+09
8.115245435019489495e-04 -1.974484862381873818e+00 8.526254771927705178e+02 3.587185079061966725e-06 -3.321627922652599096e+00 1.222773278695216894e+09
8.115245435019489495e-04 -1.974484862381873818e+00 8.526254771927705178e+02 3.587185079061966725e-06 -3.321627922652599096e+00 1.222773278695216894e+09
8.102801432051078478e-04 -1.975298123352641433e+00 8.770991856864081910e+02 2.997543639479668940e-06 -3.537226948021098494e+00 1.222773278276748180e+09
8.078717836571634031e-04 -1.975740110627794532e+00 8.710156121075536930e+02 3.327743093913789164e-06 -3.245064039781455634e+00 1.222773278166096449e+09
8.064682736081871771e-04 -1.977068869614373448e+00 8.651858872627663004e+02 2.075849908881382549e-06 -3.693018900897981460e+00 1.222773278066826582e+09
8.103345827986870335e-04 -1.975585648507287129e+00 8.517627684878167429e+02 2.146765995304450670e-06 -3.799157466253205051e+00 1.222773278251970530e+09
8.076524048628359225e-04 -1.977817908976154726e+00 8.393563662024581618e+02 2.194573094173340783e-06 -3.749497273154264398e+00 1.222773278029834747e+09
8.091563487136653682e-04 -1.978021495146636610e+00 8.473091353319974814e+02 1.919034792963523024e-06 -3.784275647352165706e+00 1.222773278147445679e+09
8.111102483276801198e-04 -1.975318152848549058e+00 8.374986069986210850e+02 2.247663086503989496e-06 -3.638439788168913225e+00 1.222773278316226721e+09
8.113570601174791008e-04 -1.975753003467713320e+00 8.381787873892579910e+02 1.735945419722493358e-06 -3.879602064263464989e+00 1.222773278039057016e+09
8.087313670410157780e-04 -1.976283614219116025e+00 8.479102954410390112e+02 4.137445537943514120e-06 -3.220790860821283630e+00 1.222773278529191971e+09
8.087550052845533712e-04 -1.978545952589414902e+00 8.367395587806553294e+02 3.305249475031334430e-06 -3.344826440058952244e+00 1.222773278408249617e+09
8.090165281190478093e-04 -1.978213797517367034e+00 8.411684649215179661e+02 5.113748683151749707e-06 -2.972400387221718177e+00 1.222773278298183680e+09
8.083260557804230854e-04 -1.976877063575111837e+00 8.489949797400423677e+02 1.571152302965070240e-06 -3.976007387235628521e+00 1.222773278023219347e+09
8.102107137709975036e-04 -1.976145158701843485e+00 8.550679654129830851e+02 1.954440665867137168e-06 -3.882992767146363988e+00 1.222773278070436239e+09
8.143852521319593432e-04 -1.972024871707115823e+00 7.919194815483187995e+02 2.784155472230706579e-06 -3.517455325692464996e+00 1.222773277957921505e+09
8.176940407305201882e-04 -1.970506016173765307e+00 7.829203425876428355e+02 3.450945027992234122e-06 -3.356422569018278956e+00 1.222773278347028494e+09
8.176940407305201882e-04 -1.970506016173765307e+00 7.829203425876428355e+02 3.450945027992234122e-06 -3.356422569018278956e+00 1.222773278347028494e+09
8.102980588357864894e-04 -1.971774580333133908e+00 8.752775966487055257e+02 3.927772359460726743e-06 -3.169615150793077873e+00 1.222773277947746277e+09
8.100149303170703016e-04 -1.974461139220347494e+00 8.435191086490879115e+02 3.508907455158625155e-06 -3.326710647397947973e+00 1.222773278488112211e+09
8.100149303170703016e-04 -1.974461139220347494e+00 8.435191086490879115e+02 3.508907455158625155e-06 -3.326710647397947973e+00 1.222773278488112211e+09
8.059994100469822145e-04 -1.977175464932586335e+00 9.038487853890197812e+02 6.491524578151960702e-06 -2.850498011746781302e+00 1.222773278232731819e+09
8.122733499613263774e-04 -1.975607401650268713e+00 8.505223980719830479e+02 6.293183726709736310e-06 -2.911985917600508067e+00 1.222773278001497269e+09
8.089027206046701338e-04 -1.975104362275190040e+00 8.612869910246098470e+02 5.080426414710869847e-06 -3.020681167534918110e+00 1.222773278465865135e+09
8.062470210059488867e-04 -1.977288421286545805e+00 8.760265478307270541e+02 3.362081657284888754e-06 -3.440077197786664875e+00 1.222773278280781031e+09
8.113320479286611521e-04 -1.972912959045491021e+00 8.468827154550953082e+02 3.211640694606146419e-06 -3.480985298296595865e+00 1.222773278152720690e+09
8.109309103199789735e-04 -1.973827092106736902e+00 8.587910842732128458e+02 4.570710497106052324e-06 -3.175107223546581814e+00 1.222773278489202023e+09
8.085607378565601907e-04 -1.979604515700053025e+00 8.468172616175461371e+02 2.556973118964891587e-06 -3.565249496992042744e+00 1.222773278200125694e+09
8.079258548242583896e-04 -1.979394095762993633e+00 8.552460642268661104e+02 3.517232227519573486e-06 -3.338564191759453514e+00 1.222773278640398502e+09
8.166899240663599976e-04 -1.971034154426039686e+00 8.147348746494268426e+02 5.935842451381703463e-06 -2.912285368579683897e+00 1.222773278220436335e+09
8.085438738885489815e-04 -1.979238545642914460e+00 8.537023608513870840e+02 1.770858685292366138e-06 -3.895508196040125881e+00 1.222773277989553452e+09
8.083207620372664720e-04 -1.979631641322283198e+00 8.624895713498960959e+02 3.508503111506956749e-06 -3.339907819750182583e+00 1.222773278447079897e+09
8.077235811595947232e-04 -1.974539969457846489e+00 8.750941183554671170e+02 3.957056655666067515e-06 -3.192289541616238679e+00 1.222773278170093298e+09
8.132149505801212737e-04 -1.972810740390771089e+00 8.064356063361599354e+02 3.006933991293306458e-06 -3.439617197333747711e+00 1.222773278223903179e+09
8.126802410463621019e-04 -1.973585607674591680e+00 8.513315150328105574e+02 2.696815713143207322e-06 -3.488053846919691559e+00 1.222773278164498329e+09
8.064636024424184273e-04 -1.976987816673460241e+00 8.911979552306750065e+02 3.756770125376773933e-06 -3.300404115361592616e+00 1.222773278704893351e+09
8.064636024424184273e-04 -1.976987816673460241e+00 8.911979552306750065e+02 3.756770125376773933e-06 -3.300404115361592616e+00 1.222773278704893351e+09
8.100688571522108054e-04 -1.975111909002721378e+00 8.281970292843939205e+02 2.755896271914067850e-06 -3.502910064398085055e+00 1.222773278224342346e+09
8.055796913081421937e-04 -1.979790861035977567e+00 8.737396939655843653e+02 3.099657591721833590e-06 -3.534061710253659783e+00 1.222773278396743298e+09
8.055796913081421937e-04 -1.979790861035977567e+00 8.737396939655843653e+02 3.099657591721833590e-06 -3.534061710253659783e+00 1.222773278396743298e+09
8.056955212536362184e-04 -1.976189101740006393e+00 9.093002301317347928e+02 3.457529490667105329e-06 -3.317386846313020499e+00 1.222773278397413254e+09
8.074795215008295519e-04 -1.979161668734543245e+00 8.347285561021274134e+02 2.543956267319821835e-06 -3.556908235769139282e+00 1.222773278104334593e+09
8.122309383080707212e-04 -1.974929567963768395e+00 8.273756055430469587e+02 4.230616735858351030e-06 -3.048035585715141771e+00 1.222773277997007608e+09
8.049944452205104808e-04 -1.982541110338791324e+00 8.766300849839664124e+02 5.880624862050333080e-06 -2.955803314728072451e+00 1.222773278134579420e+09
8.116633922611286465e-04 -1.972405887752863407e+00 8.728387677825536457e+02 6.602097122743586726e-06 -2.785981919157977771e+00 1.222773278037039995e+09
8.051256117041276318e-04 -1.982195356443910539e+00 8.736665267360230018e+02 5.291875770595531168e-06 -2.941879086328247794e+00 1.222773278139008760e+09
8.050449648124742563e-04 -1.980556119127598658e+00 8.606355952281805912e+02 3.849511723462941213e-06 -3.294334604943800038e+00 1.222773278378611803e+09
8.107239849828013325e-04 -1.974680339419146780e+00 8.676157206711666277e+02 3.616147319214358423e-06 -3.248583562636193633e+00 1.222773278474955797e+09
8.076889744275556624e-04 -1.975966061321156708e+00 8.909735793957629539e+02 4.831287347603605595e-06 -3.035987437651184173e+00 1.222773278622946262e+09
8.124541531635298165e-04 -1.976010952876192439e+00 8.342509125926549132e+02 2.653142175386947363e-06 -3.521589296719083606e+00 1.222773278031492233e+09
8.108336449296258243e-04 -1.973724206717236251e+00 8.627875363009376315e+02 2.466473527354605915e-06 -3.691159941409148715e+00 1.222773278147192717e+09
8.114355395439410996e-04 -1.974724695558714771e+00 8.458609763883845289e+02 4.868303851655828955e-06 -2.960135147622145801e+00 1.222773278291378736e+09
8.139083974024220736e-04 -1.972934929648989755e+00 8.371510344209208370e+02 5.713427586931321322e-06 -2.877377838405680066e+00 1.222773278259039164e+09
8.107591314642611157e-04 -1.975064517201290837e+00 8.577695254789513228e+02 6.800081401225696265e-06 -2.869201226048761377e+00 1.222773277975800514e+09
8.090619674597120852e-04 -1.976307898749828595e+00 8.765404544771606652e+02 7.487630249683042323e-06 -2.699259195063760330e+00 1.222773278072207451e+09
8.123005634290993409e-04 -1.974272223123060499e+00 8.467697878032091694e+02 7.385500380680756946e-06 -2.704806122952052583e+00 1.222773278005075932e+09
8.154017166724830722e-04 -1.971329899518085682e+00 8.051600421993632608e+02 6.238716249834075092e-06 -2.861817250426908821e+00 1.222773278115614891e+09
8.118596872353991837e-04 -1.974025013489042912e+00 8.462237172801159204e+02 4.491020556046399931e-06 -3.081026228552507185e+00 1.222773278600493670e+09
8.124605437194550766e-04 -1.972607132645351591e+00 8.370267027968748152e+02 5.482358488217941146e-06 -2.931471975100304661e+00 1.222773278398284674e+09
8.152898721561185587e-04 -1.970880024485978321e+00 8.113895608963500763e+02 4.907265092708707820e-06 -2.988632376437310612e+00 1.222773278317246914e+09
8.138794782132921990e-04 -1.971923879012135394e+00 8.209985032333545405e+02 6.440793280010268155e-06 -2.880445587109393912e+00 1.222773277957728863e+09
8.110001428763342251e-04 -1.973927379211185773e+00 8.663973771390593583e+02 6.432453722067557951e-06 -2.858574685517948133e+00 1.222773278261604548e+09
8.159678759304910250e-04 -1.971326676363054808e+00 8.184273901744810473e+02 6.614724091409357258e-06 -2.768549018556035080e+00 1.222773278060685635e+09
8.107398149182816092e-04 -1.976746318264049673e+00 8.219141904565619825e+02 4.780515111903219695e-06 -3.082258046495983450e+00 1.222773278341304064e+09
8.182069373976148590e-04 -1.969928393111168852e+00 7.827585781381114884e+02 6.103814759232536563e-06 -2.863880496094533434e+00 1.222773278035702467e+09
8.147906807239315655e-04 -1.974781098997026696e+00 8.044241940918084310e+02 5.483900854360668374e-06 -2.993429581238165049e+00 1.222773278028105736e+09
8.137524568202424927e-04 -1.974930169652475032e+00 8.062548460665258290e+02 4.639982836727269727e-06 -3.048070310028362151e+00 1.222773278131419420e+09
8.098512145554957612e-04 -1.973966109010828696e+00 8.637463762836094929e+02 6.112364253447763583e-06 -2.807127503515712164e+00 1.222773278182019711e+09
8.151907420663405922e-04 -1.970873464661169194e+00 8.227642560703390018e+02 6.658078570223707987e-06 -2.793416351858698299e+00 1.222773278129799366e+09
8.090827728906509241e-04 -1.974379711458919218e+00 8.710982973509169369e+02 6.989409520309582246e-06 -2.722149227809871341e+00 1.222773277959647179e+09
8.166441190761737764e-04 -1.972647811921015126e+00 7.997012806686196882e+02 5.500971869967130209e-06 -3.020326547843414033e+00 1.222773278076598406e+09
8.138264494030511467e-04 -1.971826417279361365e+00 8.204976067596707026e+02 4.985840838826565976e-06 -3.117506994910296925e+00 1.222773278135685444e+09
8.113629756518565481e-04 -1.974287046312069638e+00 8.429611229563984125e+02 5.289133072039229068e-06 -3.050664675108852641e+00 1.222773278438259363e+09
8.114598420561223643e-04 -1.973403674385355799e+00 8.468195038487751845e+02 5.389810002010956491e-06 -2.960151498898213163e+00 1.222773278482393265e+09
8.114598420561223643e-04 -1.973403674385355799e+00 8.468195038487751845e+02 5.389810002010956491e-06 -2.960151498898213163e+00 1.222773278482393265e+09
8.090404845214591066e-04 -1.977995381568196764e+00 8.441216249810581758e+02 5.398310271842766588e-06 -3.050770347079982514e+00 1.222773278283374786e+09
8.151566363304014974e-04 -1.973316589389567000e+00 7.894391695613742286e+02 5.181775960362578513e-06 -3.019015030406801969e+00 1.222773278080495834e+09
8.110302034968642354e-04 -1.975206038034129641e+00 8.317229449300767783e+02 4.693341605165998622e-06 -3.067759350218315362e+00 1.222773278541907787e+09
8.110302034968642354e-04 -1.975206038034129641e+00 8.317229449300767783e+02 4.693341605165998622e-06 -3.067759350218315362e+00 1.222773278541907787e+09
8.120656818511524152e-04 -1.973666830667106353e+00 8.135951855413453586e+02 2.193620178791377571e-06 -3.646226819519094775e+00 1.222773277945340157e+09
8.161062949985345340e-04 -1.971173319037847982e+00 8.037379382240050063e+02 2.361241306129051887e-06 -3.724599295697612611e+00 1.222773278055802345e+09
8.149878864463157464e-04 -1.969305184879287740e+00 8.175849601241915252e+02 3.168264538630270989e-06 -3.342390775089052468e+00 1.222773278001919270e+09
8.149314664647128517e-04 -1.969287988901504027e+00 8.454789844373119649e+02 3.108331715608085286e-06 -3.399279385000493647e+00 1.222773278012681484e+09
8.152096446549932400e-04 -1.970372236195821358e+00 8.187767389068256989e+02 3.067112196512365590e-06 -3.447023742352124387e+00 1.222773278399315119e+09
8.194154793360121673e-04 -1.967844763706004141e+00 8.009744138835254716e+02 2.753598209544648487e-06 -3.525824928596299479e+00 1.222773278026375532e+09
8.202738607237603299e-04 -1.968412015322048347e+00 7.709048172759049748e+02 2.987020284623210255e-06 -3.512740257745453398e+00 1.222773278106689692e+09
8.191388593358632812e-04 -1.968193684672368882e+00 7.844924010045958767e+02 3.065765127746941354e-06 -3.354018990836056702e+00 1.222773278024674416e+09
8.182562953869212561e-04 -1.969848224232691791e+00 8.007506066861188856e+02 2.970668585190834048e-06 -3.524452513822406985e+00 1.222773278148235321e+09
8.192179351217386291e-04 -1.968690791885837843e+00 7.970563913548011215e+02 3.421006804383607728e-06 -3.316598727698164772e+00 1.222773278169242620e+09
8.162801962914140695e-04 -1.972239693542785277e+00 7.780715338727934522e+02 2.974282173739440781e-06 -3.508385304802613014e+00 1.222773278025388479e+09
8.171841528770225523e-04 -1.970623986587982213e+00 8.087137453481760758e+02 3.201443388489907989e-06 -3.458185382096177207e+00 1.222773278285510302e+09
8.191684955404355097e-04 -1.970178316583458766e+00 7.642674635524365385e+02 3.049357200420513891e-06 -3.434364685993886113e+00 1.222773278026519060e+09
8.163362779341582984e-04 -1.969662118499405867e+00 7.980080934877345271e+02 2.666421941808143835e-06 -3.522382311502926910e+00 1.222773278160696268e+09
8.209790561174802387e-04 -1.966367704241043235e+00 7.785447798404806008e+02 2.518300036729841084e-06 -3.622066661976403701e+00 1.222773277946016550e+09
8.142931262634071779e-04 -1.969430936041799196e+00 8.394027141208194962e+02 2.929143280893102562e-06 -3.427131621305141707e+00 1.222773277994868279e+09
8.198722486360887412e-04 -1.968579758890484310e+00 7.944691385223488851e+02 3.105131870142425115e-06 -3.480264400138983305e+00 1.222773278022459745e+09
8.171684121423132855e-04 -1.970877024817469847e+00 7.877112126519623416e+02 2.911091336566591647e-06 -3.527043753403635407e+00 1.222773278262704372e+09
8.203985091364736099e-04 -1.966165075010582797e+00 8.013207490514422489e+02 3.987260171629011295e-06 -3.264909839478608689e+00 1.222773277997077465e+09
8.181775344724892800e-04 -1.969242194065930596e+00 7.690452265138222856e+02 3.843059587932375474e-06 -3.243309816037155180e+00 1.222773277962672234e+09
8.117665231958666287e-04 -1.974450923964856663e+00 8.291725443206568116e+02 2.219550050417753436e-06 -3.695385214341492031e+00 1.222773278379901409e+09
8.157398185712261057e-04 -1.969251187344735143e+00 8.192172207712169438e+02 2.689125209932652815e-06 -3.466083760743199349e+00 1.222773278005676031e+09
8.222201851445142201e-04 -1.965739988225609469e+00 7.678241717613741457e+02 2.834430614439867817e-06 -3.546224292531026556e+00 1.222773277949477673e+09
8.213445753236336792e-04 -1.967411110291779952e+00 7.782439940254382691e+02 3.284070988743967496e-06 -3.339439030717755941e+00 1.222773277991821289e+09
8.208033761110407984e-04 -1.968661727272958961e+00 7.813344301713284494e+02 4.912032707713566705e-06 -3.037443506293385553e+00 1.222773278021625996e+09
8.226516071813096609e-04 -1.964338636121228499e+00 7.725591873543559132e+02 4.507302345247793093e-06 -3.113479564743314221e+00 1.222773278034452915e+09
8.182178093114223384e-04 -1.967358549792299183e+00 7.912747576759431922e+02 4.495724000443411402e-06 -3.046363175766554576e+00 1.222773277956113100e+09
8.226615062856453822e-04 -1.964738891921468777e+00 7.762472958790519897e+02 5.654459992035751098e-06 -2.948098389492662008e+00 1.222773277946849585e+09
8.151281776775511989e-04 -1.968863644980653360e+00 8.293215718652486430e+02 3.709960431664540318e-06 -3.229786390413986297e+00 1.222773278080027580e+09
8.134947655811257308e-04 -1.974135133377223017e+00 8.020405815489500583e+02 3.466794277492105694e-06 -3.402665869348710181e+00 1.222773278247311354e+09
8.171496504192231249e-04 -1.972308778081877545e+00 7.776089211429704164e+02 3.623877414753221254e-06 -3.340062174566421405e+00 1.222773278144282103e+09
8.110485464516030201e-04 -1.976830246716288375e+00 8.246253971684983526e+02 3.934347027859820800e-06 -3.179166722949275936e+00 1.222773278291729450e+09
8.157778556805487212e-04 -1.972109591873276724e+00 8.219703449418580021e+02 3.200034568118619654e-06 -3.335223845232220263e+00 1.222773277983037233e+09
8.182456198328418419e-04 -1.969128451183236983e+00 7.986401327015204288e+02 3.988026788217450251e-06 -3.272773063164756913e+00 1.222773278363121510e+09
8.111767317393080764e-04 -1.976471596717437773e+00 8.230766542502918810e+02 4.052726717478101397e-06 -3.240234140282577613e+00 1.222773278505365849e+09
8.130991121450231555e-04 -1.974342799917044866e+00 8.420555272601565093e+02 3.804868252940641750e-06 -3.276415506876761086e+00 1.222773278477931738e+09
8.130991121450231555e-04 -1.974342799917044866e+00 8.420555272601565093e+02 3.804868252940641750e-06 -3.276415506876761086e+00 1.222773278477931738e+09
8.138860221537760941e-04 -1.971108414927867258e+00 8.130222135328324384e+02 4.178702207926532464e-06 -3.100030580099700117e+00 1.222773278058006525e+09
8.109640066263745350e-04 -1.975498163035105836e+00 8.239604112189439320e+02 3.549914643801441356e-06 -3.212151552704030522e+00 1.222773278105834007e+09
8.155451461851220439e-04 -1.969068231410784131e+00 8.187769673889365549e+02 3.562136056416621294e-06 -3.338973013192361172e+00 1.222773278160537720e+09
8.154825813107064629e-04 -1.973239072865946575e+00 8.162866322322452106e+02 3.926621000475906910e-06 -3.179939274765017032e+00 1.222773278041998148e+09
8.150467503739111620e-04 -1.972958865078195956e+00 8.207532556742196448e+02 3.608737518008657315e-06 -3.367335511756477828e+00 1.222773278400647640e+09
8.145989797156057708e-04 -1.973984346004097112e+00 8.169801492516254484e+02 3.509719070686881859e-06 -3.412974296838420685e+00 1.222773278274131060e+09
8.151553818713109644e-04 -1.970432651738893481e+00 8.030840903011398950e+02 4.334617521603480799e-06 -3.160744534139809048e+00 1.222773278196445465e+09
8.139446994226983995e-04 -1.971746482198415418e+00 8.302014509925026005e+02 3.607062769901928828e-06 -3.328250667481506220e+00 1.222773278568968773e+09
8.144237323867609298e-04 -1.972103504383981187e+00 7.954144565040381849e+02 3.504432817291216488e-06 -3.326967670156475876e+00 1.222773278174188137e+09
8.138756323516787607e-04 -1.975988540047690201e+00 7.993576829599550138e+02 4.059901118325816210e-06 -3.204179388033542075e+00 1.222773277994531870e+09
8.145551269024588203e-04 -1.970286439119573574e+00 8.316350151622523299e+02 4.184416859699407359e-06 -3.185629880609189613e+00 1.222773278410432577e+09
8.159213368172930740e-04 -1.971342372727162617e+00 7.816971803530217358e+02 4.276596560779698984e-06 -3.195466991101328702e+00 1.222773277969022274e+09
8.148476129163991118e-04 -1.971479535081225754e+00 8.076342763510654095e+02 4.320726298953406186e-06 -3.219328042179994576e+00 1.222773278291557074e+09
8.143449150651505463e-04 -1.971627916111734491e+00 8.276697240121417281e+02 3.207375221545612243e-06 -3.275181964517234867e+00 1.222773277986202478e+09
8.120113446538611843e-04 -1.974785189399240748e+00 8.074906823359086729e+02 4.367054595448949291e-06 -3.180560774674916047e+00 1.222773278125602007e+09
8.107817072858246365e-04 -1.971976278107754554e+00 8.549329193458057716e+02 3.898310624534002616e-06 -3.212448574420630365e+00 1.222773278104492664e+09
8.167670789367385831e-04 -1.972614642174169930e+00 8.023857814670427615e+02 3.768822293505379774e-06 -3.303157088514538486e+00 1.222773278212225437e+09
8.158784599073453042e-04 -1.972033906234274214e+00 7.848839509675993895e+02 4.642629062237613065e-06 -3.069565297179094543e+00 1.222773278112251997e+09
8.112417822038291409e-04 -1.974228044880511401e+00 8.368264360136114419e+02 4.129408700068411058e-06 -3.150830944388114396e+00 1.222773278572734356e+09
8.112417822038291409e-04 -1.974228044880511401e+00 8.368264360136114419e+02 4.129408700068411058e-06 -3.150830944388114396e+00 1.222773278572734356e+09
8.213984750007857598e-04 -1.967704978160074614e+00 7.648396011211723362e+02 5.742060911597057242e-06 -2.946002591790530367e+00 1.222773277992821217e+09
8.164262401145883476e-04 -1.969135420369637846e+00 8.260373321038150607e+02 3.753566988243113325e-06 -3.335939723140501023e+00 1.222773278159011126e+09
8.178902044463467243e-04 -1.969643822822267021e+00 8.064469209314462432e+02 3.784002007424304933e-06 -3.238094827074689874e+00 1.222773278309178352e+09
8.200215551482958106e-04 -1.966489382019772858e+00 8.030147343106706330e+02 5.198258298164359949e-06 -2.953312844354789135e+00 1.222773277977705956e+09
8.129664770283627018e-04 -1.975004705433654584e+00 8.028246808378986543e+02 4.396679175230607398e-06 -3.191932472872587745e+00 1.222773278205642462e+09
8.137364275746730583e-04 -1.972023594525533774e+00 8.433474045023585859e+02 4.101910568982588570e-06 -3.134149698690346320e+00 1.222773278353280783e+09
8.099709342777716009e-04 -1.977021224333306737e+00 8.115849350674653806e+02 3.195675819134319321e-06 -3.440219679995915492e+00 1.222773277946506977e+09
8.032624123350378667e-04 -1.981974849437202923e+00 8.718651625388309867e+02 3.260027225457584240e-06 -3.395624502275634171e+00 1.222773278377307177e+09
8.032624123350378667e-04 -1.981974849437202923e+00 8.718651625388309867e+02 3.260027225457584240e-06 -3.395624502275634171e+00 1.222773278377307177e+09
8.157323190858655881e-04 -1.968338751006841525e+00 8.326160973513104864e+02 5.335697449622194792e-06 -3.002181293558003006e+00 1.222773277939077854e+09
8.144003922662944881e-04 -1.972209408163567268e+00 8.333196304289458567e+02 7.226459976068343539e-06 -2.748390366739981161e+00 1.222773277997146606e+09
8.059584089108689890e-04 -1.980593077644794420e+00 8.694936817983812034e+02 4.487072385534360774e-06 -3.200277940398585486e+00 1.222773278561913490e+09
8.153230037483779778e-04 -1.970757738292220118e+00 8.165320699397747148e+02 3.880050815587980954e-06 -3.224688955137875013e+00 1.222773278519900084e+09
8.050505955306063539e-04 -1.978835041930086636e+00 8.849756787720143620e+02 3.330180230148536511e-06 -3.424705657102160572e+00 1.222773278606767178e+09
8.192538818682388452e-04 -1.967488996650236022e+00 8.087253500733201008e+02 6.226588342854514028e-06 -2.847105208275920063e+00 1.222773277958242893e+09
8.063530124567734559e-04 -1.976437266258771031e+00 8.901868180551567775e+02 1.815421139242110116e-06 -3.892425821620053128e+00 1.222773278006583214e+09
8.099055188103534888e-04 -1.974588726284777884e+00 8.469620036176381745e+02 2.492910776866321167e-06 -3.519882239630930165e+00 1.222773278208014011e+09
8.102781193534887858e-04 -1.976496737560395900e+00 8.455479730889012444e+02 2.409262818342341462e-06 -3.601951125991237568e+00 1.222773278428555489e+09
8.150885550775424692e-04 -1.971763093706591530e+00 8.252768190046293739e+02 7.101743657344960509e-06 -2.734373290488054664e+00 1.222773278021920681e+09
8.164684295674947377e-04 -1.970928155537189808e+00 8.195640219167644318e+02 2.842346655952960585e-06 -3.438021818523355755e+00 1.222773277988741875e+09
8.156502556062194707e-04 -1.972870885657838524e+00 8.047687961780669639e+02 5.689159103855685467e-06 -2.874995701680104432e+00 1.222773278050653934e+09
8.101464862859747906e-04 -1.974000804957048549e+00 8.760019411740225905e+02 6.368729726606694282e-06 -2.868977482348602948e+00 1.222773278206892490e+09
8.144772544869151309e-04 -1.973687710061937661e+00 8.107176230648036608e+02 4.677301477055198859e-06 -3.215144702443757829e+00 1.222773278012458563e+09
8.054261931579986388e-04 -1.978678615785096184e+00 8.709595002070947203e+02 3.793419753257325586e-06 -3.218207286919156473e+00 1.222773278470929861e+09
8.059308586588185847e-04 -1.980944641331940481e+00 9.028477614337873547e+02 3.999813089999214866e-06 -3.173919908487595087e+00 1.222773278168111801e+09
8.191462803695608811e-04 -1.968829741491443741e+00 7.851081232217176193e+02 3.015049589638508398e-06 -3.371365390043202126e+00 1.222773278004170656e+09
8.137542562988589554e-04 -1.972994333827537972e+00 8.522219041565996349e+02 3.906473447994008963e-06 -3.319507604509524867e+00 1.222773278157487154e+09
8.177658221736241323e-04 -1.970303332727221690e+00 7.877649308907300565e+02 3.838468104861921342e-06 -3.340779334723285032e+00 1.222773278185815096e+09
8.028800194085958892e-04 -1.983050010747059222e+00 8.907482993745200019e+02 2.798533884374154848e-06 -3.587867111416853660e+00 1.222773278566453934e+09
8.038801632878395022e-04 -1.978257516107471581e+00 9.042175858938275042e+02 2.410902872727736309e-06 -3.566050185054412403e+00 1.222773278238399267e+09
8.009889992035296863e-04 -1.981479824205091056e+00 9.319571877209544937e+02 2.785499546623207981e-06 -3.497557416000639741e+00 1.222773278722942114e+09
8.149184194226126140e-04 -1.972750749729490938e+00 8.240113180137411746e+02 2.047599155146620235e-06 -3.811196407473070202e+00 1.222773277945463181e+09
8.187796954215052683e-04 -1.967807701349336913e+00 7.971379930042891147e+02 5.912128429278568179e-06 -2.854958266103125197e+00 1.222773278088591576e+09
8.176040095317185005e-04 -1.969013026959852475e+00 8.041935243435074199e+02 2.748785267950521179e-06 -3.607879453469553965e+00 1.222773277990657568e+09
8.175898677898921045e-04 -1.968954121711114613e+00 7.886356341623885555e+02 4.884071158568979292e-06 -3.042119499810834071e+00 1.222773278196574450e+09
8.093935763461670204e-04 -1.974060075417576776e+00 8.574551188940097290e+02 3.085024560395359243e-06 -3.499336967543145605e+00 1.222773278099535942e+09
8.070866778062217844e-04 -1.981810436688784538e+00 8.706027991021709340e+02 3.583680257568351006e-06 -3.319783734933842823e+00 1.222773277982035875e+09
8.188840194839498016e-04 -1.968678937814704710e+00 7.856257354261072123e+02 2.786131157474836654e-06 -3.541563755094503385e+00 1.222773278220642328e+09
8.122245231678837515e-04 -1.976417053625140419e+00 8.115226917528985950e+02 2.405798845614590856e-06 -3.683386349380847413e+00 1.222773278116181850e+09
8.192560180582521365e-04 -1.969224332049317905e+00 7.967779627782488205e+02 3.003454072963047204e-06 -3.509635880007120790e+00 1.222773278044296980e+09
8.109004503668351118e-04 -1.972612451701990288e+00 8.509889948298082345e+02 5.561016769787179847e-06 -2.985707575840587324e+00 1.222773277990777493e+09
8.032026104303053009e-04 -1.978824156271910661e+00 9.259425010485783787e+02 5.194646504910438785e-06 -2.863861146892885401e+00 1.222773278010761976e+09
8.119011970025810957e-04 -1.977141497052853580e+00 8.249624921952930663e+02 5.001097666784112871e-06 -3.106256932582467378e+00 1.222773278154405594e+09
8.079560141726186730e-04 -1.978900610683804961e+00 8.653452488392919122e+02 2.441652100289180593e-06 -3.581653634312264245e+00 1.222773278364976406e+09
8.157284197124386798e-04 -1.972550532312300264e+00 7.980733685278349867e+02 3.979571387079729995e-06 -3.299695995552207606e+00 1.222773278322079897e+09
8.038888738775379307e-04 -1.983127225673478655e+00 8.841509611866462137e+02 4.824326573086629723e-06 -3.043887680232453263e+00 1.222773278373605728e+09
8.061451841732229784e-04 -1.977731236301205620e+00 9.049732836848677380e+02 1.672258842284736744e-06 -3.877391273254408688e+00 1.222773278037265062e+09
8.078414373239362935e-04 -1.978717696277761728e+00 8.630840792812274458e+02 1.718023251496061314e-06 -3.990672999573424029e+00 1.222773277956302881e+09
8.032290122044516726e-04 -1.982601601246135381e+00 8.963530077115325412e+02 2.578297173865129979e-06 -3.526060413919097414e+00 1.222773278506656170e+09
8.017209804683951817e-04 -1.982349867680129218e+00 9.631386615090666510e+02 4.598874353933182717e-06 -3.045010963544452665e+00 1.222773278324701786e+09
8.018598483635995663e-04 -1.982935679461311107e+00 8.940043236355594445e+02 4.036169910328304790e-06 -3.226429140853734445e+00 1.222773278596246481e+09
8.018598483635995663e-04 -1.982935679461311107e+00 8.940043236355594445e+02 4.036169910328304790e-06 -3.226429140853734445e+00 1.222773278596246481e+09
8.017510342705183504e-04 -1.979799136340696597e+00 9.239090137868256534e+02 2.813658788812906686e-06 -3.525716169201312589e+00 1.222773278337327242e+09
7.987656703521118194e-04 -1.986252850613617449e+00 9.759178361854791319e+02 3.795709648659243400e-06 -3.342392425663917699e+00 1.222773278576914549e+09
7.987656703521118194e-04 -1.986252850613617449e+00 9.759178361854791319e+02 3.795709648659243400e-06 -3.342392425663917699e+00 1.222773278576914549e+09
7.973881031207938081e-04 -1.987523387811828801e+00 9.309318302032465908e+02 5.307942466971229286e-06 -2.964395727686812698e+00 1.222773278195501566e+09
7.960747633805366485e-04 -1.989480069706209608e+00 9.857113101313144625e+02 4.811823153636974553e-06 -3.077820152671000287e+00 1.222773278396965265e+09
7.992476349151366333e-04 -1.983721912281215971e+00 9.503297885106245531e+02 4.604551099577677837e-06 -3.063768711880340945e+00 1.222773278794793844e+09
7.992476349151366333e-04 -1.983721912281215971e+00 9.503297885106245531e+02 4.604551099577677837e-06 -3.063768711880340945e+00 1.222773278794793844e+09
7.975158998095204562e-04 -1.987911831514981742e+00 9.681338522389451100e+02 4.947978760426803731e-06 -3.109157982457942282e+00 1.222773278556502581e+09
7.975158998095204562e-04 -1.987911831514981742e+00 9.681338522389451100e+02 4.947978760426803731e-06 -3.109157982457942282e+00 1.222773278556502581e+09
8.009679896992374709e-04 -1.981299808930982786e+00 9.181393739712916613e+02 4.775380953039518209e-06 -3.029558331685084482e+00 1.222773278316178322e+09
8.020177089146169258e-04 -1.979209491715605118e+00 9.719160249593567187e+02 2.709797123176377801e-06 -3.515225760859746806e+00 1.222773278135745764e+09
7.994648681636788061e-04 -1.986957279918049268e+00 9.270098438660520515e+02 4.024519576099071553e-06 -3.334998714597812608e+00 1.222773278292429447e+09
8.018621268497401044e-04 -1.983851081587449272e+00 9.255494696125072096e+02 4.141110217995079214e-06 -3.281067446313556957e+00 1.222773278681464434e+09
8.018621268497401044e-04 -1.983851081587449272e+00 9.255494696125072096e+02 4.141110217995079214e-06 -3.281067446313556957e+00 1.222773278681464434e+09
8.041668350736626020e-04 -1.977428236605176970e+00 9.273845274442512618e+02 4.603105875353688191e-06 -3.067410560967225308e+00 1.222773278393277407e+09
8.009055344687633854e-04 -1.982094089968046813e+00 9.453928622651192200e+02 3.681578529755712605e-06 -3.358829000709807389e+00 1.222773278785002947e+09
8.009055344687633854e-04 -1.982094089968046813e+00 9.453928622651192200e+02 3.681578529755712605e-06 -3.358829000709807389e+00 1.222773278785002947e+09
8.025290744802284762e-04 -1.985314335586208845e+00 8.855746297613153502e+02 3.567673431346944724e-06 -3.400491077954086450e+00 1.222773278175716162e+09
8.018052105316109688e-04 -1.982001664972615762e+00 9.351469417571537406e+02 4.076738803309103195e-06 -3.208507452559937079e+00 1.222773278956717491e+09
8.018052105316109688e-04 -1.982001664972615762e+00 9.351469417571537406e+02 4.076738803309103195e-06 -3.208507452559937079e+00 1.222773278956717491e+09
8.018052105316109688e-04 -1.982001664972615762e+00 9.351469417571537406e+02 4.076738803309103195e-06 -3.208507452559937079e+00 1.222773278956717491e+09
8.046901518829253398e-04 -1.978564458627346312e+00 9.119126670912305599e+02 3.730651823134227577e-06 -3.284845832312212721e+00 1.222773278819715500e+09
8.046901518829253398e-04 -1.978564458627346312e+00 9.119126670912305599e+02 3.730651823134227577e-06 -3.284845832312212721e+00 1.222773278819715500e+09
7.946770680896954840e-04 -1.989263536169436630e+00 9.722213270777941716e+02 6.074552247463995682e-06 -2.869754091534362672e+00 1.222773278228637218e+09
7.951992177010512109e-04 -1.986308692222822136e+00 9.901833340605945750e+02 3.035823407425738353e-06 -3.361110762409564856e+00 1.222773278561446905e+09
7.951992177010512109e-04 -1.986308692222822136e+00 9.901833340605945750e+02 3.035823407425738353e-06 -3.361110762409564856e+00 1.222773278561446905e+09
8.022751066783925453e-04 -1.981435741603049694e+00 8.965938591162376952e+02 2.750335371323575307e-06 -3.610134448261529627e+00 1.222773278257421494e+09
7.941334678387776272e-04 -1.990070361333504678e+00 9.844769576073562121e+02 3.365278679614912933e-06 -3.408195723074372019e+00 1.222773278819263935e+09
7.941334678387776272e-04 -1.990070361333504678e+00 9.844769576073562121e+02 3.365278679614912933e-06 -3.408195723074372019e+00 1.222773278819263935e+09
8.016159808009370915e-04 -1.984660037977555636e+00 9.376544762855736508e+02 5.648857692697450825e-06 -3.027669724002386431e+00 1.222773278212033510e+09
7.977619653660421176e-04 -1.986164483467507402e+00 9.830738734753621202e+02 4.419275097063685826e-06 -3.218700941589249354e+00 1.222773278744222641e+09
7.977619653660421176e-04 -1.986164483467507402e+00 9.830738734753621202e+02 4.419275097063685826e-06 -3.218700941589249354e+00 1.222773278744222641e+09
7.998618170070720401e-04 -1.983225564469038193e+00 9.391773248253500697e+02 2.661711466512279333e-06 -3.440460925870241660e+00 1.222773278383907080e+09
8.003539582143769440e-04 -1.983360145164188904e+00 9.167692560073965069e+02 3.334333665296904987e-06 -3.247094552222130837e+00 1.222773278235035181e+09
7.963687125203814440e-04 -1.984466677096642595e+00 9.932033018109268596e+02 2.487109151077429113e-06 -3.547522565702193376e+00 1.222773278488195658e+09
7.930740854351282136e-04 -1.991113382513817420e+00 9.644014370351093248e+02 2.664940023732653129e-06 -3.480606296905815356e+00 1.222773278038102388e+09
8.025844047053667246e-04 -1.984948976100505469e+00 8.905333195865448488e+02 4.564011267166588670e-06 -3.234652438615050585e+00 1.222773277997731209e+09
7.995841097972691434e-04 -1.983399178616248149e+00 9.570577227085342429e+02 2.198319206449890312e-06 -3.628637400365814614e+00 1.222773278443937063e+09
8.003794135390268497e-04 -1.984767724014218748e+00 9.171804880429475588e+02 1.972665635359507613e-06 -3.728063928653056358e+00 1.222773278269193172e+09
7.918433066254234850e-04 -1.993144649404937185e+00 9.995660530933372456e+02 1.694316536561916232e-06 -3.984611459310870352e+00 1.222773278023134708e+09
7.933071084793790568e-04 -1.988288995399748682e+00 9.789389860043862654e+02 1.990743398883637412e-06 -3.765323697337903397e+00 1.222773278203814983e+09
7.991044370364128353e-04 -1.984462371085297994e+00 9.659129636036242346e+02 1.467307331756450748e-06 -3.980642298604064599e+00 1.222773278045917988e+09
8.045253219817861219e-04 -1.978520989328254487e+00 9.055860914945867535e+02 1.587161239981710895e-06 -3.910203822595219592e+00 1.222773278069289446e+09
8.051715793654756585e-04 -1.980557794975864372e+00 9.301352741407494022e+02 2.547873812234774737e-06 -3.643543498175678685e+00 1.222773277986279964e+09
8.045598513202728954e-04 -1.981905455312190645e+00 8.632608192102986777e+02 2.363184674176571830e-06 -3.616296069353587939e+00 1.222773278241971254e+09
8.048578395434043825e-04 -1.982468547038352291e+00 8.943557342210259549e+02 2.092678248600239912e-06 -3.774241877453542671e+00 1.222773278123826504e+09
7.917809803343600888e-04 -1.990617479761345177e+00 9.919085428219013920e+02 1.644243223320114983e-06 -3.971903275610080719e+00 1.222773278137266397e+09
7.985417815047838978e-04 -1.982413400365614420e+00 9.655107659477087054e+02 6.199483709861682155e-06 -2.772135523791470213e+00 1.222773277999160051e+09
8.001215575089938234e-04 -1.982222274446422183e+00 9.547597254321792661e+02 5.342881251751213173e-06 -2.854452511088451772e+00 1.222773278213262081e+09
7.963371651801268896e-04 -1.990149100999277776e+00 9.617598216222251040e+02 1.971636243212452561e-06 -3.798623168822102159e+00 1.222773277942101717e+09
7.950731273693453045e-04 -1.987653880363252190e+00 9.778059039773717132e+02 5.615971127196084819e-06 -2.972054547842564176e+00 1.222773278453435898e+09
7.939687735911788932e-04 -1.991994752974920235e+00 9.641956868096291373e+02 3.998601959345441361e-06 -3.258058338317709079e+00 1.222773278238029003e+09
8.076514797586290331e-04 -1.975830379570213235e+00 8.959541107345554565e+02 1.764172647415322245e-06 -3.888800757395824093e+00 1.222773278022414207e+09
7.992782284196565078e-04 -1.982107910321365019e+00 9.757219538176016158e+02 5.615665311840224843e-06 -2.847205222723170337e+00 1.222773278265054464e+09
7.958109086556410579e-04 -1.987689910166661855e+00 9.540596182716308249e+02 3.165134073787439334e-06 -3.298658371296042446e+00 1.222773278188749790e+09
8.034479896865995936e-04 -1.982984995044901666e+00 9.173478351624802372e+02 2.402904937780310804e-06 -3.698538651866135396e+00 1.222773278338769436e+09
8.024970379680263985e-04 -1.982389877029612446e+00 9.052686474981062474e+02 3.570487815970808926e-06 -3.305652586411536475e+00 1.222773278881206036e+09
8.024970379680263985e-04 -1.982389877029612446e+00 9.052686474981062474e+02 3.570487815970808926e-06 -3.305652586411536475e+00 1.222773278881206036e+09
8.008527706342934756e-04 -1.980944794915736384e+00 9.817625756782990720e+02 3.747355657761953446e-06 -3.224381949532453717e+00 1.222773278380901337e+09
7.996041351661526677e-04 -1.985906870749265529e+00 9.175357185263744668e+02 3.000413612795255026e-06 -3.541670954484444245e+00 1.222773278537031889e+09
7.996041351661526677e-04 -1.985906870749265529e+00 9.175357185263744668e+02 3.000413612795255026e-06 -3.541670954484444245e+00 1.222773278537031889e+09
7.984457566011533142e-04 -1.986452750009611634e+00 9.547785177836902903e+02 3.062790235149272163e-06 -3.469960062134823886e+00 1.222773278862514973e+09
7.984457566011533142e-04 -1.986452750009611634e+00 9.547785177836902903e+02 3.062790235149272163e-06 -3.469960062134823886e+00 1.222773278862514973e+09
7.967087252748675371e-04 -1.985426478174455056e+00 9.869402497637407805e+02 5.376084632069242637e-06 -2.992504515428685785e+00 1.222773278709872723e+09
7.967087252748675371e-04 -1.985426478174455056e+00 9.869402497637407805e+02 5.376084632069242637e-06 -2.992504515428685785e+00 1.222773278709872723e+09
7.988214254883475862e-04 -1.986820352393925626e+00 9.137324244702416536e+02 2.054097079484039144e-06 -3.853481272762977916e+00 1.222773278061931372e+09
8.020379061755521493e-04 -1.980913804068753503e+00 9.244958052266166533e+02 1.334733514274001318e-06 -4.112018655142449575e+00 1.222773278014384031e+09
8.003319037137871178e-04 -1.985820796684295564e+00 9.447799381699671812e+02 4.362627490530320489e-06 -3.203279762715576240e+00 1.222773278560300827e+09
8.003319037137871178e-04 -1.985820796684295564e+00 9.447799381699671812e+02 4.362627490530320489e-06 -3.203279762715576240e+00 1.222773278560300827e+09
8.041273825778900161e-04 -1.977679346096418822e+00 9.155022080367693889e+02 2.242934798151315628e-06 -3.642171339802864338e+00 1.222773278210700035e+09
7.928994320585700320e-04 -1.990386644833255225e+00 9.608607238421253669e+02 3.792461034912072801e-06 -3.211265107817139253e+00 1.222773277941600561e+09
8.018212807632834780e-04 -1.979172935043496562e+00 9.332859255653528407e+02 3.102671559868929827e-06 -3.421271814722859794e+00 1.222773278310455322e+09
7.984964478818547522e-04 -1.985439346118657467e+00 9.680820538073696753e+02 3.450331841561723466e-06 -3.197831931766504709e+00 1.222773278032248735e+09
7.988259898206764549e-04 -1.981288481281612279e+00 9.815829960044253539e+02 3.590892474269477408e-06 -3.252683740777735366e+00 1.222773278304167986e+09
7.954479294422922434e-04 -1.987602307314339622e+00 9.860330432831333383e+02 3.029969400077433383e-06 -3.505398467768130466e+00 1.222773278903546095e+09
7.954479294422922434e-04 -1.987602307314339622e+00 9.860330432831333383e+02 3.029969400077433383e-06 -3.505398467768130466e+00 1.222773278903546095e+09
8.025668592608566944e-04 -1.980814375706849484e+00 8.988270651605570265e+02 3.746422833497580994e-06 -3.178722465576104383e+00 1.222773278346417904e+09
8.011886102493276200e-04 -1.982938335340136637e+00 9.363477327287721437e+02 4.716988425109621044e-06 -3.191674410217197888e+00 1.222773278558122158e+09
8.011695310938521776e-04 -1.983380360384806806e+00 9.070948769658147057e+02 6.358866240670810015e-06 -2.884396865691402745e+00 1.222773278072291613e+09
8.020667743159164403e-04 -1.982565362211606619e+00 9.561126776628640300e+02 7.293249973708602158e-06 -2.723225114140820580e+00 1.222773277985234022e+09
7.920233458013488078e-04 -1.993539580033584002e+00 9.816333228331760665e+02 3.230782388079326021e-06 -3.365948667730302546e+00 1.222773278044767380e+09
8.018244431186447767e-04 -1.979772753779871497e+00 9.752756571531314194e+02 3.690692443005839753e-06 -3.359362615996627000e+00 1.222773278176069975e+09
8.055194349075773825e-04 -1.977327401508433002e+00 9.171851756493704215e+02 2.130883172850441565e-06 -3.739027215277978655e+00 1.222773278279286623e+09
8.040392740477389196e-04 -1.982524408238926394e+00 9.096459768682474305e+02 3.047583435528908121e-06 -3.581905517211403378e+00 1.222773278109190464e+09
7.949520482948590257e-04 -1.986007551322475306e+00 9.797313981976443529e+02 2.986620753808576934e-06 -3.444427905247479771e+00 1.222773278483251095e+09
7.949520482948590257e-04 -1.986007551322475306e+00 9.797313981976443529e+02 2.986620753808576934e-06 -3.444427905247479771e+00 1.222773278483251095e+09
8.001983139819705349e-04 -1.980023762021572598e+00 9.941235910109800216e+02 3.021511491969519064e-06 -3.417270367355358829e+00 1.222773278039314747e+09
8.005559599915932668e-04 -1.984052607347644770e+00 9.760907655445224691e+02 4.392096157804069938e-06 -3.272049070509092772e+00 1.222773278075135708e+09
7.971484004944152111e-04 -1.988936346629244678e+00 9.841318710058015995e+02 4.975070921535166314e-06 -3.143541057925546944e+00 1.222773278069402456e+09
8.039766380738995726e-04 -1.978844275811172171e+00 9.598542312614675893e+02 4.451648557234214492e-06 -3.118059598378260411e+00 1.222773278229061604e+09
7.958048017100882894e-04 -1.985944470541456397e+00 9.929455940972519556e+02 1.546373301875450009e-06 -3.939586277496105460e+00 1.222773278250510693e+09
7.980117368562285405e-04 -1.982512227416439066e+00 9.750054795612115868e+02 3.327015442514992623e-06 -3.452159311510702544e+00 1.222773278137400150e+09
8.041971884961620232e-04 -1.982206807260565862e+00 9.180074666298492048e+02 6.015241743851382394e-06 -2.990341750324777337e+00 1.222773278057541370e+09
7.960672312406691029e-04 -1.989031842910028436e+00 9.405691960734142185e+02 3.683263596239679444e-06 -3.406792647119237571e+00 1.222773278103806496e+09
7.967788114671582730e-04 -1.985377437502493958e+00 9.986935655112354198e+02 1.931516156262950585e-06 -3.898876917411773668e+00 1.222773278218483448e+09
7.973302091157114663e-04 -1.984810484000280706e+00 9.776894412504296952e+02 1.732955895644291760e-06 -3.817507859928573666e+00 1.222773278236575127e+09
8.028498087864487402e-04 -1.978735066218572314e+00 9.795392168975780578e+02 4.932625545928037061e-06 -3.051354747062609007e+00 1.222773278005736828e+09
8.050438599897108156e-04 -1.977277712899208062e+00 8.987740672775848907e+02 2.668021743985705271e-06 -3.461453498274716267e+00 1.222773278220963478e+09
7.937076599179683023e-04 -1.989808335689767560e+00 9.739973212048593041e+02 5.092886936681615904e-06 -3.090451710175798006e+00 1.222773278238933325e+09
8.024618882607811995e-04 -1.981914312533836764e+00 8.964558661352068611e+02 3.471881557137053816e-06 -3.354986075356701569e+00 1.222773278739110947e+09
8.024618882607811995e-04 -1.981914312533836764e+00 8.964558661352068611e+02 3.471881557137053816e-06 -3.354986075356701569e+00 1.222773278739110947e+09
8.042971029392483127e-04 -1.984105857409590001e+00 8.675699887201477623e+02 3.243545685131317180e-06 -3.453045801030893536e+00 1.222773278116339445e+09
8.036637391797109634e-04 -1.980736712707914959e+00 9.384761186653561253e+02 3.429328799197312832e-06 -3.490098091440525963e+00 1.222773278027457714e+09
8.009556354730489698e-04 -1.986663010213200575e+00 9.227131624700568864e+02 4.900612024437982662e-06 -3.154306021589863285e+00 1.222773278004353762e+09
8.013916747537129038e-04 -1.979343587621987588e+00 9.442954210512917825e+02 2.396907052130384669e-06 -3.612155492795043443e+00 1.222773278172598839e+09
8.022837009114609135e-04 -1.983393427570366185e+00 9.369820399603478336e+02 4.471910866658955784e-06 -3.056623803419087793e+00 1.222773278227430820e+09
7.983224480460619126e-04 -1.985743178527981101e+00 9.479473248107959762e+02 6.689876719713195849e-06 -2.731852083827077671e+00 1.222773278110728264e+09
7.992712625470049142e-04 -1.987031991077754078e+00 9.211863359057983871e+02 1.938776698010092332e-06 -3.789743036236549401e+00 1.222773278153881550e+09
8.042876884779226682e-04 -1.979085197565255694e+00 9.309333955111733303e+02 5.779241629030119433e-06 -2.886745257544585996e+00 1.222773278509678125e+09
8.042876884779226682e-04 -1.979085197565255694e+00 9.309333955111733303e+02 5.779241629030119433e-06 -2.886745257544585996e+00 1.222773278509678125e+09
8.060549980677726928e-04 -1.976889106493938009e+00 9.227262129750649819e+02 1.940439200444451727e-06 -3.839382146363748305e+00 1.222773277939793587e+09
8.047326199246917187e-04 -1.978957641661277078e+00 8.941236985754601392e+02 2.397756037081716891e-06 -3.537726624134467812e+00 1.222773278317520857e+09
8.032471374683833451e-04 -1.981872970374171761e+00 8.784171347430119567e+02 2.781097606704571256e-06 -3.405146403244936337e+00 1.222773278041878462e+09
8.013706276842297131e-04 -1.983811287705634419e+00 9.144749404662130701e+02 4.258398438947436223e-06 -3.088235392707807669e+00 1.222773278487996817e+09
7.983647762330375658e-04 -1.986635749706730625e+00 9.537619983398861905e+02 1.828490942815553933e-06 -3.814097653601019822e+00 1.222773278253102779e+09
8.039767936368236601e-04 -1.977979205253141748e+00 9.335558669109864240e+02 1.853101051932413860e-06 -3.846040095878586307e+00 1.222773278037300825e+09
7.971452175221391614e-04 -1.983847955962152243e+00 9.934396278876041606e+02 2.303966238345852462e-06 -3.700386110364284775e+00 1.222773278481160879e+09
7.931627777319775943e-04 -1.990552397646913274e+00 9.906703145543743858e+02 2.440690524836405775e-06 -3.613473958837093214e+00 1.222773278677801847e+09
7.931627777319775943e-04 -1.990552397646913274e+00 9.906703145543743858e+02 2.440690524836405775e-06 -3.613473958837093214e+00 1.222773278677801847e+09
7.959156219233577689e-04 -1.988555309809612259e+00 9.533262433946414376e+02 2.882563530656232204e-06 -3.474577713041541394e+00 1.222773278659886360e+09
8.002427694702798650e-04 -1.985116881798411725e+00 9.800502931728399290e+02 4.131760954592648208e-06 -3.237987375822473979e+00 1.222773278156953096e+09
7.997127933437640042e-04 -1.982152862396928450e+00 9.892505446850441331e+02 4.342189348811347890e-06 -3.246337796201238746e+00 1.222773278308649063e+09
7.986167440109006709e-04 -1.985994754121278127e+00 9.687308571946704205e+02 4.577751927901494018e-06 -3.239780604122494800e+00 1.222773278374114990e+09
7.986167440109006709e-04 -1.985994754121278127e+00 9.687308571946704205e+02 4.577751927901494018e-06 -3.239780604122494800e+00 1.222773278374114990e+09
7.987906509949760933e-04 -1.986314376243761615e+00 9.911634614753336336e+02 4.555990674323385246e-06 -3.122276722316476238e+00 1.222773278202007055e+09
7.983818893595060959e-04 -1.984444116714222606e+00 9.605869514216608422e+02 2.412052306632649917e-06 -3.637574316724971446e+00 1.222773278818449259e+09
7.983818893595060959e-04 -1.984444116714222606e+00 9.605869514216608422e+02 2.412052306632649917e-06 -3.637574316724971446e+00 1.222773278818449259e+09
8.004131881566119633e-04 -1.982709826937163022e+00 9.333194888906427877e+02 4.043382029050148627e-06 -3.089312252382784507e+00 1.222773278378381968e+09
8.004131881566119633e-04 -1.982709826937163022e+00 9.333194888906427877e+02 4.043382029050148627e-06 -3.089312252382784507e+00 1.222773278378381968e+09
8.047939322565669101e-04 -1.978013327934611709e+00 9.023481808981085805e+02 2.259849005790297562e-06 -3.753920181965120229e+00 1.222773278193231106e+09
7.975929516221135374e-04 -1.983890756175691772e+00 9.821948473784367479e+02 3.152230427525914304e-06 -3.519601826530954547e+00 1.222773278342057705e+09
7.997163174783833298e-04 -1.985201325574406983e+00 9.582160037911288555e+02 4.564746570915556908e-06 -3.154024065949311506e+00 1.222773278769657850e+09
7.979578168480401263e-04 -1.988032343954670100e+00 9.528594558843702771e+02 2.438434585304742775e-06 -3.678739800760707723e+00 1.222773278453058243e+09
7.971679235469159106e-04 -1.983215573078273675e+00 9.884941040937026173e+02 1.704854109113634816e-06 -3.868458355920192382e+00 1.222773278054236889e+09
7.959278433500027727e-04 -1.987133469825185905e+00 9.743188597737356531e+02 4.484125613301950762e-06 -3.189206807302916502e+00 1.222773278751303673e+09
7.959278433500027727e-04 -1.987133469825185905e+00 9.743188597737356531e+02 4.484125613301950762e-06 -3.189206807302916502e+00 1.222773278751303673e+09
8.038347953160444826e-04 -1.982533931888780021e+00 9.143997348882273855e+02 4.049882735866406834e-06 -3.119503492083633311e+00 1.222773278071811438e+09
7.991387360645501496e-04 -1.986276591793079582e+00 9.341097390826507763e+02 5.644253933359519720e-06 -2.964616128307465459e+00 1.222773278469975471e+09
7.987705514385163479e-04 -1.983208454743331295e+00 9.606270190166482053e+02 4.916883372799791930e-06 -3.043501749780190835e+00 1.222773278699381351e+09
7.964157793128981465e-04 -1.989022722300199719e+00 9.517003317752371458e+02 4.671879182622427954e-06 -3.008987209315387545e+00 1.222773278057512999e+09
7.946952632197791912e-04 -1.986617288612118504e+00 9.733807193425213882e+02 3.842561184608851596e-06 -3.161134344597144263e+00 1.222773278173233271e+09
8.007748773114331097e-04 -1.984265071699309102e+00 9.260121166923265719e+02 2.000213133501377884e-06 -3.783283975911921893e+00 1.222773278567844391e+09
8.011893941040355415e-04 -1.982072183025429091e+00 9.300227557503989146e+02 5.702215848794489915e-06 -2.900991369832661704e+00 1.222773278586382627e+09
7.955623033158036638e-04 -1.989961853342123721e+00 9.726436329026442991e+02 2.854697487750615877e-06 -3.649438840186545185e+00 1.222773277990762472e+09
7.930290808121361707e-04 -1.988998909345936372e+00 9.874235684027414663e+02 2.520574438223663155e-06 -3.700249879014257282e+00 1.222773278125177622e+09
7.994615242656663697e-04 -1.984184879866587092e+00 9.585021761073493280e+02 2.484850309527122766e-06 -3.478710191041526123e+00 1.222773278090375185e+09
7.953593296793515666e-04 -1.987464132490176949e+00 9.930099099459487206e+02 5.360876092355102347e-06 -2.939382964877475857e+00 1.222773278654669046e+09
8.002715055701537438e-04 -1.980231201880885639e+00 9.890118177657524257e+02 5.844132014018850680e-06 -2.934678243680147069e+00 1.222773277999372482e+09
8.017818206843580365e-04 -1.980876578665223819e+00 9.014537133973649361e+02 4.749280717877634376e-06 -3.010680645372403319e+00 1.222773278087475538e+09
8.032425221504211179e-04 -1.983562158665120645e+00 8.873875115745472613e+02 4.208723246840331096e-06 -3.105415399077849692e+00 1.222773278196624279e+09
7.981302669319675002e-04 -1.983001177412662575e+00 9.798796361900996317e+02 4.655205140432656309e-06 -3.006539493681281705e+00 1.222773278427823067e+09
8.063076945418837802e-04 -1.976960438239077078e+00 9.286486976790707786e+02 4.159384150452637293e-06 -3.274752338352017844e+00 1.222773278166246176e+09
7.977187861587674202e-04 -1.986159548262308228e+00 9.619759300027416202e+02 1.351745415605238507e-06 -4.033449806264923332e+00 1.222773277993650675e+09
8.023613640976832344e-04 -1.979656749466063737e+00 9.259648610841344407e+02 5.790941013546148548e-06 -2.946809601599495565e+00 1.222773278223124027e+09
8.000400833301884703e-04 -1.986237307135883201e+00 9.417478720494119671e+02 3.634423355405072334e-06 -3.417818552253085507e+00 1.222773278352119684e+09
8.000400833301884703e-04 -1.986237307135883201e+00 9.417478720494119671e+02 3.634423355405072334e-06 -3.417818552253085507e+00 1.222773278352119684e+09
7.951002593859615762e-04 -1.987260383035568623e+00 9.525114061348112955e+02 2.849058605231740212e-06 -3.473038525761359629e+00 1.222773278287960529e+09
8.022205789821368381e-04 -1.985793709211759239e+00 8.817815052797378712e+02 3.802899920712576811e-06 -3.311381916169623629e+00 1.222773278098284960e+09
8.025828375165207969e-04 -1.982815255904449625e+00 9.288580786558235332e+02 7.284931578736673348e-06 -2.677140445446522854e+00 1.222773277967853546e+09
7.901895655176920889e-04 -1.994342113989229670e+00 9.896234361435635947e+02 2.828913997883634920e-06 -3.511919299667868977e+00 1.222773278104973316e+09
8.052639987545593802e-04 -1.979549773022899029e+00 9.125715605500799938e+02 2.477465135876944483e-06 -3.542969367692303528e+00 1.222773278306102276e+09
7.952143043847079021e-04 -1.987379314885607817e+00 9.573834017112806123e+02 2.395934018212377158e-06 -3.642543492161925300e+00 1.222773278452282190e+09
8.002013140055736634e-04 -1.980104786928853278e+00 9.425959523829656064e+02 3.606174245766917551e-06 -3.318980573134218126e+00 1.222773278014166117e+09
8.036763769752351206e-04 -1.980610659915515992e+00 9.333394064695359020e+02 2.310388291364416363e-06 -3.756331202079558729e+00 1.222773278253946543e+09
7.978043452199213821e-04 -1.983329884181328939e+00 9.699232831217017292e+02 5.294414084249502373e-06 -2.947959322015607064e+00 1.222773278403487444e+09
7.971520542052912706e-04 -1.984673923131743845e+00 9.863497839230350337e+02 1.584035041071881915e-06 -4.000096657681752710e+00 1.222773278246248007e+09
7.932975456775586852e-04 -1.988819382339799491e+00 9.837397957128209782e+02 2.106950503600293549e-06 -3.785707420350115981e+00 1.222773278385483265e+09
8.045674913098884535e-04 -1.980624762561016272e+00 8.835430501650256474e+02 1.923981729908063602e-06 -3.854715345935255222e+00 1.222773278425554752e+09
8.028396929261709392e-04 -1.983081943117100732e+00 9.139811377934777283e+02 3.806588112686602130e-06 -3.315905819356496309e+00 1.222773278804033756e+09
8.028396929261709392e-04 -1.983081943117100732e+00 9.139811377934777283e+02 3.806588112686602130e-06 -3.315905819356496309e+00 1.222773278804033756e+09
8.034342521047564559e-04 -1.980608761754678371e+00 8.928294955057575635e+02 2.635829278960190130e-06 -3.607274769462963881e+00 1.222773278589590073e+09
8.034342521047564559e-04 -1.980608761754678371e+00 8.928294955057575635e+02 2.635829278960190130e-06 -3.607274769462963881e+00 1.222773278589590073e+09
8.053988564629757652e-04 -1.980843967367334146e+00 9.209568018692076521e+02 4.543687336668795214e-06 -3.191828546758624263e+00 1.222773278284523726e+09
8.016586484031129004e-04 -1.981373021554416081e+00 9.408753047622464010e+02 3.107708161006407989e-06 -3.400189663894432002e+00 1.222773278833220005e+09
8.016586484031129004e-04 -1.981373021554416081e+00 9.408753047622464010e+02 3.107708161006407989e-06 -3.400189663894432002e+00 1.222773278833220005e+09
8.030774994463288265e-04 -1.981770340605411462e+00 8.676039127895020329e+02 2.389639687440895504e-06 -3.673496072316415173e+00 1.222773277995009899e+09
8.013367528739155947e-04 -1.980991909154381059e+00 9.144657115259125248e+02 1.643094889267040879e-06 -3.951712145590752456e+00 1.222773278019276142e+09
8.013822982886836897e-04 -1.983920496407513667e+00 9.036287254962867337e+02 3.529131309366282227e-06 -3.405409357574023410e+00 1.222773278600705624e+09
8.013822982886836897e-04 -1.983920496407513667e+00 9.036287254962867337e+02 3.529131309366282227e-06 -3.405409357574023410e+00 1.222773278600705624e+09
7.998864449630405668e-04 -1.987018862683807008e+00 9.086358649149763096e+02 1.791244203002523567e-06 -3.930927749414653505e+00 1.222773277947025061e+09
7.995681498169124150e-04 -1.983100430674078041e+00 9.451854441548368868e+02 4.522310609571303116e-06 -3.042519591827107739e+00 1.222773278613724947e+09
7.975064160169476881e-04 -1.986800974107487239e+00 9.473984819548539917e+02 3.729490510805805865e-06 -3.239228429904827067e+00 1.222773278735812664e+09
7.966647826068330588e-04 -1.989100720153844648e+00 9.432336613263419167e+02 2.498868662373625755e-06 -3.606711823054519428e+00 1.222773278424741507e+09
7.937566913373765142e-04 -1.988500499607554373e+00 9.767731133695741619e+02 1.966397156803138627e-06 -3.698540196076299580e+00 1.222773278065310240e+09
8.014966737308136090e-04 -1.983781109624922268e+00 8.783622940901507263e+02 4.400126967002972778e-06 -3.144231740056985913e+00 1.222773278003235102e+09
8.031227341532252723e-04 -1.984955374004079509e+00 8.724084065238306493e+02 2.550824182365635798e-06 -3.581571482395164985e+00 1.222773277944791555e+09
8.000273612286039164e-04 -1.985436379788076966e+00 9.275463480538867316e+02 3.533477906861405224e-06 -3.434199748916529238e+00 1.222773278544938564e+09
8.000273612286039164e-04 -1.985436379788076966e+00 9.275463480538867316e+02 3.533477906861405224e-06 -3.434199748916529238e+00 1.222773278544938564e+09
8.004986491522712898e-04 -1.983323101504137487e+00 9.986002645529812298e+02 5.284838121719310014e-06 -3.037294955189658197e+00 1.222773277965040684e+09
8.027834722170448193e-04 -1.982001800386801627e+00 9.013967025566436178e+02 4.550591656498904429e-06 -3.174184420376786164e+00 1.222773278701554537e+09
7.990791609737994596e-04 -1.984263113498769826e+00 9.174248374983266103e+02 1.929671972397696686e-06 -3.837941865889451520e+00 1.222773278204973459e+09
7.999160673414398414e-04 -1.982445904844162055e+00 9.667432054916871493e+02 2.331776216475390013e-06 -3.578189870568018627e+00 1.222773278360511541e+09
7.999160673414398414e-04 -1.982445904844162055e+00 9.667432054916871493e+02 2.331776216475390013e-06 -3.578189870568018627e+00 1.222773278360511541e+09
7.947509172384245287e-04 -1.991473358177390907e+00 9.964759607037002525e+02 3.730687116788864208e-06 -3.381686713664062260e+00 1.222773278104518890e+09
8.024116886878656860e-04 -1.981483570259037652e+00 8.960711891106398070e+02 3.878076375736455060e-06 -3.168414806889695789e+00 1.222773278432034969e+09
8.020536151864581442e-04 -1.979671297584084222e+00 9.590234693099832839e+02 3.219293639743922504e-06 -3.448975713494144557e+00 1.222773278426296234e+09
8.020536151864581442e-04 -1.979671297584084222e+00 9.590234693099832839e+02 3.219293639743922504e-06 -3.448975713494144557e+00 1.222773278426296234e+09
7.943849429916741969e-04 -1.991982852004658522e+00 9.907073139920183849e+02 3.379006709826942861e-06 -3.413800148634052789e+00 1.222773278192425728e+09
7.962628018733823110e-04 -1.986775095234059485e+00 9.702578175720518630e+02 3.159794699468030754e-06 -3.300804797127000256e+00 1.222773278417089701e+09
7.962628018733823110e-04 -1.986775095234059485e+00 9.702578175720518630e+02 3.159794699468030754e-06 -3.300804797127000256e+00 1.222773278417089701e+09
8.055961669947751076e-04 -1.978059274727347550e+00 8.712554070211135695e+02 1.968920486848658715e-06 -3.711904785896320114e+00 1.222773278007826328e+09
8.069063493499954677e-04 -1.978018385480832642e+00 9.023501045473975637e+02 2.013582268537249841e-06 -3.724012297908215530e+00 1.222773278061467409e+09
7.968545452660896018e-04 -1.985985709310380987e+00 9.998230098195335813e+02 5.338301459050294794e-06 -3.018378294586973709e+00 1.222773278717043400e+09
7.968545452660896018e-04 -1.985985709310380987e+00 9.998230098195335813e+02 5.338301459050294794e-06 -3.018378294586973709e+00 1.222773278717043400e+09
7.970998599321806998e-04 -1.989627012945373252e+00 9.561591951868078922e+02 4.480271793261703292e-06 -3.214495488481564855e+00 1.222773278198963642e+09
8.007160302184722920e-04 -1.984729248688263503e+00 9.022973121421555334e+02 2.665570976524943275e-06 -3.572620490022583084e+00 1.222773278588520765e+09
7.947308640588265525e-04 -1.990129411749778310e+00 9.835574631075650132e+02 4.628388843110718952e-06 -3.067091764293846445e+00 1.222773278470463514e+09
7.947308640588265525e-04 -1.990129411749778310e+00 9.835574631075650132e+02 4.628388843110718952e-06 -3.067091764293846445e+00 1.222773278470463514e+09
7.998911617200240394e-04 -1.984754705890807047e+00 9.361069142075778018e+02 2.639640962008100851e-06 -3.431871299944091902e+00 1.222773278105035543e+09
7.925236163932600567e-04 -1.990778642599349446e+00 9.953002489428314448e+02 4.836290624568169846e-06 -3.166706685646667907e+00 1.222773278256212711e+09
8.050915442950487772e-04 -1.979339025243658234e+00 8.980683102073974169e+02 1.494993564308300332e-06 -4.071359544838966116e+00 1.222773278016916513e+09
8.038806114481541337e-04 -1.982588316035283516e+00 8.799519671012977824e+02 2.950551709890319950e-06 -3.366886205261838683e+00 1.222773278073890209e+09
7.993008042254427185e-04 -1.986451704485858283e+00 9.446708679786225957e+02 6.045120859295170133e-06 -2.857042310281969755e+00 1.222773278240870714e+09
7.996842375518833793e-04 -1.983133380554936487e+00 9.528276008980735696e+02 2.579159270420956813e-06 -3.698753377293105160e+00 1.222773278251659632e+09
7.951732116173259148e-04 -1.988190661845647744e+00 9.814663399753876547e+02 2.958274124040870885e-06 -3.475036798216307510e+00 1.222773278925270796e+09
7.951732116173259148e-04 -1.988190661845647744e+00 9.814663399753876547e+02 2.958274124040870885e-06 -3.475036798216307510e+00 1.222773278925270796e+09
8.005537091929353522e-04 -1.984405187486796063e+00 9.072682532369775572e+02 3.092280245911619463e-06 -3.399897814002599716e+00 1.222773278622946262e+09
8.005537091929353522e-04 -1.984405187486796063e+00 9.072682532369775572e+02 3.092280245911619463e-06 -3.399897814002599716e+00 1.222773278622946262e+09
7.967745999819230698e-04 -1.986256312792381129e+00 9.701150890678419501e+02 1.315994796161118320e-06 -4.045720050639610932e+00 1.222773278000073671e+09
8.016123055737239258e-04 -1.978946338055331378e+00 9.779566859993479966e+02 5.061296750873383720e-06 -2.949553477356710474e+00 1.222773277967673063e+09
7.975431104872665296e-04 -1.986746626239187519e+00 9.305831055503607558e+02 6.102608361984971383e-06 -2.848178301393791578e+00 1.222773277971060514e+09
7.973882526138298139e-04 -1.986082080564203212e+00 9.510330965363982614e+02 2.264339706814331868e-06 -3.820551317238844113e+00 1.222773277970421314e+09
7.916772292794814307e-04 -1.991455006937838501e+00 9.972862039295181376e+02 5.334755515186754496e-06 -3.038585564373046388e+00 1.222773278200089931e+09
7.949667304034506443e-04 -1.989211579598347157e+00 9.764152930885729802e+02 3.076263348415019583e-06 -3.551160474562776059e+00 1.222773278502716780e+09
7.935483455518873826e-04 -1.991767537809850719e+00 9.600206281038064162e+02 3.136646330232279616e-06 -3.375880727938806558e+00 1.222773278073051691e+09
8.030571411329843470e-04 -1.982338499574864077e+00 9.222827188956005102e+02 4.406921550502505402e-06 -3.134231592003529521e+00 1.222773278778809786e+09
8.030571411329843470e-04 -1.982338499574864077e+00 9.222827188956005102e+02 4.406921550502505402e-06 -3.134231592003529521e+00 1.222773278778809786e+09
8.055174319319007882e-04 -1.980535028179171153e+00 8.738975205131521307e+02 2.025667632065984124e-06 -3.733832157620560643e+00 1.222773278355213881e+09
7.999045718904000983e-04 -1.981889967540735986e+00 9.527693732228524368e+02 5.070824406147667941e-06 -2.986270599421386507e+00 1.222773278573668003e+09
7.979305547866617863e-04 -1.989831301711411093e+00 9.360041273028670048e+02 3.626596624846132305e-06 -3.368313169778257787e+00 1.222773277969992638e+09
8.005298135775109356e-04 -1.982327298851950914e+00 9.383016927427757992e+02 2.008926790267285408e-06 -3.896644420993522928e+00 1.222773277954319000e+09
7.933026318355516134e-04 -1.990288667850395932e+00 9.877393584095373171e+02 2.800575786766114158e-06 -3.545268527959875016e+00 1.222773278774909973e+09
7.933026318355516134e-04 -1.990288667850395932e+00 9.877393584095373171e+02 2.800575786766114158e-06 -3.545268527959875016e+00 1.222773278774909973e+09
7.994542420817547139e-04 -1.986421797796398270e+00 9.250748994942043737e+02 4.990775421844370113e-06 -3.080904925666303029e+00 1.222773278514726639e+09
8.052881160209509085e-04 -1.980245852891968639e+00 9.149678129294893552e+02 4.317015442138441000e-06 -3.210852448796010172e+00 1.222773278660595655e+09
8.052881160209509085e-04 -1.980245852891968639e+00 9.149678129294893552e+02 4.317015442138441000e-06 -3.210852448796010172e+00 1.222773278660595655e+09
8.025473934070550056e-04 -1.980160834619351773e+00 9.084532505708959889e+02 2.488173605359769647e-06 -3.629935352634075407e+00 1.222773278481388330e+09
8.017649847157152761e-04 -1.981700913746308412e+00 9.009173755642331116e+02 3.153474543616175013e-06 -3.402116832453462081e+00 1.222773278568739653e+09
8.017649847157152761e-04 -1.981700913746308412e+00 9.009173755642331116e+02 3.153474543616175013e-06 -3.402116832453462081e+00 1.222773278568739653e+09
7.993096405374069697e-04 -1.986887796779044590e+00 9.611625250909920624e+02 2.057571336511699165e-06 -3.814606465254003709e+00 1.222773277971278667e+09
8.022709110922942753e-04 -1.980535144663982727e+00 9.180242901792319117e+02 1.634990297885108848e-06 -3.998970168068519904e+00 1.222773278057325602e+09
7.962599326816757143e-04 -1.987201396934624720e+00 9.326403077727874233e+02 1.902341682189032541e-06 -3.829250155439654080e+00 1.222773278063981295e+09
7.972658249003904173e-04 -1.985325143407649984e+00 9.605029368534999321e+02 2.218527211405196576e-06 -3.771056535309211810e+00 1.222773278503796577e+09
7.972658249003904173e-04 -1.985325143407649984e+00 9.605029368534999321e+02 2.218527211405196576e-06 -3.771056535309211810e+00 1.222773278503796577e+09
8.018691688662885498e-04 -1.980944832580713078e+00 9.438866675395021275e+02 5.989291935353930656e-06 -2.778093829153915451e+00 1.222773278207673550e+09
8.008542046424228398e-04 -1.983224525184833720e+00 9.353007278247241629e+02 3.361663987754391105e-06 -3.414504712614428783e+00 1.222773278938404799e+09
8.008542046424228398e-04 -1.983224525184833720e+00 9.353007278247241629e+02 3.361663987754391105e-06 -3.414504712614428783e+00 1.222773278938404799e+09
7.944391437979772975e-04 -1.988335525367464385e+00 9.976573080730310039e+02 5.261141593879435254e-06 -3.029060782707678534e+00 1.222773278709320068e+09
7.971299691174214483e-04 -1.990071205739736282e+00 9.614077037390622991e+02 3.698841920687677333e-06 -3.369779127940883079e+00 1.222773278038156271e+09
7.975100109700794179e-04 -1.985431167980377332e+00 9.996907851656691264e+02 5.352496160422116797e-06 -2.931758792665350555e+00 1.222773278511034966e+09
7.961055548120605195e-04 -1.988195797348939475e+00 9.663985633219883766e+02 3.442883485565943176e-06 -3.476202903475968498e+00 1.222773278381918907e+09
7.961055548120605195e-04 -1.988195797348939475e+00 9.663985633219883766e+02 3.442883485565943176e-06 -3.476202903475968498e+00 1.222773278381918907e+09
7.988330281356492875e-04 -1.983458118315916119e+00 9.852458568691707796e+02 2.748576000805883248e-06 -3.501961173974501129e+00 1.222773278652033091e+09
8.030497834944459864e-04 -1.981670978517198423e+00 9.084793783129994154e+02 1.428930365401430856e-06 -4.016093084776333200e+00 1.222773278115045309e+09
7.913807534742113570e-04 -1.992765875207938908e+00 9.985385613141196472e+02 3.675292932557866036e-06 -3.235926093108941970e+00 1.222773278308520794e+09
7.951452192580599817e-04 -1.988569554331989231e+00 9.739606960209027875e+02 2.749213989128368376e-06 -3.668759238362976127e+00 1.222773278160528421e+09
7.994945827214342427e-04 -1.986875931318930366e+00 9.683084821419083710e+02 4.991705634539023709e-06 -3.117884549774871950e+00 1.222773278061481476e+09
7.960286377887251016e-04 -1.990131263122645322e+00 9.395404088681198118e+02 2.078907422849399707e-06 -3.782288786693538185e+00 1.222773278109694004e+09
8.041219599487938298e-04 -1.978906487642162926e+00 9.225150240230348118e+02 4.287281732264993228e-06 -3.241353213238488351e+00 1.222773278554967165e+09
8.041219599487938298e-04 -1.978906487642162926e+00 9.225150240230348118e+02 4.287281732264993228e-06 -3.241353213238488351e+00 1.222773278554967165e+09
8.029376486243499636e-04 -1.979512558854303439e+00 9.233209015814092027e+02 5.448096122119926838e-06 -2.898439233383200531e+00 1.222773278426396608e+09
8.010717900531619858e-04 -1.981650659277424786e+00 9.542130843399187370e+02 2.454249866824891917e-06 -3.535480802095629649e+00 1.222773278389012337e+09
8.065585865438421129e-04 -1.980408858586419019e+00 8.856026703250465744e+02 2.621492293256430447e-06 -3.557790974988524368e+00 1.222773278384516001e+09
8.065585865438421129e-04 -1.980408858586419019e+00 8.856026703250465744e+02 2.621492293256430447e-06 -3.557790974988524368e+00 1.222773278384516001e+09
7.908507645464706807e-04 -1.994225032881338677e+00 9.861515452451147894e+02 3.570470034478207578e-06 -3.332932027348438631e+00 1.222773278114653587e+09
7.969757778132443736e-04 -1.985907975005918980e+00 9.721318408399566806e+02 2.184351326412163308e-06 -3.720250652410018510e+00 1.222773278764730215e+09
7.964182909845940765e-04 -1.986434989235652537e+00 9.690797955261280094e+02 2.843966302777923689e-06 -3.384319460817401648e+00 1.222773278379710674e+09
7.977139334320681010e-04 -1.985698321604535632e+00 9.371621163802732326e+02 2.310343223535392922e-06 -3.702402842549131101e+00 1.222773278546174049e+09
7.973997197159899981e-04 -1.987961026926768904e+00 9.635050189700269812e+02 1.621674500581921912e-06 -4.035729457078355509e+00 1.222773277985478163e+09
8.032665419641738056e-04 -1.983677157681955183e+00 9.074694277450448681e+02 4.876535259479019073e-06 -3.177147845857309250e+00 1.222773278212742805e+09
8.019174058272382152e-04 -1.981791803891290282e+00 8.992937360862209744e+02 2.298691686374317227e-06 -3.659642237996147074e+00 1.222773278479503155e+09
7.999301537192882953e-04 -1.986583036080271647e+00 9.490548642064632077e+02 5.846180484733929450e-06 -2.986445102970480825e+00 1.222773278083006620e+09
7.987201073165164011e-04 -1.982726065559359263e+00 9.769462443438451373e+02 3.994045292489501798e-06 -3.187589045207556815e+00 1.222773278722889662e+09
7.987201073165164011e-04 -1.982726065559359263e+00 9.769462443438451373e+02 3.994045292489501798e-06 -3.187589045207556815e+00 1.222773278722889662e+09
7.942994154298113662e-04 -1.987632350304695095e+00 9.584989677134608428e+02 3.015088494479274665e-06 -3.376440464946866449e+00 1.222773277997592926e+09
8.020525912375714179e-04 -1.982314258624970904e+00 8.835903748302281429e+02 2.550310508616227865e-06 -3.590223834915058809e+00 1.222773278285018206e+09
8.006107821435990129e-04 -1.983660194432172119e+00 9.704456198393455679e+02 4.695734680504860658e-06 -3.061494755997282269e+00 1.222773278483259439e+09
8.006107821435990129e-04 -1.983660194432172119e+00 9.704456198393455679e+02 4.695734680504860658e-06 -3.061494755997282269e+00 1.222773278483259439e+09
7.992446420514123144e-04 -1.987008644502358035e+00 9.172107891013232575e+02 3.197802946891544105e-06 -3.315924622797925103e+00 1.222773278022432804e+09
8.015399947147759186e-04 -1.981509918684311256e+00 9.044880458890992259e+02 5.009773637673418150e-06 -2.930229682262503133e+00 1.222773278022961378e+09
8.012425142061051827e-04 -1.980629095036849918e+00 9.638379767783919760e+02 5.795908770680446245e-06 -2.925329950539922841e+00 1.222773278432907343e+09
8.017767565961326712e-04 -1.982914808985333455e+00 9.080871383906659275e+02 2.881438654856381107e-06 -3.592377956297464259e+00 1.222773278481426716e+09
7.958604759179098041e-04 -1.987109717079341475e+00 9.651568335335889515e+02 4.229478170244656279e-06 -3.188882162988187829e+00 1.222773278760354996e+09
7.958604759179098041e-04 -1.987109717079341475e+00 9.651568335335889515e+02 4.229478170244656279e-06 -3.188882162988187829e+00 1.222773278760354996e+09
7.999811205196301475e-04 -1.982134068073094113e+00 9.347788231218841020e+02 1.958226439308657568e-06 -3.757763912121610872e+00 1.222773278349029064e+09
8.017462688882329592e-04 -1.982096708391562823e+00 9.256839487232813326e+02 4.142355234886989569e-06 -3.231759294903304713e+00 1.222773278913832903e+09
8.017462688882329592e-04 -1.982096708391562823e+00 9.256839487232813326e+02 4.142355234886989569e-06 -3.231759294903304713e+00 1.222773278913832903e+09
7.997332687441823526e-04 -1.987823911387939457e+00 9.354778884790728171e+02 3.474424290961435709e-06 -3.353277844199645585e+00 1.222773278063369513e+09
7.920921878130565480e-04 -1.991744026645115406e+00 9.731400664729127357e+02 2.433856237559240870e-06 -3.554192838498092755e+00 1.222773277974740267e+09
8.018705807118192263e-04 -1.982425130759681853e+00 8.991222482980853101e+02 2.460581409006780079e-06 -3.619795714165941369e+00 1.222773278607680559e+09
8.018705807118192263e-04 -1.982425130759681853e+00 8.991222482980853101e+02 2.460581409006780079e-06 -3.619795714165941369e+00 1.222773278607680559e+09
7.998388474184413895e-04 -1.986474920128654453e+00 9.006828077435231990e+02 2.762373304395052090e-06 -3.627821806058371124e+00 1.222773278077241182e+09
7.978255976221742402e-04 -1.983804313756097670e+00 9.514478745602949630e+02 2.161689854582586114e-06 -3.707628465101296733e+00 1.222773278402599335e+09
7.960253311144265768e-04 -1.989388872508942363e+00 9.790983713340000349e+02 5.105774933042456587e-06 -3.056488555075439706e+00 1.222773278478860617e+09
8.031092849097828165e-04 -1.981819259912330544e+00 9.059601488969422007e+02 3.341827719959081210e-06 -3.349946417907559315e+00 1.222773278883606672e+09
8.031092849097828165e-04 -1.981819259912330544e+00 9.059601488969422007e+02 3.341827719959081210e-06 -3.349946417907559315e+00 1.222773278883606672e+09
8.052174436967962081e-04 -1.980280460755488692e+00 8.802707762595925942e+02 1.358235066739125940e-06 -4.115023962669269508e+00 1.222773277989773035e+09
7.983296637991825788e-04 -1.987430985069600586e+00 9.782562568985008511e+02 3.379496717664225717e-06 -3.381115893823200658e+00 1.222773278327287912e+09
7.983097585081762749e-04 -1.983754491367865747e+00 9.642386698787511250e+02 3.316946450185353784e-06 -3.489104565014568671e+00 1.222773278310755730e+09
7.948538587367834926e-04 -1.985106370312192947e+00 9.965471751140252081e+02 3.258905282709792158e-06 -3.267274974673678223e+00 1.222773278029784679e+09
8.013865582032575572e-04 -1.985856793568057110e+00 9.284790041339688287e+02 5.439561834028806553e-06 -3.065948231001336843e+00 1.222773278005992889e+09
7.965452236770978510e-04 -1.984571022963682818e+00 9.779147700917997099e+02 3.620251147747494943e-06 -3.154269580612453439e+00 1.222773278076888800e+09
7.926400325514961669e-04 -1.990531262007175339e+00 9.689178391778314108e+02 3.686195696345655952e-06 -3.375530861822703343e+00 1.222773277974736452e+09
8.006159201271251724e-04 -1.979510784707608995e+00 9.489319449288200303e+02 2.502443425264427000e-06 -3.574069111933748211e+00 1.222773277988223553e+09
8.029287529670099850e-04 -1.982385400695963584e+00 9.308924711246354491e+02 1.736934430092094722e-06 -3.899546499073161421e+00 1.222773278097369194e+09
7.914651499464770952e-04 -1.990948541159560659e+00 9.964646712070739341e+02 1.528780982152744522e-06 -3.989979171548663217e+00 1.222773278126137018e+09
8.003522774001636548e-04 -1.984038218807580245e+00 9.436266500688560654e+02 1.440459283020657455e-06 -4.009321620910172967e+00 1.222773278083223104e+09
7.953189626817689815e-04 -1.989718983796586294e+00 9.603300275866815809e+02 4.871776774338230754e-06 -3.019350856912058845e+00 1.222773278296264410e+09
7.981395068840914592e-04 -1.987468155573048678e+00 9.594277431864392156e+02 2.172834967127351060e-06 -3.655140833946482815e+00 1.222773278045022488e+09
8.014829790299853995e-04 -1.983581682261928547e+00 9.290700612111534156e+02 3.045534512065691789e-06 -3.311194162120410844e+00 1.222773278043600321e+09
7.972356341593314719e-04 -1.985870151963601060e+00 9.956021826211091366e+02 2.356145546734736735e-06 -3.594547684365177354e+00 1.222773278423267365e+09
7.911954720502521483e-04 -1.994479452101556749e+00 9.940689823217761614e+02 3.145241500244887132e-06 -3.477300676747795194e+00 1.222773278174971819e+09
7.971936596162267335e-04 -1.984213665658270287e+00 9.831132219481820584e+02 5.809020355872615066e-06 -2.788253667708991301e+00 1.222773278079826355e+09
7.974257711559523979e-04 -1.986676145400963822e+00 9.925275711772804925e+02 3.827586954284251869e-06 -3.361927246137190295e+00 1.222773278555381060e+09
8.020312908898157402e-04 -1.982599125875891488e+00 9.630390272340575848e+02 6.027847953509024351e-06 -2.943890808405948967e+00 1.222773278175570726e+09
8.018877454318763158e-04 -1.983050774850496856e+00 9.017239996717596568e+02 6.547265938495297306e-06 -2.786319071665067426e+00 1.222773278103796721e+09
8.023088296703764040e-04 -1.981675456109510680e+00 9.552834193230862638e+02 6.271344558625185334e-06 -2.840837798849019435e+00 1.222773278350652695e+09
8.023088296703764040e-04 -1.981675456109510680e+00 9.552834193230862638e+02 6.271344558625185334e-06 -2.840837798849019435e+00 1.222773278350652695e+09
7.949338240446997186e-04 -1.989525961670882914e+00 9.619180885444789055e+02 1.772139826423695399e-06 -3.819119033008112396e+00 1.222773278107409716e+09
8.048143029010200716e-04 -1.979860094567093887e+00 9.072025722823970000e+02 2.259058293606207407e-06 -3.725773694692307458e+00 1.222773278597418070e+09
7.956042072162988017e-04 -1.987023520803665511e+00 9.902253062139138819e+02 4.941810723129899167e-06 -3.121655826974395254e+00 1.222773278661037445e+09
7.956042072162988017e-04 -1.987023520803665511e+00 9.902253062139138819e+02 4.941810723129899167e-06 -3.121655826974395254e+00 1.222773278661037445e+09
8.011624741477985090e-04 -1.980587103659667614e+00 9.156270740737584219e+02 2.421254738721832942e-06 -3.609634111459489425e+00 1.222773278184838057e+09
8.044293226526544370e-04 -1.978512986074683955e+00 9.407459283946378719e+02 3.485409974405868633e-06 -3.233244585982361308e+00 1.222773278125971556e+09
8.037149708881355901e-04 -1.978670863914787414e+00 9.224651345553429564e+02 3.448088802132457215e-06 -3.210523195852834633e+00 1.222773278197788000e+09
7.955402417800167599e-04 -1.986061905194083543e+00 9.778840222688827453e+02 4.065097207145140768e-06 -3.074032286415231852e+00 1.222773278165689468e+09
8.019779304536821425e-04 -1.984300210582899737e+00 8.967501703002114937e+02 3.064660683574704930e-06 -3.555456106686202489e+00 1.222773278297922134e+09
7.981391474608571200e-04 -1.987155549400633880e+00 9.195192251558877388e+02 4.951977549230232832e-06 -3.079818251454786271e+00 1.222773278234070063e+09
7.958009455166279280e-04 -1.986959173698553904e+00 9.815520876633588614e+02 1.917516942646809716e-06 -3.932537536446096382e+00 1.222773278110061169e+09
7.966325372622942496e-04 -1.986050789823003981e+00 9.940338562369332749e+02 2.429927094824717065e-06 -3.714999697654170596e+00 1.222773278558453560e+09
7.950491048621170743e-04 -1.988245585951301297e+00 9.958974885901933476e+02 2.905564740643386078e-06 -3.355878640567097726e+00 1.222773278198957682e+09
8.052138264342519145e-04 -1.981283043856535642e+00 9.273911363078076420e+02 4.186384712394818868e-06 -3.211849570598158010e+00 1.222773278090892792e+09
7.969607568725629821e-04 -1.988483916569825372e+00 9.663399398591459430e+02 4.433869716766889085e-06 -3.188499673976978421e+00 1.222773278652092218e+09
8.035394777252517513e-04 -1.981214424741856828e+00 9.221396222986138582e+02 4.100820941706460447e-06 -3.206576791182663477e+00 1.222773278888314724e+09
8.035394777252517513e-04 -1.981214424741856828e+00 9.221396222986138582e+02 4.100820941706460447e-06 -3.206576791182663477e+00 1.222773278888314724e+09
7.978683443706521914e-04 -1.987263879860165616e+00 9.460429036238184608e+02 2.294992553619140038e-06 -3.791204098754744400e+00 1.222773278259806871e+09
8.006534612565595517e-04 -1.983592617806633651e+00 9.174929745813418549e+02 4.130195545262494774e-06 -3.203951908207000265e+00 1.222773278813338995e+09
8.006534612565595517e-04 -1.983592617806633651e+00 9.174929745813418549e+02 4.130195545262494774e-06 -3.203951908207000265e+00 1.222773278813338995e+09
8.033930245094539390e-04 -1.983399980020825071e+00 9.293081717555377281e+02 4.828727369138178708e-06 -3.180548273726715003e+00 1.222773278042988777e+09
8.016720582576135953e-04 -1.981353075437360500e+00 9.506097620292180181e+02 4.976151694774931171e-06 -2.918478539682366701e+00 1.222773278245743513e+09
8.016755057455661514e-04 -1.980570581203934477e+00 9.212381088986300028e+02 3.239974527868063006e-06 -3.479487010056276475e+00 1.222773278241886616e+09
8.010193219295577011e-04 -1.985281200429865667e+00 8.960412192209155364e+02 5.180343777423174339e-06 -3.044376538407431276e+00 1.222773278222264528e+09
7.981081928891431984e-04 -1.984761544248503817e+00 9.785827363126163618e+02 3.718607868844992040e-06 -3.229095569467341775e+00 1.222773278805022478e+09
7.981081928891431984e-04 -1.984761544248503817e+00 9.785827363126163618e+02 3.718607868844992040e-06 -3.229095569467341775e+00 1.222773278805022478e+09
7.977760761346131945e-04 -1.986250045625447491e+00 9.753789212271456108e+02 2.884571689221295391e-06 -3.465208952286545241e+00 1.222773278770653725e+09
7.977760761346131945e-04 -1.986250045625447491e+00 9.753789212271456108e+02 2.884571689221295391e-06 -3.465208952286545241e+00 1.222773278770653725e+09
7.980946036714538141e-04 -1.988339401738994372e+00 9.476851512907400092e+02 4.439505770177533853e-06 -3.096855264749054371e+00 1.222773278185186386e+09
7.932838950751399699e-04 -1.988362641231775196e+00 9.941654777225778616e+02 3.497413273383453022e-06 -3.204050069860137739e+00 1.222773278175632238e+09
8.041275306320033647e-04 -1.982616732914512792e+00 8.842712354724471879e+02 3.999881510860182788e-06 -3.281133882329516638e+00 1.222773278634281158e+09
7.995136641482004794e-04 -1.985662317383258157e+00 9.300210900857764500e+02 3.118557414389352230e-06 -3.310253783164316843e+00 1.222773278176389217e+09
8.031079030069223365e-04 -1.983354175679344911e+00 9.038709309580057152e+02 3.017843413777266624e-06 -3.507568132693513085e+00 1.222773278673008204e+09
8.031079030069223365e-04 -1.983354175679344911e+00 9.038709309580057152e+02 3.017843413777266624e-06 -3.507568132693513085e+00 1.222773278673008204e+09
8.045729517254257166e-04 -1.981604220711326469e+00 8.714485175207686325e+02 2.456893392368390612e-06 -3.576895710069229573e+00 1.222773278400237799e+09
8.042663830875949448e-04 -1.980240746352389447e+00 9.085756838426621016e+02 1.965346473258956154e-06 -3.828107130846381878e+00 1.222773278502395868e+09
8.041062573817805634e-04 -1.977242871817719738e+00 9.306235840703130862e+02 3.355701640993539927e-06 -3.376271532963234456e+00 1.222773278328368187e+09
8.037730453770088219e-04 -1.980167815358005345e+00 8.831966562948474575e+02 1.831822391969405272e-06 -3.871969434613536265e+00 1.222773278197474718e+09
7.995498478904691916e-04 -1.980399370074111154e+00 9.692330633487458726e+02 3.233971686880181020e-06 -3.406464312163419272e+00 1.222773278155290365e+09
7.937711717552378265e-04 -1.988228158739982820e+00 9.916982584250721402e+02 3.267551566375937068e-06 -3.440818663175585712e+00 1.222773278700421333e+09
7.985179753176846864e-04 -1.982883562627636653e+00 9.948762488248221416e+02 2.303504220407370022e-06 -3.709426348035661292e+00 1.222773278356255531e+09
7.983807997779191401e-04 -1.982850077624512375e+00 9.919969388111883291e+02 2.351034967903759930e-06 -3.560324018147750458e+00 1.222773278169923544e+09
8.006627257644204033e-04 -1.981174221504466981e+00 9.749125042854357162e+02 2.872346617833234806e-06 -3.388375663011192529e+00 1.222773278138496399e+09
7.998377374414319951e-04 -1.980997988846464164e+00 9.661573730627534360e+02 5.526242126355662624e-06 -2.921444599386962437e+00 1.222773278298785448e+09
8.006376304216295979e-04 -1.981782453268646105e+00 9.403462475457963592e+02 5.430785347716755947e-06 -2.895328773744839879e+00 1.222773278457409620e+09
7.996683436599548922e-04 -1.982375270479321383e+00 9.678952787456599935e+02 1.771014162942165743e-06 -3.911214252156895554e+00 1.222773278271681070e+09
7.977603549543417494e-04 -1.984437998627889055e+00 9.849609012051437276e+02 2.835960085619147185e-06 -3.463014051453538578e+00 1.222773278759039164e+09
7.994272142947627226e-04 -1.985881232446975009e+00 9.045388159106537387e+02 4.216461381662523527e-06 -3.198598450675545379e+00 1.222773278335861444e+09
8.033888099129649681e-04 -1.980982549351694821e+00 9.115036130723516408e+02 1.481965076140015083e-06 -4.023568490994790636e+00 1.222773278208086967e+09
8.074200277448235737e-04 -1.976650964499262919e+00 9.207497085075187897e+02 2.580750746649365293e-06 -3.629719899411629314e+00 1.222773277950529337e+09
8.000546047540773491e-04 -1.984177816742799028e+00 9.185591664649542736e+02 5.785711407966212938e-06 -2.904137742291679203e+00 1.222773278358530045e+09
7.962272403185347578e-04 -1.987207568508411404e+00 9.488436325860184297e+02 2.555015072948369146e-06 -3.566139390698850775e+00 1.222773278590796471e+09
7.976104305462292316e-04 -1.986616169521646880e+00 9.930505834838562578e+02 4.478874079437463827e-06 -3.033322345728268310e+00 1.222773278108339310e+09
8.055265133916847268e-04 -1.978613555396573798e+00 8.934877956744771836e+02 2.790624621528994804e-06 -3.363914556847226400e+00 1.222773278026904345e+09
8.022252103803764745e-04 -1.982001935365747425e+00 9.092901201499348645e+02 3.652196001345870815e-06 -3.384530375076931108e+00 1.222773278631423473e+09
8.022252103803764745e-04 -1.982001935365747425e+00 9.092901201499348645e+02 3.652196001345870815e-06 -3.384530375076931108e+00 1.222773278631423473e+09
8.051030906532594686e-04 -1.980812805443920244e+00 9.335912591196266703e+02 2.997957772540566743e-06 -3.510770504602906072e+00 1.222773277990707159e+09
7.957615257217467075e-04 -1.990215796231263434e+00 9.813304902605767666e+02 5.910141640853200857e-06 -2.908056272301313250e+00 1.222773278018208265e+09
7.983909487433176909e-04 -1.985941675160021624e+00 9.521542839730491323e+02 3.095607649811696174e-06 -3.310317458926601120e+00 1.222773278252548218e+09
7.933240094875803000e-04 -1.988443476427763867e+00 9.795366792417071338e+02 2.671881170955129892e-06 -3.514721239657489171e+00 1.222773278387295723e+09
7.933240094875803000e-04 -1.988443476427763867e+00 9.795366792417071338e+02 2.671881170955129892e-06 -3.514721239657489171e+00 1.222773278387295723e+09
7.985759392625994910e-04 -1.985830193776587205e+00 9.784418026950148715e+02 2.871010213478956695e-06 -3.419438925236931048e+00 1.222773278260700464e+09
7.983985362185150878e-04 -1.984076266883983308e+00 9.246048970145461681e+02 3.170210404255750792e-06 -3.421186215685610321e+00 1.222773278279666424e+09
8.036353208974992461e-04 -1.981985560186787954e+00 8.900417352099051413e+02 2.362018158802074145e-06 -3.692294745630949393e+00 1.222773278629096985e+09
8.036353208974992461e-04 -1.981985560186787954e+00 8.900417352099051413e+02 2.362018158802074145e-06 -3.692294745630949393e+00 1.222773278629096985e+09
7.962356600938273179e-04 -1.990082059036069939e+00 9.753148407519581724e+02 3.366404018473706179e-06 -3.484493544821388511e+00 1.222773278123619556e+09
7.975857414914806981e-04 -1.986652291483104626e+00 9.160412671703257956e+02 4.495177800419222555e-06 -3.176097404226164045e+00 1.222773277949760914e+09
8.011641141693991294e-04 -1.981340237337160026e+00 9.227696938031475611e+02 4.841367412884350555e-06 -3.091506416176748928e+00 1.222773278475393057e+09
7.955707721409787606e-04 -1.989737798573093075e+00 9.951215327969256350e+02 1.970357667227733361e-06 -3.801461931748357337e+00 1.222773278082175732e+09
8.029423831158288404e-04 -1.980542366934168408e+00 9.235059625605312021e+02 4.334771651046166006e-06 -3.152435893869623307e+00 1.222773278893420219e+09
8.029423831158288404e-04 -1.980542366934168408e+00 9.235059625605312021e+02 4.334771651046166006e-06 -3.152435893869623307e+00 1.222773278893420219e+09
8.034990877267560345e-04 -1.980359601147112514e+00 9.196077824059506156e+02 2.085601541793523725e-06 -3.741837274020851645e+00 1.222773278575139523e+09
8.066775400374079147e-04 -1.979316183463513790e+00 8.869889225529710757e+02 2.372229863782933239e-06 -3.708252808553433866e+00 1.222773278490497112e+09
7.923493096769941438e-04 -1.991385330492748240e+00 9.949664647990028925e+02 4.755871299939897229e-06 -3.111222455504230489e+00 1.222773278534318924e+09
7.923493096769941438e-04 -1.991385330492748240e+00 9.949664647990028925e+02 4.755871299939897229e-06 -3.111222455504230489e+00 1.222773278534318924e+09
8.005055027170912291e-04 -1.982680721436755000e+00 9.286006709162913921e+02 6.308320901997981554e-06 -2.782094719027033314e+00 1.222773278231458902e+09
8.012214553420181785e-04 -1.980478897462761623e+00 9.211827475428600565e+02 4.483545230472172903e-06 -3.115610325004436909e+00 1.222773278287658453e+09
8.057057150973759383e-04 -1.981324829875578342e+00 8.825286144937990684e+02 3.147706009279775448e-06 -3.492851991157021274e+00 1.222773278566912413e+09
8.057057150973759383e-04 -1.981324829875578342e+00 8.825286144937990684e+02 3.147706009279775448e-06 -3.492851991157021274e+00 1.222773278566912413e+09
8.049722079202162447e-04 -1.980965041294453277e+00 8.830116066196281963e+02 2.648176756343536524e-06 -3.685053741279574524e+00 1.222773278199489355e+09
7.926718976085570358e-04 -1.992859155682241035e+00 9.861626933252405252e+02 3.543339605787539907e-06 -3.301312533674620298e+00 1.222773278239941597e+09
7.975135376974798766e-04 -1.983690266041903350e+00 9.971771091186284366e+02 2.462552660233192140e-06 -3.648412555675470514e+00 1.222773278527549267e+09
7.975135376974798766e-04 -1.983690266041903350e+00 9.971771091186284366e+02 2.462552660233192140e-06 -3.648412555675470514e+00 1.222773278527549267e+09
7.953981239006174169e-04 -1.985695093667719124e+00 9.775482306633153939e+02 4.966638749211163485e-06 -3.017858448044756337e+00 1.222773278322615623e+09
7.969148663563979922e-04 -1.985013550126048854e+00 9.972979036783389120e+02 2.901546437726278955e-06 -3.325855567042494521e+00 1.222773277953729868e+09
8.002018537800247109e-04 -1.985460099015414315e+00 9.535111225776307720e+02 5.634786862096459073e-06 -3.048915400372653295e+00 1.222773278182423353e+09
8.006214893629549478e-04 -1.983721039835963040e+00 8.970766892992006660e+02 2.616500132704600029e-06 -3.539103039057768463e+00 1.222773278348863125e+09
8.043601774124416745e-04 -1.980717624343198313e+00 8.890492529416782190e+02 1.497114596673834442e-06 -3.997549038643101404e+00 1.222773278179896593e+09
7.997108196802524098e-04 -1.983081374530521357e+00 9.839065191118406801e+02 2.462321289983236434e-06 -3.685742154056788955e+00 1.222773278353533268e+09
7.997108196802524098e-04 -1.983081374530521357e+00 9.839065191118406801e+02 2.462321289983236434e-06 -3.685742154056788955e+00 1.222773278353533268e+09
8.032575201785754904e-04 -1.984441288213278032e+00 8.846912915728678399e+02 2.057263363739711712e-06 -3.784132967881704168e+00 1.222773278055637598e+09
8.083350504616938293e-04 -1.976568653455598845e+00 8.864495397782608279e+02 1.705550169171151901e-06 -3.940643049036304468e+00 1.222773278017088413e+09
7.933796149989325117e-04 -1.989030776012900903e+00 9.706661591103351157e+02 3.794932499195012522e-06 -3.238720031244831432e+00 1.222773278310848713e+09
7.933796149989325117e-04 -1.989030776012900903e+00 9.706661591103351157e+02 3.794932499195012522e-06 -3.238720031244831432e+00 1.222773278310848713e+09
8.051600124745788472e-04 -1.981434198602966434e+00 9.154351723127185778e+02 5.948858975369689926e-06 -2.996789073885922861e+00 1.222773277988139153e+09
8.037458904548708868e-04 -1.983135465697707600e+00 9.017813720456878173e+02 3.539189163361659038e-06 -3.418771706494254659e+00 1.222773278487757444e+09
8.008159935940033745e-04 -1.983134718746544678e+00 9.175760780043225395e+02 2.246362445089218650e-06 -3.688189706733662199e+00 1.222773278674029827e+09
8.011310443219362689e-04 -1.984308219655532834e+00 8.833700892673225553e+02 3.932139239236765769e-06 -3.279743850686042350e+00 1.222773278136765480e+09
7.962524310036610438e-04 -1.986615865885389187e+00 9.604786752959505520e+02 4.739843526495413103e-06 -3.111508439502103762e+00 1.222773278606070757e+09
7.980696687662270673e-04 -1.981515808377167343e+00 9.983867949495851235e+02 3.408987997988352210e-06 -3.318777332917062672e+00 1.222773278195185661e+09
8.035305469417572920e-04 -1.981231661299416746e+00 8.934460282244160680e+02 2.380232325036495622e-06 -3.541230528261768207e+00 1.222773278277605295e+09
7.987417995863337235e-04 -1.986451937207018847e+00 9.476191108153755067e+02 6.125830641562962182e-06 -2.806776763891691395e+00 1.222773278157156944e+09
7.961796335076256389e-04 -1.985458710594570686e+00 9.701677797938449430e+02 3.256683978058753375e-06 -3.485971828502695047e+00 1.222773278265583515e+09
7.972030135329188352e-04 -1.989829054328380753e+00 9.616021997760810791e+02 3.945489130922120640e-06 -3.229287517247064088e+00 1.222773277993735075e+09
7.980820896990934018e-04 -1.982424742966295117e+00 9.628628477579936771e+02 2.654696378319228889e-06 -3.588608755101240000e+00 1.222773278193881035e+09
7.970450174258174314e-04 -1.985549671098533864e+00 9.384623360845430398e+02 4.393254081170536229e-06 -3.104312108087654565e+00 1.222773278252967119e+09
8.057798544737012790e-04 -1.978827255321082390e+00 9.112589890011091711e+02 1.574535813944916837e-06 -3.962738633379062847e+00 1.222773277951755285e+09
7.933940011974496918e-04 -1.988543006648665123e+00 9.875149566313087917e+02 1.999977263648689294e-06 -3.708598886876046663e+00 1.222773278277913094e+09
7.996747893156384585e-04 -1.985326940157569942e+00 9.804274097832224015e+02 3.583420366065442023e-06 -3.437361748882613810e+00 1.222773278070440054e+09
7.984451106172815596e-04 -1.984360819179940005e+00 9.420010924513786676e+02 2.337006188443902680e-06 -3.641116324078780053e+00 1.222773278651365042e+09
8.036812798831257819e-04 -1.982557194741533690e+00 8.955915299973373749e+02 4.841638569834282546e-06 -2.996107871899607922e+00 1.222773278376598120e+09
8.050093119531593526e-04 -1.982022734311194245e+00 8.854146908815339430e+02 3.190370675070994080e-06 -3.485522135476710304e+00 1.222773278553751945e+09
8.050093119531593526e-04 -1.982022734311194245e+00 8.854146908815339430e+02 3.190370675070994080e-06 -3.485522135476710304e+00 1.222773278553751945e+09
7.971769833219844109e-04 -1.987721358179737718e+00 9.659275857641154062e+02 3.283281017819070311e-06 -3.337362799766273369e+00 1.222773278610371113e+09
8.005343235976084427e-04 -1.984857975318248702e+00 9.418559209430828787e+02 5.012333944882519132e-06 -3.073858244910887549e+00 1.222773278701024771e+09
8.005343235976084427e-04 -1.984857975318248702e+00 9.418559209430828787e+02 5.012333944882519132e-06 -3.073858244910887549e+00 1.222773278701024771e+09
8.020126906239901298e-04 -1.983328453875547570e+00 9.209501030868913176e+02 3.591620692178223506e-06 -3.285305894356546297e+00 1.222773278807944775e+09
8.020126906239901298e-04 -1.983328453875547570e+00 9.209501030868913176e+02 3.591620692178223506e-06 -3.285305894356546297e+00 1.222773278807944775e+09
7.926979434050545736e-04 -1.989648126808333917e+00 9.855074940503885728e+02 4.475428005876968160e-06 -3.156653098701799998e+00 1.222773278376586199e+09
8.000443591340430059e-04 -1.983577463350508330e+00 9.077164376242243407e+02 3.375181069283702818e-06 -3.291655528728973046e+00 1.222773278313251019e+09
7.967834743515567501e-04 -1.987419522614683132e+00 9.397500126715883653e+02 6.276003943306521887e-06 -2.827890693568976488e+00 1.222773277950830698e+09
8.066150324884089912e-04 -1.980857084204740604e+00 8.607057036727150034e+02 1.972786011324845349e-06 -3.797669583408835869e+00 1.222773278174908161e+09
8.032097709482346548e-04 -1.980340670607396492e+00 9.586738873089818753e+02 4.732264784589339837e-06 -3.183424628271859902e+00 1.222773278163187981e+09
8.084498900654090011e-04 -1.974659565232506964e+00 8.918463778530598347e+02 4.126587787178057622e-06 -3.099997692167328012e+00 1.222773278257446289e+09
8.051062372737633399e-04 -1.978350375967962371e+00 9.172706222335317534e+02 3.662445609941439463e-06 -3.275701882535892118e+00 1.222773278763148785e+09
8.051062372737633399e-04 -1.978350375967962371e+00 9.172706222335317534e+02 3.662445609941439463e-06 -3.275701882535892118e+00 1.222773278763148785e+09
8.094974112692678329e-04 -1.975562891003912469e+00 8.693407347408202668e+02 3.138752303765452036e-06 -3.375203472638424351e+00 1.222773278615147591e+09
8.094974112692678329e-04 -1.975562891003912469e+00 8.693407347408202668e+02 3.138752303765452036e-06 -3.375203472638424351e+00 1.222773278615147591e+09
7.963814979420344789e-04 -1.987538442711345610e+00 9.734111215766145051e+02 3.097630158957457372e-06 -3.294969492442742620e+00 1.222773278114160776e+09
8.025031491289137371e-04 -1.984359294745654534e+00 8.847745117073347956e+02 2.979364755752586188e-06 -3.502299000615511027e+00 1.222773278461864710e+09
7.981993953661697949e-04 -1.984830588855468925e+00 9.439897757751633662e+02 2.208225977048457047e-06 -3.801731812381766495e+00 1.222773278255714655e+09
8.007221680224265066e-04 -1.982658652575414404e+00 9.511371285449328070e+02 1.932275910505775418e-06 -3.854048474358823029e+00 1.222773278468633890e+09
7.997553221890358428e-04 -1.983809005158372774e+00 9.039777978570928099e+02 2.442288948621142425e-06 -3.688132994479628834e+00 1.222773278012025356e+09
7.973718936387931252e-04 -1.985636710027940621e+00 9.535668252110831418e+02 1.507927145373267194e-06 -3.991898634988265471e+00 1.222773278300680161e+09
7.962932017968035519e-04 -1.988076959762840268e+00 9.511788292725398151e+02 6.470661139892913654e-06 -2.865212462799015647e+00 1.222773278000331402e+09
7.967885699089296073e-04 -1.989765515681837016e+00 9.846039047255047763e+02 3.051006275531069424e-06 -3.478427431162211647e+00 1.222773277986557007e+09
8.025827212691333213e-04 -1.980203071586244645e+00 9.487360419020014888e+02 1.693244515211976090e-06 -3.901150430277296799e+00 1.222773278071701527e+09
8.007249171249119840e-04 -1.983617936897006828e+00 9.462724215669916248e+02 2.888420251207160578e-06 -3.361107624316764131e+00 1.222773278120031595e+09
8.038336228335886315e-04 -1.979858426102404145e+00 9.305315300994836889e+02 3.508202799817868567e-06 -3.462310206596379558e+00 1.222773278169433117e+09
8.069331110370481751e-04 -1.975307659121893211e+00 8.932053816251285525e+02 2.845039636724076871e-06 -3.496697488773032880e+00 1.222773278300952673e+09
7.999163234340033379e-04 -1.982447943006847346e+00 9.585119845457726342e+02 6.160359044764833913e-06 -2.861603900374524834e+00 1.222773278494518518e+09
7.999163234340033379e-04 -1.982447943006847346e+00 9.585119845457726342e+02 6.160359044764833913e-06 -2.861603900374524834e+00 1.222773278494518518e+09
7.961385800061693404e-04 -1.986190807992012086e+00 9.916781012678369507e+02 1.898580357386873957e-06 -3.708583129186857619e+00 1.222773278082814932e+09
8.079406805000110972e-04 -1.975173840051394958e+00 9.230717148687909912e+02 3.874559419340077373e-06 -3.290389287862198309e+00 1.222773278034048080e+09
7.912298724569973365e-04 -1.991574505997881772e+00 9.784185882658179025e+02 2.649719499559524470e-06 -3.599506506974034181e+00 1.222773278025196552e+09
8.040433372976010361e-04 -1.980388442154543238e+00 9.043022616858437459e+02 4.484105253054353550e-06 -2.979861121888310649e+00 1.222773278136244297e+09
7.978657865069007640e-04 -1.983792732370414758e+00 9.909600432746203751e+02 5.047065953693791961e-06 -2.997609208310637818e+00 1.222773278663577318e+09
8.064389706017032096e-04 -1.975992008453555826e+00 8.888296091296218719e+02 3.215483158864036351e-06 -3.473936673847011214e+00 1.222773278075835705e+09
7.984843823513177287e-04 -1.983551143122762372e+00 9.414707716831866264e+02 1.458005006665388009e-06 -3.997288759924234824e+00 1.222773278023137093e+09
8.040678039993837773e-04 -1.978075894102392596e+00 9.327850790082138701e+02 1.923807660175537362e-06 -3.747493704375408186e+00 1.222773278002239227e+09
8.017719660463878007e-04 -1.982225825090222049e+00 9.207337522808438735e+02 2.735565765590444983e-06 -3.385052823240611630e+00 1.222773278095504999e+09
7.950571637801982262e-04 -1.988907176317166625e+00 9.751499706118360109e+02 2.518215244703381360e-06 -3.474277938955005141e+00 1.222773278067062378e+09
7.973898201309411512e-04 -1.984162316313169860e+00 9.695940356805339206e+02 2.008496592614018674e-06 -3.673341950870710804e+00 1.222773278167841434e+09
7.955024932323482081e-04 -1.987466714031083992e+00 9.563604960326472337e+02 2.582737229176381599e-06 -3.563587610847283038e+00 1.222773278572125435e+09
7.981355532080185123e-04 -1.985297256936221721e+00 9.640231066712207166e+02 1.972111565759988514e-06 -3.758366649534657711e+00 1.222773278566461563e+09
8.005539883897447957e-04 -1.982085744179528985e+00 9.284792575010670816e+02 4.876735383096430849e-06 -2.982713350527363971e+00 1.222773278452625036e+09
8.046666352908849991e-04 -1.983116989228369764e+00 8.794806700454707880e+02 5.193235181854794446e-06 -3.085276845117498112e+00 1.222773278177209139e+09
7.956024550256022296e-04 -1.989052949991035435e+00 9.823888086058329918e+02 2.530370372314488555e-06 -3.550833271770233779e+00 1.222773278483932734e+09
7.956024550256022296e-04 -1.989052949991035435e+00 9.823888086058329918e+02 2.530370372314488555e-06 -3.550833271770233779e+00 1.222773278483932734e+09
7.992043297721039118e-04 -1.984300014940204582e+00 9.302724769079235330e+02 2.698375157746199029e-06 -3.397938702898013474e+00 1.222773278044928789e+09
8.005193395495106574e-04 -1.982898016177863099e+00 9.476299933818179397e+02 6.846665752605028315e-06 -2.802744874567394184e+00 1.222773278337222576e+09
7.971335106807467133e-04 -1.984959065156485902e+00 9.557288123419554040e+02 1.483067658603938547e-06 -4.046967898608833991e+00 1.222773278095398903e+09
7.961656180189059535e-04 -1.986303580725683693e+00 9.507986144607540382e+02 3.149215752467268506e-06 -3.278179205007251795e+00 1.222773277947692156e+09
8.022848341176599301e-04 -1.981084838597014119e+00 9.061795992059230684e+02 1.483682465261844251e-06 -4.048395349463096871e+00 1.222773278062210083e+09
8.059288809936715958e-04 -1.980609681907531616e+00 8.856535164073644637e+02 2.366104417076710612e-06 -3.696126623588485316e+00 1.222773278504983187e+09
7.964709371891596883e-04 -1.987576495337624038e+00 9.288691891780227934e+02 2.154562621789861952e-06 -3.659130379347090845e+00 1.222773278001232624e+09
7.992529343666643056e-04 -1.984230392228445883e+00 9.561342606617212141e+02 6.507131891741207707e-06 -2.898524130519708031e+00 1.222773278240678310e+09
7.927341194504599568e-04 -1.989966010884780978e+00 9.699562372142739832e+02 3.471701298526804507e-06 -3.308861526882392212e+00 1.222773278200833797e+09
8.019716368035504934e-04 -1.981438065467136411e+00 9.020777518280684717e+02 1.702587631756948383e-06 -3.966183538871563385e+00 1.222773278034309387e+09
7.991992564033218631e-04 -1.982318915835214579e+00 9.650603119194976216e+02 1.925223653258647380e-06 -3.754570395184217979e+00 1.222773278294165373e+09
8.006952744580692581e-04 -1.983041942414152548e+00 9.955808659232296804e+02 3.771775824750352615e-06 -3.278179858642266353e+00 1.222773278032836914e+09
7.991480371005675858e-04 -1.985047293663530610e+00 9.229142488312807018e+02 4.435170468563914229e-06 -3.158204493520221590e+00 1.222773278622054577e+09
8.096265539221972037e-04 -1.976866929555671781e+00 8.645551896748100944e+02 2.694499218680183249e-06 -3.641653181075264811e+00 1.222773278304622412e+09
7.955107400684881865e-04 -1.985960690125028849e+00 9.651938968525387281e+02 2.297977374246661226e-06 -3.599465933174360366e+00 1.222773278225623369e+09
7.995977700172938324e-04 -1.985836232478608965e+00 9.543831681233359632e+02 3.078550928248893776e-06 -3.485918519982385888e+00 1.222773278686254263e+09
7.988034430706188790e-04 -1.981319203135903262e+00 9.814937644834629964e+02 4.153061390530859278e-06 -3.225966973233870938e+00 1.222773278238236189e+09
7.977508650720778385e-04 -1.982739800865063851e+00 9.545858229468901754e+02 2.432449838433987437e-06 -3.660628326066155402e+00 1.222773277951719522e+09
7.949491826905324965e-04 -1.991496683705855419e+00 9.607968591492392534e+02 2.967470536180667278e-06 -3.510188991046702789e+00 1.222773278244994640e+09
7.930260735992823284e-04 -1.989114499684576209e+00 9.834083276492088999e+02 4.292512947739320470e-06 -3.241719948524092842e+00 1.222773278177684307e+09
8.010791057133376117e-04 -1.981365670565410575e+00 9.851632985385413122e+02 5.691611589146163439e-06 -2.981921404112088503e+00 1.222773278205287218e+09
7.973835400302029886e-04 -1.983645977269542726e+00 9.950626999752867050e+02 2.433653823156811192e-06 -3.698378455335401327e+00 1.222773278315138578e+09
7.995838699759834833e-04 -1.984785033777152652e+00 9.772353732001153048e+02 1.907418707960055873e-06 -3.900076462632449115e+00 1.222773277987434626e+09
7.968752371407331059e-04 -1.987058931373019144e+00 9.904956252739165166e+02 3.004279686839008983e-06 -3.332136188227218021e+00 1.222773278023340225e+09
8.005816182573030713e-04 -1.986813344024967343e+00 9.286120128785840961e+02 3.918978204825720970e-06 -3.348809802127599156e+00 1.222773278118586779e+09
7.998322950379674681e-04 -1.980682157350674988e+00 9.704620131074009350e+02 5.088064495211751561e-06 -3.084219370230992574e+00 1.222773278045772076e+09
7.939035492502497654e-04 -1.990463805345519699e+00 9.678831232526086978e+02 1.616002912716135063e-06 -3.936608052267526858e+00 1.222773278133972168e+09
7.958749312836989375e-04 -1.989297451065600075e+00 9.859401039273237757e+02 4.410431534628928303e-06 -3.168099539159164202e+00 1.222773278624799967e+09
7.958749312836989375e-04 -1.989297451065600075e+00 9.859401039273237757e+02 4.410431534628928303e-06 -3.168099539159164202e+00 1.222773278624799967e+09
7.928969891944841024e-04 -1.991078433409008364e+00 9.929699283516225705e+02 5.372829274431803562e-06 -2.987404898938438969e+00 1.222773278426465988e+09
7.928969891944841024e-04 -1.991078433409008364e+00 9.929699283516225705e+02 5.372829274431803562e-06 -2.987404898938438969e+00 1.222773278426465988e+09
7.976550702370448914e-04 -1.987383832340822831e+00 9.922297001542633552e+02 5.590154512441821300e-06 -2.987676917979811719e+00 1.222773278287468433e+09
7.976550702370448914e-04 -1.987383832340822831e+00 9.922297001542633552e+02 5.590154512441821300e-06 -2.987676917979811719e+00 1.222773278287468433e+09
8.048176776083413881e-04 -1.980573510168091467e+00 8.787659464412121224e+02 3.029989250071487432e-06 -3.588783566768174893e+00 1.222773278022974253e+09
7.976759841267907700e-04 -1.988641116709342960e+00 9.699959675069925424e+02 6.045091128401574030e-06 -2.943675661728041959e+00 1.222773277978243589e+09
7.972280846154612081e-04 -1.988405461410280406e+00 9.202473845402523693e+02 3.556687135084963966e-06 -3.318459173185069666e+00 1.222773278252176762e+09
7.933771368098428093e-04 -1.989350975420997703e+00 9.758843119056004980e+02 4.668593399091356691e-06 -3.196512909480656361e+00 1.222773277951835394e+09
8.012877347263165986e-04 -1.981923221638690613e+00 9.038614361832326267e+02 2.163870095459326684e-06 -3.643212136211406715e+00 1.222773278180736303e+09
8.013274007964282797e-04 -1.980768239062546288e+00 9.624799024471230950e+02 5.269305012489659229e-06 -3.026244670130747494e+00 1.222773278540583849e+09
7.978360403826065565e-04 -1.988408581680994880e+00 9.499164890557003673e+02 4.243240920844571978e-06 -3.106466158650062148e+00 1.222773278082966805e+09
7.968025584983293901e-04 -1.988433658233430990e+00 9.863897338026704347e+02 5.838904665068737989e-06 -2.946473086846594036e+00 1.222773278306393385e+09
7.968025584983293901e-04 -1.988433658233430990e+00 9.863897338026704347e+02 5.838904665068737989e-06 -2.946473086846594036e+00 1.222773278306393385e+09
8.043495833087942713e-04 -1.979752908785884724e+00 8.938837279486115222e+02 3.978374378566191459e-06 -3.158618107571600220e+00 1.222773278670137405e+09
7.965828844987892041e-04 -1.988789539185012778e+00 9.839630304256835416e+02 1.863758229644776345e-06 -3.925898389217062245e+00 1.222773278005113840e+09
7.956420481783777875e-04 -1.985228824950105775e+00 9.922739988363400698e+02 6.542590534740692634e-06 -2.737470397143549228e+00 1.222773277980540276e+09
8.007017045690242342e-04 -1.984408635984075797e+00 9.164062896504566424e+02 2.606710744658223770e-06 -3.642816634299363088e+00 1.222773278649526834e+09
8.007017045690242342e-04 -1.984408635984075797e+00 9.164062896504566424e+02 2.606710744658223770e-06 -3.642816634299363088e+00 1.222773278649526834e+09
7.993712722904158016e-04 -1.981331888879372727e+00 9.742505003972537452e+02 2.362141113755805979e-06 -3.537233154711637795e+00 1.222773278001844645e+09
7.999008420638820376e-04 -1.982641457583238953e+00 9.560338545558106489e+02 1.998100152927375823e-06 -3.801513059514620707e+00 1.222773278551723242e+09
7.999008420638820376e-04 -1.982641457583238953e+00 9.560338545558106489e+02 1.998100152927375823e-06 -3.801513059514620707e+00 1.222773278551723242e+09
8.014384835873519320e-04 -1.981522325041510602e+00 9.793649892763228308e+02 2.136515440315475196e-06 -3.760074707322810461e+00 1.222773277964133024e+09
8.035514783041598471e-04 -1.984039955594340654e+00 8.955822826926386142e+02 3.336320765868644545e-06 -3.364494706192710183e+00 1.222773278324311018e+09
8.012054036274963726e-04 -1.981834265025253838e+00 9.181402246457646470e+02 2.707360066865446907e-06 -3.412993394505052791e+00 1.222773278204508305e+09
8.015328566873024599e-04 -1.982651269686976025e+00 9.248076440693338327e+02 2.353432513247541866e-06 -3.618682310432469684e+00 1.222773278706556082e+09
8.015328566873024599e-04 -1.982651269686976025e+00 9.248076440693338327e+02 2.353432513247541866e-06 -3.618682310432469684e+00 1.222773278706556082e+09
8.031110795958618185e-04 -1.983720879313436214e+00 8.841102043266613464e+02 3.480868340417555824e-06 -3.414562506805909337e+00 1.222773278466443062e+09
8.009159260032338613e-04 -1.982145393037104686e+00 9.131886064328916746e+02 2.122751280385485658e-06 -3.723178000566675472e+00 1.222773278435543537e+09
8.073512575046805449e-04 -1.977461960057454116e+00 9.232410032944914065e+02 5.091827134245806064e-06 -2.987729352868077726e+00 1.222773278010463238e+09
7.999824870590061627e-04 -1.984642865126236000e+00 9.255021439468741846e+02 1.818808839357588977e-06 -3.861558063225355220e+00 1.222773278496465445e+09
7.999824870590061627e-04 -1.984642865126236000e+00 9.255021439468741846e+02 1.818808839357588977e-06 -3.861558063225355220e+00 1.222773278496465445e+09
8.021842131430630433e-04 -1.983955197200227616e+00 8.685622236791903106e+02 3.355411340175236020e-06 -3.389792808388929934e+00 1.222773278048434496e+09
8.092528743388297408e-04 -1.977195730385268968e+00 8.628865654216043595e+02 4.657828218551215353e-06 -3.119540105296929156e+00 1.222773278732027292e+09
8.092528743388297408e-04 -1.977195730385268968e+00 8.628865654216043595e+02 4.657828218551215353e-06 -3.119540105296929156e+00 1.222773278732027292e+09
8.024585102979394638e-04 -1.983512076134602786e+00 9.227927306727432324e+02 4.032223914897395245e-06 -3.373976658389049810e+00 1.222773278043237686e+09
8.013679739624643764e-04 -1.983775426732232283e+00 9.339753660841095098e+02 2.427350614994253670e-06 -3.571889154507067232e+00 1.222773278429841042e+09
