8.239632832734223363e-04 -1.969241030594609532e+00 8.526869435119156151e+02 1.304986749534080680e-05 -2.378815071431324313e+00 1.222773266059221268e+09
8.526664044337791890e-04 -1.931460166092119568e+00 6.265181917455502116e+02 3.894432721101604927e-06 -3.090534737154209566e+00 1.222773267079416513e+09
7.873797073829147744e-04 -2.000276726977322284e+00 8.995282311491592964e+02 4.018208404659902631e-07 -5.204670679122299859e+00 1.222773267449139833e+09
8.153082505430978184e-04 -1.976764679257894342e+00 8.331129126939702019e+02 6.433978311820270868e-07 -4.296329186186504501e+00 1.222773267871008396e+09
8.124311150157394060e-04 -1.964600119196497907e+00 8.290127086823096079e+02 9.552492585600963221e-06 -1.976194544800229380e+00 1.222773268006929159e+09
8.447896004374342346e-04 -1.952373756947628047e+00 6.330534788244838182e+02 8.148372919185259983e-06 -2.990397587402989998e+00 1.222773268051104307e+09
7.886698899623675613e-04 -1.997671322042906095e+00 9.277071667139209694e+02 5.696382014267094269e-08 -6.203649375032391333e+00 1.222773268168710709e+09
7.869247211412257713e-04 -1.997857030268068934e+00 9.749547671020580992e+02 4.699417328242915098e-06 -2.499252550772562032e+00 1.222773268946466923e+09
8.576394800268380414e-04 -1.947332775842460784e+00 5.526158413087966892e+02 5.036592786144497116e-06 -2.867372537875054306e+00 1.222773269165962219e+09
8.083632567488683533e-04 -1.972290379545385886e+00 9.908077254335258885e+02 6.303014454080704838e-07 -4.375701627982830466e+00 1.222773269564356565e+09
8.597689051886500677e-04 -1.947053689450650715e+00 5.530050445144082687e+02 3.526488286374426359e-06 -3.396750395362460040e+00 1.222773269708663940e+09
8.083081048908260461e-04 -1.964855498109740806e+00 9.331838492426134053e+02 2.310138743348707958e-06 -3.396103417238460764e+00 1.222773269776566029e+09
8.246476955852288142e-04 -1.960258682076419623e+00 8.207792086946042218e+02 4.634794403548582579e-07 -4.612535930918189919e+00 1.222773269846289396e+09
8.135697516030348988e-04 -1.961630220010518011e+00 9.351177181060198791e+02 1.788071354059372918e-06 -3.680800813340410649e+00 1.222773270017217636e+09
7.941340801530367109e-04 -1.985952470000856840e+00 9.505015375823517161e+02 6.174780327984589982e-08 -6.423967707485610745e+00 1.222773270067147732e+09
8.178161360286942405e-04 -1.972914004005173805e+00 7.292012206831758476e+02 4.094956791154952219e-06 -3.525817197120102442e+00 1.222773270151953220e+09
8.614112133801545522e-04 -1.935481426208681466e+00 6.068687676943765155e+02 1.566046716341003576e-06 -4.082260830642978178e+00 1.222773270167754173e+09
7.934977502026918476e-04 -1.996475076650374048e+00 8.786741630289252498e+02 9.631461025377177836e-07 -4.087987374071430757e+00 1.222773270248584270e+09
8.418205115318092751e-04 -1.952639418788288062e+00 7.045913765643324496e+02 1.621921389332264625e-06 -3.805051919297103957e+00 1.222773270285340548e+09
8.526395445144603017e-04 -1.947004424200280859e+00 6.017883241130091392e+02 3.854237958560867239e-06 -3.551170628587383860e+00 1.222773270336131096e+09
7.924424986416498621e-04 -1.989828744560829366e+00 9.616098685756891200e+02 2.179447763446432721e-07 -4.987929193342012013e+00 1.222773270457726240e+09
8.296471600003533326e-04 -1.968945323471064768e+00 6.512812295554909952e+02 8.361233480769661986e-07 -4.402343304241952637e+00 1.222773270495874166e+09
8.064548315950856132e-04 -1.978323577973177372e+00 7.982052226863359010e+02 1.145141773165310466e-07 -5.743129810759541876e+00 1.222773270516797543e+09
8.015708280792301164e-04 -1.976620577745386242e+00 8.921807404463206694e+02 2.226337981691807646e-07 -5.089903008034042386e+00 1.222773270569740057e+09
8.198891943893000904e-04 -1.971266779082892606e+00 8.235188483224376341e+02 3.911616090951918689e-07 -5.057441075401804653e+00 1.222773270673068762e+09
8.146339405971735450e-04 -1.966661764349377339e+00 9.368106409243739563e+02 3.002149041395409738e-06 -3.113019943564413694e+00 1.222773270698667049e+09
8.505613192115292834e-04 -1.944101005886238021e+00 6.110270971651184482e+02 3.144484488110370278e-06 -2.950369947710574259e+00 1.222773270863600731e+09
8.484736537319195965e-04 -1.950447799712943908e+00 5.927373577352675511e+02 8.739722877429048682e-06 -2.327881709567273916e+00 1.222773270874959946e+09
8.222486446907789842e-04 -1.970357335631192530e+00 7.437928252126876032e+02 1.359693905117284998e-07 -5.746068994690245901e+00 1.222773270969259977e+09
8.190607123556527995e-04 -1.963694603400640393e+00 8.601011320900380497e+02 5.797265270415522783e-07 -4.436297712900269197e+00 1.222773270985683441e+09
7.930727067015224145e-04 -1.982579757316065505e+00 9.432444189809821182e+02 5.101572908348938586e-06 -2.905788461481876084e+00 1.222773271011257172e+09
8.024843062869103406e-04 -1.979234845102628260e+00 8.568437498074317773e+02 1.223189728460683911e-07 -5.603015919039475712e+00 1.222773271123363495e+09
8.229241140615711119e-04 -1.962470386651634424e+00 8.236790308315368065e+02 4.078660071747255975e-06 -2.711135401754930285e+00 1.222773271163275480e+09
8.256942018564227166e-04 -1.956512886944998364e+00 8.051461191995830404e+02 1.711000605599435879e-06 -4.084322131584398718e+00 1.222773271339254379e+09
8.226176464159424629e-04 -1.970722467539784084e+00 8.006248837438782857e+02 3.489118437071777194e-06 -3.123387387309001006e+00 1.222773271396031141e+09
7.952180610858143464e-04 -1.984806280795736733e+00 8.974694134576037641e+02 2.914535205406821369e-07 -5.261487523912169451e+00 1.222773271408665895e+09
8.479774041626007147e-04 -1.943354537034324370e+00 6.123797841846827623e+02 6.264015013796440741e-07 -4.570076151007435250e+00 1.222773271461029053e+09
8.159304679964705454e-04 -1.963222958819321518e+00 7.879199061376237978e+02 9.290749047453149266e-07 -4.324386091556325695e+00 1.222773271508662939e+09
8.124164783833760393e-04 -1.979789312454023120e+00 7.866553205234887400e+02 2.139452996497261887e-06 -3.343445932564558021e+00 1.222773271519284248e+09
8.098303189124072144e-04 -1.975115496953069094e+00 9.029211568650569006e+02 1.818126955973617741e-07 -5.666097803153050450e+00 1.222773271548165560e+09
8.062399004210315081e-04 -1.986022626147732950e+00 7.692729458341224245e+02 6.393306307101535067e-06 -2.769730743442291754e+00 1.222773271557058334e+09
7.962764275679863916e-04 -1.983264855626676981e+00 9.491460362561466582e+02 3.918526663850430074e-07 -4.567035854997474331e+00 1.222773271560584784e+09
8.288558146117153006e-04 -1.959475514774527527e+00 7.422057033048128005e+02 1.228518027740785828e-05 -2.509608213583557124e+00 1.222773271590076208e+09
8.300318793558971895e-04 -1.962292329875695573e+00 7.835744403953611936e+02 4.260316462352348235e-06 -3.045954119429712392e+00 1.222773271590253115e+09
8.172520432842493143e-04 -1.980248146585416258e+00 7.070814931942677504e+02 3.230520352219950692e-06 -3.461629538252485538e+00 1.222773271600846052e+09
7.992959042692526815e-04 -1.976587059669124624e+00 9.626691492540587660e+02 4.702765155844568205e-07 -4.977742022240002839e+00 1.222773271612708330e+09
8.003223370328283078e-04 -1.975001970323929434e+00 9.939589188512587725e+02 4.931450293333858805e-07 -4.929512282598251360e+00 1.222773271636817694e+09
8.218015372610844044e-04 -1.968951206596917691e+00 7.374775857112496169e+02 5.988516658613562290e-06 -3.214405368709132738e+00 1.222773271660435915e+09
8.410552274707825023e-04 -1.949132496985742646e+00 6.374472987677737592e+02 8.588074853951550177e-06 -2.252390455937640645e+00 1.222773271668750763e+09
8.041526193707911269e-04 -1.975001500643298824e+00 8.854920329130832215e+02 1.171199718353056238e-07 -5.833289679055296162e+00 1.222773271673769951e+09
8.168798780605142276e-04 -1.962235037450720476e+00 9.110700841744220497e+02 1.375368682484595063e-06 -3.996801973774161354e+00 1.222773271677886963e+09
8.299112637052840800e-04 -1.960952202269813149e+00 6.865818085922327327e+02 3.195022324095868769e-07 -4.899781624934923308e+00 1.222773271734887123e+09
8.293701860661418330e-04 -1.957353101691977848e+00 6.884995003390888542e+02 1.052908896594888465e-05 -2.362371898228217582e+00 1.222773271741525650e+09
8.181182355288703356e-04 -1.977267044464018575e+00 7.584661825393266099e+02 1.148198626072156710e-05 -2.306453197513539166e+00 1.222773271778269053e+09
8.012316790989405064e-04 -1.983457434151416399e+00 8.593538441177134928e+02 1.386294852931229643e-06 -3.582398620603989059e+00 1.222773271802397966e+09
8.111127912337471506e-04 -1.970965489657950709e+00 9.948183773065844662e+02 3.277187511996002170e-06 -3.496303800668072448e+00 1.222773271807511568e+09
8.052138323621452903e-04 -1.980336122695823153e+00 9.401162959071300520e+02 4.085034031583486219e-07 -5.189667394252011512e+00 1.222773271834756136e+09
8.059674041828537340e-04 -1.974184613711190917e+00 8.680741119032361439e+02 5.643893383546222437e-06 -3.173749456012545878e+00 1.222773271835289478e+09
8.202323990604941254e-04 -1.970500405175656500e+00 7.012593282566353992e+02 1.693230325482400235e-06 -4.104671946771684787e+00 1.222773271880935907e+09
7.941329440055507234e-04 -1.983862501844036785e+00 9.178844239614354592e+02 5.894914607699195449e-06 -2.731736656275129072e+00 1.222773271881618023e+09
8.560496176459782020e-04 -1.937457677028167735e+00 6.104665223529849527e+02 1.384572438683406742e-06 -3.864636002262288095e+00 1.222773271901864052e+09
8.120330092340622818e-04 -1.971596162904812211e+00 8.459818558745901100e+02 1.002241349249566244e-07 -6.030199925720772569e+00 1.222773271902071238e+09
8.051212594290501874e-04 -1.982322994928997328e+00 8.596573015565038531e+02 1.573932122603715461e-06 -3.480384309033091483e+00 1.222773271912644148e+09
8.157892930111142107e-04 -1.965105039325859781e+00 8.135653969698449828e+02 2.589297042084434145e-07 -5.346404922474350840e+00 1.222773271926254034e+09
8.132166636800699545e-04 -1.970257192702180138e+00 9.179462580013757815e+02 9.120386316265651424e-06 -2.130747305331098573e+00 1.222773271956089258e+09
8.081067976684119586e-04 -1.985810295764123712e+00 8.135090054143528278e+02 9.623222175935508195e-07 -4.222339257872762097e+00 1.222773271966010809e+09
7.949359235891168387e-04 -1.990584421400319215e+00 8.620790532642931794e+02 1.714202490432103657e-06 -3.640541434101502993e+00 1.222773271973643780e+09
7.940626617967992207e-04 -1.995253932348714176e+00 8.488530029378410973e+02 3.832800428637938027e-06 -3.313550545611143150e+00 1.222773272026212931e+09
7.947871292421048979e-04 -1.982640974386742139e+00 9.690980607114005352e+02 2.839679707689988668e-06 -2.984109533717180796e+00 1.222773272027636051e+09
7.994301379667782554e-04 -1.984596105668410271e+00 8.402661435111456285e+02 4.438150420474124848e-07 -4.744802141280707986e+00 1.222773272030544758e+09
8.410900672368253322e-04 -1.948898766627744639e+00 6.283044102732915235e+02 5.709038749244979453e-06 -2.666573428353753883e+00 1.222773272031234741e+09
8.005280058589039687e-04 -1.987890906137906866e+00 9.875139850383515068e+02 7.857500884969200907e-07 -4.406794881876486158e+00 1.222773272115449429e+09
8.298500739523585919e-04 -1.954810896650036156e+00 6.878490147974696356e+02 4.837551562358134330e-06 -3.068152785171789354e+00 1.222773272119227886e+09
7.984892699880331152e-04 -1.987589254647796899e+00 8.916562723910531076e+02 1.617800507498767338e-06 -3.482596724550838907e+00 1.222773272129351616e+09
8.293924084481992844e-04 -1.963032558758732060e+00 7.314515187727514558e+02 1.032753256115124500e-05 -2.074060996392621981e+00 1.222773272135256529e+09
8.529039416791209813e-04 -1.943644299594605052e+00 6.137604026468494567e+02 7.621763021344368264e-07 -4.493982691384234229e+00 1.222773272168745279e+09
8.118657160090298917e-04 -1.971816625823891389e+00 8.117846969314468879e+02 2.563625066887079801e-06 -3.858089774666858318e+00 1.222773272197264433e+09
8.247098062328149602e-04 -1.972391880320940150e+00 6.880277311867451999e+02 7.452620605200178143e-06 -2.860856625170089096e+00 1.222773272212270260e+09
8.024808462964499664e-04 -1.986146792085221602e+00 7.878611481073450022e+02 2.695888428934582958e-06 -3.450256372757468881e+00 1.222773272219100952e+09
7.889790529024543180e-04 -2.003156012927483687e+00 9.557805974390124675e+02 2.407467076153705806e-06 -3.622944163126242678e+00 1.222773272242428064e+09
8.155223933292653736e-04 -1.975490173150837192e+00 7.461603191294627777e+02 1.092944112432519502e-05 -2.481779936524053376e+00 1.222773272245820999e+09
8.414399389340829682e-04 -1.952850923134015648e+00 6.165526729116538718e+02 7.237108666336928970e-06 -2.510880446243514363e+00 1.222773272247386932e+09
8.425532719963853842e-04 -1.943267346737595380e+00 7.195061757394212236e+02 6.693960050258114991e-06 -2.748454539138862174e+00 1.222773272255799532e+09
8.207892810786242884e-04 -1.957311702019170374e+00 8.527135431618733037e+02 2.865419206125156870e-06 -3.471669982365699347e+00 1.222773272255994081e+09
7.980344360369973989e-04 -1.981592851152957024e+00 8.695597439793328931e+02 1.105661466981021740e-06 -4.103891058101011069e+00 1.222773272256024837e+09
8.239704508687478680e-04 -1.960735593618667671e+00 8.652229066245645299e+02 7.470026894083638565e-06 -2.802568660323654370e+00 1.222773272302969456e+09
7.812120355273278116e-04 -2.004998474730233848e+00 9.833205484228916475e+02 8.921497334804687347e-07 -4.419037210342105837e+00 1.222773272312705755e+09
8.136293568264018261e-04 -1.963746387893722467e+00 8.380340879165742081e+02 1.356423751655533747e-06 -4.053392762026456708e+00 1.222773272313907623e+09
8.056480494855202366e-04 -1.974081939242738226e+00 9.938296470917193801e+02 4.034771119127808219e-07 -4.965700275399113295e+00 1.222773272333055496e+09
7.974699687264651246e-04 -1.988338110626868271e+00 8.939281691595169832e+02 3.209736090086791335e-07 -4.871581869918497176e+00 1.222773272341537476e+09
8.027108242973984495e-04 -1.990859349458149907e+00 8.536864422985512419e+02 8.034041301112652281e-06 -2.597289785370749726e+00 1.222773272341839552e+09
8.164598659581614711e-04 -1.968443286796718761e+00 7.328832903537447692e+02 4.095728181142742913e-06 -3.005727367756291457e+00 1.222773272348782301e+09
8.100871060754407738e-04 -1.970863763310496619e+00 8.363694911606603455e+02 5.816974694561339172e-06 -2.395471252739843848e+00 1.222773272369036913e+09
8.143598911523153121e-04 -1.964062779779905732e+00 9.359449917536792327e+02 2.354877494213041481e-06 -3.684855523403375521e+00 1.222773272389400959e+09
7.977315233399408104e-04 -1.977832492387169960e+00 9.829997872044848464e+02 4.180103414217440986e-07 -5.002397051644623005e+00 1.222773272391766787e+09
7.988435355225064751e-04 -1.979130859887640259e+00 9.125014542835012890e+02 1.050783479186923718e-06 -3.926704790967933789e+00 1.222773272403229475e+09
8.056549773414459952e-04 -1.977471927791863759e+00 8.757117310598688391e+02 1.833339233053174612e-06 -3.296142752956336963e+00 1.222773272432861328e+09
8.247034117079991627e-04 -1.963295365922133495e+00 7.490141649329096936e+02 2.615259678677488533e-06 -3.863977586590297442e+00 1.222773272474038839e+09
7.956186857725397726e-04 -1.991514496435773607e+00 8.660694474158517551e+02 2.477312158149974210e-06 -3.326528410739950203e+00 1.222773272474066257e+09
8.030904653208162857e-04 -1.973947497982396104e+00 9.792733265496021886e+02 5.674598339635265248e-06 -2.444837533493354087e+00 1.222773272483304262e+09
8.067447062857119626e-04 -1.969756556563148742e+00 8.920317797225372942e+02 5.863798197592962664e-06 -2.571929744701117571e+00 1.222773272499486208e+09
8.328394838899977727e-04 -1.955021437628519543e+00 7.258449005902430144e+02 3.418741149376374390e-07 -5.003624567760736497e+00 1.222773272525367975e+09
8.138110259339357763e-04 -1.970961346113130119e+00 7.795900878796643383e+02 1.666796091025448183e-07 -5.548574370679784096e+00 1.222773272538468361e+09
8.099951169738127833e-04 -1.985192388411446629e+00 8.431025360377211655e+02 2.658209295840967518e-06 -3.726442397532722772e+00 1.222773272542764425e+09
8.023643026370965532e-04 -1.980336168411033215e+00 9.483649721773765577e+02 1.077612097790654338e-07 -5.810414791726294936e+00 1.222773272547099829e+09
8.177915971747938854e-04 -1.960756123928834249e+00 8.709782122354069998e+02 3.797638158187207410e-06 -2.965231112515112954e+00 1.222773272582881451e+09
8.409876543353253606e-04 -1.957359981172064556e+00 6.816755023162202178e+02 5.157770321098812535e-06 -2.988339152116337161e+00 1.222773272584686041e+09
8.291451485014237135e-04 -1.956927509827487199e+00 7.300611752290736831e+02 1.251231469436961318e-06 -4.341223536909027736e+00 1.222773272594500542e+09
8.435560993938856717e-04 -1.955643582312779127e+00 6.021413347735199295e+02 2.650744342231163767e-06 -3.683873383767772403e+00 1.222773272612027645e+09
8.001313086673508346e-04 -1.979654709310063598e+00 8.775536127491870957e+02 9.502081724517302109e-07 -4.049968240065011216e+00 1.222773272629130125e+09
8.108809316203261734e-04 -1.966683427161754816e+00 8.457333700203403168e+02 1.430297963814561739e-06 -3.828651452717506842e+00 1.222773272638070107e+09
8.456063579696590634e-04 -1.947552332679533871e+00 6.881490046735966644e+02 9.909997497919310810e-06 -2.372961094436915275e+00 1.222773272644247055e+09
7.931567563078600284e-04 -1.996722258150689822e+00 9.066660647979549594e+02 7.622363206120647567e-07 -4.407090686643774013e+00 1.222773272654160023e+09
8.080731520439257080e-04 -1.978308870038800515e+00 8.367876944100668197e+02 1.369381079731132417e-06 -3.604447223182010163e+00 1.222773272655418396e+09
8.242158392139768436e-04 -1.960891058683314814e+00 7.794415503064983568e+02 3.162107799920774570e-07 -4.978920846277581802e+00 1.222773272676738739e+09
8.348928229747046076e-04 -1.963484122177507230e+00 6.597226609918900522e+02 1.003196391842605421e-06 -4.355161821002324629e+00 1.222773272705009937e+09
8.070681596705453183e-04 -1.976002236377560228e+00 9.465288966023725834e+02 1.818224268637312416e-06 -4.132769664495155482e+00 1.222773272706876040e+09
7.962127337572537681e-04 -1.984555152506599418e+00 8.793540839422696536e+02 1.831203328611876843e-06 -3.620222672570121425e+00 1.222773272716727495e+09
8.300749263349866715e-04 -1.953959558658990181e+00 7.966634095153891622e+02 2.045451218922932618e-06 -3.697706670908218918e+00 1.222773272730159044e+09
8.086442711688373490e-04 -1.966725554763274264e+00 9.016779425636590304e+02 4.984658281199064250e-06 -2.888124437713722514e+00 1.222773272733006716e+09
8.547995824581305002e-04 -1.937877462594206790e+00 6.041636033280324227e+02 1.907128875141744982e-06 -3.871774798468615053e+00 1.222773272744755507e+09
8.289370769569643152e-04 -1.959089495736897391e+00 7.139033943146229149e+02 3.202359701649521028e-07 -5.230448964109656096e+00 1.222773272754115582e+09
8.539992550888000520e-04 -1.941414353618317934e+00 6.363401963339177883e+02 4.414269256831195650e-06 -2.984915772002677770e+00 1.222773272762356043e+09
8.240214535151635508e-04 -1.954998322182377013e+00 8.195133740319146227e+02 5.860608949627834809e-06 -2.794083840985766010e+00 1.222773272780475616e+09
8.042859875151489330e-04 -1.971855096833525112e+00 9.639179252896677781e+02 6.959117862789113888e-07 -4.618262176005926811e+00 1.222773272787307501e+09
8.048557643070502034e-04 -1.971746121360212101e+00 9.799360582245610658e+02 7.323268786701864100e-06 -2.871234382422319875e+00 1.222773272789521694e+09
8.163812520325388570e-04 -1.965237691249735796e+00 7.685236107234380825e+02 6.307596697465835673e-06 -2.632414935111035525e+00 1.222773272798568964e+09
8.462313053858762238e-04 -1.943587923553926178e+00 6.615008430217095565e+02 3.984133435560420663e-06 -2.892109205243467152e+00 1.222773272815120697e+09
8.164018177828531730e-04 -1.971648685555275726e+00 7.849023292057244134e+02 1.105537623124418427e-05 -1.995762035650806787e+00 1.222773272815338612e+09
8.407804008712183377e-04 -1.950843333791546064e+00 7.263884508654163028e+02 4.561234788966357058e-06 -3.159265894692524057e+00 1.222773272822526693e+09
8.110377051773105545e-04 -1.980725327682698822e+00 8.123127628169070249e+02 1.370745864201384195e-06 -4.352375820113380200e+00 1.222773272841069698e+09
7.991976351711696470e-04 -1.988329844943640179e+00 9.246800974731896758e+02 1.664889872751699905e-07 -5.642223788075642510e+00 1.222773272844546080e+09
8.044684974166723280e-04 -1.973752926206918001e+00 9.980420496925733005e+02 6.300962962524706848e-06 -2.426255429048337575e+00 1.222773272858007431e+09
8.352055149044177113e-04 -1.963540650445299907e+00 6.329884073020253936e+02 2.510927702607050170e-06 -3.703168816555138854e+00 1.222773272860330105e+09
8.256435863694430548e-04 -1.954522812197521553e+00 8.159106818735436946e+02 3.689425073213812706e-06 -3.301738409617595238e+00 1.222773272860434055e+09
8.141539913662417796e-04 -1.969879742012282442e+00 7.956277956602157246e+02 1.212570624617191953e-05 -2.047105489824669888e+00 1.222773272867720366e+09
8.269765352315761736e-04 -1.960413501613003984e+00 8.310097585265287989e+02 6.219910341959034924e-06 -2.946524053267312482e+00 1.222773272900995493e+09
8.091085818406783996e-04 -1.978247952905550111e+00 8.360480893401961566e+02 1.231885553982774144e-05 -2.462448560051694990e+00 1.222773272934963465e+09
8.038853175816855099e-04 -1.987671022753125127e+00 9.173621408895912737e+02 6.067599189092805654e-06 -3.154147723113975843e+00 1.222773272941012859e+09
7.971689090893757266e-04 -1.987769665064241353e+00 8.700122365690892821e+02 3.231181206526724037e-07 -5.016636470088139177e+00 1.222773272942931652e+09
8.152316916471993944e-04 -1.979253739718691785e+00 7.806332479883263886e+02 4.233399150748722575e-06 -3.463853157151136841e+00 1.222773272955615997e+09
8.510824741052921017e-04 -1.938436615223106951e+00 6.347373837124623606e+02 4.696032436407726872e-06 -3.155785849295573264e+00 1.222773272970827341e+09
7.988048819724368876e-04 -1.980511002265373133e+00 9.641806991459297933e+02 4.529452348878699001e-07 -4.539165565087567522e+00 1.222773272975248575e+09
8.052578600450100137e-04 -1.987417343480458065e+00 8.143445809603990710e+02 1.146285938819930181e-06 -4.411859780928224062e+00 1.222773272984631777e+09
8.087715784396158798e-04 -1.980194077501485683e+00 8.558324754489792667e+02 8.855251591377625070e-06 -2.191851437132919855e+00 1.222773272995169878e+09
8.078428217449628961e-04 -1.980479161547905154e+00 7.842575187138453430e+02 3.899929238557753088e-07 -5.066917142947062302e+00 1.222773273003382921e+09
8.315364313561219526e-04 -1.967683949244309449e+00 6.578101972919722584e+02 5.196892992507343246e-06 -3.084244529349373209e+00 1.222773273007310152e+09
8.028579051736064532e-04 -1.977667844842354583e+00 8.847708903990175031e+02 1.159330826379592598e-05 -2.317380720607189026e+00 1.222773273013256073e+09
8.196576607922983777e-04 -1.970756678671754081e+00 8.415987084850160045e+02 3.273579401631248352e-06 -3.624224638279795130e+00 1.222773273042682886e+09
7.986398558863856039e-04 -1.977888994229927810e+00 9.147028435431546995e+02 1.488636854870230524e-06 -3.924024980316379363e+00 1.222773273044922829e+09
8.240630176169294954e-04 -1.964823092787454817e+00 7.849671576170417211e+02 5.280124457576774965e-06 -3.297595799543639572e+00 1.222773273054383278e+09
8.010242619983893534e-04 -1.985705301545606982e+00 8.966570713737659162e+02 1.827229549975350646e-07 -5.414204228301095156e+00 1.222773273065506935e+09
7.999527779325968542e-04 -1.978240622752329703e+00 8.942803368941082454e+02 6.386817040432877638e-07 -4.617506653235909475e+00 1.222773273082049608e+09
8.062120316364948004e-04 -1.984593478561954782e+00 8.024320948288763020e+02 1.519044485833977939e-06 -4.234287026827284528e+00 1.222773273086401463e+09
8.171687946306492112e-04 -1.968169778954972360e+00 8.810359363100523069e+02 5.747468359812281433e-06 -3.179077064343076131e+00 1.222773273088600874e+09
8.196889394370591260e-04 -1.970724768901211732e+00 8.563136148560914762e+02 8.848681897937842034e-06 -2.675295795343814120e+00 1.222773273093865395e+09
8.255313736556617581e-04 -1.963086838116939514e+00 7.570963433438882930e+02 3.620122203219806788e-06 -2.839812912791927602e+00 1.222773273095229864e+09
8.139522774391702185e-04 -1.963867281744280824e+00 9.300375671235542541e+02 6.254331905221320812e-06 -2.883447432292281398e+00 1.222773273097508192e+09
8.388461486408986057e-04 -1.950670742750621356e+00 6.918141553072064198e+02 6.622468968782505127e-07 -4.487077935856602195e+00 1.222773273113140345e+09
8.190724803658434644e-04 -1.962269241950761689e+00 8.391800511121086856e+02 5.428223514677703788e-06 -2.543167078754190236e+00 1.222773273116563559e+09
8.028726588174716532e-04 -1.977482584205995764e+00 8.747114092118562212e+02 5.644031238449776725e-07 -4.861899192699588923e+00 1.222773273118011475e+09
8.237106459480467461e-04 -1.962651616047103698e+00 7.802333463931030337e+02 3.053034563379552444e-07 -5.233076501197423624e+00 1.222773273119683027e+09
8.152366863414331217e-04 -1.968339165664492185e+00 8.618304084894793959e+02 3.677281120754828167e-07 -5.134978654140947896e+00 1.222773273128701925e+09
8.058775503160830501e-04 -1.987385275329974776e+00 8.459959653177843393e+02 8.974071595355970424e-07 -4.414999703006368570e+00 1.222773273136481762e+09
8.440665359501291990e-04 -1.953780877837074215e+00 6.134234228271411666e+02 1.078927835459586970e-06 -4.273741338642986776e+00 1.222773273138736010e+09
7.930854080339565714e-04 -1.982915528061887755e+00 9.596260268477054751e+02 1.761393942913587109e-06 -3.780361244523843034e+00 1.222773273170648813e+09
8.312910602087773696e-04 -1.959118225079373499e+00 7.216511084574018469e+02 1.344871904760787048e-05 -2.312904422521471659e+00 1.222773273174039841e+09
7.920877774075468867e-04 -1.996021907059263745e+00 9.297663047566461501e+02 3.305093894420368901e-06 -3.098948722189010851e+00 1.222773273174937487e+09
8.239398032455304060e-04 -1.968192350155401282e+00 6.975714452192696626e+02 9.439610634896604323e-06 -2.393626178088228862e+00 1.222773273192512751e+09
8.150040721923047923e-04 -1.977383119409265255e+00 7.506854687500001546e+02 4.969946072118144469e-07 -4.928818740311500690e+00 1.222773273201318741e+09
8.008481955367435356e-04 -1.993368982370364639e+00 8.648791682401842991e+02 2.628057268384368178e-06 -3.646337966876600944e+00 1.222773273219207525e+09
7.929185670758263872e-04 -1.986840375840848161e+00 9.787010988544469683e+02 2.634020237616684174e-06 -3.819781008584326898e+00 1.222773273220273256e+09
8.046483591667192995e-04 -1.970636355785558624e+00 9.867871946385864703e+02 6.200886449478589362e-06 -2.915020125206244650e+00 1.222773273221976995e+09
7.914200559083401677e-04 -1.995399053433650538e+00 9.941167383085469282e+02 2.776819052302819581e-07 -5.166196753767993144e+00 1.222773273231861591e+09
8.104912831938980086e-04 -1.980711081475642565e+00 7.474358669960795396e+02 4.507233260612329191e-06 -3.057764341025376531e+00 1.222773273234737396e+09
7.953089324282473479e-04 -1.985246165569569232e+00 9.934463764404296171e+02 1.755584608535008814e-07 -5.351917416680279871e+00 1.222773273244513988e+09
8.084305877585842718e-04 -1.982016524975925620e+00 8.970605937557160132e+02 2.029473846422164188e-06 -3.615345446701128118e+00 1.222773273261361122e+09
8.132144735604888205e-04 -1.970066194679310545e+00 8.270397265029748723e+02 7.613553701387888485e-06 -2.192567927942443262e+00 1.222773273264102459e+09
8.113751886723001442e-04 -1.983340308654056861e+00 7.670204505397852017e+02 1.352020516636048288e-06 -4.075657841849416485e+00 1.222773273269883871e+09
8.366638661054422166e-04 -1.957793194092876554e+00 6.333989834774274641e+02 1.576393125202795149e-06 -3.815968896675733468e+00 1.222773273276945829e+09
7.915391635390235355e-04 -1.987515602327918574e+00 9.646040922164941094e+02 7.592362746172977576e-07 -4.224621494473303152e+00 1.222773273277170658e+09
7.943420809413092839e-04 -1.987132174953998742e+00 9.787116028880780050e+02 1.307921970485016143e-05 -1.999914406354037055e+00 1.222773273278897524e+09
8.281611205362196786e-04 -1.957319815082461112e+00 7.905285980000305699e+02 1.649865024485371099e-06 -3.729453534459198139e+00 1.222773273280566692e+09
7.929177460614260419e-04 -1.996078936952971894e+00 8.940835816020992297e+02 5.439524295765137470e-06 -2.851491161307290412e+00 1.222773273283286095e+09
8.475454500679101364e-04 -1.945606460710781471e+00 6.803352302205298656e+02 5.106287412879292411e-06 -3.082191999448900432e+00 1.222773273283681631e+09
8.024003903566603955e-04 -1.984386670869650038e+00 8.353888158362576632e+02 2.986264016468699451e-07 -5.270363129885980769e+00 1.222773273310215235e+09
8.116737931333063791e-04 -1.964878387193905729e+00 9.379245025990057911e+02 5.615210941411219063e-06 -2.862031942656805938e+00 1.222773273330044508e+09
8.117775243497760184e-04 -1.979107377844657734e+00 8.476808487327433568e+02 5.388785700172185050e-07 -4.869013540525473971e+00 1.222773273334835529e+09
7.962454117100240415e-04 -1.992478083470453409e+00 9.877237542569775997e+02 5.973038435961955210e-07 -4.683374455397281366e+00 1.222773273351616383e+09
8.009906266765539793e-04 -1.980854563052015349e+00 9.540736488057881388e+02 1.355565054644138235e-07 -5.663958877287446292e+00 1.222773273366010904e+09
7.881213195968851150e-04 -1.998154329555581477e+00 9.903956505798893204e+02 7.244437846918689294e-06 -2.976617427389875559e+00 1.222773273373588324e+09
8.086507504677189519e-04 -1.975081788772504954e+00 8.088574973510329755e+02 3.340543258626580804e-06 -2.968239728405164257e+00 1.222773273373818398e+09
8.015383225947696590e-04 -1.989089366663978176e+00 8.198526186456117557e+02 7.955000022543681798e-07 -4.482485414816652636e+00 1.222773273375809193e+09
8.250675602067459756e-04 -1.965067128267077079e+00 7.775451318616046592e+02 6.754382048709681016e-07 -4.500652598697584494e+00 1.222773273398906946e+09
8.079093235592673707e-04 -1.974361044943541810e+00 8.115481862131246089e+02 7.095958848723002890e-06 -2.540000524633834189e+00 1.222773273411072969e+09
8.061371368508989501e-04 -1.979695016228880888e+00 8.754796993592023000e+02 8.449127858392629596e-07 -4.700619138051093771e+00 1.222773273418900013e+09
8.075015190049753553e-04 -1.973287036802598760e+00 9.753937705124409376e+02 3.499764492725006293e-06 -3.008159761531365106e+00 1.222773273424326658e+09
8.252480393324562345e-04 -1.959420977535929032e+00 8.462315065311347553e+02 5.767350289010780639e-06 -2.924626183827726322e+00 1.222773273436193705e+09
8.230095967300577083e-04 -1.965155245344178514e+00 7.391537214348304587e+02 2.374437963733288117e-07 -5.364652983502832484e+00 1.222773273436306715e+09
7.981601594398525035e-04 -1.990448013136391747e+00 8.378655161920916044e+02 8.573169153552673060e-07 -4.460708948842979638e+00 1.222773273437564850e+09
7.989380652646671651e-04 -1.986574517123241401e+00 8.618724645882724644e+02 2.229630510596756031e-06 -3.927909654293499919e+00 1.222773273450285196e+09
8.160445882540327605e-04 -1.964613099299284293e+00 8.057403369828710993e+02 6.217809002402807830e-07 -4.653105550339928342e+00 1.222773273459857464e+09
8.107911889875292358e-04 -1.975518071597785585e+00 8.442191655248655024e+02 3.491097707821247531e-07 -4.841311857361628057e+00 1.222773273462496758e+09
8.129042016788375112e-04 -1.966235889711072549e+00 9.494143181934090308e+02 4.362152570478315303e-06 -3.011443976327460526e+00 1.222773273462897778e+09
8.123021590375085208e-04 -1.966304629536943516e+00 8.989142208850390716e+02 2.562622321905848171e-06 -3.726499231547696134e+00 1.222773273475965738e+09
8.240776814288660159e-04 -1.962943009603833611e+00 8.173144770409717239e+02 3.050897673987926090e-06 -3.667956782027584239e+00 1.222773273478597641e+09
8.291448256825882483e-04 -1.964521593033607072e+00 7.201343492157795936e+02 7.755199975247344105e-07 -4.651999538487816999e+00 1.222773273493147373e+09
8.201584066151025674e-04 -1.975308795878354839e+00 7.806191778556916461e+02 6.563899307157470288e-06 -3.004613570354815799e+00 1.222773273500321388e+09
7.956854638982172262e-04 -1.987688832570261965e+00 9.360989259041750756e+02 3.982609202852934142e-06 -3.518591394696511720e+00 1.222773273505508423e+09
7.972050213356243970e-04 -1.995818352394345130e+00 9.267772500592740244e+02 3.019298011221317561e-06 -3.540652614292650213e+00 1.222773273514860392e+09
8.191939429651246734e-04 -1.973994555550891317e+00 7.175852449323710971e+02 9.069461564295267916e-07 -4.290257767927183608e+00 1.222773273534819603e+09
7.874977647321695830e-04 -1.995648299287270833e+00 9.853826572710586333e+02 1.327091203222727237e-06 -4.339308644470579956e+00 1.222773273542453051e+09
8.246487346945469360e-04 -1.962741179351749299e+00 7.769641243595322067e+02 3.754368366464349414e-07 -5.053790529090758987e+00 1.222773273550506830e+09
8.162288819134401767e-04 -1.965704021971141247e+00 7.952785354122740955e+02 1.510599701948265522e-06 -3.648358825990741572e+00 1.222773273554115057e+09
8.157288395659733227e-04 -1.966653234523833671e+00 9.175051815550641550e+02 4.959607917190999729e-06 -2.851256574651852560e+00 1.222773273555038929e+09
8.039342441071518821e-04 -1.983443463186939759e+00 9.474985081458569312e+02 2.351542343217426821e-06 -3.383469736856835830e+00 1.222773273556637526e+09
8.192584377063331013e-04 -1.974830169482528763e+00 7.739464578425614718e+02 2.247523244916637575e-06 -3.939433135156023447e+00 1.222773273572291613e+09
7.910219327644440676e-04 -1.998773647510712070e+00 9.118088928685182282e+02 1.187523070012006799e-06 -4.291390031930585991e+00 1.222773273573714495e+09
8.090715863070408603e-04 -1.974953375590907001e+00 8.408320287159332338e+02 2.544224120163531216e-07 -5.094544763010743438e+00 1.222773273579267979e+09
8.056904061847288290e-04 -1.969569464276115456e+00 9.571114723774834374e+02 3.621878020167978381e-06 -3.118257097887250140e+00 1.222773273593346596e+09
8.002850713818662103e-04 -1.981367322104288675e+00 8.927806086930987703e+02 1.121467826025045566e-05 -2.314613375210127444e+00 1.222773273593978405e+09
8.245243496345312697e-04 -1.957031842413653244e+00 7.600975772620315638e+02 3.435040474014154985e-06 -3.073867369066929811e+00 1.222773273598781824e+09
8.277113116071103038e-04 -1.969804226197816588e+00 6.737906280739750855e+02 2.132554208833006121e-06 -3.810577915989409092e+00 1.222773273603296280e+09
8.173931006272252197e-04 -1.961975190362419852e+00 8.028980551648697883e+02 2.275501558791450223e-06 -3.497835412172473291e+00 1.222773273607159376e+09
8.189374446397559458e-04 -1.970910373984235520e+00 7.687565670674118792e+02 1.870360840710055600e-06 -4.112012231037295962e+00 1.222773273607967854e+09
7.917167315010792536e-04 -1.995271575511319950e+00 9.509561056618013026e+02 5.693475673210385778e-07 -4.931933891920431634e+00 1.222773273609070778e+09
7.952715801545004589e-04 -1.981806451241608258e+00 9.856232434086742842e+02 1.835804950363793475e-06 -3.456803430732580118e+00 1.222773273615527630e+09
8.012663478686349620e-04 -1.991557098458232700e+00 8.770649642347159443e+02 1.289998565241088360e-06 -4.151712886369349320e+00 1.222773273620842934e+09
8.092795026160707131e-04 -1.981438176300764464e+00 8.858933195380549250e+02 2.284779410783143561e-06 -3.926901797186000742e+00 1.222773273628195763e+09
8.274927073026129478e-04 -1.966461798026813756e+00 6.722849177251733863e+02 1.102584435161195887e-06 -4.163511335950573766e+00 1.222773273630991459e+09
8.010823536012912039e-04 -1.978312289988041650e+00 9.698881046075202903e+02 8.182243544065444700e-07 -4.110362106787900593e+00 1.222773273654618740e+09
8.078036162328434576e-04 -1.983544794891209939e+00 8.689199005932605360e+02 7.757499323195796146e-07 -4.488932948693810765e+00 1.222773273654850721e+09
8.032363647458748120e-04 -1.981236579690057287e+00 9.357995926459467455e+02 4.009760994989777043e-07 -4.760456252507110797e+00 1.222773273661526442e+09
8.006514303217887162e-04 -1.979669607394614950e+00 9.340158110170963255e+02 2.538881214673776584e-07 -5.095658505283681805e+00 1.222773273671897173e+09
8.004693419948560960e-04 -1.981222682113136457e+00 8.913570690643251737e+02 1.981175148850143131e-07 -5.406414979153726819e+00 1.222773273675153494e+09
8.145584251900406768e-04 -1.976808544024879044e+00 7.925161621948401489e+02 8.445798588010943722e-06 -2.855060036240094412e+00 1.222773273682053089e+09
8.344390952108261730e-04 -1.960331937713757799e+00 6.917141730008187324e+02 7.533543092667571646e-07 -4.565585304063924710e+00 1.222773273689583540e+09
7.924759150472112388e-04 -1.995281565830719250e+00 9.301838582294357138e+02 4.445503849297622949e-07 -5.038207264302117849e+00 1.222773273697072268e+09
8.108997575579596304e-04 -1.965929342159717486e+00 8.790842043094947940e+02 2.635932541242482477e-06 -3.414401687051408452e+00 1.222773273702759981e+09
8.133432368549417014e-04 -1.977657943405622953e+00 8.645971123714761006e+02 3.135840975276280750e-06 -3.671132136967267812e+00 1.222773273705837011e+09
8.082163575660718594e-04 -1.967792627803858885e+00 9.457728426947830940e+02 3.801563644572820423e-06 -3.083494339064793088e+00 1.222773273707206249e+09
8.182843061175941240e-04 -1.961154294475831339e+00 8.019316975393106759e+02 2.654671555951622475e-06 -3.365930946865732132e+00 1.222773273709781647e+09
7.932535684486528979e-04 -1.995376670201841396e+00 9.516831151724443316e+02 8.547736839158835866e-07 -4.275075062175763385e+00 1.222773273712511539e+09
7.978779607175021929e-04 -1.981202144780574992e+00 9.832737286534570558e+02 9.153331648740088813e-06 -2.107074267325511840e+00 1.222773273715632439e+09
8.390499774145687923e-04 -1.950835754020294521e+00 7.314604395532880972e+02 3.740250144558135411e-06 -3.299626795915954425e+00 1.222773273719582319e+09
7.982104240121070445e-04 -1.977744812161036148e+00 9.457608693252853982e+02 1.212786059889597405e-06 -4.067718178916059912e+00 1.222773273721241713e+09
7.947053232212769342e-04 -1.987186558732967123e+00 9.899290153723327421e+02 1.317084302290109764e-07 -5.684699368519678941e+00 1.222773273721778870e+09
7.901764796170533938e-04 -1.987602070563471379e+00 9.736261780001161696e+02 2.242941727349928379e-06 -3.443554694011721651e+00 1.222773273722300291e+09
8.057816800262306272e-04 -1.971754947774234656e+00 9.729391849382981263e+02 8.603874123465412155e-07 -4.431769868913510990e+00 1.222773273722592115e+09
8.266136074550928681e-04 -1.959352799686969071e+00 7.900784851335506573e+02 1.016593491191942256e-06 -4.393352598321044411e+00 1.222773273723204613e+09
7.936372010828253356e-04 -1.989476307677807920e+00 9.864796017781173987e+02 1.305689896156961295e-05 -2.312233164910434624e+00 1.222773273742042065e+09
8.236535278291593236e-04 -1.967958123534746528e+00 6.892169268162211893e+02 6.765354724544386525e-06 -2.763752732872229778e+00 1.222773273743504047e+09
8.185703907240422230e-04 -1.968136547645026990e+00 8.279520730404420874e+02 9.635470448778689100e-07 -4.091106669091381320e+00 1.222773273748922586e+09
8.170230692608010338e-04 -1.967468186221196236e+00 7.714168058100526650e+02 2.455385712005299543e-06 -3.216449073687388527e+00 1.222773273758867979e+09
8.066167638267992450e-04 -1.985413028328431029e+00 8.642754966646377852e+02 1.460635653753857936e-06 -4.244106974203875282e+00 1.222773273768746138e+09
7.969594181007235009e-04 -1.993761903367702093e+00 8.516169309559568319e+02 3.293860968804685323e-06 -3.351840018780722907e+00 1.222773273782889843e+09
8.024945429580519502e-04 -1.977993697462539835e+00 9.668843768184181044e+02 2.419008228544800935e-07 -5.366514418079242787e+00 1.222773273788861513e+09
8.326663266616427493e-04 -1.955367834504589286e+00 7.238892258761790117e+02 5.481400508270538814e-07 -4.719708118210262704e+00 1.222773273791514397e+09
8.098274849151919277e-04 -1.977060557146532505e+00 8.364868408709172627e+02 7.610814725532232931e-07 -4.191030688875988730e+00 1.222773273793481588e+09
8.052244821766637228e-04 -1.974931787307641962e+00 9.204058317086498846e+02 6.016613120039960337e-07 -4.844026967358893820e+00 1.222773273798529625e+09
8.246019265083654728e-04 -1.969339744780568058e+00 7.279841869666305456e+02 1.472972425286024123e-06 -3.818692400116205476e+00 1.222773273808274746e+09
8.169488042959326558e-04 -1.971269754909345417e+00 7.584364657104554226e+02 5.707802050693382053e-07 -4.884271523159420703e+00 1.222773273808737278e+09
8.028483658442734901e-04 -1.980063797959388472e+00 8.448374144397183727e+02 8.515953785560816106e-06 -2.541826823573406280e+00 1.222773273813001633e+09
8.238494777340157373e-04 -1.964553059316072270e+00 7.216146342737163195e+02 1.007632046922382339e-05 -2.230486494356446414e+00 1.222773273817291021e+09
8.022622345610788772e-04 -1.975381115053491676e+00 9.915717527180665911e+02 1.028058274495209760e-05 -2.129596753822466937e+00 1.222773273821246862e+09
8.308817993702874135e-04 -1.960548680036105162e+00 7.033508160211587210e+02 7.151989784691867190e-06 -2.987132369087603934e+00 1.222773273824112177e+09
8.278984097171489687e-04 -1.962889471612003334e+00 7.262595378006278679e+02 7.013094348680916304e-06 -3.020823791902222055e+00 1.222773273841158152e+09
7.946390013291209286e-04 -1.988226976702945903e+00 9.754340209206751524e+02 2.818489480540067626e-07 -5.008596086348146237e+00 1.222773273857127666e+09
8.355601861593860320e-04 -1.954675241662557461e+00 6.595107071682654123e+02 1.249727730107731453e-06 -3.947722168538149390e+00 1.222773273859268665e+09
8.210957729105891395e-04 -1.973911673088687424e+00 7.918845193285575306e+02 4.632663248549208761e-06 -3.177564600870610434e+00 1.222773273866461039e+09
8.266775559559576486e-04 -1.960657982940783750e+00 7.087384136051103951e+02 7.594020353158706107e-06 -2.804209602643953581e+00 1.222773273874547005e+09
8.039548173816727164e-04 -1.977153443496519447e+00 9.707169677157285150e+02 7.124606193525550337e-06 -2.315838766934577464e+00 1.222773273877155542e+09
8.236705632804621835e-04 -1.964257265785071871e+00 7.726137233666381690e+02 6.820028973243815567e-07 -4.368847620992564629e+00 1.222773273887082577e+09
7.920731679325995929e-04 -1.993813483689899524e+00 9.765068560469795784e+02 1.020149633752790759e-05 -2.226237415313242707e+00 1.222773273887725830e+09
8.053310175492627747e-04 -1.971776059010447613e+00 9.051716954225375957e+02 1.197724659578994632e-06 -3.989341977918541282e+00 1.222773273891652346e+09
8.100587108700333045e-04 -1.974328216617731169e+00 9.613073178916964707e+02 6.169377804570336208e-06 -2.699311794708222578e+00 1.222773273899484634e+09
7.992861523462688102e-04 -1.987734652017482784e+00 8.350500394602972847e+02 5.209282731484861536e-06 -2.925739899338184458e+00 1.222773273903356314e+09
8.141526355288454314e-04 -1.972086190459534150e+00 8.191452978200821917e+02 7.311606025461093558e-07 -4.759825421709325433e+00 1.222773273906574726e+09
8.514405511347872962e-04 -1.941533774825624281e+00 6.387798749791927548e+02 3.651237621548308431e-06 -3.134717660766540348e+00 1.222773273928443670e+09
8.354767786939726196e-04 -1.957239262649275613e+00 7.087869572177690998e+02 1.162330920380002917e-06 -4.093435481800417719e+00 1.222773273928969622e+09
8.011230761216021250e-04 -1.980206486117241038e+00 8.675711761402557158e+02 1.305714904015979606e-06 -3.831178676958185036e+00 1.222773273932002544e+09
8.090701136787861692e-04 -1.970735217973847320e+00 8.856813476717276217e+02 3.812742437075810329e-06 -2.829862892175698086e+00 1.222773273934552193e+09
7.956057948480229139e-04 -1.989951850136225886e+00 9.364228919717729696e+02 3.457586888142495526e-06 -2.944094447874089582e+00 1.222773273936712027e+09
8.300085288796154757e-04 -1.963605441345692704e+00 6.888196267714664600e+02 7.074288219084422832e-06 -2.478625363109716595e+00 1.222773273940237284e+09
8.137391172426750507e-04 -1.976696629151207585e+00 7.659863792754312044e+02 4.142862520879218039e-07 -5.016299791724000201e+00 1.222773273948856592e+09
8.024677965043436681e-04 -1.978962071859554195e+00 9.602912770312117345e+02 1.275808168492334546e-05 -1.968353909582203798e+00 1.222773273955130339e+09
8.130229946853655913e-04 -1.969849619951087316e+00 7.903987371719155135e+02 4.878840710776440651e-06 -2.732782314250666644e+00 1.222773273957749605e+09
8.231528481832616449e-04 -1.971296750689241595e+00 7.207439363177011273e+02 2.072780182145797010e-06 -3.556702240804622051e+00 1.222773273960040092e+09
8.153450459341833037e-04 -1.974682223876923715e+00 7.930382028561020888e+02 3.333700828271823129e-07 -5.065279006115273930e+00 1.222773273962940693e+09
8.397135869327596253e-04 -1.950795969246133854e+00 6.750077567979008109e+02 8.981149225720408957e-07 -4.248651178575101106e+00 1.222773273965790033e+09
8.032654195692609002e-04 -1.976185014957408725e+00 9.809452204569324749e+02 2.153632337972353486e-06 -3.352483945288462053e+00 1.222773273983915567e+09
7.942286621990997126e-04 -1.988338336687403007e+00 9.045700657981349195e+02 4.555536262118545842e-07 -4.883580339309066431e+00 1.222773273987927914e+09
8.199158483782163645e-04 -1.965923863084123813e+00 8.812591900251374000e+02 5.384236556692291136e-06 -2.966704666701245330e+00 1.222773273988311291e+09
8.215101111260942343e-04 -1.974378208183023897e+00 7.072344893969275290e+02 1.749789961733263788e-06 -3.970715987368134137e+00 1.222773273988916159e+09
8.116471183146493950e-04 -1.974681147733340580e+00 7.818979480453440374e+02 4.510856063826927614e-06 -3.328975128174814557e+00 1.222773273996627092e+09
7.961367847223038696e-04 -1.990277214643773718e+00 9.299525247549428286e+02 4.084789875240685955e-07 -4.798708753965990503e+00 1.222773273997698069e+09
8.162226819099934437e-04 -1.970883285012987374e+00 7.876667831457708644e+02 3.514992890579943401e-07 -4.890657017831321340e+00 1.222773273999200344e+09
8.083519427713680393e-04 -1.974524310324166088e+00 9.087017706637855099e+02 1.688103693689016553e-06 -3.529923244918503400e+00 1.222773274000061750e+09
8.200391646380799163e-04 -1.960832522558858315e+00 7.818102143460613433e+02 1.390765948923416920e-06 -3.964002778852911746e+00 1.222773274001802921e+09
8.088434245345888602e-04 -1.970751335094487633e+00 8.320959166661373274e+02 1.315720811623207835e-06 -4.048973842766649511e+00 1.222773274024124622e+09
8.206270120972786793e-04 -1.969316331744674686e+00 7.604978067861823092e+02 1.160986918022687737e-06 -4.433193375983405460e+00 1.222773274025385141e+09
7.941101909242431018e-04 -1.987537139419943699e+00 8.936766287866674929e+02 2.060069306760662924e-06 -3.785608790228183196e+00 1.222773274028248072e+09
7.966955160799762134e-04 -1.982097342719085553e+00 9.217066935056261627e+02 5.802149338569082195e-07 -4.677483687495467279e+00 1.222773274029201031e+09
8.173233637534833970e-04 -1.970759483650158739e+00 8.606769147826070139e+02 7.662535924061122944e-06 -2.913418425700985637e+00 1.222773274029561996e+09
8.215125749233021532e-04 -1.959271268547485567e+00 8.421541622203873203e+02 5.249020568778312446e-06 -2.782146956140010730e+00 1.222773274033064365e+09
8.071974994833330070e-04 -1.974880007759956424e+00 9.403227337154946781e+02 4.026093684938305450e-07 -5.005634246857659342e+00 1.222773274033248663e+09
8.092218089619428395e-04 -1.970113318768309307e+00 8.796231318776327726e+02 1.048635263905085324e-05 -2.198004296288351256e+00 1.222773274038577795e+09
8.358745960468020979e-04 -1.952197144876570700e+00 7.518458174150265449e+02 3.937795669761508959e-06 -3.204946826718064301e+00 1.222773274047742128e+09
8.228935616462409054e-04 -1.959245590687054506e+00 8.438110899125622382e+02 4.720271646262214504e-06 -2.915772137851185164e+00 1.222773274058661222e+09
8.233882550898986245e-04 -1.969763919285603126e+00 7.140857069399733064e+02 1.015483146319408834e-06 -4.140882232785106254e+00 1.222773274059174538e+09
8.336761707182636276e-04 -1.950959710806298153e+00 7.190224862492657394e+02 1.795157102907946063e-06 -3.712429918358477465e+00 1.222773274061990023e+09
8.221363142463127861e-04 -1.972882847606335588e+00 7.607520093385413702e+02 3.248664671911420346e-06 -3.617572607394391682e+00 1.222773274080101490e+09
8.413676787712546807e-04 -1.950563295046767953e+00 6.871935630362893335e+02 1.076197384171747578e-05 -2.258597213288623173e+00 1.222773274091573954e+09
8.244537585879058725e-04 -1.963694113013735087e+00 7.616387059944988778e+02 2.895677029765202016e-06 -3.088465440482618618e+00 1.222773274094004631e+09
8.270533906762269488e-04 -1.958119989117049320e+00 7.392302811496166441e+02 5.748370092029547923e-07 -4.638191220277882110e+00 1.222773274100378752e+09
8.042960998442756681e-04 -1.976776529757403811e+00 9.933783327406897570e+02 7.717551624054523807e-06 -2.339940933704659720e+00 1.222773274100843668e+09
8.328335076944133651e-04 -1.955402505056339058e+00 6.815768215701942836e+02 1.410480260418102509e-06 -3.825156672864678420e+00 1.222773274102758169e+09
7.854593271091086419e-04 -2.000761416966375883e+00 9.527857300109671996e+02 1.821651141389756672e-06 -3.894070142387573874e+00 1.222773274103327990e+09
7.974945907388132724e-04 -1.985090108147778754e+00 9.219205228240690531e+02 2.148187737011749953e-06 -3.979589736281074153e+00 1.222773274108436108e+09
7.860738171286621315e-04 -1.999343718823481275e+00 9.599739885895307907e+02 1.087599406721144304e-06 -4.365045786980891407e+00 1.222773274113856077e+09
8.495486642602490110e-04 -1.941932797032506652e+00 6.262241082879571650e+02 5.544612996921846661e-06 -3.026955080840756374e+00 1.222773274116541386e+09
8.110718047532330336e-04 -1.980899354201410834e+00 7.911596262331820526e+02 8.094714419402640159e-06 -2.821340113596153998e+00 1.222773274121671677e+09
8.127731202296984087e-04 -1.967957385186525299e+00 9.473333038275558238e+02 5.406134845775577124e-06 -3.069193218845944315e+00 1.222773274122797489e+09
8.183935056959174828e-04 -1.963934550271995150e+00 7.898547647589851977e+02 5.607127881989936603e-06 -3.092096061927161799e+00 1.222773274125021696e+09
8.313696450020215080e-04 -1.956195489783412178e+00 7.580349201356001458e+02 1.975925375442704990e-06 -3.598189976184836603e+00 1.222773274128851414e+09
8.223703786519247043e-04 -1.974120739984091877e+00 7.478886687063373984e+02 3.093765316083692676e-06 -3.458702024980628842e+00 1.222773274131583214e+09
8.291560808698635954e-04 -1.966281138191736888e+00 6.811349070115733184e+02 5.467472555457810540e-06 -2.788551792191743317e+00 1.222773274136284113e+09
8.054503520449987110e-04 -1.980929313714436368e+00 9.268375662573251930e+02 9.197709744803192668e-07 -4.592848069079968454e+00 1.222773274136454344e+09
8.294944414135342614e-04 -1.959362725954410411e+00 7.665829518905578652e+02 1.630017330357939431e-06 -3.784956612279681387e+00 1.222773274137967348e+09
7.993617006801430900e-04 -1.988378200538854834e+00 8.477498128215895576e+02 6.490051428015892782e-07 -4.572102024214064642e+00 1.222773274140148401e+09
8.024614428058005717e-04 -1.979193309276765955e+00 8.720615923016126771e+02 8.865397399331446802e-06 -2.328145019084501222e+00 1.222773274144267797e+09
8.060068363685288576e-04 -1.983750026130867816e+00 8.791291310968700827e+02 1.181044221144434157e-06 -4.003663053721083109e+00 1.222773274146057606e+09
8.496698889242033969e-04 -1.949969219415163657e+00 6.086085620930927007e+02 3.124256020704670016e-06 -3.516764687171384018e+00 1.222773274146590471e+09
8.084051817556500230e-04 -1.971396019365833974e+00 9.385532032212566946e+02 1.239217132798393759e-05 -2.265355705016206755e+00 1.222773274155066490e+09
8.150293471156082759e-04 -1.963840250190246106e+00 9.095487306794615279e+02 4.963601489287754038e-06 -2.923146158068327338e+00 1.222773274156291246e+09
8.078634781128031734e-04 -1.982322778118986495e+00 7.787567286384369254e+02 4.632593294522963162e-06 -2.966531187637208689e+00 1.222773274163084269e+09
7.965471812655897663e-04 -1.990743511805085575e+00 9.150530128681617725e+02 8.394728936240869914e-07 -4.669320290371063109e+00 1.222773274171104193e+09
8.342261985251520247e-04 -1.953096735264055139e+00 7.472092271144845199e+02 2.085623259864587467e-06 -3.636243019045706681e+00 1.222773274171579838e+09
8.098332481229804239e-04 -1.975718357009904391e+00 8.476141721439308867e+02 1.584963844347670173e-06 -3.560491235401043397e+00 1.222773274173216343e+09
8.366419140846073242e-04 -1.953753836173855118e+00 6.531990098465902292e+02 1.678600164167135134e-06 -3.741793012728051870e+00 1.222773274173743248e+09
8.192425634645107008e-04 -1.971552707608609012e+00 8.234552721138325069e+02 1.626574566358525627e-06 -3.865502584875760483e+00 1.222773274176617146e+09
8.129577598487388364e-04 -1.969749854612516504e+00 9.310630246641281929e+02 5.162593767713904217e-06 -3.193635716023715432e+00 1.222773274180139542e+09
8.105498171356046583e-04 -1.972553333257144770e+00 9.332264474789257065e+02 4.413461943165521126e-06 -2.843174980908891314e+00 1.222773274180705786e+09
7.932969380421480560e-04 -1.988354060898431808e+00 9.969252083653650516e+02 2.756074681337763409e-06 -3.071981399130497614e+00 1.222773274181623697e+09
8.024264744336066226e-04 -1.987789638974990947e+00 8.219939729980579841e+02 1.174619434652149225e-06 -4.330022387074557777e+00 1.222773274182506800e+09
8.498743382445250825e-04 -1.948600381258810632e+00 6.054345341709047261e+02 2.261888552249394745e-06 -3.762704344097157261e+00 1.222773274185294390e+09
7.865155881413978889e-04 -2.001675067751090609e+00 9.540688417052595014e+02 3.969839154009200504e-06 -3.255356667575508567e+00 1.222773274186685085e+09
7.996833672393035631e-04 -1.990737143903371420e+00 9.168579163440255115e+02 6.011134212331645527e-06 -2.720867074960397147e+00 1.222773274192026377e+09
8.090984104508858014e-04 -1.979421664723431729e+00 8.759488304199957156e+02 4.285252239451304597e-06 -2.843088237754159309e+00 1.222773274194211483e+09
8.198279292414789804e-04 -1.960826243318697149e+00 8.021054571590545947e+02 3.763208853031693493e-06 -2.986160370621078641e+00 1.222773274203376770e+09
7.883127539717006086e-04 -1.996130736096629166e+00 9.462628473703910004e+02 7.676240585572152152e-07 -4.610305127254209268e+00 1.222773274205047131e+09
8.050974303819543113e-04 -1.974059513528012344e+00 9.791556275323132468e+02 1.762695436715845162e-06 -3.607814915400572531e+00 1.222773274208863020e+09
8.199571103478761917e-04 -1.971678548609421266e+00 7.790761559872790940e+02 2.080291248501627128e-06 -3.499314110120991472e+00 1.222773274209034681e+09
8.272250118829998014e-04 -1.964210881057530500e+00 7.797907387254726927e+02 9.947191057951230162e-06 -2.402000235297485631e+00 1.222773274211966991e+09
7.999777929510004356e-04 -1.991331803691989588e+00 9.289579162664149408e+02 6.769008595655832895e-06 -2.985580414739382960e+00 1.222773274222633839e+09
8.027074498968494272e-04 -1.981063085941059843e+00 9.676966667830246251e+02 2.878890228440467931e-06 -3.122563759388057747e+00 1.222773274224130154e+09
8.108756103805908697e-04 -1.979432240627303496e+00 7.846038945750848370e+02 6.661849889836387783e-06 -3.010383094942223892e+00 1.222773274226212978e+09
8.045608833234494956e-04 -1.978902527239678744e+00 8.559285278967381601e+02 6.506872002893277758e-06 -2.439113830050625431e+00 1.222773274229075193e+09
8.102371438459461152e-04 -1.978465793216619417e+00 7.715948742943314755e+02 6.560616439867622988e-07 -4.651999821142051239e+00 1.222773274239693403e+09
8.465533804971210044e-04 -1.946051754009463952e+00 6.214696732898978553e+02 4.573368494540193964e-06 -2.900978166120184554e+00 1.222773274244042635e+09
8.278988537261393506e-04 -1.959558862491598941e+00 7.399282206126309802e+02 4.949738636398240997e-07 -4.864961952747844265e+00 1.222773274245582342e+09
8.016384781344089352e-04 -1.984266810402340653e+00 8.696745753124432667e+02 5.786719586251702311e-07 -4.480894174147161735e+00 1.222773274250213385e+09
8.090237553273971682e-04 -1.972297496156144581e+00 8.505544943751830260e+02 2.944859365124907972e-06 -3.062886372056440543e+00 1.222773274255707502e+09
8.145854383523384173e-04 -1.964899840842091905e+00 8.159343759304651940e+02 4.462770194679984445e-06 -3.123657401038352432e+00 1.222773274257152557e+09
8.114506389497854605e-04 -1.982758570676784737e+00 8.137129253156043660e+02 3.335380630760889811e-06 -3.580757939949114288e+00 1.222773274258456469e+09
8.067160516308423618e-04 -1.971127063218914621e+00 8.761493234241315804e+02 1.610856472186286659e-06 -3.929596645490354589e+00 1.222773274258584499e+09
7.960248344723231577e-04 -1.990684212810173825e+00 9.415360810919468122e+02 6.305294981456493066e-06 -2.522093188922424289e+00 1.222773274260241985e+09
8.442713671210150738e-04 -1.950533627425598659e+00 6.553548854266900889e+02 1.874070100619890201e-06 -3.701837370961595042e+00 1.222773274264032602e+09
8.143120822693547187e-04 -1.969287685544363065e+00 8.596710253602717557e+02 5.819341876768536701e-07 -4.528648541079215661e+00 1.222773274268016338e+09
8.114518980004863970e-04 -1.976056934272395038e+00 8.099394312634191238e+02 9.755284362312352116e-06 -2.662365521353578401e+00 1.222773274268308878e+09
7.962166322490443326e-04 -1.988463767188306086e+00 8.772381295495200675e+02 2.224985852445976619e-06 -3.863748170003708182e+00 1.222773274270758629e+09
8.120443727726124128e-04 -1.967211768565926722e+00 8.659890815248099898e+02 1.293224231388659669e-06 -3.883446127046485508e+00 1.222773274270767212e+09
8.015319851896972585e-04 -1.985978469810679492e+00 9.739602558483466055e+02 9.643111907916852330e-07 -4.299361429136011381e+00 1.222773274272320509e+09
8.191052282610022071e-04 -1.977413711594626866e+00 7.353274688788835647e+02 3.401610354527722111e-06 -3.441724426976372264e+00 1.222773274274812460e+09
8.238884309337309161e-04 -1.961675672186798725e+00 8.003298539198784738e+02 1.030479741782405406e-06 -4.122300810191720899e+00 1.222773274284950733e+09
8.035186798371075348e-04 -1.979911395195707913e+00 9.540863097648506255e+02 5.653382599673023615e-06 -2.524510214569534838e+00 1.222773274291742563e+09
8.240051955820867089e-04 -1.965075191777120533e+00 7.515042539681692233e+02 1.292792759111732355e-05 -2.119970358411463529e+00 1.222773274292467356e+09
7.960195595720372759e-04 -1.983737861522099077e+00 9.809729458738787571e+02 2.398274970669812185e-07 -5.412758316909852319e+00 1.222773274295248508e+09
7.970899342478044011e-04 -1.979332173651997318e+00 9.586827773937758366e+02 1.619404082981084480e-06 -3.737450579351912161e+00 1.222773274296219587e+09
7.892467054383739064e-04 -1.993997036473423634e+00 9.696603753381028810e+02 5.485616973860572868e-06 -3.167967664391113658e+00 1.222773274297504187e+09
7.988642337037923620e-04 -1.985229255418045735e+00 9.769116902864714120e+02 3.214895666265331453e-06 -3.708298314613152513e+00 1.222773274299847841e+09
8.188591018475883205e-04 -1.964868090492228880e+00 8.575810675583109060e+02 1.890925103463130169e-06 -3.971231474339634637e+00 1.222773274301125765e+09
8.249801698540337302e-04 -1.965585426458569263e+00 6.869318543926621032e+02 4.561271941563747463e-06 -3.189041378699982943e+00 1.222773274302366972e+09
7.880981388284510024e-04 -1.991070254875092260e+00 9.983211418082966020e+02 4.161133946030219872e-07 -4.884224119963937127e+00 1.222773274303376913e+09
8.335244705251309942e-04 -1.953251911858557399e+00 7.130701911451149044e+02 2.035099655700560117e-06 -3.901814549930562315e+00 1.222773274310523272e+09
8.044511725342631077e-04 -1.984391552546725279e+00 9.292001398602369591e+02 8.604242806975074245e-07 -4.544512746047487894e+00 1.222773274311117649e+09
8.029283925570183120e-04 -1.974123189504860321e+00 9.686251633366166516e+02 5.331362998058159114e-06 -3.123698559113710083e+00 1.222773274312669039e+09
7.990055631856372159e-04 -1.984452742756120713e+00 8.671697277457061546e+02 1.771363639436566306e-06 -3.612261581647209674e+00 1.222773274314174891e+09
8.127135601791416353e-04 -1.970502541151478049e+00 9.131852957083647198e+02 1.095883086337574619e-05 -2.502443765751285909e+00 1.222773274315413952e+09
8.487434638454717994e-04 -1.949740252431081844e+00 6.314734095683458008e+02 5.071662858253604865e-06 -3.146402294513590547e+00 1.222773274326893330e+09
7.959851880897006373e-04 -1.989956601206452458e+00 8.696822574641512347e+02 9.891405777293947918e-07 -4.408434316545392306e+00 1.222773274339658499e+09
8.296552585718978317e-04 -1.956270485702021444e+00 7.629399139602293189e+02 1.408523359162885572e-06 -4.140165856606245143e+00 1.222773274339692593e+09
7.907527958645948563e-04 -1.989630281859965377e+00 9.615741758944686808e+02 7.397182651182143367e-06 -2.739709906516726079e+00 1.222773274346065760e+09
7.862758709250244980e-04 -1.999026905889754513e+00 9.691410689535524625e+02 1.513445002129979500e-06 -4.169473129994953453e+00 1.222773274347170830e+09
8.339169878745930848e-04 -1.959608006443192885e+00 7.042828549312790756e+02 5.781963254911055700e-06 -2.660837316312137268e+00 1.222773274348552942e+09
7.989118721378182580e-04 -1.990947598054862544e+00 8.785110663853346296e+02 3.953172203060855690e-06 -3.031319817066611577e+00 1.222773274355363846e+09
8.389862498379324672e-04 -1.955277830756711133e+00 6.632151144249348818e+02 1.103290147615188881e-05 -2.372869090518965329e+00 1.222773274356119633e+09
8.187849124112500957e-04 -1.966751675908389618e+00 7.334189386481507427e+02 2.504579279374602045e-06 -3.638713868845877997e+00 1.222773274361603498e+09
8.173726258207913683e-04 -1.976910880535594384e+00 7.334757642286940609e+02 5.536371231290997728e-06 -2.884137002542090933e+00 1.222773274362925768e+09
8.206075398100707739e-04 -1.970805075902876125e+00 7.933503528102634164e+02 1.757233858796980167e-06 -3.713639224275356199e+00 1.222773274365931749e+09
8.073554106726002532e-04 -1.969649092197170326e+00 9.640935685689145203e+02 2.151973676144935926e-06 -3.702818385429000436e+00 1.222773274367020130e+09
7.983759439191792954e-04 -1.988527888681183686e+00 9.785851078497491926e+02 6.492201371536568125e-07 -4.799243817101784160e+00 1.222773274370316029e+09
8.210708259460831448e-04 -1.962175460450138242e+00 8.397654281345060099e+02 1.758150657217898383e-06 -3.716105583780771937e+00 1.222773274375977278e+09
8.531981364751667785e-04 -1.939406150708852028e+00 6.190394253941002489e+02 4.155839389635477716e-06 -3.083751303125595200e+00 1.222773274381411076e+09
7.934735900505758338e-04 -1.988817709641130360e+00 9.067769485585168923e+02 1.631223904286033965e-06 -4.046606125613267047e+00 1.222773274382530689e+09
8.187088100716386971e-04 -1.971584452854366898e+00 7.966034433391052971e+02 1.257664168637628403e-05 -2.182662943234085162e+00 1.222773274395648241e+09
7.929538210122703172e-04 -1.988659372171415196e+00 9.901613403843118704e+02 1.044240343785922836e-05 -2.139700404630267450e+00 1.222773274403254032e+09
8.248159112592565395e-04 -1.958481539259238069e+00 7.880552869472325028e+02 2.445672978363100748e-06 -3.344765793196669001e+00 1.222773274409269094e+09
8.067214208614178084e-04 -1.977507854232654960e+00 8.749875761829799785e+02 2.817518151759226133e-07 -5.336397187700688605e+00 1.222773274413947105e+09
8.017601764636178010e-04 -1.977714766661017531e+00 8.693694419565546241e+02 1.845979543414366612e-06 -3.804174859527461372e+00 1.222773274420171499e+09
8.127898028863518717e-04 -1.975737230875653783e+00 7.684720885053336588e+02 1.476465366234505211e-06 -4.202619978974884596e+00 1.222773274426005602e+09
8.045716243735891995e-04 -1.976406631479228349e+00 9.975147263872686381e+02 8.613729897137138587e-07 -4.404830809886764342e+00 1.222773274430729866e+09
8.104960758961279920e-04 -1.977188054569589681e+00 8.440488089077790619e+02 6.041396446463783049e-06 -3.172328126968661621e+00 1.222773274432108402e+09
7.976561575641564865e-04 -1.986310962077058928e+00 9.195197469981508220e+02 2.392055733773089380e-07 -5.249417502071255015e+00 1.222773274433141232e+09
8.159894308920902749e-04 -1.965518543769574578e+00 8.139249175415017135e+02 1.931520983490293209e-06 -3.489766085861056411e+00 1.222773274434798956e+09
8.139919382267563975e-04 -1.975150216242268275e+00 8.831846489949164152e+02 1.815728282575183370e-06 -3.896687870975645396e+00 1.222773274436274290e+09
7.961854911266383079e-04 -1.990848060647662399e+00 9.475624312631917974e+02 7.598134092351049144e-06 -2.947022501588029364e+00 1.222773274437098026e+09
8.058061789824578179e-04 -1.984053179053689053e+00 8.380598903930242614e+02 1.628330612364039957e-06 -3.703084501879652102e+00 1.222773274441986561e+09
7.915747111629093443e-04 -1.990991430014513508e+00 9.449370057644122198e+02 4.930035849185547798e-07 -4.686681671774496571e+00 1.222773274444104671e+09
8.406821334960710079e-04 -1.955370512643026970e+00 6.538000211420655887e+02 1.480761322355613400e-06 -3.939404531634957074e+00 1.222773274451911926e+09
7.895014427887630821e-04 -1.998109384949705358e+00 9.601590002623121336e+02 1.177246911671836201e-06 -4.386690363387374170e+00 1.222773274456939220e+09
8.080543784341720189e-04 -1.985042708280799761e+00 8.667968166239477341e+02 2.788652897819370334e-06 -3.655475893663446385e+00 1.222773274459442377e+09
8.031456706380329632e-04 -1.986150827632472637e+00 9.585135643213857293e+02 6.424707539703759027e-06 -2.758769515508207704e+00 1.222773274468592882e+09
8.050570455090865982e-04 -1.978653006958901450e+00 8.794763820345672229e+02 6.706347887004652990e-07 -4.306127449744471036e+00 1.222773274468639612e+09
7.862448705996207855e-04 -2.002320686719142540e+00 9.893345918527900267e+02 1.656967452247739206e-06 -4.098655857661819724e+00 1.222773274470979452e+09
8.030320035598129992e-04 -1.980009667825395336e+00 9.288568655012691124e+02 7.716777674582463977e-07 -4.718968686025633907e+00 1.222773274474431515e+09
7.959114531477039884e-04 -1.985619057882664240e+00 9.388156567211985930e+02 1.086628383666441165e-05 -2.321256641488001371e+00 1.222773274475379944e+09
7.950725640813757593e-04 -1.992161830250389620e+00 9.996929216608351680e+02 1.116272809965527723e-06 -4.077169126060451454e+00 1.222773274477081776e+09
8.263450600587492374e-04 -1.960241646512223213e+00 7.650091543360036894e+02 5.894832726929706963e-07 -4.689194942100153085e+00 1.222773274481256962e+09
8.059753630405551992e-04 -1.978103268465891684e+00 8.545415656777047388e+02 9.538315646426516681e-06 -2.639736670181126676e+00 1.222773274486372471e+09
8.186178876048939889e-04 -1.963701248896251528e+00 8.905915218414154424e+02 5.294464888483222542e-06 -2.947290232743787541e+00 1.222773274488508701e+09
8.399671590178769401e-04 -1.958052013419033566e+00 6.613249378976703383e+02 2.692076130148389207e-06 -3.608364006029692206e+00 1.222773274488529205e+09
8.408622357950015259e-04 -1.950613363095686559e+00 6.985533751306887780e+02 2.851548531385869782e-06 -3.385653916705879674e+00 1.222773274489959478e+09
8.075496669338368952e-04 -1.972730985312188157e+00 9.355591693594348044e+02 1.137624915460293354e-06 -4.359254011809714058e+00 1.222773274491150856e+09
8.146569673673809435e-04 -1.971142392707446955e+00 8.868558905809389898e+02 4.760197330915233524e-06 -3.318391725001345272e+00 1.222773274491648674e+09
8.076869959194471222e-04 -1.981504388994202337e+00 9.058047560290426645e+02 1.914116065586936403e-06 -4.037986308825731285e+00 1.222773274491997480e+09
8.311701063868283824e-04 -1.958764946069591062e+00 7.129531651061671482e+02 7.500101328908718054e-07 -4.368965171226741440e+00 1.222773274496892691e+09
8.251424058830129178e-04 -1.962472823495494900e+00 7.046654662970053096e+02 1.824344056839517845e-06 -3.651090043325838863e+00 1.222773274506475210e+09
7.990575202252989725e-04 -1.980876839725357996e+00 8.980378524980818611e+02 7.441228049830605384e-07 -4.564297382383901258e+00 1.222773274515152216e+09
7.925537809120816214e-04 -1.986728076179456570e+00 9.984107694920763834e+02 3.098107209865642718e-07 -5.010337731142811890e+00 1.222773274516606331e+09
7.986201913115306304e-04 -1.983547325224495728e+00 9.578394944721724187e+02 1.928541905514032173e-07 -5.503993096259654827e+00 1.222773274518511057e+09
7.990366442882405277e-04 -1.984559756452000778e+00 9.051125728115246147e+02 7.114365603415011704e-07 -4.281078569543303125e+00 1.222773274518853903e+09
8.018062316846590477e-04 -1.981343836773101552e+00 8.423328447734143083e+02 4.805057460164340710e-06 -2.908483688733652706e+00 1.222773274529649734e+09
8.317337418691249156e-04 -1.964771115143119307e+00 6.669221052482887444e+02 4.719809135627247275e-06 -2.987019653524437324e+00 1.222773274530571461e+09
8.000754187523222323e-04 -1.986608724329650855e+00 8.747900065330869666e+02 7.786952920725926553e-07 -4.692268375890188636e+00 1.222773274531123638e+09
7.982149414663237356e-04 -1.990803307622531992e+00 9.815860947971967789e+02 9.645996680992293464e-06 -2.561143329729069329e+00 1.222773274540496349e+09
8.021064637730725925e-04 -1.979989476330423326e+00 8.760200540793071013e+02 5.492128802560509211e-06 -3.138920861839936016e+00 1.222773274546574593e+09
8.266729223122950892e-04 -1.964316577416068910e+00 7.821147072655516013e+02 4.673401089964785819e-06 -2.943742769016042260e+00 1.222773274553933382e+09
7.908357443692319837e-04 -1.996950537579784690e+00 9.784948056243146084e+02 5.619663501384343964e-07 -4.724169051118278340e+00 1.222773274560126781e+09
8.442343820923939876e-04 -1.946039092443335505e+00 6.398130362827336057e+02 2.338414937391676719e-06 -3.546842981280844853e+00 1.222773274562104940e+09
8.078821279901227332e-04 -1.970504513388087187e+00 9.071409319727434877e+02 8.368917330847002039e-06 -2.356034781577039716e+00 1.222773274570929050e+09
8.068257628053862943e-04 -1.977711149868991658e+00 8.720380444533969921e+02 2.794737412090436205e-07 -5.327633593108888732e+00 1.222773274573029280e+09
8.139277265449985227e-04 -1.966746572046257135e+00 8.575727469775138161e+02 7.325852477331634901e-07 -4.560455808678778311e+00 1.222773274574921131e+09
8.008253577655925597e-04 -1.984598757965789995e+00 8.969185917348974044e+02 8.996437781946324161e-07 -4.095177786771442285e+00 1.222773274576798201e+09
8.382910060714364453e-04 -1.959537342817866623e+00 6.638874462147132363e+02 5.169586704779460542e-06 -3.168154502213294421e+00 1.222773274582472801e+09
8.304219333359430608e-04 -1.963184721725237836e+00 6.760384545038248234e+02 8.627668537350923319e-06 -2.611240774143731791e+00 1.222773274584160566e+09
7.951420621381131070e-04 -1.991556511087822168e+00 9.501859537826061342e+02 6.340349444714096303e-07 -4.848426666396563611e+00 1.222773274587291956e+09
7.974391947626217675e-04 -1.991698214046045301e+00 9.427620254763893399e+02 7.096000384646685968e-07 -4.693484202188836996e+00 1.222773274591441870e+09
8.439276130243012018e-04 -1.950632156706773923e+00 6.462474559359280875e+02 1.242239000283862933e-06 -4.160886958147867354e+00 1.222773274597916842e+09
8.127590813271522900e-04 -1.967525724609301196e+00 8.253168892611645333e+02 3.737944648492524670e-06 -2.997663230789308741e+00 1.222773274598660707e+09
8.197829700504851618e-04 -1.974256545676273067e+00 7.925850676891108151e+02 2.542005798638022949e-06 -3.718592361577031546e+00 1.222773274599098682e+09
8.088546151984839705e-04 -1.976494683275711761e+00 7.851229314388109515e+02 1.832738078165941485e-06 -3.921282366403321618e+00 1.222773274599525452e+09
7.877217340317579182e-04 -1.993782956011410201e+00 9.683570449763510624e+02 3.351770026596321509e-06 -3.491995142959918752e+00 1.222773274601506710e+09
8.102371836594322819e-04 -1.974661695239207759e+00 8.019413128157420942e+02 6.567937651545754059e-06 -2.520173199444068146e+00 1.222773274603360653e+09
8.248684730457272411e-04 -1.959874848672895631e+00 8.314420923956561182e+02 7.795461383298173748e-06 -2.632140312334583676e+00 1.222773274607589483e+09
7.991509139054300565e-04 -1.984044298521566718e+00 9.946784733118652184e+02 9.560463776995865192e-06 -2.171913537292423868e+00 1.222773274608247280e+09
7.882471977351630452e-04 -1.997720779943236824e+00 9.691636271020779532e+02 8.599028550455279125e-07 -4.295827000395762596e+00 1.222773274616038084e+09
8.179990518830902984e-04 -1.975416723441941524e+00 7.294278242339727285e+02 1.175256555508404263e-06 -4.194562761301530607e+00 1.222773274616483212e+09
8.016966515449040374e-04 -1.990078114156255573e+00 8.723695655883673226e+02 4.823197891405060383e-06 -2.975390446328339600e+00 1.222773274616524220e+09
8.070625108225446291e-04 -1.981002951152230240e+00 8.459603535555937697e+02 3.278318390270291310e-07 -5.189426730745123173e+00 1.222773274620291471e+09
8.009498416504550779e-04 -1.982385845961270210e+00 9.573527982109899312e+02 7.159033009213375407e-06 -2.336570710732231326e+00 1.222773274621558666e+09
7.987259690775691881e-04 -1.982686470369409593e+00 9.622722247226439549e+02 2.141682360370179321e-07 -5.436515293029092533e+00 1.222773274624731541e+09
7.927493946465991818e-04 -1.994386042739197507e+00 9.886527682414300671e+02 9.302674174005904468e-07 -4.206181018128044791e+00 1.222773274627554417e+09
7.924867337995833948e-04 -1.985925680541051896e+00 9.823947740404551041e+02 1.959474992605910155e-06 -3.477507769014879457e+00 1.222773274630027294e+09
8.320400702850037650e-04 -1.957152828962702040e+00 6.914479106201064269e+02 4.673486302518590722e-06 -2.769366961829827112e+00 1.222773274637112856e+09
7.933157222688593619e-04 -1.985314106044887117e+00 9.437275415274737043e+02 4.042837121226658335e-06 -3.061102755941902842e+00 1.222773274643052578e+09
7.955203756639914235e-04 -1.991865200557591198e+00 8.637449600422842195e+02 2.196824617920833783e-06 -3.765636320401798187e+00 1.222773274643694878e+09
8.330238985795500794e-04 -1.955529861822640658e+00 7.224513041051795881e+02 1.567796497083242740e-06 -4.112735850816546801e+00 1.222773274644147158e+09
8.102404739670284340e-04 -1.973010344204513267e+00 8.747739239703307703e+02 4.104926362805125876e-07 -4.815108450333607237e+00 1.222773274645071030e+09
8.143668737032980394e-04 -1.970395821545919857e+00 8.381945903109780147e+02 7.972484715332063215e-06 -2.878232256807327971e+00 1.222773274645538330e+09
8.131656142860034910e-04 -1.971566911988364312e+00 8.741970188530913219e+02 6.357157173477655708e-06 -2.472654059778811586e+00 1.222773274645542860e+09
7.987112516138677792e-04 -1.992239102562641584e+00 9.610356426464481956e+02 5.336335570956354529e-06 -3.026625966443218907e+00 1.222773274647560835e+09
8.105025527772905750e-04 -1.968872287717811531e+00 8.807583255897461640e+02 7.677391997383644143e-07 -4.418773479281878913e+00 1.222773274650962114e+09
8.021612123621164100e-04 -1.986097075120938360e+00 9.241667100425552235e+02 5.950261055203777163e-07 -4.657544748272040458e+00 1.222773274651052713e+09
8.097830360592761251e-04 -1.983915463913966448e+00 8.305361603385559874e+02 2.859279227043963570e-06 -3.673195719073752308e+00 1.222773274652416229e+09
8.163937497813544093e-04 -1.968778661410165221e+00 8.521430482807605813e+02 8.135092178427807379e-07 -4.329500955460575895e+00 1.222773274676969767e+09
8.100139363524599219e-04 -1.981979700007374445e+00 8.695487672088114550e+02 3.301867951307838446e-06 -3.342625765749675182e+00 1.222773274678956747e+09
8.024102526885872142e-04 -1.976939259263003956e+00 8.834018405575486668e+02 6.625878815321686463e-06 -2.753354659836218410e+00 1.222773274679656506e+09
8.152679124612021355e-04 -1.972459890384231862e+00 8.117653450154450638e+02 1.021867111853714694e-06 -4.511117096483796551e+00 1.222773274682860136e+09
8.275876430381739948e-04 -1.962357228941995713e+00 6.939196679911751744e+02 6.679112868088307226e-06 -2.576801141183544530e+00 1.222773274683254004e+09
8.120076116136629336e-04 -1.975085371846745819e+00 8.104437549137307997e+02 4.513155554929671567e-07 -4.725863155120997305e+00 1.222773274683999777e+09
8.230598204007220833e-04 -1.959619782276931232e+00 7.856026004275590822e+02 6.053984603452938294e-06 -2.573246444108562514e+00 1.222773274689072847e+09
8.033516477091262424e-04 -1.981247969220419902e+00 8.657926667276880153e+02 2.807376245359276668e-07 -5.162793093958432777e+00 1.222773274691016674e+09
8.132854804786936870e-04 -1.976364176697209540e+00 8.137032804251899734e+02 9.558083619927069084e-07 -4.552963294363717495e+00 1.222773274696174145e+09
8.339161391214791781e-04 -1.960375662382686013e+00 6.976341416530226525e+02 9.950138358740281649e-06 -2.577075118581669599e+00 1.222773274698149681e+09
7.844534490721789171e-04 -2.000152066264140327e+00 9.801340920986134506e+02 4.182535185493875504e-06 -3.166034731463195584e+00 1.222773274698348999e+09
8.074914705292378847e-04 -1.977046784031889493e+00 9.230727813031012374e+02 5.973990586492668080e-07 -4.807788420149790909e+00 1.222773274700280190e+09
8.161294902267709258e-04 -1.969672906633404219e+00 8.536696512740390972e+02 8.899459161869083403e-06 -2.257586030785421194e+00 1.222773274703665733e+09
7.998130273873226828e-04 -1.984530259481511072e+00 9.325922182921560761e+02 8.583673009724597620e-07 -4.127348941086626866e+00 1.222773274706966162e+09
8.378982244993111832e-04 -1.955223974158516453e+00 7.058002471429441584e+02 5.141563438177441300e-06 -3.196780613781612601e+00 1.222773274708650351e+09
8.143558696319634508e-04 -1.969320079626291964e+00 8.366419123380015890e+02 7.670602560695265454e-07 -4.657597354203195650e+00 1.222773274710388184e+09
7.991245175565652196e-04 -1.989876507808540529e+00 9.840426413753946235e+02 8.518798418346591113e-06 -2.603247521393052821e+00 1.222773274717879295e+09
8.222375420606588053e-04 -1.962958437665745404e+00 7.631967434928038756e+02 4.565325750905230636e-06 -2.733211151436385045e+00 1.222773274719688892e+09
8.330588091028082089e-04 -1.962114312570420349e+00 7.210270245322419669e+02 2.954538057554382354e-06 -3.516007585034916616e+00 1.222773274721903086e+09
7.944888832511643600e-04 -1.991615590971026251e+00 9.517918306879587362e+02 3.215341684865573187e-06 -3.078479208078719331e+00 1.222773274723638773e+09
8.134410660744704731e-04 -1.965377074634044874e+00 8.833146379317719266e+02 3.022457640244680650e-06 -3.514318034094755738e+00 1.222773274727716923e+09
8.200283810021832430e-04 -1.967115578886345917e+00 7.784426425578435556e+02 4.366252075626430550e-07 -4.994051566686658283e+00 1.222773274727747917e+09
7.957247526040002114e-04 -1.983510561018644314e+00 9.321194240193358382e+02 7.866234439192514341e-07 -4.350339712097079037e+00 1.222773274728231668e+09
8.364736723101243599e-04 -1.959480470620840409e+00 6.473449156858584956e+02 4.866873210409149056e-06 -2.931771005769154392e+00 1.222773274728913069e+09
8.099787991746064180e-04 -1.974401933098546280e+00 8.420621565300363045e+02 2.965165910398939080e-07 -5.097394193876629842e+00 1.222773274732351542e+09
7.924842268664142016e-04 -1.990993452154538268e+00 9.448152551742452943e+02 5.638749879093387178e-06 -2.646592210547824564e+00 1.222773274732743502e+09
7.988971135630030954e-04 -1.979614371897335356e+00 9.080683277641678615e+02 4.175524076849618693e-06 -3.027343095161760367e+00 1.222773274734722137e+09
8.080569814239494091e-04 -1.969211852471254298e+00 9.156275397720818319e+02 2.058335944761732704e-06 -3.752699557561841814e+00 1.222773274737063646e+09
8.132522409873643807e-04 -1.969000648771709994e+00 9.036138013300951570e+02 1.043363692026844002e-06 -4.241318792283362171e+00 1.222773274737940073e+09
8.176054396437559737e-04 -1.975392763251412775e+00 7.276436614253477728e+02 2.672566338505035043e-06 -3.437511012182704384e+00 1.222773274740001917e+09
8.356653822280865054e-04 -1.957183474863333439e+00 6.878587056059724318e+02 8.863594444218242593e-07 -4.374730481828622786e+00 1.222773274745766878e+09
8.182653235525211332e-04 -1.971982418715656493e+00 7.576578773913798841e+02 5.402169550647895079e-06 -2.661849250997194716e+00 1.222773274748279572e+09
8.082545202031211429e-04 -1.976989407108251218e+00 9.044135059767394296e+02 4.452977772383075646e-07 -4.966416375864432631e+00 1.222773274748957634e+09
7.918785081046847201e-04 -1.996159430558834380e+00 9.429754857367402110e+02 3.486119792045028878e-06 -3.574698362397384699e+00 1.222773274750080824e+09
8.262689763753891872e-04 -1.962260675768623841e+00 7.199364264233377071e+02 1.039907890415705242e-05 -2.284133682635761886e+00 1.222773274751284122e+09
8.219366093039482237e-04 -1.966746675968775282e+00 7.285159188349869055e+02 8.155734833419058271e-07 -4.569033536866474066e+00 1.222773274752635479e+09
7.963608525819793798e-04 -1.988675935783824622e+00 9.746882687434906529e+02 2.893026781953852519e-07 -5.190040780235202433e+00 1.222773274755970001e+09
8.028194551219602730e-04 -1.983220528958451467e+00 8.333547843696595692e+02 5.639191038549555228e-07 -4.738471318766110940e+00 1.222773274756568670e+09
7.984366716959836888e-04 -1.988091493887166550e+00 9.119930138981718528e+02 8.861172637211963768e-07 -4.167131300526857096e+00 1.222773274758915424e+09
8.308297822351702437e-04 -1.963853825123976327e+00 6.605830777613970213e+02 4.021694069221167448e-06 -3.143670956700136188e+00 1.222773274759605169e+09
8.200467375906309898e-04 -1.964545826695975661e+00 8.134303378042131953e+02 1.517965040533380393e-06 -3.719913304910686946e+00 1.222773274765223265e+09
8.054310221811804022e-04 -1.980332606259386896e+00 8.398525245996949025e+02 1.561988852631566021e-06 -3.655898925348139095e+00 1.222773274768034220e+09
7.962692821776251812e-04 -1.986885408397796482e+00 9.301447341446561268e+02 4.336077930651070990e-07 -5.066300945978825965e+00 1.222773274768288851e+09
7.959435946899179890e-04 -1.991776525530396302e+00 9.325672830671454676e+02 6.194262502533029215e-06 -3.113173675676941698e+00 1.222773274769574165e+09
8.280428324817869267e-04 -1.968083703658143557e+00 7.122635986881762165e+02 3.295600003076140593e-06 -3.564350386343843269e+00 1.222773274775945187e+09
8.340644081701546059e-04 -1.953660668898669739e+00 7.251143845941311383e+02 2.428093044613311844e-06 -3.397588690927600297e+00 1.222773274776229620e+09
8.022003484538890988e-04 -1.983390151505480814e+00 9.178173501859655516e+02 2.757895367466511993e-07 -5.269134950397052819e+00 1.222773274776949644e+09
8.211152587661785978e-04 -1.971272643078081366e+00 7.155412847732859518e+02 2.382918819996332943e-06 -3.463106826664761329e+00 1.222773274777564049e+09
8.268909431705583025e-04 -1.956591171042366684e+00 8.045804410911612194e+02 7.063201269668775534e-06 -2.649204924684660512e+00 1.222773274778007507e+09
8.062218172088131841e-04 -1.976154089456807039e+00 8.186922503616689255e+02 4.193552137255376499e-06 -3.125076194757251180e+00 1.222773274781191826e+09
7.973863366286154707e-04 -1.993159697108610962e+00 9.790361878440858163e+02 5.403927651242537381e-06 -3.061487201074375442e+00 1.222773274785138369e+09
8.176013421059027909e-04 -1.964175370013539812e+00 8.218882087614845204e+02 9.333842294175220415e-06 -2.272918615127705877e+00 1.222773274794517994e+09
8.036376111073141159e-04 -1.982642291099693033e+00 8.976127490998285339e+02 1.462926817606845935e-06 -3.709030212955601868e+00 1.222773274796290398e+09
8.049212633787679056e-04 -1.976542330079086973e+00 9.112031034781447261e+02 2.819401134286190984e-06 -3.094030349823169601e+00 1.222773274803339958e+09
8.097700926576875333e-04 -1.974763718998901130e+00 8.564365491919976421e+02 1.207756079537776947e-05 -2.381785952977161003e+00 1.222773274817262173e+09
8.017192732950877317e-04 -1.985825213352372387e+00 8.503967240497861440e+02 1.939255917411261470e-06 -4.024015671659991078e+00 1.222773274817595243e+09
8.286699175926841038e-04 -1.956325688202624535e+00 7.834413917653134831e+02 9.471510201352301248e-06 -2.505929077486548806e+00 1.222773274819357872e+09
8.117675749682535863e-04 -1.969744917021424069e+00 9.118584439183301811e+02 9.841671536091884250e-07 -4.252536367987990396e+00 1.222773274822633982e+09
8.206670817786635612e-04 -1.969723397566418566e+00 7.627369393500351862e+02 5.778407611733832495e-07 -4.820916660541925580e+00 1.222773274827497005e+09
8.034057661806572048e-04 -1.986521708138418107e+00 9.467294111062053616e+02 4.281840977996858798e-06 -3.131257014803821015e+00 1.222773274829600334e+09
7.999613847579056239e-04 -1.980927762535712233e+00 9.759747130521309373e+02 2.903615491338836901e-07 -5.186160082420681050e+00 1.222773274830829859e+09
7.984836106672447498e-04 -1.989864232822013079e+00 9.165021703991219510e+02 5.551519134316382342e-06 -2.706082244250263003e+00 1.222773274832786083e+09
8.372051183937087278e-04 -1.949577057632083443e+00 7.160674389423326147e+02 2.787107215308791350e-06 -3.403768225760250843e+00 1.222773274835470676e+09
8.012014036661198194e-04 -1.974711675261895394e+00 9.860747035507387181e+02 1.991166564643719138e-06 -3.631253943060876566e+00 1.222773274836149931e+09
8.049641368634181948e-04 -1.975003108809261221e+00 9.343800171920005369e+02 4.422040715441441560e-07 -4.898983487012072757e+00 1.222773274845917940e+09
7.991228478516681968e-04 -1.980082069826939239e+00 9.551675653535673973e+02 2.762150692758548355e-06 -3.136880318493181719e+00 1.222773274847295284e+09
8.109186387386822705e-04 -1.976532330696953998e+00 8.994699663733498483e+02 2.531640822897813519e-06 -3.414868377491329099e+00 1.222773274850305557e+09
8.238295932485768802e-04 -1.967880701772669827e+00 7.605714591146477233e+02 7.913278771262950022e-07 -4.525190666522446392e+00 1.222773274855071306e+09
7.885253143206961968e-04 -1.993815650496869374e+00 9.888577129185894137e+02 5.732971983693944987e-06 -2.651964974536241471e+00 1.222773274858205557e+09
8.207513648514829993e-04 -1.967844041910219222e+00 8.320158465662584604e+02 1.913690073013163612e-06 -3.927151311523728872e+00 1.222773274858259678e+09
8.302107271631883412e-04 -1.958866539083430780e+00 6.896229381492673838e+02 1.922727023827935438e-06 -3.932836354560613756e+00 1.222773274860027075e+09
7.943458859349130079e-04 -1.983226839893605487e+00 9.492628763857406966e+02 2.625811807648622755e-06 -3.469221211127297977e+00 1.222773274861508369e+09
8.389276008575195006e-04 -1.951752653915908464e+00 7.192904318371240606e+02 7.394004239428458573e-06 -2.710406029093300084e+00 1.222773274868006945e+09
7.997325314731634858e-04 -1.980057643414327107e+00 9.943338485267723854e+02 8.343773658827198828e-07 -4.605008914839324063e+00 1.222773274869073391e+09
8.191881906440911078e-04 -1.973610611520709934e+00 8.039116712022904494e+02 3.391241599522242877e-06 -3.286286432983283490e+00 1.222773274869097710e+09
7.968798524531665525e-04 -1.984312002459176494e+00 9.382848935099046912e+02 1.026117215198940605e-05 -2.279738745853192583e+00 1.222773274871227980e+09
8.171119095755798164e-04 -1.976553622830836021e+00 8.072804199659299229e+02 3.322852961944603864e-06 -3.540445435209046643e+00 1.222773274874024153e+09
7.966063361598360202e-04 -1.980722548706485231e+00 9.615737375997699701e+02 9.066262214475089623e-07 -4.249123117288162277e+00 1.222773274875373363e+09
7.937680309732617501e-04 -1.993823383612476574e+00 8.820839556147113854e+02 2.283042553822205655e-06 -3.733841798358951358e+00 1.222773274876858473e+09
8.332826831973553193e-04 -1.958596107775330886e+00 7.138838251995174460e+02 1.165987844935897385e-06 -4.109029093031598912e+00 1.222773274877862930e+09
8.161323644230306096e-04 -1.964883803092035919e+00 8.668522796227561003e+02 1.400923987315373538e-06 -4.090664204952038752e+00 1.222773274882313251e+09
8.306161058771881515e-04 -1.960330454866623162e+00 7.412115758180601688e+02 3.884707592069338814e-06 -3.469094229854075451e+00 1.222773274882570028e+09
8.405713006309578714e-04 -1.953698408652327023e+00 6.959388484929748984e+02 4.599797597239688361e-06 -3.152726968577323596e+00 1.222773274882690907e+09
7.855163064608253502e-04 -2.003243349495936521e+00 9.984774754266485388e+02 3.807184326051501137e-06 -3.392467419969976916e+00 1.222773274884261370e+09
7.929410220753275920e-04 -1.987096709984655263e+00 9.646904234756066217e+02 3.382259788321103022e-06 -3.544894607043522328e+00 1.222773274891944885e+09
7.968212744867991413e-04 -1.994353255794826474e+00 9.100179202551958042e+02 2.184563916590634578e-06 -3.690941851092069292e+00 1.222773274893957376e+09
8.063522891101024834e-04 -1.981298625843668226e+00 7.948380975453013662e+02 4.584634034598749499e-06 -2.995499728138147688e+00 1.222773274896099806e+09
8.067555107198426476e-04 -1.983928564202253719e+00 8.826898915971438555e+02 4.746708844410557836e-06 -3.336389692931671647e+00 1.222773274899920940e+09
8.106627251730228389e-04 -1.975301965976241636e+00 8.401093421330690489e+02 1.117189182257138250e-06 -3.920843213765496493e+00 1.222773274900676727e+09
7.880318668551587443e-04 -1.992022227112345778e+00 9.843924702382892065e+02 3.147321596328173506e-06 -3.198455280188357008e+00 1.222773274902109385e+09
8.056085253325914221e-04 -1.983476479424321814e+00 9.111545430053947712e+02 1.949174083509010491e-06 -3.659368572399281483e+00 1.222773274903702021e+09
8.285811598235275684e-04 -1.960176914861219810e+00 7.620203907550859412e+02 2.664781902970837487e-06 -3.745308342295393444e+00 1.222773274905213118e+09
8.072425589965590096e-04 -1.985282967155642009e+00 8.544295017770849654e+02 1.594857655357886024e-06 -4.039808445879359056e+00 1.222773274906575680e+09
8.232741339966701292e-04 -1.962176914608585232e+00 8.212694620756209360e+02 1.618488029627691363e-06 -3.894702924786942688e+00 1.222773274911925554e+09
8.228149166575231613e-04 -1.958621435724340110e+00 7.870225554560379351e+02 2.354784881459712723e-06 -3.530984063477022872e+00 1.222773274916766882e+09
8.229862169169257710e-04 -1.961336907780125038e+00 7.578378373813884537e+02 2.791577186388864908e-06 -3.205757306636979109e+00 1.222773274917226553e+09
8.085617297454319010e-04 -1.971494719481662106e+00 9.366170357029652678e+02 3.720878820420626461e-06 -2.982244530471572119e+00 1.222773274919255018e+09
8.082875071654285586e-04 -1.974819113686896888e+00 9.691293023803063988e+02 7.073595953025081872e-06 -2.911906832205296780e+00 1.222773274921424627e+09
7.886352901886077224e-04 -1.997478024010904463e+00 9.406622569843024166e+02 1.596055258606491224e-06 -4.073519480258773307e+00 1.222773274925379753e+09
8.206041939538804685e-04 -1.961340576688274773e+00 8.609711761471570526e+02 4.800405738791010275e-06 -3.028359097041064985e+00 1.222773274925404787e+09
8.152123377808066351e-04 -1.965137184296616102e+00 8.409251750314754190e+02 9.177786163000351016e-06 -2.442441430423714088e+00 1.222773274930480242e+09
8.086437910633676460e-04 -1.976713507067457298e+00 7.867742943170793524e+02 2.181842170372427144e-06 -3.588812659223069801e+00 1.222773274931468248e+09
7.911030221341888279e-04 -1.997591178659011479e+00 9.887468458664727677e+02 3.262977314053717993e-06 -3.250018011158299913e+00 1.222773274934237242e+09
8.250900170245259978e-04 -1.962313677040103510e+00 7.914321286059450813e+02 3.169179185177008143e-06 -3.167439505434671787e+00 1.222773274938174725e+09
8.066742154177970530e-04 -1.978691385749816511e+00 9.031533937734013762e+02 1.191539516435362706e-05 -2.106086877267768109e+00 1.222773274941451311e+09
8.157606416042666869e-04 -1.967575723031685486e+00 8.119745712939543409e+02 3.554157368910515246e-06 -2.938969346687290596e+00 1.222773274941795826e+09
8.331252272523339110e-04 -1.962744236456358538e+00 6.981960013838737495e+02 4.585078287462047215e-06 -3.300359390176756946e+00 1.222773274946076155e+09
8.033185507899559845e-04 -1.979236971912417431e+00 9.887702963430004957e+02 1.291969642930951538e-06 -3.940068056887168879e+00 1.222773274946078539e+09
8.079156535870852564e-04 -1.972935632563750596e+00 8.318847836770595450e+02 1.485536374377242033e-06 -3.883551636273642416e+00 1.222773274946846008e+09
7.923527391426267354e-04 -1.997575926269475222e+00 9.449164905647311343e+02 1.313382421381093536e-06 -4.180396291369666173e+00 1.222773274952351570e+09
8.343670863106910458e-04 -1.953632149749473523e+00 6.924934715221000943e+02 1.134980376885328898e-06 -4.212080899969055992e+00 1.222773274952960730e+09
8.124062516543327896e-04 -1.980157068803424014e+00 8.360521548311206743e+02 8.069814136074564143e-06 -2.756810889524106578e+00 1.222773274953993797e+09
7.924985795199132729e-04 -1.991253600323840356e+00 9.851697428095513942e+02 9.920965033995673749e-06 -2.614241859173496607e+00 1.222773274954892397e+09
8.260507121980208752e-04 -1.969221841166083120e+00 7.053755286890171874e+02 1.751161171982639671e-06 -3.835419099265437559e+00 1.222773274956433058e+09
8.168526542430166060e-04 -1.964939982345437208e+00 7.825868762741703222e+02 1.914336680465511628e-06 -3.773012890453219192e+00 1.222773274956800461e+09
8.157327417108286086e-04 -1.977050839020567885e+00 7.379691881121312917e+02 4.941977307123974519e-06 -3.150024686110095118e+00 1.222773274956840754e+09
8.276061293648557865e-04 -1.967340350750215405e+00 6.745176894839275974e+02 3.858845302517086952e-06 -3.257837484667284400e+00 1.222773274958965063e+09
8.285937051286954231e-04 -1.963970880877242919e+00 6.713537505429897010e+02 2.364209660771138428e-06 -3.698302729376438336e+00 1.222773274959956169e+09
8.094775769292862069e-04 -1.977006829238372898e+00 8.514043601200055491e+02 2.015868696214614425e-06 -3.425720969646823377e+00 1.222773274962294579e+09
8.027521540473070297e-04 -1.985109934204432491e+00 8.367645417606383944e+02 7.156063979036180871e-06 -2.612370537003396720e+00 1.222773274963243484e+09
8.066403505204122444e-04 -1.976677542798039644e+00 9.455010214126907613e+02 1.990584197399380487e-06 -4.001156702795105602e+00 1.222773274966711760e+09
8.356325501532018557e-04 -1.949646970806950153e+00 7.137761507990204564e+02 5.495877375899627721e-06 -2.924528824093051149e+00 1.222773274970645905e+09
8.240997408265264383e-04 -1.967592263121612728e+00 7.782826442264615707e+02 9.020972102897883220e-06 -2.709912338388385855e+00 1.222773274972216129e+09
8.191434567363940810e-04 -1.974860406355321008e+00 7.544425971863171299e+02 1.498284557436919824e-06 -3.959441638035787747e+00 1.222773274978008032e+09
8.053013101491548597e-04 -1.979276250532734149e+00 8.532387989630400398e+02 1.616287622962866482e-06 -3.612353080462670007e+00 1.222773274978212595e+09
8.124163872352466306e-04 -1.975469718707925315e+00 8.686912198772290594e+02 8.187518323882096764e-07 -4.412525777146580452e+00 1.222773274983247042e+09
8.261254441878913661e-04 -1.964614200218796292e+00 7.629767774280571757e+02 2.507682350521107660e-06 -3.392893516193737469e+00 1.222773274984569311e+09
7.921787724566925135e-04 -1.987934330524086413e+00 9.818895346759709355e+02 6.483417568276036638e-07 -4.768071552569551841e+00 1.222773274987295151e+09
7.977321121486344530e-04 -1.987593235361420074e+00 9.633674120652198098e+02 9.684557397189116974e-06 -2.232227157451873722e+00 1.222773274988270998e+09
7.919122568249868177e-04 -1.993631521004534335e+00 9.702245601029198951e+02 6.519459196374613035e-07 -4.467808958621807491e+00 1.222773274988960505e+09
8.159448658348879236e-04 -1.977037646525753534e+00 7.320398566550140913e+02 3.542133563023786619e-06 -3.397959608859608238e+00 1.222773274991554737e+09
8.057156967034318504e-04 -1.986768466920052489e+00 8.704814343879439775e+02 3.799520647906699473e-06 -3.454618627660497765e+00 1.222773274995520353e+09
8.120716457159940591e-04 -1.976121662977155857e+00 8.920146007347582326e+02 2.298463295212818342e-06 -3.856189432829729924e+00 1.222773274995898724e+09
7.966586383678492516e-04 -1.984923259784789673e+00 9.793703810748002070e+02 5.232792453426662935e-06 -2.585695880084593057e+00 1.222773274995978117e+09
8.350583028077499708e-04 -1.959094345901677858e+00 7.084820886206044861e+02 2.151539479143652365e-06 -3.822421379356671700e+00 1.222773274999521017e+09
8.183236379311200704e-04 -1.971683389088014771e+00 7.977071673581074265e+02 3.672511020384659415e-06 -3.008767986896474511e+00 1.222773275001479149e+09
8.054421737118709146e-04 -1.984285088987430168e+00 9.293427729547245235e+02 5.580262845246345522e-06 -3.153567516566141649e+00 1.222773275001923800e+09
8.052780220217790235e-04 -1.983904792454626254e+00 9.513489356217816066e+02 6.488117027554268517e-06 -2.873082381955105902e+00 1.222773275008564234e+09
8.049774984337580404e-04 -1.988068679825252261e+00 8.270112655100485881e+02 2.672357084812424656e-06 -3.590907567702934067e+00 1.222773275010281324e+09
8.322815587943010150e-04 -1.955747927716830592e+00 7.464351432618857416e+02 4.751883705156953356e-06 -3.251112027460846043e+00 1.222773275016042233e+09
8.201045252678515604e-04 -1.969638728046140930e+00 7.337850690620163050e+02 7.944415770057122994e-07 -4.366765540649656607e+00 1.222773275016203165e+09
8.312541054927247109e-04 -1.955520219105276958e+00 6.951917556276324603e+02 5.628446606330186203e-06 -2.965403225148584454e+00 1.222773275017783403e+09
8.126606175940436026e-04 -1.980286464947705660e+00 8.397746344621880326e+02 2.695167887389338400e-06 -3.612678514498082194e+00 1.222773275018132687e+09
8.184916549922028033e-04 -1.970015465137902932e+00 8.332734844854157927e+02 2.070063166012784155e-06 -3.946445591675494136e+00 1.222773275021402597e+09
8.211250850550950433e-04 -1.961267039185546235e+00 8.508004388871103174e+02 4.338431316569914611e-06 -3.213048240657492727e+00 1.222773275023869991e+09
7.894424345176089680e-04 -1.996428045609566215e+00 9.812659130528438709e+02 7.142468356999933615e-07 -4.439006989027075356e+00 1.222773275024042845e+09
8.008681190226986423e-04 -1.974562902353945493e+00 9.968489981130518345e+02 4.558416726020986254e-06 -3.049788436834590222e+00 1.222773275025058746e+09
8.151793795662221715e-04 -1.970799212236022946e+00 8.076265102328984540e+02 3.637462172086802566e-06 -2.908783604048824856e+00 1.222773275030019283e+09
8.070086335108153219e-04 -1.975164146424633227e+00 8.229492937430483153e+02 1.801592646208228271e-06 -3.701769496643246171e+00 1.222773275031997681e+09
8.177534152623922373e-04 -1.966985075518352888e+00 8.134694250969131417e+02 1.816694252154111308e-06 -3.532558009220007733e+00 1.222773275033153534e+09
8.324941793332551977e-04 -1.960616474845878532e+00 6.860383592578560865e+02 8.995115521030327532e-06 -2.403625804618897632e+00 1.222773275036965370e+09
8.162885167334803065e-04 -1.966894630805072763e+00 8.666421239255267892e+02 8.298802412996834031e-06 -2.347489134982620129e+00 1.222773275039359808e+09
8.151925076218107533e-04 -1.971667316405004255e+00 8.543084672923497465e+02 1.828391737418903033e-06 -3.627101296690452337e+00 1.222773275039501429e+09
8.067747312207970310e-04 -1.975270932364105780e+00 8.747895698272416212e+02 7.412542585169383264e-06 -2.884031924650223289e+00 1.222773275042953491e+09
8.029860602958321285e-04 -1.980142419344602889e+00 9.190966530258523335e+02 1.030197278244087763e-06 -4.504818080227721566e+00 1.222773275045460701e+09
7.994148422242014322e-04 -1.980428443070751721e+00 9.028765096944094921e+02 8.517990213479820853e-07 -4.454448864693607568e+00 1.222773275050257206e+09
8.049479435092775186e-04 -1.976958406432798299e+00 9.414060026080018133e+02 1.394250387695742125e-06 -4.261865608751147505e+00 1.222773275051987886e+09
8.039065411257630784e-04 -1.987035446187977117e+00 9.045487490127906085e+02 2.955516264794694819e-06 -3.399374557059633872e+00 1.222773275057889223e+09
8.013049816251931017e-04 -1.981502160659969203e+00 8.752583197765312661e+02 2.684368620367625182e-06 -3.226049581632301155e+00 1.222773275058370113e+09
7.964966216497954953e-04 -1.985826021629936156e+00 8.818707837046175655e+02 3.294435014030995818e-06 -3.339962600303430840e+00 1.222773275058439493e+09
8.228593891015439574e-04 -1.959754007297728862e+00 7.945514817690116161e+02 9.512889221014982086e-06 -2.417868181448337594e+00 1.222773275062806606e+09
7.893771284367151085e-04 -1.992815754801694927e+00 9.438203994717464411e+02 1.541813087726949869e-06 -3.904367088669784991e+00 1.222773275064254761e+09
8.294175224969370375e-04 -1.959944050685986427e+00 6.974377202923900541e+02 4.926265953273413140e-06 -2.769715694523029903e+00 1.222773275067315340e+09
8.109427734895495801e-04 -1.973597364921707564e+00 9.501804014975009522e+02 7.475519849245019680e-06 -2.730656069897487548e+00 1.222773275068319559e+09
7.948921775885937381e-04 -1.985840323948799391e+00 9.944871036699702245e+02 7.477603510788548727e-07 -4.248130069678494714e+00 1.222773275073714495e+09
8.425671171632504678e-04 -1.949379567932347346e+00 6.631982174740301161e+02 2.674598277596664174e-06 -3.677606552979406196e+00 1.222773275074234009e+09
8.250150010566549954e-04 -1.969709903213587854e+00 7.381701405258751265e+02 7.268757788967263718e-06 -2.886312669489385030e+00 1.222773275075253010e+09
8.056771824077848176e-04 -1.977241816322329981e+00 9.547721614075505840e+02 3.890560757330146673e-06 -2.932303555318702237e+00 1.222773275076455355e+09
8.049327322240890439e-04 -1.976484137665940555e+00 8.895418682801092700e+02 4.252246795353221471e-07 -4.805426550798402197e+00 1.222773275078923225e+09
8.108421846957133538e-04 -1.973786758504373573e+00 9.111889393597227809e+02 2.491014761484098416e-06 -3.818436140366478604e+00 1.222773275080425262e+09
8.133856696458298006e-04 -1.980773310971066348e+00 7.760647853639951563e+02 5.769636166493482986e-06 -2.958005129378217468e+00 1.222773275082288980e+09
8.438732439055952406e-04 -1.947450430967249568e+00 6.484908705372472468e+02 8.080016234338955431e-06 -2.634548383710009212e+00 1.222773275085188866e+09
8.012565072666389321e-04 -1.978417276182972362e+00 9.718459345224138133e+02 4.479278377989461809e-06 -3.349022152228695148e+00 1.222773275086315155e+09
8.146434207429220425e-04 -1.964379042914411233e+00 8.788239024746926589e+02 6.201022681234958483e-06 -2.836398964891237995e+00 1.222773275088006496e+09
8.119857194364434559e-04 -1.974596207062512043e+00 8.725424591043836244e+02 1.239754454951468435e-05 -2.171990546648423503e+00 1.222773275088130951e+09
8.066688805970368813e-04 -1.982812415331815625e+00 9.068288188780063592e+02 1.562801137417382565e-06 -4.137216166765972147e+00 1.222773275088590384e+09
7.993069626079731026e-04 -1.986666976255941242e+00 8.717411898518604403e+02 6.435020101823219863e-07 -4.749918348386003686e+00 1.222773275089367628e+09
8.341827420347252674e-04 -1.959768243764140383e+00 7.097035036654560827e+02 1.761286856347252110e-06 -3.891434696127383575e+00 1.222773275089607954e+09
8.274752549414593700e-04 -1.958364130930655200e+00 8.006153468421339312e+02 5.256805263264419482e-06 -2.883967524162138751e+00 1.222773275092643976e+09
7.986142110515289088e-04 -1.989909853453471156e+00 8.956838748094205584e+02 1.165730276415863364e-06 -4.042823474940628437e+00 1.222773275094466209e+09
8.034954593881757107e-04 -1.977103166884659480e+00 9.977627610738610429e+02 3.766508548598596010e-06 -2.996903492993320484e+00 1.222773275097604752e+09
7.946767053781173722e-04 -1.993929824939973283e+00 9.815417556221020732e+02 5.863113660080500984e-06 -3.145835719772192007e+00 1.222773275103980780e+09
8.431271310195179820e-04 -1.954440682960529418e+00 6.428010816829505529e+02 3.987580517522927753e-06 -3.342746986825771316e+00 1.222773275116305351e+09
7.966237665317976637e-04 -1.982426714017634595e+00 9.672432229710108231e+02 4.608525154291708603e-07 -4.750702176946400179e+00 1.222773275117373466e+09
8.015321132525224683e-04 -1.984444290772463315e+00 9.827573087748676244e+02 9.260122043308845251e-06 -2.366153256754171430e+00 1.222773275117707014e+09
8.197227160839676719e-04 -1.963879382526582562e+00 8.089050793332343119e+02 1.138538826159735173e-06 -4.010474081634475496e+00 1.222773275118107319e+09
7.999047066475585468e-04 -1.985707843504520564e+00 9.850252559061509601e+02 1.150537091740093061e-05 -2.450471168964368118e+00 1.222773275120362997e+09
8.113750423445327499e-04 -1.971092092508744065e+00 9.204976714021429416e+02 1.628337155032865657e-06 -4.055199792674250681e+00 1.222773275124097586e+09
7.966600830546050017e-04 -1.993313098454054799e+00 9.359485944256462062e+02 5.143459799445615920e-06 -2.915747139739726990e+00 1.222773275124301434e+09
8.207154838177431033e-04 -1.964076763088933308e+00 7.427630656876928015e+02 4.717878742334388636e-06 -2.899890860416196148e+00 1.222773275130089283e+09
7.964262938769935216e-04 -1.988905083879372260e+00 9.944866849218730067e+02 4.330358406736139255e-07 -4.938446361916218663e+00 1.222773275130705118e+09
8.103495542681067023e-04 -1.978950263188785197e+00 8.750636096514135716e+02 1.193872716002838025e-06 -4.325112107364780911e+00 1.222773275132660389e+09
8.174031301758597498e-04 -1.963171000932483423e+00 8.807220463916245308e+02 4.638685448847624063e-06 -3.072811309967532267e+00 1.222773275133138657e+09
7.967821367754125044e-04 -1.990787292501455807e+00 8.630868913509133336e+02 4.174701176713077285e-06 -3.239368105976099699e+00 1.222773275133772612e+09
8.108015248476366970e-04 -1.970675064719118019e+00 9.240013613538053505e+02 1.074523152914011828e-05 -2.265020893984454275e+00 1.222773275142101526e+09
8.117413005716036774e-04 -1.967983029852966359e+00 8.488439820003316072e+02 6.805369833474747820e-06 -2.783455153310972818e+00 1.222773275144162893e+09
8.077707989520031611e-04 -1.973563485174425924e+00 9.923289991538083541e+02 4.502336084475591315e-06 -3.181788456717182356e+00 1.222773275145159006e+09
8.465557709752188085e-04 -1.949752748601321528e+00 6.120583580727347908e+02 3.498296011057321751e-06 -3.345728226123817706e+00 1.222773275145369053e+09
7.931228898457649444e-04 -1.988558417761353780e+00 9.144469427740810943e+02 3.017138333711990396e-06 -3.370034699245815446e+00 1.222773275146893740e+09
7.916466793400264148e-04 -1.995652658931565293e+00 9.305995506168378597e+02 6.082648166116353978e-06 -2.813652327721866797e+00 1.222773275154319763e+09
8.081714998635034517e-04 -1.973227509282160508e+00 8.691159877558578728e+02 7.142446898523980596e-06 -2.890617224076331482e+00 1.222773275156366348e+09
8.086408857984946769e-04 -1.970337680858349039e+00 9.159559358771314237e+02 3.625740723091311729e-06 -3.022072176222085460e+00 1.222773275158426523e+09
7.951773646700667064e-04 -1.985743452032919132e+00 9.551989269051400697e+02 8.305793245158272462e-06 -2.357309173115980983e+00 1.222773275159134150e+09
8.436967012061291930e-04 -1.948167960356140593e+00 6.388531056319708341e+02 2.517695273801376340e-06 -3.644033493719653016e+00 1.222773275160465717e+09
8.287586552878093349e-04 -1.955359547475396198e+00 7.315234937545293405e+02 2.671464327023494623e-06 -3.415859728657409278e+00 1.222773275161426783e+09
8.123793306856528064e-04 -1.973902343872085519e+00 8.442565828227762950e+02 1.206811872511279829e-05 -2.132320299120680218e+00 1.222773275164439678e+09
7.917934551914193337e-04 -1.989959238677600162e+00 9.520702141325426737e+02 6.187390913829282322e-06 -2.969740271645176399e+00 1.222773275166285276e+09
7.967794693913422648e-04 -1.985480796603175557e+00 9.522863365840005372e+02 5.750823732586991258e-07 -4.488700593008830175e+00 1.222773275166318655e+09
8.035835025144905976e-04 -1.979468200640202902e+00 9.955565607395400320e+02 3.188047868005552524e-06 -3.192961374233345140e+00 1.222773275166499853e+09
8.197741823760331141e-04 -1.965237761676706274e+00 8.285852483580977150e+02 9.003513768353005887e-07 -4.373809269685186685e+00 1.222773275167942524e+09
7.984405759051279271e-04 -1.992679549476946033e+00 8.671212097385925972e+02 2.181338092170407661e-06 -3.765840256873520531e+00 1.222773275168204069e+09
8.174561213676396132e-04 -1.970517887723611583e+00 7.530189632787888740e+02 4.738973017973061837e-06 -2.801118309054796640e+00 1.222773275169133902e+09
7.989090248037459619e-04 -1.984363584563809457e+00 9.182862241870255957e+02 1.224859941153723955e-06 -4.374394744048061945e+00 1.222773275169374943e+09
8.183253958399590734e-04 -1.969497631506343271e+00 7.830667340288904370e+02 5.498285999306195715e-06 -2.601883709818276103e+00 1.222773275169968843e+09
8.258874035628131337e-04 -1.963993855898366281e+00 8.006069557775167596e+02 3.622787231622693536e-06 -3.346218922481217106e+00 1.222773275171721697e+09
8.218715889605262420e-04 -1.965516628336867022e+00 7.474827048645317973e+02 9.946561490527479652e-07 -4.447179196221440201e+00 1.222773275172672272e+09
7.930490133991555807e-04 -1.987385665269028268e+00 9.722706671724072294e+02 8.766975375408098584e-07 -4.564647138448385988e+00 1.222773275173149586e+09
8.278220702288538501e-04 -1.965233913930802157e+00 6.803193453019279104e+02 3.813970894148977332e-06 -3.133701338157296234e+00 1.222773275175776482e+09
8.103753975312394863e-04 -1.979862003717119512e+00 8.328697727318290163e+02 1.228496509752056954e-06 -4.007813131075439017e+00 1.222773275179631710e+09
8.090978498215678754e-04 -1.978861092045469228e+00 8.863305735044832545e+02 1.270961080850036361e-06 -4.324393201410180687e+00 1.222773275182628870e+09
8.093954962957012299e-04 -1.973796207413640591e+00 8.064477915408962190e+02 3.684000631692430025e-06 -3.076482277677675015e+00 1.222773275182803154e+09
7.989542265537972554e-04 -1.982272565604224157e+00 9.015052664307071382e+02 6.488139743084008347e-06 -2.913464621635672103e+00 1.222773275183314323e+09
7.995841339774856747e-04 -1.985052282566609261e+00 9.065529576695219021e+02 3.777094144037214763e-07 -4.907672628600488807e+00 1.222773275184423685e+09
8.359973557547228798e-04 -1.957356429631871730e+00 6.844985094767433793e+02 4.907144233693352202e-06 -3.261357482786078954e+00 1.222773275186331511e+09
7.995621302073538774e-04 -1.984979058403166796e+00 9.964367435576671141e+02 6.502033622187201857e-06 -3.080871928564112849e+00 1.222773275186550140e+09
8.353324831441872461e-04 -1.956293148545237059e+00 6.854761041797704593e+02 1.774865042613440291e-06 -3.674043140386971551e+00 1.222773275187604189e+09
8.022324752926569564e-04 -1.979751686647861719e+00 9.906997607459951496e+02 6.350866562527566934e-07 -4.689302691401779910e+00 1.222773275188215494e+09
8.019267707471464503e-04 -1.985383340791196716e+00 8.256919939102235730e+02 2.894705036172457235e-06 -3.593226837470663071e+00 1.222773275188340187e+09
8.132841580779182154e-04 -1.979678807956959830e+00 7.653572078453124732e+02 2.010872833247921156e-06 -3.714020178093846880e+00 1.222773275189352036e+09
8.150562898759141630e-04 -1.967047540863711141e+00 9.015890951738879266e+02 3.971892227453142197e-06 -3.343509089933291101e+00 1.222773275191894293e+09
8.144071816248968278e-04 -1.970131809287976488e+00 8.986067971158433920e+02 1.024023625553914127e-05 -2.360837518243922517e+00 1.222773275195814371e+09
8.060962027850602975e-04 -1.981022546624567227e+00 9.714955756027236475e+02 5.491320779147063912e-06 -2.977826946871571678e+00 1.222773275196586847e+09
8.106921191192735911e-04 -1.979040238305421084e+00 8.294442747898810921e+02 7.488240451040440349e-07 -4.432120590921470260e+00 1.222773275199255705e+09
8.068297229145499549e-04 -1.974525554401504568e+00 8.859834676989302125e+02 1.377814986924449332e-06 -3.759143198164943911e+00 1.222773275200747252e+09
8.014317285080194446e-04 -1.982667608124466962e+00 8.988459723222157436e+02 9.431127257396776797e-07 -4.074693174675693363e+00 1.222773275204916000e+09
7.896064396987711965e-04 -1.996137572629858692e+00 9.678789840849300390e+02 1.310304165279782336e-06 -3.931947372985647782e+00 1.222773275211670160e+09
8.212780231364367155e-04 -1.970934441156058092e+00 7.911306972274880991e+02 9.025076961303138653e-06 -2.518870691969741671e+00 1.222773275215905905e+09
7.972252756408556651e-04 -1.991053990032199295e+00 8.594303004777409569e+02 1.752993633162640569e-06 -3.924354689571478261e+00 1.222773275222710848e+09
7.997581277106410218e-04 -1.982491388041597746e+00 9.174075852361611396e+02 4.443885481470890692e-07 -4.738245531963237056e+00 1.222773275223455429e+09
7.889588381808134701e-04 -1.997644640055387555e+00 9.923615573519506370e+02 1.687447308612394883e-06 -3.734973312853889560e+00 1.222773275223674059e+09
8.244514875475559548e-04 -1.967942466011228131e+00 7.468539741289287122e+02 9.948470778265614499e-06 -2.580071043779595286e+00 1.222773275224334478e+09
7.972102854966171435e-04 -1.989671009590827655e+00 8.849647894576406770e+02 1.054813545047936932e-06 -4.131917407604801085e+00 1.222773275224638462e+09
8.280083212371647759e-04 -1.960313661495939552e+00 7.394438103930810939e+02 1.208361122709562407e-06 -3.972120839572139239e+00 1.222773275224909067e+09
8.302398759975445535e-04 -1.962851098958771967e+00 6.985398781524082779e+02 1.796343223951892498e-06 -3.688652330934589330e+00 1.222773275226160765e+09
8.186530658007510480e-04 -1.963555507312130688e+00 8.053302992609976627e+02 4.415460167603819656e-06 -2.840154945283281052e+00 1.222773275227186680e+09
7.979615422204309073e-04 -1.990355110199742983e+00 8.568698302140555825e+02 2.403878191843756364e-06 -3.756438504502991549e+00 1.222773275227840900e+09
8.250605010774941317e-04 -1.959726776252720626e+00 7.499012054259064826e+02 2.354633917954797114e-06 -3.389645460271070831e+00 1.222773275231013536e+09
7.938424154126577301e-04 -1.989010889977656626e+00 9.063291309770836506e+02 1.102403341781230102e-06 -4.236392705577189055e+00 1.222773275231160641e+09
8.327338488339525602e-04 -1.954357947538066131e+00 6.934641935265228767e+02 5.492770593193414577e-06 -2.775743152497165411e+00 1.222773275231423378e+09
8.264533244004689406e-04 -1.959783231118975788e+00 7.196353130007884147e+02 6.966406022101934431e-06 -2.596220220359884756e+00 1.222773275234840393e+09
8.192540171717865079e-04 -1.970688215013896905e+00 7.594453030514237071e+02 6.705883066386297650e-06 -2.516050423286086968e+00 1.222773275235445738e+09
7.944996657017416126e-04 -1.994505816687851762e+00 9.266614396870937753e+02 2.133297048383555004e-06 -3.604912751628419620e+00 1.222773275235883474e+09
8.053728907460220264e-04 -1.986094017615767759e+00 8.077308016073230874e+02 2.012225020257714963e-06 -3.762961521320891123e+00 1.222773275239580631e+09
8.106667088114534675e-04 -1.969722228688943755e+00 8.909715681339562252e+02 1.575509379148550972e-06 -4.082562411556878601e+00 1.222773275242059946e+09
8.357627145546624951e-04 -1.950731311474431573e+00 7.087861798202511636e+02 7.713044941134256379e-06 -2.592565803677898018e+00 1.222773275242995501e+09
8.098194894124708700e-04 -1.971123982197175106e+00 8.604516722460143683e+02 1.735244086885159559e-06 -3.602264899837497758e+00 1.222773275245319843e+09
8.097356839345104919e-04 -1.974490798809870551e+00 8.489092901304397856e+02 9.817132297744058883e-07 -4.045019447964616433e+00 1.222773275246073008e+09
8.101783141988407131e-04 -1.979479034218565303e+00 8.409273134640008038e+02 6.706971241490733917e-07 -4.574874611107151878e+00 1.222773275248523951e+09
8.019393357565130810e-04 -1.980958642480025622e+00 9.090306552193283096e+02 1.283048915982940151e-06 -3.797720211830863057e+00 1.222773275251054287e+09
8.083974926095183677e-04 -1.981573029394775531e+00 8.494525186316059262e+02 4.979718737732657707e-06 -3.305541502297044687e+00 1.222773275252326727e+09
8.069326777181397509e-04 -1.985126806107248676e+00 8.575655555746494656e+02 6.834891402706012474e-06 -2.932337063368406049e+00 1.222773275252562046e+09
8.233745384113450028e-04 -1.971323242914258422e+00 7.325262202878222979e+02 4.279778991133186407e-06 -3.059392974410110710e+00 1.222773275259320259e+09
8.046735581261187792e-04 -1.981135288826247676e+00 9.734482899432531440e+02 5.571178056191519375e-06 -3.168141699243748555e+00 1.222773275260108948e+09
8.153418975069245999e-04 -1.970718569756376048e+00 8.334862972324318662e+02 5.397037441261594407e-07 -4.826686074710339724e+00 1.222773275269032001e+09
7.972762230341058068e-04 -1.989372216348296085e+00 8.818658687710878894e+02 6.553860912020257776e-07 -4.614158957149432361e+00 1.222773275269409895e+09
8.085719958843383274e-04 -1.976759486949856370e+00 8.901272129545970984e+02 4.327674819522933906e-06 -2.807400986894796446e+00 1.222773275269506693e+09
8.266910026979081439e-04 -1.963496457497223568e+00 7.247494751248077591e+02 4.462452412134582319e-06 -3.358639761719274475e+00 1.222773275269936085e+09
8.317128924270843476e-04 -1.959281586733100156e+00 7.423206358175774540e+02 3.545266548314853535e-06 -3.172108621481246615e+00 1.222773275270582676e+09
8.363507212895757289e-04 -1.957357512089126228e+00 7.001987287818319601e+02 3.739306127779117234e-06 -3.452498140949982641e+00 1.222773275270925760e+09
8.466397895840644143e-04 -1.945597701256126744e+00 6.610169085781869853e+02 5.730460175066013171e-06 -2.859350901632566888e+00 1.222773275272236109e+09
8.032990199063537408e-04 -1.978693973568834696e+00 9.628075735675108717e+02 2.617161165240957747e-06 -3.240517426282693236e+00 1.222773275274447203e+09
8.011254344752288771e-04 -1.988699436176156077e+00 8.515887119179134288e+02 2.019746455665711538e-06 -3.653343492713623242e+00 1.222773275276010036e+09
8.312278375435015959e-04 -1.962248741938980690e+00 6.734959627721780180e+02 1.391425390334828649e-06 -4.012873386401084375e+00 1.222773275277190685e+09
8.057903696076508223e-04 -1.980884516286840036e+00 8.446975617623847938e+02 1.560580883666150268e-06 -3.690535600825354479e+00 1.222773275277797699e+09
7.942107858039045313e-04 -1.990150537297635136e+00 9.948025370126765665e+02 1.101319912000614782e-05 -2.498692596040879010e+00 1.222773275278314829e+09
7.911750862937364523e-04 -1.993073819803231173e+00 9.509264142867068585e+02 8.244350826949982524e-07 -4.603021024862310462e+00 1.222773275282209158e+09
8.052050295098233225e-04 -1.978162112566106190e+00 9.480131837478987791e+02 4.895963039382957652e-06 -2.729698531402990014e+00 1.222773275282831907e+09
8.224751820050942930e-04 -1.970538830275353259e+00 7.689401853693179874e+02 4.666252655496287192e-06 -2.957944524869777325e+00 1.222773275287139654e+09
7.966366292581694231e-04 -1.993105919862888431e+00 8.996041321006596263e+02 4.651520773004296286e-06 -3.006300089814490484e+00 1.222773275288034439e+09
8.021211817332007943e-04 -1.988633402025056007e+00 8.612892538019800668e+02 6.681920634975718875e-06 -2.943021396009834589e+00 1.222773275288841963e+09
8.106681502757836361e-04 -1.971385656390872043e+00 9.322093961422830262e+02 1.585126309743565237e-06 -3.887583999602826523e+00 1.222773275292980909e+09
8.162577985629053921e-04 -1.964413743789090505e+00 8.212700137232177440e+02 6.866060457490186673e-06 -2.610532443783159628e+00 1.222773275300277472e+09
7.919792094459317906e-04 -1.989230693921064219e+00 9.546940890836514200e+02 2.044645572271359723e-06 -3.505611848849992995e+00 1.222773275301121950e+09
8.250414720988388535e-04 -1.964887170746668854e+00 7.624151259555127353e+02 1.363233729817767310e-06 -4.238577304095895393e+00 1.222773275302224159e+09
8.219692197261433981e-04 -1.968295800422654285e+00 7.289823138090225711e+02 8.159950732448339426e-07 -4.368276859232676834e+00 1.222773275303647518e+09
7.979236772240258513e-04 -1.989724720527253687e+00 8.525751964798299696e+02 2.004416118742905544e-06 -3.788271220326885569e+00 1.222773275304049253e+09
8.099137378192775667e-04 -1.973274885021324199e+00 8.307122060664717083e+02 9.695924443816345407e-06 -2.467820693644574348e+00 1.222773275306197405e+09
8.332059319730947830e-04 -1.961199222143316323e+00 6.917021466566295658e+02 5.232939457954999785e-06 -2.823585150328764115e+00 1.222773275306668520e+09
7.899059182197885410e-04 -1.997372657775978499e+00 9.298362614567593027e+02 3.704407495299130779e-06 -3.293201283092999532e+00 1.222773275307641268e+09
8.131934989113434771e-04 -1.969587802353320649e+00 9.011912647420487019e+02 4.246044273981527027e-06 -2.930104928401084052e+00 1.222773275308153868e+09
7.997454869180823864e-04 -1.980467302636927496e+00 8.842435602316339782e+02 3.625385012956861673e-06 -3.276613827022972103e+00 1.222773275308644295e+09
8.241953185157880777e-04 -1.967202551654999354e+00 7.088327645322339094e+02 1.392957842362934991e-06 -4.180409650749393080e+00 1.222773275308851719e+09
7.894367746700759391e-04 -1.998232149327210827e+00 9.739134503601675306e+02 8.362639505187731972e-07 -4.497050575596093225e+00 1.222773275310708284e+09
8.091305695523974594e-04 -1.971168942215542952e+00 9.577407391360269457e+02 3.949717545944552772e-06 -3.073500986429705151e+00 1.222773275313505888e+09
7.970523307551175473e-04 -1.985129097024756373e+00 9.504337104947634316e+02 1.623563434152296872e-06 -4.170746655958955884e+00 1.222773275313581228e+09
8.192860864481135491e-04 -1.968391884503335021e+00 7.524901311626309734e+02 6.245418885328976752e-07 -4.701494222850837623e+00 1.222773275316304922e+09
7.954388275009525089e-04 -1.985873042574387570e+00 9.759612668777346016e+02 3.200669531201878788e-07 -5.042141537816481112e+00 1.222773275317541838e+09
7.879325958265850959e-04 -1.994999872367090088e+00 9.870812772848469194e+02 5.045359803132341264e-07 -4.775856601029520476e+00 1.222773275317784071e+09
7.974190370967693987e-04 -1.986738519274023673e+00 9.719050304128315929e+02 1.308181546871624856e-06 -3.825511270333153746e+00 1.222773275318907738e+09
8.173280667931937839e-04 -1.969542709367825495e+00 7.757706533904863591e+02 7.166050366897430600e-07 -4.382877541821303069e+00 1.222773275319411278e+09
8.165896526382619529e-04 -1.974248066767767762e+00 7.407484333650286317e+02 1.069860641329006412e-06 -4.260286682881552878e+00 1.222773275324669361e+09
7.963884600023746034e-04 -1.986892188167943551e+00 9.934957403326319536e+02 9.030368987969247964e-07 -4.600042077759919579e+00 1.222773275326438427e+09
7.989547715292763877e-04 -1.986468708890894774e+00 9.600852878915892461e+02 1.286858385359968292e-06 -3.880643100324684625e+00 1.222773275328191996e+09
8.260150988072410740e-04 -1.958993744389551761e+00 7.826115478591564170e+02 5.389284019036024267e-06 -3.128176436131150595e+00 1.222773275329395771e+09
8.081731858139320872e-04 -1.971753166260546752e+00 8.942945673496543577e+02 1.307681676590654933e-06 -4.211046683897540888e+00 1.222773275333810329e+09
8.429029571650207197e-04 -1.947462042947349037e+00 6.482224151953699902e+02 5.670946910084412242e-06 -2.848051897640528907e+00 1.222773275338609934e+09
8.089649485217027119e-04 -1.983373107609317287e+00 8.446756827934713101e+02 1.696432249805704261e-06 -3.983259437961711669e+00 1.222773275339204788e+09
7.983200034304287250e-04 -1.982055425828204376e+00 9.349848883065658356e+02 2.199518415800747109e-06 -3.372375942925819992e+00 1.222773275340542078e+09
8.457620014682062102e-04 -1.946324842324914872e+00 6.538668256240583787e+02 4.422329827126965033e-06 -3.232081341066237457e+00 1.222773275341190338e+09
8.064835070022341240e-04 -1.975853981697246908e+00 9.737570493991039484e+02 3.263914580630899520e-06 -3.569576237300267962e+00 1.222773275343025446e+09
8.224865470707307157e-04 -1.969132131734893765e+00 7.912448559269995485e+02 6.723883740566857320e-06 -2.981205356677511631e+00 1.222773275345468283e+09
8.253968750266094893e-04 -1.965148364427399930e+00 7.136626511747806489e+02 7.072959573400804635e-06 -2.895797902481855424e+00 1.222773275346134901e+09
8.418940705268753962e-04 -1.947013385081423076e+00 6.710009338484384216e+02 3.080461878502748333e-06 -3.409550372137099217e+00 1.222773275352247477e+09
7.942847603461254983e-04 -1.995124229652605941e+00 9.423034803629482212e+02 1.161957409755928447e-06 -4.315551687559830540e+00 1.222773275353709698e+09
8.070692284667277351e-04 -1.984080352701667271e+00 7.899531541891581128e+02 3.350178695609264900e-06 -3.359419082428766856e+00 1.222773275354348183e+09
7.864763372315757093e-04 -2.001554861880768588e+00 9.950335072583791316e+02 1.688307496216477776e-06 -3.904793257256735650e+00 1.222773275355027199e+09
7.945850444587261932e-04 -1.981552822230086441e+00 9.950214677910547607e+02 1.847790103291868397e-06 -3.821859393880814970e+00 1.222773275355087757e+09
8.049722708292957746e-04 -1.980103699129823980e+00 9.970064623376806594e+02 5.319122114957742687e-06 -2.951421261075891422e+00 1.222773275358717442e+09
8.121304700095582831e-04 -1.972643699543835449e+00 8.266699065535842692e+02 3.916183133921499209e-07 -4.982165998837057685e+00 1.222773275361958981e+09
8.042253683783088603e-04 -1.976756756032593376e+00 9.757094080046708768e+02 1.493980263961022713e-06 -3.804833934779037641e+00 1.222773275362641573e+09
7.943875942410576424e-04 -1.992598526291042393e+00 9.304020720690123198e+02 5.607970492007626718e-07 -4.733826079842598844e+00 1.222773275364286423e+09
7.936742259482212512e-04 -1.994548790823550188e+00 9.075266992931391314e+02 5.482106684682921684e-06 -2.952382915404093922e+00 1.222773275368817091e+09
8.337922999736306542e-04 -1.955176169567009126e+00 6.807947183687857660e+02 1.801578386998509740e-06 -3.722345583163786387e+00 1.222773275372099161e+09
7.878151368585221059e-04 -1.994809338496714712e+00 9.909182777967151878e+02 1.472525515874442934e-06 -3.796387461846110867e+00 1.222773275375893116e+09
8.125833718872894863e-04 -1.973170800755121190e+00 8.010864850782423900e+02 7.994815335058340588e-06 -2.391120423917431737e+00 1.222773275376684666e+09
8.318086492524340032e-04 -1.962245619420307730e+00 7.198364526357504474e+02 2.384121336923272337e-06 -3.600304353687961978e+00 1.222773275377537489e+09
8.102444547773670269e-04 -1.974183393238816642e+00 8.129146888721156756e+02 5.344766883939914018e-07 -4.729525801541856644e+00 1.222773275380271912e+09
8.186969272615582773e-04 -1.972052521111089529e+00 7.870910377679538215e+02 8.294290366329962885e-06 -2.419272942838484042e+00 1.222773275381397247e+09
8.322747986862381658e-04 -1.960083883427275797e+00 7.372005989892659272e+02 2.864664258561619708e-06 -3.460000479152218311e+00 1.222773275381546259e+09
8.010662618383965769e-04 -1.982388576465742291e+00 9.357668557304378965e+02 1.081988763519468342e-06 -3.966171083136062592e+00 1.222773275383682013e+09
7.916546978201966260e-04 -1.987085027982583796e+00 9.695203916139082594e+02 1.639158419431801889e-06 -3.779822041818203360e+00 1.222773275385174751e+09
8.125041180699702761e-04 -1.971022739259767675e+00 9.173713733812336386e+02 1.813127858967934720e-06 -3.906250566600962593e+00 1.222773275386230469e+09
7.921784901144704287e-04 -1.986905086130204001e+00 9.921605510292500867e+02 4.698364204211710534e-07 -4.873477732342342605e+00 1.222773275388306141e+09
8.012030898122490070e-04 -1.987966542322316954e+00 8.631467136453111380e+02 1.841384063393686471e-06 -3.685051599610918771e+00 1.222773275389493465e+09
8.344746656099597069e-04 -1.955700803295057799e+00 7.402329926741236932e+02 6.553932370609010282e-06 -2.742602402968833175e+00 1.222773275392082214e+09
8.221443298938343851e-04 -1.970708790663552090e+00 7.859451104443844542e+02 6.924367829972361865e-06 -2.912669892250471015e+00 1.222773275392370701e+09
8.108749007450055495e-04 -1.967742561371374599e+00 8.673994909690395616e+02 2.720506068963196346e-06 -3.471797197892388276e+00 1.222773275392967939e+09
8.062898977844670670e-04 -1.977242969273363293e+00 8.997593866698218790e+02 9.097746719941587987e-06 -2.724518948844302457e+00 1.222773275393560886e+09
8.433322577497240390e-04 -1.951617986284868156e+00 6.614729022177803017e+02 7.034080175223797009e-06 -2.682911198491179761e+00 1.222773275394747734e+09
8.075908449755301493e-04 -1.974224362299543678e+00 9.066160620757012794e+02 1.332257422285898037e-06 -3.822336284233021964e+00 1.222773275395942688e+09
8.322051829548807698e-04 -1.955508212083971298e+00 6.837217660890755724e+02 3.731898983192246855e-06 -3.266942635215902335e+00 1.222773275397335529e+09
7.893375453519006638e-04 -1.992958034369059384e+00 9.564653275543552127e+02 1.508810900792838725e-06 -3.858521435163325464e+00 1.222773275398532867e+09
8.097836639704514370e-04 -1.975641685584597074e+00 8.092240211104179934e+02 3.986856438082836914e-06 -3.413520079621316761e+00 1.222773275399351597e+09
8.171695188370230092e-04 -1.975761836254537496e+00 7.682946311189843982e+02 1.261095181498483626e-06 -4.110945138526027165e+00 1.222773275401299238e+09
8.423528765906818658e-04 -1.949915910255491047e+00 6.497791767896818556e+02 1.741962670375938540e-06 -3.891253166526017715e+00 1.222773275402454138e+09
8.139026899882026694e-04 -1.969720660016973213e+00 8.911334842033907080e+02 4.488053644381541168e-06 -2.883085046437045662e+00 1.222773275404851675e+09
8.376995250646894443e-04 -1.950884099414936790e+00 6.835740415770693517e+02 2.687334357536615376e-06 -3.373199552720313577e+00 1.222773275405651808e+09
8.246196662752847953e-04 -1.970322285538609552e+00 7.231358387481436694e+02 3.112394158139705202e-06 -3.346856684072438526e+00 1.222773275407446146e+09
7.919820750908072643e-04 -1.991175760874544620e+00 9.466906054049619570e+02 9.149887506613818356e-07 -4.518420240454332770e+00 1.222773275410864830e+09
7.918342723950840770e-04 -1.987111805156623667e+00 9.630697932839672148e+02 2.118224780230245154e-06 -3.786932755336197332e+00 1.222773275413584471e+09
8.196169693737236604e-04 -1.963517616416635025e+00 8.530843840779673428e+02 2.673800520358558266e-06 -3.443153363470587536e+00 1.222773275416541338e+09
8.109030563143999459e-04 -1.971049006902493073e+00 9.081085892243183935e+02 1.067095852598880698e-05 -2.236827254320667535e+00 1.222773275416956663e+09
8.148409351472345489e-04 -1.974426310123755801e+00 8.357601993262916267e+02 8.637331598642081188e-07 -4.450232765096981069e+00 1.222773275418899059e+09
8.084638162120778935e-04 -1.978279828976781785e+00 7.950831125250199420e+02 1.027724019831874566e-06 -4.349055231045235281e+00 1.222773275419376373e+09
8.241485951239500363e-04 -1.960501501701825688e+00 7.747686472187501749e+02 8.463296528322038578e-06 -2.358771079919064206e+00 1.222773275419633389e+09
8.355455775570046466e-04 -1.956657715470227377e+00 7.041088767541625657e+02 1.795442121160302898e-06 -3.965831229704443572e+00 1.222773275427079678e+09
8.015908085290509221e-04 -1.979565754958820811e+00 9.486887648802986632e+02 4.520416777467174388e-06 -3.355931870327495403e+00 1.222773275427427292e+09
8.084036046387340106e-04 -1.978030604162784645e+00 7.946816131446863665e+02 2.860697519944001266e-06 -3.309047339519992192e+00 1.222773275427835464e+09
8.106321174740794416e-04 -1.967923003803062620e+00 9.026440122042824896e+02 2.662696395920902783e-06 -3.569115913563782883e+00 1.222773275430648327e+09
7.994129666248771422e-04 -1.981881335167226865e+00 9.822983809012107486e+02 1.354894273410204100e-06 -3.788063567718475078e+00 1.222773275432876110e+09
8.072686889414045592e-04 -1.973291709348496736e+00 9.455074152242515311e+02 2.568811522851786020e-06 -3.745444915593719948e+00 1.222773275433679104e+09
8.083927506163599832e-04 -1.982964183599866370e+00 8.088213352752127321e+02 2.590152373986120543e-06 -3.440397418507560090e+00 1.222773275436825514e+09
8.221729538204800925e-04 -1.964601039484112022e+00 8.166065844686050923e+02 1.593817510322481835e-06 -3.879211956413759488e+00 1.222773275436896563e+09
8.094894169281927499e-04 -1.978534014276049913e+00 8.290460862524564618e+02 9.280079357350037918e-06 -2.323080157516743682e+00 1.222773275438493967e+09
8.090564254194992705e-04 -1.982451563458630384e+00 8.607373022663763322e+02 2.469340172462464157e-06 -3.564366747809202707e+00 1.222773275439478636e+09
8.056880034867855553e-04 -1.977622218631684525e+00 8.810494576525430830e+02 6.898022825206581133e-06 -2.976064630955658430e+00 1.222773275440378428e+09
8.040312342044946383e-04 -1.977628847013006119e+00 8.640209846816165964e+02 1.488551452930180558e-06 -4.122320149002238310e+00 1.222773275442494392e+09
8.155498583467488691e-04 -1.972038910305020654e+00 7.657170276987369562e+02 8.723584144567897347e-06 -2.515500715896568096e+00 1.222773275444720984e+09
8.120910875119006405e-04 -1.969060498445309726e+00 8.989718243520260330e+02 1.331498104585627128e-06 -4.149678804952952049e+00 1.222773275445457697e+09
8.339923196050346918e-04 -1.954942476618809266e+00 6.766735861732569219e+02 2.968656498854530893e-06 -3.301737071855229466e+00 1.222773275447121620e+09
8.339923196050346918e-04 -1.954942476618809266e+00 6.766735861732569219e+02 2.968656498854530893e-06 -3.301737071855229466e+00 1.222773275447121620e+09
8.457431068706251255e-04 -1.945315628618218273e+00 6.574880433336950318e+02 4.567697443684381923e-06 -3.027607334568124031e+00 1.222773275449718952e+09
8.457431068706251255e-04 -1.945315628618218273e+00 6.574880433336950318e+02 4.567697443684381923e-06 -3.027607334568124031e+00 1.222773275449718952e+09
8.008064130910005777e-04 -1.986203808987601960e+00 8.930433370634024186e+02 1.093546837965772523e-06 -4.453199295013920533e+00 1.222773275450582504e+09
8.008064130910005777e-04 -1.986203808987601960e+00 8.930433370634024186e+02 1.093546837965772523e-06 -4.453199295013920533e+00 1.222773275450582504e+09
7.981675357700588691e-04 -1.985923127261333576e+00 9.305367439423924907e+02 1.525381302786564724e-06 -3.682749288851871583e+00 1.222773275451702356e+09
8.114158914237647830e-04 -1.971203706359358154e+00 8.400918615402090381e+02 7.970744197843482927e-06 -2.359424411437514024e+00 1.222773275453119755e+09
7.969479414176895704e-04 -1.980345340805202969e+00 9.622794708216741810e+02 5.867850198258053823e-06 -2.860774762070914079e+00 1.222773275456235409e+09
8.099033061243865288e-04 -1.977173141029243686e+00 8.757243734867490730e+02 1.577870464687017805e-06 -3.746253598625282955e+00 1.222773275459415674e+09
8.417609140333997403e-04 -1.950756440891157073e+00 6.435305701186402985e+02 3.206077671571801550e-06 -3.492847753122189758e+00 1.222773275459941387e+09
8.217554848186476527e-04 -1.960707033059627236e+00 7.994927598967011591e+02 5.463150303371230282e-06 -2.725573794545203654e+00 1.222773275461104155e+09
7.940192757648496238e-04 -1.989573137122778501e+00 9.607264194780926800e+02 8.492416648883496482e-06 -2.365353790899482611e+00 1.222773275461355686e+09
8.162996025278354984e-04 -1.970156025728610150e+00 8.529976751573555021e+02 1.088961413119522459e-06 -4.190942550021533819e+00 1.222773275462046862e+09
8.195925160963390141e-04 -1.962428033213586831e+00 7.992731334727966441e+02 7.089563558268222306e-06 -2.774483693980011267e+00 1.222773275462265968e+09
7.938146741798007442e-04 -1.984972779232063944e+00 9.847162332013427886e+02 5.991814399744973517e-07 -4.738510295150884843e+00 1.222773275462298393e+09
7.911303362800612207e-04 -1.996080866860007408e+00 9.683823713222299148e+02 7.138419587683581982e-06 -2.647750075298093364e+00 1.222773275464146614e+09
7.924650845708950016e-04 -1.991582615007663426e+00 9.128387901920400509e+02 3.859919180529361499e-06 -3.307692979498471963e+00 1.222773275466986895e+09
8.186976870797288983e-04 -1.971570633335192779e+00 7.203416238945530949e+02 2.772607320600336947e-06 -3.526314818132811446e+00 1.222773275467998505e+09
8.082422442862369954e-04 -1.976683957873066610e+00 8.097268879542519926e+02 7.016510225282944371e-06 -2.771749025893736729e+00 1.222773275471512794e+09
8.217150901390917091e-04 -1.962647211327480212e+00 7.523010389944283816e+02 4.888357534881718074e-06 -2.835111131656004702e+00 1.222773275472306490e+09
8.170312504490375577e-04 -1.964089817496077695e+00 8.490778500715473456e+02 2.266729637989932993e-06 -3.513370751795276803e+00 1.222773275473801613e+09
7.980288999450124970e-04 -1.985966521615069702e+00 8.764002273739356497e+02 1.355198563233927353e-06 -3.938109855154458216e+00 1.222773275474785328e+09
8.151351040418665199e-04 -1.973367394580882284e+00 8.664965243695536401e+02 5.335317341300297415e-06 -2.850874648401530820e+00 1.222773275476154566e+09
8.009787432972390129e-04 -1.980713179383767564e+00 9.446926862725979390e+02 5.366423861888455648e-07 -4.891678785998836432e+00 1.222773275477706432e+09
7.995196229890752038e-04 -1.981372045687995520e+00 9.841993581532877897e+02 2.377260334513420115e-06 -3.872375227551920318e+00 1.222773275477883816e+09
7.903761940474877913e-04 -1.991843555541769728e+00 9.455755112669199889e+02 1.104050468342367164e-06 -4.174537244322990226e+00 1.222773275480025768e+09
8.091491886688644952e-04 -1.972810426009015350e+00 8.669422250782239416e+02 1.286637098731231043e-06 -4.272180476794324555e+00 1.222773275486792803e+09
8.156059124635721023e-04 -1.977397802092060175e+00 8.223559520109049572e+02 3.895329000714740754e-06 -3.306911919595616922e+00 1.222773275487119913e+09
8.070158019394777253e-04 -1.983587179222918273e+00 8.328486253185712940e+02 3.136378238510900408e-06 -3.242880400927771412e+00 1.222773275489800453e+09
8.090881349510322448e-04 -1.979557083261886730e+00 8.708627766158463146e+02 7.273867974805557569e-07 -4.600495244911142478e+00 1.222773275489954948e+09
8.155958963543907900e-04 -1.978323384574795174e+00 7.738265582251931392e+02 6.301817035359709928e-06 -2.945091219215996148e+00 1.222773275494239330e+09
8.225517576782011373e-04 -1.966667127029033679e+00 7.741785607455578884e+02 6.693687041160715892e-06 -2.515525423542334771e+00 1.222773275494682312e+09
8.057723083631191741e-04 -1.979380617736829828e+00 8.387081968036249009e+02 7.009366322955277177e-07 -4.685301446981640083e+00 1.222773275495284557e+09
7.918804016895631369e-04 -1.994122959773827031e+00 9.345149434206609840e+02 2.764986586598230190e-06 -3.717024889192327208e+00 1.222773275495622873e+09
8.116943650642186123e-04 -1.969561493301502431e+00 8.523232984977657907e+02 8.444700196218069569e-06 -2.369411820440379124e+00 1.222773275496496916e+09
7.982824412234823227e-04 -1.992417947581400117e+00 8.802915387406586660e+02 1.923314422948595038e-06 -3.828146065534667741e+00 1.222773275497878551e+09
8.078316231092287766e-04 -1.979814702627924472e+00 8.210949421547695692e+02 3.057123675545400635e-06 -3.161330493784726414e+00 1.222773275498276472e+09
8.125442605613421472e-04 -1.971440305417720307e+00 9.316278783264073127e+02 3.939649800274237676e-06 -3.240574845904029999e+00 1.222773275499511719e+09
7.876427071835572294e-04 -1.999946222361470349e+00 9.938973709972887036e+02 1.171236047517971134e-06 -4.182875075081468275e+00 1.222773275499909639e+09
8.175416026334577551e-04 -1.967777488629395055e+00 8.809291290507973144e+02 5.500521336272372337e-06 -3.055396388360549054e+00 1.222773275500496387e+09
8.044000482106723618e-04 -1.980265365718897552e+00 8.733746283525881609e+02 7.009845595890815983e-07 -4.734267185300889302e+00 1.222773275501597881e+09
8.175862591765878807e-04 -1.968254970750222599e+00 8.178594222254263286e+02 6.628623679132306942e-06 -2.473290762339521720e+00 1.222773275502255201e+09
7.936256973484949809e-04 -1.987772332137625497e+00 9.972024103095768623e+02 1.030439805908068563e-05 -2.231184376185058937e+00 1.222773275503501654e+09
8.160248478820897799e-04 -1.970772776680468796e+00 8.829156803385096737e+02 3.197942194175677888e-06 -3.503299199077356540e+00 1.222773275504468441e+09
8.121604434651383394e-04 -1.981215820904413949e+00 7.763514587846326549e+02 2.263317936828126163e-06 -3.709019404521455066e+00 1.222773275506975889e+09
8.134004468312500992e-04 -1.967330364539789045e+00 8.745924390514187508e+02 1.434599354410024067e-06 -4.083732124981592548e+00 1.222773275507431030e+09
8.133645255555650103e-04 -1.965598150876869621e+00 8.798127967652187635e+02 3.254988470340102854e-06 -3.337609087876566960e+00 1.222773275507996559e+09
8.141776799584733368e-04 -1.967402611939284007e+00 8.992951262960953045e+02 2.088833111790389902e-06 -3.685789211179537617e+00 1.222773275508777142e+09
7.992812034708328406e-04 -1.990556817016388536e+00 9.202474763586814106e+02 1.703371680350023069e-06 -3.839366106370292187e+00 1.222773275509586334e+09
8.146916086550048518e-04 -1.969312566247882312e+00 8.480439771070871302e+02 1.559529419640288033e-06 -4.146323904192435350e+00 1.222773275510955334e+09
8.110269463694841450e-04 -1.968042039818535649e+00 8.553292525349506832e+02 2.929537861886372634e-06 -3.384499278592283389e+00 1.222773275510964870e+09
8.255855789218409036e-04 -1.966836021222753805e+00 7.711963402681618618e+02 6.184499571548818127e-06 -2.793677394181992568e+00 1.222773275511604309e+09
8.281808939763564588e-04 -1.964378052400315822e+00 6.918310613352913379e+02 1.151272037807908061e-06 -4.208990255413759485e+00 1.222773275512997389e+09
8.110513742015671096e-04 -1.968372160983001162e+00 8.582329588398089300e+02 3.973063673476494108e-06 -3.026710604997151499e+00 1.222773275518031597e+09
8.187140009982632211e-04 -1.975966503599366764e+00 7.589174793359248952e+02 5.509865442079602642e-06 -2.984013533648067096e+00 1.222773275524389505e+09
7.980287058293703169e-04 -1.979724874629392950e+00 9.669410048442140351e+02 7.544660371745934779e-06 -2.532789872384642038e+00 1.222773275526160955e+09
8.032119591589978501e-04 -1.977342840491583820e+00 8.730821302705187463e+02 3.240499044848289162e-06 -3.169895483145070081e+00 1.222773275527573347e+09
7.992591877638550004e-04 -1.988023118992401805e+00 9.422318502302368870e+02 7.290114803786438012e-07 -4.687965451001990580e+00 1.222773275533991337e+09
8.034558455830402308e-04 -1.977639815349804264e+00 8.617318739032609756e+02 1.290338825982921250e-06 -4.012367608927842610e+00 1.222773275535275936e+09
8.034558455830402308e-04 -1.977639815349804264e+00 8.617318739032609756e+02 1.290338825982921250e-06 -4.012367608927842610e+00 1.222773275535275936e+09
8.231450321675156745e-04 -1.968102911663926369e+00 7.846932693730309438e+02 3.420876923347014972e-06 -3.550264850970592079e+00 1.222773275535562754e+09
8.231450321675156745e-04 -1.968102911663926369e+00 7.846932693730309438e+02 3.420876923347014972e-06 -3.550264850970592079e+00 1.222773275535562754e+09
8.048079680713193362e-04 -1.980813046158603097e+00 8.214283297231928600e+02 6.065220062021911158e-06 -2.840370155118701945e+00 1.222773275537817717e+09
8.022489061980323920e-04 -1.985123589169870861e+00 9.099737744254653080e+02 1.083659809307720991e-05 -2.480504295669140546e+00 1.222773275538850069e+09
8.178993781374408172e-04 -1.968349512026243309e+00 8.770486650742059282e+02 5.104883404018984942e-06 -3.058443914655139650e+00 1.222773275539642811e+09
7.949598559778209891e-04 -1.982459051685623308e+00 9.739600916761967255e+02 3.585795138474968623e-06 -3.105580923731030119e+00 1.222773275540204048e+09
7.949598559778209891e-04 -1.982459051685623308e+00 9.739600916761967255e+02 3.585795138474968623e-06 -3.105580923731030119e+00 1.222773275540204048e+09
7.986402048277789619e-04 -1.988243381244195307e+00 9.049009492933026877e+02 2.496934079407147382e-06 -3.345585330805572077e+00 1.222773275542276382e+09
8.051088800710942510e-04 -1.974143065914748529e+00 8.957845308975586249e+02 5.662424098221888062e-06 -3.010895329309111190e+00 1.222773275544636250e+09
8.103064247823430931e-04 -1.982230382915764366e+00 7.805266044528572138e+02 4.482628932457820880e-06 -3.215597703587226519e+00 1.222773275550437212e+09
8.030817649137162199e-04 -1.979239308070667613e+00 9.889332705917984185e+02 2.467370308999387231e-06 -3.388830179376236096e+00 1.222773275556532621e+09
8.057515587817673346e-04 -1.975026217186688360e+00 9.139771779013955211e+02 1.060086572851068780e-05 -2.233808345685854846e+00 1.222773275560034037e+09
7.934422912548619138e-04 -1.996820305728474576e+00 9.717896980560373095e+02 4.291436582188342052e-06 -3.249802669429591617e+00 1.222773275564208508e+09
7.952943139151788911e-04 -1.992539122234308957e+00 9.364032653739849366e+02 9.620212864963668003e-07 -4.252605963955182311e+00 1.222773275564384460e+09
8.251621538078352273e-04 -1.966491806233064743e+00 7.003434485032902330e+02 1.320855711301690785e-06 -4.064298185555808018e+00 1.222773275565604448e+09
8.251621538078352273e-04 -1.966491806233064743e+00 7.003434485032902330e+02 1.320855711301690785e-06 -4.064298185555808018e+00 1.222773275565604448e+09
8.081910198812160186e-04 -1.982592923742658053e+00 8.187452580086812759e+02 1.208980047160855926e-06 -4.092170041553117699e+00 1.222773275566133499e+09
8.101260205034954828e-04 -1.976224434822418274e+00 7.986067486048153796e+02 8.085756307715488467e-06 -2.556949110079870024e+00 1.222773275568844795e+09
7.960391895005180466e-04 -1.988726591427429247e+00 9.174201020577318104e+02 8.486390392292712409e-07 -4.258553110953856802e+00 1.222773275573623657e+09
7.960391895005180466e-04 -1.988726591427429247e+00 9.174201020577318104e+02 8.486390392292712409e-07 -4.258553110953856802e+00 1.222773275573623657e+09
8.034342893022384212e-04 -1.980974396737920085e+00 9.235949475330677387e+02 3.714470530821180448e-06 -2.934374408194437400e+00 1.222773275573632717e+09
8.092857265576820476e-04 -1.975490953045880183e+00 8.557686154630430337e+02 9.290080589254476646e-06 -2.243522695180132587e+00 1.222773275575114727e+09
8.012773282979292937e-04 -1.983523920960690745e+00 8.394703493717530591e+02 2.165814262410994300e-06 -3.747897529512998815e+00 1.222773275575271845e+09
8.152622628942500721e-04 -1.965809828281234184e+00 8.465445493050018513e+02 4.684779295469757256e-06 -3.210427651362044443e+00 1.222773275576209068e+09
8.081581077400938748e-04 -1.978156635591649781e+00 8.239599146557527547e+02 2.584010069884031929e-06 -3.791465682685562832e+00 1.222773275576348782e+09
8.026861219879304369e-04 -1.983061649929397152e+00 8.987942018011572145e+02 1.140595723601445126e-05 -2.384145722713133075e+00 1.222773275578099251e+09
8.062712133226152206e-04 -1.981770055900804461e+00 9.258054037082486047e+02 1.474168925663379730e-06 -4.005999652945591905e+00 1.222773275578207970e+09
8.077640343470127420e-04 -1.978268170108824275e+00 8.772194728379188291e+02 1.465901251195839737e-06 -3.755491095523966649e+00 1.222773275580183983e+09
8.049466678324249547e-04 -1.981062032386613936e+00 8.124861170708267082e+02 1.580356096946632081e-06 -3.909367582949805353e+00 1.222773275582453728e+09
8.020949989138075140e-04 -1.982899194828649847e+00 8.818348509826515738e+02 3.797648235447354971e-07 -5.009357005746326585e+00 1.222773275583865166e+09
8.360450638304896091e-04 -1.953384474716378438e+00 6.776470581235674899e+02 4.690140598130130824e-06 -3.194159590145459582e+00 1.222773275588460207e+09
8.318013970175641833e-04 -1.963066050931341788e+00 6.990455296337948994e+02 2.698156506816310049e-06 -3.697619654566662639e+00 1.222773275590086460e+09
8.220238868830429847e-04 -1.963654433739626892e+00 7.300755084371336352e+02 3.159442396636668327e-06 -3.321450246241594684e+00 1.222773275590616465e+09
8.129563423034451243e-04 -1.971835530597980668e+00 8.801774924448775437e+02 4.440365812192223908e-06 -2.855979248353849087e+00 1.222773275591088772e+09
8.081096792508236622e-04 -1.982127039339380614e+00 8.198235477382600038e+02 1.092176643262979565e-06 -4.155049863040973790e+00 1.222773275596223116e+09
8.354520292327924933e-04 -1.954826794335072560e+00 6.968890267732775783e+02 7.381475302986283421e-06 -2.500155840472915614e+00 1.222773275599406719e+09
8.124487492866500982e-04 -1.970894077608522421e+00 7.998175803185671384e+02 9.857744805648436205e-07 -4.297239041520590774e+00 1.222773275600999117e+09
8.054365840871549219e-04 -1.974303637793463295e+00 9.998306878349565068e+02 2.736660655751556759e-06 -3.482592781015561023e+00 1.222773275604187727e+09
8.087562379504964309e-04 -1.969635011248357603e+00 9.150882784597833961e+02 1.986648122831196431e-06 -3.720327209180599226e+00 1.222773275604605675e+09
7.960537230069096755e-04 -1.985276703782699936e+00 9.627154102403766274e+02 6.705089419127161906e-06 -2.470272503701115951e+00 1.222773275608099222e+09
7.960537230069096755e-04 -1.985276703782699936e+00 9.627154102403766274e+02 6.705089419127161906e-06 -2.470272503701115951e+00 1.222773275608099222e+09
7.963687565853816821e-04 -1.982988856934928545e+00 9.720422166896712497e+02 7.128237312740390685e-07 -4.378094246462389094e+00 1.222773275609862804e+09
7.913823997342049176e-04 -1.990982731943388151e+00 9.508662965617086229e+02 3.938246711426335801e-06 -3.019851908450408295e+00 1.222773275612212181e+09
7.890103047364383773e-04 -1.997677167295418998e+00 9.892602364904855676e+02 7.150400270682534594e-07 -4.608527616564659368e+00 1.222773275613850832e+09
8.024482382833132048e-04 -1.979307805101025330e+00 9.290816334827044329e+02 5.362942224052642038e-06 -3.203247323669815572e+00 1.222773275618733168e+09
8.224841518208041461e-04 -1.968659698586457063e+00 7.706549647912900127e+02 5.320961142891120412e-06 -2.771360673064489077e+00 1.222773275619297743e+09
8.069282090158486249e-04 -1.982262781852785594e+00 8.728558997810390565e+02 6.671215734415003238e-06 -3.033166535419391963e+00 1.222773275619535446e+09
8.321902775609615324e-04 -1.956498591427858980e+00 7.475143850634992759e+02 2.293582412074966323e-06 -3.703469116093059732e+00 1.222773275619901419e+09
7.921352903437591441e-04 -1.991671462007795546e+00 9.480818967223866593e+02 7.982252381922224651e-06 -2.598553618020123857e+00 1.222773275621080875e+09
7.921352903437591441e-04 -1.991671462007795546e+00 9.480818967223866593e+02 7.982252381922224651e-06 -2.598553618020123857e+00 1.222773275621080875e+09
8.196710299965671940e-04 -1.964270293485310237e+00 7.741991219991598427e+02 1.107838321945608097e-06 -4.253726272437903688e+00 1.222773275624569654e+09
8.235632188035271924e-04 -1.967752437335836158e+00 7.694753903268342583e+02 3.229433487099294685e-06 -3.217610009971677343e+00 1.222773275625903368e+09
8.221009617198062015e-04 -1.961808226545925127e+00 8.196994664888907209e+02 9.644748523583401677e-06 -2.428319798658790774e+00 1.222773275629871368e+09
7.982643543166531921e-04 -1.988170284003491606e+00 9.125963421163470457e+02 5.057618931244298101e-07 -4.905785685008957842e+00 1.222773275630014658e+09
8.040318728189867637e-04 -1.981151694490519866e+00 8.677770643855916433e+02 2.807385018810384453e-06 -3.185439527148179018e+00 1.222773275633527994e+09
8.308064259715981781e-04 -1.958279434346421155e+00 6.825078979282325236e+02 4.008189215703740765e-06 -3.254273995321569579e+00 1.222773275636232615e+09
8.028451930951326044e-04 -1.983015966667567742e+00 9.082765768962623270e+02 5.183531133500751660e-07 -4.698094620234942731e+00 1.222773275637866974e+09
8.260790221422340809e-04 -1.958448910501008111e+00 8.035635363502887003e+02 3.922960917773712890e-06 -3.254841075018713781e+00 1.222773275639040947e+09
8.321150098217335121e-04 -1.958595754295717528e+00 7.321926436470332646e+02 1.714700285746242958e-06 -3.856697742766995951e+00 1.222773275639684200e+09
8.021803779162195794e-04 -1.981478706949348467e+00 9.181696889278435947e+02 5.404803908601338652e-07 -4.898932726219904943e+00 1.222773275641085625e+09
8.114945649816591739e-04 -1.976701602559996829e+00 8.187342252956376569e+02 9.466667646104545130e-06 -2.646117740102916116e+00 1.222773275641817570e+09
8.115232301267242924e-04 -1.972886192993305698e+00 9.371956526401811516e+02 7.033377416511760045e-06 -2.786405543274807606e+00 1.222773275641927481e+09
8.115232301267242924e-04 -1.972886192993305698e+00 9.371956526401811516e+02 7.033377416511760045e-06 -2.786405543274807606e+00 1.222773275641927481e+09
7.933634628896078832e-04 -1.990512627518528754e+00 9.155239687551694487e+02 2.954475007597916656e-06 -3.304857968124853329e+00 1.222773275642607927e+09
8.057620260879581973e-04 -1.978011954553264395e+00 8.210816997785010471e+02 2.169223485451249478e-06 -3.762067635282729583e+00 1.222773275643310547e+09
8.057620260879581973e-04 -1.978011954553264395e+00 8.210816997785010471e+02 2.169223485451249478e-06 -3.762067635282729583e+00 1.222773275643310547e+09
8.293595849490547961e-04 -1.962114668011227359e+00 7.353191454382947541e+02 7.168575041357622237e-06 -2.924221842503325064e+00 1.222773275646294117e+09
8.195786945415046640e-04 -1.972112315339024979e+00 7.894998424908517336e+02 8.664682165335519724e-06 -2.725053381521219009e+00 1.222773275648333788e+09
8.118408903983202664e-04 -1.973522061368487179e+00 8.764974681369536711e+02 4.611290571326227117e-06 -2.804235671126312113e+00 1.222773275650164366e+09
7.959399500666699320e-04 -1.993153834527618518e+00 9.466614453836210714e+02 6.092755166042633417e-06 -3.068579265354888896e+00 1.222773275650494337e+09
7.968240697790911556e-04 -1.984761172410246743e+00 9.600959143081512366e+02 9.620362096056076096e-07 -4.076142725517349241e+00 1.222773275650519609e+09
8.060519099333599002e-04 -1.981238775635201232e+00 9.578286281876917201e+02 3.167108989668663082e-06 -3.425097456783498195e+00 1.222773275658646584e+09
8.183375492149557763e-04 -1.966586993674489303e+00 7.871496113709708879e+02 9.985943333286970034e-07 -4.122715298361780967e+00 1.222773275660855055e+09
8.110469091806328523e-04 -1.972108269132629044e+00 9.374763176127133875e+02 2.525303511567074495e-06 -3.587260549933410481e+00 1.222773275662056446e+09
8.363144509841085672e-04 -1.954440987756253190e+00 6.645992183139283043e+02 4.329048809674756501e-06 -3.243678118354060835e+00 1.222773275665863037e+09
8.363144509841085672e-04 -1.954440987756253190e+00 6.645992183139283043e+02 4.329048809674756501e-06 -3.243678118354060835e+00 1.222773275665863037e+09
8.147734501924590225e-04 -1.975665921205975950e+00 7.541215319088389606e+02 1.826360148555665536e-06 -3.734645805919402761e+00 1.222773275667076349e+09
8.049829666327525590e-04 -1.982079497446391336e+00 8.637954165799781094e+02 4.600403968798448012e-06 -2.808283158277903979e+00 1.222773275669406891e+09
8.228134156839233019e-04 -1.971082348128673001e+00 7.434051240147654198e+02 4.322202549478641933e-06 -3.047123982212179172e+00 1.222773275669671059e+09
8.302775399999414970e-04 -1.965820524899463351e+00 6.857343340090520769e+02 3.550305960150111750e-06 -3.320350183709840586e+00 1.222773275670399666e+09
8.064892080907296208e-04 -1.973585551426240592e+00 9.919558422969175808e+02 7.122916693817377808e-06 -2.704083576045829496e+00 1.222773275671566963e+09
8.098526103922270084e-04 -1.976147528048052049e+00 8.702360230867981272e+02 5.260268730883738403e-06 -2.671003471039044896e+00 1.222773275674823999e+09
7.929180078424250466e-04 -1.994513306921323004e+00 9.121755502124830173e+02 1.758766627535422614e-06 -3.997123150613415277e+00 1.222773275675293446e+09
7.928848070006762382e-04 -1.991553239903594674e+00 9.569642499711522987e+02 8.782366229302426521e-06 -2.649305210597191262e+00 1.222773275677643538e+09
7.911220858924697917e-04 -1.994484018638522205e+00 9.561574713611561265e+02 3.242455054797031841e-06 -3.185612940861489939e+00 1.222773275682158232e+09
7.911220858924697917e-04 -1.994484018638522205e+00 9.561574713611561265e+02 3.242455054797031841e-06 -3.185612940861489939e+00 1.222773275682158232e+09
8.075777924351024237e-04 -1.976255218463643049e+00 9.519399637324313517e+02 1.476313797557160616e-06 -3.983102037896632197e+00 1.222773275686994791e+09
8.075777924351024237e-04 -1.976255218463643049e+00 9.519399637324313517e+02 1.476313797557160616e-06 -3.983102037896632197e+00 1.222773275686994791e+09
8.221541820058652023e-04 -1.966860729531755947e+00 7.669633610027732402e+02 1.453014623386969649e-06 -4.205170955908891450e+00 1.222773275687478542e+09
8.119205276547744122e-04 -1.967806449918949374e+00 8.470574805653182011e+02 2.281795666299228853e-06 -3.646808149673590904e+00 1.222773275688801050e+09
7.961575758178979483e-04 -1.991420032009616481e+00 9.970698821992060630e+02 9.225421207572085381e-06 -2.578935019162411635e+00 1.222773275691353083e+09
8.021393344194418986e-04 -1.979012291327860940e+00 9.143503151823749704e+02 4.997616570139711717e-07 -4.863309167552126056e+00 1.222773275692543745e+09
7.906089518954293859e-04 -1.988935917649795382e+00 9.714473375131547073e+02 4.782562801319076267e-06 -3.052251121908297726e+00 1.222773275693150759e+09
7.889222453957021918e-04 -1.999591149092515785e+00 9.953447593516563074e+02 1.560773075280782955e-06 -4.091310295501106253e+00 1.222773275694376469e+09
7.924230990698102970e-04 -1.988231834950124899e+00 9.360928460915736196e+02 2.475205731094776812e-06 -3.602205900542957195e+00 1.222773275696582794e+09
8.015483213817994456e-04 -1.985365710527596583e+00 8.802068697370200425e+02 1.325873142823754009e-06 -3.883903749939762839e+00 1.222773275697324753e+09
8.015483213817994456e-04 -1.985365710527596583e+00 8.802068697370200425e+02 1.325873142823754009e-06 -3.883903749939762839e+00 1.222773275697324753e+09
8.001870733549937926e-04 -1.985100671904930003e+00 9.495308335504314527e+02 4.767480025588442103e-07 -4.918565798525914801e+00 1.222773275698950052e+09
8.259280148472888418e-04 -1.958664932631473343e+00 7.842111940779016095e+02 5.063894809354688308e-06 -3.142488872659360943e+00 1.222773275699333429e+09
7.855312789421696126e-04 -2.000683821098887094e+00 9.923028481835884804e+02 2.504452550979873914e-06 -3.539624696125839520e+00 1.222773275701980591e+09
7.840632414981884082e-04 -2.001031592081210508e+00 9.979346668290575053e+02 3.100656511693195375e-06 -3.487352738990806778e+00 1.222773275702163219e+09
7.959701111138658405e-04 -1.986924454766033854e+00 9.911666973755084200e+02 1.190959691030503211e-05 -2.256143674095204332e+00 1.222773275707450867e+09
7.963364162065809460e-04 -1.981719223618247039e+00 9.762480328134857928e+02 2.128697953998731607e-06 -3.474455060538854667e+00 1.222773275708387136e+09
7.963364162065809460e-04 -1.981719223618247039e+00 9.762480328134857928e+02 2.128697953998731607e-06 -3.474455060538854667e+00 1.222773275708387136e+09
8.024895562184638457e-04 -1.977296527344711174e+00 9.814515508691940795e+02 1.064813783114679872e-05 -2.275871529820818751e+00 1.222773275711639404e+09
7.999767287719536856e-04 -1.980997271613299526e+00 8.981502678420371240e+02 7.446102083141052364e-07 -4.471493822659422968e+00 1.222773275712905884e+09
8.144444146118739103e-04 -1.971643004748959704e+00 7.815896241203214458e+02 7.984414141158046712e-06 -2.702928467309705596e+00 1.222773275714004278e+09
8.311473357819458303e-04 -1.958943650690477600e+00 7.224592315215992357e+02 8.909933361999968366e-06 -2.375769594239558025e+00 1.222773275714671612e+09
8.407508226205054856e-04 -1.949055327857796227e+00 6.716454439201166906e+02 2.540483665066032997e-06 -3.528348493575037992e+00 1.222773275715083361e+09
8.402732643475482963e-04 -1.953246748138508071e+00 6.393951706204544507e+02 2.969332848300743953e-06 -3.478336064387439919e+00 1.222773275718736410e+09
7.984924614750675076e-04 -1.989744363712164121e+00 9.260011092586003087e+02 1.808658983365710195e-06 -3.697953967597275238e+00 1.222773275720537186e+09
8.029787722226341268e-04 -1.974410221020646894e+00 9.340599942918728402e+02 4.889401716407532981e-06 -2.924311251745615792e+00 1.222773275722891331e+09
8.029787722226341268e-04 -1.974410221020646894e+00 9.340599942918728402e+02 4.889401716407532981e-06 -2.924311251745615792e+00 1.222773275722891331e+09
8.100109641384357602e-04 -1.978550750765408317e+00 8.012369838924930718e+02 1.183300513050129550e-06 -4.024483482291270064e+00 1.222773275728508949e+09
8.292583430137653215e-04 -1.963013510640922554e+00 7.215395011024089627e+02 2.709248891379470592e-06 -3.731254563365801857e+00 1.222773275731519222e+09
8.013757585962414916e-04 -1.986470765058810262e+00 8.642495991847699770e+02 6.970551381299472038e-07 -4.651545588118665364e+00 1.222773275733191729e+09
8.076775921167639576e-04 -1.980079261780586908e+00 8.811194829156025889e+02 1.135414348502901886e-05 -2.343444198732781203e+00 1.222773275736079693e+09
7.964221405689767865e-04 -1.984544003734134199e+00 9.144773411234224341e+02 1.116367181465584446e-06 -4.264220536299341724e+00 1.222773275739788055e+09
8.027813446036189933e-04 -1.976148607033157312e+00 8.967693209635281164e+02 3.023837069776428793e-06 -3.282654241750759816e+00 1.222773275740070343e+09
8.256774578437235754e-04 -1.968313911840727570e+00 7.202459404704636654e+02 3.724157552778747723e-06 -3.151989708918815580e+00 1.222773275741669178e+09
7.932561850529419329e-04 -1.989981648069793829e+00 9.283664059420849526e+02 3.317846117076019219e-06 -3.527155002737806022e+00 1.222773275744669199e+09
8.021070483987813304e-04 -1.985853601447259198e+00 8.801701847496842674e+02 6.769324471482416678e-06 -2.585651074050723253e+00 1.222773275746207237e+09
8.021070483987813304e-04 -1.985853601447259198e+00 8.801701847496842674e+02 6.769324471482416678e-06 -2.585651074050723253e+00 1.222773275746207237e+09
8.010788873747074499e-04 -1.982358620915205982e+00 8.843855288433077249e+02 6.546483745060346154e-07 -4.483618370691673682e+00 1.222773275746644020e+09
8.040193164353262936e-04 -1.982108207576354086e+00 8.509031617227515198e+02 1.366032818030433009e-06 -4.256977709780546348e+00 1.222773275746707439e+09
8.128706241124652012e-04 -1.978359338524051436e+00 7.804976304335136774e+02 7.508595330675309924e-06 -2.655003557587955143e+00 1.222773275749937057e+09
8.087095492478757084e-04 -1.978863010895113517e+00 8.447095538442915768e+02 5.969285091683126128e-06 -3.131645819332754321e+00 1.222773275755937338e+09
8.087095492478757084e-04 -1.978863010895113517e+00 8.447095538442915768e+02 5.969285091683126128e-06 -3.131645819332754321e+00 1.222773275755937338e+09
7.946815005173029408e-04 -1.988243787021120923e+00 9.595151274322765858e+02 1.586804507140347998e-06 -4.176724006114333143e+00 1.222773275756142378e+09
7.905591978616452855e-04 -1.994476705548039686e+00 9.807126142325989804e+02 7.106161534186946365e-06 -2.577695843932630737e+00 1.222773275757545233e+09
8.144973087648993545e-04 -1.976034658701716573e+00 8.139519167983642092e+02 2.249867919065612903e-06 -3.905051419155296522e+00 1.222773275757755756e+09
8.221145844310357755e-04 -1.968790399737366803e+00 8.022172540155074785e+02 3.397916007863946762e-06 -3.304736761904748299e+00 1.222773275760948658e+09
8.221145844310357755e-04 -1.968790399737366803e+00 8.022172540155074785e+02 3.397916007863946762e-06 -3.304736761904748299e+00 1.222773275760948658e+09
8.133879469861525231e-04 -1.969499156760845526e+00 9.193133887646430367e+02 7.260227992877584861e-06 -2.698577575850180210e+00 1.222773275762471676e+09
8.105992113118588079e-04 -1.978267237940906753e+00 8.888989557860035120e+02 8.809330013825641988e-06 -2.677418440944183686e+00 1.222773275767449379e+09
8.053009473274304808e-04 -1.972192102623810950e+00 9.677433419598894488e+02 5.525602217696860758e-06 -2.930991189640679728e+00 1.222773275774119377e+09
8.053009473274304808e-04 -1.972192102623810950e+00 9.677433419598894488e+02 5.525602217696860758e-06 -2.930991189640679728e+00 1.222773275774119377e+09
8.181397075765349698e-04 -1.971986666776540220e+00 7.784819821868067038e+02 2.506926992780045092e-06 -3.827168192768153787e+00 1.222773275776493549e+09
8.261480218344658408e-04 -1.957707431932588893e+00 7.764679254563303630e+02 3.059020948833221681e-06 -3.491471793335064078e+00 1.222773275776827335e+09
8.259789912693250857e-04 -1.963958286699195810e+00 7.150964575781276835e+02 8.094033753576188094e-06 -2.498822316637804519e+00 1.222773275778122425e+09
8.129056619959293710e-04 -1.967618189800717676e+00 8.362695788463206554e+02 4.366777940606640208e-06 -2.949865000214336064e+00 1.222773275779819250e+09
8.193387067099367404e-04 -1.964729139119958834e+00 7.594584645975012336e+02 5.158049906182056157e-06 -2.901148129038482182e+00 1.222773275780792475e+09
8.075888203385452827e-04 -1.972248832457533796e+00 8.703600348351081948e+02 5.311567694402381322e-06 -2.781627771035800833e+00 1.222773275780904055e+09
8.168498478301338154e-04 -1.966185375681472891e+00 8.152465201248255653e+02 7.362537750567790915e-06 -2.453425775211209192e+00 1.222773275782465219e+09
7.958835677471243208e-04 -1.988444138306141085e+00 9.767258634243264623e+02 4.351229529522884998e-07 -4.868311943601291603e+00 1.222773275783360481e+09
7.958835677471243208e-04 -1.988444138306141085e+00 9.767258634243264623e+02 4.351229529522884998e-07 -4.868311943601291603e+00 1.222773275783360481e+09
8.391892692780134663e-04 -1.952956537573502072e+00 6.989728124648411267e+02 5.165573008269666132e-06 -2.944987769394940003e+00 1.222773275783394575e+09
8.391892692780134663e-04 -1.952956537573502072e+00 6.989728124648411267e+02 5.165573008269666132e-06 -2.944987769394940003e+00 1.222773275783394575e+09
7.970000787151226016e-04 -1.992061225841190275e+00 8.946410524558389170e+02 1.302235907845451876e-06 -4.093299127209446553e+00 1.222773275784106016e+09
7.941844948656788961e-04 -1.994433304992595968e+00 9.346452584534108610e+02 1.060855254037365986e-06 -4.347786188044689304e+00 1.222773275786582708e+09
8.251337518338371872e-04 -1.965677715707391915e+00 7.831176204173798396e+02 7.697965407746542029e-06 -2.617024064079192414e+00 1.222773275787070513e+09
8.251337518338371872e-04 -1.965677715707391915e+00 7.831176204173798396e+02 7.697965407746542029e-06 -2.617024064079192414e+00 1.222773275787070513e+09
8.108613925206858367e-04 -1.974123741307212132e+00 8.412052940350549761e+02 5.066867782105887538e-06 -2.680292389169698808e+00 1.222773275789669752e+09
7.911135487282981238e-04 -1.991624268873816384e+00 9.727010796258356322e+02 6.469501699813348119e-06 -2.612428718498442493e+00 1.222773275790290594e+09
8.125511078130843133e-04 -1.971340316721999386e+00 9.103171094953178226e+02 2.243344054486791646e-06 -3.790646467387049690e+00 1.222773275791785717e+09
8.038238709680864489e-04 -1.975817897123218092e+00 9.318177456322436001e+02 4.432800903469078940e-06 -2.823654725083711625e+00 1.222773275797668457e+09
8.147782797224122769e-04 -1.970882479299879364e+00 8.455635862239571452e+02 8.265099075965788448e-07 -4.542671103148359535e+00 1.222773275797708511e+09
8.089863599030257127e-04 -1.981335335380845164e+00 8.021658321305696973e+02 1.019872060832514215e-06 -4.286269086457745736e+00 1.222773275799741983e+09
8.239198602764816670e-04 -1.968952064550703707e+00 7.174060382818295238e+02 1.311224509868250391e-06 -4.172221965957085388e+00 1.222773275804819107e+09
7.947625102634631742e-04 -1.991102160457407955e+00 9.099352202311380324e+02 3.978168364501736891e-06 -3.051492552770477928e+00 1.222773275806140423e+09
7.960448439905765203e-04 -1.988985773163058246e+00 8.920608465998664087e+02 1.198392233842400021e-06 -4.266557629747242508e+00 1.222773275809544563e+09
7.889348593095173471e-04 -1.992314176104153844e+00 9.966360030787978985e+02 1.783763024462543401e-06 -3.630205646251822849e+00 1.222773275812340260e+09
8.318827583188984943e-04 -1.962065204475952340e+00 6.925778320848137355e+02 1.488842048576580728e-06 -4.014372300166877849e+00 1.222773275812856436e+09
7.984444661675681306e-04 -1.988376731582132351e+00 9.171869526903154792e+02 9.158821689935769486e-07 -4.233580469631936793e+00 1.222773275812879801e+09
7.992799822069733768e-04 -1.989217433728458717e+00 8.691432808057761576e+02 4.000629266712715057e-06 -3.092951144041563794e+00 1.222773275814287186e+09
8.098044745553621433e-04 -1.972883784359361403e+00 8.909985566708521674e+02 1.045190384451601820e-05 -2.500396918030743265e+00 1.222773275820388079e+09
8.076869854010994276e-04 -1.976958706288351131e+00 8.540346168244432192e+02 2.657405287510685455e-06 -3.224165549384715668e+00 1.222773275820417404e+09
8.257748623545510883e-04 -1.960435516746436679e+00 7.200756411911286250e+02 2.412906280470187278e-06 -3.643810328137139010e+00 1.222773275821198225e+09
8.061703827735517205e-04 -1.972643452131785269e+00 9.071993650372520506e+02 6.811730851557567630e-06 -2.790817674045714014e+00 1.222773275822583199e+09
8.061703827735517205e-04 -1.972643452131785269e+00 9.071993650372520506e+02 6.811730851557567630e-06 -2.790817674045714014e+00 1.222773275822583199e+09
8.116990397130047306e-04 -1.968048197311419889e+00 8.795775064830249903e+02 4.314971036235573148e-06 -2.943381240600593252e+00 1.222773275822752476e+09
7.983822018069142113e-04 -1.985467460142581242e+00 8.716029732605792333e+02 1.870627291030697886e-06 -3.896597299843582718e+00 1.222773275824684381e+09
8.391106481710397438e-04 -1.952468178616015848e+00 6.854123088944916162e+02 3.356004550084527875e-06 -3.488252430183562680e+00 1.222773275824947834e+09
8.120731727305853303e-04 -1.972212020164866964e+00 8.466823148990270056e+02 5.783382627524590960e-07 -4.622803491089653605e+00 1.222773275825010300e+09
8.088956811623541823e-04 -1.976924885043142233e+00 8.959790276021666386e+02 2.470046871517122029e-06 -3.842863932047586140e+00 1.222773275827746630e+09
8.433179208490274590e-04 -1.949454355628795543e+00 6.428283554837644260e+02 2.629037976953659842e-06 -3.559650282831997359e+00 1.222773275828784704e+09
8.433179208490274590e-04 -1.949454355628795543e+00 6.428283554837644260e+02 2.629037976953659842e-06 -3.559650282831997359e+00 1.222773275828784704e+09
8.247775661071260825e-04 -1.968957943775603958e+00 7.082729737376350840e+02 1.717412276927387279e-06 -3.891618858340634368e+00 1.222773275829296589e+09
8.255398384553718893e-04 -1.962915870986317035e+00 7.465503765430895555e+02 7.358379613782528196e-06 -2.456266672634582093e+00 1.222773275830194712e+09
8.255398384553718893e-04 -1.962915870986317035e+00 7.465503765430895555e+02 7.358379613782528196e-06 -2.456266672634582093e+00 1.222773275830194712e+09
8.009926375219008753e-04 -1.981054921598177199e+00 9.643427755711630880e+02 1.564574685373315995e-06 -3.694949792838718494e+00 1.222773275836461306e+09
7.924022739582964716e-04 -1.993533713253413220e+00 9.268518949857278812e+02 9.467952677759396368e-07 -4.339864286138633176e+00 1.222773275838175058e+09
7.994672434780630095e-04 -1.978606972328454949e+00 9.523759968779189649e+02 1.020027937201079259e-06 -4.252544774916289683e+00 1.222773275838786602e+09
7.922047108834039206e-04 -1.992726233275593950e+00 9.533285369906775486e+02 7.016767446916405116e-06 -2.610236247777663721e+00 1.222773275840144634e+09
7.922047108834039206e-04 -1.992726233275593950e+00 9.533285369906775486e+02 7.016767446916405116e-06 -2.610236247777663721e+00 1.222773275840144634e+09
8.027489688018474940e-04 -1.983993918757462005e+00 9.647965682617756329e+02 2.537994272836279086e-06 -3.474564385365224162e+00 1.222773275840364695e+09
8.001731530055433998e-04 -1.984333656441544358e+00 9.622573054756037436e+02 1.184414649002573255e-05 -2.327483634296571680e+00 1.222773275841394663e+09
8.333723913970469098e-04 -1.956592894297077168e+00 7.034936920046689011e+02 1.533586288922295680e-06 -4.068183178849784198e+00 1.222773275841783047e+09
8.333723913970469098e-04 -1.956592894297077168e+00 7.034936920046689011e+02 1.533586288922295680e-06 -4.068183178849784198e+00 1.222773275841783047e+09
8.106609609119808926e-04 -1.969237802498907008e+00 9.175456646884200609e+02 3.131116016856894154e-06 -3.500265119558161331e+00 1.222773275843789339e+09
7.977651592518276297e-04 -1.979553145462833008e+00 9.578526242384166380e+02 3.427641823161147385e-06 -3.201579695246213220e+00 1.222773275846510649e+09
7.945376175121062270e-04 -1.991900907434069445e+00 8.968645005099867831e+02 2.059203460250355378e-06 -3.672328904916517089e+00 1.222773275846906185e+09
8.038870179454286544e-04 -1.981659353508194110e+00 8.332396959655447972e+02 9.544158794289732972e-07 -4.302468312944683682e+00 1.222773275847365141e+09
8.233919892239940919e-04 -1.967484649930957952e+00 7.835028358410747842e+02 2.153650329336159789e-06 -3.657409973735092912e+00 1.222773275849114895e+09
8.002912978022749856e-04 -1.980559899843806093e+00 9.884719317052743008e+02 1.116763105462141960e-06 -4.023155707388965219e+00 1.222773275849623680e+09
7.903061478162146233e-04 -1.992127089654113892e+00 9.994270722380495044e+02 1.343700131904568183e-06 -3.836351531116146241e+00 1.222773275852280378e+09
8.373224918622067161e-04 -1.955294612678698751e+00 7.035975279348399454e+02 3.136481923801892576e-06 -3.493014246299543046e+00 1.222773275853314161e+09
8.451625498139297326e-04 -1.947335396825628617e+00 6.579788034103007703e+02 4.282223447706212327e-06 -3.123236252222349130e+00 1.222773275853729248e+09
8.417074326010243624e-04 -1.950493665074740424e+00 6.422338379417107035e+02 4.237483119422223844e-06 -3.170071739430073698e+00 1.222773275854819536e+09
8.081019662167717192e-04 -1.978967888465820835e+00 8.556186320258346996e+02 5.018732863375076781e-07 -4.862722544973210326e+00 1.222773275855421543e+09
8.028084651830632006e-04 -1.976144387806614944e+00 9.118145912454391464e+02 1.276551603141971481e-06 -4.001759507480898925e+00 1.222773275855933905e+09
8.225197471566915138e-04 -1.963525627479039581e+00 7.578188764092002430e+02 1.104023537913000377e-06 -4.309257050942107981e+00 1.222773275857125998e+09
8.014279961604589813e-04 -1.986256853136043610e+00 8.909375024692490115e+02 6.993715282176251898e-07 -4.511851060705430072e+00 1.222773275858471155e+09
8.014279961604589813e-04 -1.986256853136043610e+00 8.909375024692490115e+02 6.993715282176251898e-07 -4.511851060705430072e+00 1.222773275858471155e+09
8.017271520096832865e-04 -1.986838671859870509e+00 9.132617409034111233e+02 3.985422689530917316e-06 -3.036723443790839028e+00 1.222773275859466791e+09
7.982172873113012063e-04 -1.985224574934774555e+00 9.423481369265603007e+02 4.152536708239505463e-07 -4.874238195175164101e+00 1.222773275860612154e+09
7.962955425649189149e-04 -1.990741902916075112e+00 9.958407796202664031e+02 1.693291729489176684e-06 -3.810146186122514322e+00 1.222773275864083052e+09
7.962955425649189149e-04 -1.990741902916075112e+00 9.958407796202664031e+02 1.693291729489176684e-06 -3.810146186122514322e+00 1.222773275864083052e+09
8.016074562768035284e-04 -1.978645294781243180e+00 8.830742548429864200e+02 1.634528682644896842e-06 -3.894357302887070382e+00 1.222773275867577314e+09
8.180364299426627021e-04 -1.971751812258302650e+00 8.041714322623727185e+02 1.069474404122741422e-06 -4.215299405754093343e+00 1.222773275869388819e+09
7.913631683211308021e-04 -1.995922834900806464e+00 9.429744791525847631e+02 5.790645565547451893e-06 -2.904044224569293675e+00 1.222773275870430470e+09
7.913631683211308021e-04 -1.995922834900806464e+00 9.429744791525847631e+02 5.790645565547451893e-06 -2.904044224569293675e+00 1.222773275870430470e+09
8.184812058318547334e-04 -1.964128977756681937e+00 8.307009651384859126e+02 2.196506893498680455e-06 -3.524708855857539014e+00 1.222773275873246193e+09
8.321871648728390884e-04 -1.957935941247947564e+00 6.760133755963487374e+02 2.272389744823075156e-06 -3.632798260598857354e+00 1.222773275873366356e+09
8.215477325598533271e-04 -1.969705069500576666e+00 7.741234086158518721e+02 1.165730545081794652e-06 -4.257396203375048316e+00 1.222773275875884771e+09
8.367020611702818793e-04 -1.959497368228857450e+00 6.617002282189536118e+02 3.318584702444485268e-06 -3.376155300505303103e+00 1.222773275877815008e+09
8.367020611702818793e-04 -1.959497368228857450e+00 6.617002282189536118e+02 3.318584702444485268e-06 -3.376155300505303103e+00 1.222773275877815008e+09
8.094528436197412314e-04 -1.976693533529252367e+00 8.227199610833665702e+02 8.918740407418770954e-06 -2.638544717904421688e+00 1.222773275878531933e+09
8.051793541846430369e-04 -1.973962157750282609e+00 9.141645969237694089e+02 1.046805182549975138e-06 -4.259695852353450718e+00 1.222773275878706455e+09
8.051793541846430369e-04 -1.973962157750282609e+00 9.141645969237694089e+02 1.046805182549975138e-06 -4.259695852353450718e+00 1.222773275878706455e+09
8.008934148775068108e-04 -1.983818999953441686e+00 9.381967799577538472e+02 4.648989167650225547e-07 -4.941716815469710866e+00 1.222773275879553556e+09
7.962667776181553154e-04 -1.988914583887068321e+00 9.626514421287859022e+02 7.432008113798022827e-07 -4.700984054219137676e+00 1.222773275879827976e+09
8.121541849881903918e-04 -1.969801081004479260e+00 8.925574522944509681e+02 3.298752381023185439e-06 -3.136795451491581233e+00 1.222773275880874395e+09
8.011798762439167887e-04 -1.983162515807591841e+00 9.393670985818563395e+02 2.852847749684256422e-06 -3.182002268692896152e+00 1.222773275881498098e+09
8.122755216728270045e-04 -1.976675401746297744e+00 7.665448947427818212e+02 5.082323904232498604e-06 -3.077115461034919619e+00 1.222773275882331133e+09
8.016399545250528979e-04 -1.976161656854031445e+00 9.962259384369615418e+02 7.680190989658305530e-06 -2.703994108119925244e+00 1.222773275883726120e+09
8.016399545250528979e-04 -1.976161656854031445e+00 9.962259384369615418e+02 7.680190989658305530e-06 -2.703994108119925244e+00 1.222773275883726120e+09
8.295089883019456664e-04 -1.962580976565902136e+00 6.978798738440442548e+02 1.359601808414135444e-06 -3.994538992821047962e+00 1.222773275884891987e+09
8.420243705072401504e-04 -1.948806979127655215e+00 6.766019691165386121e+02 3.279527390756508148e-06 -3.370974565298991088e+00 1.222773275888810873e+09
8.181843146037985365e-04 -1.965142829111612865e+00 8.292099274772635908e+02 9.725946112604831400e-06 -2.506178251894899844e+00 1.222773275890260458e+09
8.271747100739666042e-04 -1.959058325757657704e+00 7.513906395010146753e+02 3.262962089585890940e-06 -3.144625453526668224e+00 1.222773275891025543e+09
8.155803377554579278e-04 -1.972446183606654468e+00 7.477642620658925807e+02 2.077422538148215544e-06 -3.768247928433362759e+00 1.222773275894908905e+09
7.994634552346305224e-04 -1.987144213419293148e+00 9.384327415391035174e+02 7.281281020063690985e-07 -4.466634744741339702e+00 1.222773275895170450e+09
7.994634552346305224e-04 -1.987144213419293148e+00 9.384327415391035174e+02 7.281281020063690985e-07 -4.466634744741339702e+00 1.222773275895170450e+09
8.095099063197438950e-04 -1.972940044233864265e+00 8.462933212103679352e+02 8.234883930056921111e-06 -2.418397596798335769e+00 1.222773275899500608e+09
8.140517553638165153e-04 -1.968831717798723346e+00 8.344656959622802788e+02 7.417266728626866552e-07 -4.492898192471502128e+00 1.222773275899851799e+09
8.020144967874127300e-04 -1.981438878024686101e+00 8.535675307760691339e+02 1.158608467193316127e-06 -4.199270688310277500e+00 1.222773275903803587e+09
8.020144967874127300e-04 -1.981438878024686101e+00 8.535675307760691339e+02 1.158608467193316127e-06 -4.199270688310277500e+00 1.222773275903803587e+09
8.076995546974437322e-04 -1.971954001405934465e+00 8.738258618911220310e+02 1.790183418596024915e-06 -3.889729366327276949e+00 1.222773275905385971e+09
8.179560579736793510e-04 -1.968964006086757479e+00 7.852323739365929214e+02 1.627229095881422954e-06 -3.687126170634816624e+00 1.222773275906891108e+09
8.179560579736793510e-04 -1.968964006086757479e+00 7.852323739365929214e+02 1.627229095881422954e-06 -3.687126170634816624e+00 1.222773275906891108e+09
8.004321305224417144e-04 -1.978420660047107260e+00 9.952314070137288127e+02 8.958945077384529915e-06 -2.611974003795854316e+00 1.222773275912060022e+09
8.004321305224417144e-04 -1.978420660047107260e+00 9.952314070137288127e+02 8.958945077384529915e-06 -2.611974003795854316e+00 1.222773275912060022e+09
8.194971917668136688e-04 -1.974418234536217120e+00 7.758001152180232793e+02 3.100014476275350044e-06 -3.482890427022415025e+00 1.222773275916605711e+09
7.959304638713891400e-04 -1.988560720594042319e+00 9.354006859271838721e+02 1.850929812144677751e-06 -3.577965926292396404e+00 1.222773275916969776e+09
8.017012883977749950e-04 -1.977436460390374240e+00 9.514663079147447888e+02 6.554377435379944964e-06 -2.538971933490735466e+00 1.222773275917309761e+09
8.203042412105917549e-04 -1.963473985448300763e+00 7.829177736447790039e+02 1.134969742511902954e-06 -4.153760447688720880e+00 1.222773275917602777e+09
8.080443742140221326e-04 -1.980885572934351302e+00 8.704702548745281092e+02 2.244919927975682284e-06 -3.514328630084120775e+00 1.222773275917752266e+09
8.048531585159634984e-04 -1.986546574580051239e+00 8.776403144780816774e+02 5.741233857591894422e-06 -2.937575339294505206e+00 1.222773275918738604e+09
8.238013087122120258e-04 -1.960468498462229814e+00 8.085154983265175588e+02 2.990117935231740078e-06 -3.349215659001699485e+00 1.222773275920430899e+09
8.258407213297304242e-04 -1.958472519630239717e+00 7.740090319261244076e+02 7.667257924469928474e-06 -2.540232541284775714e+00 1.222773275921911240e+09
8.146067687647406139e-04 -1.971990418244979448e+00 8.897236169348302610e+02 2.871260118386042361e-06 -3.531497036482516449e+00 1.222773275922482967e+09
8.145479923505100257e-04 -1.968922136425988789e+00 8.351398402313849374e+02 2.909827791041327781e-06 -3.178135860167312643e+00 1.222773275923045635e+09
8.170036135637928285e-04 -1.969248508083602633e+00 8.777801668067990022e+02 5.585817644794400864e-06 -2.935199356784050195e+00 1.222773275924345732e+09
8.092357667173665165e-04 -1.978132306859311962e+00 8.764080065902882097e+02 1.592851592977552443e-06 -4.159465791981720173e+00 1.222773275928111076e+09
8.092357667173665165e-04 -1.978132306859311962e+00 8.764080065902882097e+02 1.592851592977552443e-06 -4.159465791981720173e+00 1.222773275928111076e+09
7.927085557582199760e-04 -1.986495752453438124e+00 9.878062971939499448e+02 6.266864378279922831e-07 -4.647345218705913439e+00 1.222773275928824425e+09
7.969952750991188273e-04 -1.983948736168314353e+00 9.578933021081355719e+02 7.557905860602697574e-07 -4.646357905118147613e+00 1.222773275929355860e+09
8.332322188817104392e-04 -1.955582415326948098e+00 7.063312430365840555e+02 2.155241501864192366e-06 -3.553998403186211519e+00 1.222773275930284262e+09
8.338173827797788372e-04 -1.958173444910402683e+00 6.815767372270037185e+02 4.762108305961247356e-06 -3.231281525690739898e+00 1.222773275932626009e+09
8.338173827797788372e-04 -1.958173444910402683e+00 6.815767372270037185e+02 4.762108305961247356e-06 -3.231281525690739898e+00 1.222773275932626009e+09
8.240230105592097646e-04 -1.965842714201928132e+00 7.964380556047365189e+02 2.496997157109898438e-06 -3.659373649545218043e+00 1.222773275932678461e+09
8.115830498767229216e-04 -1.972501761784664964e+00 8.011535336931764277e+02 1.009956068886842175e-06 -4.286841301165944529e+00 1.222773275934652805e+09
8.115830498767229216e-04 -1.972501761784664964e+00 8.011535336931764277e+02 1.009956068886842175e-06 -4.286841301165944529e+00 1.222773275934652805e+09
7.998857678152774663e-04 -1.980794485371606850e+00 9.884306921129191323e+02 2.008803620996771581e-06 -3.497192054477956447e+00 1.222773275938964844e+09
8.163600242061088211e-04 -1.976172510927289849e+00 7.918615864826703046e+02 1.607302978452902855e-06 -4.012205366633716075e+00 1.222773275941762209e+09
8.400834142299948553e-04 -1.951243894181611260e+00 6.570170556754304698e+02 6.418326841553462640e-06 -2.812596775110534963e+00 1.222773275942577600e+09
8.073868432119056786e-04 -1.975174256152076868e+00 8.745685458722192607e+02 3.336349326502067481e-06 -3.571045860751161705e+00 1.222773275945151567e+09
8.131361762486913163e-04 -1.975988488963114520e+00 8.084760991172302056e+02 1.325077748889652245e-06 -3.923929859551888555e+00 1.222773275955411196e+09
8.035968241559942726e-04 -1.983792150780344432e+00 8.774215874753168691e+02 2.284146416437682780e-06 -3.912366890024110866e+00 1.222773275956168890e+09
8.057300166013065370e-04 -1.975147791422613430e+00 8.929486132699147447e+02 6.662158186705886420e-07 -4.585646625661675024e+00 1.222773275956822157e+09
8.080671473836476991e-04 -1.982212467306754267e+00 7.968990543430285243e+02 5.448571322758029017e-06 -3.031408063009187082e+00 1.222773275957340240e+09
7.899562725167389625e-04 -1.997753339325166078e+00 9.583590826481353133e+02 1.397514663895249344e-06 -4.105327914411265766e+00 1.222773275958321571e+09
8.150532538044488566e-04 -1.977557762387262663e+00 8.098106840613967279e+02 2.207564554726316569e-06 -3.766104431602464331e+00 1.222773275959077835e+09
8.102412006986207645e-04 -1.970313899165689220e+00 9.415291735531152426e+02 6.206718393256291339e-06 -2.765358243590458898e+00 1.222773275962774515e+09
8.102412006986207645e-04 -1.970313899165689220e+00 9.415291735531152426e+02 6.206718393256291339e-06 -2.765358243590458898e+00 1.222773275962774515e+09
8.265938922753591003e-04 -1.959164773896467038e+00 7.812368238863635952e+02 2.594326763149017317e-06 -3.452551782641749334e+00 1.222773275964919567e+09
8.265938922753591003e-04 -1.959164773896467038e+00 7.812368238863635952e+02 2.594326763149017317e-06 -3.452551782641749334e+00 1.222773275964919567e+09
8.424714528921404752e-04 -1.948627864586215175e+00 6.720523100107263872e+02 6.516089253559556788e-06 -2.813516381416628853e+00 1.222773275964971542e+09
7.906093957714322882e-04 -1.998088405633442921e+00 9.782693677909213648e+02 2.808745705130342686e-06 -3.475965287312726915e+00 1.222773275973142624e+09
7.906093957714322882e-04 -1.998088405633442921e+00 9.782693677909213648e+02 2.808745705130342686e-06 -3.475965287312726915e+00 1.222773275973142624e+09
8.298235379462557239e-04 -1.960397148519588129e+00 6.990592513385275879e+02 1.396329120875454126e-06 -4.123585403945839722e+00 1.222773275973474264e+09
7.970299715028311867e-04 -1.984470671393614882e+00 9.906023539529960544e+02 1.061177225191083318e-05 -2.486531734081649958e+00 1.222773275974188089e+09
7.904667201987465369e-04 -1.993086693485882410e+00 9.678499237512739910e+02 1.800193631488654384e-06 -4.041792354439541768e+00 1.222773275974451303e+09
7.933279360638427870e-04 -1.990376550694224367e+00 9.204852665740097564e+02 1.015926047847707211e-06 -4.284838038331978183e+00 1.222773275975881338e+09
7.928243275987183593e-04 -1.990802529424992251e+00 9.451973637424430308e+02 5.882927330635007333e-07 -4.716459732767980029e+00 1.222773275976121426e+09
7.928243275987183593e-04 -1.990802529424992251e+00 9.451973637424430308e+02 5.882927330635007333e-07 -4.716459732767980029e+00 1.222773275976121426e+09
8.260052418223936968e-04 -1.966090974151226689e+00 7.282574285353048253e+02 8.034926039348421969e-06 -2.515537605752909300e+00 1.222773275976420164e+09
8.336527497784442398e-04 -1.958320141168716111e+00 6.862850653734263915e+02 8.230775198528004829e-06 -2.680299429795876875e+00 1.222773275977488995e+09
8.169982928422380754e-04 -1.971676558966361625e+00 8.579901360940291397e+02 4.632099619270503017e-06 -3.074287831058971854e+00 1.222773275982639551e+09
8.169982928422380754e-04 -1.971676558966361625e+00 8.579901360940291397e+02 4.632099619270503017e-06 -3.074287831058971854e+00 1.222773275982639551e+09
8.214296339931276758e-04 -1.964758995724966262e+00 7.834419370608461577e+02 2.350726010584314573e-06 -3.826601026089284652e+00 1.222773275988282919e+09
8.214296339931276758e-04 -1.964758995724966262e+00 7.834419370608461577e+02 2.350726010584314573e-06 -3.826601026089284652e+00 1.222773275988282919e+09
8.191312129370963016e-04 -1.970936234673595244e+00 7.271844475768433540e+02 2.392638731450677186e-06 -3.565116222973813365e+00 1.222773275990576029e+09
7.974370544576193107e-04 -1.985896758240639048e+00 9.235571427060942824e+02 1.264960315691714525e-06 -4.312763664622055515e+00 1.222773275991832495e+09
8.142803136501357199e-04 -1.972825408710985773e+00 8.935796896357214791e+02 4.349826920244566025e-06 -3.221353669137646314e+00 1.222773275992882013e+09
8.142803136501357199e-04 -1.972825408710985773e+00 8.935796896357214791e+02 4.349826920244566025e-06 -3.221353669137646314e+00 1.222773275992882013e+09
8.148626451913540836e-04 -1.974350010919609044e+00 8.285081334558750541e+02 5.367804689413558806e-06 -2.764608800481108020e+00 1.222773275993603945e+09
8.148626451913540836e-04 -1.974350010919609044e+00 8.285081334558750541e+02 5.367804689413558806e-06 -2.764608800481108020e+00 1.222773275993603945e+09
8.020641244632219658e-04 -1.979343567459575848e+00 8.948611108067735813e+02 2.932749110218955847e-06 -3.190342866649531928e+00 1.222773275997424603e+09
8.326108621538646972e-04 -1.961914695762021932e+00 7.161450173866254545e+02 4.805733452347272717e-06 -3.110796530164261497e+00 1.222773275997913361e+09
8.326108621538646972e-04 -1.961914695762021932e+00 7.161450173866254545e+02 4.805733452347272717e-06 -3.110796530164261497e+00 1.222773275997913361e+09
8.184700483900602579e-04 -1.968171615477053216e+00 7.487867666159969531e+02 6.182226716282854586e-06 -2.849000441945018558e+00 1.222773275998099566e+09
7.955715811656924102e-04 -1.988954690140687820e+00 9.555381010270921252e+02 4.504407720501712511e-06 -2.832349696687730400e+00 1.222773275998469114e+09
8.117119430043462759e-04 -1.978848328885097985e+00 8.292991822324219129e+02 1.398351365398637951e-06 -3.991905634897529254e+00 1.222773275998771429e+09
8.096016486739837387e-04 -1.976145491556579037e+00 7.889637984310999173e+02 3.375545158720606324e-06 -3.289634598105935837e+00 1.222773275999711275e+09
8.132331465702410901e-04 -1.974580207203433524e+00 8.019928656455025475e+02 3.046686661087899346e-06 -3.667824889690186829e+00 1.222773276000408411e+09
7.918945666092949828e-04 -1.993740147337744961e+00 9.582898300202365363e+02 1.862624346676249269e-06 -3.650025598883690492e+00 1.222773276000459909e+09
8.215786692317556244e-04 -1.962474091855266112e+00 8.142220752478460781e+02 2.044611102217008269e-06 -3.641009439953943883e+00 1.222773276004490376e+09
8.215786692317556244e-04 -1.962474091855266112e+00 8.142220752478460781e+02 2.044611102217008269e-06 -3.641009439953943883e+00 1.222773276004490376e+09
8.190510240166508664e-04 -1.971699062880036379e+00 7.926868176188664847e+02 2.660932146400855107e-06 -3.758046481313385812e+00 1.222773276004732132e+09
8.117438427292294686e-04 -1.979353683783014572e+00 8.608339872475695529e+02 3.158483063445294952e-06 -3.450470954159393422e+00 1.222773276007091761e+09
8.234393106458828522e-04 -1.970805714252184426e+00 7.392699067437240501e+02 4.658700854785899927e-06 -3.252538569162586768e+00 1.222773276008701801e+09
8.234393106458828522e-04 -1.970805714252184426e+00 7.392699067437240501e+02 4.658700854785899927e-06 -3.252538569162586768e+00 1.222773276008701801e+09
7.967422257744360622e-04 -1.984640228288756081e+00 9.483478374425901620e+02 4.550991210610040340e-07 -4.868893236297937577e+00 1.222773276009283543e+09
8.133610518669606715e-04 -1.974015905325693598e+00 7.998943084575707871e+02 3.186452501385554861e-06 -3.625114381096802951e+00 1.222773276010067225e+09
8.028869231957331274e-04 -1.983755479927422183e+00 9.376303624647022161e+02 5.026601917387478971e-06 -2.810679933683008613e+00 1.222773276012642145e+09
8.028869231957331274e-04 -1.983755479927422183e+00 9.376303624647022161e+02 5.026601917387478971e-06 -2.810679933683008613e+00 1.222773276012642145e+09
8.018037144679993240e-04 -1.977622027634567958e+00 9.478951870162453588e+02 3.614529217460853977e-06 -3.465885685889896095e+00 1.222773276014095068e+09
8.075573315908275837e-04 -1.974525978797366133e+00 8.833383709495296898e+02 7.622866065383712210e-06 -2.404082492168452490e+00 1.222773276015241623e+09
8.006106457924342789e-04 -1.979118713278975372e+00 9.513497833269284456e+02 6.224949682384417132e-07 -4.617231949409241309e+00 1.222773276017570734e+09
8.006106457924342789e-04 -1.979118713278975372e+00 9.513497833269284456e+02 6.224949682384417132e-07 -4.617231949409241309e+00 1.222773276017570734e+09
8.269493513896413427e-04 -1.960176773229753255e+00 7.505451235094677713e+02 1.507788898807757886e-06 -4.087951676133608103e+00 1.222773276017988920e+09
8.269493513896413427e-04 -1.960176773229753255e+00 7.505451235094677713e+02 1.507788898807757886e-06 -4.087951676133608103e+00 1.222773276017988920e+09
8.240746474357790860e-04 -1.959156269824107843e+00 7.643868351072827636e+02 4.936971852402316381e-06 -2.961420157092714334e+00 1.222773276022264719e+09
8.240746474357790860e-04 -1.959156269824107843e+00 7.643868351072827636e+02 4.936971852402316381e-06 -2.961420157092714334e+00 1.222773276022264719e+09
8.022291424964608179e-04 -1.975745711812123107e+00 9.694510637722580668e+02 1.519473014647703398e-06 -3.882659610150114737e+00 1.222773276022332907e+09
8.145067205119687704e-04 -1.971054189292972270e+00 8.415657628923173661e+02 9.750624258841757187e-07 -4.190214710576227297e+00 1.222773276023787260e+09
8.145067205119687704e-04 -1.971054189292972270e+00 8.415657628923173661e+02 9.750624258841757187e-07 -4.190214710576227297e+00 1.222773276023787260e+09
8.315836149988939299e-04 -1.956942160865263070e+00 6.951980777483656766e+02 2.238747687058683428e-06 -3.559499147322915391e+00 1.222773276024347544e+09
8.315836149988939299e-04 -1.956942160865263070e+00 6.951980777483656766e+02 2.238747687058683428e-06 -3.559499147322915391e+00 1.222773276024347544e+09
8.053889857468302799e-04 -1.984864598908945954e+00 8.349552077500779887e+02 1.233774248257176905e-06 -4.251732261626123943e+00 1.222773276024787426e+09
8.039332231974136243e-04 -1.974104298162835169e+00 9.223204551708249710e+02 2.392516942391506050e-06 -3.514541645071146192e+00 1.222773276029575109e+09
8.018906627088962045e-04 -1.982891427069393586e+00 8.990370898825460699e+02 1.735548536739306274e-06 -3.613466300092973427e+00 1.222773276031431198e+09
7.985060041999519518e-04 -1.991474191789313508e+00 8.967630124292182927e+02 3.454012725060177226e-06 -3.280550923280583397e+00 1.222773276032017946e+09
8.038315466036540175e-04 -1.982692830962830222e+00 8.513699113882966003e+02 2.551779441258280391e-06 -3.788934580152585774e+00 1.222773276032093763e+09
8.038315466036540175e-04 -1.982692830962830222e+00 8.513699113882966003e+02 2.551779441258280391e-06 -3.788934580152585774e+00 1.222773276032093763e+09
7.963521868358104487e-04 -1.987309610529742976e+00 9.065920341741017410e+02 2.242048833138271661e-06 -3.845348383381967494e+00 1.222773276033023596e+09
8.088673406401522678e-04 -1.978825055614000572e+00 9.129411475506279885e+02 8.944179295239648299e-06 -2.558437986968208122e+00 1.222773276033539057e+09
8.078850588063716046e-04 -1.973519293937882502e+00 9.096433577578372933e+02 3.548648579178510430e-06 -3.504182139269168772e+00 1.222773276034062624e+09
7.963071024520427307e-04 -1.981684870652293373e+00 9.642246648081476224e+02 4.113448224607434320e-06 -3.013679162703141401e+00 1.222773276034307241e+09
7.963071024520427307e-04 -1.981684870652293373e+00 9.642246648081476224e+02 4.113448224607434320e-06 -3.013679162703141401e+00 1.222773276034307241e+09
8.224462213579515060e-04 -1.962346144901651712e+00 7.570712534190020051e+02 2.308025977143368234e-06 -3.744696768647906460e+00 1.222773276036888361e+09
8.045742456804209517e-04 -1.975416876128823995e+00 9.675566602088731543e+02 4.918553380934816569e-06 -3.208343602626153590e+00 1.222773276039660454e+09
8.140344241980604053e-04 -1.974504749252287361e+00 7.986465146687445440e+02 1.318807682933054540e-06 -4.278175101974932559e+00 1.222773276040443182e+09
8.140344241980604053e-04 -1.974504749252287361e+00 7.986465146687445440e+02 1.318807682933054540e-06 -4.278175101974932559e+00 1.222773276040443182e+09
7.943001576338805120e-04 -1.991439621716942332e+00 9.686818783233893555e+02 7.513586178896478484e-07 -4.425418511828107526e+00 1.222773276041126966e+09
8.026204159864805962e-04 -1.983611040327276420e+00 9.371959208618658295e+02 8.139003054233290645e-07 -4.415888737363941274e+00 1.222773276042048454e+09
7.923322267066771696e-04 -1.990601597072740647e+00 9.663240284245142675e+02 1.490307873516773976e-06 -3.777037746457026834e+00 1.222773276045439720e+09
8.004462950397073055e-04 -1.983270366261432605e+00 9.835648569425508185e+02 6.938895141377997789e-07 -4.608535819133798839e+00 1.222773276046435356e+09
8.188462730882478972e-04 -1.964931523292168247e+00 8.288566412833115464e+02 4.038980691489254851e-06 -2.971369880834024535e+00 1.222773276048285246e+09
8.418044256916780129e-04 -1.950048624640124739e+00 6.644418774874231985e+02 4.309780519639437844e-06 -3.245888725024524746e+00 1.222773276049304962e+09
8.231118817835914167e-04 -1.963467715765494948e+00 8.125513951572709175e+02 2.668419652995388091e-06 -3.645608266086090232e+00 1.222773276050506353e+09
8.093506764277073797e-04 -1.975222059263712193e+00 8.423713543214879564e+02 8.783655494214863445e-06 -2.350873555540087700e+00 1.222773276053250074e+09
8.206541344912063459e-04 -1.967083324829307811e+00 7.602137308760824226e+02 5.139111656500878948e-06 -2.736075254409009005e+00 1.222773276055756569e+09
8.146555035328595720e-04 -1.966184804822036503e+00 8.923250755242269179e+02 4.204259856841193279e-06 -3.141663691513421952e+00 1.222773276060729265e+09
8.146555035328595720e-04 -1.966184804822036503e+00 8.923250755242269179e+02 4.204259856841193279e-06 -3.141663691513421952e+00 1.222773276060729265e+09
8.344327892221875716e-04 -1.952966095911587541e+00 7.260235981840398836e+02 3.669851022774588976e-06 -3.324013371130861039e+00 1.222773276061363697e+09
8.216378930167656316e-04 -1.968495046546717031e+00 7.262053587991746326e+02 6.873464877662441483e-06 -2.814303941457381164e+00 1.222773276062805176e+09
8.035234290037692470e-04 -1.976922931823011931e+00 8.999775057496017325e+02 1.481759894154770007e-06 -3.795910582037066661e+00 1.222773276063229084e+09
8.035234290037692470e-04 -1.976922931823011931e+00 8.999775057496017325e+02 1.481759894154770007e-06 -3.795910582037066661e+00 1.222773276063229084e+09
8.139432436579288176e-04 -1.977357261688369228e+00 8.235441893730286438e+02 1.559525255303129675e-06 -4.019346332732383509e+00 1.222773276066384077e+09
8.139432436579288176e-04 -1.977357261688369228e+00 8.235441893730286438e+02 1.559525255303129675e-06 -4.019346332732383509e+00 1.222773276066384077e+09
7.884441955142436993e-04 -1.993737021624980787e+00 9.942297508457987760e+02 3.679610908185459204e-06 -3.072424873823674574e+00 1.222773276070317268e+09
8.052988674146082130e-04 -1.982459631883233930e+00 8.912905198725121636e+02 7.164681197522326114e-07 -4.599692955114786486e+00 1.222773276071334124e+09
7.899118198653157404e-04 -1.993434302699989669e+00 9.538145425101004093e+02 1.962340197930332981e-06 -3.673675428940088139e+00 1.222773276073870659e+09
7.965466428919542718e-04 -1.988660556532382717e+00 9.507386884980394370e+02 5.251211186075891330e-07 -4.736275070093936890e+00 1.222773276074006796e+09
7.965466428919542718e-04 -1.988660556532382717e+00 9.507386884980394370e+02 5.251211186075891330e-07 -4.736275070093936890e+00 1.222773276074006796e+09
8.035295816169647515e-04 -1.978643095426992682e+00 8.857899640467992413e+02 5.943419793736231551e-07 -4.625205466807328136e+00 1.222773276074386120e+09
8.225531976979387049e-04 -1.962526126029163986e+00 7.880034464989655589e+02 1.504676357986394290e-06 -3.860870474364256566e+00 1.222773276075951099e+09
8.005476221273333508e-04 -1.981386719495949134e+00 8.971503009611500374e+02 8.642848198582260823e-07 -4.496345574220883989e+00 1.222773276077483654e+09
8.005476221273333508e-04 -1.981386719495949134e+00 8.971503009611500374e+02 8.642848198582260823e-07 -4.496345574220883989e+00 1.222773276077483654e+09
8.271963231613608299e-04 -1.963254958620760604e+00 7.679553995827768631e+02 6.041615642113917976e-06 -2.769697518319679475e+00 1.222773276079737663e+09
8.271963231613608299e-04 -1.963254958620760604e+00 7.679553995827768631e+02 6.041615642113917976e-06 -2.769697518319679475e+00 1.222773276079737663e+09
8.184161664672883916e-04 -1.966936432929834666e+00 8.603360065631876523e+02 6.449208061059356189e-06 -2.731263980985498385e+00 1.222773276081665039e+09
8.030043993051451130e-04 -1.978773846266623559e+00 9.077962070131313794e+02 2.553589685421271579e-06 -3.777778459770331665e+00 1.222773276084218025e+09
8.030043993051451130e-04 -1.978773846266623559e+00 9.077962070131313794e+02 2.553589685421271579e-06 -3.777778459770331665e+00 1.222773276084218025e+09
8.072629482851681601e-04 -1.974423481311074813e+00 9.186083877367634614e+02 6.336878139662227989e-06 -2.550708148403039388e+00 1.222773276085555315e+09
8.029738795380368145e-04 -1.983553277978003404e+00 9.130560874917457568e+02 9.585730703575358634e-06 -2.343353739833016647e+00 1.222773276085878611e+09
8.029738795380368145e-04 -1.983553277978003404e+00 9.130560874917457568e+02 9.585730703575358634e-06 -2.343353739833016647e+00 1.222773276085878611e+09
8.018628411508791753e-04 -1.986016242505758145e+00 8.395262349136129387e+02 4.568456586051683652e-06 -3.197525210062005740e+00 1.222773276087449312e+09
8.037329496728324880e-04 -1.974308808456570086e+00 9.269084298323298299e+02 2.066177407417011797e-06 -3.732323521240351383e+00 1.222773276089325666e+09
7.948382115387533876e-04 -1.990574399601998223e+00 9.645245561707797606e+02 7.626626519694245270e-06 -2.871504984881397604e+00 1.222773276089688778e+09
8.228249564702326546e-04 -1.962769310561767178e+00 7.866219790904433466e+02 1.332330986596486633e-06 -4.156907301175646552e+00 1.222773276089719534e+09
8.074380572207907718e-04 -1.973721889130088947e+00 9.643744499322219781e+02 2.893710084852787771e-06 -3.576222195935856440e+00 1.222773276089733839e+09
7.952493081413453818e-04 -1.983922346083354826e+00 9.792434322119225953e+02 1.071570553694406769e-06 -4.359819550446911052e+00 1.222773276091918230e+09
8.002686450148123161e-04 -1.981852415613097662e+00 9.372520321159323657e+02 4.419808016179534012e-07 -4.877857077661709617e+00 1.222773276092940331e+09
7.984604864012566968e-04 -1.990225279920781354e+00 9.452986268867106219e+02 4.597035034258054537e-06 -2.990648493803335306e+00 1.222773276094833612e+09
8.264684214812530183e-04 -1.962135897692892872e+00 7.464059719921144733e+02 1.025673502717383752e-06 -4.248500199601068061e+00 1.222773276095138311e+09
8.152069393345297158e-04 -1.969105065532678278e+00 8.197424669398587866e+02 8.196053591276338646e-06 -2.377554853056588868e+00 1.222773276096007586e+09
8.250567544963530999e-04 -1.963712815104649234e+00 7.959328279751716764e+02 3.100632097705830730e-06 -3.515235963465149105e+00 1.222773276096884966e+09
8.097306793172060445e-04 -1.973809762228891707e+00 8.299209482016780157e+02 3.281506121390016656e-06 -3.105572444980664315e+00 1.222773276097413063e+09
8.258863376994371669e-04 -1.959046457494367344e+00 7.516877634229351770e+02 7.633233925090672506e-06 -2.602659075677896894e+00 1.222773276099398851e+09
8.258863376994371669e-04 -1.959046457494367344e+00 7.516877634229351770e+02 7.633233925090672506e-06 -2.602659075677896894e+00 1.222773276099398851e+09
7.854941068344567252e-04 -1.998585796417381655e+00 9.901206400107878380e+02 3.361507677235188994e-06 -3.353024676565153683e+00 1.222773276100677729e+09
7.854941068344567252e-04 -1.998585796417381655e+00 9.901206400107878380e+02 3.361507677235188994e-06 -3.353024676565153683e+00 1.222773276100677729e+09
8.175193556639040937e-04 -1.967472064908893259e+00 8.014294350149157253e+02 4.200332335765252259e-06 -3.368737793395114366e+00 1.222773276102382660e+09
8.141986667366029121e-04 -1.971290855378138307e+00 8.041661819050744953e+02 7.244915296867407778e-06 -2.476337921620032745e+00 1.222773276105883598e+09
8.025983510664022559e-04 -1.982674823630260263e+00 8.908587624548131316e+02 7.260675537384451830e-07 -4.689592195190401824e+00 1.222773276109193087e+09
8.025983510664022559e-04 -1.982674823630260263e+00 8.908587624548131316e+02 7.260675537384451830e-07 -4.689592195190401824e+00 1.222773276109193087e+09
8.158249571614409681e-04 -1.966783695028954781e+00 8.002293042356956221e+02 5.744372714559993305e-06 -2.950951268873201805e+00 1.222773276112630606e+09
8.339828830391841311e-04 -1.961586215397243205e+00 6.902591392173114855e+02 5.064300119124999253e-06 -3.057123125149324494e+00 1.222773276114447117e+09
8.339828830391841311e-04 -1.961586215397243205e+00 6.902591392173114855e+02 5.064300119124999253e-06 -3.057123125149324494e+00 1.222773276114447117e+09
7.975391634105870320e-04 -1.982187936265677131e+00 9.623627985708887991e+02 8.958421856479835846e-06 -2.434237383952252642e+00 1.222773276114898920e+09
7.914019315640956733e-04 -1.989236766677171531e+00 9.552164319259766216e+02 1.535011635869377339e-06 -3.939024779173132096e+00 1.222773276116976261e+09
7.956367298134874857e-04 -1.987734381482731738e+00 9.909304348081057014e+02 3.005748055787662096e-06 -3.152419916546355338e+00 1.222773276117198467e+09
8.118121394204383823e-04 -1.968785957756647997e+00 8.462752563674533803e+02 4.968532005184824180e-06 -3.083546118795847057e+00 1.222773276117579937e+09
8.118121394204383823e-04 -1.968785957756647997e+00 8.462752563674533803e+02 4.968532005184824180e-06 -3.083546118795847057e+00 1.222773276117579937e+09
8.351260341576794517e-04 -1.956191984811174400e+00 7.144818027945497079e+02 7.994948140575993444e-06 -2.701380201164118589e+00 1.222773276117799044e+09
8.198425393302379016e-04 -1.969451087860670579e+00 7.913559131755276894e+02 1.029242679167957264e-06 -4.365540867045273998e+00 1.222773276119508505e+09
8.067507462095955921e-04 -1.976282836303232981e+00 8.486762115788631036e+02 1.234230188231860024e-06 -3.961452232862821887e+00 1.222773276119708776e+09
8.284791751051861228e-04 -1.959497483056511058e+00 7.189903110521139524e+02 1.272639531797538521e-06 -4.070781958785071097e+00 1.222773276122555971e+09
8.284791751051861228e-04 -1.959497483056511058e+00 7.189903110521139524e+02 1.272639531797538521e-06 -4.070781958785071097e+00 1.222773276122555971e+09
8.007136383709259880e-04 -1.983095790910962108e+00 9.747381445941565516e+02 8.307675382741562256e-07 -4.357688640515456235e+00 1.222773276124471903e+09
8.007136383709259880e-04 -1.983095790910962108e+00 9.747381445941565516e+02 8.307675382741562256e-07 -4.357688640515456235e+00 1.222773276124471903e+09
8.018508042012651533e-04 -1.975237897923818986e+00 9.661180418626933033e+02 2.971080355375295117e-06 -3.367766379055634474e+00 1.222773276125001669e+09
8.018508042012651533e-04 -1.975237897923818986e+00 9.661180418626933033e+02 2.971080355375295117e-06 -3.367766379055634474e+00 1.222773276125001669e+09
8.128188173457442369e-04 -1.971540230195407251e+00 8.941723849653510570e+02 1.769126226177861654e-06 -3.967823154428535837e+00 1.222773276125336409e+09
8.128188173457442369e-04 -1.971540230195407251e+00 8.941723849653510570e+02 1.769126226177861654e-06 -3.967823154428535837e+00 1.222773276125336409e+09
8.171109202060519976e-04 -1.968501964532157311e+00 7.652356570852854247e+02 5.613404629860240807e-06 -2.780458561819405539e+00 1.222773276129102230e+09
8.070012400186587099e-04 -1.974920228994847538e+00 8.400672520244329462e+02 1.755337349097152574e-06 -3.763282585922048007e+00 1.222773276129727840e+09
8.070012400186587099e-04 -1.974920228994847538e+00 8.400672520244329462e+02 1.755337349097152574e-06 -3.763282585922048007e+00 1.222773276129727840e+09
8.081548581453283989e-04 -1.978897161262021420e+00 8.970741362234922462e+02 6.432993680374044683e-06 -2.620800925983765239e+00 1.222773276132241011e+09
8.029589848256719594e-04 -1.975923676337906221e+00 9.692616855587355076e+02 8.403116648045808705e-06 -2.449732858025620352e+00 1.222773276132912397e+09
8.208527118290418444e-04 -1.966750168004481658e+00 8.030375241746567099e+02 1.204826430602486320e-06 -4.117894723894009346e+00 1.222773276132978678e+09
7.975217979208234186e-04 -1.989236063103216434e+00 9.489373902880017795e+02 2.631110112365282472e-06 -3.350787876676409205e+00 1.222773276134921312e+09
7.970888455207541558e-04 -1.981881812203310389e+00 9.829752554535471063e+02 5.837318791104185982e-06 -3.044502863097636514e+00 1.222773276136013031e+09
8.079525023935184075e-04 -1.976217417095295970e+00 9.180290449981288248e+02 1.702529424557741776e-06 -4.075631733793639633e+00 1.222773276138643980e+09
8.118949279230679899e-04 -1.971278032187202989e+00 8.190729562705323588e+02 2.135890030944053583e-06 -3.846664589337689399e+00 1.222773276139820814e+09
8.383400179495862888e-04 -1.957333164041928031e+00 6.660179004965575587e+02 3.524496847402195369e-06 -3.378842603576758918e+00 1.222773276140389442e+09
8.104117135867858288e-04 -1.973962073018365349e+00 8.120793082717631250e+02 1.130675955297231645e-06 -4.080608172928645416e+00 1.222773276142051697e+09
7.974782106654652262e-04 -1.983454522658018027e+00 9.825082622405992652e+02 1.858395089464180981e-06 -3.545520890142071835e+00 1.222773276142154217e+09
8.333368276651406930e-04 -1.958003632538063421e+00 7.224867443033376730e+02 3.439091924565157493e-06 -3.477372681050146852e+00 1.222773276146545887e+09
8.293990575080848610e-04 -1.964089866231330639e+00 6.813460900004238283e+02 3.375345743384257048e-06 -3.432341098469871454e+00 1.222773276147298098e+09
8.293990575080848610e-04 -1.964089866231330639e+00 6.813460900004238283e+02 3.375345743384257048e-06 -3.432341098469871454e+00 1.222773276147298098e+09
8.064442511542858644e-04 -1.981036674525072927e+00 8.517787491416319199e+02 1.506490989050635126e-06 -4.199044188340980810e+00 1.222773276147694111e+09
7.860790760884743544e-04 -1.996783035536111139e+00 9.980355201073963372e+02 1.103829123267761938e-06 -4.214372845149474855e+00 1.222773276148159027e+09
7.860790760884743544e-04 -1.996783035536111139e+00 9.980355201073963372e+02 1.103829123267761938e-06 -4.214372845149474855e+00 1.222773276148159027e+09
8.127652952257792768e-04 -1.973477586501349856e+00 9.091503286369101033e+02 5.409853250898285326e-06 -3.056683035168719087e+00 1.222773276150025606e+09
7.989942940046705720e-04 -1.988501857024094654e+00 9.405344963016142401e+02 1.257609671006555050e-06 -4.036643588396811921e+00 1.222773276150801659e+09
7.887098198240498608e-04 -1.995085762172735366e+00 9.609038878424487393e+02 2.306478031512954148e-06 -3.579137830980499757e+00 1.222773276150815964e+09
8.300351568995535884e-04 -1.962283071320439776e+00 6.828121376929740336e+02 3.241402737032615933e-06 -3.492339802603024346e+00 1.222773276154018402e+09
8.300351568995535884e-04 -1.962283071320439776e+00 6.828121376929740336e+02 3.241402737032615933e-06 -3.492339802603024346e+00 1.222773276154018402e+09
8.205579171959499112e-04 -1.966231928455522748e+00 7.616428776160773850e+02 1.101571227893983018e-06 -4.095876213375364117e+00 1.222773276155048609e+09
8.107680785577949401e-04 -1.974100845609623178e+00 8.040570941789259223e+02 4.160173498904448015e-06 -3.313392557300819163e+00 1.222773276156697750e+09
8.066601863084414984e-04 -1.981685172829461328e+00 8.858743970521765050e+02 3.745096257482460880e-06 -3.078240510884226566e+00 1.222773276156959772e+09
7.948295108489948765e-04 -1.983945661494749935e+00 9.957748083219655655e+02 4.332931732657474562e-06 -3.306912873953929299e+00 1.222773276158305168e+09
7.948295108489948765e-04 -1.983945661494749935e+00 9.957748083219655655e+02 4.332931732657474562e-06 -3.306912873953929299e+00 1.222773276158305168e+09
7.960458201870921789e-04 -1.986070478280998586e+00 9.488254823907733453e+02 2.924162045793793704e-06 -3.682073204529819677e+00 1.222773276158769846e+09
8.023473171113527144e-04 -1.985050546524467663e+00 8.823696766109115970e+02 8.066948352868340763e-06 -2.786829476004912820e+00 1.222773276160757542e+09
8.073696191649401858e-04 -1.971942679541115684e+00 9.539240202196173186e+02 6.527434763809576692e-06 -2.700827505258433625e+00 1.222773276162983656e+09
8.027380911834743971e-04 -1.981631028390704818e+00 9.275043156808203548e+02 1.595471193602158282e-06 -4.168894919334936056e+00 1.222773276166302919e+09
7.962664517814013613e-04 -1.982599594099353713e+00 9.759795947724986718e+02 7.400916628466259997e-07 -4.518673474524144140e+00 1.222773276167227268e+09
7.977511097203275224e-04 -1.986634909933267190e+00 9.002509917911341972e+02 1.295470773015585715e-06 -3.940555846290635600e+00 1.222773276167230368e+09
8.061716983116178981e-04 -1.982248519957721555e+00 8.889812922129231083e+02 3.391615791689630572e-06 -3.595929087276565461e+00 1.222773276167444229e+09
8.116505821493972877e-04 -1.979059546351948917e+00 7.711383934338308563e+02 3.024823555654395878e-06 -3.546973786520918104e+00 1.222773276168399334e+09
8.002325018621137204e-04 -1.978843404247935034e+00 9.115823668499926953e+02 2.277719352702869338e-06 -3.600086778377946217e+00 1.222773276168820381e+09
8.002325018621137204e-04 -1.978843404247935034e+00 9.115823668499926953e+02 2.277719352702869338e-06 -3.600086778377946217e+00 1.222773276168820381e+09
8.043511952273076516e-04 -1.973851041318680277e+00 9.594049567964385687e+02 1.956555171713719012e-06 -3.723036176443167200e+00 1.222773276169452429e+09
8.121570016199966546e-04 -1.975458085015850074e+00 8.538759608205707536e+02 1.095095549875767604e-05 -2.369116657417302818e+00 1.222773276171360254e+09
8.050181100904595446e-04 -1.977782985091193879e+00 9.731514321435712418e+02 1.005972026079568393e-05 -2.432636443207718990e+00 1.222773276174362421e+09
8.050181100904595446e-04 -1.977782985091193879e+00 9.731514321435712418e+02 1.005972026079568393e-05 -2.432636443207718990e+00 1.222773276174362421e+09
8.264517065974557502e-04 -1.964161627426308732e+00 7.113924183688188805e+02 2.996885463615022097e-06 -3.610147020381458738e+00 1.222773276174654007e+09
8.264517065974557502e-04 -1.964161627426308732e+00 7.113924183688188805e+02 2.996885463615022097e-06 -3.610147020381458738e+00 1.222773276174654007e+09
7.905670548591886386e-04 -1.994845865215997716e+00 9.571628401905327337e+02 8.791695731412262698e-07 -4.456005839273203151e+00 1.222773276174939156e+09
8.007325403709401228e-04 -1.984582952936861044e+00 9.039331313008430016e+02 5.156208372822177774e-06 -2.733115575416239729e+00 1.222773276175368786e+09
8.226352578747124153e-04 -1.960670568155151949e+00 7.813941880873883292e+02 2.101764075266941328e-06 -3.712197990827800886e+00 1.222773276175857306e+09
8.226352578747124153e-04 -1.960670568155151949e+00 7.813941880873883292e+02 2.101764075266941328e-06 -3.712197990827800886e+00 1.222773276175857306e+09
8.121018671420298079e-04 -1.973269037415550375e+00 8.918148801982609939e+02 2.305494990553134143e-06 -3.524396844458146383e+00 1.222773276176128864e+09
8.029159145530211702e-04 -1.979990455300339569e+00 9.460938986119472247e+02 7.152842336980302347e-06 -2.451555765790297770e+00 1.222773276177015305e+09
7.885337539086100271e-04 -1.996046722713851196e+00 9.990168729509819059e+02 6.497456057752377431e-07 -4.634444594669648865e+00 1.222773276178012848e+09
7.937444907442496892e-04 -1.991246595245002915e+00 9.117422373188610436e+02 2.038397117719860968e-06 -3.868769890730686889e+00 1.222773276189246893e+09
7.995121719336899940e-04 -1.981277432415990747e+00 8.999887523164503591e+02 1.196879761312969662e-06 -4.139462334573126512e+00 1.222773276189281464e+09
8.086252770465719806e-04 -1.977258744595454587e+00 9.346603897414910307e+02 4.861917678202489953e-06 -2.960484975375404559e+00 1.222773276191157103e+09
7.925207458883469719e-04 -1.987119951042867871e+00 9.841376645614584504e+02 5.768646050898109134e-06 -2.716618390810934258e+00 1.222773276191580057e+09
8.203166244317019540e-04 -1.964364212425431244e+00 7.531294018385867730e+02 4.247677343450938827e-06 -3.079962230687354641e+00 1.222773276194439173e+09
8.203166244317019540e-04 -1.964364212425431244e+00 7.531294018385867730e+02 4.247677343450938827e-06 -3.079962230687354641e+00 1.222773276194439173e+09
7.983124939287546910e-04 -1.982083401273596390e+00 9.581150989249188115e+02 1.326671749010462603e-06 -3.854366788184654169e+00 1.222773276195653915e+09
7.983124939287546910e-04 -1.982083401273596390e+00 9.581150989249188115e+02 1.326671749010462603e-06 -3.854366788184654169e+00 1.222773276195653915e+09
8.279176510772895837e-04 -1.960545386288552905e+00 7.036133519551182189e+02 2.121336159649895245e-06 -3.645357177877341925e+00 1.222773276201126337e+09
7.991308234238933073e-04 -1.981675229785573755e+00 9.269406632691733421e+02 1.993921459229158942e-06 -3.930679436746018496e+00 1.222773276204412699e+09
7.904425273321868473e-04 -1.989535020054508996e+00 9.895818184388231202e+02 8.108331020670365612e-07 -4.427640962173183148e+00 1.222773276204979420e+09
7.904425273321868473e-04 -1.989535020054508996e+00 9.895818184388231202e+02 8.108331020670365612e-07 -4.427640962173183148e+00 1.222773276204979420e+09
8.337968697965284599e-04 -1.960800611741175370e+00 6.674537378247924835e+02 3.230100900611132241e-06 -3.455879850586275559e+00 1.222773276207673311e+09
8.048948857938187287e-04 -1.973733765047117172e+00 9.403328753995928082e+02 4.626838672422927784e-06 -2.894235407728077192e+00 1.222773276207928658e+09
8.048948857938187287e-04 -1.973733765047117172e+00 9.403328753995928082e+02 4.626838672422927784e-06 -2.894235407728077192e+00 1.222773276207928658e+09
8.040973747149914941e-04 -1.976089178697035154e+00 9.755196563591191534e+02 3.896066581697356784e-06 -3.398262465126419940e+00 1.222773276208585739e+09
8.106798984197668805e-04 -1.980423330985095376e+00 7.878857108064014483e+02 3.653060600559143417e-06 -3.211279315630492626e+00 1.222773276208920956e+09
8.079357757627494713e-04 -1.974564589048745766e+00 9.425065299830517915e+02 8.661650008127462719e-06 -2.677651811122009562e+00 1.222773276214456797e+09
7.971534791602249417e-04 -1.982563213650709866e+00 9.380762448900486561e+02 2.536933559206615992e-06 -3.693880824330197044e+00 1.222773276214862585e+09
8.294585159009819136e-04 -1.963077200702138203e+00 6.957847649742253680e+02 4.299910401934739020e-06 -3.313035162095462560e+00 1.222773276216089487e+09
8.294585159009819136e-04 -1.963077200702138203e+00 6.957847649742253680e+02 4.299910401934739020e-06 -3.313035162095462560e+00 1.222773276216089487e+09
8.045579165203453099e-04 -1.977448785328311809e+00 8.814506454809777551e+02 6.496706841239645024e-07 -4.603318081782999727e+00 1.222773276216275692e+09
8.045579165203453099e-04 -1.977448785328311809e+00 8.814506454809777551e+02 6.496706841239645024e-07 -4.603318081782999727e+00 1.222773276216275692e+09
8.247388589011386785e-04 -1.962604910939946823e+00 7.198137099604463174e+02 5.080384395048618767e-06 -2.924612263709363447e+00 1.222773276217104197e+09
7.881088258761512503e-04 -1.991929343984378598e+00 9.975597401844672731e+02 2.960528820756380737e-06 -3.541164470958192645e+00 1.222773276218079329e+09
8.375836983048913758e-04 -1.952680206644309191e+00 6.991837534145320205e+02 2.938816357189207752e-06 -3.416296034084266964e+00 1.222773276221082449e+09
8.020022756774539650e-04 -1.983996931725653834e+00 9.207767635190301689e+02 9.899204373107629620e-06 -2.585750945129963618e+00 1.222773276222599268e+09
8.020022756774539650e-04 -1.983996931725653834e+00 9.207767635190301689e+02 9.899204373107629620e-06 -2.585750945129963618e+00 1.222773276222599268e+09
8.069436010004893542e-04 -1.977229905725148784e+00 8.653035779167061037e+02 4.353026582738736978e-06 -2.836223902618302262e+00 1.222773276226693869e+09
7.962735880208281127e-04 -1.988532196001377983e+00 9.470348912381811033e+02 1.566528700825029660e-06 -3.739508632068999638e+00 1.222773276227627277e+09
7.971342399574192928e-04 -1.983627127261028855e+00 9.789620434558445368e+02 6.666868585198081550e-06 -2.503039014445118227e+00 1.222773276227879524e+09
7.971342399574192928e-04 -1.983627127261028855e+00 9.789620434558445368e+02 6.666868585198081550e-06 -2.503039014445118227e+00 1.222773276227879524e+09
8.233799811837459650e-04 -1.959635960572457813e+00 7.975452944747687525e+02 3.397209644385721543e-06 -3.295593530911510527e+00 1.222773276229530573e+09
7.971564031756121814e-04 -1.993049129428320354e+00 9.417869600107399037e+02 4.000551189303475961e-06 -3.306750249938128938e+00 1.222773276231359482e+09
7.971564031756121814e-04 -1.993049129428320354e+00 9.417869600107399037e+02 4.000551189303475961e-06 -3.306750249938128938e+00 1.222773276231359482e+09
8.074741635085374127e-04 -1.981300318039905584e+00 8.978659291588460292e+02 3.817263900827830482e-06 -3.141327754806309436e+00 1.222773276233127117e+09
8.284532439112192838e-04 -1.960811631263255084e+00 7.305678045193534444e+02 3.547499022872242734e-06 -3.090570448931012848e+00 1.222773276234298468e+09
8.172922776246910933e-04 -1.976153001767950723e+00 7.818108267680678409e+02 3.739365803265955085e-06 -3.285332668552833013e+00 1.222773276236290932e+09
8.172922776246910933e-04 -1.976153001767950723e+00 7.818108267680678409e+02 3.739365803265955085e-06 -3.285332668552833013e+00 1.222773276236290932e+09
8.067055364254133209e-04 -1.984663692875104246e+00 8.215444961589752211e+02 3.697749649369130372e-06 -3.251432780826331026e+00 1.222773276236762285e+09
8.015508445145995767e-04 -1.979834515791576433e+00 9.853840759547248354e+02 1.089361466343143763e-05 -2.354816719790536084e+00 1.222773276238930225e+09
8.147827060449547125e-04 -1.969342199607272192e+00 8.701742132432428889e+02 3.259355009737761711e-06 -3.552490680882272933e+00 1.222773276244067669e+09
7.974197485847466568e-04 -1.979929019111034805e+00 9.756206473796988803e+02 1.767063335924824741e-06 -3.847382291179192393e+00 1.222773276245506763e+09
7.997748397004950669e-04 -1.989778021788974227e+00 8.987706477561389420e+02 6.947019210594253492e-06 -2.842035725617469311e+00 1.222773276246037722e+09
7.936942993796166452e-04 -1.988405938446740517e+00 9.303180713592935263e+02 3.183731238940760669e-06 -3.257848805163912509e+00 1.222773276246184587e+09
8.105292419081830922e-04 -1.973865123070021266e+00 8.229705056558912020e+02 7.077201991623589785e-07 -4.547326029156043781e+00 1.222773276250591993e+09
7.968213535877381563e-04 -1.984458140233354762e+00 9.478236974135179480e+02 7.183473717863446936e-06 -2.848313191527410027e+00 1.222773276254700661e+09
8.192804634405084383e-04 -1.968094865483533518e+00 7.382435333248475899e+02 3.754412204692069766e-06 -3.305061242525578535e+00 1.222773276259628534e+09
8.034705426299829697e-04 -1.985415961240176941e+00 8.337076030338849932e+02 1.409507857323391920e-06 -4.108940105052814928e+00 1.222773276259870768e+09
8.076034710980179625e-04 -1.978628891087040653e+00 8.174310475400260430e+02 9.192677345989532869e-07 -4.412490849302733942e+00 1.222773276262072563e+09
7.920843868095648211e-04 -1.990953656636687885e+00 9.284847663073090871e+02 2.530888438851008045e-06 -3.562204426252353784e+00 1.222773276262587547e+09
7.979085835413866033e-04 -1.991860866473440517e+00 9.089503973011915150e+02 1.673288081225919566e-06 -3.985827025154700998e+00 1.222773276264776468e+09
8.046918248320792224e-04 -1.974219183341860528e+00 9.795014967385538966e+02 3.921853723585842332e-06 -3.093964630504173030e+00 1.222773276266338348e+09
8.037121377002376518e-04 -1.987005484242990061e+00 8.397207683094745789e+02 2.241550991699560752e-06 -3.692837245579720928e+00 1.222773276268209219e+09
8.198777426771938293e-04 -1.966827233987716861e+00 7.695865488475105849e+02 3.079980444984829059e-06 -3.169157593211302526e+00 1.222773276268921375e+09
8.198777426771938293e-04 -1.966827233987716861e+00 7.695865488475105849e+02 3.079980444984829059e-06 -3.169157593211302526e+00 1.222773276268921375e+09
7.949358548583122623e-04 -1.991905567636650831e+00 9.733399771243491614e+02 1.184529295746470777e-06 -4.352222965481087336e+00 1.222773276270636797e+09
7.991366363616203951e-04 -1.980369137701137427e+00 9.784480668288749712e+02 2.690483577278099069e-06 -3.263287958033329161e+00 1.222773276271468401e+09
7.904528506367143603e-04 -1.991798184694618445e+00 9.932529326634191875e+02 2.469363746491217290e-06 -3.357500455711154075e+00 1.222773276271593571e+09
7.904528506367143603e-04 -1.991798184694618445e+00 9.932529326634191875e+02 2.469363746491217290e-06 -3.357500455711154075e+00 1.222773276271593571e+09
7.976798585669274367e-04 -1.984875143202224912e+00 9.896227206254347948e+02 1.299630496736725009e-06 -3.891388437148568968e+00 1.222773276273922205e+09
7.996134527114823589e-04 -1.988153394870884494e+00 8.536169617038137858e+02 3.399584215304476206e-06 -3.356369145858799641e+00 1.222773276279500723e+09
8.099237900632857805e-04 -1.977280343946953511e+00 8.547524357075986927e+02 8.932752483152464819e-07 -4.289310866387607390e+00 1.222773276279828548e+09
8.099237900632857805e-04 -1.977280343946953511e+00 8.547524357075986927e+02 8.932752483152464819e-07 -4.289310866387607390e+00 1.222773276279828548e+09
8.346711997623228315e-04 -1.959655127399916541e+00 6.940036231578017123e+02 6.288636797262209839e-06 -2.820357324850548686e+00 1.222773276280178785e+09
8.235144786200227548e-04 -1.961605321741708652e+00 7.842578066504357821e+02 9.217769282230329675e-06 -2.493261003871323211e+00 1.222773276281635523e+09
7.993087178282564558e-04 -1.987410940592389652e+00 8.883366751342987300e+02 1.338774710628572512e-06 -3.947501550485343458e+00 1.222773276282362223e+09
7.963954075536635408e-04 -1.989416125703841853e+00 9.560213104622112041e+02 9.391430993155961077e-07 -4.233944847049242455e+00 1.222773276284627199e+09
7.961504422032197057e-04 -1.988225911394847500e+00 9.078111060756083361e+02 9.692184152042884257e-07 -4.250271459785720296e+00 1.222773276285143137e+09
7.976387254289233480e-04 -1.985014157131926860e+00 9.753747698276985147e+02 4.727036292269564163e-07 -4.858065576039729550e+00 1.222773276285248756e+09
8.367319952429223178e-04 -1.952766223351056762e+00 7.062256147015276611e+02 7.167618472409236218e-06 -2.698472376550146379e+00 1.222773276286803484e+09
7.983826890343058902e-04 -1.986170107029746390e+00 9.561345216612053264e+02 9.633399979520234071e-07 -4.514812914097165120e+00 1.222773276288438797e+09
8.094756481939363894e-04 -1.978526739992140460e+00 8.198239410689772058e+02 6.143868238679719308e-06 -2.658945439134766886e+00 1.222773276289300680e+09
8.155166312158298927e-04 -1.971121384875441418e+00 8.706461749354077710e+02 5.803811523724771153e-06 -3.067265312670013344e+00 1.222773276289759159e+09
8.007790371179472231e-04 -1.978277800216899696e+00 9.502104440706070818e+02 3.136376717168794059e-06 -3.164239097433837244e+00 1.222773276290284395e+09
8.007790371179472231e-04 -1.978277800216899696e+00 9.502104440706070818e+02 3.136376717168794059e-06 -3.164239097433837244e+00 1.222773276290284395e+09
7.987806229210782372e-04 -1.988113334796036247e+00 8.650400468570893509e+02 4.610713370667559974e-06 -3.118927983867612497e+00 1.222773276290662766e+09
8.045490371873821860e-04 -1.979867188510216813e+00 8.534731457408310007e+02 7.969351661311150961e-06 -2.640277436794002952e+00 1.222773276291722536e+09
8.167432677064896630e-04 -1.972714901865465276e+00 7.999428266436786998e+02 1.730101662328906342e-06 -3.734591718615074996e+00 1.222773276293899775e+09
7.868307642064543842e-04 -1.997296783372578766e+00 9.802905671397568312e+02 3.490033429149480215e-06 -3.394260806366173000e+00 1.222773276294923544e+09
8.031545880338043092e-04 -1.981819406522374205e+00 8.964266096041783385e+02 1.579557927709789511e-06 -4.169295878563607616e+00 1.222773276295471430e+09
8.031545880338043092e-04 -1.981819406522374205e+00 8.964266096041783385e+02 1.579557927709789511e-06 -4.169295878563607616e+00 1.222773276295471430e+09
8.143297267103727886e-04 -1.971747715415679725e+00 7.839944856609628232e+02 3.207790309537971287e-06 -3.170271520107391439e+00 1.222773276295916080e+09
8.143297267103727886e-04 -1.971747715415679725e+00 7.839944856609628232e+02 3.207790309537971287e-06 -3.170271520107391439e+00 1.222773276295916080e+09
8.001197370210904941e-04 -1.986396865416451885e+00 9.090223406800517978e+02 4.213533345370879010e-06 -2.935601351356261546e+00 1.222773276296837330e+09
7.988777921433823847e-04 -1.988942586836393023e+00 8.814135827754370212e+02 1.173525299976727079e-06 -4.291177316644200879e+00 1.222773276297353983e+09
7.914569746916300932e-04 -1.994936554179132848e+00 9.953078635731091026e+02 2.929796995719814629e-06 -3.306271793651999857e+00 1.222773276298394203e+09
7.965363558287398777e-04 -1.984204930055663230e+00 9.541963064892140665e+02 7.325449333874107835e-06 -2.514593121118814167e+00 1.222773276298424244e+09
8.077580908437015936e-04 -1.977999104531372287e+00 8.297533058390696397e+02 6.809016404221417747e-07 -4.583816029777969092e+00 1.222773276298894167e+09
8.077580908437015936e-04 -1.977999104531372287e+00 8.297533058390696397e+02 6.809016404221417747e-07 -4.583816029777969092e+00 1.222773276298894167e+09
8.025246546736405917e-04 -1.983972104307460516e+00 9.362024858957186098e+02 7.932336076147613547e-06 -2.844099501251550421e+00 1.222773276300592661e+09
8.031558760627794530e-04 -1.975645513282060062e+00 9.251725625696964244e+02 6.777345289693390236e-06 -2.731454342614696884e+00 1.222773276301180601e+09
8.106705716308320675e-04 -1.974250100326748747e+00 8.668385716565546772e+02 8.013689891235955740e-07 -4.377864004976003365e+00 1.222773276301578045e+09
7.952037672743466745e-04 -1.983174894107828434e+00 9.669274585768300767e+02 2.879770459539523177e-06 -3.545778453693678500e+00 1.222773276304169178e+09
8.124746939786472132e-04 -1.972403802280664475e+00 7.999594191799174041e+02 2.638431366182995196e-06 -3.692149841477957217e+00 1.222773276305424690e+09
8.124746939786472132e-04 -1.972403802280664475e+00 7.999594191799174041e+02 2.638431366182995196e-06 -3.692149841477957217e+00 1.222773276305424690e+09
8.002204783388247459e-04 -1.983177355555473920e+00 9.374611444576260055e+02 6.003296777266090779e-07 -4.575726447956864007e+00 1.222773276305595636e+09
8.100544078489547431e-04 -1.972134310755562225e+00 8.659144768720979073e+02 1.750858734477619495e-06 -3.651163978783831254e+00 1.222773276306139469e+09
8.296882290916468864e-04 -1.960310054813808378e+00 6.981486119820697240e+02 1.565759502200162521e-06 -3.980075041109047973e+00 1.222773276306781530e+09
8.326478646596662935e-04 -1.958949064043378430e+00 6.982971960033551113e+02 6.516248434716130474e-06 -2.660760199114760027e+00 1.222773276309090614e+09
7.949069210887771452e-04 -1.990025220385692073e+00 9.165294384196050714e+02 8.994180547693911261e-07 -4.352184183976847365e+00 1.222773276310573339e+09
8.159660979502166228e-04 -1.974616397807193557e+00 8.225892844692691597e+02 2.568538615839268674e-06 -3.747163054149543093e+00 1.222773276310608149e+09
8.159660979502166228e-04 -1.974616397807193557e+00 8.225892844692691597e+02 2.568538615839268674e-06 -3.747163054149543093e+00 1.222773276310608149e+09
8.222095609009762336e-04 -1.964702448956430203e+00 7.632160809968236208e+02 1.532727043118083071e-06 -3.804403536207872527e+00 1.222773276311402321e+09
7.898831924315247209e-04 -1.995850776317019903e+00 9.897437710781299529e+02 2.122736213731905912e-06 -3.936176275524543300e+00 1.222773276314492464e+09
8.076799882254229917e-04 -1.971927193656123789e+00 9.289630347974276674e+02 2.814776288919874913e-06 -3.340470316724584166e+00 1.222773276315865278e+09
8.076799882254229917e-04 -1.971927193656123789e+00 9.289630347974276674e+02 2.814776288919874913e-06 -3.340470316724584166e+00 1.222773276315865278e+09
7.935351831844500827e-04 -1.985693542976575632e+00 9.983571201127406312e+02 8.738819490906851108e-07 -4.265492961342673972e+00 1.222773276316583395e+09
8.176829713653866946e-04 -1.965720763443604913e+00 8.359835312266752680e+02 8.320397933401177685e-06 -2.448276867097026965e+00 1.222773276316638231e+09
7.958628392196396813e-04 -1.986792503638450391e+00 9.269353624900043087e+02 2.580594876885093904e-06 -3.345200426498594837e+00 1.222773276317741394e+09
8.219805657136438314e-04 -1.971125570355865886e+00 7.410365390064464464e+02 2.020377744689501242e-06 -3.737699764561186910e+00 1.222773276319334507e+09
8.219805657136438314e-04 -1.971125570355865886e+00 7.410365390064464464e+02 2.020377744689501242e-06 -3.737699764561186910e+00 1.222773276319334507e+09
7.998391648325528774e-04 -1.986194174070542884e+00 9.778268052490499258e+02 1.596357192983036383e-06 -3.860870962604120216e+00 1.222773276319518089e+09
7.998391648325528774e-04 -1.986194174070542884e+00 9.778268052490499258e+02 1.596357192983036383e-06 -3.860870962604120216e+00 1.222773276319518089e+09
8.182224165042549817e-04 -1.965800974016442826e+00 8.416394845765863693e+02 2.603172353068969547e-06 -3.418861560861694571e+00 1.222773276319664717e+09
8.228354089348300683e-04 -1.966893117200119168e+00 7.232643896567070669e+02 4.954090433838109510e-06 -3.155355639785407007e+00 1.222773276319874763e+09
8.188530112531084999e-04 -1.966974123314101597e+00 8.298773212975289653e+02 1.647652682180183179e-06 -4.016448136670185853e+00 1.222773276323549271e+09
8.078070748403950703e-04 -1.980041049393917785e+00 9.182243438274005030e+02 5.791082955014382221e-06 -2.841430494753065084e+00 1.222773276327684402e+09
8.215740315791375710e-04 -1.964199117964165575e+00 7.545650162164915855e+02 7.269817945379461047e-06 -2.728536669734504372e+00 1.222773276328621864e+09
8.215740315791375710e-04 -1.964199117964165575e+00 7.545650162164915855e+02 7.269817945379461047e-06 -2.728536669734504372e+00 1.222773276328621864e+09
8.208357659173372680e-04 -1.963168396400758464e+00 7.684865823068197415e+02 4.875149246231416436e-06 -2.896063575778855537e+00 1.222773276329663992e+09
7.956738708672811715e-04 -1.988879761852896166e+00 9.699499780495855248e+02 1.235554676740810560e-06 -3.954548728866885909e+00 1.222773276335676670e+09
8.178776654667322321e-04 -1.970095549667187029e+00 8.036034094039262072e+02 4.323144961714642645e-06 -3.378999296453582879e+00 1.222773276337141275e+09
7.994726495140853841e-04 -1.990602429761832326e+00 9.366827177760112590e+02 4.572371357877818161e-06 -3.225295553322878206e+00 1.222773276338129044e+09
7.994726495140853841e-04 -1.990602429761832326e+00 9.366827177760112590e+02 4.572371357877818161e-06 -3.225295553322878206e+00 1.222773276338129044e+09
8.066765443702036313e-04 -1.976198257368793954e+00 9.305913584974086916e+02 1.323547105064153425e-06 -3.958339726639471756e+00 1.222773276339568615e+09
8.039624074702993346e-04 -1.981205440416728525e+00 9.427925180997079906e+02 3.371869405311054787e-06 -3.139325216523129569e+00 1.222773276340654612e+09
8.039624074702993346e-04 -1.981205440416728525e+00 9.427925180997079906e+02 3.371869405311054787e-06 -3.139325216523129569e+00 1.222773276340654612e+09
8.067724891973572987e-04 -1.972199984118471194e+00 9.074003212224374693e+02 5.639445592633545872e-06 -2.798101100491306781e+00 1.222773276342081308e+09
8.024247434327295894e-04 -1.977172687616872260e+00 8.955708819875452491e+02 3.964101266045753352e-06 -3.124912390696600539e+00 1.222773276344687462e+09
8.041186112172556697e-04 -1.981233682600431090e+00 9.485252884907414455e+02 1.594241104839445803e-06 -3.843635794925134519e+00 1.222773276345103741e+09
8.073812168564936187e-04 -1.973775036089847834e+00 8.983265946740178833e+02 5.278180262673307657e-06 -2.713784989398995151e+00 1.222773276345790386e+09
8.131303388658578076e-04 -1.972461344446777565e+00 8.512648359483134755e+02 2.764259307293408645e-06 -3.266426160804765111e+00 1.222773276345796347e+09
8.131303388658578076e-04 -1.972461344446777565e+00 8.512648359483134755e+02 2.764259307293408645e-06 -3.266426160804765111e+00 1.222773276345796347e+09
7.866085289313687031e-04 -1.997084501932577583e+00 9.913944727659555838e+02 2.084229565146939761e-06 -3.861340112861202378e+00 1.222773276346312284e+09
7.866085289313687031e-04 -1.997084501932577583e+00 9.913944727659555838e+02 2.084229565146939761e-06 -3.861340112861202378e+00 1.222773276346312284e+09
8.259669383529412738e-04 -1.961864004629270575e+00 7.731103603753177822e+02 2.389284164852904456e-06 -3.756549191060253534e+00 1.222773276351184130e+09
8.106394052984437206e-04 -1.970316248669898629e+00 9.257101720567735583e+02 5.992906604563556077e-06 -2.769392047198619977e+00 1.222773276351197243e+09
8.274261095162457110e-04 -1.960816351127828483e+00 7.779408183578616445e+02 3.726152479483334036e-06 -3.210851597672606417e+00 1.222773276352418661e+09
8.274261095162457110e-04 -1.960816351127828483e+00 7.779408183578616445e+02 3.726152479483334036e-06 -3.210851597672606417e+00 1.222773276352418661e+09
8.081262060465968251e-04 -1.982356031040997557e+00 8.065650762469548454e+02 4.434266212900554297e-06 -3.271100768461379538e+00 1.222773276355841398e+09
8.355905899661654262e-04 -1.953432929777715099e+00 7.033244619843590044e+02 2.767328736457884636e-06 -3.437930560426759818e+00 1.222773276356215477e+09
8.202840263646043019e-04 -1.964162778309848312e+00 7.819809758545034128e+02 1.687785901866416616e-06 -3.754073850039604032e+00 1.222773276356764793e+09
7.891994107977576582e-04 -1.994291898833852716e+00 9.750535438608952745e+02 8.692325629748355397e-07 -4.430037806912841880e+00 1.222773276357536793e+09
7.979052049821452018e-04 -1.981808970919047397e+00 9.663538507595719693e+02 3.703643273256784130e-06 -3.449095251286003361e+00 1.222773276358777285e+09
7.979052049821452018e-04 -1.981808970919047397e+00 9.663538507595719693e+02 3.703643273256784130e-06 -3.449095251286003361e+00 1.222773276358777285e+09
7.928052324539025314e-04 -1.985390603260443809e+00 9.938793686123934776e+02 2.083176856797201284e-06 -3.816710356207343224e+00 1.222773276359344482e+09
7.979137533474792631e-04 -1.989061940073767909e+00 9.375701368997121108e+02 5.066981646200988698e-06 -2.831081255201556957e+00 1.222773276360828400e+09
8.150877383294585906e-04 -1.971789809520568593e+00 8.309613159462024896e+02 1.995137583520454555e-06 -3.572029698151221844e+00 1.222773276360881090e+09
8.178332127404134080e-04 -1.969794983219250284e+00 7.477391350810487438e+02 1.935977874828755848e-06 -3.712558391510690115e+00 1.222773276362143278e+09
8.032005764282363139e-04 -1.984022085488145848e+00 9.744501535475403671e+02 5.280328784810789563e-06 -3.088479001423722892e+00 1.222773276362752199e+09
7.962685524344166122e-04 -1.985131132717511848e+00 9.603673625781541432e+02 5.343558509284723684e-07 -4.716355374893064223e+00 1.222773276364461899e+09
7.968595351407688513e-04 -1.990580258121068979e+00 9.931039282739438931e+02 2.192850430054940856e-06 -3.659054032135290235e+00 1.222773276364959002e+09
8.099093994846375769e-04 -1.971421723445921703e+00 9.207005450897788705e+02 4.537101545372409188e-06 -2.927303748280698947e+00 1.222773276365573406e+09
8.022608955487466574e-04 -1.979011281158915558e+00 9.700863029435986391e+02 4.390774890203202919e-06 -2.866787040132792619e+00 1.222773276365689278e+09
8.096684175546077934e-04 -1.971992442116267785e+00 8.805732528859117565e+02 6.694360260709633260e-06 -2.542982510962927378e+00 1.222773276369622231e+09
8.192907743906097670e-04 -1.962597742713528381e+00 8.107823295042669542e+02 5.229957524146803918e-06 -2.964181023194215392e+00 1.222773276369817019e+09
8.329536732273989507e-04 -1.960073991454212905e+00 6.927334841823349052e+02 6.497579455698758944e-06 -2.935066534634636959e+00 1.222773276370517254e+09
8.329536732273989507e-04 -1.960073991454212905e+00 6.927334841823349052e+02 6.497579455698758944e-06 -2.935066534634636959e+00 1.222773276370517254e+09
8.180962055715934210e-04 -1.971391742281061177e+00 7.619677126355767314e+02 3.886474459648932873e-06 -3.435214233238378156e+00 1.222773276373775244e+09
8.180962055715934210e-04 -1.971391742281061177e+00 7.619677126355767314e+02 3.886474459648932873e-06 -3.435214233238378156e+00 1.222773276373775244e+09
8.088598869552574922e-04 -1.980413490319570702e+00 8.236760750134574209e+02 8.389988379419621411e-06 -2.586653466464552409e+00 1.222773276376233816e+09
8.139106004448858067e-04 -1.967744613680708632e+00 8.353730640459673396e+02 2.342349624343412164e-06 -3.475664951055987828e+00 1.222773276376699448e+09
8.406514623346490658e-04 -1.952043467140728294e+00 6.589457479088379159e+02 3.028358463313582903e-06 -3.410794513593347510e+00 1.222773276376702785e+09
8.406514623346490658e-04 -1.952043467140728294e+00 6.589457479088379159e+02 3.028358463313582903e-06 -3.410794513593347510e+00 1.222773276376702785e+09
8.120188689803786112e-04 -1.968884133151607152e+00 8.746338936145785965e+02 2.226523078205288867e-06 -3.534792794349510991e+00 1.222773276376802683e+09
8.122082593094698657e-04 -1.970686429023740249e+00 8.206742815836782938e+02 1.205723630956541720e-06 -4.187130954154765661e+00 1.222773276378487587e+09
8.122082593094698657e-04 -1.970686429023740249e+00 8.206742815836782938e+02 1.205723630956541720e-06 -4.187130954154765661e+00 1.222773276378487587e+09
8.089265692236533066e-04 -1.971301465580546974e+00 9.159166611082006284e+02 3.347947915963199300e-06 -3.175629331619978402e+00 1.222773276380684614e+09
8.084655388546357901e-04 -1.978736653341030660e+00 8.750551344792013424e+02 8.034330268258734888e-07 -4.532198139327406672e+00 1.222773276381111622e+09
8.323773496102104949e-04 -1.956762019031763611e+00 6.857134947218697789e+02 3.188773512362614295e-06 -3.374710347990169446e+00 1.222773276382433891e+09
8.038886321843044698e-04 -1.975507571229587978e+00 9.945659975707085323e+02 2.908616224293062357e-06 -3.538436549719905955e+00 1.222773276383845329e+09
7.983845009523203888e-04 -1.985651912545276954e+00 9.874028086728836797e+02 3.872847098416186213e-06 -3.492582355326891985e+00 1.222773276384692907e+09
7.924107342626934098e-04 -1.992840197570879379e+00 9.927877134795813845e+02 2.416230950474501170e-06 -3.418812910143945949e+00 1.222773276384898663e+09
8.228145589500855976e-04 -1.964449751124830668e+00 8.030780382411655864e+02 8.981605508787862381e-06 -2.603212395917527289e+00 1.222773276385246992e+09
8.228145589500855976e-04 -1.964449751124830668e+00 8.030780382411655864e+02 8.981605508787862381e-06 -2.603212395917527289e+00 1.222773276385246992e+09
8.145767104096641618e-04 -1.969626457867411862e+00 8.601763246961462528e+02 1.252781031650556674e-06 -4.196358198771982018e+00 1.222773276385267735e+09
7.905510160377340889e-04 -1.995527628292410149e+00 9.844194727559281546e+02 4.859066884224593677e-06 -2.916470461816979665e+00 1.222773276385325670e+09
7.975149144692307351e-04 -1.984166356247704988e+00 9.467303269681081019e+02 2.240977223889527616e-06 -3.878305087781980021e+00 1.222773276386129141e+09
8.047171478055071322e-04 -1.982577475502897979e+00 8.609027833112542112e+02 1.842742734328991157e-06 -4.043739713373332378e+00 1.222773276388507128e+09
8.189794552727652950e-04 -1.965866929818173237e+00 8.098117992531635991e+02 5.563258654736721202e-06 -3.110512102871107132e+00 1.222773276389915228e+09
8.246585168201260065e-04 -1.968109750115566214e+00 7.103357123452984752e+02 3.632964827631136301e-06 -3.217655993372281920e+00 1.222773276392638922e+09
8.238936184481543629e-04 -1.967620800088537569e+00 7.099499562554501608e+02 2.032938330658495664e-06 -3.791925272271923220e+00 1.222773276393834591e+09
8.126318297360335353e-04 -1.977415895394126100e+00 7.653585831028034363e+02 2.741871117462098933e-06 -3.501375500577553979e+00 1.222773276394945383e+09
8.285206684674546913e-04 -1.958882439383396346e+00 7.473744798245627408e+02 1.721003909673516564e-06 -3.834323679791802775e+00 1.222773276395102978e+09
8.285206684674546913e-04 -1.958882439383396346e+00 7.473744798245627408e+02 1.721003909673516564e-06 -3.834323679791802775e+00 1.222773276395102978e+09
8.053460130499621224e-04 -1.975025289319775723e+00 9.103399533045028420e+02 1.805219982991928046e-06 -3.647041217471037378e+00 1.222773276396855354e+09
8.118881974147800287e-04 -1.971297009549141332e+00 8.442813999044763023e+02 1.264837443011442281e-06 -4.239032639255401413e+00 1.222773276397942781e+09
7.925233514870479645e-04 -1.990248198551809011e+00 9.651079210668842734e+02 4.050654785368293967e-06 -2.973947531259884869e+00 1.222773276399189949e+09
7.925233514870479645e-04 -1.990248198551809011e+00 9.651079210668842734e+02 4.050654785368293967e-06 -2.973947531259884869e+00 1.222773276399189949e+09
8.361645910626018833e-04 -1.955139789903835634e+00 6.922662345873008007e+02 3.529290603634036491e-06 -3.190658916337502760e+00 1.222773276402403831e+09
8.361645910626018833e-04 -1.955139789903835634e+00 6.922662345873008007e+02 3.529290603634036491e-06 -3.190658916337502760e+00 1.222773276402403831e+09
8.057709882442069859e-04 -1.983981394238764739e+00 8.452269294100664183e+02 7.616116981113618772e-06 -2.718360507313210661e+00 1.222773276405667067e+09
8.097857345769934575e-04 -1.975183986976098982e+00 8.587978335514815171e+02 1.236881123200234134e-06 -3.947313883331730722e+00 1.222773276408186674e+09
8.006736059539990100e-04 -1.985640786310267414e+00 9.500609174174545615e+02 8.407806298553646751e-07 -4.469230996437540959e+00 1.222773276409496784e+09
8.015734739332112295e-04 -1.985625354946768173e+00 9.762803399262757011e+02 2.433615291577910642e-06 -3.735378508889356297e+00 1.222773276409587622e+09
7.950162636329024613e-04 -1.993955406906903871e+00 9.278335773250250895e+02 2.670040352313744503e-06 -3.699825693579401609e+00 1.222773276411225557e+09
8.159799377408028572e-04 -1.967892017019105655e+00 8.013665794266772764e+02 1.993698866858154048e-06 -3.578265335963942917e+00 1.222773276413825274e+09
8.159799377408028572e-04 -1.967892017019105655e+00 8.013665794266772764e+02 1.993698866858154048e-06 -3.578265335963942917e+00 1.222773276413825274e+09
8.125396085003110461e-04 -1.976782507331706906e+00 8.249603644755230789e+02 5.154429145451296925e-06 -2.812976221066534777e+00 1.222773276413871765e+09
8.237275852588271967e-04 -1.963941203460799478e+00 7.654422068282535747e+02 2.120308680774910621e-06 -3.537595059017144550e+00 1.222773276414587259e+09
8.150901550435646608e-04 -1.973077967343126682e+00 7.967872440701155483e+02 8.078684119260604862e-07 -4.536746611031790444e+00 1.222773276415193081e+09
8.156544272797650302e-04 -1.972520295546848157e+00 8.274011353477600323e+02 5.446934661913412959e-06 -3.182930681071960421e+00 1.222773276418446541e+09
8.156544272797650302e-04 -1.972520295546848157e+00 8.274011353477600323e+02 5.446934661913412959e-06 -3.182930681071960421e+00 1.222773276418446541e+09
7.917447776020027951e-04 -1.988809536126004751e+00 9.549143385678559071e+02 2.285672543480290146e-06 -3.640469697260858339e+00 1.222773276419132233e+09
8.245996695163115018e-04 -1.961167496115866493e+00 7.382680828664665569e+02 2.063595054400668270e-06 -3.687264749447510148e+00 1.222773276419353008e+09
8.055640643400568696e-04 -1.982239578877681208e+00 9.129034089235507281e+02 6.956808053036685342e-06 -2.952814328040281211e+00 1.222773276421885252e+09
8.246513978747472846e-04 -1.959378236888491998e+00 7.614031088611861833e+02 4.217174581480770028e-06 -3.181599908515533315e+00 1.222773276427361727e+09
8.246513978747472846e-04 -1.959378236888491998e+00 7.614031088611861833e+02 4.217174581480770028e-06 -3.181599908515533315e+00 1.222773276427361727e+09
8.152861972024931861e-04 -1.972738066828300108e+00 7.925035176629239686e+02 8.712739534471971073e-06 -2.435462261764076430e+00 1.222773276430148125e+09
8.152861972024931861e-04 -1.972738066828300108e+00 7.925035176629239686e+02 8.712739534471971073e-06 -2.435462261764076430e+00 1.222773276430148125e+09
8.073535207222435565e-04 -1.976668068495498698e+00 8.347962881002257518e+02 5.492654466874954271e-06 -2.766318866755019812e+00 1.222773276430414438e+09
7.893142524464051958e-04 -1.998024364753234750e+00 9.898440353542608818e+02 1.416920658998079796e-06 -4.132668809996906667e+00 1.222773276431456327e+09
7.893142524464051958e-04 -1.998024364753234750e+00 9.898440353542608818e+02 1.416920658998079796e-06 -4.132668809996906667e+00 1.222773276431456327e+09
8.032303901920051633e-04 -1.977455968164184785e+00 9.986326711660636875e+02 2.512552019036280116e-06 -3.700184903041622952e+00 1.222773276432095528e+09
8.058965192524257352e-04 -1.979968424413978134e+00 8.587888750940765021e+02 8.783182085695902739e-07 -4.268573550727658983e+00 1.222773276436970711e+09
8.213007933610974804e-04 -1.970443496321072185e+00 7.492802537289323936e+02 1.392702537034715449e-06 -4.034522184713246418e+00 1.222773276437810183e+09
8.179562688330497882e-04 -1.972158719673503313e+00 7.362366062175260595e+02 3.399942091877786336e-06 -3.396830587813392199e+00 1.222773276442838192e+09
8.196294304023869033e-04 -1.969049099228490363e+00 7.483878148808310016e+02 2.027399439390024406e-06 -3.600227488381915641e+00 1.222773276443545341e+09
8.018717580041152121e-04 -1.987498479806579788e+00 9.439148210590904000e+02 3.584513369719841897e-06 -3.409963772971543960e+00 1.222773276444189787e+09
8.018717580041152121e-04 -1.987498479806579788e+00 9.439148210590904000e+02 3.584513369719841897e-06 -3.409963772971543960e+00 1.222773276444189787e+09
7.991247380944067891e-04 -1.990385286986510849e+00 8.961103844577143036e+02 3.542183897252796215e-06 -3.255718568093126208e+00 1.222773276447323322e+09
8.098190923223255993e-04 -1.979100687906444556e+00 8.062540342810801803e+02 1.508602041866075030e-06 -4.139092068300374905e+00 1.222773276448072433e+09
8.108321486095420357e-04 -1.970652143872827722e+00 8.839519865653942361e+02 1.223038199399144110e-06 -4.108191559093302914e+00 1.222773276452260733e+09
8.147518472843625226e-04 -1.968396441791245621e+00 8.623402029325073954e+02 9.331133305076439127e-06 -2.417026638218235490e+00 1.222773276454778671e+09
8.167731086259986256e-04 -1.970359005906058947e+00 7.716508110144335433e+02 1.421591821331432929e-06 -4.150581499699939947e+00 1.222773276455477953e+09
8.167731086259986256e-04 -1.970359005906058947e+00 7.716508110144335433e+02 1.421591821331432929e-06 -4.150581499699939947e+00 1.222773276455477953e+09
8.267243937715378728e-04 -1.967194844621243055e+00 7.025694583609404162e+02 3.817561358614399050e-06 -3.232270766636137438e+00 1.222773276457089901e+09
7.931014726926020149e-04 -1.985716060469103095e+00 9.720998514128131092e+02 2.440637697768507308e-06 -3.504623039033054610e+00 1.222773276460294962e+09
7.931014726926020149e-04 -1.985716060469103095e+00 9.720998514128131092e+02 2.440637697768507308e-06 -3.504623039033054610e+00 1.222773276460294962e+09
8.021057260560723661e-04 -1.982135306268024699e+00 9.899316978686318862e+02 6.745633301036392602e-06 -2.647519635245677350e+00 1.222773276462412119e+09
8.053345162068852861e-04 -1.978514803468448768e+00 9.198828187621965071e+02 5.484317364245959777e-06 -2.679608905961599952e+00 1.222773276462777138e+09
7.981485714945115882e-04 -1.984856514560035645e+00 8.978786875516996133e+02 1.279270031988904613e-06 -4.203061056862739342e+00 1.222773276463523626e+09
8.110683063993185359e-04 -1.980106453550332990e+00 8.395769812960586478e+02 5.864924918620016606e-06 -2.868604737143495953e+00 1.222773276464904070e+09
8.110683063993185359e-04 -1.980106453550332990e+00 8.395769812960586478e+02 5.864924918620016606e-06 -2.868604737143495953e+00 1.222773276464904070e+09
7.916526804520893166e-04 -1.993394031130357957e+00 9.416328599335581657e+02 2.521824189623412557e-06 -3.477457029829669644e+00 1.222773276465961933e+09
8.171521738323364635e-04 -1.969964321053845779e+00 8.573614167648032662e+02 4.082492654231180824e-06 -3.330203301624644396e+00 1.222773276466328144e+09
8.041558284326358330e-04 -1.979708188589920148e+00 9.856583561119640535e+02 2.516674441522143625e-06 -3.700361837023772971e+00 1.222773276466711760e+09
8.113979481586958142e-04 -1.979371642515759033e+00 8.069295402058587570e+02 1.566904427649608679e-06 -4.097968266340902943e+00 1.222773276467533350e+09
8.113979481586958142e-04 -1.979371642515759033e+00 8.069295402058587570e+02 1.566904427649608679e-06 -4.097968266340902943e+00 1.222773276467533350e+09
8.310511386259952001e-04 -1.956419636199788759e+00 7.137100762826149776e+02 2.518084738899194071e-06 -3.622966188387628961e+00 1.222773276469747782e+09
8.033221623060305717e-04 -1.979042931005645878e+00 9.314079690622796761e+02 4.033730017077932919e-06 -2.912216165877500984e+00 1.222773276470183372e+09
8.033221623060305717e-04 -1.979042931005645878e+00 9.314079690622796761e+02 4.033730017077932919e-06 -2.912216165877500984e+00 1.222773276470183372e+09
7.954079523629272721e-04 -1.994006771208621132e+00 9.645599812894942033e+02 3.894908407549848340e-06 -3.365004575092727990e+00 1.222773276470276833e+09
7.954079523629272721e-04 -1.994006771208621132e+00 9.645599812894942033e+02 3.894908407549848340e-06 -3.365004575092727990e+00 1.222773276470276833e+09
7.895481485747504269e-04 -1.997367352877914781e+00 9.638321944149616911e+02 3.608144722371766193e-06 -3.278217793159390325e+00 1.222773276471305609e+09
8.067131726647567593e-04 -1.976770724355190634e+00 9.158939276410201273e+02 4.533537164247629671e-06 -2.842888280085670516e+00 1.222773276471986294e+09
8.028374540704722329e-04 -1.984813471931733631e+00 8.548851295193795750e+02 5.729352692014284006e-06 -3.065743691250499836e+00 1.222773276474385262e+09
8.028374540704722329e-04 -1.984813471931733631e+00 8.548851295193795750e+02 5.729352692014284006e-06 -3.065743691250499836e+00 1.222773276474385262e+09
8.065575094665607993e-04 -1.973366621391277276e+00 9.186232779941585704e+02 7.763479023691239139e-06 -2.692492744618399492e+00 1.222773276479508638e+09
8.065575094665607993e-04 -1.973366621391277276e+00 9.186232779941585704e+02 7.763479023691239139e-06 -2.692492744618399492e+00 1.222773276479508638e+09
8.309857687869559844e-04 -1.955032046780261101e+00 7.388435009823413111e+02 4.536806307385966261e-06 -3.069479544673780147e+00 1.222773276484143019e+09
8.116172887145456979e-04 -1.970060753607599136e+00 9.159106275428910067e+02 5.320302476932712656e-06 -2.868615097877923681e+00 1.222773276485597610e+09
8.068525946688609668e-04 -1.974821360558901784e+00 9.221231812855124872e+02 3.996133224876265727e-06 -3.400091475686783937e+00 1.222773276485703468e+09
8.180026796781987792e-04 -1.973358826621348205e+00 8.056099023920089621e+02 2.828707433100938675e-06 -3.472131537077832064e+00 1.222773276485810995e+09
7.963074641294433246e-04 -1.984975283229810650e+00 9.238186154552183780e+02 2.802351930409301100e-06 -3.335496192620261979e+00 1.222773276488239050e+09
7.963074641294433246e-04 -1.984975283229810650e+00 9.238186154552183780e+02 2.802351930409301100e-06 -3.335496192620261979e+00 1.222773276488239050e+09
8.151936974706427367e-04 -1.975867398985009515e+00 8.346637927332538993e+02 3.344739623798387191e-06 -3.409866437815279205e+00 1.222773276491646528e+09
8.151936974706427367e-04 -1.975867398985009515e+00 8.346637927332538993e+02 3.344739623798387191e-06 -3.409866437815279205e+00 1.222773276491646528e+09
7.951746542180921891e-04 -1.993726288415695880e+00 9.405190143966457299e+02 3.076880950105477902e-06 -3.604367001055945430e+00 1.222773276492416859e+09
7.951746542180921891e-04 -1.993726288415695880e+00 9.405190143966457299e+02 3.076880950105477902e-06 -3.604367001055945430e+00 1.222773276492416859e+09
8.085998476914125219e-04 -1.973264497079241231e+00 9.549499258688692862e+02 5.014762827392184491e-06 -3.103940869505518840e+00 1.222773276492860079e+09
7.878505839355088745e-04 -1.994699933025059657e+00 9.902689892306883621e+02 3.323380611968379619e-06 -3.495652702044660387e+00 1.222773276493679523e+09
8.072736095972824367e-04 -1.976584959328715918e+00 9.532536960943616577e+02 2.869218818485638148e-06 -3.412616166988964750e+00 1.222773276495775461e+09
8.072736095972824367e-04 -1.976584959328715918e+00 9.532536960943616577e+02 2.869218818485638148e-06 -3.412616166988964750e+00 1.222773276495775461e+09
8.016226977596124488e-04 -1.981041080535923538e+00 8.674995947354312875e+02 3.515773949493760618e-06 -3.201317406489961215e+00 1.222773276497081280e+09
8.032572658177299530e-04 -1.985244792015395499e+00 8.628473773878750990e+02 1.237467979546665115e-06 -4.282100250949649300e+00 1.222773276497279882e+09
8.198774858332617474e-04 -1.963872238123239633e+00 7.928713394866753106e+02 1.598617772676265303e-06 -3.869325186387793103e+00 1.222773276498176098e+09
8.198774858332617474e-04 -1.963872238123239633e+00 7.928713394866753106e+02 1.598617772676265303e-06 -3.869325186387793103e+00 1.222773276498176098e+09
8.244544500975602066e-04 -1.960664985678901129e+00 7.676757179469811945e+02 3.163324138318158236e-06 -3.507017027146716259e+00 1.222773276499723196e+09
7.912923453891024901e-04 -1.989693483075178904e+00 9.835747267873235842e+02 3.531984175397988704e-06 -3.099509951490460047e+00 1.222773276500423431e+09
8.093930816356536889e-04 -1.974229982699428509e+00 8.969669385517472620e+02 1.673164450083622829e-06 -3.738138607049661388e+00 1.222773276501648903e+09
8.176483619243507615e-04 -1.972247860463168356e+00 7.570649246752084309e+02 3.189785057854552740e-06 -3.232916058767248302e+00 1.222773276502015829e+09
7.987843124002606907e-04 -1.982424822412889753e+00 9.372358422226549237e+02 3.750949300003068439e-06 -3.447787014602905487e+00 1.222773276502292395e+09
8.248202674944943085e-04 -1.968977022192669457e+00 7.235079815021608738e+02 3.559609564949498254e-06 -3.443757620038386591e+00 1.222773276502406836e+09
8.018948419777887499e-04 -1.976457586503935104e+00 9.941283309901746179e+02 3.504588324743583409e-06 -3.408569170396165582e+00 1.222773276503554106e+09
7.944488354280704800e-04 -1.986003474045885620e+00 9.459353918815199904e+02 1.693042898060735123e-06 -3.778979131505771250e+00 1.222773276503617048e+09
8.364990015630648784e-04 -1.956192909901617760e+00 6.953709342320516953e+02 6.783442368436699363e-06 -2.831494381214434419e+00 1.222773276505902052e+09
8.364990015630648784e-04 -1.956192909901617760e+00 6.953709342320516953e+02 6.783442368436699363e-06 -2.831494381214434419e+00 1.222773276505902052e+09
8.307376701777068528e-04 -1.962148571893015836e+00 6.880152695812773800e+02 2.725300370026246425e-06 -3.456445342460654047e+00 1.222773276507215738e+09
8.085272293462876948e-04 -1.975823153609909344e+00 8.851567394896453607e+02 9.188831917496549838e-06 -2.331596702995685888e+00 1.222773276509183407e+09
8.056678758452982337e-04 -1.977098702207759073e+00 8.938082250944124780e+02 1.093340468713045489e-06 -4.054783754746174473e+00 1.222773276509514332e+09
8.087985538906355097e-04 -1.982081953376989114e+00 8.146700646272822723e+02 5.109425268299028379e-06 -3.161471663238200946e+00 1.222773276510149717e+09
8.118985552915553841e-04 -1.973358735034603573e+00 8.533782650882068310e+02 4.443342454534267233e-06 -2.853869528763180341e+00 1.222773276511341572e+09
8.118985552915553841e-04 -1.973358735034603573e+00 8.533782650882068310e+02 4.443342454534267233e-06 -2.853869528763180341e+00 1.222773276511341572e+09
8.024257013515349564e-04 -1.983814568501594433e+00 8.971242130952006164e+02 6.905849990915265989e-06 -2.557802050088879398e+00 1.222773276514429092e+09
8.024257013515349564e-04 -1.983814568501594433e+00 8.971242130952006164e+02 6.905849990915265989e-06 -2.557802050088879398e+00 1.222773276514429092e+09
7.969419073020390671e-04 -1.989781267978845580e+00 9.553321081876148355e+02 1.485105350302531061e-06 -4.198585742006701871e+00 1.222773276516718626e+09
7.954737431395464192e-04 -1.992695645546780359e+00 9.644227784558607937e+02 2.339744466302328465e-06 -3.585825239259050612e+00 1.222773276516883850e+09
7.954737431395464192e-04 -1.992695645546780359e+00 9.644227784558607937e+02 2.339744466302328465e-06 -3.585825239259050612e+00 1.222773276516883850e+09
8.137905919412603307e-04 -1.971827490395114069e+00 8.758250397726476422e+02 1.682849114646288547e-06 -3.977842668324049313e+00 1.222773276517407656e+09
8.131157193596860733e-04 -1.971195085346360454e+00 8.494666473479690012e+02 1.758008267648766215e-06 -3.669150759371486714e+00 1.222773276518395424e+09
8.137705748806303057e-04 -1.978354860895718437e+00 7.890961892208986228e+02 2.455837489736916331e-06 -3.583675429876677754e+00 1.222773276518670559e+09
8.137705748806303057e-04 -1.978354860895718437e+00 7.890961892208986228e+02 2.455837489736916331e-06 -3.583675429876677754e+00 1.222773276518670559e+09
8.086580445647827131e-04 -1.980796780121276024e+00 8.555842241524122755e+02 1.375280929787114206e-06 -4.198512529512345992e+00 1.222773276520912409e+09
7.936913635393989027e-04 -1.989500506480987641e+00 9.517845113995925885e+02 1.451093415775210594e-06 -4.185784541155077143e+00 1.222773276522965908e+09
8.097271160438735066e-04 -1.975205813781007791e+00 9.022685939412051539e+02 1.734631688619770246e-06 -3.766697800850804079e+00 1.222773276523846865e+09
8.053650900493764279e-04 -1.976682925662554213e+00 9.052601573190518138e+02 1.699520266050027698e-06 -3.668471561169269535e+00 1.222773276524784565e+09
8.053650900493764279e-04 -1.976682925662554213e+00 9.052601573190518138e+02 1.699520266050027698e-06 -3.668471561169269535e+00 1.222773276524784565e+09
8.055455584011640257e-04 -1.983578989086417277e+00 8.425711990708714438e+02 1.106909652921510660e-06 -4.222130196048015094e+00 1.222773276525168657e+09
8.211460800708882081e-04 -1.966138625836725939e+00 7.609039197027665296e+02 2.060403489069846817e-06 -3.895928380493614007e+00 1.222773276527879953e+09
7.975317465662317730e-04 -1.989891492118555760e+00 9.125010842746179378e+02 9.820205828129466425e-07 -4.414782385346360805e+00 1.222773276529620171e+09
8.230092425250792095e-04 -1.968574999880646992e+00 7.664506843658052730e+02 2.656011730708211924e-06 -3.471891351149129612e+00 1.222773276530477762e+09
8.235255890368271001e-04 -1.966880390226227959e+00 7.454779298182952516e+02 1.136337561799113557e-06 -4.229010399969336476e+00 1.222773276531798601e+09
8.235255890368271001e-04 -1.966880390226227959e+00 7.454779298182952516e+02 1.136337561799113557e-06 -4.229010399969336476e+00 1.222773276531798601e+09
8.015147486529186540e-04 -1.981882270168436211e+00 8.881785540939401926e+02 1.063737823626832716e-06 -4.376567677220977615e+00 1.222773276532155514e+09
8.057987534573967736e-04 -1.977016218620821997e+00 8.699077798877552823e+02 4.190095057055335903e-06 -3.345989929822160924e+00 1.222773276532599211e+09
8.057987534573967736e-04 -1.977016218620821997e+00 8.699077798877552823e+02 4.190095057055335903e-06 -3.345989929822160924e+00 1.222773276532599211e+09
8.119355059439429482e-04 -1.977918309347510117e+00 7.770940084026163959e+02 4.163168586223089402e-06 -3.112208617576197156e+00 1.222773276533393145e+09
8.286953292812557518e-04 -1.958890345067401118e+00 7.120214476935416315e+02 3.245859667278079685e-06 -3.272018466389940983e+00 1.222773276537096024e+09
8.286953292812557518e-04 -1.958890345067401118e+00 7.120214476935416315e+02 3.245859667278079685e-06 -3.272018466389940983e+00 1.222773276537096024e+09
8.084127850639528630e-04 -1.977846842674942485e+00 8.173548447643964892e+02 3.197241779259052006e-06 -3.199233250475797874e+00 1.222773276537164211e+09
8.272212916966374934e-04 -1.959859780389325623e+00 7.231969306844414405e+02 2.074212210899149627e-06 -3.672128301109452764e+00 1.222773276538651943e+09
8.272212916966374934e-04 -1.959859780389325623e+00 7.231969306844414405e+02 2.074212210899149627e-06 -3.672128301109452764e+00 1.222773276538651943e+09
7.913871215020777715e-04 -1.996873147975164908e+00 9.629621791725367075e+02 4.032696974850030366e-06 -3.223510657589985229e+00 1.222773276538784027e+09
7.986030147630614846e-04 -1.989578362174091675e+00 9.592149422275940651e+02 5.858521739225780108e-06 -3.085291353947962278e+00 1.222773276539864779e+09
7.986030147630614846e-04 -1.989578362174091675e+00 9.592149422275940651e+02 5.858521739225780108e-06 -3.085291353947962278e+00 1.222773276539864779e+09
8.098816157544078912e-04 -1.974524536451980783e+00 8.896996434454049449e+02 1.080265768889514798e-06 -4.341394487784226541e+00 1.222773276540599585e+09
8.101219723489840084e-04 -1.980037192353154119e+00 8.348390393809163470e+02 6.411234866268011997e-06 -3.005584870595972902e+00 1.222773276543497562e+09
8.101219723489840084e-04 -1.980037192353154119e+00 8.348390393809163470e+02 6.411234866268011997e-06 -3.005584870595972902e+00 1.222773276543497562e+09
8.144273231450353074e-04 -1.966725886125434863e+00 8.291405959755458071e+02 4.583636975888857336e-06 -3.038879922496473540e+00 1.222773276548246622e+09
8.098566983684859447e-04 -1.972190259836619441e+00 9.316327691769217836e+02 6.849880182526165593e-06 -2.667239628377565452e+00 1.222773276549057484e+09
8.098566983684859447e-04 -1.972190259836619441e+00 9.316327691769217836e+02 6.849880182526165593e-06 -2.667239628377565452e+00 1.222773276549057484e+09
8.197482707618142543e-04 -1.968020599422356298e+00 8.277011404985961462e+02 3.459523017862201226e-06 -3.476204339311339986e+00 1.222773276550123215e+09
8.027475372596274425e-04 -1.976677373109724911e+00 9.595446270148415806e+02 6.354380822377658730e-06 -2.937982716246310133e+00 1.222773276550723314e+09
8.027475372596274425e-04 -1.976677373109724911e+00 9.595446270148415806e+02 6.354380822377658730e-06 -2.937982716246310133e+00 1.222773276550723314e+09
8.069741889300764606e-04 -1.979632840300207253e+00 9.224434835747309762e+02 1.730363710826580122e-06 -3.854079810926779537e+00 1.222773276553228378e+09
8.069741889300764606e-04 -1.979632840300207253e+00 9.224434835747309762e+02 1.730363710826580122e-06 -3.854079810926779537e+00 1.222773276553228378e+09
8.059693236995677142e-04 -1.977693014932674354e+00 9.796088354178841655e+02 5.933928892495686475e-06 -2.903099328818841585e+00 1.222773276554368258e+09
7.958412012219938598e-04 -1.992160573325814310e+00 9.915590382375741001e+02 2.881623590283014769e-06 -3.658176178073642149e+00 1.222773276556523800e+09
8.218291120667349558e-04 -1.966769957229077548e+00 7.796110374553702513e+02 3.874376031548722022e-06 -3.031535325404108860e+00 1.222773276562292337e+09
8.106255112813632062e-04 -1.976094893419137133e+00 8.798134145426896566e+02 1.525452282780540819e-06 -4.126590633564205746e+00 1.222773276562550783e+09
7.930998335742310340e-04 -1.992790415294811046e+00 9.690085593599264939e+02 6.181192462426608329e-06 -2.717322558963104484e+00 1.222773276562581778e+09
8.355907464531906956e-04 -1.957650361716208209e+00 6.940567894565612050e+02 3.034552273489521633e-06 -3.510355243285756544e+00 1.222773276562967062e+09
8.355907464531906956e-04 -1.957650361716208209e+00 6.940567894565612050e+02 3.034552273489521633e-06 -3.510355243285756544e+00 1.222773276562967062e+09
8.112592481584133533e-04 -1.973376086076825242e+00 8.133213563468332268e+02 9.817891218167353131e-07 -4.341599016215946349e+00 1.222773276563948631e+09
8.112592481584133533e-04 -1.973376086076825242e+00 8.133213563468332268e+02 9.817891218167353131e-07 -4.341599016215946349e+00 1.222773276563948631e+09
8.016966379572482973e-04 -1.978049781323585332e+00 9.662943373021171283e+02 9.835056758981180648e-07 -4.293299204719707163e+00 1.222773276568763018e+09
7.927385141065116736e-04 -1.993724124117000507e+00 9.475748703809227891e+02 1.015093424790269774e-06 -4.349920823884400711e+00 1.222773276570566177e+09
8.019842246189813444e-04 -1.976863431992779363e+00 9.330700497367370190e+02 6.302844122283566084e-06 -2.803777235254982791e+00 1.222773276570595741e+09
8.161306976008476195e-04 -1.972842969325544260e+00 7.539291986313903635e+02 4.145434155799683449e-06 -3.278217326660993081e+00 1.222773276573617935e+09
8.152391352755278047e-04 -1.973744918478411492e+00 7.980792901711294007e+02 3.164763302312050575e-06 -3.197102223322421999e+00 1.222773276574447155e+09
8.300219735080482768e-04 -1.961580904484806709e+00 6.966665080637073970e+02 4.337475141440660324e-06 -3.279176055829312375e+00 1.222773276575042963e+09
8.059435455820280602e-04 -1.980125606749282730e+00 9.614025588215874905e+02 3.961381963806146449e-06 -3.283487527770241776e+00 1.222773276575048447e+09
8.059435455820280602e-04 -1.980125606749282730e+00 9.614025588215874905e+02 3.961381963806146449e-06 -3.283487527770241776e+00 1.222773276575048447e+09
7.934607969575876605e-04 -1.994402103376883506e+00 9.732443636611243392e+02 1.751183208054619786e-06 -3.848062221654140913e+00 1.222773276575989962e+09
7.934607969575876605e-04 -1.994402103376883506e+00 9.732443636611243392e+02 1.751183208054619786e-06 -3.848062221654140913e+00 1.222773276575989962e+09
8.240009442748681212e-04 -1.966979238829424048e+00 7.760428637775248717e+02 5.456361493415655948e-06 -2.882061202806715627e+00 1.222773276577622414e+09
8.175994216334837861e-04 -1.969476312032311327e+00 7.848213076919566902e+02 3.181109636224050946e-06 -3.157413219686660888e+00 1.222773276581050634e+09
8.335676419012594783e-04 -1.959657013802617476e+00 7.062179317282486863e+02 6.665812839283393798e-06 -2.848818432024763148e+00 1.222773276582062483e+09
8.191177438010478372e-04 -1.963346196455612036e+00 8.125471531131925076e+02 6.411063263174299635e-06 -2.758127108618990242e+00 1.222773276582552671e+09
8.069880000590906642e-04 -1.983657727634590806e+00 8.423413979008267916e+02 2.487503722063427583e-06 -3.768909174172450527e+00 1.222773276582916498e+09
8.287740780782884131e-04 -1.957672443541679019e+00 7.243671566997454647e+02 2.788382856068561727e-06 -3.498727024491509852e+00 1.222773276582965136e+09
8.112909132070929459e-04 -1.972245947770242314e+00 9.026713471372191862e+02 3.349950180441098993e-06 -3.197958150267370847e+00 1.222773276586598158e+09
8.062564613140535668e-04 -1.975513888729783840e+00 8.838014974591176269e+02 1.100171761159940169e-06 -4.313479797761823775e+00 1.222773276587670088e+09
8.084117209129889009e-04 -1.982301234770165621e+00 8.034035898560964597e+02 4.521507489907291073e-06 -3.195391653085200900e+00 1.222773276588128090e+09
8.084117209129889009e-04 -1.982301234770165621e+00 8.034035898560964597e+02 4.521507489907291073e-06 -3.195391653085200900e+00 1.222773276588128090e+09
8.007500424068466184e-04 -1.976984660317301135e+00 9.684357833729567346e+02 4.514441285492684416e-06 -2.987325490314656662e+00 1.222773276588667631e+09
8.019897410134161232e-04 -1.980125487451858124e+00 9.602337580755175850e+02 9.300789638795521547e-07 -4.460287721126352523e+00 1.222773276589362383e+09
7.882527858978578871e-04 -1.996514802574014702e+00 9.897188888834849649e+02 1.684294134095225155e-06 -3.810301762724929375e+00 1.222773276589734793e+09
8.025601535617155492e-04 -1.987070253312256618e+00 9.101745499239613082e+02 3.481931289265888263e-06 -3.513684427147623524e+00 1.222773276590202808e+09
8.099651544917161336e-04 -1.971388002955811292e+00 8.500248559198637395e+02 2.144120728623265641e-06 -3.777020815916296570e+00 1.222773276590677023e+09
8.099651544917161336e-04 -1.971388002955811292e+00 8.500248559198637395e+02 2.144120728623265641e-06 -3.777020815916296570e+00 1.222773276590677023e+09
8.204402651515670152e-04 -1.967592779934808966e+00 7.700513409391119239e+02 9.379663963481475119e-07 -4.353588331536893286e+00 1.222773276591632366e+09
8.160998296013205087e-04 -1.968294207196860768e+00 7.770454734318554983e+02 3.755250507022813138e-06 -3.286592550048581529e+00 1.222773276591782570e+09
8.212280303930533272e-04 -1.964440612767125671e+00 7.921570017758700715e+02 1.380139607923108920e-06 -3.983736228776834309e+00 1.222773276594119787e+09
8.215180148371762237e-04 -1.964824437064476736e+00 7.634752733306669370e+02 3.002576755165744355e-06 -3.593693756304684683e+00 1.222773276594619751e+09
8.191194079737180566e-04 -1.966291887020220397e+00 7.679283084941026800e+02 1.566674396726886456e-06 -4.003917651784943743e+00 1.222773276595200777e+09
7.994159342178569798e-04 -1.986980022679972979e+00 8.765013617062564890e+02 3.889698221775521775e-06 -3.391967093359196106e+00 1.222773276596013784e+09
7.994159342178569798e-04 -1.986980022679972979e+00 8.765013617062564890e+02 3.889698221775521775e-06 -3.391967093359196106e+00 1.222773276596013784e+09
8.134957802187420609e-04 -1.974574609748168452e+00 8.207023467987396543e+02 9.422392249018307698e-06 -2.407751385902971109e+00 1.222773276598938227e+09
8.184913141731518706e-04 -1.969582507724073839e+00 7.837904775359678524e+02 8.989756328799148765e-07 -4.418853026564477204e+00 1.222773276600350380e+09
8.184913141731518706e-04 -1.969582507724073839e+00 7.837904775359678524e+02 8.989756328799148765e-07 -4.418853026564477204e+00 1.222773276600350380e+09
8.249447577556962789e-04 -1.959921171267631212e+00 7.665924636024626579e+02 6.093566174961384825e-06 -2.732338890289200961e+00 1.222773276600480795e+09
7.909909001065503712e-04 -1.991803987168831558e+00 9.457497396647900132e+02 2.429352946764951403e-06 -3.603951982028742229e+00 1.222773276602931738e+09
8.273820470462186875e-04 -1.960238014997100819e+00 7.660041252583413325e+02 2.505448347535293394e-06 -3.524713158110261979e+00 1.222773276603327274e+09
8.273820470462186875e-04 -1.960238014997100819e+00 7.660041252583413325e+02 2.505448347535293394e-06 -3.524713158110261979e+00 1.222773276603327274e+09
8.057297825795022147e-04 -1.978717587360882879e+00 9.361609348857044779e+02 1.468366477433349723e-06 -3.915098076149051920e+00 1.222773276603856564e+09
8.045820991996555181e-04 -1.975145824706881825e+00 9.577618126628525488e+02 6.660895872158349735e-06 -2.880541084345598080e+00 1.222773276606216908e+09
8.189388703934135511e-04 -1.968197968005872767e+00 8.200028518408732907e+02 2.242001998841556171e-06 -3.556257544336899556e+00 1.222773276606562614e+09
7.948328008353614405e-04 -1.988888802635664810e+00 9.707456104898611784e+02 1.658641439307874837e-06 -3.700978140304011177e+00 1.222773276607502937e+09
7.948328008353614405e-04 -1.988888802635664810e+00 9.707456104898611784e+02 1.658641439307874837e-06 -3.700978140304011177e+00 1.222773276607502937e+09
7.982711358791958357e-04 -1.982743993074661759e+00 9.033576358388651215e+02 3.164358907191414464e-06 -3.363884618780632607e+00 1.222773276608346939e+09
7.982711358791958357e-04 -1.982743993074661759e+00 9.033576358388651215e+02 3.164358907191414464e-06 -3.363884618780632607e+00 1.222773276608346939e+09
7.939208214746419330e-04 -1.991596544068369390e+00 9.324270751105593718e+02 1.726427512985267833e-06 -3.766769560292973829e+00 1.222773276608763218e+09
8.000890780017813880e-04 -1.982598252942566530e+00 9.846308009544811739e+02 3.891082810133122247e-06 -2.990974368403498396e+00 1.222773276609611511e+09
8.000890780017813880e-04 -1.982598252942566530e+00 9.846308009544811739e+02 3.891082810133122247e-06 -2.990974368403498396e+00 1.222773276609611511e+09
8.098226678522783351e-04 -1.978652702026694854e+00 7.867975680940764960e+02 4.013334817525552348e-06 -3.193868816375698749e+00 1.222773276610070705e+09
8.191370966933231084e-04 -1.963892014354065463e+00 8.292249657832560388e+02 3.482451103469453912e-06 -3.200628297350382567e+00 1.222773276611370325e+09
8.124499529170815327e-04 -1.976188254414830592e+00 8.509956874800266178e+02 8.379802561273335925e-06 -2.740170173198708703e+00 1.222773276613466978e+09
8.124499529170815327e-04 -1.976188254414830592e+00 8.509956874800266178e+02 8.379802561273335925e-06 -2.740170173198708703e+00 1.222773276613466978e+09
8.069170198001302712e-04 -1.976026449644331162e+00 9.621746122935094263e+02 2.939038802725114076e-06 -3.562523295883638141e+00 1.222773276614427805e+09
8.223545396649550518e-04 -1.967907526750539482e+00 7.793422934067569940e+02 8.140379399491375184e-06 -2.741769950583580417e+00 1.222773276616005898e+09
8.089426445012185560e-04 -1.973140384403732295e+00 8.631774127563271577e+02 1.189677252033202507e-06 -4.239603006512030703e+00 1.222773276617536306e+09
8.119266247221287695e-04 -1.979384605620958304e+00 7.851770938339114991e+02 1.992138820417800858e-06 -3.851153091740154188e+00 1.222773276617656708e+09
8.182105795850818470e-04 -1.972789178169020996e+00 8.101601595744946280e+02 3.618887054758180497e-06 -3.262554981861798709e+00 1.222773276618734837e+09
7.963912338559334505e-04 -1.992647217857848041e+00 9.547427484713784906e+02 2.312618546700656163e-06 -3.685852671757601229e+00 1.222773276619226217e+09
7.969012214169893769e-04 -1.988017138378450621e+00 9.698307153476940812e+02 1.168826708697060722e-06 -4.045032484927324035e+00 1.222773276619694233e+09
8.032230668663977715e-04 -1.984502848677590192e+00 8.325899889833439147e+02 2.386835527681750962e-06 -3.600110923033313703e+00 1.222773276620005369e+09
8.131280965672241451e-04 -1.970671313567929683e+00 8.761696392358528556e+02 3.615298740620951399e-06 -3.099199416783516625e+00 1.222773276622161627e+09
8.131280965672241451e-04 -1.970671313567929683e+00 8.761696392358528556e+02 3.615298740620951399e-06 -3.099199416783516625e+00 1.222773276622161627e+09
7.958455230544982540e-04 -1.986990213976886244e+00 9.518937345227625428e+02 2.946452271339880708e-06 -3.205747609338448711e+00 1.222773276622522116e+09
8.401817011141918343e-04 -1.951809732955573473e+00 6.654626352734572947e+02 4.200912302648819436e-06 -3.183125266730638003e+00 1.222773276625386953e+09
8.068739461772765544e-04 -1.979294876519139157e+00 8.957645156809755917e+02 1.313044744517634183e-06 -3.973712572947046162e+00 1.222773276626656771e+09
8.068739461772765544e-04 -1.979294876519139157e+00 8.957645156809755917e+02 1.313044744517634183e-06 -3.973712572947046162e+00 1.222773276626656771e+09
8.160158586424993456e-04 -1.969317888647289294e+00 8.471532338074770223e+02 8.942566645507422462e-06 -2.419464300793341849e+00 1.222773276626920700e+09
8.038278684840601809e-04 -1.979823198662646888e+00 9.843046887051926888e+02 4.245915218706880563e-06 -3.332621467350432631e+00 1.222773276629826307e+09
8.111983890007597262e-04 -1.970853446118846941e+00 8.677764532176092871e+02 2.088776164857190303e-06 -3.545859017385965650e+00 1.222773276630147457e+09
8.361649514442269244e-04 -1.954135280711733147e+00 6.860417820213352798e+02 3.376121426614118544e-06 -3.418535398226532074e+00 1.222773276632873774e+09
8.361649514442269244e-04 -1.954135280711733147e+00 6.860417820213352798e+02 3.376121426614118544e-06 -3.418535398226532074e+00 1.222773276632873774e+09
7.941588399068786339e-04 -1.987348107491471172e+00 9.707598128877239105e+02 3.124570495628750785e-06 -3.604929727145687934e+00 1.222773276634333849e+09
8.023068126647162545e-04 -1.979034021494960882e+00 9.502765987355949164e+02 1.199792891701399268e-06 -4.293116499816065357e+00 1.222773276635213137e+09
8.144395620058325234e-04 -1.976023906739661440e+00 7.924766934373134291e+02 1.327539996904285836e-06 -4.195436636528408592e+00 1.222773276637182474e+09
7.985229022432052464e-04 -1.982798299583554691e+00 9.509178808860287972e+02 4.794454070958777817e-06 -2.790797154238738642e+00 1.222773276637820482e+09
8.125371766367079761e-04 -1.974704665536605841e+00 8.478050548337552073e+02 2.466935548640524445e-06 -3.415725873673101987e+00 1.222773276637905359e+09
8.123170724361867233e-04 -1.974644374748096620e+00 8.802627058763259811e+02 7.304233066386723663e-06 -2.611628284751516205e+00 1.222773276638187408e+09
8.070927477802254668e-04 -1.972455362150631775e+00 9.510480132492878056e+02 4.167255273710753565e-06 -3.223715811805799802e+00 1.222773276640034676e+09
8.070927477802254668e-04 -1.972455362150631775e+00 9.510480132492878056e+02 4.167255273710753565e-06 -3.223715811805799802e+00 1.222773276640034676e+09
8.021169276349641390e-04 -1.977671193022288332e+00 9.005837556893316105e+02 2.199114686091790798e-06 -3.623700772099891942e+00 1.222773276640790224e+09
8.083248960967478244e-04 -1.979732391780064660e+00 8.333695415226005707e+02 8.686659471268315716e-06 -2.554635202205458810e+00 1.222773276641179323e+09
8.212930809869965808e-04 -1.966662603941945697e+00 8.040001008605904644e+02 4.472590997839520208e-06 -2.965368694980686115e+00 1.222773276642883778e+09
7.940010674231475938e-04 -1.987496505226849619e+00 9.349426586478571153e+02 1.560498100159261061e-06 -3.940434605635902088e+00 1.222773276644315243e+09
8.102549065196446671e-04 -1.972012845996940378e+00 8.826559108340308057e+02 5.342735760268654096e-06 -2.730966970479492772e+00 1.222773276644769669e+09
8.102549065196446671e-04 -1.972012845996940378e+00 8.826559108340308057e+02 5.342735760268654096e-06 -2.730966970479492772e+00 1.222773276644769669e+09
8.163366023228388205e-04 -1.967271144609282318e+00 7.942676245230870791e+02 2.028429994808530738e-06 -3.636295538374330505e+00 1.222773276645529985e+09
8.163366023228388205e-04 -1.967271144609282318e+00 7.942676245230870791e+02 2.028429994808530738e-06 -3.636295538374330505e+00 1.222773276645529985e+09
7.999713337831696304e-04 -1.981145730844642960e+00 9.423229778495438040e+02 2.885070800069042161e-06 -3.664593077161605095e+00 1.222773276648911953e+09
7.999713337831696304e-04 -1.981145730844642960e+00 9.423229778495438040e+02 2.885070800069042161e-06 -3.664593077161605095e+00 1.222773276648911953e+09
8.269628441183102859e-04 -1.959953666480205303e+00 7.821952972778771027e+02 6.410622787355796876e-06 -2.805929221228803172e+00 1.222773276649071932e+09
8.090329306890673734e-04 -1.973667691973730598e+00 8.821829002576365610e+02 1.225265678629884356e-06 -4.258290967460213849e+00 1.222773276649486065e+09
8.062008570850547019e-04 -1.982286652746925615e+00 8.594762520567353477e+02 8.531118110627234027e-06 -2.548104160318862554e+00 1.222773276649555683e+09
8.216437429626425194e-04 -1.967650564127824353e+00 7.432432492386932381e+02 1.169738018934069872e-06 -4.178556929313089086e+00 1.222773276652040243e+09
8.353632970909146858e-04 -1.955852462247103407e+00 6.829607798763698838e+02 4.810516484587729920e-06 -2.950625742852565736e+00 1.222773276652223110e+09
8.353632970909146858e-04 -1.955852462247103407e+00 6.829607798763698838e+02 4.810516484587729920e-06 -2.950625742852565736e+00 1.222773276652223110e+09
7.996563590185352130e-04 -1.986703994104312088e+00 9.187569974634968730e+02 3.265345244785972148e-06 -3.168946138786971289e+00 1.222773276652377129e+09
8.036138434140101868e-04 -1.981651163103388846e+00 9.513768232560656770e+02 2.453262726649947837e-06 -3.467522201473142829e+00 1.222773276653005838e+09
8.036138434140101868e-04 -1.981651163103388846e+00 9.513768232560656770e+02 2.453262726649947837e-06 -3.467522201473142829e+00 1.222773276653005838e+09
8.025956692158402097e-04 -1.985740304263956091e+00 9.314856961158735658e+02 1.706343294619630438e-06 -3.999471778724095650e+00 1.222773276653512001e+09
8.025956692158402097e-04 -1.985740304263956091e+00 9.314856961158735658e+02 1.706343294619630438e-06 -3.999471778724095650e+00 1.222773276653512001e+09
8.107805997234223848e-04 -1.974804400884050626e+00 8.889246193909967815e+02 2.040014615085727913e-06 -3.628569810696072651e+00 1.222773276654169321e+09
8.107805997234223848e-04 -1.974804400884050626e+00 8.889246193909967815e+02 2.040014615085727913e-06 -3.628569810696072651e+00 1.222773276654169321e+09
8.352435042133029989e-04 -1.957228409715404016e+00 6.692111641085372185e+02 3.404636762192318122e-06 -3.320699796959123873e+00 1.222773276654553413e+09
8.040405746312757288e-04 -1.983072382583027871e+00 8.482145502833446926e+02 9.293846199347221933e-07 -4.377010260297301336e+00 1.222773276655093670e+09
8.040405746312757288e-04 -1.983072382583027871e+00 8.482145502833446926e+02 9.293846199347221933e-07 -4.377010260297301336e+00 1.222773276655093670e+09
7.996761893698611876e-04 -1.982077061974416132e+00 9.202471021031000191e+02 5.033570334470091991e-06 -2.787258236482070828e+00 1.222773276656872272e+09
8.115665398685280307e-04 -1.969985943202292367e+00 9.012804784410280945e+02 7.464007183704965547e-06 -2.595352725461028243e+00 1.222773276657307863e+09
7.959308373415621132e-04 -1.986584454290450275e+00 9.946844176247063842e+02 3.669522515728447292e-06 -3.521303232563440133e+00 1.222773276658015490e+09
8.173034175849875488e-04 -1.966252163456475577e+00 7.874015630749163392e+02 3.245212877162277842e-06 -3.434924686396315430e+00 1.222773276658491373e+09
8.022498084550008573e-04 -1.985113763168034229e+00 9.520839124457596654e+02 2.018767687103629231e-06 -3.907328451763806498e+00 1.222773276659850597e+09
8.022498084550008573e-04 -1.985113763168034229e+00 9.520839124457596654e+02 2.018767687103629231e-06 -3.907328451763806498e+00 1.222773276659850597e+09
8.070707508376710184e-04 -1.980298566745197775e+00 8.892055161215143926e+02 4.146075667072277247e-06 -3.419041145791352321e+00 1.222773276662041187e+09
7.980304565763034859e-04 -1.990106516311631157e+00 9.342583044763897533e+02 1.574687881045498286e-06 -3.914673647624812070e+00 1.222773276663471222e+09
8.127922549665411592e-04 -1.970629367824407119e+00 8.016239506266721264e+02 3.768274329876328786e-06 -3.160519881150590571e+00 1.222773276674368382e+09
8.097834158870592831e-04 -1.972813667779327540e+00 8.325230239070367588e+02 6.146614658150723759e-06 -2.774286176882073462e+00 1.222773276678185940e+09
8.097834158870592831e-04 -1.972813667779327540e+00 8.325230239070367588e+02 6.146614658150723759e-06 -2.774286176882073462e+00 1.222773276678185940e+09
8.096917532466763739e-04 -1.975525368761222200e+00 9.015660880430834823e+02 6.466163795602496317e-06 -2.637732974437156486e+00 1.222773276678983450e+09
8.096917532466763739e-04 -1.975525368761222200e+00 9.015660880430834823e+02 6.466163795602496317e-06 -2.637732974437156486e+00 1.222773276678983450e+09
8.172832449835912760e-04 -1.972735422057976251e+00 7.523317451180698754e+02 1.613358162952998190e-06 -3.910055603080177633e+00 1.222773276681480408e+09
8.205166220391259127e-04 -1.969410011732644961e+00 8.009325001114292490e+02 2.052736425137895851e-06 -3.811937163887812119e+00 1.222773276683891535e+09
7.926275065064430827e-04 -1.989675808627577647e+00 9.414571171985119236e+02 3.238157548515157741e-06 -3.463007290560560669e+00 1.222773276684044600e+09
7.926275065064430827e-04 -1.989675808627577647e+00 9.414571171985119236e+02 3.238157548515157741e-06 -3.463007290560560669e+00 1.222773276684044600e+09
8.174135994628956795e-04 -1.968654450055162375e+00 8.392576421283606578e+02 4.011439335917514032e-06 -3.042763255269833600e+00 1.222773276684304714e+09
7.901951862704664374e-04 -1.990350917733816116e+00 9.993288950898401026e+02 1.741110564033052217e-06 -3.705563645802389061e+00 1.222773276684346914e+09
8.016470477796602779e-04 -1.987080934458406389e+00 8.574162377758769935e+02 3.472669340848444919e-06 -3.259220519658878601e+00 1.222773276686537504e+09
7.965821768246647170e-04 -1.985253625045233949e+00 9.818456283925885373e+02 2.864976455737369630e-06 -3.211951319540282235e+00 1.222773276686891317e+09
7.965821768246647170e-04 -1.985253625045233949e+00 9.818456283925885373e+02 2.864976455737369630e-06 -3.211951319540282235e+00 1.222773276686891317e+09
8.065465349747297707e-04 -1.975594140744013849e+00 8.999909529078208834e+02 9.481268773551855815e-06 -2.385571812740257869e+00 1.222773276687773466e+09
8.065465349747297707e-04 -1.975594140744013849e+00 8.999909529078208834e+02 9.481268773551855815e-06 -2.385571812740257869e+00 1.222773276687773466e+09
8.316753829525219428e-04 -1.961147128090044767e+00 6.989283998075005684e+02 7.024334010147804015e-06 -2.798267161938280623e+00 1.222773276688894510e+09
8.115794126080549172e-04 -1.977575470173714489e+00 8.248947274217308632e+02 3.480964244571918446e-06 -3.149261684355778357e+00 1.222773276689003468e+09
8.074276760103170532e-04 -1.979442154926966957e+00 8.128854731526402020e+02 3.057920024008698800e-06 -3.554753377884461329e+00 1.222773276689024687e+09
7.968027508347851800e-04 -1.984963806019034660e+00 9.246875805543145361e+02 6.231650222060585769e-06 -2.766149236192303462e+00 1.222773276689828634e+09
7.968027508347851800e-04 -1.984963806019034660e+00 9.246875805543145361e+02 6.231650222060585769e-06 -2.766149236192303462e+00 1.222773276689828634e+09
8.028266112847858927e-04 -1.980232269961830438e+00 9.553093771203247115e+02 5.029332563892068766e-06 -2.780003677838461584e+00 1.222773276690787077e+09
8.066084218611036666e-04 -1.982863919648881534e+00 8.183578422684686302e+02 2.130407651067302570e-06 -3.673168131154158189e+00 1.222773276691334963e+09
7.900836437075860587e-04 -1.990362238093817293e+00 9.942508928486336117e+02 2.626834190500049424e-06 -3.381255409493062913e+00 1.222773276692916155e+09
7.918855426281526822e-04 -1.993491293417239074e+00 9.596605391632882629e+02 9.492208394558601605e-07 -4.420023240317806135e+00 1.222773276693782568e+09
7.953636340048940434e-04 -1.992427732519260530e+00 9.935708824623827695e+02 2.115530678460757564e-06 -3.745017802873864987e+00 1.222773276696936846e+09
8.025480907798235872e-04 -1.982025115362905821e+00 9.632347836743437028e+02 1.255085990249698388e-06 -4.085497727175443572e+00 1.222773276697047234e+09
8.025480907798235872e-04 -1.982025115362905821e+00 9.632347836743437028e+02 1.255085990249698388e-06 -4.085497727175443572e+00 1.222773276697047234e+09
7.895782109706662652e-04 -1.993363255010012880e+00 9.986988649212389646e+02 4.091119501664974232e-06 -2.998816276557687566e+00 1.222773276699352741e+09
7.895782109706662652e-04 -1.993363255010012880e+00 9.986988649212389646e+02 4.091119501664974232e-06 -2.998816276557687566e+00 1.222773276699352741e+09
8.108019631379397279e-04 -1.977597561390787462e+00 8.178071901947377000e+02 8.748598256218231264e-07 -4.434313130236622769e+00 1.222773276699945688e+09
7.956867568047645660e-04 -1.988633476895509844e+00 9.210283094877133863e+02 6.663925128921246948e-06 -2.834050828244002673e+00 1.222773276700761557e+09
8.038943302616643550e-04 -1.980062574006575815e+00 9.125845050896249404e+02 9.979567188659107792e-06 -2.518311759405174044e+00 1.222773276703360558e+09
7.952619393314108460e-04 -1.987990724294663947e+00 9.945908324752062981e+02 6.852511745562393215e-06 -2.970237691097745270e+00 1.222773276703368187e+09
7.952619393314108460e-04 -1.987990724294663947e+00 9.945908324752062981e+02 6.852511745562393215e-06 -2.970237691097745270e+00 1.222773276703368187e+09
8.133176672524541689e-04 -1.974774615618617446e+00 8.065236099784682438e+02 1.143457573213958703e-06 -4.329742203089086416e+00 1.222773276703370571e+09
8.086572147537838271e-04 -1.978599749902624438e+00 9.190879968115235670e+02 5.158026837422010706e-06 -3.148439410079933332e+00 1.222773276705346584e+09
7.964449241814697353e-04 -1.991810432139371700e+00 9.547536119902633800e+02 4.427128073485227922e-06 -3.061567520287243660e+00 1.222773276705433130e+09
7.964449241814697353e-04 -1.991810432139371700e+00 9.547536119902633800e+02 4.427128073485227922e-06 -3.061567520287243660e+00 1.222773276705433130e+09
8.291011872604529690e-04 -1.960692274811523639e+00 7.478342412402861328e+02 7.699777074998312196e-06 -2.616477573043912486e+00 1.222773276708381653e+09
8.194650950638152336e-04 -1.969928635114280624e+00 7.857873169995216358e+02 1.939453074992383007e-06 -3.667945274440845616e+00 1.222773276709340096e+09
8.355028857215707509e-04 -1.956910866765458223e+00 6.897698755290409736e+02 4.351758401811503907e-06 -3.260061483141299732e+00 1.222773276709748745e+09
8.355028857215707509e-04 -1.956910866765458223e+00 6.897698755290409736e+02 4.351758401811503907e-06 -3.260061483141299732e+00 1.222773276709748745e+09
7.986154116947848406e-04 -1.987825773756913161e+00 8.861131866886109947e+02 1.968112041695916133e-06 -3.670485930608941239e+00 1.222773276710299253e+09
8.164560163392448619e-04 -1.973040131507453943e+00 8.442015774674873683e+02 4.850086621364649391e-06 -3.067736236708062947e+00 1.222773276711527824e+09
8.100579618578488891e-04 -1.976428025722969828e+00 8.826512288881036739e+02 1.306126405950218758e-06 -4.050775031894428224e+00 1.222773276712219715e+09
7.971101243345153024e-04 -1.990993891550162154e+00 9.447478823240396650e+02 1.452524497346224393e-06 -4.148981334051468295e+00 1.222773276713579416e+09
8.248927009742256346e-04 -1.966357568069355910e+00 7.625138966000788514e+02 7.906297333758732698e-06 -2.707668222407455971e+00 1.222773276714442968e+09
8.248927009742256346e-04 -1.966357568069355910e+00 7.625138966000788514e+02 7.906297333758732698e-06 -2.707668222407455971e+00 1.222773276714442968e+09
8.244003008328280304e-04 -1.963119422483357024e+00 7.816615846532532714e+02 8.961477434564501477e-06 -2.525898944562354309e+00 1.222773276716031551e+09
7.958402511957373034e-04 -1.989177729909763936e+00 8.970477322613013484e+02 3.296571174040824614e-06 -3.329616793231779504e+00 1.222773276716148138e+09
8.072503545179932202e-04 -1.980693492783077936e+00 8.245069289745887318e+02 1.236867882577365321e-06 -4.246375654595337501e+00 1.222773276718845367e+09
8.072503545179932202e-04 -1.980693492783077936e+00 8.245069289745887318e+02 1.236867882577365321e-06 -4.246375654595337501e+00 1.222773276718845367e+09
7.996544649225701806e-04 -1.981096831530172242e+00 9.375668743464548243e+02 8.101227829092101792e-06 -2.643981273149274003e+00 1.222773276720373631e+09
8.284450027074213374e-04 -1.959831453540525903e+00 7.279025136327749124e+02 6.163397583936924697e-06 -2.960079617864854740e+00 1.222773276722990274e+09
8.140236281511975969e-04 -1.971422013910010929e+00 8.681222631093124846e+02 9.295018438261009092e-06 -2.450344334131409951e+00 1.222773276723085403e+09
8.140236281511975969e-04 -1.971422013910010929e+00 8.681222631093124846e+02 9.295018438261009092e-06 -2.450344334131409951e+00 1.222773276723085403e+09
8.103569474121786890e-04 -1.970119428062179878e+00 9.013234995921467316e+02 2.482209585875020259e-06 -3.630240908124935828e+00 1.222773276723245144e+09
8.146597003942426243e-04 -1.974832751555135157e+00 7.951184792914241370e+02 8.321020842695318802e-06 -2.547653068484574845e+00 1.222773276727434635e+09
8.030513695551159395e-04 -1.977146366330315708e+00 9.569216174232243475e+02 7.480155595350780844e-06 -2.511996542989561654e+00 1.222773276727732182e+09
7.926941119102163744e-04 -1.989600891785806791e+00 9.655205690619870893e+02 1.004215652178527313e-06 -4.191627623281376280e+00 1.222773276728465319e+09
7.926941119102163744e-04 -1.989600891785806791e+00 9.655205690619870893e+02 1.004215652178527313e-06 -4.191627623281376280e+00 1.222773276728465319e+09
7.910098075400067222e-04 -1.995880433765997219e+00 9.950511339774998305e+02 3.537353400454647634e-06 -3.219872233138442397e+00 1.222773276728857279e+09
7.910098075400067222e-04 -1.995880433765997219e+00 9.950511339774998305e+02 3.537353400454647634e-06 -3.219872233138442397e+00 1.222773276728857279e+09
8.191340199522524233e-04 -1.967052075553368251e+00 8.290933446270968261e+02 5.941537402031242529e-06 -2.735747792638279385e+00 1.222773276729773521e+09
8.191340199522524233e-04 -1.967052075553368251e+00 8.290933446270968261e+02 5.941537402031242529e-06 -2.735747792638279385e+00 1.222773276729773521e+09
7.998822553670299545e-04 -1.988110544473265406e+00 9.076277656980427082e+02 2.528509106525416034e-06 -3.793059651281081024e+00 1.222773276730190992e+09
8.196715622036533210e-04 -1.972342915281726006e+00 7.594469718566693928e+02 7.057645514477494201e-06 -2.746431531212566668e+00 1.222773276730693817e+09
8.266047501075169963e-04 -1.965195586146991191e+00 7.483680807183321804e+02 4.482187118336649126e-06 -3.038798438096927512e+00 1.222773276730719566e+09
8.074881285563871927e-04 -1.975554075389558184e+00 8.685625998637475504e+02 7.830996538221354279e-06 -2.747890036521697610e+00 1.222773276730826378e+09
8.130799670155753342e-04 -1.973167196964737968e+00 8.282486009859474052e+02 1.358776695592106388e-06 -3.909316702031587099e+00 1.222773276735837936e+09
8.150202234768856102e-04 -1.968481898964173693e+00 8.223128697970882968e+02 4.627837462392102270e-06 -2.865199771852215527e+00 1.222773276737540960e+09
8.150202234768856102e-04 -1.968481898964173693e+00 8.223128697970882968e+02 4.627837462392102270e-06 -2.865199771852215527e+00 1.222773276737540960e+09
8.139048577738694631e-04 -1.968006466928608589e+00 8.346415668403208201e+02 1.927140015551633315e-06 -3.818811681588895723e+00 1.222773276739356041e+09
8.144916457653197765e-04 -1.974322471828503733e+00 8.336957381532365616e+02 3.234399909441009284e-06 -3.243416698253629882e+00 1.222773276741995573e+09
8.027391545394965558e-04 -1.984617041063665432e+00 8.607739901557094981e+02 1.000409509571153749e-06 -4.366488601539527892e+00 1.222773276742126226e+09
8.027391545394965558e-04 -1.984617041063665432e+00 8.607739901557094981e+02 1.000409509571153749e-06 -4.366488601539527892e+00 1.222773276742126226e+09
8.056077471656536339e-04 -1.981104504875197181e+00 8.352249385761108442e+02 1.042644211786787252e-06 -4.320344205995445108e+00 1.222773276745222330e+09
8.056077471656536339e-04 -1.981104504875197181e+00 8.352249385761108442e+02 1.042644211786787252e-06 -4.320344205995445108e+00 1.222773276745222330e+09
8.331158857801718078e-04 -1.955368255784662113e+00 7.166489225703944612e+02 2.761846130090510356e-06 -3.505874875300217575e+00 1.222773276745399475e+09
8.310440897969130361e-04 -1.960865300437665937e+00 7.101097040697245575e+02 2.055249554809499442e-06 -3.816578445375572670e+00 1.222773276747277498e+09
8.310440897969130361e-04 -1.960865300437665937e+00 7.101097040697245575e+02 2.055249554809499442e-06 -3.816578445375572670e+00 1.222773276747277498e+09
8.146036085936873882e-04 -1.972473998895010627e+00 8.089491075716115347e+02 1.546589264893135638e-06 -4.131953815110438910e+00 1.222773276748026848e+09
7.975664316668295466e-04 -1.985031623653948030e+00 9.512426233653908412e+02 9.438792360219913868e-06 -2.490361948612284770e+00 1.222773276748423100e+09
8.131296479805257904e-04 -1.968140631554366138e+00 8.871560508454230103e+02 2.953740415928937593e-06 -3.459572622265845609e+00 1.222773276749968290e+09
8.237142300119591537e-04 -1.962595550562391988e+00 7.546744190631175115e+02 7.791174169930843303e-06 -2.620211049362843880e+00 1.222773276755671024e+09
7.995607438229351523e-04 -1.982697075149645549e+00 9.767091392220994521e+02 7.336273553385553362e-07 -4.581012398149914233e+00 1.222773276756627798e+09
8.099852633151481598e-04 -1.971591000811026451e+00 9.026453545941809580e+02 2.131056636226364101e-06 -3.812132368024277795e+00 1.222773276757637501e+09
8.099852633151481598e-04 -1.971591000811026451e+00 9.026453545941809580e+02 2.131056636226364101e-06 -3.812132368024277795e+00 1.222773276757637501e+09
7.991820613790736509e-04 -1.984441012394627446e+00 9.204694354746447971e+02 7.531120609807472161e-07 -4.608886389919431892e+00 1.222773276758895636e+09
8.143032009175945728e-04 -1.967444223702336181e+00 8.794376813310793750e+02 3.177636005678452140e-06 -3.415562860443050575e+00 1.222773276760154486e+09
8.186108936201728654e-04 -1.967388154786617882e+00 8.413391894222553447e+02 4.353963553447851283e-06 -3.036978026237708406e+00 1.222773276761297703e+09
8.072536620162224039e-04 -1.976802697872483972e+00 8.767576571856251348e+02 1.979062263723396463e-06 -3.546828055216812992e+00 1.222773276761846066e+09
8.100211913627993745e-04 -1.979951628540907560e+00 8.033167034744822104e+02 4.301528425097158394e-06 -3.312208636245443927e+00 1.222773276763112307e+09
7.925682426260788468e-04 -1.987209456961725351e+00 9.645290032311509094e+02 2.905205377146479173e-06 -3.426119903045965032e+00 1.222773276763733149e+09
8.086785527514955742e-04 -1.973086843090696485e+00 8.618796609853131940e+02 2.046446415976105869e-06 -3.575745757139124237e+00 1.222773276765708208e+09
8.057134145867256292e-04 -1.976068653139533282e+00 9.159880977750040074e+02 1.683559244606367838e-06 -4.045726007728323026e+00 1.222773276765722990e+09
8.073343252409851236e-04 -1.982373868187409016e+00 8.516331973849306678e+02 1.372291868474199658e-06 -4.159741264353773893e+00 1.222773276769051075e+09
8.073343252409851236e-04 -1.982373868187409016e+00 8.516331973849306678e+02 1.372291868474199658e-06 -4.159741264353773893e+00 1.222773276769051075e+09
8.004377309138047212e-04 -1.977524532374461241e+00 9.913637924797276355e+02 4.677810593983271544e-06 -2.948836400754947462e+00 1.222773276769120455e+09
8.004377309138047212e-04 -1.977524532374461241e+00 9.913637924797276355e+02 4.677810593983271544e-06 -2.948836400754947462e+00 1.222773276769120455e+09
8.180345964265689756e-04 -1.970095366201712661e+00 8.244430184710297453e+02 6.295689133611100384e-06 -2.704863340636640245e+00 1.222773276771171093e+09
8.254203415782190465e-04 -1.966234732929246443e+00 7.259549161037863314e+02 3.240757402955112461e-06 -3.543552663539340841e+00 1.222773276773788214e+09
8.041266614937401603e-04 -1.977083737953772902e+00 8.855058100304831896e+02 1.309357671900227029e-06 -4.131857627098554531e+00 1.222773276776432753e+09
8.041266614937401603e-04 -1.977083737953772902e+00 8.855058100304831896e+02 1.309357671900227029e-06 -4.131857627098554531e+00 1.222773276776432753e+09
8.222685604306614274e-04 -1.969133413514670305e+00 7.846034078926066968e+02 5.291022187064841165e-06 -3.106711481162125921e+00 1.222773276778916359e+09
8.249998796632062974e-04 -1.961532116598756481e+00 7.661924595529203543e+02 1.680826666687531799e-06 -3.884747824337800637e+00 1.222773276779334545e+09
8.345989647488812405e-04 -1.957706131514976189e+00 7.104711321237016364e+02 4.908793108736155808e-06 -3.095828211832373889e+00 1.222773276780053139e+09
8.345989647488812405e-04 -1.957706131514976189e+00 7.104711321237016364e+02 4.908793108736155808e-06 -3.095828211832373889e+00 1.222773276780053139e+09
7.997216268304160056e-04 -1.982215630683079821e+00 9.727023809102736323e+02 1.431222481211010598e-06 -3.846234734676805544e+00 1.222773276782896280e+09
8.301563638668169650e-04 -1.960933232417967798e+00 6.891036804331214398e+02 3.685007839958043004e-06 -3.237792112007156220e+00 1.222773276783727407e+09
8.013822437829275528e-04 -1.987421856947768628e+00 9.089162444395428793e+02 3.545054964533173628e-06 -3.218805031373184633e+00 1.222773276784154177e+09
8.013822437829275528e-04 -1.987421856947768628e+00 9.089162444395428793e+02 3.545054964533173628e-06 -3.218805031373184633e+00 1.222773276784154177e+09
8.134766215674385124e-04 -1.968947089461844602e+00 8.782832516505759486e+02 2.067930161629552332e-06 -3.689760115393874607e+00 1.222773276786813498e+09
7.967932355833622386e-04 -1.983229704000643245e+00 9.633310841921498877e+02 1.254198355660923354e-06 -4.226925187714559939e+00 1.222773276787753344e+09
8.181896606317573973e-04 -1.964264695175435449e+00 8.090817056477344522e+02 3.849379455379727045e-06 -3.266643723165824298e+00 1.222773276788242102e+09
8.181896606317573973e-04 -1.964264695175435449e+00 8.090817056477344522e+02 3.849379455379727045e-06 -3.266643723165824298e+00 1.222773276788242102e+09
8.205500208057936885e-04 -1.962532505399351868e+00 8.214144179749334853e+02 4.421331435313938491e-06 -3.086000428979451371e+00 1.222773276791168690e+09
8.205500208057936885e-04 -1.962532505399351868e+00 8.214144179749334853e+02 4.421331435313938491e-06 -3.086000428979451371e+00 1.222773276791168690e+09
7.908955637748295645e-04 -1.992031575554882972e+00 9.540121573760411593e+02 3.048249537317618624e-06 -3.360428954646289768e+00 1.222773276791840553e+09
8.096172226812842166e-04 -1.974753280657118193e+00 9.323671617805662208e+02 5.668632876544215772e-06 -2.877392299649937257e+00 1.222773276792766809e+09
8.096172226812842166e-04 -1.974753280657118193e+00 9.323671617805662208e+02 5.668632876544215772e-06 -2.877392299649937257e+00 1.222773276792766809e+09
8.047068890065441375e-04 -1.978375454692584690e+00 8.900356168657740454e+02 1.934885158621457534e-06 -3.566720608418371796e+00 1.222773276793249607e+09
8.147493800521734631e-04 -1.970456093820579291e+00 8.781025777345143979e+02 2.575240419633206370e-06 -3.604456323140572849e+00 1.222773276793518782e+09
8.100379590996590641e-04 -1.973604833590585805e+00 8.164807402450763902e+02 3.802665263158240491e-06 -3.128178247437688242e+00 1.222773276793990612e+09
7.926275360946853123e-04 -1.994278532837353346e+00 9.650002201204772518e+02 1.246284274961491827e-06 -4.138445120610612094e+00 1.222773276794468880e+09
8.064552948538601619e-04 -1.981550952788366571e+00 8.992555736767864119e+02 3.037766209416378615e-06 -3.643433707554542877e+00 1.222773276797480583e+09
7.979959896743961650e-04 -1.989645500633064223e+00 9.361605729742616404e+02 3.753132826798242128e-06 -3.137948708580360346e+00 1.222773276799482822e+09
8.097321867863271471e-04 -1.978946511701923150e+00 8.461833744850889616e+02 1.858759848257762642e-06 -3.708129767898796558e+00 1.222773276800471783e+09
7.986266852248202243e-04 -1.982630285925565339e+00 9.519408422901184395e+02 7.745475883997488310e-07 -4.559419068983796564e+00 1.222773276801211596e+09
7.986266852248202243e-04 -1.982630285925565339e+00 9.519408422901184395e+02 7.745475883997488310e-07 -4.559419068983796564e+00 1.222773276801211596e+09
8.081824317504084912e-04 -1.976476549229556401e+00 8.916817338073941528e+02 8.579842765640430616e-07 -4.422596928931714189e+00 1.222773276801520586e+09
8.081824317504084912e-04 -1.976476549229556401e+00 8.916817338073941528e+02 8.579842765640430616e-07 -4.422596928931714189e+00 1.222773276801520586e+09
8.067340232594193790e-04 -1.980789780913712494e+00 8.392809649791629454e+02 1.210538775606549748e-06 -4.067079414340921240e+00 1.222773276807811499e+09
7.881693991201032005e-04 -1.994148938516168368e+00 9.963197195969612494e+02 4.660007098366437866e-06 -2.992044678054961437e+00 1.222773276809366941e+09
8.010284588661767879e-04 -1.985926559984583895e+00 8.961722948620227953e+02 1.355600428585321637e-06 -3.959784253471034354e+00 1.222773276809430599e+09
8.147043938497802338e-04 -1.974490413805728206e+00 7.665348082250854986e+02 2.577938215033495651e-06 -3.684744796298963010e+00 1.222773276810258865e+09
8.144670596989192360e-04 -1.974740309598530974e+00 7.696150964584974190e+02 4.791581191348649834e-06 -3.174861647598685721e+00 1.222773276814658165e+09
8.331419756648924353e-04 -1.955960270328253925e+00 7.100734199182173825e+02 3.773750445360013460e-06 -3.152795339722333168e+00 1.222773276817457914e+09
8.075630215818293883e-04 -1.976481548843359803e+00 8.911231267198928663e+02 1.020102717724194315e-06 -4.179299606765187747e+00 1.222773276817657709e+09
8.075630215818293883e-04 -1.976481548843359803e+00 8.911231267198928663e+02 1.020102717724194315e-06 -4.179299606765187747e+00 1.222773276817657709e+09
8.178186830428449362e-04 -1.968466642927890087e+00 8.534110851289779021e+02 3.420493347770429210e-06 -3.350633902106064710e+00 1.222773276817938805e+09
8.236439155348935452e-04 -1.968222583326738828e+00 7.175311981419877156e+02 4.783254446956683627e-06 -3.041230032361280422e+00 1.222773276818486214e+09
8.083518174818688862e-04 -1.975104263120911696e+00 8.755651403044207655e+02 8.153985956939642098e-06 -2.431096154382740515e+00 1.222773276819791079e+09
7.974670931988813924e-04 -1.989997346735191908e+00 9.980180865046118015e+02 5.657856014443417057e-06 -2.966258234636807600e+00 1.222773276820839167e+09
7.974670931988813924e-04 -1.989997346735191908e+00 9.980180865046118015e+02 5.657856014443417057e-06 -2.966258234636807600e+00 1.222773276820839167e+09
7.982264261563355593e-04 -1.988528813178655597e+00 9.922839342032334571e+02 5.645055007472294890e-06 -3.107730390048100588e+00 1.222773276820859909e+09
7.988543623570029022e-04 -1.982849394535015852e+00 9.812166737211770169e+02 1.042401026000150434e-06 -4.399384411481737089e+00 1.222773276822603226e+09
7.988543623570029022e-04 -1.982849394535015852e+00 9.812166737211770169e+02 1.042401026000150434e-06 -4.399384411481737089e+00 1.222773276822603226e+09
8.008227596164435016e-04 -1.979257776240910705e+00 9.054361204554011238e+02 2.866266414908037866e-06 -3.398108287315704246e+00 1.222773276822772980e+09
7.916998665731713857e-04 -1.993882716311041303e+00 9.408654122577477210e+02 1.761184599433036176e-06 -3.862067958829356051e+00 1.222773276826292753e+09
8.030298523661585832e-04 -1.980294482397763067e+00 9.074821248388017239e+02 9.037118623278194156e-06 -2.404323479041847733e+00 1.222773276826945782e+09
8.030298523661585832e-04 -1.980294482397763067e+00 9.074821248388017239e+02 9.037118623278194156e-06 -2.404323479041847733e+00 1.222773276826945782e+09
8.162682602058490399e-04 -1.968394284021365070e+00 7.757406390704568366e+02 2.858324135400108936e-06 -3.454288077765809817e+00 1.222773276828439236e+09
8.162682602058490399e-04 -1.968394284021365070e+00 7.757406390704568366e+02 2.858324135400108936e-06 -3.454288077765809817e+00 1.222773276828439236e+09
8.015980965532351794e-04 -1.986528310450100143e+00 9.279354176405852286e+02 6.245200030996890276e-06 -2.771813133071373336e+00 1.222773276829504490e+09
8.083489515738112498e-04 -1.982019764347287660e+00 8.753202795893176926e+02 4.996173552552304767e-06 -3.072102431449054372e+00 1.222773276831027746e+09
7.929900722617635577e-04 -1.992103662465171343e+00 9.781476158202742681e+02 2.168499447721231483e-06 -3.919160249483162772e+00 1.222773276831967831e+09
8.084453599875579674e-04 -1.981004802850474533e+00 8.791614522064019184e+02 2.115470302934873189e-06 -3.764855025611877792e+00 1.222773276833032608e+09
8.027338856609265690e-04 -1.987873894282587539e+00 8.715256456161412189e+02 3.509197729152487024e-06 -3.374689932440546158e+00 1.222773276833097696e+09
8.209828519668694972e-04 -1.969926840727457051e+00 7.420442170514623967e+02 6.343531522814436699e-06 -2.928404529801353462e+00 1.222773276833407402e+09
7.939794584435119892e-04 -1.989265878104024221e+00 9.470381724719952672e+02 2.184414658087837124e-06 -3.866649460649934866e+00 1.222773276835415125e+09
8.225215149003545527e-04 -1.968855170918982544e+00 7.674115463881358892e+02 6.639660744252642020e-06 -2.730538370982138474e+00 1.222773276835998297e+09
8.225215149003545527e-04 -1.968855170918982544e+00 7.674115463881358892e+02 6.639660744252642020e-06 -2.730538370982138474e+00 1.222773276835998297e+09
8.009256650568444139e-04 -1.982948946907788779e+00 9.818658635672782111e+02 3.585471390470370098e-06 -3.121089213684211217e+00 1.222773276836677074e+09
8.052693949207061132e-04 -1.981712815987906051e+00 8.402881771571334184e+02 3.093153715101818664e-06 -3.260626892268045474e+00 1.222773276841519833e+09
8.023327384052482978e-04 -1.981158368612650378e+00 9.194496235211715884e+02 7.225193223866668401e-06 -2.499299277110745621e+00 1.222773276842745304e+09
8.023327384052482978e-04 -1.981158368612650378e+00 9.194496235211715884e+02 7.225193223866668401e-06 -2.499299277110745621e+00 1.222773276842745304e+09
8.241945903789267254e-04 -1.962341355749067429e+00 7.656013578891574980e+02 1.605316027288641212e-06 -3.966086928469984230e+00 1.222773276842972517e+09
8.000393695431773106e-04 -1.979132968900478851e+00 9.971311055222631694e+02 1.531348921515834768e-06 -3.895725311413638536e+00 1.222773276843661547e+09
8.000393695431773106e-04 -1.979132968900478851e+00 9.971311055222631694e+02 1.531348921515834768e-06 -3.895725311413638536e+00 1.222773276843661547e+09
7.987690514364884867e-04 -1.986068681653080148e+00 8.797880906878951919e+02 1.746766407585367059e-06 -3.822083929198689667e+00 1.222773276844442844e+09
7.933227553816564817e-04 -1.989019182399400787e+00 9.628851399696133058e+02 1.553119625010427759e-06 -3.801186048011734542e+00 1.222773276845826864e+09
7.933227553816564817e-04 -1.989019182399400787e+00 9.628851399696133058e+02 1.553119625010427759e-06 -3.801186048011734542e+00 1.222773276845826864e+09
7.995438687123295005e-04 -1.989357106136409703e+00 9.430876666847588012e+02 2.519015947476635473e-06 -3.613489215055495585e+00 1.222773276846472979e+09
7.975376890626695173e-04 -1.984579159602104070e+00 9.959042056553911380e+02 1.290882047891898578e-06 -4.272120453472817658e+00 1.222773276846947432e+09
7.975376890626695173e-04 -1.984579159602104070e+00 9.959042056553911380e+02 1.290882047891898578e-06 -4.272120453472817658e+00 1.222773276846947432e+09
7.951252714154964565e-04 -1.988853012771003126e+00 9.676796497162607693e+02 9.808606334126518232e-07 -4.469828312643551627e+00 1.222773276847204208e+09
8.111237900080570931e-04 -1.971771415486858192e+00 8.168818154782637748e+02 3.956911479068442802e-06 -3.139250136584450068e+00 1.222773276847975254e+09
7.921543476596027041e-04 -1.992444806611386898e+00 9.784485621934260280e+02 1.059964179700190457e-06 -4.402698917426011604e+00 1.222773276850950003e+09
7.921543476596027041e-04 -1.992444806611386898e+00 9.784485621934260280e+02 1.059964179700190457e-06 -4.402698917426011604e+00 1.222773276850950003e+09
8.050202853684918988e-04 -1.983124014491001619e+00 8.989671190573864124e+02 2.000899422451192003e-06 -3.688880719795632146e+00 1.222773276852587223e+09
8.050202853684918988e-04 -1.983124014491001619e+00 8.989671190573864124e+02 2.000899422451192003e-06 -3.688880719795632146e+00 1.222773276852587223e+09
7.966752656970646626e-04 -1.990497258262059255e+00 9.373851601910331510e+02 4.442944960133017940e-06 -2.996911786301952318e+00 1.222773276854826450e+09
8.161080782966033181e-04 -1.971582200606562196e+00 8.251745231624582857e+02 1.447138122761781083e-06 -3.958803202456632420e+00 1.222773276856286287e+09
8.161080782966033181e-04 -1.971582200606562196e+00 8.251745231624582857e+02 1.447138122761781083e-06 -3.958803202456632420e+00 1.222773276856286287e+09
8.253932104677544476e-04 -1.962763454871009117e+00 7.618014892228088684e+02 1.614940138171408239e-06 -3.959083512592735943e+00 1.222773276857179165e+09
8.181587231893692113e-04 -1.967730120159164819e+00 7.688284326824609707e+02 6.030056820334460003e-06 -2.912542319209182828e+00 1.222773276857324362e+09
7.934044122018097354e-04 -1.988409661146634422e+00 9.933748549489292827e+02 4.996742354424051015e-06 -3.224071488358356774e+00 1.222773276857718706e+09
8.173086857164721993e-04 -1.966551513378740790e+00 8.076386188639081638e+02 5.220088537569724981e-06 -2.797683343691491409e+00 1.222773276857805967e+09
7.982221106632791203e-04 -1.985462489708688993e+00 9.334871259483737731e+02 3.082890503461172294e-06 -3.182001607902175344e+00 1.222773276860958815e+09
8.123768381300403756e-04 -1.968959600672368637e+00 8.524541263644514402e+02 1.983446655480667777e-06 -3.726664232877148208e+00 1.222773276861140966e+09
7.968384135392691430e-04 -1.988522795875541593e+00 9.014308504647178779e+02 2.135478380945458237e-06 -3.854731889201358896e+00 1.222773276861156940e+09
7.968384135392691430e-04 -1.988522795875541593e+00 9.014308504647178779e+02 2.135478380945458237e-06 -3.854731889201358896e+00 1.222773276861156940e+09
8.044394397720439766e-04 -1.975620869757420461e+00 9.555861650838662626e+02 2.677396207515074262e-06 -3.385051148548338773e+00 1.222773276861345530e+09
8.044394397720439766e-04 -1.975620869757420461e+00 9.555861650838662626e+02 2.677396207515074262e-06 -3.385051148548338773e+00 1.222773276861345530e+09
8.083716152453385108e-04 -1.981403056223391523e+00 8.769932301966907744e+02 3.270825490234093244e-06 -3.358145282670024656e+00 1.222773276862237453e+09
8.114628497768585714e-04 -1.976313927313731567e+00 8.671082360237320472e+02 7.377407871252055985e-06 -2.598635501620005783e+00 1.222773276865354776e+09
8.114628497768585714e-04 -1.976313927313731567e+00 8.671082360237320472e+02 7.377407871252055985e-06 -2.598635501620005783e+00 1.222773276865354776e+09
7.988444473864969326e-04 -1.987193904594319438e+00 8.838291358333649441e+02 4.608646484586245766e-06 -3.000714081545432066e+00 1.222773276867609501e+09
7.988444473864969326e-04 -1.987193904594319438e+00 8.838291358333649441e+02 4.608646484586245766e-06 -3.000714081545432066e+00 1.222773276867609501e+09
8.072916076115541897e-04 -1.979248105538255365e+00 9.238854883802840732e+02 2.911938762225205120e-06 -3.408336728727131337e+00 1.222773276867614985e+09
8.295447432291998486e-04 -1.963117554998163872e+00 7.128290421985818739e+02 6.481898902523538546e-06 -2.899266525706909903e+00 1.222773276868957758e+09
8.017796706027735835e-04 -1.977382007542138220e+00 9.849075702363371647e+02 7.510415247187244314e-06 -2.699254788939564165e+00 1.222773276869313955e+09
8.083313705108392637e-04 -1.977515804730708204e+00 8.476207927433323448e+02 2.138167303262394500e-06 -3.504902013795248017e+00 1.222773276871240139e+09
8.083313705108392637e-04 -1.977515804730708204e+00 8.476207927433323448e+02 2.138167303262394500e-06 -3.504902013795248017e+00 1.222773276871240139e+09
8.115262283884147566e-04 -1.969543730596015507e+00 8.867377429473780239e+02 5.874095632932801434e-06 -2.953187087787713772e+00 1.222773276872086525e+09
8.115262283884147566e-04 -1.969543730596015507e+00 8.867377429473780239e+02 5.874095632932801434e-06 -2.953187087787713772e+00 1.222773276872086525e+09
8.083894805978589964e-04 -1.979098191734015355e+00 8.861846883705408118e+02 8.455317768132451642e-06 -2.718392146163195910e+00 1.222773276872609377e+09
8.083894805978589964e-04 -1.979098191734015355e+00 8.861846883705408118e+02 8.455317768132451642e-06 -2.718392146163195910e+00 1.222773276872609377e+09
8.318990409835539919e-04 -1.957464931728868596e+00 7.105203528443746563e+02 2.968398443924410037e-06 -3.540925982278538164e+00 1.222773276873636246e+09
8.318990409835539919e-04 -1.957464931728868596e+00 7.105203528443746563e+02 2.968398443924410037e-06 -3.540925982278538164e+00 1.222773276873636246e+09
8.101102605700286150e-04 -1.980828938798867345e+00 8.563930482906999941e+02 4.183041274542105345e-06 -3.254576039875626492e+00 1.222773276873866320e+09
8.101102605700286150e-04 -1.980828938798867345e+00 8.563930482906999941e+02 4.183041274542105345e-06 -3.254576039875626492e+00 1.222773276873866320e+09
7.965647069570629167e-04 -1.985524104392958789e+00 9.563588771137057165e+02 7.064785511557533136e-07 -4.497634987820260832e+00 1.222773276874325514e+09
7.944055840804880577e-04 -1.989995659828079022e+00 9.674765973505749344e+02 9.257184281537673127e-07 -4.497618446651105550e+00 1.222773276874944448e+09
7.944055840804880577e-04 -1.989995659828079022e+00 9.674765973505749344e+02 9.257184281537673127e-07 -4.497618446651105550e+00 1.222773276874944448e+09
8.081400929024716833e-04 -1.975407891133943661e+00 8.368911684866149017e+02 1.574724150180810486e-06 -3.836697958942871800e+00 1.222773276875597000e+09
8.152348476276118387e-04 -1.971452949138899680e+00 7.702139891266708673e+02 3.791151782023957496e-06 -3.151238316385306604e+00 1.222773276879702091e+09
8.152348476276118387e-04 -1.971452949138899680e+00 7.702139891266708673e+02 3.791151782023957496e-06 -3.151238316385306604e+00 1.222773276879702091e+09
8.347130352932017943e-04 -1.955763840506750562e+00 7.012997195557918531e+02 2.752865274905918640e-06 -3.517362848610519066e+00 1.222773276879821539e+09
8.347130352932017943e-04 -1.955763840506750562e+00 7.012997195557918531e+02 2.752865274905918640e-06 -3.517362848610519066e+00 1.222773276879821539e+09
8.263642551007654947e-04 -1.960851338493043272e+00 7.316124083802180849e+02 2.291832224687337402e-06 -3.577995215772565629e+00 1.222773276881743193e+09
8.267983647397697533e-04 -1.963924622834336553e+00 7.470203415823052637e+02 2.619188954880408806e-06 -3.481461115965928776e+00 1.222773276883049011e+09
7.927191332390878375e-04 -1.992665353078759694e+00 9.605036840522574266e+02 6.878178247410311263e-06 -2.729821899792414186e+00 1.222773276885413647e+09
8.013785079364987938e-04 -1.982659725068740997e+00 8.865441054735096031e+02 1.535984475086417161e-06 -4.117921903813628326e+00 1.222773276885554314e+09
8.103728017614587236e-04 -1.980052089041604457e+00 8.347847095845016838e+02 2.659065410671015874e-06 -3.483904653631462622e+00 1.222773276885790825e+09
8.054408075152451416e-04 -1.975780269469722406e+00 9.805436434585669758e+02 6.199264620574190158e-06 -2.832869716708228403e+00 1.222773276888032675e+09
8.054408075152451416e-04 -1.975780269469722406e+00 9.805436434585669758e+02 6.199264620574190158e-06 -2.832869716708228403e+00 1.222773276888032675e+09
7.975721858641403490e-04 -1.988105630426993287e+00 9.989516053939779567e+02 6.874275332181615158e-06 -2.940044423518729744e+00 1.222773276888107777e+09
8.016601581806740090e-04 -1.981828070031780298e+00 9.668585823300901438e+02 9.833170732297110637e-07 -4.303413624955063632e+00 1.222773276888149500e+09
8.016601581806740090e-04 -1.981828070031780298e+00 9.668585823300901438e+02 9.833170732297110637e-07 -4.303413624955063632e+00 1.222773276888149500e+09
8.065924189558855732e-04 -1.982979038938864846e+00 8.441658545533988445e+02 1.702526609070452462e-06 -4.033244104875389979e+00 1.222773276888249874e+09
8.065924189558855732e-04 -1.982979038938864846e+00 8.441658545533988445e+02 1.702526609070452462e-06 -4.033244104875389979e+00 1.222773276888249874e+09
7.947842858735063845e-04 -1.990937986333961796e+00 9.838773869862649235e+02 1.210242711527237673e-06 -4.086077889762528059e+00 1.222773276888514996e+09
7.947842858735063845e-04 -1.990937986333961796e+00 9.838773869862649235e+02 1.210242711527237673e-06 -4.086077889762528059e+00 1.222773276888514996e+09
7.890122309633234047e-04 -1.994803524280594154e+00 9.950448592721232899e+02 3.930671826281871797e-06 -3.397977243530995395e+00 1.222773276890995979e+09
7.970656323043113535e-04 -1.980370417485029844e+00 9.959713501450067952e+02 2.416494430736511225e-06 -3.577790483863524607e+00 1.222773276891298771e+09
8.120763507593580909e-04 -1.969962721012315843e+00 8.961425238981471466e+02 5.989899517992921532e-06 -2.757264412541711174e+00 1.222773276892611980e+09
8.147626757596973480e-04 -1.968919962634553045e+00 8.039230584114839075e+02 4.079179290050889628e-06 -3.029302875458032673e+00 1.222773276893800735e+09
8.147626757596973480e-04 -1.968919962634553045e+00 8.039230584114839075e+02 4.079179290050889628e-06 -3.029302875458032673e+00 1.222773276893800735e+09
8.245170649565572571e-04 -1.965431963940695859e+00 7.796066758486811068e+02 5.744843020703066383e-06 -3.037921896291331691e+00 1.222773276896543741e+09
7.992376676694166668e-04 -1.986333687746566712e+00 9.789169866181661064e+02 1.187088782872626259e-06 -4.196568703754998353e+00 1.222773276898159266e+09
8.017409813086173774e-04 -1.977169327102624941e+00 9.359449991062806475e+02 2.078803053439825104e-06 -3.659256726021035355e+00 1.222773276900161028e+09
8.206722925316818672e-04 -1.964421853890876424e+00 7.696751968649418814e+02 2.891325337255220413e-06 -3.556460006203286284e+00 1.222773276902029753e+09
7.888494806090585142e-04 -1.992813982945280449e+00 9.851495830426052862e+02 2.337390823999433354e-06 -3.568418334695730110e+00 1.222773276902279139e+09
8.034509666709671637e-04 -1.981067249550290565e+00 8.772661274423068107e+02 7.504779057333329136e-07 -4.512813141436272879e+00 1.222773276903137922e+09
8.019475788024471715e-04 -1.977703908233268582e+00 9.315327213124219270e+02 1.786388366583024529e-06 -3.922058648771542977e+00 1.222773276903644800e+09
8.019475788024471715e-04 -1.977703908233268582e+00 9.315327213124219270e+02 1.786388366583024529e-06 -3.922058648771542977e+00 1.222773276903644800e+09
8.157476419306497169e-04 -1.972427471135289156e+00 8.051141513141266159e+02 1.502957365555567722e-06 -3.874757789784468720e+00 1.222773276903686762e+09
7.981143381113848601e-04 -1.985440629458826711e+00 9.554615292985785118e+02 5.962423415450767003e-06 -2.648957925040599903e+00 1.222773276904433727e+09
7.981143381113848601e-04 -1.985440629458826711e+00 9.554615292985785118e+02 5.962423415450767003e-06 -2.648957925040599903e+00 1.222773276904433727e+09
8.001988314989460973e-04 -1.979613926578562388e+00 9.435761100409699793e+02 1.118134093717570359e-06 -4.219378812149301439e+00 1.222773276905547380e+09
8.076437572113828213e-04 -1.975489230207875035e+00 8.463458727233374930e+02 1.428496610571391854e-06 -3.920118934068913319e+00 1.222773276908985376e+09
8.112800026478700398e-04 -1.979579869476505216e+00 8.078616539291870140e+02 1.830621020495840287e-06 -3.848474844664868222e+00 1.222773276909106493e+09
8.112800026478700398e-04 -1.979579869476505216e+00 8.078616539291870140e+02 1.830621020495840287e-06 -3.848474844664868222e+00 1.222773276909106493e+09
8.230197567620341432e-04 -1.969769909219144743e+00 7.498317580572374936e+02 4.245915708661695462e-06 -3.300068722865866278e+00 1.222773276910442829e+09
7.920748314855361643e-04 -1.991269405298864426e+00 9.656267741407712037e+02 6.206473217120289198e-06 -2.939666464029134119e+00 1.222773276911181688e+09
8.063438039906120972e-04 -1.978454116782470518e+00 8.416135233690658879e+02 1.902734117496051502e-06 -3.937075407529267324e+00 1.222773276911830902e+09
8.185319767876215449e-04 -1.966590729838780138e+00 7.890517514928322953e+02 1.316129133516615028e-06 -4.103028907031148087e+00 1.222773276913335085e+09
8.185319767876215449e-04 -1.966590729838780138e+00 7.890517514928322953e+02 1.316129133516615028e-06 -4.103028907031148087e+00 1.222773276913335085e+09
8.219913733172574217e-04 -1.970073853295037702e+00 7.419682449529946098e+02 1.931640872855105480e-06 -3.813979068095504132e+00 1.222773276914517879e+09
8.034389840826459527e-04 -1.982873810710038764e+00 9.242325859260753305e+02 1.648879745867353169e-06 -4.097422109986064598e+00 1.222773276914759874e+09
8.034389840826459527e-04 -1.982873810710038764e+00 9.242325859260753305e+02 1.648879745867353169e-06 -4.097422109986064598e+00 1.222773276914759874e+09
8.020180442998918165e-04 -1.976322511492576206e+00 9.534626508919712933e+02 2.537366785124667739e-06 -3.561633266576989421e+00 1.222773276916122198e+09
8.042189044658766420e-04 -1.976958692654732008e+00 9.779306677439524265e+02 5.176412214415516829e-06 -3.129573234521997982e+00 1.222773276917074442e+09
8.199833872759900713e-04 -1.967720645442786687e+00 7.463453147182372049e+02 4.279550786934510760e-06 -3.043566024701425121e+00 1.222773276917534351e+09
8.199833872759900713e-04 -1.967720645442786687e+00 7.463453147182372049e+02 4.279550786934510760e-06 -3.043566024701425121e+00 1.222773276917534351e+09
8.176397631867484946e-04 -1.965386177487870034e+00 7.967144416427316855e+02 4.017772486850483153e-06 -3.118090471682118725e+00 1.222773276918213129e+09
7.990854450098725361e-04 -1.980077078377140198e+00 9.847862271006192714e+02 4.362639785744587874e-06 -2.929162708396320092e+00 1.222773276918966055e+09
7.939713804431401852e-04 -1.991027404338625129e+00 9.279537252153554618e+02 1.484068080469588869e-06 -4.098246951626810741e+00 1.222773276920092106e+09
8.043074433561182932e-04 -1.981588018234876181e+00 8.482711098664939300e+02 3.650516761283138713e-06 -3.441425518890394386e+00 1.222773276920098782e+09
8.036098791703038830e-04 -1.981152654905690369e+00 8.930083880942959240e+02 9.098212824237816696e-07 -4.492227554192767869e+00 1.222773276920130730e+09
7.998956040035017393e-04 -1.985967595983070488e+00 9.057459926777662531e+02 7.737240219680967166e-07 -4.528057776386454236e+00 1.222773276921457291e+09
7.998956040035017393e-04 -1.985967595983070488e+00 9.057459926777662531e+02 7.737240219680967166e-07 -4.528057776386454236e+00 1.222773276921457291e+09
8.061688722098359419e-04 -1.976880819774186282e+00 8.720965295792844927e+02 9.082908891218090929e-07 -4.306674989206099369e+00 1.222773276923294783e+09
8.164608629300209230e-04 -1.975030575364628671e+00 7.985488811937995024e+02 2.389368162914654834e-06 -3.641002707712619468e+00 1.222773276923745871e+09
8.113616086092360598e-04 -1.970571807690755906e+00 8.478701598711276120e+02 3.248313927100766116e-06 -3.204419620038821748e+00 1.222773276924471378e+09
8.113616086092360598e-04 -1.970571807690755906e+00 8.478701598711276120e+02 3.248313927100766116e-06 -3.204419620038821748e+00 1.222773276924471378e+09
8.224630760907373920e-04 -1.962784558410110680e+00 7.883096423170012486e+02 2.860777794212877501e-06 -3.580428584482033827e+00 1.222773276926903009e+09
8.224630760907373920e-04 -1.962784558410110680e+00 7.883096423170012486e+02 2.860777794212877501e-06 -3.580428584482033827e+00 1.222773276926903009e+09
8.102673119112679045e-04 -1.973846911072492549e+00 8.287030678669669896e+02 1.671645212015692462e-06 -3.756967202876779766e+00 1.222773276927222729e+09
8.001038089261238188e-04 -1.978031041987483807e+00 9.832701376577932706e+02 2.995803351697799035e-06 -3.503129772294800048e+00 1.222773276927654028e+09
8.074510379898943704e-04 -1.974895872495086024e+00 9.141041320295680634e+02 1.631082190455271866e-06 -3.798393172571284282e+00 1.222773276927735329e+09
8.043946933879486715e-04 -1.983282030042190947e+00 9.299167060019299242e+02 2.224327608550010063e-06 -3.819958634381219298e+00 1.222773276928192854e+09
7.941322794963258424e-04 -1.990492160191895898e+00 9.314297299194090556e+02 5.840201929505771116e-06 -2.878176504876154063e+00 1.222773276928297758e+09
7.941322794963258424e-04 -1.990492160191895898e+00 9.314297299194090556e+02 5.840201929505771116e-06 -2.878176504876154063e+00 1.222773276928297758e+09
8.085301480455173726e-04 -1.979781339199566226e+00 8.367903642956127896e+02 1.973359727288673221e-06 -3.963080766399307286e+00 1.222773276928435326e+09
7.956485683500118386e-04 -1.989735060122050259e+00 9.260979745058838262e+02 4.341477868779387663e-06 -3.000399357125575150e+00 1.222773276930292845e+09
7.956485683500118386e-04 -1.989735060122050259e+00 9.260979745058838262e+02 4.341477868779387663e-06 -3.000399357125575150e+00 1.222773276930292845e+09
8.325717803655981446e-04 -1.957291426040829396e+00 6.971087178738769126e+02 2.882768410544758786e-06 -3.417692771324139400e+00 1.222773276934750795e+09
7.996254871237776099e-04 -1.985639104624299822e+00 9.278972034464319449e+02 7.617816576331526926e-07 -4.476226269486167197e+00 1.222773276934913874e+09
7.996254871237776099e-04 -1.985639104624299822e+00 9.278972034464319449e+02 7.617816576331526926e-07 -4.476226269486167197e+00 1.222773276934913874e+09
8.125797579990552471e-04 -1.973936032298780674e+00 8.370970177742400438e+02 1.065062378681477691e-06 -4.180308295477577651e+00 1.222773276936086893e+09
8.045402312476251797e-04 -1.982442964531347496e+00 8.396217963643424582e+02 1.562917945583480001e-06 -3.895534228174842184e+00 1.222773276937291861e+09
8.014580836796511088e-04 -1.981242056543224273e+00 9.669458383152696115e+02 9.703897182454758974e-07 -4.283985671068422540e+00 1.222773276937647104e+09
8.115366267507780843e-04 -1.976883775146120348e+00 8.267702030127940134e+02 1.786010917107628064e-06 -3.728021376173967560e+00 1.222773276937963963e+09
8.062121955327829432e-04 -1.975599812165229618e+00 9.348921346235961209e+02 9.131395673306870947e-06 -2.467024551851887182e+00 1.222773276938331366e+09
8.062121955327829432e-04 -1.975599812165229618e+00 9.348921346235961209e+02 9.131395673306870947e-06 -2.467024551851887182e+00 1.222773276938331366e+09
7.990882561069725335e-04 -1.986036423084412750e+00 9.319189579462779420e+02 1.538402572900288844e-06 -3.807999529089907575e+00 1.222773276939337730e+09
7.931377701207693127e-04 -1.991426205946046579e+00 9.739382556433662330e+02 3.336801212925292569e-06 -3.168039963483879617e+00 1.222773276940231800e+09
7.931377701207693127e-04 -1.991426205946046579e+00 9.739382556433662330e+02 3.336801212925292569e-06 -3.168039963483879617e+00 1.222773276940231800e+09
8.192019590626952331e-04 -1.966936619569791933e+00 7.741542908429075851e+02 1.514265457068292671e-06 -3.888703246873017605e+00 1.222773276942592144e+09
8.192019590626952331e-04 -1.966936619569791933e+00 7.741542908429075851e+02 1.514265457068292671e-06 -3.888703246873017605e+00 1.222773276942592144e+09
7.982396379511800134e-04 -1.984028521961372693e+00 9.635465156716509227e+02 1.176387746199760959e-06 -4.013906545412972093e+00 1.222773276942880869e+09
8.238318032884324287e-04 -1.964385862616327971e+00 7.378837893634744205e+02 2.035054185274123515e-06 -3.843027899804880576e+00 1.222773276945492268e+09
8.238318032884324287e-04 -1.964385862616327971e+00 7.378837893634744205e+02 2.035054185274123515e-06 -3.843027899804880576e+00 1.222773276945492268e+09
7.959708684789175903e-04 -1.982662244357770387e+00 9.680934069779177662e+02 3.158361566681714810e-06 -3.293977027572569938e+00 1.222773276946700573e+09
8.107987291306200826e-04 -1.976001399811496029e+00 8.848133692269477706e+02 2.997971872303170839e-06 -3.337902261547967875e+00 1.222773276947492599e+09
7.975662898245952995e-04 -1.982179216236627628e+00 9.559283850723699061e+02 2.530214214959044620e-06 -3.697746116086893409e+00 1.222773276948079824e+09
7.975662898245952995e-04 -1.982179216236627628e+00 9.559283850723699061e+02 2.530214214959044620e-06 -3.697746116086893409e+00 1.222773276948079824e+09
8.065014623060338906e-04 -1.978338818413579947e+00 8.912808387039103764e+02 6.825826419658187961e-06 -2.552486499438137990e+00 1.222773276948883533e+09
8.285777307805231636e-04 -1.960497495603789053e+00 7.242513204368081006e+02 1.915387496424743265e-06 -3.852991466547375232e+00 1.222773276951468706e+09
7.915252326580287561e-04 -1.996133433953363845e+00 9.724550070876159680e+02 4.853890415631470559e-06 -3.134329003662744917e+00 1.222773276951501846e+09
7.915252326580287561e-04 -1.996133433953363845e+00 9.724550070876159680e+02 4.853890415631470559e-06 -3.134329003662744917e+00 1.222773276951501846e+09
7.958935920735708261e-04 -1.990748772128680510e+00 9.135188769188940796e+02 2.052516475742196933e-06 -3.892706822841613956e+00 1.222773276953931570e+09
8.100144763236514882e-04 -1.979269682573796096e+00 8.130735077140234353e+02 1.261289781294552094e-06 -4.139573852167959700e+00 1.222773276955583572e+09
8.189731481094382004e-04 -1.967015615065421663e+00 8.372882013013302185e+02 3.251664430664314882e-06 -3.327648696518906490e+00 1.222773276955876589e+09
8.038564784215747458e-04 -1.979322467759473625e+00 9.673231479581339727e+02 8.924851321051169905e-06 -2.491147637164266015e+00 1.222773276955904484e+09
8.038564784215747458e-04 -1.979322467759473625e+00 9.673231479581339727e+02 8.924851321051169905e-06 -2.491147637164266015e+00 1.222773276955904484e+09
8.120782308199866453e-04 -1.976728682943541759e+00 7.809162405570431247e+02 3.773077857472220408e-06 -3.355859406568987069e+00 1.222773276959945202e+09
7.968299325871319597e-04 -1.990551838949823793e+00 9.582915038198913180e+02 7.156183805752203161e-06 -2.713372942058983384e+00 1.222773276960899115e+09
8.048408161051436678e-04 -1.978036416545320364e+00 9.064180264004231731e+02 1.088253935879749913e-06 -4.351246756728968990e+00 1.222773276962734699e+09
7.976564555934651836e-04 -1.986093409202519755e+00 9.448778027257178564e+02 2.092141294429957657e-06 -3.519228486438814585e+00 1.222773276969413519e+09
8.121604797495242086e-04 -1.975192468441836713e+00 8.584424600285872202e+02 1.842688786606279008e-06 -3.745134202037724513e+00 1.222773276971278906e+09
7.999565678417542994e-04 -1.985369402283347018e+00 9.853777528050517276e+02 1.807263135847431729e-06 -3.990963245621133026e+00 1.222773276973060608e+09
8.010169699466641001e-04 -1.985725793386832194e+00 9.570123453408019714e+02 2.156684799959790030e-06 -3.880419064912738136e+00 1.222773276973114729e+09
7.999523531549649485e-04 -1.977823363456620687e+00 9.878399815371971044e+02 2.950745986179129389e-06 -3.441175741057435289e+00 1.222773276979443073e+09
8.058872344055412326e-04 -1.983166989288083215e+00 8.927224175815442777e+02 1.852305804160512870e-06 -3.906203551190894352e+00 1.222773276980021238e+09
8.157328770238684613e-04 -1.971536608600110707e+00 7.824514244042089786e+02 4.477490204795414282e-06 -3.274377910551364401e+00 1.222773276980567217e+09
8.022482411739404991e-04 -1.980342289914275744e+00 9.224081581737667648e+02 2.432796443726306758e-06 -3.377300136537386699e+00 1.222773276983517885e+09
8.060796123026658369e-04 -1.980877310594857610e+00 9.150624646876206043e+02 3.602767692786867514e-06 -3.177082949366442755e+00 1.222773276985255003e+09
7.941828076892862688e-04 -1.991178487401740860e+00 9.205931552805321871e+02 3.003979899294824204e-06 -3.377851899650766931e+00 1.222773276985466480e+09
8.214651759120797803e-04 -1.964535175521878507e+00 7.853082004855044715e+02 1.676842978061952230e-06 -3.830326608889927265e+00 1.222773276985793352e+09
8.147318786817900511e-04 -1.976259114021111873e+00 8.052066251945490194e+02 3.713279283941395390e-06 -3.449688049827792646e+00 1.222773276989113808e+09
8.147318786817900511e-04 -1.976259114021111873e+00 8.052066251945490194e+02 3.713279283941395390e-06 -3.449688049827792646e+00 1.222773276989113808e+09
8.202300953387746613e-04 -1.965774278224597715e+00 7.883562342316866989e+02 1.913232687739622651e-06 -3.911632107662762259e+00 1.222773276989454746e+09
8.202300953387746613e-04 -1.965774278224597715e+00 7.883562342316866989e+02 1.913232687739622651e-06 -3.911632107662762259e+00 1.222773276989454746e+09
7.921522876791986740e-04 -1.991184706787297642e+00 9.795001766888947259e+02 2.806438671252365128e-06 -3.696513869415340992e+00 1.222773276990200758e+09
8.146054767260938606e-04 -1.974686149934347767e+00 8.035579986719535555e+02 1.444375935261145702e-06 -3.959991485364341202e+00 1.222773276990304947e+09
8.146054767260938606e-04 -1.974686149934347767e+00 8.035579986719535555e+02 1.444375935261145702e-06 -3.959991485364341202e+00 1.222773276990304947e+09
7.972303841634041134e-04 -1.983387135926384159e+00 9.440242747582409493e+02 2.785434409587139344e-06 -3.631630392538643726e+00 1.222773276990367889e+09
8.258524038190691871e-04 -1.962503351014931674e+00 7.701959558937278416e+02 2.585329909061242617e-06 -3.646712631672978766e+00 1.222773276992140055e+09
7.975375573094902956e-04 -1.990290627918976041e+00 8.864112417803173685e+02 2.703741357994371405e-06 -3.585276332066696270e+00 1.222773276992881775e+09
8.100277610764964773e-04 -1.975918955775052277e+00 8.446299194822620393e+02 9.106490715740552289e-07 -4.312393999790717913e+00 1.222773276993379354e+09
8.005981591290701853e-04 -1.986576994832622844e+00 8.680533705620697447e+02 3.466312282707805759e-06 -3.242781694198022535e+00 1.222773276993925810e+09
8.194227947959534328e-04 -1.971274791936593829e+00 7.475879115487663285e+02 2.901739986178966300e-06 -3.605961909313867508e+00 1.222773276994466782e+09
8.073476609487338206e-04 -1.981772609804365315e+00 8.736153772368835462e+02 1.678262142024635936e-06 -3.917200063572176205e+00 1.222773276995360136e+09
8.293470103533955766e-04 -1.959124845315612706e+00 7.244078581658994835e+02 3.521138479347000578e-06 -3.417177742967897558e+00 1.222773276997825861e+09
8.170982820281551045e-04 -1.966733777508375525e+00 8.225216700447535914e+02 1.623531480415387765e-06 -3.883484126659483948e+00 1.222773276998442650e+09
8.170982820281551045e-04 -1.966733777508375525e+00 8.225216700447535914e+02 1.623531480415387765e-06 -3.883484126659483948e+00 1.222773276998442650e+09
8.020113468109826447e-04 -1.977335355302543007e+00 9.918256231499447040e+02 2.272476008169299918e-06 -3.709607331887201376e+00 1.222773276998601913e+09
8.296522227326821831e-04 -1.962377314177560006e+00 6.986623354103659267e+02 5.411125693682730243e-06 -3.021106903211641992e+00 1.222773276999661207e+09
8.055730951670296049e-04 -1.981652838691849272e+00 9.403798654250596201e+02 3.411871579528608938e-06 -3.443281177915083369e+00 1.222773277000495434e+09
8.108244285346158072e-04 -1.973345021347360673e+00 8.099373585590954008e+02 4.845123544544329057e-06 -3.006659121004818580e+00 1.222773277001194000e+09
8.108244285346158072e-04 -1.973345021347360673e+00 8.099373585590954008e+02 4.845123544544329057e-06 -3.006659121004818580e+00 1.222773277001194000e+09
8.112553512713735178e-04 -1.979715782017619663e+00 8.319744385232868353e+02 3.645886692416041523e-06 -3.266078336728997833e+00 1.222773277001324177e+09
8.171387900609434476e-04 -1.972756210072281302e+00 8.113497044686790787e+02 2.598308332438557147e-06 -3.501337160378677815e+00 1.222773277005153894e+09
8.131809042581563535e-04 -1.973504458740444001e+00 7.965974201412703906e+02 5.949014192627463317e-06 -2.739180851252234206e+00 1.222773277005248308e+09
7.989545959559717948e-04 -1.984707392805531656e+00 8.868430962451510595e+02 4.627664529054494016e-06 -3.104417925200017692e+00 1.222773277005409002e+09
8.225777276459912126e-04 -1.969282286365588108e+00 7.473013893290128635e+02 2.098328233690215086e-06 -3.826829991337568515e+00 1.222773277006247759e+09
8.174667247975318709e-04 -1.970026514545471397e+00 8.493887345401628863e+02 5.526711511090900926e-06 -3.018712069439676959e+00 1.222773277007224083e+09
8.222664847180299191e-04 -1.967851946577966915e+00 7.648863373518271374e+02 1.707004635624810575e-06 -3.989117511019195206e+00 1.222773277008526564e+09
8.222664847180299191e-04 -1.967851946577966915e+00 7.648863373518271374e+02 1.707004635624810575e-06 -3.989117511019195206e+00 1.222773277008526564e+09
7.987258644543954568e-04 -1.984528289669885481e+00 9.486407953819947352e+02 4.054526859929215490e-06 -2.952340622060856568e+00 1.222773277008778095e+09
8.110877195577625987e-04 -1.978873737276638956e+00 8.419795610004922537e+02 1.751948996814048821e-06 -3.935127829380794751e+00 1.222773277009546041e+09
8.048540748988562438e-04 -1.979203976522611264e+00 9.130635888311021517e+02 1.443599502135025869e-06 -3.866456710046135115e+00 1.222773277010657072e+09
8.041317847672470927e-04 -1.978231178814387814e+00 9.821704483349938073e+02 5.953383575840237905e-06 -3.003602488966160777e+00 1.222773277013237715e+09
8.112896596868325897e-04 -1.969729310930305344e+00 8.967665855865876665e+02 3.910189402723539511e-06 -3.282648783974987161e+00 1.222773277013251543e+09
8.112896596868325897e-04 -1.969729310930305344e+00 8.967665855865876665e+02 3.910189402723539511e-06 -3.282648783974987161e+00 1.222773277013251543e+09
7.947318848037834274e-04 -1.986142049488377914e+00 9.394079816913572358e+02 2.946341969158080647e-06 -3.401596830663592641e+00 1.222773277013273478e+09
8.008594520128840561e-04 -1.988586693464752919e+00 9.161197185815318562e+02 3.268218594532300711e-06 -3.387227450965937692e+00 1.222773277015213013e+09
7.966584453323106345e-04 -1.984848077531110588e+00 9.950105718168717885e+02 1.691744036281667158e-06 -3.703790353173982197e+00 1.222773277015907764e+09
8.008317482149065938e-04 -1.980556115542573714e+00 9.318848232232725195e+02 1.818683869717823031e-06 -3.646115282987040906e+00 1.222773277016089201e+09
8.014918139176926710e-04 -1.988081306966008155e+00 8.676478220381226265e+02 2.478849948339715919e-06 -3.641166236046709415e+00 1.222773277017811060e+09
8.014918139176926710e-04 -1.988081306966008155e+00 8.676478220381226265e+02 2.478849948339715919e-06 -3.641166236046709415e+00 1.222773277017811060e+09
8.079790649638420421e-04 -1.975380187240267205e+00 8.546259159014135776e+02 6.875385614874583511e-06 -2.842809262138827897e+00 1.222773277018069267e+09
8.079790649638420421e-04 -1.975380187240267205e+00 8.546259159014135776e+02 6.875385614874583511e-06 -2.842809262138827897e+00 1.222773277018069267e+09
8.135832844016530454e-04 -1.971665590101492782e+00 8.901406077840199487e+02 3.675564569333411355e-06 -3.278672919960586185e+00 1.222773277019286871e+09
8.025862102835864317e-04 -1.983838190967214032e+00 8.610235361010354609e+02 5.609859013396023202e-06 -3.042939810068874706e+00 1.222773277019867659e+09
8.123197299492554858e-04 -1.976424852375945784e+00 8.056959575187097471e+02 5.916859097464462269e-06 -3.049283658893772397e+00 1.222773277021314859e+09
8.130004965873277112e-04 -1.978603481887644566e+00 8.194660459389858715e+02 4.934742056005644246e-06 -3.089662510018756691e+00 1.222773277021688223e+09
8.227878531914789009e-04 -1.965321743194669457e+00 7.586081838138092053e+02 1.928672044387091596e-06 -3.914371267395422294e+00 1.222773277022183418e+09
8.227878531914789009e-04 -1.965321743194669457e+00 7.586081838138092053e+02 1.928672044387091596e-06 -3.914371267395422294e+00 1.222773277022183418e+09
8.068680134358743481e-04 -1.977746635478224047e+00 8.821185579482287267e+02 2.555412369687318534e-06 -3.349502102899126754e+00 1.222773277022247314e+09
7.990512177374397900e-04 -1.989816208546984377e+00 9.439914260124800194e+02 3.272384560616847193e-06 -3.392107963422983374e+00 1.222773277022660732e+09
7.990512177374397900e-04 -1.989816208546984377e+00 9.439914260124800194e+02 3.272384560616847193e-06 -3.392107963422983374e+00 1.222773277022660732e+09
8.207089957207187305e-04 -1.967184834484663192e+00 7.911045302902069807e+02 8.184729630419050787e-06 -2.512847877041213707e+00 1.222773277023326397e+09
8.034241403330441870e-04 -1.978869300754876548e+00 8.764867026505785361e+02 6.057156811153425972e-06 -2.810475856374947234e+00 1.222773277023656845e+09
8.034241403330441870e-04 -1.978869300754876548e+00 8.764867026505785361e+02 6.057156811153425972e-06 -2.810475856374947234e+00 1.222773277023656845e+09
8.207886189995267957e-04 -1.963321987911383015e+00 8.166494133379834466e+02 3.528287481250083479e-06 -3.250380982096054971e+00 1.222773277023886919e+09
8.014590266520689238e-04 -1.980927904074010426e+00 9.347458916910488824e+02 7.024712410451478483e-06 -2.895682820063688823e+00 1.222773277025977850e+09
8.047001041574931672e-04 -1.981812129409874057e+00 8.859079756503597309e+02 5.205022738223539866e-06 -2.797367394200936275e+00 1.222773277026170731e+09
7.985448584843141172e-04 -1.981698793784198553e+00 9.545058007349045965e+02 7.298686714828056844e-06 -2.597636201091871655e+00 1.222773277026460171e+09
8.026077442063566910e-04 -1.981124912705659824e+00 8.585533642286485474e+02 2.027142298248735411e-06 -3.717910505052938852e+00 1.222773277028024673e+09
8.113756880681579275e-04 -1.974850519416775807e+00 8.361226024815140363e+02 8.881509671198982905e-07 -4.432803648763606219e+00 1.222773277028976917e+09
8.040419539216210783e-04 -1.981256788169739602e+00 9.035532832389728810e+02 8.651389556847896601e-07 -4.362740138653517619e+00 1.222773277029340982e+09
7.943965438988054989e-04 -1.987365745068231604e+00 9.344597826393470541e+02 3.113018388303559550e-06 -3.460655685638864831e+00 1.222773277029379129e+09
7.906023507074491424e-04 -1.997002904006787150e+00 9.876922412387663144e+02 3.757976363449433750e-06 -3.282882678809837529e+00 1.222773277029909134e+09
8.090979242950796513e-04 -1.975914282684819057e+00 9.285201323031031961e+02 6.573877125491706644e-06 -2.784424543559937959e+00 1.222773277031039715e+09
8.045511848740556551e-04 -1.977741980403432631e+00 9.202930562775717362e+02 7.630394295588356694e-06 -2.799639380976188363e+00 1.222773277035199165e+09
8.007696344485674706e-04 -1.978846870149007398e+00 9.398779631636197109e+02 2.588155464765244153e-06 -3.657743600565996900e+00 1.222773277035520792e+09
8.007696344485674706e-04 -1.978846870149007398e+00 9.398779631636197109e+02 2.588155464765244153e-06 -3.657743600565996900e+00 1.222773277035520792e+09
7.986132672372294079e-04 -1.983067476057344347e+00 9.329967346586895474e+02 3.747807399688976370e-06 -3.044426295211552613e+00 1.222773277035696983e+09
7.986132672372294079e-04 -1.983067476057344347e+00 9.329967346586895474e+02 3.747807399688976370e-06 -3.044426295211552613e+00 1.222773277035696983e+09
7.961582319435803797e-04 -1.985991349961377939e+00 9.239647434028252064e+02 2.615687737604921803e-06 -3.654645637990435958e+00 1.222773277038814783e+09
8.169171093605964371e-04 -1.972684303277955520e+00 7.796417484743830073e+02 1.252445189869480154e-06 -4.156154927535144594e+00 1.222773277040676594e+09
8.169171093605964371e-04 -1.972684303277955520e+00 7.796417484743830073e+02 1.252445189869480154e-06 -4.156154927535144594e+00 1.222773277040676594e+09
7.961132804831185959e-04 -1.987032925801263783e+00 9.936456319664696366e+02 8.269648425231053855e-06 -2.749332523300183517e+00 1.222773277041000605e+09
8.050790108821019629e-04 -1.977850959884220661e+00 9.249722215547936912e+02 1.014146479206717648e-06 -4.351789016732602988e+00 1.222773277045907736e+09
8.038834966738726308e-04 -1.982388319992445691e+00 9.442576298063809190e+02 8.373406651386579739e-06 -2.669438249541105534e+00 1.222773277047192335e+09
8.079503951666710745e-04 -1.972624566182415773e+00 8.778836918911688372e+02 5.106594476325903788e-06 -2.907875945127431194e+00 1.222773277047372818e+09
8.021875270343382588e-04 -1.981595972554150542e+00 8.722930701023046822e+02 1.262200385439404463e-06 -4.068231474734504971e+00 1.222773277050647020e+09
8.021875270343382588e-04 -1.981595972554150542e+00 8.722930701023046822e+02 1.262200385439404463e-06 -4.068231474734504971e+00 1.222773277050647020e+09
8.050503462382901801e-04 -1.976413825946383929e+00 9.090991780694395175e+02 2.716181341821183944e-06 -3.674592520860509914e+00 1.222773277050661564e+09
8.241829430369654839e-04 -1.962920097519450069e+00 7.523074315177999551e+02 3.223089015439489151e-06 -3.228968546771639581e+00 1.222773277050701618e+09
8.125796796976764115e-04 -1.971940348460833548e+00 8.603059986296586885e+02 2.729941027562585909e-06 -3.335061120410656166e+00 1.222773277052651167e+09
8.216448798991594568e-04 -1.965090274069495990e+00 7.948643270264190051e+02 1.923748747073741641e-06 -3.870200430535697400e+00 1.222773277053423166e+09
7.914524719816702159e-04 -1.990112092893521201e+00 9.923032405805702183e+02 8.842196555811202729e-07 -4.336237169078383857e+00 1.222773277053879023e+09
8.215795191106503147e-04 -1.964861768486307003e+00 7.526374603767116014e+02 3.243513324722087539e-06 -3.462301706569883564e+00 1.222773277054449797e+09
8.097709828469395977e-04 -1.970508359657026753e+00 8.825647345121705030e+02 3.599398545993744050e-06 -3.308103552725924601e+00 1.222773277056775808e+09
8.046494726271833211e-04 -1.976775498401525777e+00 9.316370674857157610e+02 1.151096077868484203e-06 -4.233973429093912166e+00 1.222773277057863235e+09
7.920507257895184183e-04 -1.991505516605909909e+00 9.710366999730488260e+02 3.386801599650467831e-06 -3.176943544166763722e+00 1.222773277059952497e+09
7.994378146791243558e-04 -1.985263532630577199e+00 9.058673058281070780e+02 8.158437602918808957e-07 -4.482697664153240780e+00 1.222773277060769320e+09
8.070553207133663361e-04 -1.981881914632798836e+00 9.027252600044238307e+02 3.187686140242097798e-06 -3.446237959522319372e+00 1.222773277060937405e+09
7.978605732428512530e-04 -1.990578360452877504e+00 8.972701389707029875e+02 2.095039963506159436e-06 -3.815943359867206119e+00 1.222773277061066866e+09
7.978605732428512530e-04 -1.990578360452877504e+00 8.972701389707029875e+02 2.095039963506159436e-06 -3.815943359867206119e+00 1.222773277061066866e+09
8.114242292582607473e-04 -1.977646828310537952e+00 8.414278046752305045e+02 4.006497599828421054e-06 -3.081641768124971037e+00 1.222773277061079979e+09
8.137064285147160934e-04 -1.974210603458194102e+00 8.586958487251096130e+02 6.599997507020240569e-06 -2.726530165484360779e+00 1.222773277062400579e+09
8.164115781075489877e-04 -1.972679299951888066e+00 7.814637276961516363e+02 3.636029697635644488e-06 -3.125718024509348325e+00 1.222773277063513517e+09
8.004812299935259827e-04 -1.987870320023326975e+00 9.578639565461520533e+02 3.934673805221638399e-06 -3.333419075016745836e+00 1.222773277063662291e+09
8.073420516100432345e-04 -1.979489182393677105e+00 8.678155692564158699e+02 9.103686466357220481e-06 -2.590444836702327613e+00 1.222773277064114809e+09
7.977380756191828834e-04 -1.984782211211994607e+00 9.173619878236287377e+02 3.264146013599376772e-06 -3.206980091260621890e+00 1.222773277064156532e+09
7.977380756191828834e-04 -1.984782211211994607e+00 9.173619878236287377e+02 3.264146013599376772e-06 -3.206980091260621890e+00 1.222773277064156532e+09
8.237359932962638439e-04 -1.961452946270808351e+00 7.745689444022455064e+02 2.458410529047868812e-06 -3.604839633896586015e+00 1.222773277066892147e+09
8.237359932962638439e-04 -1.961452946270808351e+00 7.745689444022455064e+02 2.458410529047868812e-06 -3.604839633896586015e+00 1.222773277066892147e+09
8.251445218249478216e-04 -1.966045120817105696e+00 7.167590158272640792e+02 5.328919143376565871e-06 -2.950271916464173749e+00 1.222773277067667961e+09
8.262421321185210200e-04 -1.961488306602982679e+00 7.581447767829804434e+02 3.700602567760434712e-06 -3.139936751800048498e+00 1.222773277071129322e+09
8.262421321185210200e-04 -1.961488306602982679e+00 7.581447767829804434e+02 3.700602567760434712e-06 -3.139936751800048498e+00 1.222773277071129322e+09
7.995241637588825639e-04 -1.985810216456719290e+00 8.718109429026478665e+02 2.698937779246189745e-06 -3.489325740680285115e+00 1.222773277071914196e+09
7.995241637588825639e-04 -1.985810216456719290e+00 8.718109429026478665e+02 2.698937779246189745e-06 -3.489325740680285115e+00 1.222773277071914196e+09
8.117981609526292311e-04 -1.973631832324985957e+00 9.040096719520149691e+02 4.249480761628313496e-06 -3.258642615622136418e+00 1.222773277073453665e+09
8.042328108471960210e-04 -1.980725749793500023e+00 9.287693734354456865e+02 4.138411456695477682e-06 -2.986503148327433799e+00 1.222773277073480368e+09
8.042328108471960210e-04 -1.980725749793500023e+00 9.287693734354456865e+02 4.138411456695477682e-06 -2.986503148327433799e+00 1.222773277073480368e+09
7.921282778438699977e-04 -1.993616397460665990e+00 9.664513060032354588e+02 1.938643369191971593e-06 -3.702224936478366146e+00 1.222773277075134993e+09
7.921282778438699977e-04 -1.993616397460665990e+00 9.664513060032354588e+02 1.938643369191971593e-06 -3.702224936478366146e+00 1.222773277075134993e+09
7.956994736788588042e-04 -1.988225854108691459e+00 9.272832923031489827e+02 2.448822541111867310e-06 -3.456673558229451437e+00 1.222773277076334476e+09
7.950086745704024009e-04 -1.992475637676586642e+00 9.149582181881893348e+02 3.013435078122900460e-06 -3.534716985725749439e+00 1.222773277077148199e+09
8.080648644158081864e-04 -1.978365577836861622e+00 8.701527456509257945e+02 9.642926602197572737e-07 -4.406095309650152281e+00 1.222773277079328775e+09
8.155758222676086269e-04 -1.969023893783865331e+00 8.234757789905899017e+02 1.473186294636127436e-06 -3.908385865874777210e+00 1.222773277079629898e+09
8.148085291177477535e-04 -1.967959417008916745e+00 8.147422565940674986e+02 3.377201062336757721e-06 -3.391500178187200731e+00 1.222773277082652569e+09
8.024885778914601269e-04 -1.979157474187493992e+00 9.665201631528378812e+02 7.988741785627472388e-06 -2.742829304978775085e+00 1.222773277085212231e+09
7.942684709335409623e-04 -1.990340674851670766e+00 9.708250368498581793e+02 7.178358169580001516e-06 -2.865242979949059965e+00 1.222773277085399389e+09
8.113321385778640314e-04 -1.972975347057608353e+00 8.230849238543488582e+02 7.157325093411383079e-06 -2.742572238988959299e+00 1.222773277085806370e+09
8.004093790628046641e-04 -1.983906698448466344e+00 8.771017456237391343e+02 5.258184675272628886e-06 -3.005857503564744349e+00 1.222773277087563992e+09
7.995566549983017853e-04 -1.984227909997586137e+00 8.944689673661717961e+02 2.292294846268138653e-06 -3.509609822101433352e+00 1.222773277088708878e+09
8.265417050141221416e-04 -1.966234332635582671e+00 7.139442145672176139e+02 2.945587445493682880e-06 -3.521988269106414826e+00 1.222773277088947296e+09
8.146105947879655248e-04 -1.973372259516092964e+00 8.283460974005354274e+02 6.134591407492790591e-06 -2.700743592273394000e+00 1.222773277090254307e+09
8.146105947879655248e-04 -1.973372259516092964e+00 8.283460974005354274e+02 6.134591407492790591e-06 -2.700743592273394000e+00 1.222773277090254307e+09
8.119045207139614353e-04 -1.977653541652743208e+00 8.295708193011606681e+02 1.606619473222405246e-06 -4.052529576092183561e+00 1.222773277090465069e+09
8.095933779925127772e-04 -1.974376176783205539e+00 9.096466079851309132e+02 6.529279772406423559e-06 -2.669020749489062538e+00 1.222773277090589046e+09
8.154665357925925187e-04 -1.971199480765913670e+00 8.316545588160751095e+02 1.977097876484076802e-06 -3.925145363054470593e+00 1.222773277090914249e+09
7.941677250435762040e-04 -1.993611438207521847e+00 9.374468311549428563e+02 1.942484434630640280e-06 -3.853244357196834002e+00 1.222773277092735529e+09
7.941677250435762040e-04 -1.993611438207521847e+00 9.374468311549428563e+02 1.942484434630640280e-06 -3.853244357196834002e+00 1.222773277092735529e+09
8.040606568439905445e-04 -1.979450512352312508e+00 9.286191869125366338e+02 3.447926948923054979e-06 -3.108825283566579500e+00 1.222773277095435381e+09
7.959666609447437619e-04 -1.986113387919598683e+00 9.961770297514012782e+02 3.487143270007516233e-06 -3.084367282349514738e+00 1.222773277095656633e+09
7.959666609447437619e-04 -1.986113387919598683e+00 9.961770297514012782e+02 3.487143270007516233e-06 -3.084367282349514738e+00 1.222773277095656633e+09
8.160106265001159341e-04 -1.975649956917074901e+00 8.075127244849763883e+02 4.095039560545731581e-06 -3.287967564327896497e+00 1.222773277097211123e+09
8.239865202196047745e-04 -1.966234456433551880e+00 7.575567366341508659e+02 2.233454979852237687e-06 -3.613709992283525629e+00 1.222773277097722054e+09
8.239865202196047745e-04 -1.966234456433551880e+00 7.575567366341508659e+02 2.233454979852237687e-06 -3.613709992283525629e+00 1.222773277097722054e+09
8.031090202779423955e-04 -1.986222166859042737e+00 8.655955916553425595e+02 2.165210891908387620e-06 -3.836780632754398290e+00 1.222773277098118544e+09
8.142906976039475473e-04 -1.973530891143186139e+00 8.371333546996791029e+02 8.220330442360139760e-06 -2.529495731690497351e+00 1.222773277098640442e+09
7.910651148724151581e-04 -1.991978352366702065e+00 9.914001227658791322e+02 1.511309260812634053e-06 -4.146905396744700489e+00 1.222773277098863363e+09
8.106872624685996283e-04 -1.974067118999821790e+00 8.141813126300912700e+02 4.122354425437136627e-06 -3.287811483320357553e+00 1.222773277099386692e+09
8.005017322063062322e-04 -1.980972694584971272e+00 9.469058646271589623e+02 2.545378286784443164e-06 -3.752409187591424278e+00 1.222773277099950790e+09
8.005017322063062322e-04 -1.980972694584971272e+00 9.469058646271589623e+02 2.545378286784443164e-06 -3.752409187591424278e+00 1.222773277099950790e+09
8.069529400737270822e-04 -1.980320853401163150e+00 8.272478329486229995e+02 4.840363203631337587e-06 -2.945220528424766115e+00 1.222773277100197315e+09
8.109830475340439049e-04 -1.970392019099002301e+00 8.525511739713458610e+02 3.757739694099621483e-06 -3.304511075188084845e+00 1.222773277101472616e+09
8.021817557196062607e-04 -1.983164509595872094e+00 9.236322649947248919e+02 1.226425741357618700e-06 -4.298666801238796964e+00 1.222773277102262497e+09
8.047155222761680693e-04 -1.975819813912473855e+00 9.099799810590196785e+02 1.473305504100518669e-06 -3.933957264930696418e+00 1.222773277102706194e+09
7.952535732612141034e-04 -1.992379730002265870e+00 9.303607747708888382e+02 5.320834001875595681e-06 -3.059331603193133908e+00 1.222773277103688717e+09
8.085052580215594661e-04 -1.976716837094750101e+00 8.820065253564416707e+02 5.070197201514985527e-06 -2.799226559937787684e+00 1.222773277103768587e+09
8.085052580215594661e-04 -1.976716837094750101e+00 8.820065253564416707e+02 5.070197201514985527e-06 -2.799226559937787684e+00 1.222773277103768587e+09
8.131617385237007063e-04 -1.972723635405619680e+00 8.447169503184366022e+02 6.978149734049938880e-06 -2.568352360323783223e+00 1.222773277107104301e+09
7.973523033123350789e-04 -1.987100227656617424e+00 9.000608755499708877e+02 2.016019666777983909e-06 -3.863544547044159394e+00 1.222773277109836102e+09
8.207829566452629413e-04 -1.966385764049658480e+00 8.107420528051657129e+02 6.525995882207811866e-06 -2.709955945059557614e+00 1.222773277110017061e+09
8.000624566553624344e-04 -1.985518644464047133e+00 9.004387599674593048e+02 1.976865387408295703e-06 -3.620354715082487296e+00 1.222773277110666275e+09
8.000624566553624344e-04 -1.985518644464047133e+00 9.004387599674593048e+02 1.976865387408295703e-06 -3.620354715082487296e+00 1.222773277110666275e+09
7.949112286429368653e-04 -1.990339965068831596e+00 9.357928438982673924e+02 3.150881877470198141e-06 -3.584292508926480991e+00 1.222773277110816956e+09
8.009334169912140028e-04 -1.983338635002222405e+00 9.112543949011225095e+02 7.468717919053110925e-07 -4.511895325526291245e+00 1.222773277111416578e+09
7.945264192049573569e-04 -1.987408752876394846e+00 9.400653673001967263e+02 1.773995895924594181e-06 -3.936143041869394565e+00 1.222773277111453056e+09
7.945264192049573569e-04 -1.987408752876394846e+00 9.400653673001967263e+02 1.773995895924594181e-06 -3.936143041869394565e+00 1.222773277111453056e+09
8.021565283938470641e-04 -1.981250315352089064e+00 8.743361915282615655e+02 1.706763440973166797e-06 -3.789092647188589957e+00 1.222773277111614227e+09
8.001297350064940457e-04 -1.984392986170615547e+00 9.893892058677704426e+02 3.891861796690997481e-06 -3.102785375077077745e+00 1.222773277112134933e+09
8.234278152994534399e-04 -1.966813521362912986e+00 7.670219932945161645e+02 7.889453313283305378e-06 -2.642814826506694637e+00 1.222773277113299131e+09
8.234278152994534399e-04 -1.966813521362912986e+00 7.670219932945161645e+02 7.889453313283305378e-06 -2.642814826506694637e+00 1.222773277113299131e+09
8.023536105649048487e-04 -1.981395752189770043e+00 9.036322514569482109e+02 1.350067764091598944e-06 -3.913485948005331672e+00 1.222773277113599777e+09
8.078040450640708216e-04 -1.980844918785346076e+00 8.808020386554812831e+02 7.579776928220148093e-06 -2.781889047574972018e+00 1.222773277113904953e+09
8.223628650719921060e-04 -1.969835210259783587e+00 7.509287953685225148e+02 4.465941538253559736e-06 -3.076010734574646577e+00 1.222773277116085291e+09
8.223628650719921060e-04 -1.969835210259783587e+00 7.509287953685225148e+02 4.465941538253559736e-06 -3.076010734574646577e+00 1.222773277116085291e+09
8.041033436947227697e-04 -1.984899747310752804e+00 8.372722136903989849e+02 3.723165593574232653e-06 -3.344954136441426584e+00 1.222773277116101265e+09
8.002981368718378253e-04 -1.978058184482625048e+00 9.657666679849289721e+02 3.450447525690502905e-06 -3.231975425143884806e+00 1.222773277119793653e+09
8.040802834885947808e-04 -1.979024677011816058e+00 9.296839695495174283e+02 1.735302901396065588e-06 -4.040789209619205735e+00 1.222773277121865034e+09
8.112115727173233775e-04 -1.970778484627619287e+00 8.485725027044056787e+02 1.742636412403158672e-06 -3.857795402959174780e+00 1.222773277123201847e+09
8.236737955924967490e-04 -1.968785299792102705e+00 7.236889389858395134e+02 4.336975144534222603e-06 -3.193009414476489560e+00 1.222773277123496771e+09
8.236737955924967490e-04 -1.968785299792102705e+00 7.236889389858395134e+02 4.336975144534222603e-06 -3.193009414476489560e+00 1.222773277123496771e+09
7.997665192357705224e-04 -1.978884528789458308e+00 9.775533771387330262e+02 2.063366441281515357e-06 -3.651939799294367184e+00 1.222773277123694658e+09
8.029816012064317811e-04 -1.981102377490506994e+00 9.856966348668612454e+02 4.154399611056777415e-06 -3.119354907962331502e+00 1.222773277124554634e+09
8.120216571927354630e-04 -1.975453575756805247e+00 8.019769493826026974e+02 1.285199839276887598e-06 -4.057877922655484859e+00 1.222773277124728203e+09
7.958184742612388991e-04 -1.985126297116559080e+00 9.475383609634702680e+02 4.486450950315290546e-06 -2.971358183739903680e+00 1.222773277125407696e+09
8.121413097764203920e-04 -1.971090628452051075e+00 8.333214533870143441e+02 1.448896979929378271e-06 -4.050756102127659020e+00 1.222773277125841141e+09
8.121413097764203920e-04 -1.971090628452051075e+00 8.333214533870143441e+02 1.448896979929378271e-06 -4.050756102127659020e+00 1.222773277125841141e+09
8.126418438573878439e-04 -1.974681693778263192e+00 8.550338079027894764e+02 4.105618838140048494e-06 -3.037693289714529676e+00 1.222773277125973225e+09
7.980233762719050449e-04 -1.983720170803481064e+00 9.277443641033841004e+02 4.598290811923296724e-06 -3.215677118746940621e+00 1.222773277126085758e+09
7.980233762719050449e-04 -1.983720170803481064e+00 9.277443641033841004e+02 4.598290811923296724e-06 -3.215677118746940621e+00 1.222773277126085758e+09
8.023177004092418721e-04 -1.982420485649759367e+00 8.761655766999454045e+02 1.156519760454401795e-06 -4.112289882424060572e+00 1.222773277126452684e+09
8.280446492214321502e-04 -1.963016977176710309e+00 7.398978774008768369e+02 7.087872117187524528e-06 -2.747433401612466852e+00 1.222773277126758575e+09
7.931255498332468509e-04 -1.987261285929116328e+00 9.751693760484795348e+02 2.342433901653266810e-06 -3.496963558872124622e+00 1.222773277128286362e+09
8.035613584112957048e-04 -1.981631220039569152e+00 9.496954617704219572e+02 1.478142299510615920e-06 -4.089295927153121291e+00 1.222773277128875017e+09
8.033880584009513246e-04 -1.980840159782793375e+00 8.891702920818390794e+02 3.128116650130607616e-06 -3.605366542614488523e+00 1.222773277130729914e+09
8.087279779619799226e-04 -1.972630355509735534e+00 9.360843147836542357e+02 5.088229043244435337e-06 -2.962169110358452428e+00 1.222773277131109476e+09
8.087279779619799226e-04 -1.972630355509735534e+00 9.360843147836542357e+02 5.088229043244435337e-06 -2.962169110358452428e+00 1.222773277131109476e+09
7.993923146318337222e-04 -1.980197733486364964e+00 9.625401113338477899e+02 4.758732770571974177e-06 -2.879924205050786945e+00 1.222773277131504536e+09
7.977106156269844804e-04 -1.986160351253251521e+00 9.275188464547809417e+02 2.913032105326482277e-06 -3.658754875079467617e+00 1.222773277131750107e+09
8.079984847312790801e-04 -1.981427788939845502e+00 8.339514988516739322e+02 4.535862066084229264e-06 -3.015849197464015141e+00 1.222773277131949902e+09
8.166923025355870159e-04 -1.972326752570936037e+00 7.668315869948157797e+02 2.534678513623021468e-06 -3.712193906391338949e+00 1.222773277132611752e+09
7.971033039811008854e-04 -1.982663426509019278e+00 9.873834391425054946e+02 2.275573494737821664e-06 -3.473359445539051293e+00 1.222773277132680893e+09
8.181627427971791162e-04 -1.972108311893236321e+00 8.112253203349272326e+02 3.270166669899212877e-06 -3.496873017006246975e+00 1.222773277134167910e+09
8.138726257444268584e-04 -1.969380461825534390e+00 8.461961044056488390e+02 8.209875622446183744e-06 -2.601640291556208240e+00 1.222773277134357929e+09
8.046581716004832597e-04 -1.975364231777243962e+00 9.501402229131057311e+02 6.534322873907092370e-06 -2.854888172891335785e+00 1.222773277136085033e+09
7.901332951570753677e-04 -1.995537376778989458e+00 9.813679147804621152e+02 3.270136523003951269e-06 -3.296007574358225334e+00 1.222773277136559486e+09
8.030206018690898241e-04 -1.983817376152499978e+00 9.070131392608274155e+02 2.877550167985799343e-06 -3.321273830940301153e+00 1.222773277139944792e+09
8.030206018690898241e-04 -1.983817376152499978e+00 9.070131392608274155e+02 2.877550167985799343e-06 -3.321273830940301153e+00 1.222773277139944792e+09
8.070471347489671654e-04 -1.980506384912408713e+00 9.054978810332103194e+02 2.473701197719587658e-06 -3.557739560193860839e+00 1.222773277141531229e+09
8.047092905066119536e-04 -1.983590397183228493e+00 9.085055877872200654e+02 6.554975125021270905e-06 -2.772687560677993268e+00 1.222773277141950607e+09
7.895875934949040612e-04 -1.994672771816598189e+00 9.715773606486184235e+02 2.871599333577939236e-06 -3.424849501704079202e+00 1.222773277143932343e+09
7.895875934949040612e-04 -1.994672771816598189e+00 9.715773606486184235e+02 2.871599333577939236e-06 -3.424849501704079202e+00 1.222773277143932343e+09
7.933353017247384486e-04 -1.991827170510817258e+00 9.844348907331227565e+02 2.699348624978912932e-06 -3.374517889691530215e+00 1.222773277144748449e+09
8.093064449718616370e-04 -1.975037165770830994e+00 9.197595310704890608e+02 2.747210589654343870e-06 -3.464828344952401551e+00 1.222773277145652771e+09
8.111321931850753574e-04 -1.972551451752742047e+00 9.096763908328584876e+02 3.445532121375218054e-06 -3.425813492546984307e+00 1.222773277146103621e+09
8.127329619693988158e-04 -1.976449500655513170e+00 8.002492460416465292e+02 2.643937998059090911e-06 -3.716859432014490316e+00 1.222773277148797512e+09
7.990102172370473158e-04 -1.982288637623290883e+00 9.338762066413235061e+02 1.149065708465163231e-06 -4.098135872440710870e+00 1.222773277149409294e+09
7.985745554791593348e-04 -1.985308881776775891e+00 9.659845900233447082e+02 3.883590022649449790e-06 -3.460292805812103190e+00 1.222773277149772167e+09
7.985745554791593348e-04 -1.985308881776775891e+00 9.659845900233447082e+02 3.883590022649449790e-06 -3.460292805812103190e+00 1.222773277149772167e+09
8.182038929759258283e-04 -1.969203130386407263e+00 7.702665653206012166e+02 7.261780248399772452e-06 -2.676550729505358994e+00 1.222773277152956009e+09
8.029657121285443868e-04 -1.982996219325001253e+00 9.739153621285367990e+02 3.451559390024054024e-06 -3.365285039545609536e+00 1.222773277153214455e+09
7.961031264677240335e-04 -1.991061443997820257e+00 9.949315263261986502e+02 2.317735155810846854e-06 -3.679580631256141210e+00 1.222773277156576633e+09
8.349708427016338261e-04 -1.957117985014446226e+00 6.907215750779274686e+02 4.545594667573945684e-06 -3.144323324947500886e+00 1.222773277157560825e+09
8.017827862327465667e-04 -1.982660235880816524e+00 9.534492318112279463e+02 1.502796235025415049e-06 -3.890263305484277012e+00 1.222773277157792807e+09
8.063641837227067052e-04 -1.978355013435040277e+00 8.814212303004136402e+02 1.332487270465262214e-06 -3.941354991386100792e+00 1.222773277158098698e+09
8.063641837227067052e-04 -1.978355013435040277e+00 8.814212303004136402e+02 1.332487270465262214e-06 -3.941354991386100792e+00 1.222773277158098698e+09
8.023948730093327956e-04 -1.981461069685839682e+00 9.122291576977721661e+02 7.779122330367368870e-07 -4.533534658678246565e+00 1.222773277159934044e+09
8.152249462992709576e-04 -1.970100835388309601e+00 8.071373948484523453e+02 1.656148083136706616e-06 -3.785722291016869079e+00 1.222773277160516500e+09
8.036724714569405030e-04 -1.982276738996600507e+00 8.766760087197968687e+02 7.012279454104205362e-06 -2.875040589141987013e+00 1.222773277166284800e+09
8.036724714569405030e-04 -1.982276738996600507e+00 8.766760087197968687e+02 7.012279454104205362e-06 -2.875040589141987013e+00 1.222773277166284800e+09
8.108672812802824323e-04 -1.975702733738837091e+00 8.170277367918395157e+02 3.518172031117996261e-06 -3.487726950022281613e+00 1.222773277166483164e+09
7.977316597411254285e-04 -1.983894841768850892e+00 9.354416297080689446e+02 5.509680680419364489e-06 -2.788518821135738790e+00 1.222773277166758299e+09
7.999011226392654939e-04 -1.984209355158505605e+00 9.342269747416881955e+02 5.989381759239617358e-06 -3.067784234874748606e+00 1.222773277169354916e+09
7.973958023701447229e-04 -1.983362098755882208e+00 9.283737996685723601e+02 4.530176932528331738e-06 -3.065967066457440993e+00 1.222773277169903517e+09
7.973958023701447229e-04 -1.983362098755882208e+00 9.283737996685723601e+02 4.530176932528331738e-06 -3.065967066457440993e+00 1.222773277169903517e+09
8.107317615140924262e-04 -1.979194292632224350e+00 8.121352319422938990e+02 4.132414171156774231e-06 -3.097735502797746676e+00 1.222773277170162678e+09
8.082662354242436606e-04 -1.979316300839970566e+00 8.046757140907585608e+02 2.856101566661644991e-06 -3.494149117297410179e+00 1.222773277170435667e+09
8.082662354242436606e-04 -1.979316300839970566e+00 8.046757140907585608e+02 2.856101566661644991e-06 -3.494149117297410179e+00 1.222773277170435667e+09
8.120332907395879860e-04 -1.978962742683013420e+00 8.131027309273954415e+02 3.119985827986447931e-06 -3.388847186663123345e+00 1.222773277170462847e+09
8.086926166970846361e-04 -1.974919207972595903e+00 8.852146666529836239e+02 1.044984666991127667e-06 -4.254274041456335809e+00 1.222773277171688557e+09
8.174521401121152483e-04 -1.965868462092651647e+00 8.208314787257021408e+02 3.495169586107600299e-06 -3.190949537549298221e+00 1.222773277172808647e+09
8.024513363892601210e-04 -1.978176090782631569e+00 9.327507120620280148e+02 2.209701607115238621e-06 -3.514392338400456950e+00 1.222773277175040960e+09
7.904333247820207213e-04 -1.992524020917139094e+00 9.666334562235568910e+02 3.444980884300625710e-06 -3.276653974190510077e+00 1.222773277176461220e+09
7.904333247820207213e-04 -1.992524020917139094e+00 9.666334562235568910e+02 3.444980884300625710e-06 -3.276653974190510077e+00 1.222773277176461220e+09
8.193035633191015016e-04 -1.965099719185619875e+00 7.791725703271749808e+02 2.879261673888328658e-06 -3.408509172095028461e+00 1.222773277179374456e+09
8.193035633191015016e-04 -1.965099719185619875e+00 7.791725703271749808e+02 2.879261673888328658e-06 -3.408509172095028461e+00 1.222773277179374456e+09
8.083102030508106670e-04 -1.977019524929633176e+00 9.116766802543054382e+02 3.025816202284137638e-06 -3.323946344270573228e+00 1.222773277179564238e+09
8.058353279113770595e-04 -1.974360337054662518e+00 9.332196328701871835e+02 6.760651295011056696e-06 -2.793487252170770319e+00 1.222773277180525303e+09
8.058353279113770595e-04 -1.974360337054662518e+00 9.332196328701871835e+02 6.760651295011056696e-06 -2.793487252170770319e+00 1.222773277180525303e+09
8.228033306836883207e-04 -1.962785242719017109e+00 7.678765942960341135e+02 3.259280027092653061e-06 -3.253553584364759388e+00 1.222773277180650711e+09
8.035772587842355576e-04 -1.985673489332670183e+00 8.961887657772813327e+02 3.311038563430290576e-06 -3.532613460349886658e+00 1.222773277181794167e+09
8.101900666656306101e-04 -1.973423325295355912e+00 8.245898764501499727e+02 5.034011115759435531e-06 -2.926781503622835956e+00 1.222773277181879282e+09
7.923219050718654545e-04 -1.990715176457049651e+00 9.599996224446090309e+02 5.789834500166016158e-06 -2.894207779703692474e+00 1.222773277181884766e+09
8.071214300812634083e-04 -1.979689290854316885e+00 8.409467643675242243e+02 4.297125547607787153e-06 -2.982231774626183274e+00 1.222773277183263779e+09
8.165392145944818563e-04 -1.967121394550777058e+00 8.003702829685182678e+02 2.483921141222872983e-06 -3.511403287441253518e+00 1.222773277185545921e+09
8.165392145944818563e-04 -1.967121394550777058e+00 8.003702829685182678e+02 2.483921141222872983e-06 -3.511403287441253518e+00 1.222773277185545921e+09
8.063096358965701630e-04 -1.974490659673401316e+00 8.988202210424174154e+02 6.258661273568740610e-06 -2.715349889627104218e+00 1.222773277185782671e+09
8.100677425278783031e-04 -1.976870293572990711e+00 8.868475572803075693e+02 7.325463914078654383e-06 -2.843277349688403177e+00 1.222773277185785055e+09
8.042333776033000915e-04 -1.978973969439842051e+00 8.815148100383281644e+02 1.271661361657777789e-06 -3.999415441925062709e+00 1.222773277186533689e+09
7.992553954518476092e-04 -1.987732964454139939e+00 9.000657185258052095e+02 1.670152820471845707e-06 -3.835853181452316463e+00 1.222773277188545465e+09
8.084025873458166797e-04 -1.982385559917351880e+00 8.261186355377813015e+02 3.337809437337687338e-06 -3.473719455236330411e+00 1.222773277189113140e+09
8.300584964564608481e-04 -1.959418614570912265e+00 7.184363908166994861e+02 4.732292187289773490e-06 -3.169868655993316686e+00 1.222773277189330816e+09
8.190172281769519513e-04 -1.965366772929939554e+00 7.802205430092753886e+02 4.734809695866127700e-06 -3.000166547251515325e+00 1.222773277189649582e+09
7.983572165781356068e-04 -1.988058144320456577e+00 9.914742528100620120e+02 6.779702903671400364e-06 -2.885875501257631370e+00 1.222773277190354824e+09
8.009309006659794507e-04 -1.978801654350656580e+00 9.771566311747575355e+02 4.204384958889628326e-06 -3.297626878853896493e+00 1.222773277191358566e+09
8.056219343703473331e-04 -1.977418270384231569e+00 9.218750066039616513e+02 1.234421288863166515e-06 -4.069278622675423840e+00 1.222773277191919565e+09
8.264289617819650874e-04 -1.964216300251428127e+00 7.304240386108522216e+02 1.962613461550993322e-06 -3.768042203766727383e+00 1.222773277192670584e+09
7.982441291998406416e-04 -1.985750236450155803e+00 9.616909326107452216e+02 8.553036223658194469e-07 -4.379308579108381672e+00 1.222773277192769051e+09
8.217202477558055223e-04 -1.968430521989275928e+00 7.394948011558878989e+02 3.674572795942655802e-06 -3.178787797955925143e+00 1.222773277192852736e+09
8.012880199759926918e-04 -1.980374324321272361e+00 9.771300711694941583e+02 3.434926520416630086e-06 -3.143657377505007844e+00 1.222773277194742203e+09
8.012880199759926918e-04 -1.980374324321272361e+00 9.771300711694941583e+02 3.434926520416630086e-06 -3.143657377505007844e+00 1.222773277194742203e+09
8.168261270294246198e-04 -1.968646524785548912e+00 8.398954930291656638e+02 2.258651251942544333e-06 -3.603907649691961979e+00 1.222773277194758415e+09
8.092228134194388595e-04 -1.976449256490506290e+00 8.246290752159198973e+02 1.363438384248654833e-06 -3.984385464339735172e+00 1.222773277195875168e+09
8.085372941553941760e-04 -1.977134692054820508e+00 8.624885146581302706e+02 7.698340894262005032e-06 -2.804286230051911133e+00 1.222773277200935841e+09
8.022138607454897203e-04 -1.981170047775493437e+00 9.953719788418944745e+02 7.267263774324882827e-06 -2.782146353176147890e+00 1.222773277202645540e+09
8.043878587047986143e-04 -1.980324145858280538e+00 8.542994449957725465e+02 3.603373250225069190e-06 -3.149149737355311451e+00 1.222773277204666376e+09
8.043878587047986143e-04 -1.980324145858280538e+00 8.542994449957725465e+02 3.603373250225069190e-06 -3.149149737355311451e+00 1.222773277204666376e+09
8.000502366503461959e-04 -1.986460679299907994e+00 9.125695196881263200e+02 1.107843673808679225e-06 -4.187798356450741721e+00 1.222773277204922199e+09
8.244306372399039847e-04 -1.963038699577896784e+00 7.392054614402914012e+02 2.331648572066248411e-06 -3.688521965606301301e+00 1.222773277204943657e+09
8.125602565965584943e-04 -1.971475831464018613e+00 8.040462101764260296e+02 3.374848720566640038e-06 -3.280656861519168466e+00 1.222773277205352545e+09
8.189554291657850579e-04 -1.968443963089222315e+00 7.916708842273786786e+02 1.303262481503844246e-06 -4.096228225995055539e+00 1.222773277207731485e+09
8.189554291657850579e-04 -1.968443963089222315e+00 7.916708842273786786e+02 1.303262481503844246e-06 -4.096228225995055539e+00 1.222773277207731485e+09
8.011440033593801016e-04 -1.986437790081466259e+00 8.892623445557380819e+02 1.574320890780431889e-06 -4.093130093502473699e+00 1.222773277208139420e+09
8.011440033593801016e-04 -1.986437790081466259e+00 8.892623445557380819e+02 1.574320890780431889e-06 -4.093130093502473699e+00 1.222773277208139420e+09
8.029541754459766862e-04 -1.981085265580639243e+00 9.727132764009772927e+02 7.541424517449859425e-06 -2.617434689711174656e+00 1.222773277208179712e+09
8.029541754459766862e-04 -1.981085265580639243e+00 9.727132764009772927e+02 7.541424517449859425e-06 -2.617434689711174656e+00 1.222773277208179712e+09
8.030408413236039735e-04 -1.979489745625748531e+00 9.065663666625035830e+02 2.813885582529919344e-06 -3.666600489555499109e+00 1.222773277208664179e+09
8.116220188504985437e-04 -1.975186839720495247e+00 8.114209725812559100e+02 3.750418952473908421e-06 -3.084607355608750545e+00 1.222773277211267710e+09
8.064511491068497183e-04 -1.977762277498657628e+00 9.483982720507533486e+02 2.750191716933181243e-06 -3.490420599175854122e+00 1.222773277212021351e+09
7.961922594951148860e-04 -1.988504175956322229e+00 9.257690885969634564e+02 5.016904220426871405e-06 -3.164406651115811542e+00 1.222773277215378523e+09
8.023159813097980198e-04 -1.979809820606510229e+00 9.766304148222600361e+02 3.155863238059244009e-06 -3.248924766333936454e+00 1.222773277215446472e+09
8.323303933037448730e-04 -1.958275057025821164e+00 7.056651726076311206e+02 5.404240420494835323e-06 -3.027067259586932124e+00 1.222773277216176748e+09
8.060563070087888157e-04 -1.978997576366407163e+00 8.309263462772518096e+02 2.281969360723788118e-06 -3.699126322692730007e+00 1.222773277216691017e+09
8.060563070087888157e-04 -1.978997576366407163e+00 8.309263462772518096e+02 2.281969360723788118e-06 -3.699126322692730007e+00 1.222773277216691017e+09
8.039517976307912917e-04 -1.977510078230738655e+00 9.157205228516997977e+02 5.605671775918441387e-06 -2.732420922073028002e+00 1.222773277216922522e+09
7.995689252500552419e-04 -1.985037598900827760e+00 9.862572832367711726e+02 2.716026628635114144e-06 -3.406333532942817044e+00 1.222773277217480659e+09
7.887685553145990132e-04 -1.995858940722464503e+00 9.977777319208053086e+02 2.317520691387083503e-06 -3.807647209076538530e+00 1.222773277217680931e+09
8.079323079790810694e-04 -1.979871495834584660e+00 8.967493731250133351e+02 2.442651136151740569e-06 -3.586497845768174209e+00 1.222773277218904018e+09
8.142374563452675542e-04 -1.971670505765780623e+00 8.410241330521262171e+02 1.305296959925071259e-06 -4.150750244530664546e+00 1.222773277219918966e+09
7.967163784268257304e-04 -1.982575253204205135e+00 9.578404516712543000e+02 2.822464468267196905e-06 -3.392792374892829699e+00 1.222773277220261574e+09
8.050866678326327238e-04 -1.975363717466598779e+00 9.593199344933616430e+02 4.941772478957893640e-06 -2.923907847432684726e+00 1.222773277226035118e+09
8.048006161822429715e-04 -1.982627388787169043e+00 9.143179200563462246e+02 1.852826581266366703e-06 -3.810011621321528708e+00 1.222773277227010489e+09
8.001277752847258274e-04 -1.986505868474142122e+00 9.072993421274056800e+02 4.504030294180608156e-06 -2.965736344948623149e+00 1.222773277227977037e+09
7.933761105526132215e-04 -1.994270315040979513e+00 9.972636828365471047e+02 2.489885475324929052e-06 -3.665411974752728952e+00 1.222773277229496717e+09
7.933761105526132215e-04 -1.994270315040979513e+00 9.972636828365471047e+02 2.489885475324929052e-06 -3.665411974752728952e+00 1.222773277229496717e+09
8.135314231190368109e-04 -1.973528910645826917e+00 8.258512093436810346e+02 6.499005167960411435e-06 -2.976768421863882352e+00 1.222773277229529619e+09
7.929749009279539853e-04 -1.989734358667175407e+00 9.745654530867110452e+02 9.086297422436314195e-07 -4.441566370234891536e+00 1.222773277230581999e+09
8.029518122749297084e-04 -1.979392964162478119e+00 9.071814267566808212e+02 4.474517751613047522e-06 -3.279312472318665961e+00 1.222773277231030941e+09
8.054237774220364583e-04 -1.974071756468554373e+00 9.383129459527521021e+02 3.802767336079827272e-06 -3.284642888312347964e+00 1.222773277231792450e+09
8.024303016639909060e-04 -1.982351168309472333e+00 8.626526935616885794e+02 5.228895644370033865e-06 -3.022218492760860187e+00 1.222773277231913328e+09
8.257457147806782386e-04 -1.961165436999412703e+00 7.402770944592675733e+02 3.358444100474166283e-06 -3.263366159730356486e+00 1.222773277234523535e+09
8.156638534717560503e-04 -1.968983073931361183e+00 7.917219543448856029e+02 2.081566360262275760e-06 -3.760610470477095291e+00 1.222773277234596729e+09
7.978891976535922546e-04 -1.986791909093757802e+00 9.962109130591394432e+02 2.536585003511249086e-06 -3.773960914011993850e+00 1.222773277236613989e+09
7.978891976535922546e-04 -1.986791909093757802e+00 9.962109130591394432e+02 2.536585003511249086e-06 -3.773960914011993850e+00 1.222773277236613989e+09
8.022483066692851069e-04 -1.979565916423364991e+00 9.900529775302237567e+02 2.015702317993924413e-06 -3.835569497911230918e+00 1.222773277238723516e+09
8.254070194929096806e-04 -1.966640675242093739e+00 7.426017931578794560e+02 4.773332922017467824e-06 -3.032780269088811487e+00 1.222773277239743233e+09
8.047220722578283126e-04 -1.978013853716014347e+00 8.827290988920444761e+02 5.058851321707973736e-06 -2.825580269388693111e+00 1.222773277239875793e+09
8.275631671244890707e-04 -1.961468383484837208e+00 7.411983452823232028e+02 2.239052272032291819e-06 -3.730540413821623602e+00 1.222773277243205070e+09
8.275631671244890707e-04 -1.961468383484837208e+00 7.411983452823232028e+02 2.239052272032291819e-06 -3.730540413821623602e+00 1.222773277243205070e+09
8.228940371098747561e-04 -1.964181813193996984e+00 7.785608576880663350e+02 2.905401126894625417e-06 -3.347987482696179740e+00 1.222773277243789673e+09
7.945285906034262654e-04 -1.988085367274008419e+00 9.935860648322556017e+02 8.795751609355392192e-07 -4.500811970272538431e+00 1.222773277244333029e+09
8.315393757532777309e-04 -1.960669526226626935e+00 7.139715076854412246e+02 5.185734970741371276e-06 -3.020653874255313731e+00 1.222773277246032238e+09
8.315393757532777309e-04 -1.960669526226626935e+00 7.139715076854412246e+02 5.185734970741371276e-06 -3.020653874255313731e+00 1.222773277246032238e+09
8.139627020638724210e-04 -1.969423160430745057e+00 8.436041934849738482e+02 1.542134441405783119e-06 -3.963645646194280836e+00 1.222773277246918678e+09
8.011795196361160996e-04 -1.981818656842789128e+00 9.734210981884209559e+02 3.646418083985598635e-06 -3.484330195412250752e+00 1.222773277247181892e+09
8.053243920936602228e-04 -1.980766390359868012e+00 9.146034846683701289e+02 2.235492944611974793e-06 -3.565004345518376638e+00 1.222773277247606039e+09
8.033328001504711890e-04 -1.977230019317969489e+00 9.257672454690168706e+02 1.319757880451074419e-06 -4.065259726890503522e+00 1.222773277247939110e+09
8.025788375836786018e-04 -1.983425724788736355e+00 9.672362288846909451e+02 4.785015417945302587e-06 -3.020322632435803456e+00 1.222773277249295235e+09
8.076982440167059614e-04 -1.981701762088387220e+00 8.184583716051150759e+02 4.595807208037363471e-06 -3.185930031911760274e+00 1.222773277252453089e+09
8.113031500523161478e-04 -1.978771208132042325e+00 8.389072059068690805e+02 6.775377822222706752e-06 -2.832201735358506056e+00 1.222773277254366875e+09
8.204318920842937433e-04 -1.966331327890618486e+00 8.115976965854522405e+02 2.748649601608581811e-06 -3.455216430712780173e+00 1.222773277255103827e+09
7.976713547690274285e-04 -1.989581740886279260e+00 9.429525967781162308e+02 1.459823065449811241e-06 -4.013011770742276774e+00 1.222773277257224560e+09
7.995290554998302039e-04 -1.980586111290753237e+00 9.817915143683716224e+02 1.199263201962661757e-06 -4.178814785522306785e+00 1.222773277257574320e+09
7.995290554998302039e-04 -1.980586111290753237e+00 9.817915143683716224e+02 1.199263201962661757e-06 -4.178814785522306785e+00 1.222773277257574320e+09
7.939534572223787929e-04 -1.988176154997873368e+00 9.464521842362004236e+02 2.346790649529710673e-06 -3.534020881706052108e+00 1.222773277258430481e+09
8.029449303789899838e-04 -1.984532309636582781e+00 8.929173077298355565e+02 7.944429087316595364e-06 -2.659667509355484682e+00 1.222773277259222507e+09
8.029449303789899838e-04 -1.984532309636582781e+00 8.929173077298355565e+02 7.944429087316595364e-06 -2.659667509355484682e+00 1.222773277259222507e+09
7.974062138985104102e-04 -1.984069842487878432e+00 9.766571637642663291e+02 8.263559456979388469e-07 -4.423521097889627995e+00 1.222773277259756804e+09
7.974062138985104102e-04 -1.984069842487878432e+00 9.766571637642663291e+02 8.263559456979388469e-07 -4.423521097889627995e+00 1.222773277259756804e+09
7.957778981008100912e-04 -1.985378187818186202e+00 9.571635504455080081e+02 3.279431596767273093e-06 -3.187468855904628029e+00 1.222773277260477066e+09
8.138532687086867190e-04 -1.973074263390216299e+00 8.013401854333884557e+02 2.372278873958004903e-06 -3.474193684403354965e+00 1.222773277262283087e+09
8.026418400300979871e-04 -1.976654468729404091e+00 9.380526987372744543e+02 4.086491520432218375e-06 -3.076229760130767765e+00 1.222773277262285948e+09
8.020491892857106861e-04 -1.982851088880106527e+00 9.378499001973874556e+02 9.779137259428841611e-07 -4.339820645557543877e+00 1.222773277264748573e+09
8.190125856571145316e-04 -1.966475290007244636e+00 8.385467880134747247e+02 4.098346144397001692e-06 -3.228436524540335917e+00 1.222773277264792681e+09
8.190125856571145316e-04 -1.966475290007244636e+00 8.385467880134747247e+02 4.098346144397001692e-06 -3.228436524540335917e+00 1.222773277264792681e+09
7.924281087717576291e-04 -1.991328724565938790e+00 9.480762666586516616e+02 2.784972541166074192e-06 -3.612597048636446928e+00 1.222773277264801025e+09
8.000102529286050139e-04 -1.979686551858564680e+00 9.446666635597314325e+02 4.362112863383585532e-06 -3.217516830077722823e+00 1.222773277265034199e+09
8.003778255778363571e-04 -1.984374284458487736e+00 9.855595136788087984e+02 8.178462615521530193e-06 -2.606531368543882898e+00 1.222773277265676022e+09
7.972417356971479158e-04 -1.984967905540495625e+00 9.472486436549198743e+02 8.888265665129232193e-07 -4.340828406056621347e+00 1.222773277266043663e+09
8.249809500263386363e-04 -1.966566583439967708e+00 7.190331996313421996e+02 2.863622647077905944e-06 -3.532492705812914302e+00 1.222773277267352343e+09
8.044810253070473760e-04 -1.974749995429087246e+00 9.446442055662918165e+02 3.378075243309727318e-06 -3.288242361734176278e+00 1.222773277267453671e+09
8.104628377294831884e-04 -1.977081100660591506e+00 8.318132993791228955e+02 3.778499194603789808e-06 -3.080207109781021302e+00 1.222773277268280745e+09
8.104628377294831884e-04 -1.977081100660591506e+00 8.318132993791228955e+02 3.778499194603789808e-06 -3.080207109781021302e+00 1.222773277268280745e+09
8.255052523607556971e-04 -1.962108775942061012e+00 7.633924762139614586e+02 3.676485411260701909e-06 -3.393029906824142294e+00 1.222773277270883322e+09
8.169070496644659706e-04 -1.967928083712388032e+00 8.130429910435213969e+02 2.849944432919537960e-06 -3.615352323764820852e+00 1.222773277270890236e+09
8.015102609924311871e-04 -1.984007952115611317e+00 9.109430066124459699e+02 8.734510243251296644e-07 -4.406475580155868599e+00 1.222773277270900249e+09
8.032726551047667148e-04 -1.978416150387661165e+00 9.603831640661791198e+02 7.172390221897882167e-06 -2.840356627222778485e+00 1.222773277271254301e+09
8.248746115589248836e-04 -1.965591581016350009e+00 7.170102730542272411e+02 3.324902483692382448e-06 -3.380049627699111880e+00 1.222773277273019075e+09
8.095862396431009874e-04 -1.973625598117413338e+00 8.396874357932176736e+02 1.516969469178067227e-06 -3.932189852045900658e+00 1.222773277274881840e+09
8.154138751981729067e-04 -1.968665058194396522e+00 8.381959927179705119e+02 1.869512225571867982e-06 -3.886154056941779622e+00 1.222773277278640509e+09
8.082852194493414608e-04 -1.976443272037484711e+00 9.146304644916300504e+02 7.233045204100036397e-06 -2.619333968175698857e+00 1.222773277280436516e+09
8.103404483110826983e-04 -1.977392057275943138e+00 8.312682121802529309e+02 3.749038656762117108e-06 -3.460310233391772350e+00 1.222773277280575991e+09
8.037788668990103686e-04 -1.979365177649042851e+00 9.668444628245231343e+02 2.966385364779388413e-06 -3.347070440964336591e+00 1.222773277282129049e+09
8.154763937098415127e-04 -1.966931654579827216e+00 8.501773866310596759e+02 5.773501215926076087e-06 -2.889658051390210147e+00 1.222773277282410860e+09
8.014547156341777319e-04 -1.984305649620743406e+00 9.241866762974168523e+02 1.519138544588598796e-06 -3.872650599208370181e+00 1.222773277283865213e+09
8.141178559842026253e-04 -1.972749366228245815e+00 8.008339534918335403e+02 3.046701672133539947e-06 -3.594797926196929616e+00 1.222773277284667969e+09
8.250419078285553759e-04 -1.962703015853001220e+00 7.752152826650211637e+02 7.127013520048341476e-06 -2.711707236491545103e+00 1.222773277285032988e+09
7.989285538761147507e-04 -1.983888936798133606e+00 8.998146613179432052e+02 1.783100828468321510e-06 -3.793654628993847311e+00 1.222773277285192251e+09
7.989285538761147507e-04 -1.983888936798133606e+00 8.998146613179432052e+02 1.783100828468321510e-06 -3.793654628993847311e+00 1.222773277285192251e+09
8.077189380726267597e-04 -1.976609999288740260e+00 9.408819754432358877e+02 3.225350798986248843e-06 -3.446136680772058369e+00 1.222773277285515308e+09
8.038481909071866710e-04 -1.975737193112155676e+00 9.616161226476776847e+02 2.617390749259507950e-06 -3.573345657931305652e+00 1.222773277286069632e+09
8.038481909071866710e-04 -1.975737193112155676e+00 9.616161226476776847e+02 2.617390749259507950e-06 -3.573345657931305652e+00 1.222773277286069632e+09
8.015954999733278198e-04 -1.979879663937830880e+00 9.756517788313361734e+02 3.966256770655363080e-06 -3.032726699788298674e+00 1.222773277286475420e+09
8.015954999733278198e-04 -1.979879663937830880e+00 9.756517788313361734e+02 3.966256770655363080e-06 -3.032726699788298674e+00 1.222773277286475420e+09
8.108639451587062834e-04 -1.975325630816682665e+00 8.421525808668991431e+02 1.804321651549934559e-06 -3.699496364689303540e+00 1.222773277286505699e+09
8.229691681095510202e-04 -1.965099412260489453e+00 7.981777084079593578e+02 4.468586460639385669e-06 -3.095775624740520371e+00 1.222773277286781311e+09
8.229691681095510202e-04 -1.965099412260489453e+00 7.981777084079593578e+02 4.468586460639385669e-06 -3.095775624740520371e+00 1.222773277286781311e+09
7.993424398192752701e-04 -1.984887973701202402e+00 9.076579638093256790e+02 1.234893193682376946e-06 -4.047962312995338152e+00 1.222773277286937237e+09
7.948061882310968398e-04 -1.987561411705339509e+00 9.834802708099327901e+02 1.293598161873709392e-06 -3.962527236439282063e+00 1.222773277287274599e+09
7.999095309107640429e-04 -1.984566521650730220e+00 9.268935939491035469e+02 8.182793204451303544e-06 -2.705429740263330274e+00 1.222773277291173458e+09
8.230615017544217968e-04 -1.965016979813232201e+00 7.600512737882988858e+02 1.907747674947205075e-06 -3.730441987747236787e+00 1.222773277291175365e+09
8.043841473395339130e-04 -1.984427695380660328e+00 8.871941516612058649e+02 2.504069560727411984e-06 -3.544169172070086304e+00 1.222773277291223764e+09
8.186863382564108383e-04 -1.971873144924216392e+00 7.725244018560254062e+02 7.023972595616747360e-06 -2.809677165658630571e+00 1.222773277291500092e+09
7.922129377076815061e-04 -1.988030948424384547e+00 9.789348012959067091e+02 1.759922001438290586e-06 -3.891776069071891442e+00 1.222773277292551041e+09
7.922129377076815061e-04 -1.988030948424384547e+00 9.789348012959067091e+02 1.759922001438290586e-06 -3.891776069071891442e+00 1.222773277292551041e+09
8.248183998606650356e-04 -1.964670805613306648e+00 7.515016818463237769e+02 5.428062946810670472e-06 -2.836279022302412578e+00 1.222773277293000460e+09
8.085063856871374608e-04 -1.974232535514135911e+00 8.492939240809420198e+02 1.607141202411758382e-06 -3.955478284710824077e+00 1.222773277293994188e+09
8.049640442782327997e-04 -1.980188872202357508e+00 9.300075602219783377e+02 2.798111077009442084e-06 -3.368300401892762252e+00 1.222773277294506311e+09
8.128001427667409448e-04 -1.972161064872943737e+00 8.339939747094817903e+02 4.084712407090427381e-06 -3.363783751165221325e+00 1.222773277294987679e+09
8.202226442369749734e-04 -1.968341844891964287e+00 7.542716438546412974e+02 6.392050299268355694e-06 -2.768945597337434172e+00 1.222773277297606230e+09
7.988990871290314703e-04 -1.979767829990155548e+00 9.686620944706107821e+02 3.403003882438952979e-06 -3.386892090241047981e+00 1.222773277298121214e+09
8.174313620511571487e-04 -1.967566667871247565e+00 7.842447476944150822e+02 3.522767228328068660e-06 -3.188950452652036027e+00 1.222773277298597336e+09
8.145432948304213994e-04 -1.976718904120848386e+00 7.983263421290467932e+02 5.106236473162369420e-06 -3.011059395525145455e+00 1.222773277299623966e+09
8.147021219149736069e-04 -1.970361665310234489e+00 7.930643194840927208e+02 1.830735621505377170e-06 -3.820345000787564338e+00 1.222773277299726486e+09
8.003962239426027281e-04 -1.983524511284150638e+00 9.806049699580798915e+02 7.180847241438693272e-06 -2.606018469580458685e+00 1.222773277306440353e+09
8.213157862122672523e-04 -1.968324137132750895e+00 7.899896590364559188e+02 5.161466089589754063e-06 -2.930511684632405967e+00 1.222773277306891918e+09
8.219223403268090472e-04 -1.962737173691570858e+00 8.018409010986720205e+02 3.880385477134914440e-06 -3.198677309419935000e+00 1.222773277307212114e+09
7.937000917846208587e-04 -1.987558688264249973e+00 9.845007281832845365e+02 1.386353741508669954e-06 -3.917389296859397518e+00 1.222773277307656527e+09
7.978766913337896833e-04 -1.983811484386187818e+00 9.339153797467367895e+02 5.759911921311271954e-06 -2.988946415322921268e+00 1.222773277307670593e+09
8.002353337530910800e-04 -1.980055324589125032e+00 9.325917139699807876e+02 5.521712425064668079e-06 -2.829204641345550719e+00 1.222773277308836699e+09
8.038417415809931367e-04 -1.984847446104335056e+00 9.028375327861137976e+02 3.360009815561048941e-06 -3.526019129244762240e+00 1.222773277309218645e+09
7.962361143229219765e-04 -1.987913839355760270e+00 9.898213097805557936e+02 2.284337837943697004e-06 -3.503269258681196874e+00 1.222773277310153961e+09
7.999488740979839680e-04 -1.983373438024076840e+00 9.865549921167717002e+02 1.720496053004926830e-06 -3.796507696858023806e+00 1.222773277311409950e+09
8.189180477401747371e-04 -1.969217591279207813e+00 8.057143784644975995e+02 1.945668907309462042e-06 -3.880841975830542800e+00 1.222773277313092470e+09
8.031772948454334125e-04 -1.978901638142154029e+00 9.401625183055953130e+02 2.285258569903954740e-06 -3.484510460558975176e+00 1.222773277314164162e+09
7.994438379402322254e-04 -1.984606092977239333e+00 9.650743451767104943e+02 1.483117721187799751e-06 -3.885819412291515285e+00 1.222773277314276457e+09
8.003452430889696845e-04 -1.984277347314025386e+00 9.152014150129806467e+02 2.328234040778211336e-06 -3.838895672523676694e+00 1.222773277316266775e+09
8.059105942673683472e-04 -1.980356815547874794e+00 8.752375216820048536e+02 2.561975483816451559e-06 -3.396866880943860245e+00 1.222773277317308664e+09
7.969239599254908206e-04 -1.988088863183142374e+00 9.643568366247161521e+02 1.759672350557200860e-06 -3.738608870115595728e+00 1.222773277317418098e+09
8.229257120763652789e-04 -1.964821680787766756e+00 7.382101073248204557e+02 3.416446690850385696e-06 -3.387058921255657218e+00 1.222773277317472935e+09
8.229257120763652789e-04 -1.964821680787766756e+00 7.382101073248204557e+02 3.416446690850385696e-06 -3.387058921255657218e+00 1.222773277317472935e+09
7.979189507792447227e-04 -1.985283581092055716e+00 8.992959183122912918e+02 3.512122248062641932e-06 -3.289024068096875197e+00 1.222773277318543434e+09
7.880435026798605089e-04 -1.994679617175838082e+00 9.947844789222652935e+02 1.872439450946626042e-06 -3.866368091507366600e+00 1.222773277318593740e+09
7.994711934701284302e-04 -1.983724753753692838e+00 9.222891503553269104e+02 2.987905728362371111e-06 -3.245023101710263091e+00 1.222773277318905354e+09
8.065170155900079933e-04 -1.981875875864059333e+00 8.924367471989187379e+02 4.939280360602659062e-06 -2.973509583885173058e+00 1.222773277321215630e+09
8.065170155900079933e-04 -1.981875875864059333e+00 8.924367471989187379e+02 4.939280360602659062e-06 -2.973509583885173058e+00 1.222773277321215630e+09
7.951525905862145147e-04 -1.988160486747580169e+00 9.561784305578062231e+02 1.506856832993127738e-06 -3.851783205175849822e+00 1.222773277321575403e+09
8.009383174977376899e-04 -1.982554258933147295e+00 9.452119121249099862e+02 1.425441955785031600e-06 -4.183955941894319963e+00 1.222773277321993589e+09
7.972533402348321073e-04 -1.982533854585071920e+00 9.873027049352447193e+02 1.209836456034710505e-06 -4.093332357483071782e+00 1.222773277322338104e+09
7.954330027431707204e-04 -1.991603856681753770e+00 9.686036397416611408e+02 6.156489333419557021e-06 -2.837544508239902896e+00 1.222773277325671673e+09
8.023694934574380393e-04 -1.984122019636372691e+00 8.738543561301808040e+02 1.862974295444093261e-06 -3.971276119360111601e+00 1.222773277326826572e+09
8.002173875645046718e-04 -1.979550732912531474e+00 9.532647076222958731e+02 2.631215154069964097e-06 -3.395330254391986102e+00 1.222773277327665567e+09
8.006080792484713540e-04 -1.984208857978104978e+00 9.438503122960684095e+02 1.833742453752711023e-06 -4.019521008211786040e+00 1.222773277327734232e+09
8.006080792484713540e-04 -1.984208857978104978e+00 9.438503122960684095e+02 1.833742453752711023e-06 -4.019521008211786040e+00 1.222773277327734232e+09
8.073188322702417761e-04 -1.973174138373092745e+00 9.262902212120050081e+02 4.328149291282070743e-06 -3.208479074826097843e+00 1.222773277327802420e+09
8.149110177454464742e-04 -1.974981348285036020e+00 8.020127091439021569e+02 2.835366858931812735e-06 -3.656378393076115785e+00 1.222773277328847408e+09
8.163757566332115320e-04 -1.966655092900922996e+00 8.120711562401399988e+02 4.837417639414773168e-06 -3.036942944179924275e+00 1.222773277329199553e+09
8.163757566332115320e-04 -1.966655092900922996e+00 8.120711562401399988e+02 4.837417639414773168e-06 -3.036942944179924275e+00 1.222773277329199553e+09
7.980618354444095905e-04 -1.989279469132581024e+00 8.963207208959868240e+02 2.266052569261480759e-06 -3.644824326756991084e+00 1.222773277329234362e+09
7.980618354444095905e-04 -1.989279469132581024e+00 8.963207208959868240e+02 2.266052569261480759e-06 -3.644824326756991084e+00 1.222773277329234362e+09
8.142507234772157227e-04 -1.975160662963151292e+00 8.354490988538099145e+02 2.633247953152921883e-06 -3.669995092070960752e+00 1.222773277329969645e+09
7.982104157683653093e-04 -1.987710272772448050e+00 9.825822755811077513e+02 1.704238583771303981e-06 -3.886720149439907068e+00 1.222773277330042601e+09
7.982104157683653093e-04 -1.987710272772448050e+00 9.825822755811077513e+02 1.704238583771303981e-06 -3.886720149439907068e+00 1.222773277330042601e+09
8.072357031811310587e-04 -1.979193967139064814e+00 8.464255557808249932e+02 1.333058755994749760e-06 -3.996486855452834774e+00 1.222773277330122471e+09
7.929878671610706949e-04 -1.992713768775164151e+00 9.376997695660410272e+02 2.277385974387726943e-06 -3.752366693029616229e+00 1.222773277331051588e+09
8.197419319280694608e-04 -1.971529627780027161e+00 7.499944967092247907e+02 2.699030884652876187e-06 -3.619770664349870160e+00 1.222773277331815720e+09
8.010219465545646150e-04 -1.985758791053181316e+00 8.971956993070883755e+02 2.063673485473165831e-06 -3.628246919260771364e+00 1.222773277333451986e+09
8.212140832114191071e-04 -1.965181495387329669e+00 7.918935818861561984e+02 3.506177502271749251e-06 -3.180519423920508792e+00 1.222773277333897829e+09
7.994293682658453826e-04 -1.980800251694796010e+00 9.526077735820521184e+02 1.252203972187891454e-06 -4.151391204278059632e+00 1.222773277334962368e+09
7.984822602076990187e-04 -1.988487181205693677e+00 9.007316416105378494e+02 2.172819791375218318e-06 -3.634837434269469369e+00 1.222773277337714911e+09
8.163259771674358494e-04 -1.968722558668509981e+00 8.330363932735959906e+02 2.984532523849333804e-06 -3.583689646848599253e+00 1.222773277337802887e+09
8.163259771674358494e-04 -1.968722558668509981e+00 8.330363932735959906e+02 2.984532523849333804e-06 -3.583689646848599253e+00 1.222773277337802887e+09
8.034049391337748369e-04 -1.976806710542055479e+00 9.392142592571367459e+02 2.660974358551748755e-06 -3.638403525293055552e+00 1.222773277339147329e+09
7.969916812711020726e-04 -1.987068543105773299e+00 9.298025936669173461e+02 1.033563969538187155e-06 -4.230885509121718790e+00 1.222773277339636326e+09
8.033272890031816849e-04 -1.982031570406640908e+00 8.954162126435371647e+02 2.957850276102119273e-06 -3.262732890703328614e+00 1.222773277341486454e+09
8.036660392893346704e-04 -1.984081465828601898e+00 8.770602021161304265e+02 1.255565421636551532e-06 -4.204853053687601872e+00 1.222773277342056274e+09
8.009956229823548147e-04 -1.982640503633920304e+00 8.956047754885777294e+02 4.566102585098601998e-06 -2.936340129349213512e+00 1.222773277342113733e+09
8.009956229823548147e-04 -1.982640503633920304e+00 8.956047754885777294e+02 4.566102585098601998e-06 -2.936340129349213512e+00 1.222773277342113733e+09
8.154338468483050871e-04 -1.972422749665502906e+00 8.224077639084700877e+02 3.044327353373315190e-06 -3.611260292052763887e+00 1.222773277342347383e+09
8.131217861648826336e-04 -1.973364589293204130e+00 7.857078966980117229e+02 2.501119548721470736e-06 -3.556750877106264142e+00 1.222773277342670202e+09
8.012856470506576250e-04 -1.982752290626834890e+00 9.667648309908804549e+02 2.067273986241764341e-06 -3.627244368128686780e+00 1.222773277342916489e+09
8.086397872597715815e-04 -1.974591473313056955e+00 8.558879443255584647e+02 1.441039573660889971e-06 -3.929425351517809695e+00 1.222773277343183041e+09
8.287430456851048455e-04 -1.959671642650760770e+00 7.372508000688085303e+02 6.160622881891365202e-06 -2.804824669784887980e+00 1.222773277346829891e+09
8.105991255040461297e-04 -1.980032001900590588e+00 8.125567715209089101e+02 3.936963211707250718e-06 -3.348819174726227033e+00 1.222773277347333670e+09
8.032505349827868393e-04 -1.983987512208188697e+00 9.312794146171418106e+02 2.297939824104802638e-06 -3.632553208706930548e+00 1.222773277348301411e+09
8.032505349827868393e-04 -1.983987512208188697e+00 9.312794146171418106e+02 2.297939824104802638e-06 -3.632553208706930548e+00 1.222773277348301411e+09
8.129117039745704064e-04 -1.972314126869298967e+00 8.567511720033237452e+02 1.525494166675943364e-06 -4.054076713239804342e+00 1.222773277348301411e+09
8.012903288376299442e-04 -1.978372699345192665e+00 9.318918859341976031e+02 2.783982180496417309e-06 -3.548834383747938581e+00 1.222773277349395990e+09
7.958426404195183615e-04 -1.991392764747776267e+00 9.116550972192745803e+02 3.137352820717266843e-06 -3.424784536452777139e+00 1.222773277350267410e+09
8.226020713751402503e-04 -1.965072975422095691e+00 7.556551461188466874e+02 2.634707798600639181e-06 -3.429757844061210648e+00 1.222773277350885868e+09
7.981049032758255569e-04 -1.989998264216177759e+00 9.581262235948365742e+02 2.546521432903569347e-06 -3.668264268668102623e+00 1.222773277350988150e+09
7.994286835754241607e-04 -1.981504274592554404e+00 9.742502663592109684e+02 1.543359303243940602e-06 -4.086126049720998132e+00 1.222773277351913691e+09
8.088758301734884620e-04 -1.980110240866578941e+00 8.425514619970296053e+02 2.109675703744343708e-06 -3.879797056689136880e+00 1.222773277353123665e+09
8.088758301734884620e-04 -1.980110240866578941e+00 8.425514619970296053e+02 2.109675703744343708e-06 -3.879797056689136880e+00 1.222773277353123665e+09
8.129928734986153560e-04 -1.977892495407115980e+00 7.895276684017429716e+02 2.599633999412581113e-06 -3.615129523371269471e+00 1.222773277353338480e+09
8.227018052398082188e-04 -1.966624274968096886e+00 7.633561705038849823e+02 7.655449691777439398e-06 -2.727840315187394893e+00 1.222773277354496002e+09
7.993227967778782561e-04 -1.987508958047325081e+00 9.052284261333464883e+02 3.248385444666959489e-06 -3.261453113640882862e+00 1.222773277354595423e+09
8.034011283368242690e-04 -1.984548192406782041e+00 9.283446924161187326e+02 2.555116880297528936e-06 -3.599190049389046742e+00 1.222773277354818583e+09
8.122574886273113953e-04 -1.977896134566238251e+00 8.469589884812162381e+02 4.484099451410599008e-06 -3.215063799797487576e+00 1.222773277355671644e+09
7.981551775271527455e-04 -1.983626253570471842e+00 9.902803322415857110e+02 2.044127721142361799e-06 -3.581385127017346903e+00 1.222773277356139183e+09
7.889314971263023486e-04 -1.995136827409190516e+00 9.870046888226879673e+02 4.611880329245163473e-06 -3.114617470501039875e+00 1.222773277356194258e+09
7.982442502799702881e-04 -1.986701227320958996e+00 9.467807471252084497e+02 1.120333125346502419e-06 -4.145301376218297307e+00 1.222773277356431723e+09
7.982844711954021569e-04 -1.986602288489523804e+00 9.895916529072660524e+02 6.241499494172388512e-06 -2.731587855727440228e+00 1.222773277356728792e+09
8.130442944452748741e-04 -1.975285763481793300e+00 8.094664507493338306e+02 2.295890133189194556e-06 -3.821842358952235230e+00 1.222773277358391047e+09
7.997185705490414322e-04 -1.987500445853830122e+00 8.930532940754801530e+02 3.837076738636841904e-06 -3.154431129216275664e+00 1.222773277358518600e+09
8.032222887960235825e-04 -1.981233264535292804e+00 9.388610400642932063e+02 2.030338907813401994e-06 -3.927461877176133598e+00 1.222773277359011412e+09
8.032222887960235825e-04 -1.981233264535292804e+00 9.388610400642932063e+02 2.030338907813401994e-06 -3.927461877176133598e+00 1.222773277359011412e+09
8.132981195651486396e-04 -1.974487999888876022e+00 8.021195465949110712e+02 1.734100465419014007e-06 -4.002458453240338443e+00 1.222773277361162424e+09
8.132981195651486396e-04 -1.974487999888876022e+00 8.021195465949110712e+02 1.734100465419014007e-06 -4.002458453240338443e+00 1.222773277361162424e+09
8.088063593880222930e-04 -1.977982450075367549e+00 8.832371166741845627e+02 5.631046233168091420e-06 -3.114087547057859950e+00 1.222773277361977816e+09
7.979054778686914609e-04 -1.980322537923977055e+00 9.834917646800686271e+02 3.972635779918173726e-06 -3.161647710962898650e+00 1.222773277362074614e+09
8.031502169605904233e-04 -1.983145212350915232e+00 9.105207926185436236e+02 2.042803668036005590e-06 -3.625587105309231006e+00 1.222773277362860441e+09
8.031502169605904233e-04 -1.983145212350915232e+00 9.105207926185436236e+02 2.042803668036005590e-06 -3.625587105309231006e+00 1.222773277362860441e+09
7.936344997331974075e-04 -1.988680796468833112e+00 9.477090798603621806e+02 4.603963148423033696e-06 -3.120789123646039442e+00 1.222773277363039017e+09
7.936344997331974075e-04 -1.988680796468833112e+00 9.477090798603621806e+02 4.603963148423033696e-06 -3.120789123646039442e+00 1.222773277363039017e+09
7.919636872948786904e-04 -1.991083295657080310e+00 9.778009135349417420e+02 1.260679946448908774e-06 -4.232956855840606103e+00 1.222773277363444567e+09
7.976427040383668758e-04 -1.983048284649560067e+00 9.390075581984405062e+02 2.098096532062072262e-06 -3.616143282786545399e+00 1.222773277372515917e+09
8.197543356111209375e-04 -1.966534211939038101e+00 8.050444807031622076e+02 1.912573308732668956e-06 -3.778422856408089281e+00 1.222773277372561932e+09
7.989200085150464708e-04 -1.985729311050979273e+00 9.568067257810539559e+02 2.609057287205913177e-06 -3.385923981947253303e+00 1.222773277373154163e+09
7.989200085150464708e-04 -1.985729311050979273e+00 9.568067257810539559e+02 2.609057287205913177e-06 -3.385923981947253303e+00 1.222773277373154163e+09
8.011670907516864207e-04 -1.987459966453311022e+00 8.751970245916461408e+02 4.153996400691865006e-06 -3.177636016056789359e+00 1.222773277373579502e+09
8.108235062361680151e-04 -1.977876825397551830e+00 8.648892165421985965e+02 2.496972291509088345e-06 -3.592496579439928617e+00 1.222773277373721361e+09
8.141181337254154663e-04 -1.972642528222294800e+00 7.881877178589177220e+02 2.330460207122074105e-06 -3.543548186079053863e+00 1.222773277373796463e+09
8.027075604042589654e-04 -1.980006757594860556e+00 9.671142726703865264e+02 8.717127712180028896e-06 -2.539175529245153662e+00 1.222773277375039101e+09
8.027075604042589654e-04 -1.980006757594860556e+00 9.671142726703865264e+02 8.717127712180028896e-06 -2.539175529245153662e+00 1.222773277375039101e+09
8.087322207978337330e-04 -1.974236105571150368e+00 9.199865377325442068e+02 2.130967417918262783e-06 -3.735701619262136397e+00 1.222773277376577616e+09
7.946013869912908235e-04 -1.986657399136470659e+00 9.790518511502949650e+02 1.327465940866114380e-06 -4.198136889837263297e+00 1.222773277377365112e+09
8.056331384670843048e-04 -1.982554653763596964e+00 8.636790306323291588e+02 1.356089200506084000e-06 -4.151068478006937568e+00 1.222773277378291607e+09
7.958938184271566576e-04 -1.990903793325797588e+00 9.803911277711533785e+02 1.807304577379913570e-06 -3.971563240160975283e+00 1.222773277380426168e+09
8.013503534622303404e-04 -1.983997837386686891e+00 9.728888247904244508e+02 1.853692953774990985e-06 -3.884620819887793175e+00 1.222773277380676508e+09
8.013503534622303404e-04 -1.983997837386686891e+00 9.728888247904244508e+02 1.853692953774990985e-06 -3.884620819887793175e+00 1.222773277380676508e+09
8.266984615371516555e-04 -1.961654224204927077e+00 7.632032726122098438e+02 3.419835902157268462e-06 -3.394624381796113255e+00 1.222773277381065607e+09
7.896277650453780621e-04 -1.994682043626981649e+00 9.757365396188419027e+02 4.063685294761802761e-06 -3.204354594409053014e+00 1.222773277381111860e+09
8.276332168045241310e-04 -1.961861181561079803e+00 7.310540873474008094e+02 6.796541980587855569e-06 -2.779112059677961710e+00 1.222773277381173611e+09
8.020550390074739858e-04 -1.980849729000752957e+00 9.358467414311753600e+02 3.949163120656914148e-06 -3.002826132357440336e+00 1.222773277381874084e+09
8.046307766805023279e-04 -1.978400663478846244e+00 9.665816467549994968e+02 3.470051626690135442e-06 -3.253606334483420959e+00 1.222773277382028818e+09
8.207265032378857454e-04 -1.966702430469606355e+00 7.806206958069745951e+02 7.865027931475512303e-06 -2.588604917935510841e+00 1.222773277382795811e+09
8.207265032378857454e-04 -1.966702430469606355e+00 7.806206958069745951e+02 7.865027931475512303e-06 -2.588604917935510841e+00 1.222773277382795811e+09
8.069718123658104402e-04 -1.974083163217843939e+00 9.194042402541145975e+02 2.010085632719920413e-06 -3.709612423421484451e+00 1.222773277383454561e+09
7.984393979289358591e-04 -1.989994881670749782e+00 8.992321559763836376e+02 2.494031400527401408e-06 -3.663394938025515302e+00 1.222773277386308193e+09
7.955993566868903343e-04 -1.990395225186819106e+00 9.498692302508180774e+02 1.589746341149936339e-06 -4.096890977546929768e+00 1.222773277386451721e+09
7.956522754327706578e-04 -1.987721612005068472e+00 9.847765565209333545e+02 7.025659270716535854e-06 -2.594409761164617301e+00 1.222773277390489817e+09
8.123429939382714998e-04 -1.976256199114487799e+00 8.662347238871401487e+02 3.266449926313175847e-06 -3.439134005919763482e+00 1.222773277390684366e+09
7.977429239090274562e-04 -1.984422416066107919e+00 9.274994366771958312e+02 1.891128983573505029e-06 -3.920949536142819269e+00 1.222773277390954018e+09
7.977429239090274562e-04 -1.984422416066107919e+00 9.274994366771958312e+02 1.891128983573505029e-06 -3.920949536142819269e+00 1.222773277390954018e+09
8.111296062068868318e-04 -1.977732740758331609e+00 7.901217107228211489e+02 3.317603091307195237e-06 -3.364645627065193878e+00 1.222773277391132355e+09
8.013284107189099685e-04 -1.985868731871888393e+00 9.658076670821367316e+02 3.737371752521328044e-06 -3.346760470940920662e+00 1.222773277391528130e+09
8.210220583982798378e-04 -1.966588228166070262e+00 7.921394662484134415e+02 6.415760808697089241e-06 -2.706588722518617374e+00 1.222773277391865253e+09
8.210220583982798378e-04 -1.966588228166070262e+00 7.921394662484134415e+02 6.415760808697089241e-06 -2.706588722518617374e+00 1.222773277391865253e+09
7.992768240304677987e-04 -1.986282743075852286e+00 9.586763888422639184e+02 4.026406717599986275e-06 -3.417709896252089763e+00 1.222773277392027378e+09
8.085283409623280140e-04 -1.979277867094037191e+00 8.621233026209498576e+02 7.909700941949175565e-06 -2.604711399387108273e+00 1.222773277392250776e+09
7.959292771075931810e-04 -1.990236968809969476e+00 9.112231939412524753e+02 2.085872328128766588e-06 -3.729279599783231980e+00 1.222773277393000603e+09
7.959292771075931810e-04 -1.990236968809969476e+00 9.112231939412524753e+02 2.085872328128766588e-06 -3.729279599783231980e+00 1.222773277393000603e+09
8.298348217072254798e-04 -1.961803565056161602e+00 7.193722781257159795e+02 3.267164420840030454e-06 -3.430672617041998329e+00 1.222773277393060207e+09
8.018156267013689612e-04 -1.984178149874178843e+00 9.189496391509185287e+02 2.753842334962717151e-06 -3.357567560402086038e+00 1.222773277395494938e+09
7.955287192934478195e-04 -1.991640522854696727e+00 9.269713079080853504e+02 2.737888570037144421e-06 -3.485331964123439263e+00 1.222773277396491289e+09
8.058649334788055328e-04 -1.980360635241563472e+00 9.064367388880204999e+02 1.356324257211920068e-06 -4.070208226159286014e+00 1.222773277397796869e+09
7.977211864427937544e-04 -1.984617116863293784e+00 9.526793998799159908e+02 1.579451010319496205e-06 -3.794562905292938382e+00 1.222773277398574591e+09
8.033826262716101466e-04 -1.979785496305074499e+00 8.940718827441965004e+02 4.875998316331803789e-06 -2.854395587243443444e+00 1.222773277398641109e+09
8.111483238170484047e-04 -1.977812652892851242e+00 8.250274432738727910e+02 1.470782293064076347e-06 -4.083870366606483060e+00 1.222773277402745008e+09
8.111483238170484047e-04 -1.977812652892851242e+00 8.250274432738727910e+02 1.470782293064076347e-06 -4.083870366606483060e+00 1.222773277402745008e+09
8.095702362063844377e-04 -1.973246825046545139e+00 8.674162040253241912e+02 1.620371624319640970e-06 -4.003542306722566835e+00 1.222773277403656483e+09
8.061686005472186271e-04 -1.976009786562268555e+00 8.736398124591623855e+02 1.459219081259477758e-06 -3.983238283495710519e+00 1.222773277403750181e+09
7.964246262723024671e-04 -1.988311871576160073e+00 9.801302143929916610e+02 4.828797087263022744e-06 -2.893099078462430640e+00 1.222773277405230761e+09
7.964246262723024671e-04 -1.988311871576160073e+00 9.801302143929916610e+02 4.828797087263022744e-06 -2.893099078462430640e+00 1.222773277405230761e+09
8.103131390423666015e-04 -1.980277838136675683e+00 8.250899686700572602e+02 2.551049761207350486e-06 -3.664607237249856375e+00 1.222773277405317545e+09
7.905102282683780686e-04 -1.991824119539257865e+00 9.845154231262828262e+02 1.286018719373705943e-06 -4.093885299591324411e+00 1.222773277405338049e+09
7.999365053893131962e-04 -1.980659413973639982e+00 9.827568922435351624e+02 6.932865045397213010e-06 -2.612350021208845519e+00 1.222773277407147408e+09
7.999365053893131962e-04 -1.980659413973639982e+00 9.827568922435351624e+02 6.932865045397213010e-06 -2.612350021208845519e+00 1.222773277407147408e+09
8.090810520010390146e-04 -1.972292639905484535e+00 8.753215416015560777e+02 2.849810579762363278e-06 -3.545896662879887806e+00 1.222773277407167196e+09
8.090810520010390146e-04 -1.972292639905484535e+00 8.753215416015560777e+02 2.849810579762363278e-06 -3.545896662879887806e+00 1.222773277407167196e+09
8.183047225559992493e-04 -1.971178372285224079e+00 7.836420716114723746e+02 2.105903765498473413e-06 -3.657695447406798195e+00 1.222773277407928228e+09
8.142502779207593010e-04 -1.974547346607084641e+00 8.398877628604734582e+02 2.620287414510012523e-06 -3.676094547607661411e+00 1.222773277408641338e+09
8.144579231582810318e-04 -1.975651409834700445e+00 7.750908936301057111e+02 3.996155272864161984e-06 -3.190648101556066152e+00 1.222773277408674955e+09
8.035391650553867088e-04 -1.982406252757933807e+00 8.686086691821135446e+02 1.794987764263158787e-06 -3.738405254320715798e+00 1.222773277409329414e+09
7.928127646821238805e-04 -1.990707985579206252e+00 9.776777215389648745e+02 1.110480890746513563e-06 -4.327629327682570803e+00 1.222773277409655571e+09
7.991934197063966074e-04 -1.983073018174148272e+00 9.594524793794029165e+02 6.785768382611928128e-06 -2.595585945253053417e+00 1.222773277410000324e+09
7.973828523940176913e-04 -1.983032217911930406e+00 9.375175238170521652e+02 2.228023560333626384e-06 -3.703439670410807238e+00 1.222773277412200451e+09
7.974488439847914230e-04 -1.982242451083738199e+00 9.816481012619976809e+02 3.627414194779929113e-06 -3.110575568767511179e+00 1.222773277413687229e+09
8.047822252638725310e-04 -1.980559967249200248e+00 8.727691262765104057e+02 2.157264300069702940e-06 -3.544643753016030630e+00 1.222773277413704395e+09
8.207466818831049039e-04 -1.966791811651150912e+00 7.584275110952320347e+02 2.041563749760172437e-06 -3.813341527466098668e+00 1.222773277414269209e+09
8.067519767038222860e-04 -1.976182981722065302e+00 8.562675011943200616e+02 4.380296588508509585e-06 -3.006540090336084603e+00 1.222773277416239738e+09
7.942447251152531546e-04 -1.986851849920569402e+00 9.537619121972027187e+02 1.826243252172206421e-06 -3.796708683068379386e+00 1.222773277417179346e+09
8.032438134039340859e-04 -1.981086181198143947e+00 9.015343909583750701e+02 9.566678426827611872e-07 -4.402672254827064258e+00 1.222773277418801308e+09
7.990039366589670291e-04 -1.982019670850183157e+00 9.669610329063332301e+02 1.243365477942384134e-06 -4.040855355084255862e+00 1.222773277420227766e+09
7.984238714545128634e-04 -1.982027763114703856e+00 9.345747075232362704e+02 2.465386851078514860e-06 -3.496637117611527401e+00 1.222773277420694590e+09
8.136157842839202058e-04 -1.973621884710724306e+00 8.675185678289896032e+02 5.455256443664971435e-06 -3.071150115532550018e+00 1.222773277420740843e+09
8.111186754050821179e-04 -1.970248493216196994e+00 8.616427952124450940e+02 4.280252560081523730e-06 -3.086906218740132601e+00 1.222773277421428442e+09
8.001409814139692636e-04 -1.982964659123725326e+00 9.298378958606548395e+02 2.001682167536692821e-06 -3.935295626431996929e+00 1.222773277421808720e+09
8.001917957801973902e-04 -1.980394640945038365e+00 9.322690025319406004e+02 1.438847228726535205e-06 -3.976430412228589617e+00 1.222773277422170877e+09
8.001917957801973902e-04 -1.980394640945038365e+00 9.322690025319406004e+02 1.438847228726535205e-06 -3.976430412228589617e+00 1.222773277422170877e+09
7.948098315249279601e-04 -1.991036974369609691e+00 9.291355318380859671e+02 2.995462647377393072e-06 -3.378882343101976105e+00 1.222773277424610376e+09
7.948098315249279601e-04 -1.991036974369609691e+00 9.291355318380859671e+02 2.995462647377393072e-06 -3.378882343101976105e+00 1.222773277424610376e+09
8.018420046945553843e-04 -1.980558430034747186e+00 9.710939001014323821e+02 8.711935500807243573e-06 -2.528968774237949191e+00 1.222773277424648285e+09
8.034524873449175320e-04 -1.979144112003997868e+00 8.940249094424501664e+02 1.251034009611400012e-06 -4.053663299885021942e+00 1.222773277425740480e+09
8.166285747781249589e-04 -1.966221650881198713e+00 8.336006350845058250e+02 4.868053504122151393e-06 -2.993968742757530777e+00 1.222773277426630974e+09
8.209546773612384296e-04 -1.966649646838944498e+00 8.073345336183562040e+02 4.016115883052165888e-06 -3.148292046706094638e+00 1.222773277427645206e+09
8.209546773612384296e-04 -1.966649646838944498e+00 8.073345336183562040e+02 4.016115883052165888e-06 -3.148292046706094638e+00 1.222773277427645206e+09
7.935916938751456668e-04 -1.992518616629211037e+00 9.939026026495877204e+02 2.674868253266482003e-06 -3.724321451627918833e+00 1.222773277427734375e+09
7.935916938751456668e-04 -1.992518616629211037e+00 9.939026026495877204e+02 2.674868253266482003e-06 -3.724321451627918833e+00 1.222773277427734375e+09
8.091894644828756446e-04 -1.972255248367441371e+00 9.162622462046432474e+02 3.934890365518038468e-06 -3.150889390193565731e+00 1.222773277427996397e+09
8.033468316553604932e-04 -1.980506759017248708e+00 9.785303155726567184e+02 6.938754947988569298e-06 -2.779007395800860536e+00 1.222773277428169250e+09
8.196046089057695914e-04 -1.968203791056128527e+00 8.086357274035605087e+02 6.348867781690591273e-06 -2.744629472752079913e+00 1.222773277428604841e+09
7.948829938415380479e-04 -1.990415107943836803e+00 9.536435692162507394e+02 4.659821832664093571e-06 -2.960488642105753243e+00 1.222773277429096699e+09
7.948829938415380479e-04 -1.990415107943836803e+00 9.536435692162507394e+02 4.659821832664093571e-06 -2.960488642105753243e+00 1.222773277429096699e+09
7.983334916082828652e-04 -1.986300886953885625e+00 9.898714024958735536e+02 8.501885250259160251e-06 -2.612758061250530339e+00 1.222773277429812431e+09
8.108388068763530904e-04 -1.979101560567237073e+00 8.049057642371255952e+02 2.498245101464753092e-06 -3.576000842902400834e+00 1.222773277431600094e+09
8.108388068763530904e-04 -1.979101560567237073e+00 8.049057642371255952e+02 2.498245101464753092e-06 -3.576000842902400834e+00 1.222773277431600094e+09
7.994998062724637889e-04 -1.982405431933667472e+00 9.225733135298991101e+02 5.062761500147534228e-06 -2.865054172022180268e+00 1.222773277434013128e+09
8.187261599863432729e-04 -1.967928995086014154e+00 7.903559931020506610e+02 2.104250633825211981e-06 -3.613389220990388395e+00 1.222773277434060097e+09
8.128716134351558114e-04 -1.976712692285570450e+00 7.881211481342746765e+02 2.423160479094125522e-06 -3.712597258759039676e+00 1.222773277435713768e+09
8.103697854273643345e-04 -1.974071371324684243e+00 8.754193156601043029e+02 8.856143059769186625e-06 -2.554684035740715231e+00 1.222773277436214924e+09
8.081092553263716964e-04 -1.979672567399842986e+00 8.873799229367258476e+02 2.546064455494062443e-06 -3.531440461580585222e+00 1.222773277436635971e+09
8.184583364882864424e-04 -1.966524339983388714e+00 7.834608125938149215e+02 3.770944605529973367e-06 -3.320900434773506049e+00 1.222773277437901735e+09
8.034101937243623513e-04 -1.977371805302705621e+00 9.273604735932556196e+02 1.617837137824583322e-06 -3.985045748490810169e+00 1.222773277440120697e+09
8.009755885579771971e-04 -1.980580299783740728e+00 8.968122529997370975e+02 2.350732340275151663e-06 -3.631254211688067279e+00 1.222773277441499233e+09
8.136090425673466429e-04 -1.968707387931708075e+00 8.434932164484769146e+02 5.499614343264541811e-06 -2.950530550327196799e+00 1.222773277442123652e+09
8.083499264737110989e-04 -1.976923282319750896e+00 8.677954314925087829e+02 1.530561067561823105e-06 -3.856394384428479150e+00 1.222773277443363428e+09
8.106628737722090718e-04 -1.977568841501325281e+00 8.284464404460883316e+02 5.339515933042886510e-06 -2.845897638579581113e+00 1.222773277445089817e+09
7.910015141817849840e-04 -1.991934290017060238e+00 9.727579946279388423e+02 2.410211250377469819e-06 -3.731263491527852416e+00 1.222773277445839167e+09
8.028561999841638984e-04 -1.982906999387930247e+00 8.536633547068737471e+02 4.232064917508949277e-06 -3.159364581468069311e+00 1.222773277446732759e+09
8.057680606096316806e-04 -1.980100418145093855e+00 9.030384827012045434e+02 2.155394720678018165e-06 -3.586067656322620145e+00 1.222773277448053837e+09
8.134541384132572229e-04 -1.970524658388228989e+00 8.453317550727136904e+02 4.904732747101952398e-06 -2.868315053630190015e+00 1.222773277449935436e+09
8.208397580215328780e-04 -1.968002071695687416e+00 7.693851172126887832e+02 6.593938280774277513e-06 -2.699967378625039771e+00 1.222773277449939966e+09
8.059214171589077023e-04 -1.980858918131191526e+00 8.759493144619584655e+02 3.246204475428990184e-06 -3.220299351797343057e+00 1.222773277450750589e+09
8.059214171589077023e-04 -1.980858918131191526e+00 8.759493144619584655e+02 3.246204475428990184e-06 -3.220299351797343057e+00 1.222773277450750589e+09
8.056768829789886068e-04 -1.981334892527183200e+00 8.924559217067221653e+02 1.481788250138993541e-06 -3.967121494863183884e+00 1.222773277450962067e+09
8.062350464723642409e-04 -1.974919888608752228e+00 9.535183043606801903e+02 3.857019015829014575e-06 -3.290909114051219220e+00 1.222773277452241659e+09
8.062350464723642409e-04 -1.974919888608752228e+00 9.535183043606801903e+02 3.857019015829014575e-06 -3.290909114051219220e+00 1.222773277452241659e+09
8.213616782064890685e-04 -1.966191370104396707e+00 7.566459430525102334e+02 2.470494726220701667e-06 -3.507416403301004237e+00 1.222773277453548193e+09
8.223364353335703078e-04 -1.965016813329520495e+00 7.964161928836967945e+02 3.327115530999388857e-06 -3.320171164096091587e+00 1.222773277453727484e+09
8.005902468109217475e-04 -1.986894850713395000e+00 9.439587824527305884e+02 6.427871934551435336e-06 -2.931210903357936992e+00 1.222773277454634905e+09
8.082799167593005983e-04 -1.979782594744968982e+00 8.857901539072323658e+02 7.249457562471418526e-06 -2.751039191233092041e+00 1.222773277455679417e+09
8.114195963429488359e-04 -1.975965075128629955e+00 8.246526289431047871e+02 1.371987371440036142e-06 -4.158666205143497940e+00 1.222773277456426620e+09
8.114195963429488359e-04 -1.975965075128629955e+00 8.246526289431047871e+02 1.371987371440036142e-06 -4.158666205143497940e+00 1.222773277456426620e+09
7.971149488148951672e-04 -1.990070635706377100e+00 9.077856001372203991e+02 4.647426746562975367e-06 -3.114992008921131372e+00 1.222773277456975460e+09
7.999363395425551030e-04 -1.986187374783551229e+00 9.886510679185723802e+02 3.160758261081162677e-06 -3.446020079347425380e+00 1.222773277457014322e+09
8.283604717808719549e-04 -1.963167330297383106e+00 7.213732837288840756e+02 2.926940308908005325e-06 -3.503563825655300334e+00 1.222773277457332373e+09
8.018080322888815207e-04 -1.982347242846680846e+00 9.016057958098333529e+02 9.353347167762611272e-07 -4.347561747542281196e+00 1.222773277458741665e+09
8.007804532092281354e-04 -1.985524082073567564e+00 9.437960997516931911e+02 4.352749012069092662e-06 -3.342779065358121748e+00 1.222773277459563017e+09
7.972944390211082451e-04 -1.989480249999683092e+00 9.458652674271180558e+02 5.407933966177728794e-06 -2.884696459267447999e+00 1.222773277460213900e+09
8.113803469398466438e-04 -1.978973156958931057e+00 8.444704052729086925e+02 4.276484436110323845e-06 -3.229414601585312461e+00 1.222773277460732937e+09
8.029636625336016194e-04 -1.980776464822588512e+00 9.162589118039634286e+02 7.306878565636076363e-06 -2.559063045711299722e+00 1.222773277463655710e+09
8.029636625336016194e-04 -1.980776464822588512e+00 9.162589118039634286e+02 7.306878565636076363e-06 -2.559063045711299722e+00 1.222773277463655710e+09
8.084565535855355251e-04 -1.974096173252802844e+00 8.804008269609481658e+02 7.598537864214366562e-06 -2.594382647282001741e+00 1.222773277464304686e+09
8.078224287213335315e-04 -1.977097259372199156e+00 8.269537749048528212e+02 2.998103023512777435e-06 -3.508260276913779840e+00 1.222773277465152979e+09
7.985873923564736077e-04 -1.983431029319989047e+00 9.191521499255687786e+02 1.651704122300110044e-06 -3.834414640691043097e+00 1.222773277465214968e+09
8.024045762702537894e-04 -1.986257643329200739e+00 8.901472760549984287e+02 6.077201781205975144e-06 -2.925440172473820155e+00 1.222773277466635227e+09
8.024045762702537894e-04 -1.986257643329200739e+00 8.901472760549984287e+02 6.077201781205975144e-06 -2.925440172473820155e+00 1.222773277466635227e+09
8.099868343547116838e-04 -1.976333700966421691e+00 8.773622282415434483e+02 3.454874614644379654e-06 -3.513803693830972463e+00 1.222773277466659069e+09
7.910362618024638836e-04 -1.994133187651782269e+00 9.777006130646985866e+02 1.451964918028279716e-06 -4.020554620114909383e+00 1.222773277467848778e+09
8.165970179571294509e-04 -1.967632236247952582e+00 8.054546276541553880e+02 3.725853112254602368e-06 -3.352113173847913075e+00 1.222773277468285322e+09
8.084157134669936462e-04 -1.980967180628746771e+00 8.135351646945432549e+02 4.053692160663261716e-06 -3.226170151152853549e+00 1.222773277468475819e+09
7.934921671808318122e-04 -1.992029046316449836e+00 9.751981157604391228e+02 6.958167949414767709e-06 -2.763588570274077227e+00 1.222773277468932152e+09
7.944806671526346469e-04 -1.985744795188467693e+00 9.911268918901226925e+02 2.758955545621741840e-06 -3.648405758506727103e+00 1.222773277468981266e+09
8.081460439228955236e-04 -1.977373332599360101e+00 9.298604923225699395e+02 4.631776895015462587e-06 -3.130577613372622636e+00 1.222773277469640970e+09
8.094580305959390727e-04 -1.972579393567905459e+00 8.972367669621662571e+02 2.116491769139446273e-06 -3.768352229335043546e+00 1.222773277469704390e+09
8.087851757583740166e-04 -1.974450285074153211e+00 8.950838552605021050e+02 8.094695271500436463e-06 -2.539662195321593430e+00 1.222773277469945908e+09
8.045086230156049288e-04 -1.980583163623615306e+00 9.276284401635057293e+02 6.610629198101229865e-06 -2.664194652712345679e+00 1.222773277470785856e+09
8.059940043663842970e-04 -1.977799122155559974e+00 8.721532659171430168e+02 1.892781101391962864e-06 -3.659016771868436990e+00 1.222773277471746445e+09
8.010320434824428227e-04 -1.980159563054259442e+00 9.961151169505048983e+02 6.932224885167944449e-06 -2.667350238156623199e+00 1.222773277471765995e+09
8.031092281510065350e-04 -1.978172511001303757e+00 9.926844419708038458e+02 4.195616877213996341e-06 -3.144103100807292606e+00 1.222773277472590923e+09
8.154099447820609744e-04 -1.975461028184053447e+00 8.125080993734962931e+02 3.816552166114683531e-06 -3.283982614949977119e+00 1.222773277474881411e+09
8.093976894054580708e-04 -1.976196592510007788e+00 8.543457132978736581e+02 1.511106342886643968e-06 -3.874313518609346474e+00 1.222773277475100279e+09
8.111338475624954624e-04 -1.977318340652019169e+00 8.214209214719226111e+02 4.381851695640739059e-06 -3.310184222012042099e+00 1.222773277475360394e+09
8.137489989542630482e-04 -1.974324199062901686e+00 7.873831952333641766e+02 5.978828989146465822e-06 -2.898413427129685083e+00 1.222773277475919962e+09
8.125497943686263002e-04 -1.977132809483634457e+00 7.959461097163989507e+02 2.109383862737923020e-06 -3.817290285410380513e+00 1.222773277479945421e+09
7.968666379450722263e-04 -1.982411277158488083e+00 9.735335821620230945e+02 1.752523246886592134e-06 -3.872254290546374378e+00 1.222773277481069326e+09
8.179930554938449113e-04 -1.971233321049832510e+00 7.653501726825428477e+02 5.194475225679572211e-06 -2.916677437056570454e+00 1.222773277481905460e+09
8.038074585881850283e-04 -1.979125002921971577e+00 9.804328737699420344e+02 3.100273042921593900e-06 -3.470956504512711760e+00 1.222773277482187748e+09
7.957013004359818689e-04 -1.989869859095528160e+00 9.459676248015706506e+02 3.253568235976239922e-06 -3.249612945049495494e+00 1.222773277482393026e+09
8.101085357972869936e-04 -1.975657780170200439e+00 8.290621944766385241e+02 1.204513130023175089e-06 -4.144898779184659432e+00 1.222773277484815598e+09
7.930100715938444853e-04 -1.992770007469720106e+00 9.503146608456115700e+02 2.089516073774928243e-06 -3.850607793237907472e+00 1.222773277485623837e+09
8.108074930197804687e-04 -1.974772927373797060e+00 8.929985191326825316e+02 3.541315624210286316e-06 -3.235646726473486723e+00 1.222773277486457109e+09
8.166285899132781807e-04 -1.967958188836667066e+00 7.919037414254235046e+02 2.503064925622402715e-06 -3.542299066436146227e+00 1.222773277486597061e+09
7.980841433269397376e-04 -1.987002175742814458e+00 9.646961836763293832e+02 2.262844629521216392e-06 -3.862445838494776851e+00 1.222773277486620903e+09
8.127103325123884083e-04 -1.974103948279551712e+00 8.536578911347288567e+02 1.586407390441430040e-06 -3.993121876334302378e+00 1.222773277486724615e+09
7.945193230857356152e-04 -1.991627547711441570e+00 9.854636971493038118e+02 1.408773512604586722e-06 -4.125378777545672726e+00 1.222773277488496542e+09
8.247555325288947201e-04 -1.961227060014359536e+00 7.689170952023301879e+02 4.877559603829872693e-06 -3.007852523946889178e+00 1.222773277488822460e+09
8.053902340627912965e-04 -1.980422694081093837e+00 9.116120438464461131e+02 8.629622934203252233e-06 -2.559674192012749039e+00 1.222773277489148855e+09
7.998100785822362868e-04 -1.984557469171835509e+00 8.816786847970088274e+02 2.383595408471519314e-06 -3.596455371952451685e+00 1.222773277489231586e+09
8.173994216525455733e-04 -1.971677630252099078e+00 7.852873576647602931e+02 2.591101138858324909e-06 -3.457104906726517157e+00 1.222773277489341497e+09
8.248224846068664745e-04 -1.966358036929586994e+00 7.276673200536845343e+02 2.719124658566381519e-06 -3.567067619561445468e+00 1.222773277489523888e+09
8.021354457051627085e-04 -1.980190252250559890e+00 9.643591477491929709e+02 6.092266537445340432e-06 -2.702738018066276560e+00 1.222773277489711285e+09
8.162049298772287723e-04 -1.969790569535321278e+00 7.988032428219688654e+02 7.426563569397273335e-06 -2.707696685368616407e+00 1.222773277490750313e+09
8.162049298772287723e-04 -1.969790569535321278e+00 7.988032428219688654e+02 7.426563569397273335e-06 -2.707696685368616407e+00 1.222773277490750313e+09
8.048191895107406710e-04 -1.975975119016351478e+00 8.925313265706640777e+02 2.382411890066830883e-06 -3.618035621180547778e+00 1.222773277490862846e+09
8.200235267656460960e-04 -1.969506502840666862e+00 7.978380145042232243e+02 2.700493526140464151e-06 -3.554800700487865228e+00 1.222773277492837191e+09
8.048900607733841008e-04 -1.980222401061801696e+00 9.211895048162208468e+02 1.512317020295318270e-06 -3.932921341798923720e+00 1.222773277493414640e+09
7.992022431393663298e-04 -1.980664914181718750e+00 9.518382932276572319e+02 1.689152851592219841e-06 -3.842442340286228664e+00 1.222773277494425535e+09
8.219997734554225543e-04 -1.964016143585060714e+00 7.770290503839964913e+02 6.625544531767650919e-06 -2.743138299860150120e+00 1.222773277495439768e+09
8.048546847715287895e-04 -1.979129715454875482e+00 8.881020182580598430e+02 2.104141496071660755e-06 -3.556064641702308293e+00 1.222773277495553732e+09
8.098800731718279900e-04 -1.979835225800958165e+00 8.124302899961741105e+02 2.123614306468530238e-06 -3.778825066171902947e+00 1.222773277496110678e+09
8.001892274521574559e-04 -1.986464467526241728e+00 9.572377312730995982e+02 2.654639172606819241e-06 -3.495131086070871973e+00 1.222773277498074055e+09
8.001892274521574559e-04 -1.986464467526241728e+00 9.572377312730995982e+02 2.654639172606819241e-06 -3.495131086070871973e+00 1.222773277498074055e+09
8.029207577995305274e-04 -1.979146167302846759e+00 9.048931856746428366e+02 1.207868861864901028e-06 -4.121039572890095926e+00 1.222773277500701189e+09
8.131599194898360894e-04 -1.976572433050955979e+00 8.088869366911355883e+02 1.958302443184373265e-06 -3.770283816035822966e+00 1.222773277503121853e+09
8.111774666482651167e-04 -1.972227041962431482e+00 8.854750208986472444e+02 2.027017793476740096e-06 -3.721429280758094649e+00 1.222773277503403187e+09
8.040105981924729542e-04 -1.979095172875815489e+00 8.905306398629554678e+02 5.037918293734494296e-06 -2.841295004971538418e+00 1.222773277503595114e+09
8.002729376420304091e-04 -1.983355430827110633e+00 9.650535972031806295e+02 2.144037187552669980e-06 -3.571673026945913598e+00 1.222773277504836082e+09
8.002729376420304091e-04 -1.983355430827110633e+00 9.650535972031806295e+02 2.144037187552669980e-06 -3.571673026945913598e+00 1.222773277504836082e+09
8.116941143573852806e-04 -1.973469490601370335e+00 8.655897083960138616e+02 6.869235591434657770e-06 -2.627138399912411160e+00 1.222773277504865408e+09
8.270109206079304760e-04 -1.961815907471673004e+00 7.444227199776856878e+02 2.603292826554945223e-06 -3.596236421171976616e+00 1.222773277506329060e+09
8.073258465536599761e-04 -1.975149874677722739e+00 8.678073938961309750e+02 2.767276730644506772e-06 -3.610251770203301902e+00 1.222773277507152796e+09
8.001832141770149828e-04 -1.979233284996350317e+00 9.443642365518417137e+02 2.688563469914478282e-06 -3.542496917608325191e+00 1.222773277507672548e+09
8.095388360461768960e-04 -1.976687685338504696e+00 8.143444123904843082e+02 4.461732222342561495e-06 -3.039426119956297079e+00 1.222773277507902861e+09
8.067808455482052346e-04 -1.982036084423771216e+00 8.509728107580436927e+02 1.661315289479181745e-06 -3.932000863634312893e+00 1.222773277508656502e+09
8.164781028546458461e-04 -1.969433796950607274e+00 7.803160365391784126e+02 2.246940238232079078e-06 -3.637042550547341158e+00 1.222773277510169506e+09
8.108017690771197970e-04 -1.974161290213094722e+00 8.216641534759073693e+02 2.656841444955139031e-06 -3.651820971612224298e+00 1.222773277511198044e+09
8.118615547463082279e-04 -1.972222317688222537e+00 8.696934674900730897e+02 8.214862809838393198e-06 -2.633309889347834165e+00 1.222773277511825562e+09
8.023797411149429437e-04 -1.986783861954624975e+00 8.681693206895542971e+02 3.585449145824760517e-06 -3.357719740061082092e+00 1.222773277513410091e+09
8.033491957338965072e-04 -1.984867688689004872e+00 9.256884158692977280e+02 2.968836903974945076e-06 -3.522512479656606743e+00 1.222773277514673710e+09
8.111419573276868822e-04 -1.975100266858838882e+00 8.545613893930653830e+02 2.645247117546193338e-06 -3.397431696291432601e+00 1.222773277515885353e+09
8.029631099442100569e-04 -1.976645106614209446e+00 9.711520506392025709e+02 5.375274002377384037e-06 -2.968247624096001402e+00 1.222773277517413139e+09
8.004725321880790763e-04 -1.983062225567155501e+00 9.607020900545817312e+02 8.181651503620612461e-06 -2.518549125641921904e+00 1.222773277517573357e+09
8.148467051987084942e-04 -1.970639686940546920e+00 8.110261911073534975e+02 1.540304047593338597e-06 -4.028952685034930425e+00 1.222773277517792225e+09
7.988552892144237935e-04 -1.988337119427356026e+00 9.341758100138487180e+02 4.285007350081741468e-06 -3.069982145837215626e+00 1.222773277520103693e+09
8.020486685483294107e-04 -1.981655381234052715e+00 9.892659287419794509e+02 4.162872118954079555e-06 -3.124894925879442731e+00 1.222773277520148993e+09
8.020486685483294107e-04 -1.981655381234052715e+00 9.892659287419794509e+02 4.162872118954079555e-06 -3.124894925879442731e+00 1.222773277520148993e+09
8.190891169683102045e-04 -1.970245523127847731e+00 8.096793814303579211e+02 5.245453626475061103e-06 -3.093114112787541892e+00 1.222773277521616697e+09
8.025323400546171757e-04 -1.979333105048159291e+00 9.536610100323574670e+02 4.949921591232232615e-06 -2.853623600819632955e+00 1.222773277523365736e+09
8.045713551410564471e-04 -1.984739017023289920e+00 8.918137231081440177e+02 3.138040751776162526e-06 -3.514359431344422191e+00 1.222773277524996042e+09
8.144979968306666944e-04 -1.969586484249351566e+00 8.019212612457353089e+02 3.248597285917879111e-06 -3.373978326273952888e+00 1.222773277527904749e+09
8.118254117634338563e-04 -1.970443108211335170e+00 8.413526700821824988e+02 2.992524631884724883e-06 -3.385530503828534599e+00 1.222773277528218985e+09
7.946301946251797419e-04 -1.985663419611102043e+00 9.761563568478549087e+02 2.858155016741835576e-06 -3.589396681653230559e+00 1.222773277528325081e+09
8.053030786073032271e-04 -1.978419170632178758e+00 9.105527467154577153e+02 1.519277995256064746e-06 -3.875643241965466501e+00 1.222773277528882265e+09
7.926952661321826424e-04 -1.992727870894437370e+00 9.735852529220908309e+02 2.455106954290005480e-06 -3.513453175713712184e+00 1.222773277529205084e+09
7.987452049574297278e-04 -1.982687270166583415e+00 9.404113953112714626e+02 6.494963974160785107e-06 -2.859465210720143702e+00 1.222773277529335022e+09
7.925403907474038324e-04 -1.991815283416451088e+00 9.773460400015889036e+02 5.137072113093879490e-06 -2.897406122779099924e+00 1.222773277529696703e+09
7.925403907474038324e-04 -1.991815283416451088e+00 9.773460400015889036e+02 5.137072113093879490e-06 -2.897406122779099924e+00 1.222773277529696703e+09
8.078561504092814094e-04 -1.975094787488406833e+00 9.336108277558562349e+02 5.852593497017356663e-06 -2.834983790444454144e+00 1.222773277529777527e+09
8.062135288810146809e-04 -1.977884546762161744e+00 8.502876600653730748e+02 4.446615413059996852e-06 -3.008317046201817391e+00 1.222773277529797077e+09
8.029801263281113963e-04 -1.978624822534634786e+00 9.772096608947567802e+02 7.421695947032005392e-06 -2.678539469542624119e+00 1.222773277530126095e+09
8.130420108436878582e-04 -1.973632464525808317e+00 8.704810007093252580e+02 3.279072890447930711e-06 -3.336873264607605805e+00 1.222773277530211687e+09
8.008406139909414597e-04 -1.986402449637696854e+00 9.521884693074039205e+02 2.784380905982672624e-06 -3.640939134015807710e+00 1.222773277531004906e+09
8.111195127549076633e-04 -1.970395442377643302e+00 8.869174557243518393e+02 3.362516102515559055e-06 -3.343809827646570199e+00 1.222773277531332016e+09
8.111195127549076633e-04 -1.970395442377643302e+00 8.869174557243518393e+02 3.362516102515559055e-06 -3.343809827646570199e+00 1.222773277531332016e+09
8.119859858891358313e-04 -1.976745165234858881e+00 7.895282008803122835e+02 3.177305858147732205e-06 -3.370020418007833918e+00 1.222773277533799171e+09
8.030765463040216668e-04 -1.983380746402019668e+00 8.850988928371505153e+02 7.564343802562685692e-06 -2.715035747746123107e+00 1.222773277534665823e+09
7.979736554691417441e-04 -1.987918675158653725e+00 9.265635137276929072e+02 6.759845781316172841e-06 -2.867824009591056544e+00 1.222773277535124063e+09
7.998382829088304582e-04 -1.981253518723700147e+00 9.674684770782492933e+02 1.178439926841925768e-06 -4.146234745590685833e+00 1.222773277535838604e+09
8.201304899222719913e-04 -1.964591797017794406e+00 8.092613395080466034e+02 3.341788696561069539e-06 -3.311986965554241991e+00 1.222773277536142588e+09
8.077881513281524135e-04 -1.979166677268648478e+00 9.131059488675446119e+02 6.150175535520836200e-06 -2.928865227001505644e+00 1.222773277536416054e+09
8.102431656720575489e-04 -1.975962444935395190e+00 8.116166003413657108e+02 1.887860611674184768e-06 -3.765484767768151997e+00 1.222773277536926508e+09
8.033562267382284234e-04 -1.985091934041433248e+00 9.030594495924131024e+02 2.141781716719499150e-06 -3.739369567941854378e+00 1.222773277538192511e+09
7.986549266732033284e-04 -1.987896739792318623e+00 9.892730228908735626e+02 5.462481978110219590e-06 -3.019860420643059484e+00 1.222773277539159536e+09
8.048684453314364738e-04 -1.983304708538685457e+00 8.688339742348415484e+02 2.859918371640975423e-06 -3.395327312086036109e+00 1.222773277539691925e+09
8.209337840480866906e-04 -1.965935123652756911e+00 7.746994607178426122e+02 7.198050986174325767e-06 -2.702325090287390985e+00 1.222773277539993525e+09
7.966696968262931312e-04 -1.987129371389698473e+00 9.354769817447498781e+02 3.420415434537218132e-06 -3.502437612929718114e+00 1.222773277541004896e+09
8.105048011440112426e-04 -1.973883490609979141e+00 9.036835116251461386e+02 3.372235141183234802e-06 -3.298063832389553696e+00 1.222773277542978048e+09
8.228617294908960019e-04 -1.966963278264272752e+00 7.576975952153885601e+02 2.613850845544575658e-06 -3.492882525397639881e+00 1.222773277544394732e+09
8.257560807118234820e-04 -1.963163507339496627e+00 7.459718321405407551e+02 2.335491409413710783e-06 -3.630724631272528313e+00 1.222773277546116829e+09
7.986010164323473649e-04 -1.987209458629337622e+00 9.489276361562464217e+02 3.013363844029096375e-06 -3.308619794954978488e+00 1.222773277547225475e+09
7.982825512576362031e-04 -1.987902542140410622e+00 9.002759552011210644e+02 4.462718038028492558e-06 -3.230626026630129211e+00 1.222773277547292948e+09
8.140401943050034348e-04 -1.974873969704810550e+00 8.393999705659980464e+02 4.555024437616382523e-06 -3.053499280041869213e+00 1.222773277548330545e+09
7.932032169510948132e-04 -1.991474885639273662e+00 9.963425087338059711e+02 1.096429698077638770e-06 -4.313485509694812592e+00 1.222773277548335552e+09
8.167638579264170553e-04 -1.968985209233573119e+00 8.318405223980926166e+02 2.052778270468943923e-06 -3.793284231116153649e+00 1.222773277548787832e+09
8.027179246882657285e-04 -1.980160198909359792e+00 8.856697652787394190e+02 5.762004244651186008e-06 -2.938941485437668533e+00 1.222773277549022913e+09
8.024019074117485009e-04 -1.978667558606043375e+00 9.922141392273814517e+02 6.413595039519858207e-06 -2.839499248573631007e+00 1.222773277549408436e+09
7.995986387065152998e-04 -1.985354658528909022e+00 8.817779994209055303e+02 2.156005289042114694e-06 -3.715847160270936200e+00 1.222773277549677610e+09
7.938502678195623417e-04 -1.984952650934459717e+00 9.954056508998841082e+02 2.537666278718655082e-06 -3.586219750583426347e+00 1.222773277550451756e+09
8.042907025554324896e-04 -1.976455214254487114e+00 9.686203725150867285e+02 5.762489610549087090e-06 -2.869635333729720017e+00 1.222773277552117586e+09
7.929390789604936259e-04 -1.988452402950448672e+00 9.902878785900518324e+02 6.697960626812854505e-06 -2.818955013782852070e+00 1.222773277552216530e+09
8.011422370517947734e-04 -1.978148864534124751e+00 9.460305537314490039e+02 3.666245517745598622e-06 -3.215142167423795883e+00 1.222773277552460909e+09
8.020460111498634199e-04 -1.985112016564997361e+00 8.629904769096572181e+02 1.912608864042512670e-06 -3.842049190159944949e+00 1.222773277552939892e+09
8.234776323489169120e-04 -1.963539791274782509e+00 7.883474940036212502e+02 4.135874390950546441e-06 -3.142384952618770377e+00 1.222773277553102732e+09
8.070854994047056610e-04 -1.975074047773768715e+00 8.599320334433768949e+02 3.149771832674581058e-06 -3.436673530420005562e+00 1.222773277554302454e+09
8.023169015695483675e-04 -1.983022514743603359e+00 9.478105846817835527e+02 3.449196093220900327e-06 -3.521518813237886292e+00 1.222773277555473089e+09
7.990862374459750585e-04 -1.983702216301389765e+00 9.246638208155301299e+02 4.732799364795448268e-06 -2.907622868884510936e+00 1.222773277556276560e+09
8.161927095712454916e-04 -1.972006235744777403e+00 8.082190573861420262e+02 3.807865365097897565e-06 -3.423598518452457995e+00 1.222773277556717157e+09
8.198390315995255631e-04 -1.965890769719022657e+00 8.047031175371666905e+02 6.070960372321719856e-06 -2.948894166731135691e+00 1.222773277557565689e+09
7.992632071111978017e-04 -1.986158615145205530e+00 9.300590595283434823e+02 5.051171903424917738e-06 -2.869061194612092969e+00 1.222773277558892727e+09
8.060595932060141784e-04 -1.977376120949370542e+00 9.423354317417091579e+02 3.768725318226714041e-06 -3.161304672986362974e+00 1.222773277559635401e+09
8.165107875903924268e-04 -1.970392578629305724e+00 7.948498808958668178e+02 2.549613806502961402e-06 -3.439404607352832599e+00 1.222773277560630798e+09
7.921154046027843558e-04 -1.988316164441001010e+00 9.842154097551108407e+02 2.557318267576075517e-06 -3.487354651820904650e+00 1.222773277560644388e+09
8.069827831507694199e-04 -1.979876997164029317e+00 8.435658792694105159e+02 1.918814697369817979e-06 -3.932903915540029161e+00 1.222773277562854290e+09
8.076611280356533595e-04 -1.977291488347436399e+00 8.439053014273989675e+02 6.687695582934048435e-06 -2.754143460882872319e+00 1.222773277563995361e+09
8.190324352580020863e-04 -1.969095945519047319e+00 7.571759490761514826e+02 2.823766267634770406e-06 -3.434187966039932149e+00 1.222773277564981222e+09
7.950256350167766691e-04 -1.989631007698217768e+00 9.206380637320486358e+02 2.899589783934253246e-06 -3.463633543388349167e+00 1.222773277565496445e+09
8.160456852438279863e-04 -1.971945758881832766e+00 8.125426679293344705e+02 2.500249069307933980e-06 -3.487811937416370967e+00 1.222773277565562725e+09
8.037350020792431108e-04 -1.983673170886022685e+00 9.310107839077354583e+02 6.310804405975806084e-06 -2.871569544735340429e+00 1.222773277565654755e+09
8.034174996477872919e-04 -1.978646597387827555e+00 9.735642113008791512e+02 3.618801945930859292e-06 -3.414788884694804239e+00 1.222773277565732241e+09
8.211672552430847316e-04 -1.968462377718446232e+00 7.526796714371193957e+02 5.809025384000074918e-06 -2.979556145004274015e+00 1.222773277568716764e+09
7.969002312444949240e-04 -1.989029018551855321e+00 9.634750509782452355e+02 3.577366137068068124e-06 -3.183841201793571329e+00 1.222773277569063425e+09
8.024229513764155912e-04 -1.984087232509908816e+00 9.610425699689492376e+02 5.625027076475565694e-06 -2.986653682176287461e+00 1.222773277569202900e+09
8.069727543390241720e-04 -1.977784460766347063e+00 9.324416435020871177e+02 2.468970325082834131e-06 -3.656164314412328586e+00 1.222773277569555998e+09
8.108722584423264839e-04 -1.973356572545043264e+00 8.191184188110181594e+02 2.987061642364950645e-06 -3.498249510791439754e+00 1.222773277569582701e+09
8.143741644933723527e-04 -1.975235249096680912e+00 8.342857632628058582e+02 3.610920219016413160e-06 -3.406651697579451188e+00 1.222773277569789171e+09
7.927627832438085935e-04 -1.987214608168684782e+00 9.903465205409988812e+02 2.573200542047144418e-06 -3.457237658487148479e+00 1.222773277569790840e+09
8.105884495298277485e-04 -1.979713759376991788e+00 8.152063472892187974e+02 4.878370854139489493e-06 -3.084013267182186269e+00 1.222773277570590973e+09
8.105884495298277485e-04 -1.979713759376991788e+00 8.152063472892187974e+02 4.878370854139489493e-06 -3.084013267182186269e+00 1.222773277570590973e+09
8.006021108378632775e-04 -1.983730921214771348e+00 9.790306729032187150e+02 5.554232834435258470e-06 -2.831439500933383258e+00 1.222773277571026325e+09
8.033429091251133736e-04 -1.985124033874836602e+00 8.584544951298480555e+02 2.811299478754508673e-06 -3.609486120335532178e+00 1.222773277571158886e+09
8.123399445340529976e-04 -1.977794169224659226e+00 7.968122810813911201e+02 4.301696013551051342e-06 -3.249684440273918895e+00 1.222773277571372986e+09
8.123245828511779223e-04 -1.975341386290290879e+00 8.100532761748901294e+02 1.475764938744933072e-06 -3.971725797881355824e+00 1.222773277571374893e+09
8.100341718439215289e-04 -1.974094487550124732e+00 9.074671029018044237e+02 5.022089655650332428e-06 -3.137761743388018942e+00 1.222773277572134972e+09
8.016369254718531175e-04 -1.977971539557369152e+00 9.908544227808922642e+02 4.472991541485342161e-06 -3.056878985190275344e+00 1.222773277572469234e+09
8.047394598419605784e-04 -1.980579185450799251e+00 9.095296996029228467e+02 5.441395221978475979e-06 -3.143586373615850249e+00 1.222773277572477818e+09
8.064881428072222724e-04 -1.975056551901774204e+00 8.775693894924040706e+02 2.942436015632518756e-06 -3.511911358431313523e+00 1.222773277572545290e+09
8.011868583617853595e-04 -1.982510827707267831e+00 9.048705118310227817e+02 2.780448456846629022e-06 -3.666581401571805010e+00 1.222773277575617790e+09
8.038167207930204880e-04 -1.980598429800866089e+00 8.743887452900014523e+02 1.683750516064496415e-06 -3.793604416921350087e+00 1.222773277575654030e+09
8.056165957683152079e-04 -1.981053807120249033e+00 9.083639133592879489e+02 1.746708005586359052e-06 -3.978688967335159532e+00 1.222773277576084852e+09
8.056165957683152079e-04 -1.981053807120249033e+00 9.083639133592879489e+02 1.746708005586359052e-06 -3.978688967335159532e+00 1.222773277576084852e+09
8.083694868801755791e-04 -1.978554109712923559e+00 8.635046557968909156e+02 3.442692908997018540e-06 -3.525511918067852690e+00 1.222773277576470613e+09
8.060078416352674160e-04 -1.977326889755206762e+00 9.507959422320861904e+02 4.162183244199533361e-06 -3.290707291631635556e+00 1.222773277577373266e+09
8.060078416352674160e-04 -1.977326889755206762e+00 9.507959422320861904e+02 4.162183244199533361e-06 -3.290707291631635556e+00 1.222773277577373266e+09
8.024856870917986299e-04 -1.981519001665336788e+00 8.743154825328184643e+02 3.816746024623931567e-06 -3.138168900935551342e+00 1.222773277577569723e+09
8.070450990469608954e-04 -1.978356448436937587e+00 8.384639128096956711e+02 1.574435465540140968e-06 -4.000779283026952626e+00 1.222773277577599287e+09
8.082885576040421466e-04 -1.979857563118636588e+00 8.668809267832367595e+02 1.897927835064001317e-06 -3.930312059048267415e+00 1.222773277578418970e+09
8.105979783560758730e-04 -1.974341643261913859e+00 8.924215642967993745e+02 4.828905557473522953e-06 -2.947699946878777233e+00 1.222773277578769207e+09
8.000300591166052428e-04 -1.981712229179158680e+00 9.314456813510456641e+02 1.203734150108337432e-06 -4.107430542754606506e+00 1.222773277578924179e+09
7.971375345186548778e-04 -1.987087355573416758e+00 9.845068104635246300e+02 1.501642612305200096e-06 -3.914220344213599212e+00 1.222773277579800606e+09
8.143513452731522420e-04 -1.972013112770656607e+00 8.394488442205633874e+02 3.508589470904104634e-06 -3.481743019201958944e+00 1.222773277579816341e+09
8.137543406855324941e-04 -1.975786795793085915e+00 8.350039055662915644e+02 5.763521327703313405e-06 -2.912127170734417625e+00 1.222773277580510139e+09
8.048045091008432976e-04 -1.981778726331588913e+00 8.832146895736523220e+02 1.218438266503585393e-06 -4.135412758177650971e+00 1.222773277581052542e+09
7.979227068338722029e-04 -1.986816355086916230e+00 9.201537231889059285e+02 6.303596159949131998e-06 -2.913442456984162376e+00 1.222773277581506014e+09
8.050556750251741537e-04 -1.975863089561205044e+00 9.217315028151743945e+02 1.769996578057710547e-06 -3.839554727591291794e+00 1.222773277581833124e+09
7.966720697363574273e-04 -1.982981289232530475e+00 9.611670698863892994e+02 2.645147662967507484e-06 -3.578924171245736474e+00 1.222773277581922770e+09
8.011538506937283290e-04 -1.984735077170125539e+00 8.673900718739719196e+02 3.667862553269489957e-06 -3.269405684333724693e+00 1.222773277582047224e+09
8.242332570884073738e-04 -1.963213754872029426e+00 7.718288268747198799e+02 5.742003852972961583e-06 -2.839500738474272978e+00 1.222773277582446575e+09
8.081969159613689932e-04 -1.975502742268626211e+00 9.243778703034854516e+02 2.961581777418951404e-06 -3.406601471111534885e+00 1.222773277584256887e+09
8.161434354262394122e-04 -1.971900168786754115e+00 7.878380923889804990e+02 2.297512765960718806e-06 -3.784830539827670925e+00 1.222773277584531784e+09
8.066045866879195366e-04 -1.978769354312224671e+00 8.747234028282615554e+02 1.066388954846884742e-06 -4.252064644623978928e+00 1.222773277587751627e+09
7.953526779437187794e-04 -1.987352756280539534e+00 9.495928390337448946e+02 1.216610129798706678e-06 -4.212438957915768611e+00 1.222773277587942839e+09
7.921571608657544585e-04 -1.988849000536971445e+00 9.938193530075940316e+02 5.558696342390119974e-06 -2.845960176375211148e+00 1.222773277588430643e+09
8.010639432514403586e-04 -1.979760475961091615e+00 9.337577686849548400e+02 6.262612553090722400e-06 -2.744731056934327285e+00 1.222773277589400291e+09
8.038494712820944393e-04 -1.983277020003505253e+00 9.365538112390725018e+02 5.410362420416208650e-06 -3.084591202801586718e+00 1.222773277590235710e+09
8.194583965870550933e-04 -1.966140130879321157e+00 8.164836238618366906e+02 3.942833986110918127e-06 -3.140278084081065124e+00 1.222773277591407299e+09
8.132630601375733567e-04 -1.974528908647571690e+00 8.591580925958814987e+02 3.579119218627331876e-06 -3.271903102591351420e+00 1.222773277594056845e+09
8.258960220666153621e-04 -1.965064071522056421e+00 7.368105742105340141e+02 4.529740240057654441e-06 -3.208872343333625032e+00 1.222773277595389605e+09
8.138109103993378286e-04 -1.972498786188999098e+00 8.219100600179407365e+02 7.794107874119276665e-06 -2.713972145382342660e+00 1.222773277595941782e+09
7.989986493004084525e-04 -1.983857532225029363e+00 9.480596891932609651e+02 9.695257079325641818e-07 -4.297884769803477667e+00 1.222773277596086502e+09
8.104691513227602799e-04 -1.978964951706356779e+00 8.197961989981085935e+02 2.293767894064849440e-06 -3.629794874815504002e+00 1.222773277600492001e+09
8.077835068832677412e-04 -1.979949091137642725e+00 8.506338697596839893e+02 2.242570622954238813e-06 -3.578278203626414466e+00 1.222773277601287603e+09
8.180922456553384918e-04 -1.966488753563867320e+00 8.052324172859616738e+02 2.254228884493784326e-06 -3.655129046212275412e+00 1.222773277601534367e+09
8.032861658688809740e-04 -1.985821439759172025e+00 8.831996861545513866e+02 2.850259666098228359e-06 -3.497569496033147374e+00 1.222773277601583004e+09
7.962273937427301980e-04 -1.986595619274672764e+00 9.326592992541636704e+02 1.364621945198084704e-06 -4.077181900340463017e+00 1.222773277601735592e+09
7.978976094470583520e-04 -1.985344626482239638e+00 9.343614893257206404e+02 2.335573247000629949e-06 -3.802242773504032947e+00 1.222773277602092266e+09
8.027054419768789436e-04 -1.983208175020816144e+00 9.349425557348762368e+02 4.644968254630971606e-06 -2.966394582674761082e+00 1.222773277602383375e+09
8.120056509324906097e-04 -1.971736392210595934e+00 8.322382688121908814e+02 2.984660033003269289e-06 -3.545094430713906064e+00 1.222773277602492571e+09
8.252994960012711295e-04 -1.964653173376152973e+00 7.430814982555632469e+02 6.451380366389408899e-06 -2.809305014491095598e+00 1.222773277603807926e+09
8.135102277995826187e-04 -1.971408841677233514e+00 8.371361784655816791e+02 7.186975523360977712e-06 -2.612157500288182277e+00 1.222773277604419708e+09
8.072858243428786057e-04 -1.978163705244589732e+00 9.018103331920938217e+02 2.325350217509314499e-06 -3.547199459658373577e+00 1.222773277607905388e+09
8.095315640417517257e-04 -1.977835176842375642e+00 8.413338932012177338e+02 1.386653448431518294e-06 -4.140207243480553245e+00 1.222773277608631849e+09
8.014895177186108846e-04 -1.980890207714853579e+00 9.727610592259069335e+02 7.054211877327811850e-06 -2.624755592523528414e+00 1.222773277608719587e+09
8.117776947344864822e-04 -1.976147532940571327e+00 8.664342539808695847e+02 6.537801805576964103e-06 -2.893866169266937405e+00 1.222773277609356880e+09
8.090748445266450267e-04 -1.974884667904549751e+00 8.683026037883709023e+02 3.827797829026252592e-06 -3.060055796868200950e+00 1.222773277610302448e+09
7.970675200472137787e-04 -1.986231881212675576e+00 9.317843158839696116e+02 2.236201902726140796e-06 -3.817630110868019067e+00 1.222773277611443758e+09
8.113115130916558580e-04 -1.976310179480180951e+00 8.279939060421711474e+02 5.505035597763123405e-06 -2.818174577539990011e+00 1.222773277612002850e+09
7.999293253939805367e-04 -1.986002026853163738e+00 9.393061438798063136e+02 2.897362802145339788e-06 -3.346862245676958558e+00 1.222773277612836361e+09
8.097736563648256234e-04 -1.974823877202820821e+00 8.877848074854256311e+02 6.280820169971793985e-06 -2.705541928660860407e+00 1.222773277613080025e+09
8.137648113915663724e-04 -1.974236535734516185e+00 8.267178667866157866e+02 1.609685628032022483e-06 -4.010246356353638575e+00 1.222773277613574982e+09
7.958241787874453408e-04 -1.988189733960790129e+00 9.921440275299872837e+02 7.780400117917695376e-06 -2.763219272562536410e+00 1.222773277614702463e+09
8.042574461548553100e-04 -1.977395517172336081e+00 8.849128730046809324e+02 2.075456909454531579e-06 -3.717649773410426128e+00 1.222773277615617275e+09
8.023664133454701513e-04 -1.981482056059988839e+00 9.647431227176718949e+02 2.233612409414847625e-06 -3.608444993311470839e+00 1.222773277616521120e+09
7.905812589642357419e-04 -1.993870926390936216e+00 9.989048540698815941e+02 5.539606258752863123e-06 -3.061927951182463303e+00 1.222773277616569042e+09
8.151366368750409281e-04 -1.967997334359561146e+00 8.530756343558128947e+02 5.613918115080130492e-06 -2.904399698434486865e+00 1.222773277618548393e+09
7.990020532738549910e-04 -1.986484992512723480e+00 9.000386566551288752e+02 2.415705867348848203e-06 -3.753635898267044801e+00 1.222773277618663073e+09
8.006375950955320819e-04 -1.983031872310209831e+00 9.807585732526563334e+02 6.416743004923065638e-06 -2.965675602028595925e+00 1.222773277620026827e+09
8.137225568593248323e-04 -1.976182048549908199e+00 8.255640566179577036e+02 3.450117581220499133e-06 -3.463389778679708542e+00 1.222773277622914076e+09
7.966980091206856329e-04 -1.985470791765703513e+00 9.935580582838420014e+02 1.400742348690418966e-06 -4.171072535390729641e+00 1.222773277623169661e+09
7.956131164375542875e-04 -1.988808124935745880e+00 9.384079391385828330e+02 1.317266512238646175e-06 -4.171387548024103609e+00 1.222773277623214722e+09
8.055761778104296965e-04 -1.978274513135551915e+00 9.321788533642150014e+02 4.291312889027703438e-06 -3.013682112073719388e+00 1.222773277626438141e+09
8.087435362226719562e-04 -1.976111530423319440e+00 8.380445155139143480e+02 1.425334051036509763e-06 -4.003411484799023867e+00 1.222773277627119303e+09
8.011284963680186458e-04 -1.986834903991862245e+00 8.998419007437800019e+02 2.347713307683146130e-06 -3.606787465708376494e+00 1.222773277627620697e+09
8.025577825914531963e-04 -1.985705163777068627e+00 9.020058560809420669e+02 6.161151131624165294e-06 -2.881354517241658364e+00 1.222773277629420280e+09
7.899181913664144903e-04 -1.993590120369083785e+00 9.917768935166329811e+02 3.415312801008415164e-06 -3.472118701202026259e+00 1.222773277631220341e+09
8.087776133422865717e-04 -1.979835144521282064e+00 8.425741723209001748e+02 4.925672880825868134e-06 -2.954069788512519779e+00 1.222773277633197069e+09
8.158197596445520856e-04 -1.970550708787790484e+00 7.924793855457536438e+02 1.933890723979221058e-06 -3.719395923959583961e+00 1.222773277633703709e+09
7.941659096719792333e-04 -1.989320140612610643e+00 9.385649318829650838e+02 3.494349977771710194e-06 -3.394762826220326879e+00 1.222773277633963108e+09
8.119311729421273098e-04 -1.972607807721540318e+00 8.490387212813748192e+02 3.288250473937060422e-06 -3.202860407220883943e+00 1.222773277633967400e+09
8.034663577958378470e-04 -1.979224445082249595e+00 9.417048321805154956e+02 1.419338150919321295e-06 -3.991810249073719952e+00 1.222773277637588978e+09
8.015929073032352064e-04 -1.983383187511199131e+00 9.857279478457862751e+02 3.349670902628151157e-06 -3.429160356695375000e+00 1.222773277638050079e+09
7.931140684332452185e-04 -1.991624654558766583e+00 9.946729500398201935e+02 2.137931209224901990e-06 -3.892618057957799138e+00 1.222773277638856649e+09
7.992878436789527426e-04 -1.982069581184162210e+00 9.526218566825405105e+02 7.482730122851047197e-06 -2.634496988044528365e+00 1.222773277639205694e+09
7.995760765431199086e-04 -1.987206563291327832e+00 8.832084088775432065e+02 4.049197610275116017e-06 -3.262231329591538831e+00 1.222773277640237808e+09
7.969718950906362100e-04 -1.985538254021308235e+00 9.793398415109080588e+02 3.312061820094589027e-06 -3.173356178381846249e+00 1.222773277641556740e+09
8.206685865364769230e-04 -1.969627227626507882e+00 7.682326564076518025e+02 5.038056420366703413e-06 -2.959097442708909398e+00 1.222773277642151117e+09
8.243289166043208044e-04 -1.962894570775795877e+00 7.694916638862325726e+02 3.028315406966521833e-06 -3.401737085146364414e+00 1.222773277642193079e+09
8.124910307050756727e-04 -1.976807582050287504e+00 8.356273546607836806e+02 4.642903623210677592e-06 -3.034855845780508155e+00 1.222773277642849684e+09
7.964299293796746467e-04 -1.990320891060557429e+00 9.555739056502590074e+02 1.691083874626668164e-06 -4.006084483342661429e+00 1.222773277643169165e+09
7.956349756662016177e-04 -1.987881625493533644e+00 9.724766105694271801e+02 2.884442278570614456e-06 -3.667050437901126614e+00 1.222773277644483805e+09
8.127339137011479987e-04 -1.973628647443444573e+00 8.521908830239356121e+02 6.757474274572086640e-06 -2.906200223887061895e+00 1.222773277644572496e+09
8.148985795935200860e-04 -1.969028109220924527e+00 8.518409942577625316e+02 6.896054816949622534e-06 -2.747824216817305043e+00 1.222773277644982576e+09
8.085336431838837084e-04 -1.973178886091067508e+00 8.817315927256815939e+02 3.142619542245501639e-06 -3.287381717341788523e+00 1.222773277645390987e+09
8.024025380551747617e-04 -1.980463382742361889e+00 9.267207267752786493e+02 3.558082276665640788e-06 -3.480189565423705389e+00 1.222773277645913839e+09
8.193795485264306197e-04 -1.965438687329388312e+00 8.033186414150468408e+02 5.752391117303892595e-06 -2.841753131087770612e+00 1.222773277646022558e+09
7.993568391327707376e-04 -1.979657167259472050e+00 9.756259845349496800e+02 3.049440982707441689e-06 -3.466028580680907467e+00 1.222773277646085501e+09
7.959460677024724927e-04 -1.987108828532408111e+00 9.564411894924518265e+02 7.269217214663925366e-06 -2.696598483940236157e+00 1.222773277646413088e+09
8.151544068517499984e-04 -1.975141636222702779e+00 7.992430746564134552e+02 2.301866018025054082e-06 -3.687755216952594672e+00 1.222773277646450996e+09
8.150248859778227040e-04 -1.967946672502147720e+00 8.402849801724910321e+02 3.673663093421195105e-06 -3.206012377235142097e+00 1.222773277646887302e+09
7.971612310426844485e-04 -1.985241056465239184e+00 9.835330366525332693e+02 8.448485413295309573e-06 -2.612952988375699448e+00 1.222773277648620367e+09
7.990631234679307880e-04 -1.983109280260573204e+00 9.270594626350898579e+02 2.711245181166838251e-06 -3.371878121129906702e+00 1.222773277648796797e+09
8.006756912698407809e-04 -1.980825728714962208e+00 9.318403043249192024e+02 5.837870653198423182e-06 -2.985978714564224035e+00 1.222773277648841858e+09
7.983760706197798275e-04 -1.985345869109977679e+00 9.246287346487411014e+02 1.149615684841694212e-06 -4.160551931098850353e+00 1.222773277648922920e+09
8.057061907103067050e-04 -1.978651041323405746e+00 9.439125653572062902e+02 2.423958112087323686e-06 -3.638339126640065757e+00 1.222773277651237488e+09
8.017828398273347526e-04 -1.981435561330599171e+00 9.038021531818642416e+02 3.294884435229654741e-06 -3.195805338418935548e+00 1.222773277652145147e+09
7.956916852965966597e-04 -1.986894134988912208e+00 9.331739831437668045e+02 4.194288251665357576e-06 -3.218285030624219445e+00 1.222773277652169943e+09
8.203293257364853777e-04 -1.971042290644698269e+00 7.662482798610715236e+02 3.297180032484739113e-06 -3.397988573316824912e+00 1.222773277653033257e+09
8.166164451597220618e-04 -1.972195979251956111e+00 7.793970979192075674e+02 6.059253880693063682e-06 -2.821421003462774024e+00 1.222773277653256655e+09
8.108500306868652707e-04 -1.973105519290987875e+00 8.667133448201965393e+02 1.504373372611363520e-06 -3.977234650649631220e+00 1.222773277653851271e+09
7.991520945778249774e-04 -1.982995844428877108e+00 9.136274711352104987e+02 4.435206879658182269e-06 -3.181199911980589157e+00 1.222773277653939009e+09
7.991482053770884502e-04 -1.982458521541677898e+00 9.753898136699982615e+02 2.315616073662243896e-06 -3.494522502402804598e+00 1.222773277654043674e+09
8.155128184958883699e-04 -1.971502684737600042e+00 8.129500933418451041e+02 1.517104876670944914e-06 -4.034656076111174272e+00 1.222773277655565977e+09
8.122595357081301625e-04 -1.977294303701286893e+00 8.193635363013181632e+02 1.947361443465047963e-06 -3.825906163583855601e+00 1.222773277656559229e+09
8.039866363788279128e-04 -1.978769647073416849e+00 9.384893175701297423e+02 7.588000263233514940e-06 -2.577610731360284291e+00 1.222773277656626463e+09
8.139321286505764785e-04 -1.976178949692902531e+00 8.109273787044172650e+02 2.556773336719626138e-06 -3.678690580531704946e+00 1.222773277656826019e+09
8.007655892903552770e-04 -1.985435488626905443e+00 9.670269344238524809e+02 2.902669818904456447e-06 -3.606752325185545338e+00 1.222773277657063007e+09
8.115640226561670603e-04 -1.973426535069762178e+00 8.237497380219721208e+02 5.030129461345374675e-06 -2.889011078130482524e+00 1.222773277658536434e+09
7.920053832475195798e-04 -1.989691872390762395e+00 9.949588016580354406e+02 4.288390146811266910e-06 -3.289257220163391615e+00 1.222773277658878326e+09
8.144834368619255013e-04 -1.972281830815359349e+00 7.817912065100789505e+02 3.472545859831561271e-06 -3.310086378911213600e+00 1.222773277659763575e+09
7.998523134665943548e-04 -1.987407264662127693e+00 9.270312296441595663e+02 5.035744702343571462e-06 -2.958156606895393281e+00 1.222773277660756588e+09
7.998683757924842817e-04 -1.984142282089454312e+00 9.239836424991668764e+02 6.873148749745614319e-06 -2.655780904951374310e+00 1.222773277660871506e+09
8.070925056212240652e-04 -1.974767880906323603e+00 9.359485495727672060e+02 3.410168038076176505e-06 -3.286187204739547951e+00 1.222773277662027836e+09
8.061013566645513400e-04 -1.980512991959668012e+00 8.600711623925017193e+02 2.703731765712354684e-06 -3.696693347490136006e+00 1.222773277663283825e+09
8.248196499563841422e-04 -1.964328544709666335e+00 7.395219335574012121e+02 3.328182195062842284e-06 -3.290326196433278838e+00 1.222773277663741350e+09
8.198897741359834762e-04 -1.970563758015316358e+00 7.874697349717461066e+02 5.328137056794816356e-06 -3.061648288638186166e+00 1.222773277663991213e+09
8.042779274502901213e-04 -1.976432945052866152e+00 9.532741726621711678e+02 3.062885468245270828e-06 -3.499036849316203401e+00 1.222773277664119720e+09
7.912886996740437634e-04 -1.989863074739850912e+00 9.843488498612937292e+02 2.475966061033478673e-06 -3.532391335447486291e+00 1.222773277664593220e+09
7.962768956195975323e-04 -1.985941417131294351e+00 9.391573452743599546e+02 4.269730687069958147e-06 -3.048610908860819535e+00 1.222773277665296316e+09
8.192293955509858316e-04 -1.967407057033640605e+00 7.901012546926543791e+02 4.479430581005768843e-06 -2.979075122068179482e+00 1.222773277665722132e+09
7.947715651734909041e-04 -1.985671802348651038e+00 9.676144373467034256e+02 1.725737937423813068e-06 -3.855897921806492157e+00 1.222773277665850163e+09
7.994286315301323649e-04 -1.984108086176508134e+00 9.035508007540983044e+02 5.432274641912861256e-06 -2.913354792985882291e+00 1.222773277667265654e+09
8.078794763812596974e-04 -1.976527970175682825e+00 8.605381144153220703e+02 1.276838752068063508e-06 -4.070573896961375837e+00 1.222773277670602798e+09
8.119347724385172788e-04 -1.971591527288242496e+00 8.341807487231817504e+02 3.210872568414413466e-06 -3.474020948509507711e+00 1.222773277671002626e+09
7.967735909387631699e-04 -1.983695202344074593e+00 9.939527594806904744e+02 7.346260132272361838e-06 -2.739793410839186372e+00 1.222773277671785116e+09
8.032477997681765867e-04 -1.978877643420353660e+00 9.871835825196683345e+02 3.988951882420139346e-06 -3.221910968576962908e+00 1.222773277671911478e+09
8.040968474643280092e-04 -1.982539498483959717e+00 9.237956960487193783e+02 1.848885023289067972e-06 -3.909625428446410922e+00 1.222773277672961950e+09
8.021147536844241543e-04 -1.979441462240848715e+00 9.711882244258246146e+02 4.982519520874221669e-06 -3.162953611743713367e+00 1.222773277673022747e+09
7.952951517498533596e-04 -1.990270342370786372e+00 9.558139198518001649e+02 1.334567227906761388e-06 -4.074567732690296040e+00 1.222773277673717737e+09
8.023875140452917934e-04 -1.985251868096971739e+00 9.190269555622318194e+02 2.268356216907791205e-06 -3.658992935899342491e+00 1.222773277675684929e+09
8.176807050422285833e-04 -1.966614321939185617e+00 8.278034997511473421e+02 3.037417231099048073e-06 -3.452838827654364451e+00 1.222773277675974607e+09
7.996654354830733981e-04 -1.984737713091097921e+00 9.749172600660499484e+02 3.638540579852285721e-06 -3.158640995971103926e+00 1.222773277677126884e+09
8.021738524796222583e-04 -1.986142324553135108e+00 9.112216382611240988e+02 4.802471812186726717e-06 -3.197406468423622528e+00 1.222773277677490950e+09
8.164530679473772957e-04 -1.969093875381717762e+00 8.409048500589318564e+02 6.006318893914196116e-06 -2.801612315360001659e+00 1.222773277677514791e+09
8.178035075378865858e-04 -1.972073189451069020e+00 7.636163608801288092e+02 2.631981624296374925e-06 -3.620527427068153337e+00 1.222773277678715229e+09
8.134816973026777432e-04 -1.976246854801101627e+00 8.359462641585689653e+02 4.149194040061809261e-06 -3.196899306220647219e+00 1.222773277679300070e+09
7.983391327765988667e-04 -1.985779972407933469e+00 9.025246906397827615e+02 4.448233173043591688e-06 -3.171738447882449741e+00 1.222773277680309057e+09
8.065700965728866750e-04 -1.979957573626548673e+00 8.435999847798866540e+02 1.759311112988815787e-06 -3.805242123112547503e+00 1.222773277680968046e+09
8.142620141424451946e-04 -1.971164513301638888e+00 8.213146141363640709e+02 1.548719159038565232e-06 -4.009640574268559021e+00 1.222773277681410789e+09
8.039382862647017486e-04 -1.981254129374145023e+00 8.907329446383148479e+02 7.635094771930658552e-06 -2.744501231637837435e+00 1.222773277681456089e+09
8.199736898545356830e-04 -1.971355109658734284e+00 7.670286406922213018e+02 3.800441396670359547e-06 -3.265646139923161329e+00 1.222773277681660652e+09
8.038675100932819511e-04 -1.983952566544223917e+00 8.560121978165840346e+02 3.708769809008177288e-06 -3.224557374145257782e+00 1.222773277682935715e+09
8.016107558276407271e-04 -1.980809683301030244e+00 9.947911737356001822e+02 6.761648054979334222e-06 -2.772700021143341687e+00 1.222773277683260441e+09
7.967637324963037669e-04 -1.985178969430559270e+00 9.698328958024081885e+02 2.043025726649485070e-06 -3.592908380000942259e+00 1.222773277683475971e+09
7.996883424564031921e-04 -1.986241722700828216e+00 9.861169044860727126e+02 2.910864581978672986e-06 -3.546603141271917004e+00 1.222773277683925390e+09
8.123889603071804974e-04 -1.974876854406387494e+00 8.224458027472701360e+02 1.361013711614327001e-06 -4.079151864906426894e+00 1.222773277685777426e+09
7.980877340426152699e-04 -1.988451276950713886e+00 9.510463454928942610e+02 5.166795418287405398e-06 -2.926050628090393957e+00 1.222773277686168432e+09
8.021489692651306456e-04 -1.981431950749897641e+00 9.318146482932831987e+02 1.366350747017157618e-06 -4.174644735329893663e+00 1.222773277686479092e+09
7.998239342986123964e-04 -1.986612013717041325e+00 9.103095947793043479e+02 2.060207368584318722e-06 -3.897123815119241108e+00 1.222773277686568975e+09
8.244781096661704754e-04 -1.964575972354976052e+00 7.386158055657361956e+02 2.948916416459599324e-06 -3.520074673347322936e+00 1.222773277687434196e+09
8.200460871371949767e-04 -1.968128428554096754e+00 7.925609413601109736e+02 4.990272417570945625e-06 -3.163581030103713054e+00 1.222773277687967062e+09
7.983609888181633293e-04 -1.984953995673670590e+00 9.534343201189957426e+02 1.648577403502418081e-06 -3.788708525404418381e+00 1.222773277688806057e+09
8.032727994089399262e-04 -1.977764866557352619e+00 9.319485438727863311e+02 2.112423169056610990e-06 -3.806769354643571468e+00 1.222773277688962698e+09
8.116423344142243996e-04 -1.974176591968153982e+00 8.807600423673328578e+02 3.236812935160723751e-06 -3.326069920793836232e+00 1.222773277689000368e+09
8.143017282839640821e-04 -1.973663065477106127e+00 8.203646889606975492e+02 7.286110807069250372e-06 -2.659061227849321973e+00 1.222773277689574003e+09
8.191708487838815370e-04 -1.969771183107011048e+00 7.973235273370589766e+02 4.593923458320262670e-06 -3.018090949185042504e+00 1.222773277689774752e+09
8.097902502908776610e-04 -1.977827408769443185e+00 8.158343084111118060e+02 1.803610707124006430e-06 -3.912866234379130503e+00 1.222773277689796925e+09
8.022243523986592262e-04 -1.985528533673042384e+00 9.092895128484607312e+02 4.144350126249647930e-06 -3.352366368700832489e+00 1.222773277690247774e+09
8.077416279863315054e-04 -1.979859862954319372e+00 8.693537267908837975e+02 6.569777074221739492e-06 -2.730636621841036060e+00 1.222773277690267801e+09
8.191821194506338508e-04 -1.971041607829573383e+00 7.924889435656858723e+02 4.312269038548264004e-06 -3.132003622578420021e+00 1.222773277690444946e+09
7.963775315806166785e-04 -1.987577726357383057e+00 9.927805604389890277e+02 8.278650627981681305e-06 -2.640898756404334691e+00 1.222773277691106319e+09
8.009158671797719179e-04 -1.986376227244230019e+00 9.153807173468553628e+02 2.726448819548749040e-06 -3.691270275776935783e+00 1.222773277691283941e+09
8.143908041601898408e-04 -1.971956094458483744e+00 8.662857144091108239e+02 5.034392834354773478e-06 -3.081199852117112670e+00 1.222773277691815615e+09
8.105744070852303204e-04 -1.975351927611579406e+00 8.697973502541597099e+02 3.013353847231617982e-06 -3.316412204382218398e+00 1.222773277692560196e+09
7.984734753112844282e-04 -1.984234267782651662e+00 9.947352213770384424e+02 4.277707966658923898e-06 -3.336349305762688289e+00 1.222773277692964554e+09
8.215369755627844077e-04 -1.967725589715842993e+00 7.813726565572732170e+02 3.805846472162771003e-06 -3.189187400136276551e+00 1.222773277692993879e+09
8.002377158150672434e-04 -1.978894217701616665e+00 9.702542173462536539e+02 3.866081404785544302e-06 -3.167410624056754997e+00 1.222773277696048260e+09
8.124128114240574891e-04 -1.970622185222024036e+00 8.387152331714743241e+02 2.322818071172920963e-06 -3.597587722008079858e+00 1.222773277696135759e+09
8.141845889652520258e-04 -1.973060209749922356e+00 8.460243133447104356e+02 3.269403844410540307e-06 -3.299871104749497519e+00 1.222773277697765589e+09
7.993257006802694832e-04 -1.983587784002235122e+00 9.880213522183297528e+02 5.579200225232033829e-06 -2.794150181829156310e+00 1.222773277697882652e+09
8.020719034111804032e-04 -1.982624706282133387e+00 9.416671450130012317e+02 2.781323584277215200e-06 -3.369891575155138597e+00 1.222773277698221207e+09
8.168826451824052256e-04 -1.971550925076333005e+00 8.176924714420339342e+02 3.490804339736237928e-06 -3.461496641149346409e+00 1.222773277698295355e+09
8.106069861459710459e-04 -1.977923446582021683e+00 8.253230744513981563e+02 4.175121862622714011e-06 -3.334802045220745192e+00 1.222773277700624228e+09
8.158557823078861019e-04 -1.972361548147993027e+00 7.751219404275660736e+02 2.739530806702790363e-06 -3.464732772144433426e+00 1.222773277702334404e+09
8.127041914487974925e-04 -1.977661163714092174e+00 8.227878293456356005e+02 4.812440638247684402e-06 -3.145954082326500867e+00 1.222773277702888489e+09
7.993290130065951399e-04 -1.986898674367595152e+00 9.542398977592320080e+02 2.948136827491822969e-06 -3.375658954747494889e+00 1.222773277704497814e+09
8.133934166256351784e-04 -1.976723379196049235e+00 8.002641550562635757e+02 4.479397405014162873e-06 -3.232637802870384824e+00 1.222773277704616547e+09
8.106117452353527389e-04 -1.977219608187366973e+00 8.180724965418181682e+02 1.944463371750679120e-06 -3.728592561236161451e+00 1.222773277704747677e+09
8.098913396868978338e-04 -1.975824548268153791e+00 8.471603452879326142e+02 1.662637120855885235e-06 -3.815186660746655356e+00 1.222773277705735922e+09
8.083539458207720076e-04 -1.975129916687006659e+00 8.385055551841099941e+02 2.853671742077230428e-06 -3.458548524208982400e+00 1.222773277706927776e+09
7.962009451236345741e-04 -1.988047285028561539e+00 9.560114155287119502e+02 1.959960340948238560e-06 -3.947267076916741502e+00 1.222773277707986832e+09
8.146580628148765695e-04 -1.973235252862203915e+00 8.378083577207926282e+02 6.576075054327888948e-06 -2.755414145263169523e+00 1.222773277708009243e+09
8.012935096120550431e-04 -1.982125739276774379e+00 9.644325812915226379e+02 6.183332671316766799e-06 -2.717072211193126030e+00 1.222773277708119869e+09
8.153033650113910907e-04 -1.969446989132445536e+00 8.339553667943084747e+02 4.940033277939432847e-06 -2.901075185748376306e+00 1.222773277708486080e+09
8.097700229897310167e-04 -1.976742792342032207e+00 8.849717767734447307e+02 2.547000542706755382e-06 -3.532227366766983678e+00 1.222773277709056854e+09
8.028749552953753270e-04 -1.978405484986568874e+00 9.609425704501543350e+02 1.805135704608368084e-06 -3.862429816698654150e+00 1.222773277709065676e+09
8.030751563924295967e-04 -1.980954718443947105e+00 9.122607405074140843e+02 1.565874491569002235e-06 -3.845422429581940804e+00 1.222773277709077597e+09
8.160906019408557767e-04 -1.972942398181389834e+00 8.301688396390197795e+02 3.660066083750725099e-06 -3.321287607829464861e+00 1.222773277710598469e+09
8.120995391669233931e-04 -1.973060312921237625e+00 8.603673468529449337e+02 2.419238095067529147e-06 -3.744182768643810277e+00 1.222773277711607695e+09
8.218740957215777982e-04 -1.965326719285479307e+00 7.651028631045040811e+02 2.909581553047731108e-06 -3.385274332365556305e+00 1.222773277711726189e+09
7.956312333676108118e-04 -1.986293238272760053e+00 9.619670619563804621e+02 6.155131711790218311e-06 -2.766132967969677559e+00 1.222773277712021828e+09
8.032192384412353793e-04 -1.977574022585393276e+00 9.449772800183704931e+02 6.812512145517618346e-06 -2.781240013444767456e+00 1.222773277712596178e+09
7.981411340895759642e-04 -1.987178338241846198e+00 9.596547712253035343e+02 1.234008683943248489e-06 -4.201559493753316055e+00 1.222773277712832212e+09
7.979397382779075633e-04 -1.989846367295057039e+00 9.272062848563356283e+02 4.010632707603047158e-06 -3.198999103077110107e+00 1.222773277713274717e+09
7.992155818014669592e-04 -1.983927680610637623e+00 9.999435839629298926e+02 4.765048301231932755e-06 -2.951597328155855848e+00 1.222773277713552237e+09
8.115986433698439088e-04 -1.975934850617284022e+00 8.061340132540066179e+02 5.188486140412877397e-06 -3.084431456872163579e+00 1.222773277715089798e+09
8.198349504383767349e-04 -1.969297092454398435e+00 7.503301733585514057e+02 4.165557712817214315e-06 -3.188038899210967614e+00 1.222773277715773106e+09
8.051922729996665315e-04 -1.977013632278184829e+00 8.729520208901387832e+02 4.404774952526527895e-06 -3.133695266684490832e+00 1.222773277716359377e+09
8.116997136255524586e-04 -1.973132511188942839e+00 8.146465367613302533e+02 2.102570595609032943e-06 -3.741661894984051884e+00 1.222773277716804266e+09
7.995247426981647119e-04 -1.982710477759695999e+00 9.799467937616824429e+02 1.291571971345206710e-06 -4.154853085567451032e+00 1.222773277717392683e+09
7.965257259298105883e-04 -1.989157214707423238e+00 9.756361105715674285e+02 6.074462770030623076e-06 -2.798722518286702154e+00 1.222773277718063831e+09
8.098079955683754137e-04 -1.979736413538060624e+00 8.531435482984817327e+02 3.032207195005573802e-06 -3.535878283525924815e+00 1.222773277718151808e+09
8.007242714249721786e-04 -1.983685496925157610e+00 9.951146966051298932e+02 2.976616903514137164e-06 -3.510222907364033418e+00 1.222773277719195127e+09
7.981323722891073193e-04 -1.982244948394928485e+00 9.973068396551389014e+02 3.565502095139473372e-06 -3.440657101436081611e+00 1.222773277719727993e+09
8.050478259243683179e-04 -1.980608834179836464e+00 9.342630943585262457e+02 2.693139305997936374e-06 -3.499221776947962326e+00 1.222773277720806360e+09
8.081713366780609708e-04 -1.978926267527701732e+00 8.590967179563184573e+02 5.580617340788531126e-06 -2.814080273760628970e+00 1.222773277721253872e+09
7.929323618580941518e-04 -1.987192103651487241e+00 9.864547529032577131e+02 4.391487587346412950e-06 -3.093967877024743629e+00 1.222773277722848415e+09
7.950970791522326544e-04 -1.987033739858620640e+00 9.943961556724342472e+02 2.673993120742338159e-06 -3.362892425528325013e+00 1.222773277723208666e+09
8.173502512507056783e-04 -1.971371618008488369e+00 7.640021502599030327e+02 2.725575462812015686e-06 -3.514346157018827910e+00 1.222773277723408937e+09
8.139231359856635185e-04 -1.970825708120859998e+00 8.171521328361175165e+02 2.132689122810329381e-06 -3.628985867806773236e+00 1.222773277723491669e+09
7.944830296709827011e-04 -1.987760428456570860e+00 9.680038838542075155e+02 3.222215565971549612e-06 -3.234209437237295148e+00 1.222773277725961924e+09
7.981920819077871704e-04 -1.986432507357180244e+00 8.985479494777868013e+02 2.423584312744403708e-06 -3.671829011673525933e+00 1.222773277727399588e+09
8.017637911738193174e-04 -1.984854289360352908e+00 9.092349895962112214e+02 2.327114159403066488e-06 -3.553085617035949717e+00 1.222773277728128672e+09
8.029180919434377936e-04 -1.979907848604809173e+00 9.070419856268869125e+02 1.398361160664246793e-06 -3.964207514468984783e+00 1.222773277728499174e+09
7.984646106821020320e-04 -1.987670444977948758e+00 9.117178171529184283e+02 1.451408503172773989e-06 -4.031724027545257272e+00 1.222773277728688002e+09
8.076504793373205215e-04 -1.975015970553817723e+00 9.332673997761000919e+02 5.936382736066401965e-06 -2.865058526214464329e+00 1.222773277729063034e+09
8.009986549852239667e-04 -1.983042299718456913e+00 9.208564403211614717e+02 1.278202634217947424e-06 -4.038024473667746861e+00 1.222773277729673386e+09
8.223520290341213967e-04 -1.965813053198139482e+00 7.895072971465154978e+02 3.869450874049010449e-06 -3.317406932349800108e+00 1.222773277730181456e+09
8.077384029173757980e-04 -1.976130229305505637e+00 9.062340799773247682e+02 1.645282970374171934e-06 -3.951590025661753991e+00 1.222773277730417728e+09
8.028076308154334173e-04 -1.979606987480821312e+00 9.474534714641132496e+02 2.667274311493766794e-06 -3.395056046755052570e+00 1.222773277730581522e+09
8.095878626229918761e-04 -1.978240252291198376e+00 8.080044972389524673e+02 2.929460060124231815e-06 -3.521713663229105507e+00 1.222773277730864048e+09
7.928551087784176674e-04 -1.991551514993540106e+00 9.485235238958052832e+02 2.428871982761752777e-06 -3.597919021274538665e+00 1.222773277732155323e+09
8.079109506025011289e-04 -1.976428199757391369e+00 9.068859836594615444e+02 2.904219787833650637e-06 -3.362219963492171004e+00 1.222773277733503819e+09
8.141198368613866958e-04 -1.973974344811079584e+00 7.813739656285765705e+02 4.138746049393545418e-06 -3.177847842963521074e+00 1.222773277735145092e+09
8.041168450793685814e-04 -1.981761768017148873e+00 8.760437107625490398e+02 1.675465309816363933e-06 -4.031562367047222040e+00 1.222773277735410452e+09
7.985097551409405360e-04 -1.980657666634876524e+00 9.928891992546806478e+02 3.373334452835444261e-06 -3.248153902297950424e+00 1.222773277736808300e+09
8.072385888450484036e-04 -1.981258831137992171e+00 8.479419811458608365e+02 1.874458741790215198e-06 -3.815540912543444740e+00 1.222773277738772154e+09
8.092488786447997549e-04 -1.973639551246523904e+00 9.163239783394898268e+02 6.035140015211860758e-06 -2.880528515954363655e+00 1.222773277739032030e+09
8.049989563579909753e-04 -1.978499302746431932e+00 9.464809824962590028e+02 7.357289764225577987e-06 -2.760521484555793492e+00 1.222773277739239216e+09
8.195358137507087774e-04 -1.971342317823075341e+00 7.839532339848491347e+02 4.340468343287853380e-06 -3.190650507557638349e+00 1.222773277739341974e+09
8.141895574583211427e-04 -1.970580070506524395e+00 8.570714566188662502e+02 7.000317397712109943e-06 -2.704877376233278063e+00 1.222773277739918232e+09
7.981765510194335821e-04 -1.989130524289350443e+00 9.609321450812136618e+02 4.221941123245318915e-06 -3.307449454620682516e+00 1.222773277740088224e+09
7.948202194789473962e-04 -1.989789597682937394e+00 9.282372973551189261e+02 2.190545227202132430e-06 -3.724684028094408461e+00 1.222773277740210772e+09
7.969968184070275966e-04 -1.986733556831581371e+00 9.573994163747647690e+02 7.779771171641103317e-06 -2.659075268299951667e+00 1.222773277741436481e+09
7.952291832273935971e-04 -1.989074313809153338e+00 9.798010412060273211e+02 1.631077692005736647e-06 -4.077750391808706354e+00 1.222773277744767666e+09
8.009115733569554087e-04 -1.983861081190488651e+00 9.737367381352408984e+02 3.829931732831953935e-06 -3.412009864308358509e+00 1.222773277746673107e+09
7.928968547437206457e-04 -1.991320631405662844e+00 9.645664613304176100e+02 4.575289590202711698e-06 -3.026015899473490478e+00 1.222773277747417450e+09
7.981412919214799775e-04 -1.984223607880052587e+00 9.225582342120309249e+02 1.564658572679790624e-06 -3.953534594584509065e+00 1.222773277748161077e+09
7.964582597189582506e-04 -1.989737821261843287e+00 9.614071213023527207e+02 3.882161946028929240e-06 -3.147849451382504604e+00 1.222773277748589993e+09
8.024887630437726625e-04 -1.985314888614037487e+00 9.355350823620688061e+02 3.714181757018276586e-06 -3.340815465419175290e+00 1.222773277749549389e+09
8.124046962432294886e-04 -1.972958326570297682e+00 8.291948142646410815e+02 1.429953265486658176e-06 -4.025279859541643468e+00 1.222773277750032902e+09
8.193808714743537050e-04 -1.969515127631053630e+00 7.812073533447036198e+02 3.289711292840578890e-06 -3.276481107137013460e+00 1.222773277750152349e+09
7.993039622454004532e-04 -1.980195508732374599e+00 9.655063379170819644e+02 5.212220639493275412e-06 -2.952646369454003938e+00 1.222773277752259254e+09
8.039971900658480228e-04 -1.978224962128050768e+00 9.455892942543749768e+02 2.889905284626408989e-06 -3.605714185258479532e+00 1.222773277754551411e+09
8.058583514866680128e-04 -1.982056766099248524e+00 8.736964746197480736e+02 6.136105803968648649e-06 -2.982033317151897123e+00 1.222773277754749298e+09
7.973530268513856923e-04 -1.986742198016859806e+00 9.266396503610091031e+02 4.119471339676322365e-06 -3.064454281867556418e+00 1.222773277757519960e+09
8.198797463603437830e-04 -1.967818246966811957e+00 7.937005173245451033e+02 2.841511642926091944e-06 -3.413514033775551404e+00 1.222773277757568598e+09
8.029396917912609045e-04 -1.978760272767654538e+00 9.216366105387583048e+02 1.859603422586079541e-06 -3.717130047364898715e+00 1.222773277759060383e+09
7.980680008016703382e-04 -1.986165313734441051e+00 9.999165161909331800e+02 2.504904380886543378e-06 -3.740096683830407720e+00 1.222773277759990215e+09
7.928777321136797843e-04 -1.988297441377480101e+00 9.756914424042238352e+02 1.736335585644264080e-06 -3.908467934531279830e+00 1.222773277760464191e+09
8.085915380536922012e-04 -1.975017807753507659e+00 9.190772439421757554e+02 3.768079147165755274e-06 -3.200283170663342780e+00 1.222773277760616302e+09
8.001294685475538468e-04 -1.986435911194675441e+00 9.251587000448535036e+02 4.292346312481592269e-06 -3.050265594455335183e+00 1.222773277761697054e+09
7.952473020742735921e-04 -1.990562996773539650e+00 9.991119861431760683e+02 2.627633858202720233e-06 -3.708366510038020536e+00 1.222773277761841774e+09
8.003063675810154079e-04 -1.986020611482178122e+00 8.815565132128314190e+02 3.444262399537446084e-06 -3.290564942652731695e+00 1.222773277762188673e+09
8.066008404083365455e-04 -1.974304694430203622e+00 9.353413869434673416e+02 4.238528163403502716e-06 -3.160435755135190483e+00 1.222773277762708187e+09
7.923136849934220120e-04 -1.989838690005220734e+00 9.828144842851007752e+02 1.257657263731194334e-06 -4.127389181214688563e+00 1.222773277762840271e+09
8.178927885130309874e-04 -1.968770739134473313e+00 8.272321132878338403e+02 4.492012844872824195e-06 -3.219404734187258477e+00 1.222773277762937784e+09
8.063979031145765419e-04 -1.978795595430805632e+00 9.004057460867512646e+02 1.671583484074083224e-06 -4.020785475920456875e+00 1.222773277763585567e+09
8.156110122420172359e-04 -1.970942872014766589e+00 8.138772016530215296e+02 2.219537105218713980e-06 -3.587629227589924419e+00 1.222773277764762402e+09
8.074944868173430197e-04 -1.977796923089798486e+00 9.234450338863689467e+02 5.213190519520876486e-06 -2.955780500743617978e+00 1.222773277765036583e+09
8.097481531634918720e-04 -1.979712629130264911e+00 8.562257938291861592e+02 3.188836452246288335e-06 -3.482861496462354545e+00 1.222773277765678883e+09
7.967723719024390281e-04 -1.987520017248430637e+00 9.574263798225781557e+02 7.579454447904260667e-06 -2.720585872507284009e+00 1.222773277766220808e+09
8.029036481602959364e-04 -1.985977571911129669e+00 8.804292803471558955e+02 2.708383283242129669e-06 -3.571756530632295146e+00 1.222773277768422127e+09
8.147512234081259351e-04 -1.971056367307316259e+00 8.185136125596563943e+02 5.115000468088489267e-06 -3.137473639720356644e+00 1.222773277769541502e+09
8.008390258308078916e-04 -1.979873977551706687e+00 9.292889676212863606e+02 4.292131114141411255e-06 -3.211849738729766202e+00 1.222773277771691322e+09
8.141631112984292580e-04 -1.970638625855435144e+00 8.544655303473739423e+02 3.321963235012802755e-06 -3.269251450892229016e+00 1.222773277772404909e+09
8.109641754359236650e-04 -1.971896767590001875e+00 8.535737583055828281e+02 3.767800054685508992e-06 -3.136548522347086809e+00 1.222773277772615194e+09
8.069495401918205845e-04 -1.975127704619260349e+00 8.893152865913372125e+02 5.879020971393993041e-06 -2.785248315686633447e+00 1.222773277772948265e+09
8.108468451646782009e-04 -1.978709999014048426e+00 8.423323861370759005e+02 4.892197446064290422e-06 -3.042835032816949337e+00 1.222773277773652554e+09
8.049957185868375758e-04 -1.979489101890602676e+00 8.560864210995484882e+02 4.782464428863728476e-06 -3.010217910886231252e+00 1.222773277773777723e+09
8.014767357734203486e-04 -1.986767194215365961e+00 9.081255227436125779e+02 4.896901206625837919e-06 -3.163744739014587637e+00 1.222773277774026394e+09
7.922744862606810644e-04 -1.988629053225663856e+00 9.963189331451168300e+02 3.712830155193448416e-06 -3.139877504132039476e+00 1.222773277774957657e+09
8.067555394110736793e-04 -1.981424347320122514e+00 8.891796569422367611e+02 3.154012854002553844e-06 -3.541346488313555696e+00 1.222773277775367022e+09
8.116810096041155408e-04 -1.970913945146871571e+00 8.639587455824505469e+02 2.550747038391392480e-06 -3.604820974285735780e+00 1.222773277775478840e+09
8.011234725712414097e-04 -1.978851050951125012e+00 9.385283100199789033e+02 2.850344867675039802e-06 -3.509037861296944172e+00 1.222773277776156902e+09
8.031075961027308229e-04 -1.980363707446658461e+00 9.454726089495081851e+02 1.899012577930446780e-06 -3.727742459312351819e+00 1.222773277778095961e+09
8.086061646153484958e-04 -1.974041908334290607e+00 9.116911141896980553e+02 6.218353240465480431e-06 -2.906703608769376501e+00 1.222773277778612137e+09
8.142317977234839535e-04 -1.972674624010122280e+00 8.196369805187805468e+02 6.505777028452906537e-06 -2.702974313585183808e+00 1.222773277778613806e+09
8.020756988656480447e-04 -1.985233392900641380e+00 8.874760619723483615e+02 1.588860913158896106e-06 -3.972463366242521943e+00 1.222773277779171228e+09
8.040898871357859664e-04 -1.984880191907953950e+00 8.658340097888756191e+02 2.961159276117887711e-06 -3.474035505276251712e+00 1.222773277780060768e+09
8.144304893659717838e-04 -1.971270861922317597e+00 8.162051523621378237e+02 6.424949166267979138e-06 -2.897348004416275380e+00 1.222773277781238317e+09
7.925953479076844289e-04 -1.991450501760839042e+00 9.609822457138373011e+02 1.941783273196221087e-06 -3.750306352785655051e+00 1.222773277781414747e+09
7.958309240507881188e-04 -1.984265200425891607e+00 9.637434888721453490e+02 3.470741373203290997e-06 -3.357366094990823058e+00 1.222773277782830715e+09
8.039957749987810274e-04 -1.980472751627010197e+00 9.349625351792687979e+02 7.278499848103372051e-06 -2.824566896373287506e+00 1.222773277782868385e+09
8.028312449695556522e-04 -1.983846116384438973e+00 9.069005069742407841e+02 1.479873260495550269e-06 -4.090251585335766826e+00 1.222773277783270121e+09
7.933499095778900542e-04 -1.993035819542450238e+00 9.557076941643572354e+02 4.220705082291440850e-06 -3.245363074664371794e+00 1.222773277783496857e+09
8.096166889118179815e-04 -1.976629710067546952e+00 8.933827830330363895e+02 4.361945587538892518e-06 -3.078037359132012263e+00 1.222773277785344362e+09
8.201168490147373860e-04 -1.968313986146256411e+00 7.522021826965536775e+02 3.396741258832973443e-06 -3.343570756587356918e+00 1.222773277785702229e+09
8.150827870446941334e-04 -1.971418196617993113e+00 8.318251512789654498e+02 7.703778439195767177e-06 -2.700889283059460411e+00 1.222773277785851955e+09
8.065624916714633427e-04 -1.978402666131698906e+00 8.506289297942065559e+02 1.585438518635079957e-06 -3.997978228632469211e+00 1.222773277786319017e+09
8.112836292722783735e-04 -1.972996919515422665e+00 8.952032698192698490e+02 3.987342749049214191e-06 -3.179620071525858016e+00 1.222773277786826611e+09
8.051595120730673872e-04 -1.978614965639408307e+00 8.883654689082162577e+02 5.847239421226092004e-06 -3.020155679908249624e+00 1.222773277787317514e+09
8.073518323698720186e-04 -1.978098429518524437e+00 8.746603682161977531e+02 4.856114169517027238e-06 -3.221654063333390106e+00 1.222773277787375927e+09
7.934545312045756301e-04 -1.991999483278509064e+00 9.868075090950031836e+02 1.769277418239739946e-06 -3.828707880415445075e+00 1.222773277788207054e+09
7.961320566676640103e-04 -1.989774614421440102e+00 9.281615204967057480e+02 4.908143335786482621e-06 -3.128487668869208704e+00 1.222773277788696051e+09
7.963631841927392048e-04 -1.990842181541944811e+00 9.623253530584755708e+02 5.369197556888518303e-06 -3.041347997333689435e+00 1.222773277788799047e+09
8.120151473278002657e-04 -1.976474402502051753e+00 8.282122195299731402e+02 2.272056092010782931e-06 -3.611296920906200469e+00 1.222773277788886547e+09
7.915135740084307215e-04 -1.993033927381557380e+00 9.792008046773253227e+02 1.674242886972095591e-06 -4.000828248080509297e+00 1.222773277789169073e+09
8.126679462952562287e-04 -1.972745468026787519e+00 8.055930226111604497e+02 2.467256287536763941e-06 -3.638835042388810059e+00 1.222773277791397810e+09
8.082684745589522549e-04 -1.980297504097665140e+00 8.705807833507371924e+02 5.414557284946717139e-06 -2.942230642877484925e+00 1.222773277795445204e+09
8.163817704673853419e-04 -1.972968864122425448e+00 8.016881323412380880e+02 4.495794172024609529e-06 -3.257355579216566710e+00 1.222773277796128511e+09
7.927322196195915951e-04 -1.994022921238826740e+00 9.808062786095359797e+02 3.466503755287113611e-06 -3.336903233677203318e+00 1.222773277796133280e+09
8.180586383206760268e-04 -1.966643963151540886e+00 7.983658100683171597e+02 4.032806125622995106e-06 -3.129079128980140290e+00 1.222773277797456026e+09
8.097368291158597636e-04 -1.973327419617230349e+00 9.044505633800946498e+02 4.995003280687659113e-06 -2.949670404034680615e+00 1.222773277797682285e+09
8.089363884233414593e-04 -1.977435127919718649e+00 8.979156998783913650e+02 6.884876749523535155e-06 -2.791825701760249245e+00 1.222773277798223019e+09
7.977763008639255022e-04 -1.984436446266912402e+00 9.222387375912600191e+02 2.880723783735265456e-06 -3.403418586819544345e+00 1.222773277798492908e+09
8.054613838265494742e-04 -1.979096995131131020e+00 8.853895704039147176e+02 4.792015897527433431e-06 -2.894079443482604042e+00 1.222773277800933361e+09
7.985758804856385451e-04 -1.984482668464898403e+00 9.143855340075168670e+02 3.724036496661098715e-06 -3.363970575905035787e+00 1.222773277800959587e+09
8.192756236278123192e-04 -1.967152264857686683e+00 7.800231468529084395e+02 3.611996112155132154e-06 -3.189926115976351895e+00 1.222773277801076412e+09
7.932555379126448539e-04 -1.993405566095798997e+00 9.670812876691848032e+02 2.474833271331360659e-06 -3.703684945913265913e+00 1.222773277801081419e+09
8.031687624117415329e-04 -1.981618346199240932e+00 9.021243178645639773e+02 1.344159165424366023e-06 -4.011342189459247365e+00 1.222773277801676273e+09
8.041436127236389723e-04 -1.977886837746666737e+00 8.822791136591185932e+02 3.736705537966077728e-06 -3.200502699301381426e+00 1.222773277802401781e+09
8.065515898491892096e-04 -1.981045222945732931e+00 8.800734850898070363e+02 1.705214038290974125e-06 -3.920361643379797201e+00 1.222773277802798748e+09
8.001532913208223453e-04 -1.983771143932283376e+00 9.012302559687448138e+02 3.028289446709541629e-06 -3.562084195152520394e+00 1.222773277802946568e+09
8.008612347384049717e-04 -1.979516362323632261e+00 9.985647101338347511e+02 5.829803371908710621e-06 -2.909302270947778268e+00 1.222773277805101156e+09
7.963552549962320303e-04 -1.986165957806713678e+00 9.623607611763901559e+02 6.146051598596253895e-06 -2.738745881203790589e+00 1.222773277805375814e+09
8.000739640533999306e-04 -1.987001569723199079e+00 8.910788602297454872e+02 1.903484305914748144e-06 -3.836375853650405787e+00 1.222773277805780172e+09
7.992372560494531838e-04 -1.981222304785355215e+00 9.940850247070368368e+02 4.430596934077575173e-06 -2.991370641231321237e+00 1.222773277805929661e+09
8.140454112505163915e-04 -1.969963829893280671e+00 8.434449980489183645e+02 5.924768119969118009e-06 -2.786961930280659416e+00 1.222773277806142092e+09
8.119609936087509661e-04 -1.974015557460961245e+00 8.291253034525940393e+02 2.239455830753008456e-06 -3.560552302702706839e+00 1.222773277806308508e+09
8.126515901950216074e-04 -1.974450052894769936e+00 8.516398108829760076e+02 2.090267492259192873e-06 -3.718483258747821374e+00 1.222773277806327581e+09
7.982964848310286111e-04 -1.983459667294519280e+00 9.400964962870120871e+02 4.397303681645612252e-06 -3.241120179868854478e+00 1.222773277806335688e+09
8.008653115353370211e-04 -1.981634725276369302e+00 9.927482827877198588e+02 7.208289556378937023e-06 -2.739784642983272178e+00 1.222773277807927132e+09
7.989528628490793127e-04 -1.980177760185961588e+00 9.933911290387991357e+02 2.754238589309252088e-06 -3.525838774737929171e+00 1.222773277810888529e+09
8.049184252143609620e-04 -1.976641200296192391e+00 9.159035298790402067e+02 2.073259571089114328e-06 -3.653131718898889879e+00 1.222773277811915159e+09
8.186718942945063774e-04 -1.966978956933625122e+00 8.118980511414961256e+02 4.333483535616013375e-06 -3.239589335446622087e+00 1.222773277812357664e+09
8.143478007038453372e-04 -1.972484126050908504e+00 7.876554492397879130e+02 3.281795726918717795e-06 -3.317320367789594826e+00 1.222773277813248634e+09
8.090778127232442322e-04 -1.980197260839167583e+00 8.574971286180619927e+02 3.528710919169513417e-06 -3.434856154840919551e+00 1.222773277813597679e+09
8.184439755664281750e-04 -1.972238771605903995e+00 7.671918725579160991e+02 4.316598013999092923e-06 -3.157944717017247882e+00 1.222773277815153122e+09
8.087901804157719352e-04 -1.976011173206901450e+00 8.624020725268932210e+02 1.662711628472333332e-06 -4.012775739061392954e+00 1.222773277815212965e+09
8.194378874666958428e-04 -1.970042062666772509e+00 7.692743915138440798e+02 5.853956322798355594e-06 -2.867545412019477880e+00 1.222773277816660404e+09
7.981296374661609816e-04 -1.983119525106056713e+00 9.815012054850753884e+02 1.657175286446900426e-06 -3.816806197652120147e+00 1.222773277818197012e+09
8.149980342705021724e-04 -1.971715647300549712e+00 8.274933777224442792e+02 1.763072972065513663e-06 -3.872924928357793561e+00 1.222773277818395376e+09
8.172662990605199240e-04 -1.966650069600894168e+00 8.205991302939294201e+02 4.423202237268224653e-06 -3.087922786543630949e+00 1.222773277819891930e+09
8.172348688528667309e-04 -1.968037174228316033e+00 8.389239706587901537e+02 4.500121979368707212e-06 -3.165906356994714344e+00 1.222773277821025372e+09
8.164835948665476314e-04 -1.973737933921303922e+00 7.981448290577469606e+02 5.349307213075796303e-06 -3.056434744469961551e+00 1.222773277822650671e+09
8.043491752281530524e-04 -1.979564012754740698e+00 8.694550896435151799e+02 4.056964783646601360e-06 -3.293508066122825539e+00 1.222773277823356390e+09
8.132277393872649812e-04 -1.973089068512769328e+00 8.286681929064952783e+02 5.153833334523106906e-06 -2.860072855058855446e+00 1.222773277823441029e+09
8.014426634038941850e-04 -1.978955990154304789e+00 9.449708089755940819e+02 1.946248593956449360e-06 -3.748707404686814293e+00 1.222773277823484182e+09
7.962017195766657928e-04 -1.987673456870673094e+00 9.517205513581053538e+02 1.121253316920040434e-06 -4.231872984873625398e+00 1.222773277823591948e+09
8.097420813196540409e-04 -1.974007875653745803e+00 8.684849600639516893e+02 7.445601747515295887e-06 -2.644553193675018399e+00 1.222773277823601246e+09
7.975679666269679243e-04 -1.985748825105677851e+00 9.185370055465274390e+02 2.473375304433571703e-06 -3.688200296514402510e+00 1.222773277824258804e+09
7.992143656025934694e-04 -1.983726896109599735e+00 9.186230291273054718e+02 5.836779200265534348e-06 -2.941745731449378454e+00 1.222773277824908972e+09
7.963011130355337509e-04 -1.985095099722935075e+00 9.955679593309635038e+02 1.945625095672875913e-06 -3.924802786244725006e+00 1.222773277824952364e+09
7.946970598746332711e-04 -1.987309042713549134e+00 9.620349533516796328e+02 5.655652545309682052e-06 -2.952453012533762688e+00 1.222773277826321363e+09
8.132180460416147403e-04 -1.972057065388132635e+00 8.668747960833524075e+02 5.784702244777638878e-06 -3.003756300027166759e+00 1.222773277826549768e+09
8.179589309255973825e-04 -1.967675694691099597e+00 8.132705188398019800e+02 3.091799275999090821e-06 -3.333840843873317361e+00 1.222773277826756716e+09
7.993628011616445888e-04 -1.983156122215803840e+00 9.101838821493842033e+02 2.573950821030070150e-06 -3.636736608997663822e+00 1.222773277827002048e+09
8.097523848011237537e-04 -1.978278651854566306e+00 8.577558207366347460e+02 4.021252693316776943e-06 -3.122796095730381971e+00 1.222773277828690767e+09
8.074320975859959962e-04 -1.975994458432579703e+00 9.003787943115967209e+02 6.858026732082970488e-06 -2.655969990767486522e+00 1.222773277829058647e+09
8.025451309181538080e-04 -1.978433758986853697e+00 9.522821961734470051e+02 2.003812201522935151e-06 -3.820837706736678996e+00 1.222773277829300165e+09
7.941350143109588431e-04 -1.991072911770884746e+00 9.357869403750274842e+02 3.446954704468844809e-06 -3.361098654891166326e+00 1.222773277829539537e+09
8.236708986012828814e-04 -1.965500977534385685e+00 7.666176953130695892e+02 3.154661991923005373e-06 -3.392271027345624468e+00 1.222773277829885721e+09
7.965611048836266240e-04 -1.987118320232231117e+00 9.456816744316748782e+02 1.626781802576539842e-06 -4.049694856878327087e+00 1.222773277830634356e+09
8.159438269846975905e-04 -1.970150549950437036e+00 7.899689224253255588e+02 2.655276596694846568e-06 -3.472512131855172157e+00 1.222773277831594706e+09
8.220460601687343575e-04 -1.968066266641185891e+00 7.484019106077699917e+02 4.990787731861113387e-06 -3.024806659463541436e+00 1.222773277831707001e+09
8.060420946685730890e-04 -1.978563677889085604e+00 8.532266748529025335e+02 2.570639871032673347e-06 -3.663757171825768211e+00 1.222773277832984447e+09
8.066382431652315867e-04 -1.980453397657405468e+00 9.053717993902196213e+02 3.070533021801831359e-06 -3.556758830497915191e+00 1.222773277833029985e+09
8.031819368437791281e-04 -1.980419799200582087e+00 9.188221477242557285e+02 1.197708627147053223e-06 -4.153740359606326038e+00 1.222773277834673882e+09
7.967018031766589983e-04 -1.986802314453232743e+00 9.967000939247864153e+02 7.671833373417314295e-06 -2.754984535221312036e+00 1.222773277839192629e+09
8.047750540443711700e-04 -1.982021013383637342e+00 9.231950359163030271e+02 3.490293839267238529e-06 -3.464048889236051920e+00 1.222773277839506865e+09
8.171427075886388090e-04 -1.973173336894176177e+00 7.857959456490694947e+02 2.693935062949346985e-06 -3.556412131365277673e+00 1.222773277839696407e+09
7.943678160181385107e-04 -1.992228209647989079e+00 9.572727409164781420e+02 3.702082186753668379e-06 -3.404603416393679360e+00 1.222773277840489149e+09
8.125196906701752852e-04 -1.973609073807410352e+00 8.089891731679632585e+02 2.421513625485701613e-06 -3.704043511924413501e+00 1.222773277840593338e+09
7.939816514119422096e-04 -1.991113970761239527e+00 9.637663329308363700e+02 5.838130159173670429e-06 -2.979388889953177966e+00 1.222773277841000080e+09
8.024917909473116727e-04 -1.980985910694243124e+00 9.077911575236877297e+02 6.377614560532655844e-06 -2.707669622447931523e+00 1.222773277842883348e+09
7.985822373514589543e-04 -1.982988181444143017e+00 9.942747710888726260e+02 5.541177849276455458e-06 -2.800709356241334547e+00 1.222773277843430996e+09
8.234708914670420873e-04 -1.965790610479726919e+00 7.480600381141869093e+02 2.748121432766012790e-06 -3.565919735336312790e+00 1.222773277843445301e+09
8.145521842308032102e-04 -1.968858109087725294e+00 8.321438231931609835e+02 4.599947688197771159e-06 -3.022879829604095292e+00 1.222773277844790459e+09
7.999915438768224899e-04 -1.983603376177636157e+00 9.828608156921993668e+02 4.238950514314493429e-06 -3.046724746150976770e+00 1.222773277845342159e+09
8.170771083663256077e-04 -1.970174112303417990e+00 8.239047523309662893e+02 5.003395944430096153e-06 -2.950238658914302370e+00 1.222773277845665216e+09
8.186013146203694347e-04 -1.971388466600115130e+00 7.802130903744639454e+02 4.425654452859704756e-06 -3.247037675170271420e+00 1.222773277846633911e+09
8.160799352215898856e-04 -1.969402108816757035e+00 8.471583503842875871e+02 3.738626671255415541e-06 -3.328838209364516132e+00 1.222773277848975182e+09
8.058609325232388978e-04 -1.979234653190210746e+00 9.266357396082419200e+02 2.083771286036740567e-06 -3.787656866473797734e+00 1.222773277849426508e+09
8.180796462905103516e-04 -1.970898676265793847e+00 7.905543560206618849e+02 3.521191031458630252e-06 -3.233948188411407187e+00 1.222773277850191832e+09
8.183024462054246323e-04 -1.968841087275993385e+00 8.012009096897414793e+02 6.054221189245224598e-06 -2.777884821258252757e+00 1.222773277851075411e+09
8.143442712865527327e-04 -1.975383709432784407e+00 7.955335700995748311e+02 4.734037788932154016e-06 -3.174923535230337990e+00 1.222773277854133368e+09
7.963216027033929523e-04 -1.991232364431278157e+00 9.385202577241941526e+02 2.852715718736224807e-06 -3.563177655273650046e+00 1.222773277854295254e+09
8.114670217196060008e-04 -1.978194439862785536e+00 8.411112870101444514e+02 4.700410659785158616e-06 -3.115013154613743396e+00 1.222773277854393005e+09
7.936657919212636303e-04 -1.987703338755523630e+00 9.838684270245755670e+02 1.626958043389168440e-06 -3.845657213635862881e+00 1.222773277854653597e+09
8.071967989788762657e-04 -1.975716582910513885e+00 8.891791475839230543e+02 2.999443036655626661e-06 -3.569946021203270092e+00 1.222773277855177641e+09
8.048566519215278898e-04 -1.976969100418104697e+00 9.435096016387608415e+02 5.907179771779764505e-06 -2.799335870216979494e+00 1.222773277855781078e+09
7.900381727786076787e-04 -1.991480621108675297e+00 9.980958887674223661e+02 2.290086478545042167e-06 -3.614022284805976426e+00 1.222773277856060028e+09
8.013053802129533384e-04 -1.979578675161900447e+00 9.321376124224556179e+02 2.494283071605042081e-06 -3.666824832391011313e+00 1.222773277856368780e+09
8.178824725775770332e-04 -1.968145479080993354e+00 7.838156680358346193e+02 2.509408852652148441e-06 -3.551169201177073909e+00 1.222773277857830048e+09
8.115434805576473513e-04 -1.976306962186035410e+00 8.604081868244844600e+02 5.561271554009801396e-06 -2.902091109757237497e+00 1.222773277861153603e+09
8.041451295265030549e-04 -1.979904750709086114e+00 9.249221632600701923e+02 1.376295131475565671e-06 -4.078947537491208308e+00 1.222773277861189842e+09
8.128409677345350883e-04 -1.973241876310384724e+00 8.162119206313465156e+02 2.730092606976459145e-06 -3.640597785874865266e+00 1.222773277862059832e+09
7.954782280414011541e-04 -1.987426096162042466e+00 9.568463685696236780e+02 1.441887715734181185e-06 -4.111001369679653905e+00 1.222773277862660408e+09
7.996292450720939634e-04 -1.988390427386940162e+00 9.109183776708836149e+02 3.704359856654819697e-06 -3.389090322448645054e+00 1.222773277863007307e+09
8.007531475704627623e-04 -1.980548833477970616e+00 9.715137530673629271e+02 2.110431580727208642e-06 -3.633912439054162391e+00 1.222773277863717794e+09
8.017042006752505938e-04 -1.984780929926435178e+00 8.828700208790314718e+02 1.959754581765902176e-06 -3.889653670932776919e+00 1.222773277863976002e+09
8.001916105148352025e-04 -1.982812245245442195e+00 9.589147591980286052e+02 2.692833203717383680e-06 -3.697607108179282065e+00 1.222773277864248514e+09
8.095332283145839029e-04 -1.975526464184948150e+00 8.839158036527256854e+02 7.734128765578453455e-06 -2.708560660635516371e+00 1.222773277864689589e+09
8.086256989489008090e-04 -1.973395937809730105e+00 9.136129591994166503e+02 3.351873576070395120e-06 -3.332920879450074203e+00 1.222773277865947485e+09
7.975240075799941170e-04 -1.985595038438559001e+00 9.303432126741495267e+02 4.862502424702540916e-06 -3.144404925417685348e+00 1.222773277866422653e+09
7.974773851612890338e-04 -1.983661546252644792e+00 9.589136963564678808e+02 6.009094386484485434e-06 -2.917988022182109731e+00 1.222773277866442204e+09
7.920349882060428743e-04 -1.993544933126482288e+00 9.918711604732833393e+02 3.222421049890621547e-06 -3.542320828614943906e+00 1.222773277866586208e+09
8.008399757595985758e-04 -1.979790630146174291e+00 9.871335268473735596e+02 3.842531133397440794e-06 -3.341050086730474433e+00 1.222773277868766308e+09
7.999889725557693832e-04 -1.984570809847455042e+00 9.912537523612962787e+02 3.588146035536399094e-06 -3.266242895106582722e+00 1.222773277869150162e+09
8.101404406205313727e-04 -1.974169890822561779e+00 8.429684020444980206e+02 2.367576451274350814e-06 -3.522808622581351301e+00 1.222773277870451212e+09
8.021318787548426367e-04 -1.984370338686165081e+00 9.054427926597691112e+02 2.469268985037867725e-06 -3.508338841686384768e+00 1.222773277871329546e+09
8.226450972503212894e-04 -1.963857012018463966e+00 7.814510361308479105e+02 4.185770182340836163e-06 -3.211093635000841218e+00 1.222773277871535540e+09
7.991532854848311255e-04 -1.984658002638054475e+00 9.114817497444826131e+02 1.462468955819346948e-06 -3.990900650774015901e+00 1.222773277873953104e+09
7.931824574736882948e-04 -1.993306701571925466e+00 9.997992175727541735e+02 2.400421842793052975e-06 -3.697200450721964238e+00 1.222773277874076605e+09
7.962335147268158895e-04 -1.988167102238645123e+00 9.564312166101336743e+02 6.701011672728941174e-06 -2.734099982427769859e+00 1.222773277875310421e+09
7.968769037724871517e-04 -1.987568773273492573e+00 9.331150581797927543e+02 1.534206345256346158e-06 -3.928597255735012617e+00 1.222773277875502110e+09
8.005961410052005612e-04 -1.985153473248158384e+00 9.280936423454097621e+02 1.375450420496482578e-06 -4.138394192804287997e+00 1.222773277877553701e+09
8.184392240518153106e-04 -1.967887492104521296e+00 7.982461912312014647e+02 3.765425704706559782e-06 -3.147919382573556746e+00 1.222773277877819777e+09
7.996232162141396482e-04 -1.985986641325650393e+00 9.572152917218335233e+02 4.122092941721271857e-06 -3.087436101946039457e+00 1.222773277878845692e+09
8.144226063530666908e-04 -1.971134871720203963e+00 8.438134676938052507e+02 7.371585890996807988e-06 -2.716775161945057526e+00 1.222773277879143715e+09
7.930605059115486020e-04 -1.992864466500601894e+00 9.960934456398124439e+02 3.569554742006397674e-06 -3.258126820969463822e+00 1.222773277879834890e+09
8.111328727414848739e-04 -1.975974174721940146e+00 8.281043957426899169e+02 4.522320473322677129e-06 -2.986016719938245245e+00 1.222773277880358934e+09
8.238719958709624092e-04 -1.965046944340151258e+00 7.504262236057618338e+02 3.033593782255769383e-06 -3.402315994148967349e+00 1.222773277880478859e+09
7.950940347712824119e-04 -1.988619362013386072e+00 9.983950115433963219e+02 7.638685519753146024e-06 -2.736254455002033126e+00 1.222773277880734205e+09
8.066828786532653523e-04 -1.978294907203426600e+00 8.727305418617160058e+02 1.550583809602265259e-06 -3.891669065180970222e+00 1.222773277881570816e+09
8.068893302164019442e-04 -1.979458188406980401e+00 8.472602592848560334e+02 3.119457073883884365e-06 -3.301180404730513551e+00 1.222773277882708073e+09
8.069105874729667416e-04 -1.977522292655507385e+00 8.783959038403783097e+02 3.544027174811771360e-06 -3.468310804620768018e+00 1.222773277884070158e+09
8.014899983190193131e-04 -1.985627694264086252e+00 9.329667445563327419e+02 5.161788862092473030e-06 -2.972600455488803028e+00 1.222773277884115934e+09
7.989041929718379651e-04 -1.985249036486872010e+00 9.693108943382480902e+02 1.779645599090644597e-06 -3.785436511277759486e+00 1.222773277884426832e+09
8.086235933738376543e-04 -1.976501593735642270e+00 8.780704371670204864e+02 2.106932981767388340e-06 -3.855327514623057006e+00 1.222773277885290861e+09
8.024107836013944211e-04 -1.982425096495377570e+00 9.197247673458921327e+02 7.357744351502622079e-06 -2.800570355253791277e+00 1.222773277885505915e+09
8.002672828487472590e-04 -1.984785554670395857e+00 8.934295500701438186e+02 4.660012356290738758e-06 -3.175874072291783534e+00 1.222773277887625933e+09
8.092685397435801569e-04 -1.978079876509628132e+00 8.693193908748281729e+02 6.185160736794522372e-06 -2.978343687863560518e+00 1.222773277888048649e+09
8.040214236731313326e-04 -1.977032762398628130e+00 9.439317021913716417e+02 6.079243244036468072e-06 -2.899314006504382313e+00 1.222773277888125181e+09
8.130826529889157795e-04 -1.975944516254366068e+00 8.283700702239666498e+02 2.373631626897590837e-06 -3.648098631812465520e+00 1.222773277890009642e+09
8.188373385017224141e-04 -1.968204701180800154e+00 8.164182767806937591e+02 3.128534155154290130e-06 -3.450233865674940503e+00 1.222773277892214537e+09
8.080246336667765627e-04 -1.974582058936676709e+00 8.603548268113597715e+02 3.062336402278658178e-06 -3.469020696894365763e+00 1.222773277893084764e+09
8.106473645033922650e-04 -1.978261568969231998e+00 8.125335938756974201e+02 2.327304087533788984e-06 -3.666788435644916078e+00 1.222773277893884182e+09
8.097845504248148011e-04 -1.976080687101021249e+00 8.561937983136647290e+02 2.095956146543753520e-06 -3.861893394315334405e+00 1.222773277894185781e+09
7.937660321333785346e-04 -1.992846662664306212e+00 9.655238825778011460e+02 2.787966579493916586e-06 -3.507338141196603587e+00 1.222773277895472050e+09
8.201002625676833465e-04 -1.965167858369451848e+00 7.989741548187935223e+02 4.025511908304076608e-06 -3.228173502143647511e+00 1.222773277895610571e+09
8.026628785254728490e-04 -1.980991121013926604e+00 9.639946181354717964e+02 2.120653015872810918e-06 -3.792415156906310258e+00 1.222773277895694017e+09
8.122003116194029260e-04 -1.971660508213122887e+00 8.342351411810669788e+02 2.733502688716922091e-06 -3.426963727023171202e+00 1.222773277896413565e+09
8.220166989352902442e-04 -1.966680054485379525e+00 7.729373957959588779e+02 5.240664236841159553e-06 -3.082202101970578312e+00 1.222773277898573399e+09
8.106421746722249078e-04 -1.976070704815038326e+00 8.864210560761513307e+02 4.076915961351176969e-06 -3.194661853522172024e+00 1.222773277899329424e+09
8.110820564376858754e-04 -1.974307586618544663e+00 8.523716681685258436e+02 1.738868599792152736e-06 -3.961207018021370985e+00 1.222773277900098324e+09
7.945328350535480399e-04 -1.987665459494425191e+00 9.682255503616898977e+02 1.517098912710999585e-06 -3.919567190319404482e+00 1.222773277900813103e+09
7.996964851335227860e-04 -1.982460812097503577e+00 9.538668159945541447e+02 2.709140298003517192e-06 -3.370010637505802542e+00 1.222773277902022600e+09
8.059422400322843348e-04 -1.980275975976593328e+00 8.885917905288772545e+02 5.901372643071149836e-06 -3.039557094738517762e+00 1.222773277903027296e+09
8.015471563784783105e-04 -1.979003672425297733e+00 9.777840723726776559e+02 4.654047954329460166e-06 -2.995447316919234382e+00 1.222773277903575897e+09
8.004286002363931963e-04 -1.981221416162167737e+00 9.864470057593210868e+02 6.565845606156726020e-06 -2.881592264747951937e+00 1.222773277905500889e+09
8.059952290525184858e-04 -1.976855781086720665e+00 8.818704783489492911e+02 1.594481055424354543e-06 -3.929253598893443389e+00 1.222773277906382561e+09
8.053739644033372069e-04 -1.976724572900732113e+00 9.468079340069072032e+02 5.522834588094285338e-06 -2.884856864601879067e+00 1.222773277906391144e+09
8.109915882637247888e-04 -1.975018647046338227e+00 8.664642822323104383e+02 7.250760186823145233e-06 -2.669283791264513539e+00 1.222773277907342434e+09
7.948750902773822581e-04 -1.987474618052928133e+00 9.687348913169846583e+02 1.882343427336057407e-06 -3.934098102716765410e+00 1.222773277907792568e+09
7.921861369336727961e-04 -1.993577839719825606e+00 9.877596076606549786e+02 3.811111851934336345e-06 -3.212336585752552764e+00 1.222773277907997608e+09
8.010506764823088462e-04 -1.980584407942526104e+00 9.668297477050509769e+02 2.469154610622416643e-06 -3.487469297860863904e+00 1.222773277908343315e+09
8.220557308984224355e-04 -1.967219328675199108e+00 7.488623666235731662e+02 4.699983947534029921e-06 -3.067942031245449286e+00 1.222773277909615278e+09
8.187509559246250804e-04 -1.969908256837067828e+00 7.714268852840423278e+02 4.285609399860004406e-06 -3.257267048255232389e+00 1.222773277909804821e+09
8.109807017448291203e-04 -1.975278484482771102e+00 8.684349260613988690e+02 4.673669286093594181e-06 -3.233343075154644808e+00 1.222773277910574675e+09
8.080610690082441067e-04 -1.979561277904080985e+00 8.627844579192593528e+02 1.693970149614127929e-06 -3.925616541411315552e+00 1.222773277910700321e+09
7.981367815122858379e-04 -1.985572335885372963e+00 9.605569400497873858e+02 1.647869851817718130e-06 -3.824626624870251845e+00 1.222773277911730289e+09
8.181976019685635376e-04 -1.968637000506527013e+00 7.995196049689833444e+02 2.044202645374350883e-06 -3.755666568739948197e+00 1.222773277911741734e+09
8.121815835822569904e-04 -1.975040584716519110e+00 8.583774622574867408e+02 5.842811820396095778e-06 -2.845482305281467283e+00 1.222773277912128448e+09
7.955005593392878689e-04 -1.987344481120044914e+00 9.734280598943468021e+02 6.588891814767371070e-06 -2.885793316980461043e+00 1.222773277912993431e+09
8.030541812696313439e-04 -1.978909397627640621e+00 8.988438776646022461e+02 3.131690937037756987e-06 -3.465315702925992447e+00 1.222773278022241831e+09
8.028056324734107437e-04 -1.979965104368669682e+00 9.086920875274370246e+02 2.549351152250411253e-06 -3.494921716828264913e+00 1.222773278335182667e+09
8.045543519366511222e-04 -1.981797843122302893e+00 8.942616095310952460e+02 4.030058182067746429e-06 -3.179666534598372785e+00 1.222773278628065825e+09
8.045543519366511222e-04 -1.981797843122302893e+00 8.942616095310952460e+02 4.030058182067746429e-06 -3.179666534598372785e+00 1.222773278628065825e+09
8.031359444367140157e-04 -1.980241606628863948e+00 9.331773522313201283e+02 4.317752990239382861e-06 -3.233540907908407647e+00 1.222773278675718069e+09
8.040470625987325209e-04 -1.981094129859983344e+00 9.115311458371302251e+02 1.689180743789503301e-06 -3.925679864111293327e+00 1.222773278264389515e+09
8.040470625987325209e-04 -1.981094129859983344e+00 9.115311458371302251e+02 1.689180743789503301e-06 -3.925679864111293327e+00 1.222773278264389515e+09
8.039930538394185174e-04 -1.978480714264716500e+00 9.193892588114833870e+02 2.517802356491092262e-06 -3.681482472274160145e+00 1.222773278198649406e+09
8.027639144156237987e-04 -1.979273624194191061e+00 9.798783531427391154e+02 4.682258249360307171e-06 -3.058899235416836504e+00 1.222773278009148121e+09
7.906709230036162907e-04 -1.993914056266391288e+00 9.977093460627379500e+02 4.392844498730648878e-06 -3.136511724360402376e+00 1.222773278167927742e+09
7.971618686715498461e-04 -1.987112853846172644e+00 9.998429476832917544e+02 3.695845049419798512e-06 -3.253191976892580328e+00 1.222773278445641518e+09
7.971618686715498461e-04 -1.987112853846172644e+00 9.998429476832917544e+02 3.695845049419798512e-06 -3.253191976892580328e+00 1.222773278445641518e+09
7.965624593748001428e-04 -1.989228815943806072e+00 9.599419595877417350e+02 5.418480271896276043e-06 -3.101763393201283137e+00 1.222773277938676834e+09
8.017943726791032771e-04 -1.981888636517687319e+00 9.220143184103553722e+02 4.778981717755390723e-06 -3.153014438279714504e+00 1.222773278604304075e+09
8.017943726791032771e-04 -1.981888636517687319e+00 9.220143184103553722e+02 4.778981717755390723e-06 -3.153014438279714504e+00 1.222773278604304075e+09
8.006649752203510648e-04 -1.982221396971544314e+00 9.490577123801627977e+02 1.597501053610301492e-06 -3.980822595811804199e+00 1.222773278276497841e+09
7.985037935682899601e-04 -1.982992011430405377e+00 9.518986637622160742e+02 3.825229481676027932e-06 -3.249412777556141663e+00 1.222773278586140156e+09
7.985037935682899601e-04 -1.982992011430405377e+00 9.518986637622160742e+02 3.825229481676027932e-06 -3.249412777556141663e+00 1.222773278586140156e+09
7.977398668243555670e-04 -1.985302751051485348e+00 9.729547038538726156e+02 3.615918577728272491e-06 -3.237934531141306138e+00 1.222773278772269487e+09
7.977398668243555670e-04 -1.985302751051485348e+00 9.729547038538726156e+02 3.615918577728272491e-06 -3.237934531141306138e+00 1.222773278772269487e+09
7.927928324557606370e-04 -1.988786636911203720e+00 9.975511804596051206e+02 2.571633997033671730e-06 -3.491834859776895783e+00 1.222773278347517490e+09
7.927928324557606370e-04 -1.988786636911203720e+00 9.975511804596051206e+02 2.571633997033671730e-06 -3.491834859776895783e+00 1.222773278347517490e+09
7.971103236842820312e-04 -1.986549155601055494e+00 9.413892890637774826e+02 1.515893571585533800e-06 -3.950280902805056726e+00 1.222773278093289137e+09
8.034928836088108461e-04 -1.977414728801880628e+00 9.329968000289137535e+02 2.529395762989206538e-06 -3.511678158604979672e+00 1.222773277974081039e+09
8.040772361805893472e-04 -1.983145484189649199e+00 8.851482695100323781e+02 3.397416237194872846e-06 -3.379073235418667664e+00 1.222773278569575071e+09
8.031262330324912338e-04 -1.977799481356348643e+00 9.722390124662538256e+02 3.268824565395018057e-06 -3.381960745005621050e+00 1.222773277926289320e+09
7.974454077972595355e-04 -1.986187689860104300e+00 9.451915044512717259e+02 2.651398922135651313e-06 -3.528617235968671828e+00 1.222773278716458321e+09
8.017607612218409811e-04 -1.979931153734866278e+00 9.553316358627075715e+02 5.546207796491190439e-06 -2.999660675474098426e+00 1.222773278317930222e+09
7.967801879435052392e-04 -1.987400499796196263e+00 9.720682670497188838e+02 4.665650971396619142e-06 -3.156357586207533927e+00 1.222773278793355465e+09
7.967801879435052392e-04 -1.987400499796196263e+00 9.720682670497188838e+02 4.665650971396619142e-06 -3.156357586207533927e+00 1.222773278793355465e+09
8.056413028058312517e-04 -1.978818920720099239e+00 9.197554157820846967e+02 1.998637707725012242e-06 -3.862558741060136747e+00 1.222773277979686499e+09
7.950342614286471949e-04 -1.990566613410281738e+00 9.758803200078260716e+02 3.311740705983690434e-06 -3.501715084506566100e+00 1.222773278268745899e+09
7.979011482887596925e-04 -1.985064087187032644e+00 9.187315072278329353e+02 3.749072609237098797e-06 -3.292619197286992261e+00 1.222773278054206848e+09
7.955612415826358082e-04 -1.984602001101168689e+00 9.994801376280282739e+02 3.183090201745083630e-06 -3.256817061062786678e+00 1.222773277932938099e+09
8.017298862643687995e-04 -1.985293578852076468e+00 8.945650358303141729e+02 4.882158597803450644e-06 -3.040524982304491530e+00 1.222773278201920509e+09
7.966354967216170363e-04 -1.987271880934215362e+00 9.696667130101986913e+02 4.176394388865233905e-06 -3.321665065960287322e+00 1.222773278348762989e+09
7.976950742540519753e-04 -1.988284729247695504e+00 9.907811372568954766e+02 4.287936133146140026e-06 -3.249963622889323389e+00 1.222773278068449736e+09
8.007208273087412526e-04 -1.983515924652687001e+00 9.666870059264433621e+02 7.327177933021022738e-06 -2.764162986590871895e+00 1.222773278024579763e+09
8.081957491953384136e-04 -1.978570918127140477e+00 8.759551084753882151e+02 1.705261155983735190e-06 -3.914278040692998673e+00 1.222773277946806669e+09
7.954985267597791936e-04 -1.989111558948866598e+00 9.691856784226015407e+02 4.287453576536527797e-06 -3.130868057946809557e+00 1.222773278608227730e+09
7.934077779808272092e-04 -1.990537499334161131e+00 9.961260064662703826e+02 3.051838507404623589e-06 -3.341433387859018111e+00 1.222773278260298014e+09
8.014749214708047614e-04 -1.979947159611365803e+00 9.460771570064803200e+02 3.974665988688338049e-06 -3.085922565506786341e+00 1.222773278086982489e+09
8.028609096601668207e-04 -1.980622036353552717e+00 9.492999542618132409e+02 3.933884659409206783e-06 -3.296008425426022903e+00 1.222773278640753508e+09
8.028609096601668207e-04 -1.980622036353552717e+00 9.492999542618132409e+02 3.933884659409206783e-06 -3.296008425426022903e+00 1.222773278640753508e+09
7.959382290096666396e-04 -1.988281472514186854e+00 9.306519247456028552e+02 2.276130603015282437e-06 -3.644699872100662930e+00 1.222773278071885586e+09
7.978267517731895591e-04 -1.985901340294499828e+00 9.365496848818896751e+02 1.669797616027388722e-06 -4.007438198369509763e+00 1.222773278063213825e+09
7.973737999909999690e-04 -1.983147052496562868e+00 9.960130577868719683e+02 4.695914208770600173e-06 -3.012343232365853218e+00 1.222773278378070116e+09
7.973737999909999690e-04 -1.983147052496562868e+00 9.960130577868719683e+02 4.695914208770600173e-06 -3.012343232365853218e+00 1.222773278378070116e+09
7.944907553193694596e-04 -1.992385809012378717e+00 9.559512012401149832e+02 3.333925333936586625e-06 -3.414945521043559751e+00 1.222773278003285408e+09
7.980611251752622740e-04 -1.988853272887243229e+00 9.478919257355565833e+02 4.359563661949323976e-06 -3.166243125635462619e+00 1.222773278219060659e+09
7.975217966206216104e-04 -1.983044372766387120e+00 9.768324541198599036e+02 3.919363280861919450e-06 -3.117563347347600100e+00 1.222773278167405844e+09
7.993650401955922037e-04 -1.984756106209275561e+00 9.407900054080444079e+02 2.610887338060783382e-06 -3.575588430845224153e+00 1.222773278872240067e+09
7.993650401955922037e-04 -1.984756106209275561e+00 9.407900054080444079e+02 2.610887338060783382e-06 -3.575588430845224153e+00 1.222773278872240067e+09
8.044486409897019970e-04 -1.981383193817904065e+00 8.853817088204118591e+02 1.835459640051652456e-06 -3.960603234621274282e+00 1.222773277975483894e+09
7.986469893846303994e-04 -1.984381477327300969e+00 9.806814203486887891e+02 3.140987732488241698e-06 -3.420674276218090171e+00 1.222773278848754883e+09
7.986469893846303994e-04 -1.984381477327300969e+00 9.806814203486887891e+02 3.140987732488241698e-06 -3.420674276218090171e+00 1.222773278848754883e+09
7.996291142774655802e-04 -1.983704474702375986e+00 9.338529941962613066e+02 2.709144409834630774e-06 -3.470670816616550525e+00 1.222773278633637190e+09
8.026709727292321347e-04 -1.981089379882525758e+00 9.201504659038301952e+02 2.327023192949945095e-06 -3.765678939498830147e+00 1.222773278314784050e+09
7.960540920037770252e-04 -1.989511572266850603e+00 9.729832517224594994e+02 6.311742989200829865e-06 -2.846948246154871853e+00 1.222773278072279215e+09
8.014716338891674993e-04 -1.983557240523408982e+00 9.311570966794553215e+02 1.662293274165118600e-06 -3.900912615242349446e+00 1.222773278206143856e+09
8.029466279333846712e-04 -1.978975492731195551e+00 9.423014222033691567e+02 4.690566840796557855e-06 -2.994123166219907262e+00 1.222773278327540874e+09
8.013394583235760107e-04 -1.981003531185277167e+00 9.407983350229716280e+02 3.906068205367384801e-06 -3.334751054877941101e+00 1.222773278434346199e+09
8.021910751497880352e-04 -1.980555526515260123e+00 9.386840337409828408e+02 4.033198173450299471e-06 -3.274607040147401449e+00 1.222773278719153643e+09
7.986913954846560108e-04 -1.982090188304682865e+00 9.557063773655252135e+02 1.941336609475808555e-06 -3.779289722039631982e+00 1.222773278128892660e+09
8.035369789490436673e-04 -1.983049132205995324e+00 8.855729029944301374e+02 2.826733334629545781e-06 -3.433860233872607637e+00 1.222773278267691135e+09
8.054877715825363828e-04 -1.980741699404507505e+00 9.183355270356602205e+02 5.459224759018220416e-06 -3.053526379812708136e+00 1.222773278168157101e+09
7.959879605141141623e-04 -1.989155884799704177e+00 9.830417772412700970e+02 3.333913367526783195e-06 -3.476194442720037969e+00 1.222773278521082163e+09
7.959879605141141623e-04 -1.989155884799704177e+00 9.830417772412700970e+02 3.333913367526783195e-06 -3.476194442720037969e+00 1.222773278521082163e+09
7.928446907576133405e-04 -1.990971966175149710e+00 9.929976486533257685e+02 3.113164908699626214e-06 -3.290273814869213886e+00 1.222773277926453114e+09
8.006147606311144653e-04 -1.983518641344252043e+00 9.199137705048375437e+02 3.330565059350226863e-06 -3.219268091924050168e+00 1.222773278051413536e+09
7.990573210072903464e-04 -1.987189864618171597e+00 8.965945213753713006e+02 3.774204697739819963e-06 -3.251889716386575202e+00 1.222773277983332872e+09
7.944921305036763831e-04 -1.990959320472485361e+00 9.655798243413398723e+02 4.335830816665845013e-06 -3.274948227028391834e+00 1.222773278105991602e+09
7.963440301138880991e-04 -1.987698349592015523e+00 9.902562458620583357e+02 2.748727101068697326e-06 -3.690281841213940872e+00 1.222773277954546213e+09
7.991775871163029309e-04 -1.985454699280985391e+00 9.286217810906476871e+02 4.264204555224138769e-06 -3.174448357746358695e+00 1.222773278773358822e+09
7.991775871163029309e-04 -1.985454699280985391e+00 9.286217810906476871e+02 4.264204555224138769e-06 -3.174448357746358695e+00 1.222773278773358822e+09
7.981496365134867254e-04 -1.984488420386516738e+00 9.832306723616720774e+02 1.581101913460229046e-06 -4.041592022658931249e+00 1.222773278050752878e+09
8.018373373323490257e-04 -1.983183200926291301e+00 9.439400199294130971e+02 2.682399392117981369e-06 -3.507062950743090823e+00 1.222773278413075924e+09
7.952453560406844363e-04 -1.986619151784741355e+00 9.879616733670435451e+02 1.242636139850094216e-06 -4.132245151504958969e+00 1.222773278041496754e+09
7.990840550365544510e-04 -1.984939222513692592e+00 9.436561570817028723e+02 3.032242988144488189e-06 -3.325886723882502061e+00 1.222773278312022924e+09
8.020626460060263207e-04 -1.982157305514460344e+00 9.207252013330277123e+02 1.862493631079971385e-06 -3.927359526455517447e+00 1.222773278261897326e+09
8.047256982824073238e-04 -1.976893139047520620e+00 9.257747175160984625e+02 2.343399642758301222e-06 -3.570488216761726008e+00 1.222773277986917973e+09
7.973017080564940131e-04 -1.982784839930965104e+00 9.879531654718283562e+02 1.733484682066162933e-06 -3.869758656507113592e+00 1.222773277983961344e+09
7.961801038681534009e-04 -1.988757166918857067e+00 9.926192120802621730e+02 4.607648555404741772e-06 -3.191783765183400234e+00 1.222773278522346973e+09
8.008468978710561736e-04 -1.984432480042335190e+00 9.487305478077064436e+02 3.339268621333700002e-06 -3.429225637755889622e+00 1.222773278702034473e+09
8.005502616253496644e-04 -1.984589640821780687e+00 9.062245860958308867e+02 4.333135813954444626e-06 -3.250969147791045621e+00 1.222773278330612183e+09
7.984684710870910886e-04 -1.987377306340119221e+00 9.388296124003056775e+02 5.846041620254416732e-06 -2.848928869298202216e+00 1.222773278026676655e+09
7.937702859128409946e-04 -1.991191100427619709e+00 9.845735920530009935e+02 4.261654641120062151e-06 -3.325750839594333819e+00 1.222773277921297312e+09
7.980671192029774189e-04 -1.983059136043868076e+00 9.644187487426089547e+02 5.045767529250214685e-06 -2.995714224432488137e+00 1.222773278415877581e+09
7.999173706047462513e-04 -1.983880376615204444e+00 9.125528157429225757e+02 3.570199302500168657e-06 -3.226826058210663817e+00 1.222773278326121330e+09
8.023432137375849892e-04 -1.984081541103729363e+00 9.078290242637970096e+02 3.402080983873350420e-06 -3.381343146721990323e+00 1.222773278719130993e+09
8.004955138143088345e-04 -1.984139623743589542e+00 9.455542959116160091e+02 4.305844237536094550e-06 -3.223616142245668392e+00 1.222773278851280451e+09
8.004955138143088345e-04 -1.984139623743589542e+00 9.455542959116160091e+02 4.305844237536094550e-06 -3.223616142245668392e+00 1.222773278851280451e+09
8.004278209655286708e-04 -1.981888225693284600e+00 9.559929228495776670e+02 2.696171830702376451e-06 -3.579534315828074575e+00 1.222773278705234766e+09
8.004278209655286708e-04 -1.981888225693284600e+00 9.559929228495776670e+02 2.696171830702376451e-06 -3.579534315828074575e+00 1.222773278705234766e+09
7.969789592451333561e-04 -1.985210335064495180e+00 9.713883017114817449e+02 3.939946515722600873e-06 -3.109772356668090154e+00 1.222773278374252558e+09
7.969789592451333561e-04 -1.985210335064495180e+00 9.713883017114817449e+02 3.939946515722600873e-06 -3.109772356668090154e+00 1.222773278374252558e+09
8.002025455556291758e-04 -1.983711938246240702e+00 9.379443672706375992e+02 4.334511667871191848e-06 -3.285130101635937550e+00 1.222773278349706173e+09
7.973338833645978374e-04 -1.984496839196304485e+00 9.542571875564302673e+02 2.764171335053570209e-06 -3.592834169205167960e+00 1.222773278346690416e+09
7.953102249607519854e-04 -1.990193035935897470e+00 9.769993677663253493e+02 2.211762142611698649e-06 -3.712429517977307469e+00 1.222773278359427691e+09
8.032293837076147575e-04 -1.980839625174694030e+00 9.412301495804852038e+02 1.854902479015638782e-06 -3.832326830339532364e+00 1.222773278133603573e+09
8.035800555428965902e-04 -1.983685667760390237e+00 9.005925316303638510e+02 2.811547424289747709e-06 -3.461425496695223814e+00 1.222773278120499611e+09
7.945819576771970261e-04 -1.990003060846866845e+00 9.876570101366723975e+02 1.968391321352294807e-06 -3.765562132338322598e+00 1.222773278340076447e+09
7.967850943411805336e-04 -1.988191492594594489e+00 9.344487245822066370e+02 3.466026494984900379e-06 -3.375894128262844518e+00 1.222773278529411793e+09
8.021723950348724113e-04 -1.983683490652075054e+00 9.386171596881729329e+02 1.910644397933616632e-06 -3.887333118436655965e+00 1.222773277996122837e+09
8.008779526693775991e-04 -1.982456002140873252e+00 9.911513688883979967e+02 3.192735798998147851e-06 -3.489323537631311645e+00 1.222773278011872530e+09
8.030976587790144249e-04 -1.983863985996604073e+00 8.768186679010001399e+02 3.130149029759677783e-06 -3.483244990985149059e+00 1.222773278383867025e+09
7.954147538215938350e-04 -1.989372956289658489e+00 9.527934894935009424e+02 2.064820191793208862e-06 -3.755079250388424050e+00 1.222773278390359163e+09
7.976504409071351375e-04 -1.985161547176403252e+00 9.935614797420773812e+02 4.673434593598345376e-06 -3.089830195647873978e+00 1.222773278813536882e+09
7.976504409071351375e-04 -1.985161547176403252e+00 9.935614797420773812e+02 4.673434593598345376e-06 -3.089830195647873978e+00 1.222773278813536882e+09
7.968253968031894022e-04 -1.983384660449379444e+00 9.854483752414669198e+02 2.699529755808196690e-06 -3.410428180052944569e+00 1.222773277970810413e+09
8.002263175043443410e-04 -1.984302162642191725e+00 9.049400742051991529e+02 1.773161005048739040e-06 -3.810499940168867283e+00 1.222773278053808451e+09
8.024790387303931726e-04 -1.980973816928529807e+00 9.176578462396356599e+02 3.180404185403011405e-06 -3.426893869988878905e+00 1.222773278877091646e+09
8.024790387303931726e-04 -1.980973816928529807e+00 9.176578462396356599e+02 3.180404185403011405e-06 -3.426893869988878905e+00 1.222773278877091646e+09
7.988465308432243870e-04 -1.983500004199562516e+00 9.923628847197940104e+02 4.899791165974523378e-06 -3.090017807165321706e+00 1.222773278652896643e+09
7.988465308432243870e-04 -1.983500004199562516e+00 9.923628847197940104e+02 4.899791165974523378e-06 -3.090017807165321706e+00 1.222773278652896643e+09
8.073091307478420017e-04 -1.975061202659809778e+00 9.051432900967973865e+02 2.259378839139518526e-06 -3.718367953113215663e+00 1.222773277995840549e+09
7.994848738138142117e-04 -1.984820294296787635e+00 9.254736278183095237e+02 4.815312437695880331e-06 -3.052562477358826243e+00 1.222773278642226696e+09
7.994848738138142117e-04 -1.984820294296787635e+00 9.254736278183095237e+02 4.815312437695880331e-06 -3.052562477358826243e+00 1.222773278642226696e+09
7.982328992689946209e-04 -1.984650774467183965e+00 9.827001587069511288e+02 2.126100732604156382e-06 -3.867162660055772250e+00 1.222773277927265882e+09
7.982958680363202043e-04 -1.987977245879199995e+00 9.343229507052740246e+02 4.231343903261993385e-06 -3.178487788370052414e+00 1.222773278461538553e+09
7.982958680363202043e-04 -1.987977245879199995e+00 9.343229507052740246e+02 4.231343903261993385e-06 -3.178487788370052414e+00 1.222773278461538553e+09
8.035848553366939243e-04 -1.976953077631084410e+00 9.466482813324111021e+02 3.946394335018048067e-06 -3.251876658100643525e+00 1.222773278036201954e+09
8.011634080898108858e-04 -1.985485410873661927e+00 9.129337990202639048e+02 3.800932749694730073e-06 -3.194895982732481876e+00 1.222773278209638119e+09
7.961999085810873584e-04 -1.983985472804367989e+00 9.914481380027236810e+02 3.678065462524724479e-06 -3.251063644678443332e+00 1.222773278454391003e+09
7.961999085810873584e-04 -1.983985472804367989e+00 9.914481380027236810e+02 3.678065462524724479e-06 -3.251063644678443332e+00 1.222773278454391003e+09
8.023115016297173614e-04 -1.983226489380446322e+00 9.367023598063570944e+02 1.981531689017094470e-06 -3.767211872884716151e+00 1.222773278101455927e+09
8.048697301197316493e-04 -1.980834737533066825e+00 9.026699466515362928e+02 4.546394233105526691e-06 -3.262442476834568339e+00 1.222773278154956341e+09
8.056172586329624942e-04 -1.979318579294130354e+00 8.622960010435053846e+02 1.649208734275729284e-06 -3.961173677623785139e+00 1.222773278016494036e+09
7.997930992343719450e-04 -1.983372059584633362e+00 9.777924041508005075e+02 4.414814979372588492e-06 -3.028381087300910046e+00 1.222773278210675955e+09
7.979097452972361108e-04 -1.986924855593823924e+00 9.543541790870127670e+02 7.020778675521286539e-06 -2.754739952262040603e+00 1.222773278095640182e+09
8.019418426780231977e-04 -1.982735365916530323e+00 9.541311148811166731e+02 4.964057734247195377e-06 -3.191984989212292234e+00 1.222773277952393770e+09
8.040362423490985235e-04 -1.978291637831696814e+00 9.273986647280908073e+02 2.096315095487471658e-06 -3.783595166839620383e+00 1.222773278221182585e+09
7.992773781412116328e-04 -1.981622192272044503e+00 9.850320428931056540e+02 2.661595489137725551e-06 -3.598884312673562569e+00 1.222773278323487759e+09
7.981428211470675002e-04 -1.982832794242319618e+00 9.552655714564668870e+02 1.825233400894150576e-06 -3.862056233769883384e+00 1.222773278088593245e+09
7.959581749707559132e-04 -1.989542877206470939e+00 9.531557563207379644e+02 3.139094236683267591e-06 -3.564514792937666599e+00 1.222773278031325817e+09
8.035999111767810552e-04 -1.981800535329350632e+00 8.945036685325852659e+02 2.615497439088789291e-06 -3.447994282366900087e+00 1.222773278141333103e+09
8.033693212284895128e-04 -1.978939450132523037e+00 9.470802647735603159e+02 4.860503923006627427e-06 -2.985324656253218301e+00 1.222773278365276337e+09
8.033693212284895128e-04 -1.978939450132523037e+00 9.470802647735603159e+02 4.860503923006627427e-06 -2.985324656253218301e+00 1.222773278365276337e+09
7.916718822084295492e-04 -1.993598749175534035e+00 9.964365587678639713e+02 3.989122714796557910e-06 -3.271039430438900553e+00 1.222773278342662334e+09
7.920631047848150164e-04 -1.992289013364939354e+00 9.902690792551526329e+02 2.819618129553486990e-06 -3.596607011085020567e+00 1.222773278408949852e+09
7.991353126254675853e-04 -1.982106888156361268e+00 9.777225023906286197e+02 4.412115997052550747e-06 -3.123700368800214733e+00 1.222773278652153254e+09
7.986332239595955338e-04 -1.986941775589483594e+00 9.275808809250244167e+02 4.383231900512730125e-06 -3.087613777957121997e+00 1.222773278344277143e+09
8.030167680595969720e-04 -1.979243304825155647e+00 9.346271400909556633e+02 4.340120426309054733e-06 -3.035995920584736218e+00 1.222773278298494339e+09
8.031822806135511085e-04 -1.980320177322259845e+00 9.467086909248170059e+02 2.209589998634492814e-06 -3.688196880194766436e+00 1.222773278289156199e+09
8.017012759909746900e-04 -1.979984810516673299e+00 9.586044062658238545e+02 5.583759864964209688e-06 -2.839547386435135046e+00 1.222773278143697977e+09
8.053233230194174622e-04 -1.979474102135375446e+00 9.233487576465693110e+02 3.804304157824605511e-06 -3.298826789201957155e+00 1.222773278631847620e+09
8.053233230194174622e-04 -1.979474102135375446e+00 9.233487576465693110e+02 3.804304157824605511e-06 -3.298826789201957155e+00 1.222773278631847620e+09
7.970161143241764282e-04 -1.989143589207471363e+00 9.477537949237672592e+02 1.827617041970669016e-06 -3.866852859695389277e+00 1.222773278099154234e+09
7.959197591718087175e-04 -1.989788730431112818e+00 9.470534511319780222e+02 2.406636158732990597e-06 -3.661059672942728938e+00 1.222773278386984348e+09
8.026072698116185717e-04 -1.982444680316095997e+00 9.038934354971615903e+02 2.711357193677326120e-06 -3.536508342632756374e+00 1.222773278806406498e+09
8.026072698116185717e-04 -1.982444680316095997e+00 9.038934354971615903e+02 2.711357193677326120e-06 -3.536508342632756374e+00 1.222773278806406498e+09
8.043574946565292894e-04 -1.978778797537231515e+00 8.951937427608655753e+02 1.958960595939822549e-06 -3.864713199314860681e+00 1.222773278095876455e+09
7.976590145376358937e-04 -1.984494892391280185e+00 9.451961341489317192e+02 1.632979789039918470e-06 -3.872242349046263854e+00 1.222773278051191568e+09
7.972093046150996410e-04 -1.986666034874690956e+00 9.615747967211589184e+02 4.011277009180526398e-06 -3.161309831208981791e+00 1.222773278733721972e+09
8.022979864555395335e-04 -1.981869071050802678e+00 9.789724973276554465e+02 5.550323862989201061e-06 -2.982191765105650205e+00 1.222773277930310249e+09
8.001637016542887098e-04 -1.985790180698832064e+00 9.596048386258511300e+02 4.984996805683342852e-06 -3.125658318281740122e+00 1.222773278285680771e+09
8.032076301251354564e-04 -1.982465080830117188e+00 9.043357769732937186e+02 2.972601693410514759e-06 -3.605614394887420637e+00 1.222773278200061083e+09
8.004088380018387766e-04 -1.981802816416379898e+00 9.926826907601100629e+02 5.355990052752758990e-06 -3.018261276111878999e+00 1.222773278296740770e+09
7.976996846648042559e-04 -1.986901204096986895e+00 9.161385034177737907e+02 5.111148368666943771e-06 -3.013092599046713893e+00 1.222773277949127197e+09
8.037292968724364531e-04 -1.982368350187011519e+00 9.139010249680143261e+02 6.674507683917604584e-06 -2.784226385472194920e+00 1.222773278184456348e+09
8.062026542899634668e-04 -1.980511590121099230e+00 8.684294794786846978e+02 2.302435526621721851e-06 -3.615887422010376717e+00 1.222773278290302515e+09
7.988231139235853467e-04 -1.983662326423864197e+00 9.589740335833706695e+02 2.943439761716712460e-06 -3.453986887339760337e+00 1.222773278870005846e+09
7.988231139235853467e-04 -1.983662326423864197e+00 9.589740335833706695e+02 2.943439761716712460e-06 -3.453986887339760337e+00 1.222773278870005846e+09
8.045757364281679860e-04 -1.979446387804750795e+00 8.824668330409634791e+02 2.152813901181731642e-06 -3.669054135439599129e+00 1.222773278369339466e+09
8.009193177474358731e-04 -1.985578495897242668e+00 9.134903218535533824e+02 5.186687690553675642e-06 -2.950638045037223378e+00 1.222773278149993896e+09
7.974470867237041290e-04 -1.983775676833815282e+00 9.597117533430202911e+02 4.320157238851193408e-06 -3.242839627345221132e+00 1.222773278050166845e+09
7.994452801586861539e-04 -1.986307656936868282e+00 9.414108889873554062e+02 3.153144627466809736e-06 -3.345605543016157313e+00 1.222773278319647551e+09
7.994452801586861539e-04 -1.986307656936868282e+00 9.414108889873554062e+02 3.153144627466809736e-06 -3.345605543016157313e+00 1.222773278319647551e+09
7.998245714071495474e-04 -1.983275143758338022e+00 9.351505273654120174e+02 4.863777163711285944e-06 -2.959714798396094082e+00 1.222773278405524015e+09
7.998245714071495474e-04 -1.983275143758338022e+00 9.351505273654120174e+02 4.863777163711285944e-06 -2.959714798396094082e+00 1.222773278405524015e+09
7.939791034134137870e-04 -1.990247406789511286e+00 9.877975188462110054e+02 5.965159954135345143e-06 -2.913676225933933495e+00 1.222773278337466478e+09
7.939791034134137870e-04 -1.990247406789511286e+00 9.877975188462110054e+02 5.965159954135345143e-06 -2.913676225933933495e+00 1.222773278337466478e+09
8.031325131746502562e-04 -1.984571143764674472e+00 8.910275354511793466e+02 4.595371216119605987e-06 -3.123600604798665081e+00 1.222773278276312113e+09
7.976363370804754075e-04 -1.987609712845130883e+00 9.505089469234179660e+02 6.838481337005927749e-06 -2.761789995987482982e+00 1.222773278006825447e+09
8.042261721010052211e-04 -1.983219176788415083e+00 8.900246456081571296e+02 2.995659646227087321e-06 -3.480689029230203069e+00 1.222773278452939034e+09
8.042261721010052211e-04 -1.983219176788415083e+00 8.900246456081571296e+02 2.995659646227087321e-06 -3.480689029230203069e+00 1.222773278452939034e+09
7.959196464101446706e-04 -1.986176300860396537e+00 9.933808944556260485e+02 2.097405882057949736e-06 -3.819065206229840470e+00 1.222773278489572525e+09
7.979926027951318160e-04 -1.983423377988245750e+00 9.777907481533648024e+02 5.677992412842054615e-06 -3.014313982729013297e+00 1.222773278153194427e+09
7.956073847447435931e-04 -1.987218801317251149e+00 9.881929119495064242e+02 3.830122839883749625e-06 -3.361407763550224637e+00 1.222773278643753052e+09
7.956073847447435931e-04 -1.987218801317251149e+00 9.881929119495064242e+02 3.830122839883749625e-06 -3.361407763550224637e+00 1.222773278643753052e+09
8.069524529391672871e-04 -1.979313826643204655e+00 8.935872119232366231e+02 2.731217388969042719e-06 -3.584263997251797562e+00 1.222773278475276709e+09
8.069524529391672871e-04 -1.979313826643204655e+00 8.935872119232366231e+02 2.731217388969042719e-06 -3.584263997251797562e+00 1.222773278475276709e+09
7.970869808149786242e-04 -1.988081312675916479e+00 9.565282503352735830e+02 2.445981824170839017e-06 -3.717090884817357832e+00 1.222773278479933500e+09
7.978463171581721795e-04 -1.987305609108548143e+00 9.822860783765465840e+02 3.587369583583982674e-06 -3.290868544481376112e+00 1.222773278434813499e+09
7.978463171581721795e-04 -1.987305609108548143e+00 9.822860783765465840e+02 3.587369583583982674e-06 -3.290868544481376112e+00 1.222773278434813499e+09
8.006510380823364265e-04 -1.983223869897767333e+00 9.494525364674746015e+02 1.505164502222262701e-06 -3.941016845069277075e+00 1.222773277970393658e+09
7.982308485316654293e-04 -1.983910928060305778e+00 9.894987645315992495e+02 2.493336363959164228e-06 -3.569926426940277508e+00 1.222773278581218719e+09
7.925554458786858783e-04 -1.989391757925038196e+00 9.845838389902683048e+02 1.648575065030015090e-06 -3.860610402255593598e+00 1.222773277935230732e+09
7.931733518942732592e-04 -1.989125744479042224e+00 9.860881133283307918e+02 2.365474089869456849e-06 -3.738612357548181109e+00 1.222773278269392490e+09
7.906487063737756846e-04 -1.993906383068289712e+00 9.948659307570441115e+02 1.856156271277536478e-06 -3.878432208134504400e+00 1.222773278080827713e+09
7.937041211260252279e-04 -1.991712800022326979e+00 9.979462184883706186e+02 5.662001418746364795e-06 -3.032052222537592989e+00 1.222773278042264938e+09
7.996118874900972392e-04 -1.984276618715077323e+00 9.245955198340066090e+02 1.708431920206209730e-06 -4.003237098002875527e+00 1.222773278006845951e+09
7.965327361618451023e-04 -1.987041057913035313e+00 9.496478469510013838e+02 3.554119431127946297e-06 -3.337225171061232842e+00 1.222773278743118525e+09
7.965327361618451023e-04 -1.987041057913035313e+00 9.496478469510013838e+02 3.554119431127946297e-06 -3.337225171061232842e+00 1.222773278743118525e+09
8.015711904982450540e-04 -1.980334796970813827e+00 9.146975729304336937e+02 3.616226242773865715e-06 -3.341399622031401506e+00 1.222773278247336626e+09
8.015711904982450540e-04 -1.980334796970813827e+00 9.146975729304336937e+02 3.616226242773865715e-06 -3.341399622031401506e+00 1.222773278247336626e+09
7.985882924558674982e-04 -1.985863953360450740e+00 9.255576545788558178e+02 1.293197799945802411e-06 -4.115378567140406396e+00 1.222773277964142084e+09
7.980033884416664561e-04 -1.984084796357830083e+00 9.873648838932643912e+02 3.923457667739076549e-06 -3.202785409785136927e+00 1.222773278812054873e+09
7.980033884416664561e-04 -1.984084796357830083e+00 9.873648838932643912e+02 3.923457667739076549e-06 -3.202785409785136927e+00 1.222773278812054873e+09
8.002884204836861921e-04 -1.983158519710224166e+00 9.452338852224219181e+02 1.855497112303137386e-06 -3.792142429762503930e+00 1.222773278427976608e+09
8.033384460987481228e-04 -1.981791982841583533e+00 9.077316798947551888e+02 1.619949513343842732e-06 -3.994082176264736717e+00 1.222773278258077621e+09
8.013329893408756939e-04 -1.981315181054194241e+00 9.821102924367272635e+02 4.602229448588550521e-06 -3.196757424850180662e+00 1.222773278176498413e+09
8.013329893408756939e-04 -1.981315181054194241e+00 9.821102924367272635e+02 4.602229448588550521e-06 -3.196757424850180662e+00 1.222773278176498413e+09
7.968685753498423686e-04 -1.985266597680387157e+00 9.305973917144500547e+02 3.053673598053103700e-06 -3.421571038190185376e+00 1.222773277987645864e+09
8.041568479935455984e-04 -1.979752804081537310e+00 9.197047254477117804e+02 2.077909235716577784e-06 -3.802636778308918331e+00 1.222773278430805922e+09
8.021453351838047415e-04 -1.981718421846029310e+00 8.937328895619141349e+02 4.135009195318805214e-06 -3.159541193801333137e+00 1.222773278450276375e+09
8.021453351838047415e-04 -1.981718421846029310e+00 8.937328895619141349e+02 4.135009195318805214e-06 -3.159541193801333137e+00 1.222773278450276375e+09
8.021001134121552448e-04 -1.980057813473728334e+00 9.490725617065807000e+02 2.024865353172518036e-06 -3.724539513399300894e+00 1.222773278252814293e+09
7.932755192034931027e-04 -1.990406001437428962e+00 9.737706704155997386e+02 2.362132164485687426e-06 -3.563590377745148530e+00 1.222773278143772364e+09
7.995804833259564448e-04 -1.982243614779248597e+00 9.926661459077362224e+02 4.306585778678392350e-06 -3.088028705865605517e+00 1.222773278355854511e+09
8.011639819806577311e-04 -1.981037624713157808e+00 9.353437197103553444e+02 5.326996782690795565e-06 -2.970444761359427588e+00 1.222773278536346436e+09
8.030052068363613795e-04 -1.982374594968216774e+00 9.323140803236246938e+02 5.043983727766089903e-06 -3.095744027286642108e+00 1.222773278597201347e+09
8.030052068363613795e-04 -1.982374594968216774e+00 9.323140803236246938e+02 5.043983727766089903e-06 -3.095744027286642108e+00 1.222773278597201347e+09
7.947075097203756822e-04 -1.987445936152686610e+00 9.504899698078183974e+02 3.503794313832559945e-06 -3.355661240036203807e+00 1.222773278001489401e+09
7.987268861057799339e-04 -1.986165310942105577e+00 9.087355798582080979e+02 2.954959375175221677e-06 -3.553413315090958591e+00 1.222773278147671938e+09
8.001959550620636871e-04 -1.983033771175717774e+00 9.136702892797303548e+02 2.391156550186431327e-06 -3.514595478700218045e+00 1.222773277998917341e+09
7.999018855131147633e-04 -1.984422296394694030e+00 9.017059810010225647e+02 2.511176132847781740e-06 -3.621355800206036868e+00 1.222773278327128410e+09
7.997745162538729335e-04 -1.986799487163389166e+00 9.166929623843807349e+02 5.893331689820098190e-06 -2.954138595279962587e+00 1.222773278062466145e+09
7.942619863377317494e-04 -1.989815792534523897e+00 9.465512238463926451e+02 3.760466321644707214e-06 -3.236785228446001916e+00 1.222773278064228773e+09
8.011059776422556518e-04 -1.981110529115757135e+00 9.429017057151262406e+02 2.277537331626737681e-06 -3.762888720838277301e+00 1.222773278251571894e+09
8.006464201269242621e-04 -1.981917710542011823e+00 9.761981722892867310e+02 6.618524950997909326e-06 -2.704437622901254556e+00 1.222773277948256731e+09
7.930905638983056383e-04 -1.990062688813472480e+00 9.812280760539458697e+02 1.537046736612918739e-06 -3.967173416840469535e+00 1.222773278176127195e+09
7.999648901891151433e-04 -1.984983496334578268e+00 9.081920300428540713e+02 1.653891023036023147e-06 -3.896522508439727694e+00 1.222773278118641138e+09
8.052265731993166024e-04 -1.982420131210071768e+00 8.937834400924898546e+02 4.400724968147237200e-06 -3.207576729673444760e+00 1.222773278362438440e+09
7.994665776312562819e-04 -1.986280212873815509e+00 9.625963862841888385e+02 3.317696916521675150e-06 -3.530853616351151025e+00 1.222773277919538975e+09
8.039259353109936244e-04 -1.981204965862559231e+00 9.357096640470332432e+02 2.822504046338619779e-06 -3.448682212467575781e+00 1.222773278121303320e+09
8.022946044925313887e-04 -1.981870703446615423e+00 8.962791809510783878e+02 5.811736680461598070e-06 -2.924578202308095065e+00 1.222773278233574629e+09
7.987292407011398762e-04 -1.985980442730890472e+00 9.464651132714301411e+02 3.033053962129310475e-06 -3.342580909913295706e+00 1.222773278316525221e+09
7.987292407011398762e-04 -1.985980442730890472e+00 9.464651132714301411e+02 3.033053962129310475e-06 -3.342580909913295706e+00 1.222773278316525221e+09
7.989832199497464219e-04 -1.983166985027668083e+00 9.518313566321207873e+02 2.844783725910491809e-06 -3.442649922836864107e+00 1.222773278673400640e+09
8.032845751079857859e-04 -1.982895256917898585e+00 9.157555806853758895e+02 3.866415903389029245e-06 -3.193492976873278266e+00 1.222773278426431179e+09
8.010901248995274228e-04 -1.982520310622333026e+00 9.374896158035676308e+02 2.188936910965021857e-06 -3.768935858696988106e+00 1.222773278611607552e+09
8.028407473344046242e-04 -1.982379288636477055e+00 9.241242100238828243e+02 3.071656221011005573e-06 -3.574169562348860296e+00 1.222773278270496130e+09
8.031688061954030166e-04 -1.978673274210366539e+00 9.458423659244306236e+02 5.519866938569503030e-06 -3.052610560898705749e+00 1.222773277931244373e+09
8.064793636211963325e-04 -1.976172757863572160e+00 9.020109653464145367e+02 2.195918986332366477e-06 -3.652680691604905938e+00 1.222773278193732023e+09
8.009850974292015771e-04 -1.979465209156511252e+00 9.336134664501583984e+02 3.628604876145778374e-06 -3.302328330569545223e+00 1.222773278004940271e+09
8.001670576172252927e-04 -1.983180298967269550e+00 9.087947812267995005e+02 1.678008549344106770e-06 -3.889027940049532006e+00 1.222773278070841312e+09
8.013237982424848598e-04 -1.981749166400154749e+00 9.129015058523480093e+02 1.752067257877481499e-06 -3.954008468815976229e+00 1.222773278050785303e+09
8.010122818663173222e-04 -1.981320360863782160e+00 9.586027989453637019e+02 2.650036498376537148e-06 -3.529827261287095119e+00 1.222773278626408100e+09
8.010122818663173222e-04 -1.981320360863782160e+00 9.586027989453637019e+02 2.650036498376537148e-06 -3.529827261287095119e+00 1.222773278626408100e+09
7.969722354213679052e-04 -1.987574232081360748e+00 9.752498198677673145e+02 4.510873041735600911e-06 -3.148291684560806658e+00 1.222773278820232630e+09
7.969722354213679052e-04 -1.987574232081360748e+00 9.752498198677673145e+02 4.510873041735600911e-06 -3.148291684560806658e+00 1.222773278820232630e+09
8.050712990058555337e-04 -1.982478764596379950e+00 8.509008403732066199e+02 2.240212404954744468e-06 -3.711293284149984828e+00 1.222773278002151966e+09
7.974171551943913267e-04 -1.989117893974427620e+00 9.335688357388233953e+02 3.915693032870349831e-06 -3.221422898675087687e+00 1.222773278223331451e+09
7.986156739378701607e-04 -1.982281268987071243e+00 9.727173660827063486e+02 3.434072249473899155e-06 -3.275527352973800710e+00 1.222773278491509199e+09
7.986156739378701607e-04 -1.982281268987071243e+00 9.727173660827063486e+02 3.434072249473899155e-06 -3.275527352973800710e+00 1.222773278491509199e+09
7.958986178583102658e-04 -1.987972251389351630e+00 9.944426534257822823e+02 2.102387863976704478e-06 -3.784315859234549606e+00 1.222773278589097500e+09
7.958986178583102658e-04 -1.987972251389351630e+00 9.944426534257822823e+02 2.102387863976704478e-06 -3.784315859234549606e+00 1.222773278589097500e+09
7.975897399164201497e-04 -1.986489791646075531e+00 9.322065225563370632e+02 4.198575147268504863e-06 -3.261941613304073506e+00 1.222773278352893353e+09
8.024310361059543151e-04 -1.984141853773236708e+00 9.022888612792211234e+02 3.422431097791277517e-06 -3.421815834643237686e+00 1.222773278625921249e+09
8.024310361059543151e-04 -1.984141853773236708e+00 9.022888612792211234e+02 3.422431097791277517e-06 -3.421815834643237686e+00 1.222773278625921249e+09
8.044368820765454391e-04 -1.978675294452059585e+00 9.529411781079900265e+02 6.514774748173281932e-06 -2.829818974047639379e+00 1.222773278019876003e+09
8.030753161944665427e-04 -1.983926239599614449e+00 8.801860161086951848e+02 3.027290033473193221e-06 -3.394769614754873821e+00 1.222773278200463295e+09
8.049765661656302189e-04 -1.980610013318300888e+00 9.341804955595774800e+02 5.120924617502931958e-06 -3.029965076937175539e+00 1.222773278206746101e+09
8.034254942838647872e-04 -1.978851399127789623e+00 9.427251075432329799e+02 5.182704129493760489e-06 -2.916917532971508464e+00 1.222773278292841196e+09
7.983133036528080153e-04 -1.981117064715082199e+00 9.927141564372666380e+02 4.488650376015919445e-06 -3.061890876138267714e+00 1.222773278028333187e+09
7.990495761907656994e-04 -1.983650938885306747e+00 9.408466129047826598e+02 2.789800015494381482e-06 -3.362068918927218597e+00 1.222773278042556763e+09
8.049857380469754549e-04 -1.981144445780467667e+00 8.873970422838682452e+02 1.712375588537582663e-06 -3.887506556052040985e+00 1.222773278209399939e+09
7.992126441647576587e-04 -1.982797243465586501e+00 9.932632867867548612e+02 5.008456121186630959e-06 -2.965936172551032257e+00 1.222773278377517223e+09
7.992126441647576587e-04 -1.982797243465586501e+00 9.932632867867548612e+02 5.008456121186630959e-06 -2.965936172551032257e+00 1.222773278377517223e+09
8.025936660668418635e-04 -1.980296946245171830e+00 9.403715900018613638e+02 4.890603401576329027e-06 -3.012245980400687806e+00 1.222773278684103012e+09
8.025936660668418635e-04 -1.980296946245171830e+00 9.403715900018613638e+02 4.890603401576329027e-06 -3.012245980400687806e+00 1.222773278684103012e+09
7.981777033327533237e-04 -1.983506743602094113e+00 9.796580759718649460e+02 3.333450298073079730e-06 -3.282421654430096147e+00 1.222773278559989691e+09
7.934102946732320312e-04 -1.988407946148290417e+00 9.732706105034842494e+02 3.759588574289164157e-06 -3.253177509011686119e+00 1.222773278258654594e+09
7.934102946732320312e-04 -1.988407946148290417e+00 9.732706105034842494e+02 3.759588574289164157e-06 -3.253177509011686119e+00 1.222773278258654594e+09
7.971322063696973563e-04 -1.984302371695443767e+00 9.562381524325930968e+02 5.716431581299700711e-06 -2.957342593924673579e+00 1.222773277968457699e+09
7.983269235706888121e-04 -1.985478938800793625e+00 9.614035106672985194e+02 3.890045044489263539e-06 -3.134600360424220966e+00 1.222773278437926769e+09
7.983269235706888121e-04 -1.985478938800793625e+00 9.614035106672985194e+02 3.890045044489263539e-06 -3.134600360424220966e+00 1.222773278437926769e+09
7.989250941194602981e-04 -1.988467782101836390e+00 9.370229353961808556e+02 2.863683058559487661e-06 -3.479595821388174137e+00 1.222773277941900969e+09
8.027814286312352386e-04 -1.982321380699757274e+00 9.324399719373468542e+02 2.789707418793361725e-06 -3.607461026877240684e+00 1.222773278503992558e+09
8.027814286312352386e-04 -1.982321380699757274e+00 9.324399719373468542e+02 2.789707418793361725e-06 -3.607461026877240684e+00 1.222773278503992558e+09
8.040134571875737299e-04 -1.980205073098061375e+00 8.738301845578230314e+02 1.976071152338719141e-06 -3.762387505904722040e+00 1.222773278153508663e+09
8.046326394503262435e-04 -1.976853232762262103e+00 9.164038058781716245e+02 2.771399456621860660e-06 -3.522683098440008820e+00 1.222773278243086576e+09
8.047139470381147906e-04 -1.976283228131430425e+00 9.445871818217917735e+02 3.273436615571808879e-06 -3.332257925720401914e+00 1.222773277971070766e+09
7.963006490200283697e-04 -1.986534872376206629e+00 9.955288831137847865e+02 1.829343282989325683e-06 -3.925186724462100152e+00 1.222773278368881702e+09
7.951269913093957390e-04 -1.986927562105314848e+00 9.835348018860960337e+02 3.628781398864808736e-06 -3.212904545170962578e+00 1.222773278568433523e+09
7.948960044014126251e-04 -1.988389301853299873e+00 9.998472597378051887e+02 4.658874196332172839e-06 -3.214510640637188388e+00 1.222773278473653316e+09
7.948960044014126251e-04 -1.988389301853299873e+00 9.998472597378051887e+02 4.658874196332172839e-06 -3.214510640637188388e+00 1.222773278473653316e+09
7.993839884306698593e-04 -1.980331868274429530e+00 9.872673636112103850e+02 5.159598699526077080e-06 -2.936310480682326585e+00 1.222773277947988033e+09
8.032631586126039776e-04 -1.981052751453006078e+00 9.369020337194328931e+02 5.096496153511835068e-06 -3.139175462711254028e+00 1.222773278298561335e+09
7.986050337294087805e-04 -1.984744694445972790e+00 9.223280954519588022e+02 3.246181046425665400e-06 -3.398492449923958603e+00 1.222773278508306980e+09
8.057845459387208073e-04 -1.982238740489171924e+00 8.971527151693325095e+02 3.171698980314799541e-06 -3.477812001017904997e+00 1.222773278045631409e+09
8.023185600598357458e-04 -1.981858513222907625e+00 9.461235066736942372e+02 2.378908126369097826e-06 -3.538463274218725196e+00 1.222773277965532541e+09
8.005131005286718511e-04 -1.980889970924676113e+00 9.687094054791117514e+02 3.130011884829801345e-06 -3.302110570612644125e+00 1.222773278151812077e+09
8.049056720498030341e-04 -1.982924274101619311e+00 8.556095067812016168e+02 3.112871156410988286e-06 -3.502450466206707524e+00 1.222773278104136944e+09
8.040338550140322359e-04 -1.979119247258722902e+00 9.006366467270854628e+02 3.583225656610900229e-06 -3.201699429469901048e+00 1.222773278387558699e+09
8.049254414044594878e-04 -1.980627009618525669e+00 8.904022309255964274e+02 2.426159335984082598e-06 -3.664041946077026601e+00 1.222773278697779417e+09
8.049254414044594878e-04 -1.980627009618525669e+00 8.904022309255964274e+02 2.426159335984082598e-06 -3.664041946077026601e+00 1.222773278697779417e+09
7.994348933429698198e-04 -1.987105328956984440e+00 9.089530220354716903e+02 4.964591063349675694e-06 -3.098217671464853495e+00 1.222773278149903059e+09
7.946967181207218595e-04 -1.990151878809713226e+00 9.597426605894274871e+02 2.615458183665447528e-06 -3.597348690581462449e+00 1.222773278537080050e+09
8.009382911291887440e-04 -1.981171261586240018e+00 9.717904153047886666e+02 2.601022432717832273e-06 -3.532492147860402554e+00 1.222773278396984816e+09
8.009382911291887440e-04 -1.981171261586240018e+00 9.717904153047886666e+02 2.601022432717832273e-06 -3.532492147860402554e+00 1.222773278396984816e+09
8.004997726193927065e-04 -1.983075180670902160e+00 9.433054294799890158e+02 3.376773474648125607e-06 -3.462973959536935098e+00 1.222773278638703346e+09
8.004997726193927065e-04 -1.983075180670902160e+00 9.433054294799890158e+02 3.376773474648125607e-06 -3.462973959536935098e+00 1.222773278638703346e+09
8.028679505179115274e-04 -1.981164946249247105e+00 9.080997017994333191e+02 2.972612577824491619e-06 -3.574718953923824216e+00 1.222773278399517775e+09
7.978738563599578225e-04 -1.987873890213184058e+00 9.432098207697334828e+02 2.090374314988188158e-06 -3.801969744060802903e+00 1.222773278405008793e+09
8.025183987789061670e-04 -1.982223432333545698e+00 9.134054931403383080e+02 5.562406290203762291e-06 -2.880462988744802999e+00 1.222773278472968817e+09
7.985549628232744895e-04 -1.983660638028023282e+00 9.746827108482507356e+02 4.939891240052048808e-06 -3.130342070861540371e+00 1.222773278534634352e+09
8.006709522047568460e-04 -1.983128534369720697e+00 9.423231765222612921e+02 6.148270463304961688e-06 -2.757261928437145571e+00 1.222773278173260689e+09
8.071078635129218075e-04 -1.978146832823015844e+00 8.963594624537669233e+02 2.596678499938286867e-06 -3.511431900960842789e+00 1.222773278313006878e+09
7.994562382176067031e-04 -1.982171783186739589e+00 9.597306640691286930e+02 2.774102167980353992e-06 -3.601616541966234486e+00 1.222773278370184898e+09
7.992662891514091704e-04 -1.986913523891567168e+00 9.585259881998896390e+02 2.515505762983815463e-06 -3.700191643817415610e+00 1.222773278121172190e+09
8.010129107168451794e-04 -1.986963118531699379e+00 9.188260751083204241e+02 3.739587869732358334e-06 -3.319970992705602697e+00 1.222773278080850363e+09
8.008867908261891504e-04 -1.981789884270229063e+00 9.512167763904629965e+02 4.018314467234970532e-06 -3.168992015865663703e+00 1.222773278789515495e+09
8.008867908261891504e-04 -1.981789884270229063e+00 9.512167763904629965e+02 4.018314467234970532e-06 -3.168992015865663703e+00 1.222773278789515495e+09
8.035038943002453023e-04 -1.981650280636757522e+00 8.814623331671331243e+02 2.101928311742657355e-06 -3.691316380666491703e+00 1.222773278320968628e+09
7.961713331926976393e-04 -1.986935103369779743e+00 9.669796082414738976e+02 2.268075619735891750e-06 -3.626997188832235430e+00 1.222773278601377010e+09
8.021550754190007225e-04 -1.981283158718549764e+00 9.088313772588481925e+02 5.798595337788535345e-06 -2.927275255019330835e+00 1.222773278364252806e+09
7.988912746162717040e-04 -1.982790628850735537e+00 9.580875481586066371e+02 5.687486262942491551e-06 -2.838473199179500028e+00 1.222773278241226435e+09
7.988470634414201847e-04 -1.987540812933171086e+00 9.497145394155292024e+02 5.659081846508106433e-06 -2.933175748857824061e+00 1.222773278157980204e+09
7.936358263550044980e-04 -1.991625048404511711e+00 9.669651251041884734e+02 2.970505982121994845e-06 -3.451267123515701307e+00 1.222773278335490227e+09
8.023553330315573396e-04 -1.980173712264490904e+00 9.692000002831794063e+02 5.490125952126646117e-06 -2.983281891877029857e+00 1.222773278332917213e+09
8.023553330315573396e-04 -1.980173712264490904e+00 9.692000002831794063e+02 5.490125952126646117e-06 -2.983281891877029857e+00 1.222773278332917213e+09
8.027902151273282267e-04 -1.977517379546060994e+00 9.412172639812633861e+02 3.357372910526426339e-06 -3.318997488522313688e+00 1.222773278046924114e+09
8.038998909390920964e-04 -1.983519464227030848e+00 9.057016065059842731e+02 3.283278409489094507e-06 -3.483966721216369855e+00 1.222773278244848728e+09
7.978654619741540593e-04 -1.985331992507994858e+00 9.445136432235635766e+02 4.026379387058087805e-06 -3.076582527592075067e+00 1.222773278133047581e+09
8.013961426630618204e-04 -1.981352477387489319e+00 9.757844019339561328e+02 3.782159725885596123e-06 -3.147756846752183257e+00 1.222773277922629595e+09
7.963786676778997686e-04 -1.987117433975512215e+00 9.803132244558106549e+02 2.129601174435356441e-06 -3.832728836207220269e+00 1.222773278431498289e+09
7.943036759134459827e-04 -1.988551250085936140e+00 9.948585478299264651e+02 6.797351095998317767e-06 -2.725508626579398630e+00 1.222773278094092846e+09
7.955289908781635819e-04 -1.988229372990654387e+00 9.661142880069770627e+02 2.515186715060558045e-06 -3.670927742061918408e+00 1.222773278648476124e+09
7.991778180530466173e-04 -1.988267582207782880e+00 9.486437350376360200e+02 4.436426624389456866e-06 -3.152607771192778685e+00 1.222773277931164026e+09
8.035245022315388140e-04 -1.983064550920166313e+00 9.049423535674413870e+02 4.550407248945381642e-06 -3.198566988740151551e+00 1.222773278555840492e+09
8.035245022315388140e-04 -1.983064550920166313e+00 9.049423535674413870e+02 4.550407248945381642e-06 -3.198566988740151551e+00 1.222773278555840492e+09
7.952783306917686305e-04 -1.988442771104296458e+00 9.874079546132289806e+02 1.676828162438140567e-06 -3.927052943566444299e+00 1.222773278439986467e+09
7.963409085280179905e-04 -1.985862709872037390e+00 9.639314850971541091e+02 3.231721691964435025e-06 -3.489990140667252660e+00 1.222773278383139372e+09
7.985331574690612616e-04 -1.986887167740918780e+00 9.231106125739463550e+02 1.881937609393030366e-06 -3.754537617068514521e+00 1.222773277980593204e+09
7.920397535803814972e-04 -1.993741650736999826e+00 9.871368669959770159e+02 2.859688240939440458e-06 -3.501229665362732391e+00 1.222773278151798964e+09
8.064298823966840413e-04 -1.979371201994262641e+00 9.218535815763673327e+02 4.674549009849032049e-06 -3.187141592199838058e+00 1.222773278076067686e+09
7.956304983710046994e-04 -1.986357575657420105e+00 9.493359507343233190e+02 2.865989781824155702e-06 -3.393034533130711239e+00 1.222773277957578897e+09
8.021512005352348729e-04 -1.986136986201478827e+00 9.159762464231835111e+02 3.889731309845865915e-06 -3.301038321528087849e+00 1.222773277938663244e+09
8.020724291765724554e-04 -1.980354548372926349e+00 9.323766584367228916e+02 3.545706855227126145e-06 -3.311811114465855965e+00 1.222773278794401407e+09
8.020724291765724554e-04 -1.980354548372926349e+00 9.323766584367228916e+02 3.545706855227126145e-06 -3.311811114465855965e+00 1.222773278794401407e+09
8.034900779242628742e-04 -1.981008303327729259e+00 9.508540238940107656e+02 2.511818786791504001e-06 -3.693467217821349458e+00 1.222773277955575943e+09
7.936265208028120844e-04 -1.992443478878844321e+00 9.542750698776447962e+02 3.614877059554447656e-06 -3.345561284891367393e+00 1.222773278030083895e+09
7.988420912925105720e-04 -1.983574794635382332e+00 9.243436602378782254e+02 2.401370143803817119e-06 -3.660225208409047859e+00 1.222773278239782810e+09
7.949099727304552139e-04 -1.985605461540024930e+00 9.821778111622538745e+02 3.822388382239456662e-06 -3.272440006822903591e+00 1.222773278291000843e+09
7.924630736579897335e-04 -1.989111534239614620e+00 9.817561119662843794e+02 2.044003768621263458e-06 -3.793084473444592319e+00 1.222773278060064554e+09
7.983770744583902623e-04 -1.983982069541944782e+00 9.666600679689922799e+02 5.776633377087586747e-06 -2.937378123000573993e+00 1.222773278582115889e+09
7.983770744583902623e-04 -1.983982069541944782e+00 9.666600679689922799e+02 5.776633377087586747e-06 -2.937378123000573993e+00 1.222773278582115889e+09
8.011154355120892042e-04 -1.982514790579740227e+00 9.683786859560698304e+02 6.002005195054739275e-06 -2.806954887446472036e+00 1.222773278138073444e+09
8.013019193129555448e-04 -1.982268811745364401e+00 9.336465622397619200e+02 3.030025187731374191e-06 -3.494904335079518809e+00 1.222773278882341623e+09
8.013019193129555448e-04 -1.982268811745364401e+00 9.336465622397619200e+02 3.030025187731374191e-06 -3.494904335079518809e+00 1.222773278882341623e+09
8.046864744860765008e-04 -1.981468581573524013e+00 8.538631151465725679e+02 2.443934333232141174e-06 -3.607131884107989350e+00 1.222773278106463909e+09
8.036835321565721953e-04 -1.983344788385350999e+00 8.925299955584822555e+02 5.348179845042200390e-06 -2.971990489113568223e+00 1.222773278333573818e+09
8.036835321565721953e-04 -1.983344788385350999e+00 8.925299955584822555e+02 5.348179845042200390e-06 -2.971990489113568223e+00 1.222773278333573818e+09
8.017649953336207025e-04 -1.982250966464577324e+00 9.425188626093716948e+02 1.759456903384468992e-06 -3.969944504460301893e+00 1.222773278099488258e+09
8.027624477881990404e-04 -1.985364172636404412e+00 9.007539517967890106e+02 3.321845306041581194e-06 -3.366119454788012000e+00 1.222773278020198822e+09
7.959552458559640510e-04 -1.988211498773498898e+00 9.754511705549221006e+02 2.059291389734621850e-06 -3.648775791847558736e+00 1.222773278015450239e+09
8.046987454413339442e-04 -1.977875729691853213e+00 8.901914188908610868e+02 2.632003321325397487e-06 -3.555817692361254778e+00 1.222773278342319250e+09
7.964385116158696851e-04 -1.990339359481744896e+00 9.526920724503049769e+02 4.377863077177972467e-06 -3.148995411482949258e+00 1.222773278111839056e+09
7.983250222347543050e-04 -1.984013804046654172e+00 9.439872992936412857e+02 3.658301363868470666e-06 -3.190094465306826166e+00 1.222773278372153282e+09
8.011617377112226169e-04 -1.982728273460892421e+00 9.329959085242621768e+02 4.420467169712215885e-06 -2.990825265353438844e+00 1.222773278148631334e+09
7.992021331210135034e-04 -1.983001268167370768e+00 9.589052772164337739e+02 6.885658005834761994e-06 -2.695879744728933325e+00 1.222773278094628572e+09
7.987482837306184849e-04 -1.984010690206373884e+00 9.383973321499826170e+02 4.271228121734937155e-06 -3.087126771786917523e+00 1.222773278484297037e+09
8.006428035803975999e-04 -1.984860033695915682e+00 9.243697536295383088e+02 1.885203826746724846e-06 -3.861130614371734993e+00 1.222773278445210695e+09
7.998064559676771549e-04 -1.983984952492872100e+00 9.001589316881411378e+02 4.566091229564712258e-06 -3.133724306442021046e+00 1.222773277990070820e+09
7.993449062195125262e-04 -1.980692103915021374e+00 9.956366592895586791e+02 5.208135451605954782e-06 -2.921571225211211598e+00 1.222773277987433910e+09
8.044844894527827242e-04 -1.980147367880693121e+00 9.255177650361580390e+02 1.764653225785257208e-06 -3.924358593325155020e+00 1.222773278062375546e+09
7.978685596063516804e-04 -1.984067855553845572e+00 9.750484242682248350e+02 1.606016963824030046e-06 -3.855259862880143551e+00 1.222773277989350319e+09
7.941487596051152991e-04 -1.987469963842175780e+00 9.800975469762818193e+02 3.432346835467744200e-06 -3.420354382889466471e+00 1.222773278323277235e+09
7.987932672549650191e-04 -1.988263781852944501e+00 9.364352311201686234e+02 3.804756091495917084e-06 -3.343860630622828900e+00 1.222773278291171074e+09
8.015736770704344179e-04 -1.981305045094486017e+00 9.601873361033335641e+02 4.378127165680259600e-06 -3.235482581253498857e+00 1.222773278508381367e+09
8.015736770704344179e-04 -1.981305045094486017e+00 9.601873361033335641e+02 4.378127165680259600e-06 -3.235482581253498857e+00 1.222773278508381367e+09
7.968477031348866280e-04 -1.989312007389412607e+00 9.694513199792124851e+02 3.366759729129560071e-06 -3.386773978218775127e+00 1.222773278425429106e+09
7.959673724084985339e-04 -1.988699493004675745e+00 9.380033985582281275e+02 3.953886856811622021e-06 -3.130991841075913662e+00 1.222773277923086405e+09
8.023249990567448689e-04 -1.980791035882845108e+00 9.297926284385385998e+02 2.052189049693565400e-06 -3.623333037811447888e+00 1.222773277925505638e+09
7.967469052832589242e-04 -1.987887166877026157e+00 9.781186610535974069e+02 2.435675742321914153e-06 -3.715742261645718969e+00 1.222773278529347420e+09
7.959486169977030273e-04 -1.988565199521681315e+00 9.641720368398499659e+02 2.320945311916257375e-06 -3.794347123978166536e+00 1.222773278168694258e+09
8.021428252342911042e-04 -1.982284494764324556e+00 9.573701018871693122e+02 3.443822534721383408e-06 -3.458314237569792837e+00 1.222773278247291803e+09
8.045550000003977775e-04 -1.980649106072757126e+00 9.113789188673032413e+02 3.291810569412661839e-06 -3.539553915863665523e+00 1.222773277987480640e+09
7.997049946673362745e-04 -1.985529813829191248e+00 9.386902781017179223e+02 2.627358950217451138e-06 -3.463831401930058007e+00 1.222773278183372974e+09
7.978154303461462010e-04 -1.985135918815925660e+00 9.499446193575341795e+02 3.363646644245561286e-06 -3.358348132174749701e+00 1.222773278855638742e+09
7.978154303461462010e-04 -1.985135918815925660e+00 9.499446193575341795e+02 3.363646644245561286e-06 -3.358348132174749701e+00 1.222773278855638742e+09
8.031545692702263782e-04 -1.980668182901084595e+00 9.200001708754267611e+02 6.837289589884304078e-06 -2.874946631765834759e+00 1.222773277934990883e+09
7.996285819452700035e-04 -1.982893418691644261e+00 9.941965504345948830e+02 3.583478889108321588e-06 -3.269990332223660978e+00 1.222773278408466101e+09
7.946006172065945509e-04 -1.989852412385238800e+00 9.700154978798373122e+02 2.721051685865873979e-06 -3.601952489506249577e+00 1.222773278633237362e+09
7.946006172065945509e-04 -1.989852412385238800e+00 9.700154978798373122e+02 2.721051685865873979e-06 -3.601952489506249577e+00 1.222773278633237362e+09
7.969502472571794033e-04 -1.987439552301691004e+00 9.460384473286852653e+02 2.858644061647607187e-06 -3.457248265157883971e+00 1.222773278638397932e+09
7.964592898467602123e-04 -1.988895526077806508e+00 9.747340009462776607e+02 5.428707251117145872e-06 -3.111843116179120017e+00 1.222773277948937654e+09
7.980249093501721363e-04 -1.987961695602436851e+00 9.248771427521064652e+02 3.300032172526979836e-06 -3.343531689606757951e+00 1.222773278334419489e+09
7.959951722859827600e-04 -1.986372199486817980e+00 9.604851360516997829e+02 2.349885593471860755e-06 -3.558326429592995943e+00 1.222773278282624960e+09
7.947966144649396079e-04 -1.986356972929698816e+00 9.903243926845296983e+02 2.253688561854382679e-06 -3.717353098265323119e+00 1.222773278505787611e+09
7.947966144649396079e-04 -1.986356972929698816e+00 9.903243926845296983e+02 2.253688561854382679e-06 -3.717353098265323119e+00 1.222773278505787611e+09
8.042999965942037189e-04 -1.984171448203913224e+00 8.593714872354203180e+02 3.657405118722037623e-06 -3.338476128419695321e+00 1.222773277992276430e+09
7.911687790182355242e-04 -1.991822737934473508e+00 9.937231983995291102e+02 4.647033581052236828e-06 -3.044398312564092102e+00 1.222773278115634918e+09
8.063127888842434128e-04 -1.978099131523734844e+00 9.142981670918765076e+02 3.257569302510977895e-06 -3.521067056485608582e+00 1.222773278024109602e+09
8.031297339011212724e-04 -1.983016481979546164e+00 9.046232624371717748e+02 2.099457969655434808e-06 -3.651127031314499227e+00 1.222773277959633827e+09
7.922259893531972659e-04 -1.989198194966311117e+00 9.990368258125268994e+02 1.946937831119066213e-06 -3.731189325866242079e+00 1.222773278187902451e+09
7.981029878777847527e-04 -1.985974501829300021e+00 9.473005347571496486e+02 5.539315533534160968e-06 -2.906261351678804949e+00 1.222773278490565062e+09
7.981029878777847527e-04 -1.985974501829300021e+00 9.473005347571496486e+02 5.539315533534160968e-06 -2.906261351678804949e+00 1.222773278490565062e+09
8.011024583876917788e-04 -1.980692685552703391e+00 9.538240245409432418e+02 3.599882232304990269e-06 -3.355181708991304745e+00 1.222773278619382620e+09
8.027280422354192120e-04 -1.982547122910348403e+00 8.738256525415769147e+02 1.764284177280171478e-06 -3.915981728198406842e+00 1.222773277947831154e+09
8.038567868240215552e-04 -1.980201879961712041e+00 9.141490792654064990e+02 7.741343214580598899e-06 -2.610220892652122870e+00 1.222773277926641941e+09
8.030874772679044140e-04 -1.980730075336547547e+00 9.499517319324961591e+02 2.927919927936268638e-06 -3.397194774346042223e+00 1.222773278159117222e+09
7.960529404246953662e-04 -1.988318681972034430e+00 9.724567720762959198e+02 2.552101371913125326e-06 -3.480395384981280316e+00 1.222773278170316935e+09
7.960002588767859429e-04 -1.988030410625348576e+00 9.952100101230807923e+02 7.014280544276599941e-06 -2.821479631916149700e+00 1.222773278095983505e+09
7.950775794814069148e-04 -1.988284498168586545e+00 9.792887009646200340e+02 4.549908394136329113e-06 -2.981026596085599500e+00 1.222773278109992981e+09
7.985705612134603266e-04 -1.986541292085099997e+00 9.552842515887085710e+02 2.745492313881009744e-06 -3.461442761351699815e+00 1.222773278392927647e+09
7.985705612134603266e-04 -1.986541292085099997e+00 9.552842515887085710e+02 2.745492313881009744e-06 -3.461442761351699815e+00 1.222773278392927647e+09
7.988975265224000253e-04 -1.983904547502961080e+00 9.868430483512489673e+02 2.113836318331291333e-06 -3.681057163589224857e+00 1.222773278228279591e+09
7.992035238961872406e-04 -1.985273000631088802e+00 9.472057508353848334e+02 2.229721056450187162e-06 -3.623891956745639575e+00 1.222773278410959005e+09
7.971049457557185082e-04 -1.987323937230100590e+00 9.409009393706637638e+02 2.976374198531344401e-06 -3.519895710076999862e+00 1.222773278663577080e+09
7.975844113824669904e-04 -1.988001648433214585e+00 9.469446946598916384e+02 3.866810751171206229e-06 -3.281615336167797992e+00 1.222773278705572605e+09
7.975844113824669904e-04 -1.988001648433214585e+00 9.469446946598916384e+02 3.866810751171206229e-06 -3.281615336167797992e+00 1.222773278705572605e+09
8.042461499552152346e-04 -1.983422915948760412e+00 8.878724756245403569e+02 4.738257380467367367e-06 -3.204178952093017507e+00 1.222773278071527481e+09
8.001660939664454603e-04 -1.983626223026669022e+00 9.278606991049704220e+02 2.181734582494250594e-06 -3.837597762088962305e+00 1.222773278064127445e+09
7.963109566333815030e-04 -1.989616994802088090e+00 9.626092069359281140e+02 3.055379942762816572e-06 -3.489668436930897677e+00 1.222773278542068243e+09
7.947054396265720595e-04 -1.989721153783624796e+00 9.849230870436007308e+02 4.810078073231904373e-06 -3.171154312021763566e+00 1.222773278466650486e+09
7.947054396265720595e-04 -1.989721153783624796e+00 9.849230870436007308e+02 4.810078073231904373e-06 -3.171154312021763566e+00 1.222773278466650486e+09
7.981868381052922975e-04 -1.985453138750135071e+00 9.285486244459335694e+02 2.553871164229948083e-06 -3.702935513993871552e+00 1.222773278024414062e+09
8.047782185242876663e-04 -1.976879220661657000e+00 9.254968515759258025e+02 4.532471859715231974e-06 -3.084632818076672223e+00 1.222773278376157761e+09
8.022111034531283821e-04 -1.978639461234855457e+00 9.721933697765186935e+02 3.078110172391570058e-06 -3.474543208815969564e+00 1.222773278028297901e+09
7.977347743513279891e-04 -1.985987089684578155e+00 9.957704479100664230e+02 4.781590030571144714e-06 -2.998417261206411055e+00 1.222773278314944506e+09
8.042952880932150925e-04 -1.981786386705841174e+00 9.254142061325494524e+02 5.237381332223744255e-06 -2.966713558176929055e+00 1.222773278220930815e+09
7.967815497236783485e-04 -1.987903102967698565e+00 9.697102018032684327e+02 2.382220224896025252e-06 -3.578676154518742436e+00 1.222773278376002073e+09
7.988557643848854736e-04 -1.982224296622159709e+00 9.729515780198755692e+02 4.493128539298607590e-06 -3.154585919366107660e+00 1.222773278551881552e+09
7.994081495275366612e-04 -1.981902213574636473e+00 9.879916155965809139e+02 4.656151102112266873e-06 -3.059421108818656698e+00 1.222773278523975372e+09
8.044185447813031803e-04 -1.980201709539180843e+00 9.043069857262623827e+02 6.478953891281700139e-06 -2.713047946964454837e+00 1.222773278068064928e+09
8.054591678111766443e-04 -1.978811579052628389e+00 9.182072084694956402e+02 5.598772764583752622e-06 -3.008567339808466912e+00 1.222773278482404470e+09
8.054591678111766443e-04 -1.978811579052628389e+00 9.182072084694956402e+02 5.598772764583752622e-06 -3.008567339808466912e+00 1.222773278482404470e+09
8.054429330611945692e-04 -1.976432882849505468e+00 9.139245689423744352e+02 5.625800020841726349e-06 -2.960797525685473275e+00 1.222773278159179449e+09
8.061746264740048303e-04 -1.978917363095070492e+00 8.758544517509621983e+02 3.038893849346225414e-06 -3.332856249532071047e+00 1.222773278323103905e+09
8.044536910401521882e-04 -1.981909780988970748e+00 8.614582572473349273e+02 4.352235894811381749e-06 -3.139503891262472202e+00 1.222773278268705130e+09
8.069766752626017416e-04 -1.976237096154099149e+00 9.192268885823773417e+02 5.084809890931703300e-06 -3.128275223661354687e+00 1.222773277956444263e+09
8.052050813507932074e-04 -1.976032704781248484e+00 8.999959496984622547e+02 4.196225026070352536e-06 -3.112026875585947039e+00 1.222773277974958420e+09
8.048325501310902132e-04 -1.982439580442535210e+00 8.583473592202777809e+02 4.134783732563646702e-06 -3.255031659390631660e+00 1.222773278222810030e+09
8.049313796053554453e-04 -1.977874762451116375e+00 9.156415876521072050e+02 6.666326664292423911e-06 -2.782325489930786766e+00 1.222773278241384506e+09
8.081787803931075572e-04 -1.976467553881098071e+00 9.082071120577055581e+02 3.076755130425458290e-06 -3.540541012624374595e+00 1.222773277946687937e+09
8.077608260648007962e-04 -1.974933683802758022e+00 9.024170621123490719e+02 2.585279483441183308e-06 -3.521234009345056926e+00 1.222773278146510601e+09
8.068647634719986394e-04 -1.976463772932383511e+00 9.044153335265701799e+02 4.008251332015440858e-06 -3.106224925024982042e+00 1.222773278253298521e+09
8.062017418819611252e-04 -1.981978378807623287e+00 8.790666374069405720e+02 5.855471018478589493e-06 -2.995512158238153866e+00 1.222773277933095694e+09
8.070999318461260109e-04 -1.977400625133681977e+00 8.882059187174687622e+02 2.531383205338769959e-06 -3.525401222325644568e+00 1.222773278456144810e+09
8.070999318461260109e-04 -1.977400625133681977e+00 8.882059187174687622e+02 2.531383205338769959e-06 -3.525401222325644568e+00 1.222773278456144810e+09
8.064688058928287792e-04 -1.981257409462616970e+00 8.943765891211703547e+02 4.447749591426590143e-06 -3.147075397304149647e+00 1.222773278178435087e+09
8.060457830592204645e-04 -1.976399572472193444e+00 8.974123184972102081e+02 4.070692768444811590e-06 -3.131486902237266001e+00 1.222773278394730330e+09
8.126939320428344790e-04 -1.974423195070594383e+00 8.190883667345634649e+02 4.728458109248067257e-06 -3.124810632381785247e+00 1.222773278484326601e+09
8.141993610120523261e-04 -1.970779693482814121e+00 8.157746212595613997e+02 4.220773992677124905e-06 -3.102037566671138613e+00 1.222773278169956684e+09
8.140813473136294899e-04 -1.974632509773417866e+00 7.948088997267233253e+02 5.201111709559771963e-06 -3.003916128659223972e+00 1.222773278027878284e+09
8.065475839351063381e-04 -1.978825784909290064e+00 8.746228085897593019e+02 4.480463825905957732e-06 -3.062997400559249073e+00 1.222773278617652416e+09
8.126210563687443324e-04 -1.973685965673434684e+00 8.572269682776949367e+02 3.788851714765697264e-06 -3.280903091273479788e+00 1.222773278448599100e+09
8.076811129654737614e-04 -1.975899735772307819e+00 8.684001983266647358e+02 4.107022233120452631e-06 -3.044228763937404381e+00 1.222773277933219910e+09
8.110411957293379862e-04 -1.977435594795758256e+00 8.520666788945455892e+02 4.366509762450716481e-06 -3.109745778731070942e+00 1.222773278005318403e+09
8.100358390369504511e-04 -1.975537149418017613e+00 8.496869180843868889e+02 3.883625879454354331e-06 -3.340670383423636203e+00 1.222773278433245897e+09
8.100358390369504511e-04 -1.975537149418017613e+00 8.496869180843868889e+02 3.883625879454354331e-06 -3.340670383423636203e+00 1.222773278433245897e+09
8.111381758925098519e-04 -1.975180215194241917e+00 8.086383944159030079e+02 3.727420078451813171e-06 -3.303442279671495285e+00 1.222773277979416370e+09
8.150968731675774844e-04 -1.970172898695578434e+00 8.546638611754314070e+02 4.040494296689481601e-06 -3.194485484859812985e+00 1.222773277979773998e+09
8.157190604019558039e-04 -1.971219754532828716e+00 8.385613018998205916e+02 5.108754533653200716e-06 -3.010332390977279005e+00 1.222773278130609035e+09
8.126613335887028890e-04 -1.974661179136598665e+00 8.210343692785141911e+02 4.620737135333561786e-06 -3.116495616645361011e+00 1.222773278559191227e+09
8.126613335887028890e-04 -1.974661179136598665e+00 8.210343692785141911e+02 4.620737135333561786e-06 -3.116495616645361011e+00 1.222773278559191227e+09
8.108137294093969950e-04 -1.975042777309644837e+00 8.465573177918937517e+02 3.729658114084059915e-06 -3.277288070677162324e+00 1.222773278759294748e+09
8.149958899675916997e-04 -1.973958136695769028e+00 8.309139015934730423e+02 4.752599511308751616e-06 -3.126592392704828249e+00 1.222773277992592812e+09
8.101273424420493306e-04 -1.976763351814128766e+00 8.841175420194971366e+02 4.077458398459963874e-06 -3.169338804726386627e+00 1.222773277942148924e+09
8.130592658594699464e-04 -1.973462349515578307e+00 8.033178045392022568e+02 4.165719623222287191e-06 -3.216426136289905813e+00 1.222773278148556471e+09
8.106488411185586683e-04 -1.974607386224413563e+00 8.699459579732514385e+02 4.852486042281688958e-06 -3.013231422193184628e+00 1.222773278487879276e+09
8.106488411185586683e-04 -1.974607386224413563e+00 8.699459579732514385e+02 4.852486042281688958e-06 -3.013231422193184628e+00 1.222773278487879276e+09
8.125560858516956298e-04 -1.972845401971913493e+00 8.486867264049349160e+02 4.585412946586998408e-06 -3.043746870241216484e+00 1.222773278446233273e+09
8.058381139905513918e-04 -1.979591097720817983e+00 8.614640711040957513e+02 4.376372049231259344e-06 -3.188095171823578156e+00 1.222773278463338852e+09
8.110598134783788844e-04 -1.973753270214134714e+00 8.618160264355141180e+02 4.858457054530340468e-06 -3.113970435996054498e+00 1.222773278505014181e+09
8.120453299983186645e-04 -1.974525985888927693e+00 8.690888669354677631e+02 4.735483361334378868e-06 -3.110059110156008444e+00 1.222773278235755920e+09
8.076818698568881058e-04 -1.978758671433356042e+00 8.827693831460112506e+02 4.342502533570126135e-06 -3.269218042814563852e+00 1.222773278376000643e+09
8.076818698568881058e-04 -1.978758671433356042e+00 8.827693831460112506e+02 4.342502533570126135e-06 -3.269218042814563852e+00 1.222773278376000643e+09
8.056732389360060946e-04 -1.979538479241934379e+00 8.479356778653237825e+02 4.316430737288840657e-06 -3.117433121721687073e+00 1.222773277942747116e+09
8.089669023701060932e-04 -1.978584469286370551e+00 8.437826008366015458e+02 6.395563563390338488e-06 -2.851791276877579939e+00 1.222773278083157778e+09
8.106905487080617130e-04 -1.976512768103218631e+00 8.552596923551348027e+02 5.331907019004331604e-06 -2.900840110475279232e+00 1.222773278098755121e+09
8.093355560302010511e-04 -1.976102800563036777e+00 8.643687359173085270e+02 5.600361369799757218e-06 -3.025193126634286855e+00 1.222773278375572205e+09
8.093355560302010511e-04 -1.976102800563036777e+00 8.643687359173085270e+02 5.600361369799757218e-06 -3.025193126634286855e+00 1.222773278375572205e+09
8.077027720817185315e-04 -1.976099376507762795e+00 8.591672336253474214e+02 5.632578668412763590e-06 -2.847950730570581790e+00 1.222773277969560146e+09
8.074705231853847916e-04 -1.980017694859382171e+00 8.731995301360304893e+02 5.481276965942064664e-06 -3.080810896669984089e+00 1.222773278064035416e+09
8.093150144981368617e-04 -1.976527610769637899e+00 8.416646746730797304e+02 5.226881323240154167e-06 -3.001604337612683082e+00 1.222773278439450264e+09
8.128053809312241673e-04 -1.970828552808718825e+00 8.346077799992618793e+02 5.022780274338065907e-06 -2.955264621477205367e+00 1.222773277956378698e+09
8.162668600353881285e-04 -1.972253075663468636e+00 8.221008009256806872e+02 5.546536987324872483e-06 -2.989725088701492339e+00 1.222773278062123299e+09
8.101697240654332768e-04 -1.975755081813088454e+00 8.530076792384127202e+02 5.285687938741923923e-06 -3.092294677805750069e+00 1.222773278285903454e+09
8.147738082716258178e-04 -1.971858898175590458e+00 8.395931010280925193e+02 6.231652392613552631e-06 -2.810626529534061113e+00 1.222773278067969322e+09
8.111003134243601788e-04 -1.975887423041615909e+00 8.233528121256596251e+02 4.761383497096356367e-06 -3.094626356411534829e+00 1.222773278428563118e+09
8.099630219043950970e-04 -1.973276234137060436e+00 8.642488274663016909e+02 5.298644034891168274e-06 -3.008669007894573255e+00 1.222773278201946497e+09
8.051089247045821289e-04 -1.980378120470663417e+00 8.603570834431795902e+02 4.789484325813548301e-06 -3.031376322220694419e+00 1.222773278199511290e+09
8.097005260665606505e-04 -1.975033114822446700e+00 8.624246125903098346e+02 2.358388522424110478e-06 -3.662463914474352933e+00 1.222773278491510391e+09
8.118936939721977959e-04 -1.975664431718480829e+00 8.479104423562841930e+02 2.915062868451952461e-06 -3.457508678466597374e+00 1.222773278273727655e+09
8.128496661843751707e-04 -1.973785238904253170e+00 8.080555366417455616e+02 3.103908767636752551e-06 -3.384260751378667109e+00 1.222773278273632050e+09
8.130547360319856972e-04 -1.971126759612540802e+00 8.561398073479473396e+02 2.330141221627313303e-06 -3.643432697086423033e+00 1.222773277986693621e+09
8.114082590801274765e-04 -1.973614180362367909e+00 8.309409454658156164e+02 2.140774106890262323e-06 -3.699757668329244353e+00 1.222773278188094616e+09
8.104641347103681837e-04 -1.977985963380636036e+00 8.177548928339725762e+02 2.562311466760289465e-06 -3.586151951976079388e+00 1.222773278119919538e+09
8.154115241405042631e-04 -1.972690396164190396e+00 8.164523319478113308e+02 3.429457634357558229e-06 -3.395443136434044717e+00 1.222773278410840273e+09
8.152898205339561763e-04 -1.974798816766286214e+00 7.869754308877653557e+02 3.086040640403573305e-06 -3.458966869258613741e+00 1.222773277951137066e+09
8.106730205197888121e-04 -1.975697253342406867e+00 8.593222721667996211e+02 2.485389179302511659e-06 -3.710154313386120783e+00 1.222773278138301611e+09
8.135208974635026874e-04 -1.975840634577409993e+00 8.050497252641935120e+02 3.352593862741629292e-06 -3.362862252480049108e+00 1.222773278160732508e+09
8.090245359770614373e-04 -1.979158563364303625e+00 8.527287930609220439e+02 2.028210759781811915e-06 -3.806469409974358342e+00 1.222773278031355619e+09
8.119970043868807901e-04 -1.971060035639098817e+00 8.588330956764648363e+02 3.344644826556936340e-06 -3.331148108592440593e+00 1.222773278130607128e+09
8.091264479868439828e-04 -1.976649431690979286e+00 8.907712825913704364e+02 3.397046404947175138e-06 -3.402485357244672493e+00 1.222773278388519764e+09
8.091264479868439828e-04 -1.976649431690979286e+00 8.907712825913704364e+02 3.397046404947175138e-06 -3.402485357244672493e+00 1.222773278388519764e+09
8.081806996049446454e-04 -1.977778843290277200e+00 8.330273331794224987e+02 3.310945232273964019e-06 -3.390519442628341373e+00 1.222773278252316475e+09
8.077088913880757374e-04 -1.976435874154342409e+00 8.879240557160543403e+02 3.012667627904228382e-06 -3.352397126618781087e+00 1.222773278330713034e+09
8.116208513912923040e-04 -1.972426493800090164e+00 8.588282049261356406e+02 3.099590607313504955e-06 -3.454346938408060730e+00 1.222773278382156372e+09
8.125718736826302536e-04 -1.975145567818629377e+00 8.058363313113892445e+02 2.047729287386021648e-06 -3.747488487302517157e+00 1.222773278010853529e+09
8.126166491896393831e-04 -1.974642522796224098e+00 7.997518597395373945e+02 2.190807582352730385e-06 -3.720065594231731332e+00 1.222773277928482533e+09
8.088933852578439462e-04 -1.975849023117548953e+00 8.546182970254503743e+02 1.561211970067941348e-06 -3.970639622085935905e+00 1.222773278037356615e+09
8.176688567327145213e-04 -1.969449864934224692e+00 8.017031649710080501e+02 2.568942249349656397e-06 -3.554325493144958159e+00 1.222773278180092573e+09
8.201816251707028712e-04 -1.968795579824901720e+00 7.773683816125795829e+02 3.399279996459260067e-06 -3.404478824525828173e+00 1.222773278194729805e+09
8.193520503804957531e-04 -1.968691103832421074e+00 7.925312019654219284e+02 4.348308000860674150e-06 -3.251768849449200971e+00 1.222773278034065723e+09
8.190930961769125841e-04 -1.969733579764980869e+00 7.948478918392902415e+02 3.924486417973319244e-06 -3.203610879752336160e+00 1.222773278100483179e+09
8.196762741608346363e-04 -1.966345683826226320e+00 7.939979174103007153e+02 5.004293553625328324e-06 -3.095212013642862026e+00 1.222773277922016621e+09
8.191676589285835572e-04 -1.969711650910180412e+00 7.767606977849194436e+02 4.413334437394034686e-06 -3.070946532688214603e+00 1.222773278047466755e+09
8.160276600831493660e-04 -1.970478586734189186e+00 8.106720173859653187e+02 4.819724917883987576e-06 -3.063522711364219830e+00 1.222773278474563599e+09
8.160276600831493660e-04 -1.970478586734189186e+00 8.106720173859653187e+02 4.819724917883987576e-06 -3.063522711364219830e+00 1.222773278474563599e+09
8.200467697109217920e-04 -1.966446205988992002e+00 7.968599119744360451e+02 4.480478804578633093e-06 -3.163143005443213696e+00 1.222773278126095772e+09
8.193405581390967880e-04 -1.969029777209442500e+00 7.650043836087174896e+02 3.528825659319362765e-06 -3.301436169402641951e+00 1.222773278090255022e+09
8.154346014754815892e-04 -1.970595185281826422e+00 7.940425460181784274e+02 4.979440876291828863e-06 -3.030743485697465545e+00 1.222773277990992069e+09
8.163057975078794222e-04 -1.971205115697948873e+00 8.009464273217139407e+02 3.362600590174949173e-06 -3.275913355738777177e+00 1.222773278165025234e+09
8.209695049321221079e-04 -1.965994616997986499e+00 7.723380480660914600e+02 5.537830694393193866e-06 -2.946186401357653750e+00 1.222773277962503195e+09
8.095634814517569484e-04 -1.977363851719194265e+00 8.487696511079376478e+02 6.873500112660438268e-06 -2.724646328566622699e+00 1.222773278002317190e+09
8.067223833022082839e-04 -1.978570223505563330e+00 8.743108339660451520e+02 5.168461225922888979e-06 -2.880451617218761307e+00 1.222773278124228954e+09
8.090106628685715369e-04 -1.974131087450696098e+00 8.969634847061272467e+02 5.869060308968255080e-06 -2.899717895511553678e+00 1.222773278202636003e+09
8.106814906174409328e-04 -1.973101824652033098e+00 8.718816867771300849e+02 3.861327443821060703e-06 -3.285561183169671828e+00 1.222773278426308632e+09
8.120981801584819127e-04 -1.976545817272041150e+00 8.319513267970831976e+02 4.856836051453915892e-06 -3.152146660668311284e+00 1.222773278199495316e+09
8.100850721024358859e-04 -1.977338836513838682e+00 8.263084323299012794e+02 2.725327283704149028e-06 -3.582674124957586415e+00 1.222773278355362892e+09
8.045054730658247498e-04 -1.979080440173309086e+00 8.750047687090257114e+02 3.872457846233984762e-06 -3.134013417898294129e+00 1.222773278013050079e+09
8.071342128637766684e-04 -1.977250389459227486e+00 9.020129279026946278e+02 4.275802898444225506e-06 -3.149226880310777688e+00 1.222773278698009014e+09
8.071342128637766684e-04 -1.977250389459227486e+00 9.020129279026946278e+02 4.275802898444225506e-06 -3.149226880310777688e+00 1.222773278698009014e+09
8.053711793077452307e-04 -1.980485461449603690e+00 8.606624871095715434e+02 3.087848257905665768e-06 -3.481224413031801745e+00 1.222773278469701767e+09
8.145286565254759295e-04 -1.970896125966296264e+00 8.400439022615892100e+02 2.387086689803030303e-06 -3.653591835663280385e+00 1.222773278103572130e+09
8.112727158622589372e-04 -1.974519031343586528e+00 8.561526289187364682e+02 4.164689924960393478e-06 -3.269880134023047447e+00 1.222773278516749620e+09
8.087337583775374827e-04 -1.977733107436152604e+00 8.689140686552622128e+02 5.530765900537977753e-06 -2.895186193508296313e+00 1.222773278371406555e+09
8.131076751388716540e-04 -1.973837519587607447e+00 8.453134342019869791e+02 3.661806714634683306e-06 -3.209013583384948021e+00 1.222773278098361015e+09
8.141399567095786030e-04 -1.972763590692532487e+00 8.430381664402659680e+02 4.183587495925355663e-06 -3.172887444346368824e+00 1.222773278367208242e+09
8.141399567095786030e-04 -1.972763590692532487e+00 8.430381664402659680e+02 4.183587495925355663e-06 -3.172887444346368824e+00 1.222773278367208242e+09
8.118225628541613035e-04 -1.975635572298704679e+00 8.404200155131181873e+02 4.724500310210851805e-06 -3.081243522286997383e+00 1.222773278557249308e+09
8.118225628541613035e-04 -1.975635572298704679e+00 8.404200155131181873e+02 4.724500310210851805e-06 -3.081243522286997383e+00 1.222773278557249308e+09
8.090963054206383584e-04 -1.974833079227654942e+00 8.814444810813375852e+02 5.929405607353887871e-06 -2.821405286207545160e+00 1.222773278268340826e+09
8.135848187825025276e-04 -1.973750848290286797e+00 8.032105557909856088e+02 2.873141704915456426e-06 -3.519668087104776077e+00 1.222773278320564508e+09
8.075811595050759548e-04 -1.980267926381461319e+00 8.771010933560557987e+02 3.062781145346452812e-06 -3.479217042628286904e+00 1.222773278309108019e+09
8.075811595050759548e-04 -1.980267926381461319e+00 8.771010933560557987e+02 3.062781145346452812e-06 -3.479217042628286904e+00 1.222773278309108019e+09
8.076234866183148054e-04 -1.978005546654288960e+00 9.198217775301037591e+02 4.450724504273062630e-06 -3.176552403459907303e+00 1.222773278012480497e+09
8.096774178536664561e-04 -1.973147863447795025e+00 8.852910817041212113e+02 4.889279946844077464e-06 -3.090069116425259388e+00 1.222773278186001062e+09
8.113780396114573124e-04 -1.974850749953421580e+00 8.339772315586657214e+02 6.057895576948617709e-06 -2.912665113473472012e+00 1.222773278281433344e+09
8.056780021787254007e-04 -1.977984796937668488e+00 8.860786296759284824e+02 3.363080455568991813e-06 -3.211039326832410445e+00 1.222773278064332008e+09
8.117295840699602230e-04 -1.974015999433703428e+00 8.286198875071797829e+02 2.496801190056075533e-06 -3.574414141579858040e+00 1.222773278403782606e+09
8.200728843555485674e-04 -1.968473948526948680e+00 7.904540134848381285e+02 5.750282370693072029e-06 -2.889215323243318423e+00 1.222773278003110647e+09
8.094280535565013049e-04 -1.973489847411143749e+00 8.865895632692454456e+02 6.442773312240187340e-06 -2.848862542730761227e+00 1.222773277971343040e+09
8.097177408687931260e-04 -1.977255713266285353e+00 8.455641317523437692e+02 3.575618209522399947e-06 -3.194184254785030319e+00 1.222773278072744608e+09
8.142615191826205493e-04 -1.972501634532138670e+00 8.432558395871108132e+02 2.836681121115091770e-06 -3.507921064025339319e+00 1.222773278190329313e+09
8.117988609068523941e-04 -1.971846490749833203e+00 8.628312151659529263e+02 4.668084382495996794e-06 -3.030509522391534816e+00 1.222773278255023241e+09
8.156799145472416832e-04 -1.973311352592756585e+00 8.186937212549011065e+02 3.896812677459036629e-06 -3.248970705712708629e+00 1.222773278140506029e+09
8.107941737485658716e-04 -1.974932614798318831e+00 8.420583475523420702e+02 2.827078729473677582e-06 -3.459742358645153004e+00 1.222773278549406528e+09
8.108889987342513938e-04 -1.974672507428030466e+00 8.299782843897498879e+02 3.086210555994701760e-06 -3.396774602522107500e+00 1.222773278455848455e+09
8.108889987342513938e-04 -1.974672507428030466e+00 8.299782843897498879e+02 3.086210555994701760e-06 -3.396774602522107500e+00 1.222773278455848455e+09
8.060359102137232713e-04 -1.982426251181380605e+00 8.612103664813689647e+02 3.422906784588715344e-06 -3.376851313118257814e+00 1.222773278249408245e+09
8.109810177259334663e-04 -1.977261838871623656e+00 8.395417533165824580e+02 4.571629796793544163e-06 -3.124815237702025073e+00 1.222773278441185474e+09
8.132947121969281642e-04 -1.975422069111794077e+00 8.406079749575643518e+02 3.476275261889227905e-06 -3.351633123956983873e+00 1.222773278040095091e+09
8.097905798940140034e-04 -1.979181582610427537e+00 8.479446684294232455e+02 4.263307199740922458e-06 -3.184776063945255586e+00 1.222773278168173552e+09
8.044421255359740248e-04 -1.979803792771070547e+00 8.643775062064568147e+02 3.833339194744618916e-06 -3.162975317000189968e+00 1.222773277929594278e+09
8.137798111604874554e-04 -1.971350245508106447e+00 8.283954044566161201e+02 3.585012918792215135e-06 -3.330591967206056658e+00 1.222773278476085901e+09
8.086318026161144973e-04 -1.977660766840871442e+00 8.541099144396971496e+02 4.890488710113119488e-06 -3.126755220049331818e+00 1.222773278531922579e+09
8.045906706870590511e-04 -1.978967733109318061e+00 9.059761653526078362e+02 5.039621658215323820e-06 -2.923693860480153006e+00 1.222773278389036179e+09
8.177969734328816931e-04 -1.970610047700671164e+00 7.862136838260249760e+02 3.265082062908161860e-06 -3.453836195517898666e+00 1.222773278243074656e+09
8.101394560745902879e-04 -1.975948708028003376e+00 8.425513631934462637e+02 2.206133747121703450e-06 -3.808715048152759408e+00 1.222773278025563955e+09
8.105340921285523071e-04 -1.976172913521556662e+00 8.375856980073444902e+02 5.261010572613161991e-06 -3.020023443366342875e+00 1.222773278518869638e+09
8.111337614665985575e-04 -1.973878177890353802e+00 8.515631765645596261e+02 5.491323682950788113e-06 -2.856294247903480965e+00 1.222773278216308117e+09
8.150929189571432453e-04 -1.973711276961630734e+00 8.112654086870554693e+02 2.958994693158122078e-06 -3.444306761485755430e+00 1.222773278169255257e+09
8.103785242069557826e-04 -1.972667228021649954e+00 8.927121530277728425e+02 4.822544094209304446e-06 -3.058248651838659349e+00 1.222773278123947620e+09
8.112680832118574067e-04 -1.973387093046313101e+00 8.528379500625358105e+02 5.735071416719213152e-06 -2.799472706376533893e+00 1.222773278021615744e+09
8.094545493700353901e-04 -1.975874493814069988e+00 8.960414619796109719e+02 4.840772065733967689e-06 -3.168388310000573860e+00 1.222773278031559944e+09
8.077872242886230706e-04 -1.976529889003748597e+00 8.473062930252252727e+02 4.493594947223722621e-06 -3.138032599347224227e+00 1.222773278147765160e+09
8.104849853663015618e-04 -1.976547647077060210e+00 8.329220847655320767e+02 4.629475202033733867e-06 -3.223088180970490768e+00 1.222773278060311556e+09
8.072793901005419779e-04 -1.975498545575013143e+00 8.939495634721588431e+02 2.251467242722375033e-06 -3.746381373116406621e+00 1.222773278052642822e+09
8.120363425144947692e-04 -1.972775069512015200e+00 8.249392502522937320e+02 2.636896446424742269e-06 -3.527782897124499328e+00 1.222773278211248636e+09
8.036410963414884019e-04 -1.979068122763896431e+00 9.004234813982374135e+02 5.266092298772743161e-06 -2.929950316762361950e+00 1.222773278275483847e+09
8.097345639326428753e-04 -1.977904446096281132e+00 8.678606782663640615e+02 2.946809009053028775e-06 -3.510249909195131579e+00 1.222773278266084433e+09
8.159697612284727737e-04 -1.971848288304648866e+00 8.253838773239954207e+02 2.527096047861989509e-06 -3.602038009941328944e+00 1.222773277972184658e+09
8.135211574768493699e-04 -1.971964795449994590e+00 8.144163769460228650e+02 3.135058087439977247e-06 -3.422853550492033214e+00 1.222773278342143774e+09
8.056792838035441509e-04 -1.976201973546036328e+00 9.058464958517672585e+02 3.294328218325704107e-06 -3.309436656609108240e+00 1.222773278280376673e+09
8.056792838035441509e-04 -1.976201973546036328e+00 9.058464958517672585e+02 3.294328218325704107e-06 -3.309436656609108240e+00 1.222773278280376673e+09
8.119917537927417387e-04 -1.971984110081546726e+00 8.367750161569836109e+02 3.404431675423522602e-06 -3.399775984085864344e+00 1.222773278132320642e+09
8.132230035431277761e-04 -1.973005840573363479e+00 8.115588686953639126e+02 2.224849541784939817e-06 -3.649002342941034094e+00 1.222773278126523972e+09
8.149138219723572668e-04 -1.973891666725139382e+00 7.867331458234998536e+02 3.779042464955691215e-06 -3.332523202827468722e+00 1.222773278054622412e+09
8.073091741048224424e-04 -1.975791984460546269e+00 9.231556689334058774e+02 3.928666207369126045e-06 -3.186060698167242577e+00 1.222773278147808075e+09
8.126307522596127328e-04 -1.973368232328130745e+00 8.545010052443886934e+02 4.606865179641455397e-06 -3.153861861015000656e+00 1.222773278491095066e+09
8.125878909365837630e-04 -1.975280579648952095e+00 8.451714941601607052e+02 3.374049804956245185e-06 -3.449045698864268594e+00 1.222773278219895840e+09
8.163709152816414584e-04 -1.969816283805148505e+00 7.868943350645778310e+02 3.187264829932133250e-06 -3.394944603811752337e+00 1.222773278042664766e+09
8.170783442435182930e-04 -1.970509962654214409e+00 7.991467219221640335e+02 6.379367129971750022e-06 -2.776014738157268624e+00 1.222773278000159502e+09
8.061370547310484254e-04 -1.977621772258651323e+00 8.949063481745596391e+02 4.748466387892199793e-06 -3.072403589341659469e+00 1.222773278748996019e+09
8.061370547310484254e-04 -1.977621772258651323e+00 8.949063481745596391e+02 4.748466387892199793e-06 -3.072403589341659469e+00 1.222773278748996019e+09
8.068417305991207886e-04 -1.978889347005676758e+00 8.622028495312863470e+02 2.014699331113294644e-06 -3.740325452355858005e+00 1.222773278363990307e+09
8.067537222404766320e-04 -1.974777481926867750e+00 9.030637037763749504e+02 2.836639298451485200e-06 -3.497489388041961078e+00 1.222773278070222378e+09
8.059226365254306031e-04 -1.983037589558809266e+00 8.588047553450368241e+02 4.216423835167018957e-06 -3.262633210748164814e+00 1.222773277958444595e+09
8.123282780255936149e-04 -1.974159036828774472e+00 8.162939338402167095e+02 2.764425779533614848e-06 -3.410810524449072290e+00 1.222773277988225222e+09
8.132374588838953665e-04 -1.972897248806646076e+00 8.522893542743196349e+02 4.893546048876096334e-06 -3.036368368836093623e+00 1.222773278404056072e+09
8.132374588838953665e-04 -1.972897248806646076e+00 8.522893542743196349e+02 4.893546048876096334e-06 -3.036368368836093623e+00 1.222773278404056072e+09
8.060064701573286042e-04 -1.978593390797413587e+00 8.700409253351399457e+02 5.192670073405990968e-06 -2.985134803549406968e+00 1.222773278462220192e+09
8.144068463664294643e-04 -1.970827116786124211e+00 8.278931106633892796e+02 5.401661572098916754e-06 -2.982566977421408083e+00 1.222773278344284296e+09
8.144068463664294643e-04 -1.970827116786124211e+00 8.278931106633892796e+02 5.401661572098916754e-06 -2.982566977421408083e+00 1.222773278344284296e+09
8.120351727887604185e-04 -1.975486038541682809e+00 8.246283775341669298e+02 4.662943022136915531e-06 -3.074243862108453129e+00 1.222773278492991686e+09
8.102281558222515544e-04 -1.973111709336521358e+00 8.796596714986222878e+02 4.016605523232639747e-06 -3.295014986265513812e+00 1.222773278119649649e+09
8.181020997816378353e-04 -1.968948943655284722e+00 7.990272893998906056e+02 3.927402578838502171e-06 -3.198690636694754730e+00 1.222773278363948345e+09
8.080867242619822711e-04 -1.976220641634433450e+00 8.694963584201752838e+02 7.413426922913876628e-06 -2.709192404584742420e+00 1.222773277929586411e+09
8.079678059898403372e-04 -1.977756445059959178e+00 8.685520471386738564e+02 4.205546979808155050e-06 -3.082401980836638522e+00 1.222773278426655054e+09
8.202784415296905446e-04 -1.967869691076211458e+00 7.822040376889578965e+02 3.192089213751770588e-06 -3.457666187715300765e+00 1.222773278166423082e+09
8.163236551446408865e-04 -1.972965469806882144e+00 7.779721478601555873e+02 3.805627276182709543e-06 -3.323616591250947216e+00 1.222773278012818336e+09
8.149007521429972112e-04 -1.969833259606814213e+00 8.169103125181321730e+02 2.767027825040600374e-06 -3.435132759645933120e+00 1.222773277984104633e+09
8.093491892904148373e-04 -1.976394170368825698e+00 8.871179448008865620e+02 2.608569817954691671e-06 -3.668230526493116983e+00 1.222773277994194508e+09
8.130290544258986273e-04 -1.972305002975327515e+00 8.320856903536698610e+02 3.428692169619060977e-06 -3.323738200958903377e+00 1.222773278560327768e+09
8.118771247636644801e-04 -1.974516796240382011e+00 8.180624461837775243e+02 3.989332142947596924e-06 -3.098291281556447174e+00 1.222773277956315994e+09
8.130927234215368270e-04 -1.970896842647848590e+00 8.564729407590908750e+02 4.484857279343766385e-06 -3.119368128729568923e+00 1.222773278295106649e+09
8.192374232106519648e-04 -1.966466253383339913e+00 7.859293263485722036e+02 4.098315868406800881e-06 -3.160608954792836656e+00 1.222773278021373510e+09
8.046908274561134430e-04 -1.979119144353848725e+00 8.886729104273003941e+02 5.127087194654622140e-06 -3.126864067706124573e+00 1.222773277985291719e+09
8.155440270174051012e-04 -1.969526102523180722e+00 8.135968691648108688e+02 4.590891810697428398e-06 -3.116847296022537073e+00 1.222773278245922089e+09
8.210680389069597868e-04 -1.968329838055072223e+00 7.731500880616549694e+02 3.811138981175707325e-06 -3.331718201092393805e+00 1.222773278078775883e+09
8.106043297877086771e-04 -1.977393397525164298e+00 8.414384345972292749e+02 5.505004498775876071e-06 -3.009398040193690171e+00 1.222773278329974413e+09
8.101366770111033573e-04 -1.974914047790429450e+00 8.749692481127814290e+02 4.978250688013390003e-06 -3.149484426123114744e+00 1.222773278190485001e+09
8.146803478338293658e-04 -1.975262882943990883e+00 7.941829311417308190e+02 3.398367268044113687e-06 -3.383966472594560848e+00 1.222773278048612118e+09
8.151142443932238952e-04 -1.970224061575283958e+00 8.229573829715850479e+02 5.069421907989873265e-06 -2.972374709929718861e+00 1.222773278310951233e+09
8.066160530586721647e-04 -1.976823352627602670e+00 8.793771898488984107e+02 3.787435151580412041e-06 -3.327404667826511897e+00 1.222773278433362484e+09
8.098135992303523434e-04 -1.973948226490865876e+00 8.515447634662169776e+02 2.362672271365764231e-06 -3.537227256356486826e+00 1.222773277935425758e+09
8.067585055957450426e-04 -1.980630784550875712e+00 8.804546046947507421e+02 4.705446342919902825e-06 -3.217468453202657841e+00 1.222773278130774736e+09
8.118677582513707334e-04 -1.974381415901542258e+00 8.333105286051263647e+02 3.686377735954600409e-06 -3.191799591096710742e+00 1.222773278341008663e+09
8.059515014395863142e-04 -1.981198901220870612e+00 8.779092536524358366e+02 4.467471015728068437e-06 -3.191645551010902082e+00 1.222773278585849524e+09
8.059515014395863142e-04 -1.981198901220870612e+00 8.779092536524358366e+02 4.467471015728068437e-06 -3.191645551010902082e+00 1.222773278585849524e+09
8.053857403347564319e-04 -1.980401610648006905e+00 8.913469625611646734e+02 6.714062320689515651e-06 -2.731392889874625141e+00 1.222773278140953302e+09
8.209671796054852444e-04 -1.965947299894834188e+00 7.795242963492542003e+02 3.996777276011201744e-06 -3.136900343070665897e+00 1.222773277979639530e+09
8.134787669438084488e-04 -1.972813685928657357e+00 8.451381861219284701e+02 4.670999872899640684e-06 -2.992427366622665730e+00 1.222773278092890978e+09
8.182155689741056354e-04 -1.971178724178793473e+00 7.743918486873727716e+02 4.458697943218165225e-06 -3.160927266907416211e+00 1.222773278157302141e+09
8.048056806606716145e-04 -1.979700701615388692e+00 8.860167337448949638e+02 4.558349191689998414e-06 -2.997912549108465718e+00 1.222773278306666613e+09
8.057853187881581407e-04 -1.979591182583960718e+00 8.717633853974289195e+02 2.721708228648669599e-06 -3.406445231041644206e+00 1.222773278085814714e+09
8.078105627692972607e-04 -1.975873760253639366e+00 8.717877376588915013e+02 2.691670068505563734e-06 -3.535120203410548889e+00 1.222773278532419205e+09
8.123483994801539891e-04 -1.971160474557561049e+00 8.424854334963383735e+02 2.336679863146960550e-06 -3.601117232999420992e+00 1.222773277933448553e+09
8.129859837716470541e-04 -1.973196772133863242e+00 8.414163899691133111e+02 3.125482399608047868e-06 -3.355951534322685781e+00 1.222773278351962805e+09
8.145861572715327754e-04 -1.972962774168548261e+00 8.088747789589123158e+02 3.293963432040151107e-06 -3.466510008301405321e+00 1.222773278309887648e+09
8.070170279287423691e-04 -1.979199112458441601e+00 8.681544373875568681e+02 3.600568497756175383e-06 -3.168867348452154786e+00 1.222773278012189865e+09
8.183756731550706227e-04 -1.968961193588570913e+00 8.034944233111270933e+02 3.499355313663050093e-06 -3.337810495670894717e+00 1.222773278332478046e+09
8.183756731550706227e-04 -1.968961193588570913e+00 8.034944233111270933e+02 3.499355313663050093e-06 -3.337810495670894717e+00 1.222773278332478046e+09
8.084019141453022486e-04 -1.974706252524234262e+00 8.756435034555573793e+02 2.495993909796074748e-06 -3.516351696955183570e+00 1.222773278145526648e+09
8.132429051438316760e-04 -1.973434395513341544e+00 8.406392069966310601e+02 2.555527926669990999e-06 -3.510529738200785843e+00 1.222773278052613258e+09
8.149472682940962515e-04 -1.971057643850726127e+00 7.999194585814491347e+02 5.450335740138626033e-06 -2.976830033206792514e+00 1.222773277988637209e+09
8.114619195898880449e-04 -1.977471077250753329e+00 8.386691900319472097e+02 4.354363755710804742e-06 -3.208824651920172855e+00 1.222773278243160963e+09
8.134264431575650208e-04 -1.973256113400896794e+00 8.351718903443155568e+02 3.101716490940298669e-06 -3.517590548825113572e+00 1.222773278331784964e+09
8.134264431575650208e-04 -1.973256113400896794e+00 8.351718903443155568e+02 3.101716490940298669e-06 -3.517590548825113572e+00 1.222773278331784964e+09
8.165078023942934317e-04 -1.971734451963042645e+00 7.790848640483455938e+02 2.728082921197153234e-06 -3.591079887130414150e+00 1.222773277972703934e+09
8.178188527283146046e-04 -1.969838918287221574e+00 7.943527966337435373e+02 6.854741371002390360e-06 -2.755532008647001874e+00 1.222773277940886259e+09
8.150729711106208643e-04 -1.972791651650680711e+00 8.318271225604916026e+02 3.937489238864127896e-06 -3.194065638157000286e+00 1.222773278121133089e+09
8.169839566682356993e-04 -1.969678639185996616e+00 8.292941508210775510e+02 4.842969351970468878e-06 -3.016402279353848748e+00 1.222773278041640043e+09
8.110214690973394092e-04 -1.976837388467678425e+00 8.156221488363775052e+02 2.660665465980151985e-06 -3.597751117491772455e+00 1.222773278230361462e+09
8.073404220021472349e-04 -1.980995307299027841e+00 8.453352553121197843e+02 4.467852770496443063e-06 -3.241010019093287120e+00 1.222773277962824583e+09
8.105736398206626848e-04 -1.975990507073176250e+00 8.411672054899306659e+02 2.769974210832099326e-06 -3.522086265383086889e+00 1.222773278627647877e+09
8.105736398206626848e-04 -1.975990507073176250e+00 8.411672054899306659e+02 2.769974210832099326e-06 -3.522086265383086889e+00 1.222773278627647877e+09
8.070983680482543251e-04 -1.977902949527878373e+00 8.816153414800095334e+02 3.895037493075684440e-06 -3.295747237692784992e+00 1.222773278813903332e+09
8.070983680482543251e-04 -1.977902949527878373e+00 8.816153414800095334e+02 3.895037493075684440e-06 -3.295747237692784992e+00 1.222773278813903332e+09
8.125903092103183446e-04 -1.971332804348264967e+00 8.650468440816881639e+02 5.825429344831650711e-06 -2.838372980332910522e+00 1.222773278002298117e+09
8.094771233486547108e-04 -1.978206163510881410e+00 8.197374624059261805e+02 2.529658655953506418e-06 -3.611155101094901454e+00 1.222773278103234053e+09
8.048204290805690718e-04 -1.979659107329773349e+00 8.908125538868391686e+02 3.486245760573101802e-06 -3.228520981994480010e+00 1.222773278467110872e+09
8.048204290805690718e-04 -1.979659107329773349e+00 8.908125538868391686e+02 3.486245760573101802e-06 -3.228520981994480010e+00 1.222773278467110872e+09
8.039736509325909591e-04 -1.979860076392350177e+00 9.175042703341409833e+02 5.859798392630335117e-06 -2.939247684494370461e+00 1.222773278594735146e+09
8.039736509325909591e-04 -1.979860076392350177e+00 9.175042703341409833e+02 5.859798392630335117e-06 -2.939247684494370461e+00 1.222773278594735146e+09
8.039912673828997778e-04 -1.982361784284440764e+00 8.820402122348596095e+02 4.472593301189918670e-06 -3.060839967603632417e+00 1.222773278345803022e+09
8.031709990333029932e-04 -1.983512406412230034e+00 8.735621823390792997e+02 5.041232196289669614e-06 -3.076932646200797095e+00 1.222773278144596100e+09
8.097357253280123993e-04 -1.973614244454462208e+00 8.999276905540190228e+02 2.769891223064979258e-06 -3.504014199607013325e+00 1.222773277957976341e+09
8.072102243463022148e-04 -1.974748863705724444e+00 9.130439695908737576e+02 5.874692458908212669e-06 -2.870394752245243986e+00 1.222773278043421507e+09
8.116602070165008023e-04 -1.976920857733689640e+00 8.064331565467560949e+02 3.462293303304628868e-06 -3.377523149589195306e+00 1.222773278155495167e+09
8.069152657983628745e-04 -1.978026684084885023e+00 8.579255058600969051e+02 3.199685636830361253e-06 -3.520449944223003058e+00 1.222773277998941183e+09
8.054794819388709764e-04 -1.977933381532621437e+00 8.676082553110926483e+02 3.573623545745229476e-06 -3.281006734301495698e+00 1.222773278226203442e+09
8.093244255003048497e-04 -1.975181809941270572e+00 8.924866745799877208e+02 4.559179321444052110e-06 -3.029083311109158849e+00 1.222773278194523811e+09
8.119734917987727263e-04 -1.973656651242230886e+00 8.646665768262522533e+02 3.820710440144131417e-06 -3.325982595370261308e+00 1.222773278379522800e+09
8.094292132724339658e-04 -1.975171284917967229e+00 8.354695440869554659e+02 2.420536852104142499e-06 -3.548514994169424064e+00 1.222773277979009390e+09
8.147543267467862024e-04 -1.975000249791580398e+00 7.989348135436068787e+02 5.111583426408224269e-06 -3.054446459706749550e+00 1.222773278020537853e+09
8.040441583012851272e-04 -1.979978924032732124e+00 8.903908232348632055e+02 2.771494560574164481e-06 -3.393084757767486082e+00 1.222773278184230328e+09
8.070099288354941119e-04 -1.977713033800612141e+00 9.084107932307155124e+02 5.141132126236938477e-06 -3.134524155454187166e+00 1.222773278110302925e+09
8.117801687708669752e-04 -1.975300351883416683e+00 8.414989644562073181e+02 2.130586846206368476e-06 -3.732126545668149831e+00 1.222773278261789799e+09
8.122849018344736665e-04 -1.973783602669210158e+00 8.431968442321742714e+02 4.507826318078381283e-06 -3.055878730774168162e+00 1.222773278483842373e+09
8.070691283012545970e-04 -1.976439977983208252e+00 9.243907937504224037e+02 5.542110391579730475e-06 -2.935254941084989966e+00 1.222773278205938339e+09
8.116089028139745250e-04 -1.973224306660227301e+00 8.575842308338783369e+02 4.609410754614918089e-06 -3.159108358274918871e+00 1.222773278490122080e+09
8.094639226924149437e-04 -1.974579624464246175e+00 8.638416209288079699e+02 4.293365895336709892e-06 -3.039809594596179387e+00 1.222773278210458040e+09
8.148677101978823176e-04 -1.973368667721806302e+00 8.162509046969327073e+02 3.245022470632185412e-06 -3.342096168008981572e+00 1.222773278216573238e+09
8.148040424006956122e-04 -1.971719209464403377e+00 8.191732117156172990e+02 3.519417548694364415e-06 -3.225922297559847607e+00 1.222773278205344677e+09
8.045011241666447403e-04 -1.978355816987187099e+00 8.798164157725069572e+02 3.747727286067429551e-06 -3.280426823731431796e+00 1.222773278206470728e+09
8.085199424325256300e-04 -1.978370503382514745e+00 8.724798141871824555e+02 2.662626159622200178e-06 -3.661089831717720067e+00 1.222773278202622414e+09
8.010157893908678587e-04 -1.983837852453990580e+00 9.575170294318104425e+02 3.768377699822055947e-06 -3.353937820537676195e+00 1.222773278589705467e+09
8.010157893908678587e-04 -1.983837852453990580e+00 9.575170294318104425e+02 3.768377699822055947e-06 -3.353937820537676195e+00 1.222773278589705467e+09
8.093764653761783461e-04 -1.972989916615982775e+00 8.791491771120798830e+02 4.234566934476415999e-06 -3.076564433968352219e+00 1.222773278027289867e+09
7.977956886358229674e-04 -1.986798518527535862e+00 9.568535066197390506e+02 2.807722339808264315e-06 -3.529013736346205299e+00 1.222773278862051725e+09
7.977956886358229674e-04 -1.986798518527535862e+00 9.568535066197390506e+02 2.807722339808264315e-06 -3.529013736346205299e+00 1.222773278862051725e+09
7.933005176918080797e-04 -1.993114041572663364e+00 9.982185798738864833e+02 3.208472073172949820e-06 -3.479945129196721609e+00 1.222773278071164846e+09
7.983741705603459270e-04 -1.987282809432256769e+00 9.778896318993326986e+02 4.825343830286447225e-06 -3.034145260887425977e+00 1.222773278132490158e+09
8.115212835795830451e-04 -1.976577279615451488e+00 8.203404776893585222e+02 3.218602048017888700e-06 -3.361563038558244898e+00 1.222773278314435959e+09
8.144855431957668960e-04 -1.974103779749896148e+00 7.937695383497540433e+02 3.844956624714770258e-06 -3.236744329288252509e+00 1.222773278228714943e+09
8.144855431957668960e-04 -1.974103779749896148e+00 7.937695383497540433e+02 3.844956624714770258e-06 -3.236744329288252509e+00 1.222773278228714943e+09
8.121842679760894268e-04 -1.972941592722098125e+00 8.749154718483745228e+02 4.570918366756915907e-06 -3.167464387311559548e+00 1.222773278170447111e+09
7.961287246442079251e-04 -1.985632088254609684e+00 9.494074176527228701e+02 1.799381752659986856e-06 -3.816063143792812085e+00 1.222773277972466469e+09
8.098670235355277238e-04 -1.974856687386005394e+00 8.812751182136953503e+02 2.816992561698796993e-06 -3.442663029607821557e+00 1.222773278231169701e+09
7.980568479124125958e-04 -1.987477268152963994e+00 9.228420875436270308e+02 4.977383130611242252e-06 -3.109808291008552494e+00 1.222773278193795919e+09
7.912374295975644180e-04 -1.991596367990102756e+00 9.996384798539529584e+02 5.661550465495495132e-06 -2.889177153554555844e+00 1.222773278001730204e+09
7.987608980597109363e-04 -1.986333022742156729e+00 9.152838111951690507e+02 3.694135661813573876e-06 -3.349735070713491858e+00 1.222773278441654444e+09
7.989083436198814387e-04 -1.985330712423714949e+00 9.280517021721424271e+02 1.840709869243114680e-06 -3.818887134026438979e+00 1.222773278407701015e+09
8.138299109789242031e-04 -1.973770166239466439e+00 8.309053096003221981e+02 3.510217002546121448e-06 -3.463397367822426354e+00 1.222773277964207649e+09
8.100510339603797559e-04 -1.975953846806433489e+00 8.474810834222500944e+02 5.323760764932384367e-06 -3.002925916032966214e+00 1.222773278587714195e+09
8.158778248212579607e-04 -1.970684866649289546e+00 7.927469313140040867e+02 2.442005141439887070e-06 -3.668071293995850191e+00 1.222773277987352371e+09
7.941689558255086295e-04 -1.990359628540725234e+00 9.745612940526312968e+02 2.279883104636596599e-06 -3.690046977877042167e+00 1.222773278568175077e+09
7.996176902150430770e-04 -1.985724108168613000e+00 9.066439020821080703e+02 2.247099658137948502e-06 -3.678191927033410025e+00 1.222773278360901356e+09
8.105387743115135320e-04 -1.976074210362170014e+00 8.431013488313087691e+02 1.677205582035336874e-06 -3.983286523534120604e+00 1.222773277983982801e+09
8.037206790125006953e-04 -1.978084752996621454e+00 9.187567441147367617e+02 6.024230824371688927e-06 -2.866584468203703828e+00 1.222773278150732279e+09
8.035934031601082864e-04 -1.980037985219439634e+00 9.510106375317334368e+02 3.176312690992389792e-06 -3.454023540618396559e+00 1.222773278421729088e+09
8.030634999325859079e-04 -1.982803850918774424e+00 9.231436421849525686e+02 3.727578635592041092e-06 -3.308469002230848943e+00 1.222773278739507198e+09
8.030634999325859079e-04 -1.982803850918774424e+00 9.231436421849525686e+02 3.727578635592041092e-06 -3.308469002230848943e+00 1.222773278739507198e+09
8.123947898483967851e-04 -1.975210666510267110e+00 8.347180779647879945e+02 5.276983247182020969e-06 -3.053124036424766707e+00 1.222773278425461292e+09
8.123947898483967851e-04 -1.975210666510267110e+00 8.347180779647879945e+02 5.276983247182020969e-06 -3.053124036424766707e+00 1.222773278425461292e+09
8.040681746200688523e-04 -1.979808380853861127e+00 9.029749423429062745e+02 2.494799932291570754e-06 -3.608764295307622660e+00 1.222773278742676735e+09
8.040681746200688523e-04 -1.979808380853861127e+00 9.029749423429062745e+02 2.494799932291570754e-06 -3.608764295307622660e+00 1.222773278742676735e+09
8.035488742997127717e-04 -1.977873310554589592e+00 9.093537161106889926e+02 3.838779022847504658e-06 -3.257707329776616589e+00 1.222773278195820093e+09
8.046003189585339971e-04 -1.978400438416739071e+00 8.776843190007236899e+02 4.583618246538608718e-06 -3.061123250936939932e+00 1.222773278099216938e+09
7.956158852291649866e-04 -1.984781478326443693e+00 9.998134992814098041e+02 4.781156488197920880e-06 -2.994794591943546358e+00 1.222773278340883970e+09
8.072482763862758384e-04 -1.975455565698066573e+00 8.892845826003954244e+02 4.701286153594864728e-06 -3.084096660702018156e+00 1.222773278446572542e+09
8.046580320682537391e-04 -1.980010290685760399e+00 9.100789886148467076e+02 1.899875940915971032e-06 -3.780454981017103755e+00 1.222773278303457975e+09
8.046580320682537391e-04 -1.980010290685760399e+00 9.100789886148467076e+02 1.899875940915971032e-06 -3.780454981017103755e+00 1.222773278303457975e+09
7.960987023101578040e-04 -1.986050660188525274e+00 9.768240967061877882e+02 4.139828396093184462e-06 -3.065708968108448396e+00 1.222773278311525583e+09
8.057987261615551884e-04 -1.975933290528326669e+00 9.180461171499033526e+02 3.154780967412714207e-06 -3.395208347282482997e+00 1.222773278291836262e+09
7.979676328040528769e-04 -1.983957667156224680e+00 9.699986481674304741e+02 1.537319645395554527e-06 -3.991843026165415864e+00 1.222773278262502432e+09
7.987313304757227492e-04 -1.985866077041596345e+00 9.560711929914028815e+02 3.947871076707131519e-06 -3.143316931790323565e+00 1.222773278461882830e+09
7.987313304757227492e-04 -1.985866077041596345e+00 9.560711929914028815e+02 3.947871076707131519e-06 -3.143316931790323565e+00 1.222773278461882830e+09
7.984761824176356878e-04 -1.982949756600017377e+00 9.829480284322670514e+02 2.611941815313412878e-06 -3.610127410122294656e+00 1.222773278565255165e+09
8.142471557487428267e-04 -1.973751808256940077e+00 7.929309215030687028e+02 2.090114616582735568e-06 -3.776562187644797675e+00 1.222773277928778887e+09
8.165350174870702376e-04 -1.968233019914741089e+00 8.276436955045354580e+02 4.142398447639756693e-06 -3.221837676528193306e+00 1.222773278114442825e+09
8.022939599309459680e-04 -1.980522913222449777e+00 8.956559547804087060e+02 4.372627142204397370e-06 -3.035236495633403919e+00 1.222773277941204786e+09
8.023041535975091636e-04 -1.984807188594080340e+00 8.956841524355949105e+02 4.782065764035734022e-06 -3.018637777022252777e+00 1.222773278092787981e+09
8.020361684519725348e-04 -1.984136012520450354e+00 8.980447385778223861e+02 2.237702820385147409e-06 -3.787802591623174564e+00 1.222773278277202368e+09
8.053190333860004314e-04 -1.980536240230889700e+00 8.942707195294659641e+02 3.965014303921076384e-06 -3.347506623122503022e+00 1.222773278475188494e+09
7.943098410855261920e-04 -1.986746407062263575e+00 9.965874692057268476e+02 2.393866424131965860e-06 -3.690920305429159498e+00 1.222773278469024897e+09
7.946864026034309138e-04 -1.989780828142573288e+00 9.865629229831918110e+02 1.830128361572357871e-06 -3.860038390856226798e+00 1.222773278415806293e+09
8.156242781420418786e-04 -1.972157767515138937e+00 8.239268784986747960e+02 2.270204164607547673e-06 -3.713029696187690298e+00 1.222773277967520475e+09
7.972929740191935432e-04 -1.985658606155293882e+00 9.737868016008304721e+02 5.240311810673841708e-06 -3.004987337733100006e+00 1.222773278789708138e+09
7.972929740191935432e-04 -1.985658606155293882e+00 9.737868016008304721e+02 5.240311810673841708e-06 -3.004987337733100006e+00 1.222773278789708138e+09
8.091833048916051213e-04 -1.976363992083397303e+00 8.706135634524789566e+02 1.971994318690452830e-06 -3.752266562256222571e+00 1.222773278207589865e+09
8.107776495892902828e-04 -1.975019403737820367e+00 8.172638229388223863e+02 2.393539302720796332e-06 -3.633169573491285220e+00 1.222773278053707600e+09
8.115377276700691447e-04 -1.973237457315748067e+00 8.623487030664900885e+02 4.816923175096710297e-06 -3.021534995205110263e+00 1.222773278476307154e+09
8.079479686456419356e-04 -1.977273391991624552e+00 8.664979248155181040e+02 5.017264031292399036e-06 -2.923197286718428600e+00 1.222773278287031174e+09
8.175598826600090309e-04 -1.968383520252438679e+00 7.879534868710702540e+02 2.595691419010464123e-06 -3.549353340718958805e+00 1.222773277974507332e+09
7.984543138717406464e-04 -1.985776215895511232e+00 9.255525646375292581e+02 2.189200740133806933e-06 -3.689981269964709654e+00 1.222773278489846230e+09
7.984543138717406464e-04 -1.985776215895511232e+00 9.255525646375292581e+02 2.189200740133806933e-06 -3.689981269964709654e+00 1.222773278489846230e+09
8.138951861839572753e-04 -1.972848085542654450e+00 8.583971789593065296e+02 4.465410178091843701e-06 -3.161032801807022175e+00 1.222773278075751781e+09
7.935526795392251233e-04 -1.990630182747299415e+00 9.925987671691639207e+02 5.258177299091042312e-06 -2.948652062913573957e+00 1.222773278353282452e+09
7.987137542200262175e-04 -1.984082344737383208e+00 9.696870324461237942e+02 5.923576460867021308e-06 -2.969839028619522203e+00 1.222773278439814091e+09
7.982697823137512114e-04 -1.984872164684644336e+00 9.586379957676402910e+02 1.516641118762532821e-06 -4.094429142946666822e+00 1.222773277985363483e+09
8.195700388038615336e-04 -1.968808581250651280e+00 7.816230935927982273e+02 5.005903263324058166e-06 -3.121088395975759155e+00 1.222773278055135250e+09
8.006083680424764485e-04 -1.981328218734297986e+00 9.621461667821621404e+02 2.932577365269462399e-06 -3.512313145775447509e+00 1.222773278640467882e+09
7.937925023678679866e-04 -1.990409435345478872e+00 9.805230105625043961e+02 2.508542910514798895e-06 -3.513323947863294272e+00 1.222773278223649979e+09
8.057319171163230577e-04 -1.976956569673486763e+00 9.179302829455390338e+02 2.777106301933810142e-06 -3.413783459785677543e+00 1.222773278110970974e+09
8.090417434525898907e-04 -1.977207117219509591e+00 8.647181506027239948e+02 1.766705086143775569e-06 -3.831385179420128573e+00 1.222773278027912378e+09
8.118802312606951226e-04 -1.974768397412704601e+00 8.459032577618734194e+02 3.040750992539219758e-06 -3.467885177904754812e+00 1.222773278601941109e+09
7.987413094919029732e-04 -1.986587281174882591e+00 9.545537473724914435e+02 1.814351254446681276e-06 -3.928279466394252850e+00 1.222773278238671541e+09
8.122438602715627894e-04 -1.975186684990469344e+00 8.309240167522888214e+02 6.385369240343220402e-06 -2.931563150223489345e+00 1.222773277936586618e+09
7.965688885707653552e-04 -1.989359672130722068e+00 9.771815413409976827e+02 2.990633414343072573e-06 -3.412081177364505891e+00 1.222773278079465628e+09
7.995062702860471909e-04 -1.982506018807253856e+00 9.982229637083576108e+02 5.377311049472454557e-06 -3.041205603348173803e+00 1.222773278282040119e+09
7.995062702860471909e-04 -1.982506018807253856e+00 9.982229637083576108e+02 5.377311049472454557e-06 -3.041205603348173803e+00 1.222773278282040119e+09
7.927931778965595410e-04 -1.990804072538787661e+00 9.828793708054859053e+02 4.502725561473054320e-06 -3.102181337384950055e+00 1.222773278438841581e+09
8.078516197662718870e-04 -1.976628228705183066e+00 8.851639509262096226e+02 2.552884657113379892e-06 -3.598697808377317564e+00 1.222773278606364012e+09
8.078516197662718870e-04 -1.976628228705183066e+00 8.851639509262096226e+02 2.552884657113379892e-06 -3.598697808377317564e+00 1.222773278606364012e+09
8.033889131673464671e-04 -1.982346576725173115e+00 9.046510262793680113e+02 2.855518834139574454e-06 -3.643316848266357155e+00 1.222773278113763571e+09
7.960573390596911020e-04 -1.983945998101408703e+00 9.867139327537302051e+02 3.861700156937837367e-06 -3.217471078312191146e+00 1.222773278315184355e+09
8.066783493784634605e-04 -1.975940884974690448e+00 8.931362385056170297e+02 2.290929595997103310e-06 -3.645113740572441863e+00 1.222773278279382944e+09
8.005872000319974331e-04 -1.984110887698667725e+00 9.347719832446973669e+02 3.205225562717729990e-06 -3.455547468647742981e+00 1.222773278908701897e+09
8.005872000319974331e-04 -1.984110887698667725e+00 9.347719832446973669e+02 3.205225562717729990e-06 -3.455547468647742981e+00 1.222773278908701897e+09
8.049512124671524176e-04 -1.981928496966098185e+00 8.820081479226465717e+02 5.852299739672079000e-06 -2.904713868893809448e+00 1.222773278319620371e+09
7.999612910873865829e-04 -1.983562444051342410e+00 9.688446487958186708e+02 2.831838772504900005e-06 -3.457794670601638032e+00 1.222773278585331917e+09
8.071642485030413585e-04 -1.978385827277771902e+00 8.835082144517895131e+02 7.295930574154198161e-06 -2.712914941350175191e+00 1.222773278151813507e+09
7.946984659773202470e-04 -1.988740349675819363e+00 9.655759928196620194e+02 1.749385409503631860e-06 -3.849760551469359804e+00 1.222773278288528681e+09
8.123681670540324438e-04 -1.972627970191220825e+00 8.659662802419940135e+02 5.919903562772751401e-06 -2.885491166205374824e+00 1.222773278237327814e+09
8.227672002690444766e-04 -1.965977777797673687e+00 7.536214290812467880e+02 2.724934427966085970e-06 -3.534981473284779518e+00 1.222773277936853886e+09
8.035140645488906110e-04 -1.981789665788756372e+00 8.633451884191932777e+02 3.705069476581332822e-06 -3.329158618476803611e+00 1.222773278052573681e+09
8.024188481377552860e-04 -1.982592997324517547e+00 9.501646828085215475e+02 6.293542407783801259e-06 -2.882090538309356909e+00 1.222773278259072542e+09
7.966107754601923748e-04 -1.985485634230152119e+00 9.587308782226314179e+02 2.788792310344452025e-06 -3.445113159422502846e+00 1.222773278498668194e+09
7.966107754601923748e-04 -1.985485634230152119e+00 9.587308782226314179e+02 2.788792310344452025e-06 -3.445113159422502846e+00 1.222773278498668194e+09
8.028302856982316021e-04 -1.982952203133034885e+00 9.078883325916638114e+02 2.916538100900351215e-06 -3.501674633697630767e+00 1.222773278801930189e+09
8.028302856982316021e-04 -1.982952203133034885e+00 9.078883325916638114e+02 2.916538100900351215e-06 -3.501674633697630767e+00 1.222773278801930189e+09
8.172882762560133981e-04 -1.969941486698303379e+00 8.013826734268950531e+02 4.265013020956791519e-06 -3.220428835376828225e+00 1.222773278404229641e+09
8.172882762560133981e-04 -1.969941486698303379e+00 8.013826734268950531e+02 4.265013020956791519e-06 -3.220428835376828225e+00 1.222773278404229641e+09
7.995172620120442452e-04 -1.980591570827386683e+00 9.910211776639050640e+02 6.099621695923065631e-06 -2.864885909825982679e+00 1.222773277957489967e+09
8.067563387079782758e-04 -1.979109026809899197e+00 9.205159137278056960e+02 4.684510839240714730e-06 -3.149479626019632938e+00 1.222773278138762951e+09
7.997504902403115672e-04 -1.980465677681012338e+00 9.716155823160603404e+02 3.170041109190690915e-06 -3.283389754175881414e+00 1.222773277919260979e+09
8.156335664545384017e-04 -1.971746439345096746e+00 7.909839189509615380e+02 4.913465559964157012e-06 -3.028821491000570632e+00 1.222773278184133291e+09
8.031437425797003987e-04 -1.981547630702277907e+00 8.958792773072185582e+02 2.781960568990200898e-06 -3.629554203122831169e+00 1.222773278324244499e+09
8.042376469009353442e-04 -1.981918845144573726e+00 8.947889916268995876e+02 1.726066671584194592e-06 -3.937730181687156161e+00 1.222773278243795633e+09
8.061026648269739104e-04 -1.979601059895865989e+00 8.675371625664821522e+02 2.889549493008548148e-06 -3.524884580100052567e+00 1.222773278693258524e+09
7.970681781302771905e-04 -1.985453735477564985e+00 9.881181836698990537e+02 3.053876994140214738e-06 -3.401211310261921916e+00 1.222773278823533297e+09
7.970681781302771905e-04 -1.985453735477564985e+00 9.881181836698990537e+02 3.053876994140214738e-06 -3.401211310261921916e+00 1.222773278823533297e+09
8.037501502003947590e-04 -1.980255870124162820e+00 9.118894326751708377e+02 4.693750073418251641e-06 -3.058532415790090830e+00 1.222773278816022396e+09
8.037501502003947590e-04 -1.980255870124162820e+00 9.118894326751708377e+02 4.693750073418251641e-06 -3.058532415790090830e+00 1.222773278816022396e+09
8.056243377013282830e-04 -1.982138427463903119e+00 8.798479452465638815e+02 3.812574653174893236e-06 -3.318136632343775538e+00 1.222773278465493917e+09
8.036251725092694335e-04 -1.979312107506739693e+00 9.151231801755228616e+02 3.225761978100005821e-06 -3.300362038429645040e+00 1.222773278491436005e+09
8.101018860298857737e-04 -1.977514949906234554e+00 8.377021553848765052e+02 4.378623384776157475e-06 -3.158839677174548832e+00 1.222773278567359686e+09
8.014562160078242360e-04 -1.981138024414740073e+00 9.114889287223110159e+02 3.551743875243183834e-06 -3.327869918142607908e+00 1.222773278512017488e+09
7.990514250079011095e-04 -1.987541478896822866e+00 9.323373228672913910e+02 3.317409495118910746e-06 -3.497036885878098467e+00 1.222773278233913422e+09
7.965016106323266273e-04 -1.986964456892775344e+00 9.822482937350961265e+02 1.419575094883375321e-06 -4.019232676346935484e+00 1.222773278143965006e+09
7.971841824810875759e-04 -1.986323928048674858e+00 9.448130811136384182e+02 1.399703829474912249e-06 -4.070837577808155139e+00 1.222773278147132874e+09
8.163819210410262458e-04 -1.968845141374042873e+00 7.990444270812121204e+02 2.839965351995358696e-06 -3.447203344959444138e+00 1.222773277982054710e+09
7.997004340584016116e-04 -1.985325373770476798e+00 9.208900282508673172e+02 2.306557817284331859e-06 -3.572571889352269991e+00 1.222773278184505939e+09
8.006188783927963362e-04 -1.981186430141286703e+00 9.899190382365284222e+02 3.500279455664053802e-06 -3.312377789897387181e+00 1.222773278347666502e+09
8.044645579158059626e-04 -1.978241299919202056e+00 9.027717556753632380e+02 3.097809687788218261e-06 -3.490799635560573932e+00 1.222773278429635763e+09
7.993117282918967654e-04 -1.980877486624964323e+00 9.856539583038697856e+02 2.787869363601702514e-06 -3.543465515324611737e+00 1.222773278181008101e+09
8.122845777539939834e-04 -1.973671724056557331e+00 8.163675555187760438e+02 3.689465458482784908e-06 -3.240256837340229623e+00 1.222773278344316006e+09
8.122845777539939834e-04 -1.973671724056557331e+00 8.163675555187760438e+02 3.689465458482784908e-06 -3.240256837340229623e+00 1.222773278344316006e+09
8.006829507942166222e-04 -1.980527444418745286e+00 9.559710047019804051e+02 2.465982621446666878e-06 -3.516508739500693537e+00 1.222773278175932407e+09
7.971185998234848070e-04 -1.984458710996769959e+00 9.846206041678365182e+02 4.863836606846672044e-06 -3.023127495285768518e+00 1.222773278689267874e+09
7.971185998234848070e-04 -1.984458710996769959e+00 9.846206041678365182e+02 4.863836606846672044e-06 -3.023127495285768518e+00 1.222773278689267874e+09
8.146853502195005323e-04 -1.971371319766837216e+00 8.571492905213310678e+02 5.056206802608040778e-06 -3.042818233164172881e+00 1.222773277998971701e+09
8.073958997649403196e-04 -1.978541927184541915e+00 8.864505914205351473e+02 5.011982598578534744e-06 -3.062629859230911578e+00 1.222773278699625254e+09
8.073958997649403196e-04 -1.978541927184541915e+00 8.864505914205351473e+02 5.011982598578534744e-06 -3.062629859230911578e+00 1.222773278699625254e+09
7.995815245555924853e-04 -1.984996535920913185e+00 9.691506529094936013e+02 5.357310966499415400e-06 -2.945545791697877114e+00 1.222773278456642151e+09
8.019796606804724349e-04 -1.981320741689340359e+00 9.366090215475132936e+02 4.255290382978870865e-06 -3.266850682460852973e+00 1.222773278586780787e+09
8.034654965119499958e-04 -1.983318013714892469e+00 9.122340764681874816e+02 3.359935525382946370e-06 -3.519511977288225957e+00 1.222773277947613716e+09
7.970378146081969839e-04 -1.984017640116870318e+00 9.827222011995430648e+02 4.103254002255033115e-06 -3.188114707586167107e+00 1.222773278690373421e+09
8.028040755521630026e-04 -1.980137171053593992e+00 9.345304666681572598e+02 7.565983182577243893e-06 -2.715591539831768486e+00 1.222773278000093222e+09
8.049309659040001542e-04 -1.982390182946923485e+00 8.893521590306073676e+02 3.218283714219052212e-06 -3.443214988877548066e+00 1.222773278535017967e+09
8.086718610552823695e-04 -1.975156338618429430e+00 8.773633798224266229e+02 3.228058777712622714e-06 -3.331784000795719791e+00 1.222773278510219097e+09
7.936574001538558186e-04 -1.989716068801689275e+00 9.788496282089278111e+02 3.397393743517899378e-06 -3.486464513559759837e+00 1.222773278146443129e+09
7.978431096017159522e-04 -1.985305137449880242e+00 9.578545067634382804e+02 3.973019905201006434e-06 -3.100731923862983130e+00 1.222773278353518963e+09
8.000735132073112784e-04 -1.986477066538097080e+00 9.299202156378963764e+02 2.070047901623050430e-06 -3.840267939885145587e+00 1.222773278148617506e+09
8.032217582708323133e-04 -1.978564293203359803e+00 9.305631851524270814e+02 5.331129359601489919e-06 -2.877558701809881825e+00 1.222773278165591478e+09
8.100021664824354640e-04 -1.973594687234168754e+00 8.555935898100533450e+02 4.340852677879314629e-06 -3.227889811094892814e+00 1.222773278079073429e+09
8.062657828603747448e-04 -1.975617785955894989e+00 9.257465368712386180e+02 5.758936090613174226e-06 -2.894471447619737070e+00 1.222773278091345549e+09
8.005222090248490961e-04 -1.981536329628653892e+00 9.699717255134214611e+02 3.781286151441044087e-06 -3.192310603622435572e+00 1.222773278521726131e+09
8.002862127926854783e-04 -1.986789230778959858e+00 9.101801095199846259e+02 3.451884983392004930e-06 -3.345433232917224942e+00 1.222773278354226828e+09
8.032048354964478132e-04 -1.979308832665594320e+00 9.191837664034782165e+02 2.042403831036556829e-06 -3.823673122639649868e+00 1.222773278226158857e+09
8.053461434875813785e-04 -1.980949436129993080e+00 8.476365078896038767e+02 3.783642178486281592e-06 -3.255216195301094295e+00 1.222773278115551949e+09
8.027595645347001315e-04 -1.980954715249543474e+00 9.603703451771654045e+02 5.222253283427137544e-06 -2.963143086240214608e+00 1.222773278308892488e+09
8.068532110742552502e-04 -1.978096305022396972e+00 8.572214184818824378e+02 1.870492494526883514e-06 -3.836880433611446151e+00 1.222773278224931002e+09
8.041583727061438550e-04 -1.980907271313890217e+00 8.664392838474401515e+02 1.973058494106842834e-06 -3.731038510203320335e+00 1.222773278006391764e+09
8.060473967452615922e-04 -1.977456254024672067e+00 9.247909337824311251e+02 3.830916469255721316e-06 -3.326062012759789965e+00 1.222773278399703026e+09
8.137009902143331561e-04 -1.973369634066061806e+00 8.248932783085232359e+02 4.656810089319126121e-06 -3.047014976627971272e+00 1.222773278471050739e+09
8.125860780765234524e-04 -1.972116559179909467e+00 8.529590826127918035e+02 2.510553259483068509e-06 -3.673641273783970540e+00 1.222773278031545639e+09
7.955685611787371297e-04 -1.986158664616989755e+00 9.764213297432939953e+02 2.600014117987765306e-06 -3.612390882709457962e+00 1.222773278612776756e+09
7.958261496275129826e-04 -1.985293197590296987e+00 9.692193202759680162e+02 4.319605885558528623e-06 -3.236076185759502621e+00 1.222773278021546364e+09
7.998514453596963563e-04 -1.983155032421829222e+00 9.515290541598603795e+02 2.166324809139157785e-06 -3.689825313833789977e+00 1.222773278653542519e+09
7.998514453596963563e-04 -1.983155032421829222e+00 9.515290541598603795e+02 2.166324809139157785e-06 -3.689825313833789977e+00 1.222773278653542519e+09
7.986261429337588843e-04 -1.983920952239545343e+00 9.826851220633939192e+02 4.364050289954974433e-06 -3.290686991792178162e+00 1.222773278129781008e+09
8.092948419586238132e-04 -1.976306545429884043e+00 8.574787687053567424e+02 3.047009221303677933e-06 -3.498827267499346583e+00 1.222773278673616409e+09
8.058192634300965747e-04 -1.978727979495382705e+00 8.610058609845553974e+02 2.702391436477385666e-06 -3.452150730673059442e+00 1.222773278154201508e+09
7.982581691755167349e-04 -1.987053248426949636e+00 9.869785145252971006e+02 5.133814185275455939e-06 -3.009577145306782775e+00 1.222773278198683739e+09
7.996601537694376103e-04 -1.986713444163303421e+00 9.054638891303212631e+02 4.428599031040940301e-06 -3.234980148915401976e+00 1.222773278101424456e+09
8.135029037264266110e-04 -1.973070343015590256e+00 8.146326907612410650e+02 4.969170995930074075e-06 -3.043422388811244161e+00 1.222773278441398144e+09
8.135029037264266110e-04 -1.973070343015590256e+00 8.146326907612410650e+02 4.969170995930074075e-06 -3.043422388811244161e+00 1.222773278441398144e+09
8.021692748530086627e-04 -1.979154773038337201e+00 9.436451324529075464e+02 6.118876922723460066e-06 -2.767314386167027962e+00 1.222773277980272293e+09
8.037193732249635694e-04 -1.979413721298327822e+00 9.327993883672945685e+02 2.067516304470855412e-06 -3.741428945588709531e+00 1.222773278369400263e+09
8.122414244573090405e-04 -1.975666128131879695e+00 8.393594150393353175e+02 5.285985497124303029e-06 -2.958695807130306221e+00 1.222773278272456408e+09
8.119387721611333233e-04 -1.974472715908015985e+00 8.158714354770924047e+02 6.049646750625051904e-06 -2.853945057020237819e+00 1.222773277974856377e+09
8.006843465035381763e-04 -1.983983646664221112e+00 9.469826810646621880e+02 2.743395701129542504e-06 -3.660098812509426480e+00 1.222773278284807444e+09
8.006843465035381763e-04 -1.983983646664221112e+00 9.469826810646621880e+02 2.743395701129542504e-06 -3.660098812509426480e+00 1.222773278284807444e+09
8.002291561275959439e-04 -1.982662357329652680e+00 9.350726795940626062e+02 5.006449593649026978e-06 -3.167606354702438232e+00 1.222773277923918009e+09
8.009326151349884871e-04 -1.984182436752128575e+00 9.595639019646822589e+02 4.599443136355189023e-06 -3.195085014062116535e+00 1.222773278462658882e+09
7.985968699087869814e-04 -1.982589383656662374e+00 9.770325401635916478e+02 4.545601418042877656e-06 -3.197130693953797120e+00 1.222773278335690737e+09
8.042521426616625231e-04 -1.982402854901202716e+00 8.718200172802738734e+02 1.758595927675708602e-06 -3.854882166285181100e+00 1.222773278046617985e+09
7.965407822185713695e-04 -1.984332794267135380e+00 9.903661510443434963e+02 2.741224073608178639e-06 -3.588124885210069337e+00 1.222773278473178625e+09
7.965407822185713695e-04 -1.984332794267135380e+00 9.903661510443434963e+02 2.741224073608178639e-06 -3.588124885210069337e+00 1.222773278473178625e+09
8.061549397350242872e-04 -1.979747498878630108e+00 8.992691880877994208e+02 3.147663442389369719e-06 -3.449490181755325402e+00 1.222773278685123205e+09
8.061549397350242872e-04 -1.979747498878630108e+00 8.992691880877994208e+02 3.147663442389369719e-06 -3.449490181755325402e+00 1.222773278685123205e+09
7.998985153582689224e-04 -1.984265762223525797e+00 9.444805368624832909e+02 2.704218657878774769e-06 -3.700350078501798201e+00 1.222773277954400301e+09
8.174732684983267465e-04 -1.969900206696221012e+00 7.755643807500044886e+02 3.192667230420506831e-06 -3.357198331447113659e+00 1.222773278009188175e+09
8.000707793069265555e-04 -1.980352000631512066e+00 9.415070443837602170e+02 4.200646791000396488e-06 -3.147967755039573490e+00 1.222773278054307938e+09
8.004444524615151766e-04 -1.981594743317877771e+00 9.600850692823158852e+02 2.636812937576166341e-06 -3.602090994057939533e+00 1.222773278607868910e+09
8.004444524615151766e-04 -1.981594743317877771e+00 9.600850692823158852e+02 2.636812937576166341e-06 -3.602090994057939533e+00 1.222773278607868910e+09
7.909862420298804367e-04 -1.993458135570054246e+00 9.943514702659034583e+02 2.312222594134201440e-06 -3.697595407949281210e+00 1.222773278325938702e+09
8.023147668405197297e-04 -1.979395363476883052e+00 9.406947362452729067e+02 2.106552694591583062e-06 -3.658963728788253711e+00 1.222773278133444786e+09
7.926512821285205349e-04 -1.991367086089894656e+00 9.765370635602387210e+02 3.368586793186717061e-06 -3.279328421436139784e+00 1.222773278126157522e+09
7.986505528189539495e-04 -1.982890430089162992e+00 9.737305702709311390e+02 3.078555043303346769e-06 -3.439975599293016550e+00 1.222773278758658886e+09
7.986505528189539495e-04 -1.982890430089162992e+00 9.737305702709311390e+02 3.078555043303346769e-06 -3.439975599293016550e+00 1.222773278758658886e+09
8.024076043815025171e-04 -1.981990267888209978e+00 9.062559049961637356e+02 2.439793462462834178e-06 -3.617618131311337137e+00 1.222773278746151924e+09
8.037987329254126260e-04 -1.978973499036012829e+00 8.817990787024509700e+02 3.562297825332901968e-06 -3.312199079004346736e+00 1.222773278136774063e+09
8.046606234612711187e-04 -1.977751159679349335e+00 9.408373763605430895e+02 4.331777267167125093e-06 -3.144049625034046613e+00 1.222773278455023050e+09
8.017676615518189642e-04 -1.978918210171010994e+00 9.630855111593048150e+02 2.268176703689497131e-06 -3.626535579080088390e+00 1.222773277969751358e+09
8.007649732298457047e-04 -1.985109501446454594e+00 9.306138132475216480e+02 2.481459653528546811e-06 -3.575020404363493221e+00 1.222773278421970606e+09
8.007649732298457047e-04 -1.985109501446454594e+00 9.306138132475216480e+02 2.481459653528546811e-06 -3.575020404363493221e+00 1.222773278421970606e+09
8.131912112322219272e-04 -1.973733221984162789e+00 7.997958292784312562e+02 3.648732303355226427e-06 -3.220015131541888564e+00 1.222773278004052639e+09
7.902933915391118598e-04 -1.993645007995594742e+00 9.930136667244512410e+02 2.853069788028220956e-06 -3.501186845792415347e+00 1.222773278252088785e+09
7.902933915391118598e-04 -1.993645007995594742e+00 9.930136667244512410e+02 2.853069788028220956e-06 -3.501186845792415347e+00 1.222773278252088785e+09
7.914068138102477385e-04 -1.989828126248289974e+00 9.914975166939296969e+02 2.313284297967103304e-06 -3.680271220400594956e+00 1.222773278053952456e+09
7.950234935055817314e-04 -1.990541674626862934e+00 9.780727082524100524e+02 4.908977851694230051e-06 -3.008002422630422501e+00 1.222773278159997463e+09
8.063480357182555274e-04 -1.979828374034702021e+00 8.875750519386932638e+02 2.226934556480426718e-06 -3.626778431968392447e+00 1.222773278158464909e+09
