8.532854821719079372e-04 -1.928112681981453136e+00 -2.444007548723762469e+00 1.314993549560077145e-06 -4.126930003886659648e+00 1.342498388445671320e+09
8.577957569611747947e-04 -1.939068074571516531e+00 -2.314522054996034583e+00 3.982945048758131284e-06 -3.555566368228967100e+00 1.342498389592898130e+09
8.529292759791693053e-04 -1.933124667181377765e+00 -2.382281759833269508e+00 2.432456856458418521e-08 -7.104276063067872293e+00 1.342498392317131281e+09
8.524647576442701729e-04 -1.945914762257752617e+00 -2.224630079002101635e+00 6.139304382312514755e-07 -4.917707231032665049e+00 1.342498392964332104e+09
8.415387976766508255e-04 -1.952501646747237807e+00 -2.298845862916906402e+00 3.059574291589453108e-06 -3.327707566198867539e+00 1.342498392969184160e+09
8.470374766138276433e-04 -1.949525277768809683e+00 -2.375211692746234338e+00 4.344505022297131751e-08 -6.750431958586606385e+00 1.342498392975399017e+09
8.646342284694128518e-04 -1.926280395512117494e+00 -2.438446850144907252e+00 4.174594421765311636e-07 -5.222607544890884412e+00 1.342498393061469316e+09
8.670246087306759854e-04 -1.926682172779522695e+00 -2.477087021719045712e+00 1.792768580370820823e-07 -5.654159335638329509e+00 1.342498393174885511e+09
8.645044485952566330e-04 -1.926221368788541888e+00 -2.360584225142439596e+00 2.689634459852796801e-06 -3.772483472962471218e+00 1.342498393238927126e+09
8.442044917827429837e-04 -1.949404172300362559e+00 -2.256808834570622313e+00 8.474980533651538556e-08 -5.907685325492888495e+00 1.342498393285512924e+09
8.484769353841312882e-04 -1.946764446988804576e+00 -2.288968355123371268e+00 2.565060207580207382e-06 -3.328843174801717986e+00 1.342498393345738649e+09
8.493015232144802105e-04 -1.949303403722552730e+00 -2.392968625823622908e+00 3.286225983720831284e-06 -3.598830985794991832e+00 1.342498393366431713e+09
8.571361456055096245e-04 -1.931753698511244233e+00 -2.344065437831316157e+00 1.680021742211847544e-07 -5.278005682734130843e+00 1.342498393452081442e+09
8.628824567971066879e-04 -1.931686574142267299e+00 -2.444827921158112538e+00 1.913672686264700825e-07 -5.385185910014063104e+00 1.342498393501461983e+09
8.531128091764185245e-04 -1.931815101698359349e+00 -2.425680466013355296e+00 3.417586634990100370e-08 -6.730965700390932227e+00 1.342498393666331053e+09
8.575899338813085119e-04 -1.929981436925887861e+00 -2.219559436863359103e+00 2.672913501468623114e-07 -5.410025760530979611e+00 1.342498393813771963e+09
8.401629374270767024e-04 -1.957854926610120616e+00 -2.332199736037380067e+00 2.758678293989860892e-07 -5.401161763006316008e+00 1.342498393853152514e+09
8.622662861596649617e-04 -1.935969635879942752e+00 -2.368966575518766327e+00 5.373641112355444828e-07 -4.895321382926605125e+00 1.342498393974218845e+09
8.450562168790283621e-04 -1.943795875401247875e+00 -2.246484994160248494e+00 2.428197920328204909e-06 -3.511931117605974428e+00 1.342498393981893063e+09
8.522929852486316399e-04 -1.935954877504808547e+00 -2.433561332347430994e+00 8.718229021235880886e-08 -5.796388519174969112e+00 1.342498393985990763e+09
8.447355392360334251e-04 -1.945669526659282722e+00 -2.407325948136828320e+00 1.847106709240973476e-08 -7.162262466935389149e+00 1.342498394034034252e+09
8.565175721600672620e-04 -1.927602455224420641e+00 -2.341148581929996197e+00 1.376693185272044259e-07 -5.653611253169688489e+00 1.342498394038208008e+09
8.648582452388101950e-04 -1.926989925107778667e+00 -2.429906682208934576e+00 1.223305180159633258e-06 -3.954207227395792223e+00 1.342498394051537514e+09
8.518407512256316984e-04 -1.934128893167817331e+00 -2.310278921028746435e+00 3.195731833374897545e-06 -3.318888903719440897e+00 1.342498394095884323e+09
8.394215797367729362e-04 -1.952957251786549664e+00 -2.310073482410251344e+00 1.113410942003071862e-06 -4.137654123053128075e+00 1.342498394096246958e+09
8.390281706657053270e-04 -1.955914991333219222e+00 -2.317691837834677138e+00 4.734952275479561439e-07 -5.090429859595287709e+00 1.342498394115003824e+09
8.568500832096840811e-04 -1.938031849226547143e+00 -2.404484799978397369e+00 3.460665850655021708e-08 -6.865048572123487958e+00 1.342498394140202284e+09
8.441443318841998240e-04 -1.950413660891757939e+00 -2.284995797625650304e+00 1.229468777346392715e-07 -6.087491821937115688e+00 1.342498394163012743e+09
8.458775260671942339e-04 -1.943513222918850536e+00 -2.276267019383857004e+00 3.943601834596137035e-06 -3.193547393777333987e+00 1.342498394172921419e+09
8.399267143557529987e-04 -1.952447918668041904e+00 -2.458570150967852808e+00 2.714898082529007938e-07 -5.413809156738649264e+00 1.342498394258297205e+09
8.550563414844935487e-04 -1.934271092753229171e+00 -2.435548705179352069e+00 2.825063611481187337e-07 -4.912818868904142988e+00 1.342498394370969057e+09
8.448725499289220457e-04 -1.940996234841048551e+00 -2.285563477596840976e+00 3.556736535370949339e-07 -5.008213331547535674e+00 1.342498394375521898e+09
8.551038390936587744e-04 -1.936671152022990450e+00 -2.270557491247702675e+00 2.826499185793998447e-08 -6.995862094102236917e+00 1.342498394377953768e+09
8.518001718568978496e-04 -1.945475343412757407e+00 -2.484702079197140367e+00 7.964131632336166714e-07 -4.335024033926285547e+00 1.342498394388263464e+09
8.543782189090880523e-04 -1.939218201444608658e+00 -2.305615064660165192e+00 8.765099534364629950e-08 -5.856613486272216562e+00 1.342498394435904503e+09
8.597272179255086022e-04 -1.933166632473069413e+00 -2.331188336508718706e+00 3.689715737315850859e-08 -6.798019684834565979e+00 1.342498394444061995e+09
8.463784880805774258e-04 -1.940560328726745443e+00 -2.255217260829215142e+00 1.862094346270193778e-07 -5.703371160772777060e+00 1.342498394457826853e+09
8.573657143585358817e-04 -1.926678714546600446e+00 -2.393817114926018341e+00 2.175418466779345990e-07 -5.502316502525831154e+00 1.342498394494555235e+09
8.627896708181112193e-04 -1.929492693281781523e+00 -2.354278005892555203e+00 1.402396607547573645e-07 -5.598730189971965032e+00 1.342498394512148619e+09
8.442491087141711700e-04 -1.948891403857768490e+00 -2.296193957629428350e+00 2.681720840125702956e-06 -3.383748121793558106e+00 1.342498394537858725e+09
8.548968911857796407e-04 -1.933466090665360682e+00 -2.467258260909563461e+00 2.761248967696432188e-08 -7.001381879585413692e+00 1.342498394554365635e+09
8.574684152109808425e-04 -1.932578779171835182e+00 -2.400783120633823042e+00 4.270946023990744770e-08 -6.358339262972375394e+00 1.342498394557111263e+09
8.435504701555128146e-04 -1.943205165830833581e+00 -2.251666465583260557e+00 4.294317994999853531e-07 -5.004062175158455972e+00 1.342498394615696430e+09
8.509579805789727882e-04 -1.947652958843920423e+00 -2.417683256717588769e+00 1.875432261198679997e-07 -5.529955905358399093e+00 1.342498394624278069e+09
8.494342342540718007e-04 -1.935559032296753301e+00 -2.436627164984892957e+00 2.786472610799301987e-07 -5.157900550981372234e+00 1.342498394631448269e+09
8.403275392359578402e-04 -1.957744196024576500e+00 -2.293926177331593319e+00 6.961691740811447911e-07 -4.707866492970451233e+00 1.342498394669738770e+09
8.548273341389733869e-04 -1.930538872265022965e+00 -2.428284705924129927e+00 1.057178012813091446e-07 -6.071027582456866689e+00 1.342498394708223343e+09
8.487105676757038860e-04 -1.937953751736877672e+00 -2.316314671895018940e+00 1.047112710961623212e-06 -4.066021540874739770e+00 1.342498394767433405e+09
8.463494391202113680e-04 -1.947574413072114208e+00 -2.318473661897939131e+00 8.220392731742412724e-08 -6.354390308850574876e+00 1.342498394782426119e+09
8.542385345593507800e-04 -1.940643185436064400e+00 -2.265498276414814161e+00 4.610598924084536397e-08 -6.639153414003160947e+00 1.342498394794610262e+09
8.495597727564041697e-04 -1.949329893048695972e+00 -2.246621215359580592e+00 4.064207574752996232e-07 -5.159590719821208538e+00 1.342498394842948198e+09
8.582333337174801033e-04 -1.937715669672546159e+00 -2.498855725627624480e+00 1.673711835508326186e-07 -5.832810530546133521e+00 1.342498394872381926e+09
8.542164200830321434e-04 -1.937239069527343815e+00 -2.383720206496451333e+00 2.519766392436989861e-06 -3.276588889497732637e+00 1.342498394874306917e+09
8.659662772114264714e-04 -1.926833016442081714e+00 -2.422291018484556524e+00 3.079242267757217175e-06 -3.419528393637381924e+00 1.342498394882302999e+09
8.527764623892964161e-04 -1.932594840913100853e+00 -2.379495134316116367e+00 6.801030133556407121e-08 -6.142097273535908286e+00 1.342498394898253679e+09
8.512728855536887866e-04 -1.935686562398543753e+00 -2.254159066375764020e+00 1.527061026809843575e-06 -4.138496377782242774e+00 1.342498394902517319e+09
8.646486147495894290e-04 -1.926780995986436817e+00 -2.389844818348792810e+00 9.019438050052554163e-08 -6.080325081979657043e+00 1.342498394958668232e+09
8.504248490057985136e-04 -1.942617078715368484e+00 -2.295816833099317389e+00 3.036800129908893643e-08 -6.672974071375486815e+00 1.342498394972023249e+09
8.586287828771863159e-04 -1.931451229471992548e+00 -2.393934390144420110e+00 2.100865325000826770e-08 -6.974348001245870066e+00 1.342498395015020847e+09
8.414396508549695612e-04 -1.955509008337716681e+00 -2.292310624507853056e+00 2.297153391875851620e-07 -5.575027324065271905e+00 1.342498395018905163e+09
8.520287984983314833e-04 -1.936014832254324691e+00 -2.442552120782378378e+00 2.556340744489414530e-08 -7.019236282416483341e+00 1.342498395034391165e+09
8.588693566646886206e-04 -1.932868868232634707e+00 -2.450388507710803410e+00 2.643938068596637464e-08 -6.836884225602722687e+00 1.342498395043736696e+09
8.448991111649776977e-04 -1.953977043778094114e+00 -2.400214241129109194e+00 9.803344531001295623e-07 -4.498089165500205766e+00 1.342498395054320335e+09
8.482601443752082809e-04 -1.948802650539543713e+00 -2.259270315599360313e+00 3.811780227131041218e-07 -4.925949292962854997e+00 1.342498395091328621e+09
8.479130230544627963e-04 -1.939995391471726949e+00 -2.333596792514433638e+00 2.469897363669396716e-06 -3.742413573789815651e+00 1.342498395094114065e+09
8.511722725673165650e-04 -1.935975493498386157e+00 -2.378463762351912258e+00 3.730655079395440844e-08 -6.777147244168080675e+00 1.342498395130310297e+09
8.614278585215316480e-04 -1.926600473367263922e+00 -2.393884055213047368e+00 3.069228598933238837e-06 -3.266089995017202874e+00 1.342498395140289545e+09
8.624932439903136138e-04 -1.926462835890651926e+00 -2.408390890447307697e+00 3.514783281691570765e-07 -5.305147470356292416e+00 1.342498395140658379e+09
8.399201416449543055e-04 -1.949439377417340413e+00 -2.273812002317156633e+00 5.405632909035388206e-07 -4.815094425276978285e+00 1.342498395152207851e+09
8.582576973550900884e-04 -1.934119851874860130e+00 -2.376706040245769813e+00 2.202668633995917325e-08 -7.077408385612260489e+00 1.342498395173135281e+09
8.606575515543747872e-04 -1.927465792405298251e+00 -2.350191771198252511e+00 7.953776872499963676e-07 -4.713097781961055333e+00 1.342498395203388453e+09
8.430162546087437364e-04 -1.948638590241767110e+00 -2.419375175477267881e+00 6.647963639219979961e-08 -6.232414813916660634e+00 1.342498395215184450e+09
8.556928077941173150e-04 -1.931054294651244341e+00 -2.315372961231400684e+00 3.749645161668200163e-08 -6.719334279304113089e+00 1.342498395245453835e+09
8.404841973590382494e-04 -1.954989983025863465e+00 -2.228274392547387794e+00 2.606445221870440675e-07 -5.434048315529527606e+00 1.342498395252613068e+09
8.601299996434622498e-04 -1.930921965202414103e+00 -2.395977981307768623e+00 4.412750194508333674e-07 -4.657462423877074542e+00 1.342498395256718397e+09
8.598824152043484060e-04 -1.931557368535041785e+00 -2.415806278668166218e+00 7.789042803364878958e-07 -4.785667743553316811e+00 1.342498395272137642e+09
8.640543099458492101e-04 -1.930318399758351733e+00 -2.468838605497407634e+00 1.541330405777028677e-06 -3.900509308871116687e+00 1.342498395306613445e+09
8.520680398522961470e-04 -1.936215397040134789e+00 -2.352086596321103062e+00 4.553198974765215248e-06 -3.010698773973268239e+00 1.342498395307215691e+09
8.525748813833835269e-04 -1.943590579089322201e+00 -2.290350930923194639e+00 2.576985741171559328e-07 -5.164978002057482698e+00 1.342498395309375525e+09
8.515839828991678129e-04 -1.936496505245492994e+00 -2.228168918456503889e+00 2.899834245635603876e-07 -5.079202469243380591e+00 1.342498395330177307e+09
8.492425591673373768e-04 -1.936859983208408797e+00 -2.480452809005079917e+00 1.041614392373022528e-06 -4.357345196474900817e+00 1.342498395346440792e+09
8.559523380080957897e-04 -1.928941523997569796e+00 -2.473741184228549717e+00 3.950679796933963950e-07 -5.106466640966647930e+00 1.342498395353395462e+09
8.478527918170633733e-04 -1.946342057702164619e+00 -2.281195782948633788e+00 1.026229281437423865e-07 -6.197174036009800879e+00 1.342498395406884193e+09
8.627138273091401180e-04 -1.923904740884720077e+00 -2.436095624757347089e+00 4.821651285169427695e-07 -4.731528924464031505e+00 1.342498395423087120e+09
8.652952645467350788e-04 -1.927799011095550075e+00 -2.470902205183116873e+00 1.718008936253131688e-06 -4.069829221800119967e+00 1.342498395424574614e+09
8.606210346730056764e-04 -1.931624207593551246e+00 -2.270467947626438221e+00 7.285364557780630669e-07 -4.783036341461901486e+00 1.342498395474945784e+09
8.612633614906371445e-04 -1.933964895651553828e+00 -2.281621048896659065e+00 3.222303673460668005e-07 -5.154775060888827198e+00 1.342498395476770878e+09
8.642757690799333795e-04 -1.923381984910209175e+00 -2.365445303920050257e+00 1.283752205491624747e-06 -4.236478780956774770e+00 1.342498395480140209e+09
8.611998864977253717e-04 -1.929916351726014279e+00 -2.475056473209426677e+00 4.816287911376453559e-08 -6.568354297650627061e+00 1.342498395486809492e+09
8.498132871205548063e-04 -1.942558470994337760e+00 -2.238345272443240663e+00 3.423680076122462515e-08 -6.741260876944039637e+00 1.342498395496716738e+09
8.436570951450856476e-04 -1.944697687144291587e+00 -2.319092053696870881e+00 1.140508819165125437e-07 -5.811367366121972466e+00 1.342498395501107693e+09
8.646386562437180425e-04 -1.922442513703347178e+00 -2.482588289251602465e+00 3.961355720562577349e-07 -5.031855021801089123e+00 1.342498395520396233e+09
8.594344077252310306e-04 -1.933012651349918620e+00 -2.266042131961817141e+00 2.947227215534671618e-07 -5.076079716351541649e+00 1.342498395525171280e+09
8.473406742469386920e-04 -1.941297040718976685e+00 -2.211670229455282133e+00 1.110945132307125308e-06 -4.226598732542480974e+00 1.342498395526541710e+09
8.487268056231346688e-04 -1.941261646903068350e+00 -2.477953008558596792e+00 2.802720584374547600e-08 -6.819586872442769732e+00 1.342498395547754049e+09
8.532795237271361766e-04 -1.942252082077118525e+00 -2.306556533041031809e+00 5.277772819779943993e-06 -3.002895566199369703e+00 1.342498395576097488e+09
8.575378471941539271e-04 -1.929978227714524319e+00 -2.476216549555592117e+00 3.650870271220883089e-08 -6.655740792068898237e+00 1.342498395600983381e+09
8.456363470135178344e-04 -1.942686505975109279e+00 -2.293536274972562961e+00 6.542406296430108932e-08 -6.190737452783568351e+00 1.342498395602106810e+09
8.430182523599071259e-04 -1.948508947359627097e+00 -2.481259247584826522e+00 2.146276160928618545e-07 -5.380745018314563310e+00 1.342498395603472233e+09
8.608008424196491194e-04 -1.926619109729316826e+00 -2.384996489551633569e+00 1.759202068839280969e-07 -5.422098063132672507e+00 1.342498395627475977e+09
8.444971024928926880e-04 -1.950141517439663907e+00 -2.303703335330807178e+00 1.965219128382817154e-06 -3.672451380847606472e+00 1.342498395649927616e+09
8.427643782990769297e-04 -1.949793410646079694e+00 -2.263171095207080707e+00 1.429147996408314819e-06 -4.245870535311061289e+00 1.342498395652281761e+09
8.594479985379021572e-04 -1.934755541254011613e+00 -2.446252267549866133e+00 5.312173528708898226e-06 -2.970300743099269170e+00 1.342498395661174059e+09
8.626857192761517397e-04 -1.924633138527959364e+00 -2.473106907281836353e+00 1.457856622405059237e-06 -4.145768606352298491e+00 1.342498395667868614e+09
8.576078253547936552e-04 -1.934309158662287809e+00 -2.468118936773614269e+00 4.569857124618689352e-07 -5.177458958833851987e+00 1.342498395687961340e+09
8.552936998669293011e-04 -1.929414957223974270e+00 -2.367340444573331482e+00 9.058542342155286797e-07 -4.322064851230012827e+00 1.342498395730978012e+09
8.537290765107421976e-04 -1.941993089206909939e+00 -2.217200513208131163e+00 6.686495293328168547e-07 -4.614736363967221422e+00 1.342498395737216234e+09
8.445998654643473462e-04 -1.945093256202109933e+00 -2.212472118175239810e+00 4.480622443427818366e-07 -5.046418424123400470e+00 1.342498395739987850e+09
8.522681802434175146e-04 -1.942901451422592185e+00 -2.244870905978367137e+00 1.407294201005412795e-07 -5.675507046230531039e+00 1.342498395745997190e+09
8.530109867449646747e-04 -1.934896985389791935e+00 -2.462189411172836184e+00 3.220792656222041749e-08 -6.832220057225159238e+00 1.342498395756170034e+09
8.599329830028276753e-04 -1.930725868976582271e+00 -2.489903935390741285e+00 1.557440632688322178e-06 -4.218694157477457907e+00 1.342498395768183708e+09
8.598064401269147998e-04 -1.926219334645003167e+00 -2.489798108831677403e+00 4.182233866231132194e-07 -4.838988600100160298e+00 1.342498395771971464e+09
8.550808870068098318e-04 -1.931095112644376943e+00 -2.405191410474438740e+00 4.771821305090498203e-08 -6.473342198498862388e+00 1.342498395780742645e+09
8.646876088507000511e-04 -1.925598661962615754e+00 -2.338152185443367781e+00 1.810598869405015157e-07 -5.585115741501417652e+00 1.342498395790531397e+09
8.592177161824069006e-04 -1.928971003252233807e+00 -2.499827071830524439e+00 1.759267896981754432e-06 -3.678156349908159761e+00 1.342498395796194077e+09
8.653401639424741039e-04 -1.923000589403316418e+00 -2.413549487780955349e+00 9.138297284615819130e-07 -4.319937601550826400e+00 1.342498395810862303e+09
8.465836146716468422e-04 -1.946511498526387385e+00 -2.322366329170661547e+00 4.124869025241035368e-07 -4.745062932322914762e+00 1.342498395825148106e+09
8.482563092758385864e-04 -1.947158304381106930e+00 -2.392771139325876373e+00 2.673970318336282930e-06 -3.773534821826612706e+00 1.342498395826866865e+09
8.512791808193891172e-04 -1.937361795806752607e+00 -2.421479065016431065e+00 9.822479223284080180e-08 -6.193039417552716586e+00 1.342498395830476046e+09
8.434385736615684004e-04 -1.950026280140036317e+00 -2.391184542966899862e+00 8.190036213107576952e-08 -6.260334653331081967e+00 1.342498395844709158e+09
8.589718037546889302e-04 -1.931497726553561778e+00 -2.356864735549875078e+00 3.019661236041116950e-07 -5.451359868274371578e+00 1.342498395853231192e+09
8.586722296727694040e-04 -1.926878517112128764e+00 -2.339230312578709725e+00 7.730488767076397025e-07 -4.620245306570678778e+00 1.342498395854838133e+09
8.601851887524233778e-04 -1.934147181649972680e+00 -2.279375683686577947e+00 8.284361253681116756e-07 -4.351191050157402707e+00 1.342498395857012033e+09
8.513806055748834216e-04 -1.945625203746178533e+00 -2.398210290862283767e+00 2.536166878658275131e-07 -5.569297843154171090e+00 1.342498395858406544e+09
8.658502022298486837e-04 -1.926852865076545518e+00 -2.474318550989709209e+00 4.098174086919530406e-07 -4.997954172262825345e+00 1.342498395868284225e+09
8.539944754128391512e-04 -1.934888259362900875e+00 -2.450453767949795303e+00 3.082420468772696111e-06 -3.237160497317425722e+00 1.342498395869964838e+09
8.468958772539740684e-04 -1.943534528232922387e+00 -2.475865328806626575e+00 1.132450045917920298e-07 -5.756919696819457144e+00 1.342498395873404980e+09
8.541583811417856028e-04 -1.941201368829594154e+00 -2.297098836839724267e+00 7.606626640330476907e-07 -4.810761481437497267e+00 1.342498395873538971e+09
8.610227462962329525e-04 -1.932728501719520153e+00 -2.420082918045582510e+00 1.050541480421146003e-07 -5.891621578600944709e+00 1.342498395875103235e+09
8.644371952519851708e-04 -1.930896586473147103e+00 -2.451239909932112937e+00 6.050282160639897384e-07 -4.773652781660529421e+00 1.342498395898133039e+09
8.477964602411066719e-04 -1.945210129869344717e+00 -2.447829906255918786e+00 2.273000959461851990e-07 -5.211962143637023814e+00 1.342498395898876667e+09
8.591273463377529672e-04 -1.927235317029277750e+00 -2.369329930558055963e+00 2.993085318431222653e-07 -5.040445330911103028e+00 1.342498395902830124e+09
8.592097284314190175e-04 -1.929769689942925304e+00 -2.326050246314030900e+00 1.261232402169151106e-06 -4.364558109774437256e+00 1.342498395904617786e+09
8.618993045439312609e-04 -1.933655214250173060e+00 -2.468107408229134769e+00 3.044998505226019352e-06 -3.491945551210509535e+00 1.342498395905693054e+09
8.485556067070369008e-04 -1.943097278599167144e+00 -2.355030571479463042e+00 5.066674742368061844e-07 -4.553381509570328944e+00 1.342498395907032728e+09
8.605569712447844188e-04 -1.929232857787372746e+00 -2.292540389116807908e+00 1.339444849549378154e-06 -4.296712062439372204e+00 1.342498395911769152e+09
8.626243222688239178e-04 -1.928750365070284190e+00 -2.361520799107133861e+00 2.332675359010824128e-07 -5.247127494452168861e+00 1.342498395927664042e+09
8.438309856331397242e-04 -1.948260016356048840e+00 -2.398223912805764524e+00 5.671060929533570745e-08 -6.374850716258642969e+00 1.342498395933584452e+09
8.620960523370768593e-04 -1.927398940622561785e+00 -2.435828279010522568e+00 1.174054280057774022e-07 -5.759080888669781295e+00 1.342498395959277391e+09
8.482569003728679825e-04 -1.942031318694405373e+00 -2.461647492659823744e+00 2.403158408377141766e-07 -5.596520352404164456e+00 1.342498395968259335e+09
8.663783193625762113e-04 -1.924111012333983517e+00 -2.391724129404513288e+00 4.336622868725458584e-07 -5.000954921550185617e+00 1.342498395972666025e+09
8.443908430533841403e-04 -1.949360397998073813e+00 -2.339468142691428998e+00 5.153783365496261259e-08 -6.555055019357686419e+00 1.342498395978764057e+09
8.522669863324840731e-04 -1.935209537760710585e+00 -2.394617368879210062e+00 1.171473593043135528e-06 -3.961660023606342840e+00 1.342498395984119415e+09
8.548877953293497175e-04 -1.943851424123010041e+00 -2.446984624564536581e+00 1.239542348899437858e-06 -4.192091462798012813e+00 1.342498395987814903e+09
8.410940148445009753e-04 -1.948859912979277187e+00 -2.362178781220587442e+00 3.814922249728089533e-07 -5.025299477971918449e+00 1.342498396016131639e+09
8.547818321494230322e-04 -1.931754315602414396e+00 -2.413213187914471369e+00 2.491465775472360875e-06 -3.511707858513918978e+00 1.342498396017393589e+09
8.489306676983790273e-04 -1.943967616449642666e+00 -2.334851693513094073e+00 2.955290390658237748e-06 -3.693120767737278598e+00 1.342498396017699718e+09
8.477259585825404039e-04 -1.949577783082535820e+00 -2.413626751856501329e+00 2.510889274739269306e-07 -5.541223385167311832e+00 1.342498396025340319e+09
8.651427402206526276e-04 -1.924523057147256466e+00 -2.469269020176424245e+00 2.065831915625636351e-06 -3.742152310756913458e+00 1.342498396029069662e+09
8.590033080083937485e-04 -1.932176768016191870e+00 -2.380516291538481877e+00 7.649919720433082417e-07 -4.789498709471753379e+00 1.342498396030694962e+09
8.518494003402250639e-04 -1.944559872987275950e+00 -2.363507478564482511e+00 1.470920417682547218e-07 -5.619720641743267464e+00 1.342498396033017635e+09
8.646686409145115356e-04 -1.925670255865373104e+00 -2.339626588085776948e+00 2.016118418393043360e-06 -3.729590323905892291e+00 1.342498396042496681e+09
8.522855172551851250e-04 -1.936063290014632843e+00 -2.263406189889471953e+00 8.342953070729928748e-07 -4.239377030902248045e+00 1.342498396046301842e+09
8.629859166972236959e-04 -1.926008655606601616e+00 -2.356566743633603966e+00 3.070848401620775646e-06 -3.481183974365578138e+00 1.342498396053907156e+09
8.544131834722598932e-04 -1.935744261144976219e+00 -2.447304110851168613e+00 5.260775176722526138e-06 -2.957594207726585545e+00 1.342498396067333937e+09
8.503586526253455354e-04 -1.938989104657779627e+00 -2.343608030606054715e+00 1.910904317275620744e-08 -7.137518730060527616e+00 1.342498396070147514e+09
8.565708678306005333e-04 -1.940184088303916976e+00 -2.411201995148837263e+00 2.079203013665227656e-06 -3.986743320570194093e+00 1.342498396074615002e+09
8.634834063278506652e-04 -1.928247739651409276e+00 -2.398369646205794847e+00 5.052926116702282021e-07 -4.681806019128206486e+00 1.342498396079667330e+09
8.427779340071762460e-04 -1.951336164030058162e+00 -2.493091011291007408e+00 8.480569558182565949e-07 -4.451576331007117915e+00 1.342498396092197895e+09
8.526145834173763866e-04 -1.940974654061929261e+00 -2.220683382708029452e+00 1.587583879210129625e-07 -5.627890114388899079e+00 1.342498396095556021e+09
8.489534561157136136e-04 -1.943586891694798036e+00 -2.451193442871913764e+00 8.862701947351831698e-07 -4.177784547398945669e+00 1.342498396100170374e+09
8.498376335738921233e-04 -1.947593695469895358e+00 -2.239559538162440688e+00 2.607054318610436192e-07 -5.384616684672052678e+00 1.342498396102225780e+09
8.485253262550581646e-04 -1.940555915102335049e+00 -2.384746614063723680e+00 2.975000354667002432e-08 -6.883205225644678293e+00 1.342498396112549305e+09
8.638574032966655873e-04 -1.924415725560347568e+00 -2.347408323003850050e+00 1.893878119134424468e-06 -3.817722376481344604e+00 1.342498396112681150e+09
8.546920482633372238e-04 -1.938737308122396419e+00 -2.330590371461120025e+00 3.777374565618806581e-07 -4.798111496568688850e+00 1.342498396122900009e+09
8.608509904516383751e-04 -1.928309905691457438e+00 -2.271423293594416304e+00 9.193628705852651738e-07 -4.264765713901953248e+00 1.342498396129783392e+09
8.650615427521532019e-04 -1.923918058329660230e+00 -2.373461571753410659e+00 1.748017752191506159e-06 -3.897164999378395223e+00 1.342498396134843349e+09
8.485444847647881112e-04 -1.950176383984536965e+00 -2.374723207336935538e+00 1.172914688628928049e-06 -4.391256786745575624e+00 1.342498396140713453e+09
8.457229216090148298e-04 -1.945179493503977008e+00 -2.282637573453525803e+00 4.380066001606061197e-07 -5.175416258212530707e+00 1.342498396157504797e+09
8.466239450902171473e-04 -1.940842630596768537e+00 -2.349925795250829008e+00 9.826905498662981292e-07 -4.207959762676162896e+00 1.342498396157911777e+09
8.484752198701684149e-04 -1.948571535026055068e+00 -2.407586223464571518e+00 1.347581235461733469e-07 -5.777936118112315889e+00 1.342498396180090189e+09
8.640284881686752716e-04 -1.927806016094158581e+00 -2.476731070396478440e+00 2.764848521678744885e-07 -5.194749982722054682e+00 1.342498396183665037e+09
8.438886001147435922e-04 -1.946361364665914362e+00 -2.307200074929451006e+00 2.171735277052055531e-06 -3.706445120387245495e+00 1.342498396184090853e+09
8.491785321827754075e-04 -1.948569619034203670e+00 -2.404018555061917084e+00 7.346438462813877805e-07 -4.791802575951257026e+00 1.342498396193484068e+09
8.490539444310267686e-04 -1.946617649253195692e+00 -2.460092203787892284e+00 6.827764320435319920e-07 -4.460797913992889718e+00 1.342498396198158503e+09
8.471648939434307498e-04 -1.939538815192037635e+00 -2.448404275488724302e+00 3.618213758143529387e-07 -5.032340905300442202e+00 1.342498396209568739e+09
8.618765837018365662e-04 -1.925961019980975575e+00 -2.341048257620255146e+00 2.417795383520762359e-07 -5.491662467909591783e+00 1.342498396229368210e+09
8.552723569610172971e-04 -1.933679548743461485e+00 -2.392470545674709737e+00 1.518972073092781029e-07 -5.456115273280852662e+00 1.342498396232778072e+09
8.546453598341811290e-04 -1.930542924023390672e+00 -2.388350780438808663e+00 2.238509859985039671e-07 -5.327121222770198727e+00 1.342498396235820055e+09
8.434200623798181065e-04 -1.952174762635423555e+00 -2.390716522672384325e+00 1.874965079522610332e-06 -3.906935987950492795e+00 1.342498396239194632e+09
8.431479156580290370e-04 -1.946917356051013570e+00 -2.309064878430135082e+00 7.631013027105683778e-08 -6.157208112679758649e+00 1.342498396242624760e+09
8.491048155301062763e-04 -1.942641517617517577e+00 -2.245296366931872178e+00 4.014246096920095007e-08 -6.637347230977495904e+00 1.342498396254799128e+09
8.574049541267402680e-04 -1.939610955376752655e+00 -2.347986815269822003e+00 2.389685252836252800e-06 -3.609708220436360193e+00 1.342498396256905079e+09
8.502312508952748369e-04 -1.938846243166572947e+00 -2.338174332333469607e+00 7.262906188632452032e-08 -6.026285547324784275e+00 1.342498396259293556e+09
8.467812815666407806e-04 -1.947298856850444793e+00 -2.378950629871502631e+00 9.387931068675427864e-07 -4.635862271262523038e+00 1.342498396268008471e+09
8.535704113233151449e-04 -1.940444175376778713e+00 -2.484837689109075320e+00 7.655765633018872837e-08 -6.347772358313870988e+00 1.342498396268108845e+09
8.497747998649681769e-04 -1.945054433073496014e+00 -2.450480608379359548e+00 2.361647486489912912e-06 -3.520281057432367966e+00 1.342498396279964447e+09
8.563634327472510787e-04 -1.928720094701239729e+00 -2.317291704048905832e+00 6.619062580181546763e-07 -4.599144627667348217e+00 1.342498396285755157e+09
8.601647099250039419e-04 -1.932966947793432588e+00 -2.418248243146734922e+00 5.920309284677066782e-07 -4.967431852434378570e+00 1.342498396286066055e+09
8.586360568029648621e-04 -1.932155176606850322e+00 -2.331045872472398361e+00 3.671736407748965846e-08 -6.663847041833262708e+00 1.342498396289587021e+09
8.594226995602858785e-04 -1.935102361763777923e+00 -2.248393432184943919e+00 4.902747909672485420e-07 -4.985444696936610853e+00 1.342498396294919014e+09
8.540314445291030850e-04 -1.935897941354787655e+00 -2.285576521237367320e+00 5.990844402601474300e-08 -6.198512690676619030e+00 1.342498396295614481e+09
8.587866645477768880e-04 -1.931949062206642642e+00 -2.447748749965683146e+00 1.201937268393065392e-06 -4.429245197125219136e+00 1.342498396318020344e+09
8.545805108092203008e-04 -1.938174688462500850e+00 -2.221354696132443962e+00 1.499139012549846705e-07 -5.787697591888314896e+00 1.342498396320235014e+09
8.528769372358720527e-04 -1.940307194322297812e+00 -2.471782661575672613e+00 4.034696918620631398e-08 -6.730717698751407241e+00 1.342498396322178841e+09
8.438025859309945288e-04 -1.947498700600592825e+00 -2.396821046308871939e+00 1.840504397693871350e-06 -3.957746373918186400e+00 1.342498396326258898e+09
8.400146574257690273e-04 -1.952068180818119725e+00 -2.349112014859272790e+00 5.688718357776934244e-07 -4.796617585623733859e+00 1.342498396327923536e+09
8.613660190042543531e-04 -1.925953693929900901e+00 -2.327828954595158706e+00 1.575993199440738165e-06 -3.890170638719951945e+00 1.342498396330898762e+09
8.535932652179951735e-04 -1.941448282034938355e+00 -2.357435730290840414e+00 6.611763653488762922e-07 -4.918558120517850796e+00 1.342498396333803654e+09
8.545799060465127236e-04 -1.935275835417679113e+00 -2.384719748601649592e+00 2.112425670507402633e-07 -5.702440968772844343e+00 1.342498396336444139e+09
8.461144938699331460e-04 -1.946873104577585334e+00 -2.286754854205157894e+00 2.491992574182720659e-06 -3.487747325304276558e+00 1.342498396342923164e+09
8.577009842546507411e-04 -1.938536145212938822e+00 -2.319650858157859652e+00 7.279093834416735742e-07 -4.457068655932152623e+00 1.342498396350824118e+09
8.438264321903276828e-04 -1.952761161469121154e+00 -2.256990846765575931e+00 2.323065224531610420e-07 -5.415393170108079524e+00 1.342498396351456881e+09
8.420111618297235982e-04 -1.954454822267668312e+00 -2.292675578902409583e+00 3.599656640829896486e-07 -5.243095760189562249e+00 1.342498396353219986e+09
8.593250934523707094e-04 -1.930969361410030505e+00 -2.245028566327151864e+00 2.770578294916785716e-07 -5.383766885431720439e+00 1.342498396358271599e+09
8.504406903042427456e-04 -1.948752053803842754e+00 -2.394964948232028767e+00 1.050779252853741107e-06 -4.388988507907640724e+00 1.342498396362443924e+09
8.619732731615388889e-04 -1.931547073550333060e+00 -2.336916483767542463e+00 1.455377316145881260e-06 -4.245558093997166438e+00 1.342498396369709253e+09
8.606505623926618675e-04 -1.925724491108823822e+00 -2.421136387514724042e+00 4.374546358347559671e-07 -5.049119348396025053e+00 1.342498396376033783e+09
8.486902693583313556e-04 -1.944072017316973655e+00 -2.301146967159968693e+00 4.194619092634758706e-06 -3.289282135715047239e+00 1.342498396380676746e+09
8.473908833335699756e-04 -1.944978362610920053e+00 -2.244892489714582329e+00 4.667890012224159119e-07 -5.130592642177179030e+00 1.342498396383700848e+09
8.493702656969000361e-04 -1.940649363937041016e+00 -2.431018187443073852e+00 3.114544816515673912e-07 -5.419362075686276370e+00 1.342498396387087345e+09
8.468492528619202004e-04 -1.944440123681126176e+00 -2.239107790054928326e+00 1.110032876750248949e-07 -6.075981159752905647e+00 1.342498396389346600e+09
8.605617363971106376e-04 -1.933039924398591181e+00 -2.279417780248254477e+00 1.964183326726792860e-06 -3.968202865546867741e+00 1.342498396395335674e+09
8.444092353918917007e-04 -1.943099758951819300e+00 -2.302421795210832123e+00 2.170174210909181166e-07 -5.500845609037924078e+00 1.342498396396280527e+09
8.505208293746815713e-04 -1.944257925102179207e+00 -2.400193688961879346e+00 1.610320099597176199e-07 -5.499256917747565865e+00 1.342498396405768633e+09
8.472580810703614004e-04 -1.940599380408809749e+00 -2.398942917087849125e+00 5.980071181458462825e-07 -4.550460213673582999e+00 1.342498396416795731e+09
8.599057274406329051e-04 -1.936596796971503220e+00 -2.467502582137767853e+00 1.581739500385008411e-06 -3.943590744741494625e+00 1.342498396417388439e+09
8.570759613956041882e-04 -1.931687959906231322e+00 -2.340694862378676522e+00 1.192013000806576875e-06 -4.410487700381949594e+00 1.342498396423357725e+09
8.549851955453909155e-04 -1.938734967184573721e+00 -2.213547760291784350e+00 9.825059344353756187e-07 -4.462251851205996545e+00 1.342498396432213783e+09
8.485110720983035995e-04 -1.940822886470614073e+00 -2.308994399167267897e+00 1.467051562208387204e-06 -4.231738112952429631e+00 1.342498396435823441e+09
8.467967068051305115e-04 -1.946007055049407519e+00 -2.295583045936359756e+00 4.049123069812844182e-08 -6.568458285242417816e+00 1.342498396435945034e+09
8.482814474540178399e-04 -1.945145587111025920e+00 -2.451412357206849801e+00 7.823808492457190744e-07 -4.309183096957330150e+00 1.342498396436030149e+09
8.633788252838868428e-04 -1.931297890512754245e+00 -2.389830500774976496e+00 4.822350708914294040e-07 -4.841927005502327575e+00 1.342498396436137199e+09
8.557273682395701584e-04 -1.936269976129161741e+00 -2.346685954713971789e+00 2.983558486608424987e-08 -6.766282241468350556e+00 1.342498396437619448e+09
8.545535962093713444e-04 -1.942949325706390562e+00 -2.334001773038004490e+00 2.398851054380632177e-06 -3.827143488060644749e+00 1.342498396441359043e+09
8.624237500896383708e-04 -1.926599849435854495e+00 -2.459131802457857674e+00 2.024842707812661718e-06 -3.905566142159239362e+00 1.342498396445008993e+09
8.441575629585303803e-04 -1.949948112948609147e+00 -2.469868075243178751e+00 2.373300731809590552e-07 -5.333066019271719860e+00 1.342498396445483446e+09
8.502700709891525743e-04 -1.938626262902557684e+00 -2.350190101381833152e+00 2.908468641422189852e-06 -3.608932670627432060e+00 1.342498396448245764e+09
8.481164462864665453e-04 -1.938073150434550751e+00 -2.384651853189551307e+00 7.936932723992916153e-07 -4.517454979983153152e+00 1.342498396452780008e+09
8.469125838572767739e-04 -1.942604523851391818e+00 -2.273457753314993113e+00 3.661422674587538248e-07 -4.874542997341868578e+00 1.342498396457521677e+09
8.504471757194135726e-04 -1.939984456032100457e+00 -2.261079406342505926e+00 1.274526557217797392e-07 -5.645155163335910053e+00 1.342498396458049059e+09
8.457386914103114496e-04 -1.941404786292256990e+00 -2.283456640395091330e+00 4.394804472336423873e-07 -5.023360691275089884e+00 1.342498396471974373e+09
8.530666100413496645e-04 -1.942383146943591044e+00 -2.497792044133436473e+00 8.520755307747611599e-08 -6.220957342522432931e+00 1.342498396481907845e+09
8.444769586688424812e-04 -1.946487608826255489e+00 -2.419682137042307613e+00 1.255810535309416108e-07 -5.974418714146180420e+00 1.342498396484691143e+09
8.567423153511842570e-04 -1.936151151226226164e+00 -2.400351884981483330e+00 3.365969249587638675e-08 -6.783842762584232133e+00 1.342498396493334055e+09
8.624693275965097461e-04 -1.928214917826545971e+00 -2.496792746215708902e+00 1.195578705488126536e-07 -5.831218737865068391e+00 1.342498396497754335e+09
8.584023278237460936e-04 -1.931700350354037310e+00 -2.443663292882211735e+00 3.576585105012490194e-06 -3.156762048486528194e+00 1.342498396497820616e+09
8.505041899439920406e-04 -1.943855294518461063e+00 -2.230523208379802114e+00 2.870626099699071122e-07 -5.149386892981071995e+00 1.342498396506431341e+09
8.637756735833110929e-04 -1.924408718957600017e+00 -2.429811789336615568e+00 3.172258841839604028e-07 -5.113186864176048729e+00 1.342498396517091036e+09
8.459296891584061617e-04 -1.944125783886722747e+00 -2.282591996767690645e+00 4.998664741028489868e-08 -6.429788126938907666e+00 1.342498396527065039e+09
8.422758282751473301e-04 -1.948241063239468884e+00 -2.234532369745311886e+00 7.425032850708975475e-07 -4.625257367757527938e+00 1.342498396537789583e+09
8.475449902444065356e-04 -1.948124138849979481e+00 -2.322211906864861675e+00 3.025504560447409266e-06 -3.419229233886913910e+00 1.342498396538429499e+09
8.522192047119449667e-04 -1.939117041285794762e+00 -2.480388227501071796e+00 9.725895297354308387e-08 -5.834780862913685695e+00 1.342498396539647818e+09
8.460863692708971888e-04 -1.940847942312738050e+00 -2.277484418373279418e+00 2.987183371168852727e-07 -5.192187476087090303e+00 1.342498396545250893e+09
8.465217233184977978e-04 -1.946459538590984861e+00 -2.258242068028439853e+00 8.822618354555295805e-08 -5.989543827470000359e+00 1.342498396546465158e+09
8.518661038739822836e-04 -1.946782904134373160e+00 -2.469660770147131146e+00 7.213131743796496077e-07 -4.644701954207153705e+00 1.342498396549849272e+09
8.526608339620180260e-04 -1.934221888662609468e+00 -2.405182693057185794e+00 1.469686264019240063e-07 -5.560644165635858727e+00 1.342498396554719687e+09
8.592347602826217508e-04 -1.937524804989370075e+00 -2.444917171420896373e+00 1.444980875746126028e-06 -4.010096943926031443e+00 1.342498396555183649e+09
8.627472053199143620e-04 -1.930744790005358036e+00 -2.485295129292361072e+00 2.675667361382176434e-07 -5.250327175621247733e+00 1.342498396557362080e+09
8.544319094505667270e-04 -1.942408965005804733e+00 -2.386156264668207516e+00 2.775429060793442969e-06 -3.714225514257204708e+00 1.342498396566196680e+09
8.598181963967020018e-04 -1.928886972825397894e+00 -2.459275797820511311e+00 1.175933485769132874e-06 -3.995562506455469176e+00 1.342498396576287508e+09
8.518498912190220927e-04 -1.942288599777020952e+00 -2.343759847993768020e+00 7.145524566684654232e-08 -6.104670268350386841e+00 1.342498396578062534e+09
8.512474057605328836e-04 -1.940017278852503413e+00 -2.343250225669208486e+00 6.953662076513552778e-07 -4.318935858711497211e+00 1.342498396591054678e+09
8.522253192011761992e-04 -1.939969859846883971e+00 -2.310723668095592931e+00 5.779499880289245538e-07 -5.009966780941370601e+00 1.342498396591314316e+09
8.587208977730460000e-04 -1.933646635052410856e+00 -2.432827501766553713e+00 1.238392278143286388e-07 -6.030735630729128438e+00 1.342498396593103409e+09
8.475829023730233535e-04 -1.940519230502814052e+00 -2.472746791208155326e+00 1.130125450553001111e-06 -4.155778436002967702e+00 1.342498396596470356e+09
8.416468040414213725e-04 -1.950489533904347761e+00 -2.349237350952991132e+00 1.294826154874805126e-07 -5.838502503945285582e+00 1.342498396596822500e+09
8.467943019359860848e-04 -1.943090062202903257e+00 -2.304368891218573800e+00 4.678038945243539698e-08 -6.446971467333110439e+00 1.342498396601036072e+09
8.619544327553666516e-04 -1.934275226113596702e+00 -2.494121259954986680e+00 9.683487539822660339e-07 -4.417132069922959481e+00 1.342498396603312969e+09
8.484662502118663942e-04 -1.942773186347219738e+00 -2.422923141129403213e+00 5.010884618563259689e-08 -6.600510569170372044e+00 1.342498396603690147e+09
8.520064362794846401e-04 -1.937440518964803626e+00 -2.258934131202609663e+00 5.779436571625036713e-08 -6.295988804464170308e+00 1.342498396608919382e+09
8.477017423709187196e-04 -1.940055929213858388e+00 -2.432756928606027547e+00 3.367032585518955966e-07 -5.276687637238939743e+00 1.342498396612428904e+09
8.487873437515881109e-04 -1.941980997596355341e+00 -2.449709666402098307e+00 1.963367096452791717e-07 -5.321240373482948094e+00 1.342498396619644642e+09
8.545584418576991376e-04 -1.942996130735840987e+00 -2.285409452093576377e+00 4.428806716291968302e-07 -4.927261947155472832e+00 1.342498396637463570e+09
8.553341297535646840e-04 -1.930286048980172975e+00 -2.408558560233301282e+00 5.150287255577148224e-07 -4.695707238866981825e+00 1.342498396641010046e+09
8.617534184749256520e-04 -1.927872296685029241e+00 -2.300390290608416155e+00 1.538529018534345108e-07 -5.749473361159385121e+00 1.342498396642487764e+09
8.528613505653040048e-04 -1.933849182947626533e+00 -2.396075282875554269e+00 1.543847348123350191e-06 -3.850826973917078178e+00 1.342498396646645784e+09
8.574747633462255275e-04 -1.936142418377444496e+00 -2.478164839207669168e+00 9.204841635182726280e-08 -5.966883661895892921e+00 1.342498396651546478e+09
8.507428517627203942e-04 -1.939156092268876419e+00 -2.414868653367193030e+00 3.909965863937924016e-06 -3.201569999355003304e+00 1.342498396655121088e+09
8.482679650810531465e-04 -1.943289054074170963e+00 -2.475507721541453598e+00 1.743848008329024246e-06 -3.738187710843524414e+00 1.342498396661264658e+09
8.450317204005256856e-04 -1.944222192848652719e+00 -2.394911679651440028e+00 8.291772116156634212e-07 -4.349222619779494536e+00 1.342498396662837505e+09
8.451512275536409010e-04 -1.944650472807844643e+00 -2.430489760672867927e+00 1.619655198837192155e-06 -3.945461553790329923e+00 1.342498396671027422e+09
8.625254737982425554e-04 -1.927319301599215606e+00 -2.416621635675526569e+00 3.347261260671080688e-06 -3.386145933962895427e+00 1.342498396673205376e+09
8.458235077325235553e-04 -1.942097674171342936e+00 -2.250124236238884912e+00 8.062256018929132456e-07 -4.486010735447669262e+00 1.342498396679865122e+09
8.455367201243059200e-04 -1.948668403594787435e+00 -2.414121308193496684e+00 9.625706225103242771e-08 -6.153502454682366896e+00 1.342498396684567451e+09
8.501980553456847754e-04 -1.942128551904799716e+00 -2.278405275196889956e+00 3.988390067782941643e-06 -3.163637895896161289e+00 1.342498396690591574e+09
8.614645636670028748e-04 -1.930896151208345124e+00 -2.359815201360193182e+00 1.478021137429410755e-06 -3.858984131417901864e+00 1.342498396693294764e+09
8.559618618625694031e-04 -1.931391523993240211e+00 -2.350039603234214791e+00 2.162260705145669024e-06 -3.842930052933908769e+00 1.342498396704349995e+09
8.545826822473174492e-04 -1.939385152905885645e+00 -2.314757402261583774e+00 4.300233360784348935e-08 -6.590212004414942371e+00 1.342498396704622507e+09
8.475548456148397983e-04 -1.941799621348628602e+00 -2.236709740181590522e+00 1.334506412690132440e-06 -4.022042217664916208e+00 1.342498396704624176e+09
8.440705203458279907e-04 -1.944132842174046250e+00 -2.263145395568531892e+00 2.730006551201177056e-07 -5.288149179187652926e+00 1.342498396704804182e+09
8.603358602501997915e-04 -1.927520095083548046e+00 -2.482883022300539366e+00 1.441811051852363186e-06 -4.173909706906716366e+00 1.342498396711599350e+09
8.437780559107770908e-04 -1.949516254523925518e+00 -2.402143379660821587e+00 1.697160980195394136e-06 -4.051436690954535180e+00 1.342498396714338541e+09
8.456694079672914159e-04 -1.947225689911104007e+00 -2.354849389042447338e+00 2.891375214356077454e-06 -3.453048320684731110e+00 1.342498396715063334e+09
8.451770909958392433e-04 -1.944876506470087252e+00 -2.248003667362194147e+00 1.088371222349495518e-07 -5.882984666060620427e+00 1.342498396718949556e+09
8.632589847280358695e-04 -1.929602227272800397e+00 -2.372838126533558079e+00 2.933786170672410109e-06 -3.477064579095213048e+00 1.342498396722686768e+09
8.501911654499810051e-04 -1.946458238890528492e+00 -2.356245505255998296e+00 3.752316160173099567e-07 -4.939563846270949021e+00 1.342498396725282431e+09
8.560158223716151510e-04 -1.936750808532539558e+00 -2.298989560929806331e+00 3.432110453287885582e-06 -3.209371408712243579e+00 1.342498396725970268e+09
8.480435425477718305e-04 -1.942154298486305386e+00 -2.298517024817251730e+00 5.869243900347892781e-08 -6.242238813202700243e+00 1.342498396725991011e+09
8.527586202636583705e-04 -1.938762730149097502e+00 -2.340286051540814150e+00 2.822475160803312797e-08 -6.790731377696319626e+00 1.342498396731710672e+09
8.570573440127558264e-04 -1.928852017680863007e+00 -2.484252271293484249e+00 2.639828212918465003e-07 -5.237830661131170906e+00 1.342498396732260942e+09
8.421385687265688568e-04 -1.951898095933932042e+00 -2.283619256400734709e+00 1.608380518606719939e-06 -3.974426619032921160e+00 1.342498396733003139e+09
8.465721817501255545e-04 -1.944059927945648081e+00 -2.413619843660303133e+00 6.942898937591369083e-07 -4.815885055570781503e+00 1.342498396736653805e+09
8.474858711512267117e-04 -1.944876314753330782e+00 -2.250121558022413648e+00 2.061440986929340930e-06 -3.647795057666522567e+00 1.342498396741624594e+09
8.477457876630899256e-04 -1.941121658289911123e+00 -2.365675786444016104e+00 2.330217460221076408e-06 -3.592351527157870095e+00 1.342498396742316008e+09
8.460656729433613113e-04 -1.947542027049650848e+00 -2.299661893696570925e+00 2.101219862735856690e-07 -5.314273249487063921e+00 1.342498396748706818e+09
8.576370189834239518e-04 -1.928407551903180472e+00 -2.321426604249273939e+00 2.216931769254128517e-07 -5.360846244306092245e+00 1.342498396750099897e+09
8.482457378415044413e-04 -1.940759041556899600e+00 -2.318686348741309189e+00 4.247989440661254796e-08 -6.650787101904182208e+00 1.342498396751360178e+09
8.513318879382270532e-04 -1.942360136938893644e+00 -2.485227911078744079e+00 2.157070668630514140e-07 -5.283852855863492515e+00 1.342498396753162384e+09
8.588719258683294704e-04 -1.936494002948704996e+00 -2.423262671957798542e+00 3.665007559446676955e-06 -3.401151576669862564e+00 1.342498396764392853e+09
8.478001757867076804e-04 -1.948787774479172619e+00 -2.335424585938966402e+00 1.438155433447618702e-07 -5.709030026823269210e+00 1.342498396766196489e+09
8.535499885510540539e-04 -1.938051257933715021e+00 -2.317022889465063074e+00 5.737748681258963056e-08 -6.539888078909206648e+00 1.342498396766907215e+09
8.446783841173443426e-04 -1.949787364224076391e+00 -2.287103613754331466e+00 8.762856784641907434e-08 -6.205081159241744970e+00 1.342498396768276930e+09
8.478690406049840117e-04 -1.948378022161066703e+00 -2.315137765015506055e+00 5.866751198625647644e-07 -4.599561255969602414e+00 1.342498396769068956e+09
8.590049652452747854e-04 -1.930395018891482239e+00 -2.329709163769148716e+00 2.174077350490744068e-06 -3.892418421376387272e+00 1.342498396769901752e+09
8.517481974510029670e-04 -1.946912321068636986e+00 -2.397827584255615818e+00 1.521843890395836022e-06 -4.107919494257966875e+00 1.342498396773492098e+09
8.532849139791062092e-04 -1.940015931570862717e+00 -2.436156090094169890e+00 4.483350870976877494e-08 -6.661936539508857891e+00 1.342498396774700403e+09
8.473706418027161834e-04 -1.943160579226990814e+00 -2.297784679837641786e+00 2.144190162814260651e-06 -3.583313760300664619e+00 1.342498396780834436e+09
8.534600965160563275e-04 -1.940281911343632926e+00 -2.449752156418484095e+00 1.947800612980335930e-06 -3.613531966376211990e+00 1.342498396784164667e+09
8.524514692982000739e-04 -1.937533211357779228e+00 -2.332315819421907577e+00 1.256334589566278316e-06 -4.390852434414644456e+00 1.342498396787415028e+09
8.554344871888097711e-04 -1.938639772603547362e+00 -2.270246148328697977e+00 7.267407275124350259e-07 -4.403812969712475045e+00 1.342498396797269106e+09
8.534667057980530221e-04 -1.935804715541555643e+00 -2.269326522482311148e+00 4.990283263909115863e-07 -4.630227599009625550e+00 1.342498396799092293e+09
8.490686397535430249e-04 -1.937131540453563616e+00 -2.301865996831000238e+00 6.143968451167507724e-07 -4.627966355309724555e+00 1.342498396801779509e+09
8.472961587196784460e-04 -1.946488856027161152e+00 -2.269765223403424681e+00 1.573354449501547831e-07 -5.546686099399524394e+00 1.342498396804769039e+09
8.554775350113622478e-04 -1.938017380124672506e+00 -2.349685093796048285e+00 3.406494082399835381e-07 -4.907438389156383529e+00 1.342498396808845520e+09
8.587599910121014373e-04 -1.931194438321955476e+00 -2.393227029956127350e+00 1.350671652718746175e-07 -5.604902650931176566e+00 1.342498396815653563e+09
8.497921266127172026e-04 -1.939518394709265126e+00 -2.376796958975812224e+00 3.928227683519610115e-07 -4.780943544791075084e+00 1.342498396815914869e+09
8.566876181513032214e-04 -1.929463387027064547e+00 -2.472174383598058967e+00 1.210340041306235405e-06 -4.111269495186693490e+00 1.342498396820875645e+09
8.551926639871609967e-04 -1.930936954196839528e+00 -2.487941576974188607e+00 1.844341047621624453e-07 -5.501340831958584587e+00 1.342498396827991724e+09
8.523756130330326997e-04 -1.937638340559493910e+00 -2.244935171882099567e+00 6.936639376753764992e-07 -4.418595043575068715e+00 1.342498396828052044e+09
8.518886401431768288e-04 -1.942977025962109527e+00 -2.374105568651576625e+00 4.756393999886743590e-07 -4.684008037988362183e+00 1.342498396832230568e+09
8.542489198178444473e-04 -1.938832693878047131e+00 -2.229748726524255709e+00 1.029193931628738725e-06 -4.494712710807853284e+00 1.342498396840128899e+09
8.513646491471770546e-04 -1.945129226442255499e+00 -2.420738412711385124e+00 1.698914541093052888e-07 -5.571071194623696599e+00 1.342498396849227428e+09
8.571595122296768844e-04 -1.934841495179061122e+00 -2.263508007701323876e+00 4.231306406438951731e-07 -4.808446152648476080e+00 1.342498396849776268e+09
8.444676727663620467e-04 -1.951276416932269164e+00 -2.414756097174759475e+00 2.423578776306591577e-07 -5.361068478809647431e+00 1.342498396864555120e+09
8.456533719328650700e-04 -1.948111501322451922e+00 -2.471828833271607184e+00 1.876135813267684774e-06 -3.964082011628503821e+00 1.342498396866750240e+09
8.495896963981505040e-04 -1.944499607723783718e+00 -2.254348872625229205e+00 1.251626177146393122e-06 -4.390249464090079989e+00 1.342498396870648861e+09
8.519199169696186442e-04 -1.934744749921453399e+00 -2.274691158176169292e+00 9.684896491005311206e-07 -4.261528324100289034e+00 1.342498396876556873e+09
8.589962222011656703e-04 -1.934958610060645512e+00 -2.352682069480338978e+00 8.309364756156213748e-08 -6.122138511231650426e+00 1.342498396876947165e+09
8.453736461832583350e-04 -1.942142032934349949e+00 -2.386984314037448485e+00 4.454468764520262314e-07 -4.919771310159002375e+00 1.342498396881372690e+09
8.480032618689340405e-04 -1.939798778892666720e+00 -2.409311520722859257e+00 4.970391323204431887e-07 -5.000618227652065428e+00 1.342498396884782314e+09
8.550038534521012127e-04 -1.931270436069006280e+00 -2.330222180861149628e+00 2.880183083457834238e-07 -5.369727145159961523e+00 1.342498396885188103e+09
8.528368718773217958e-04 -1.943746114755984244e+00 -2.343592050445572728e+00 1.245817171461184376e-06 -4.407270450035076337e+00 1.342498396885514736e+09
8.564589437790946346e-04 -1.933970060772963517e+00 -2.285686568764892179e+00 6.050118036275739549e-08 -6.434917374074613505e+00 1.342498396892017365e+09
8.609461549016478440e-04 -1.931526999466527172e+00 -2.351253444073369891e+00 3.595752036538310635e-06 -3.428074946281961743e+00 1.342498396896927118e+09
8.636296803912563375e-04 -1.929249494833850775e+00 -2.373906185096082311e+00 2.356302215357896657e-07 -5.457698092379784427e+00 1.342498396901671648e+09
8.570442419546579716e-04 -1.929152227842887424e+00 -2.303507120759348936e+00 7.316482417827470529e-07 -4.472379802833707174e+00 1.342498396908468485e+09
8.581163969711335044e-04 -1.928753959000178098e+00 -2.448034173271140812e+00 1.521398320862035329e-07 -5.601572395373703550e+00 1.342498396909499407e+09
8.522308106929902139e-04 -1.938941625889592402e+00 -2.330373296539865802e+00 4.316791899207698994e-08 -6.451053513177888554e+00 1.342498396909509897e+09
8.511398835334411765e-04 -1.943424449376121244e+00 -2.442405464603004450e+00 3.687790428715989414e-06 -3.415244702153131584e+00 1.342498396910075426e+09
8.491102284954004775e-04 -1.946568559648571339e+00 -2.299129382558235957e+00 5.248027668981839063e-07 -4.661640678272957139e+00 1.342498396913249016e+09
8.502449886265654863e-04 -1.936601894069819974e+00 -2.257343178587767341e+00 2.139308039435385725e-07 -5.427957451064159500e+00 1.342498396917766571e+09
8.595398500103880153e-04 -1.934675572322365866e+00 -2.367640600785372307e+00 3.624072508035455387e-07 -5.296305284106676226e+00 1.342498396918099403e+09
8.524947554043811647e-04 -1.933361180882026353e+00 -2.396360067267010230e+00 1.119293879837359144e-06 -4.259938692015729167e+00 1.342498396919056177e+09
8.444547346124779610e-04 -1.948087741419445740e+00 -2.357083069930399510e+00 1.839649848576318164e-06 -3.776340176902644785e+00 1.342498396932048798e+09
8.557856714781910496e-04 -1.933955061259397867e+00 -2.408378339091038267e+00 7.115410403390590483e-08 -6.072277096573314381e+00 1.342498396932824850e+09
8.435564645829101999e-04 -1.948023011985783537e+00 -2.357620725308092524e+00 1.180682533201283336e-07 -5.820677326321352041e+00 1.342498396937535524e+09
8.476524635514065239e-04 -1.943350728863864951e+00 -2.405254435810538993e+00 3.062000909635968733e-06 -3.416154361757515190e+00 1.342498396937836409e+09
8.452637360099424062e-04 -1.944057170864525341e+00 -2.269073398532706065e+00 7.921153773302797327e-07 -4.654419958050424633e+00 1.342498396939886808e+09
8.486926086539191066e-04 -1.939609793287117911e+00 -2.488716414475693917e+00 6.516826802627847756e-07 -4.794081502252065974e+00 1.342498396940359116e+09
8.504712804190965765e-04 -1.936139305756137796e+00 -2.482986933531963647e+00 2.994614642582867356e-07 -5.150204295016264311e+00 1.342498396941071510e+09
8.565111198863621352e-04 -1.939835638223089020e+00 -2.337187064121548197e+00 1.420081531073376654e-07 -5.788210116884005885e+00 1.342498396941905022e+09
8.585830115266118072e-04 -1.937521065926658848e+00 -2.374061874006408779e+00 2.080187808618759563e-07 -5.475289727678170237e+00 1.342498396945022821e+09
8.558308322716645872e-04 -1.931737442261756588e+00 -2.297342942971479562e+00 1.474245003500402172e-06 -3.876967817658181659e+00 1.342498396948975801e+09
8.549589086052720305e-04 -1.939667310095633201e+00 -2.363092738285262229e+00 5.441468541749964065e-07 -4.586196572957963014e+00 1.342498396951097012e+09
8.441989215138619596e-04 -1.951792733338915564e+00 -2.406553461046653464e+00 1.259092858777759494e-06 -4.285760385861146382e+00 1.342498396951354742e+09
8.525107445206715762e-04 -1.934395294614988492e+00 -2.471400555448307834e+00 1.024453364582804558e-07 -5.927486285389443665e+00 1.342498396953173399e+09
8.516437834907630627e-04 -1.943865540365725675e+00 -2.450666609750417280e+00 7.153193577522297102e-07 -4.830829323770688077e+00 1.342498396957380533e+09
8.441146831097775952e-04 -1.949353768553843569e+00 -2.333640039506566399e+00 1.006540423249496742e-06 -4.533250180214789538e+00 1.342498396968511105e+09
8.573964660029319501e-04 -1.934142089024880828e+00 -2.439309959901565072e+00 4.478612147817195979e-08 -6.503782884199398318e+00 1.342498396968984127e+09
8.502802422634561739e-04 -1.943139837019639327e+00 -2.300589880183810720e+00 1.093737473797032054e-06 -4.040274717859020370e+00 1.342498396970165730e+09
8.506942100446522820e-04 -1.939291212295429112e+00 -2.233392404585323732e+00 2.527801505392044247e-07 -5.213397442918806135e+00 1.342498396972222567e+09
8.649694523726702937e-04 -1.925499137044422104e+00 -2.364711819867236109e+00 1.143377651611924832e-06 -4.214258484800762261e+00 1.342498396972609520e+09
8.521903038345850527e-04 -1.934148745737445774e+00 -2.488674464716996493e+00 9.557237239215286379e-07 -4.371236790151002083e+00 1.342498396978365660e+09
8.595488265257406621e-04 -1.932569271057757776e+00 -2.460144022697805521e+00 1.702849230828757726e-07 -5.482770126316468762e+00 1.342498396979676962e+09
8.562355550229058939e-04 -1.935241076259115678e+00 -2.338964944578031169e+00 3.760614534021236849e-06 -3.434841331815578158e+00 1.342498396991531610e+09
8.553201055219597851e-04 -1.930731608448532199e+00 -2.277537286251427595e+00 4.803069125408280611e-07 -4.876100503287283061e+00 1.342498396998155117e+09
8.476795103977131885e-04 -1.947241942896760225e+00 -2.218576841846229275e+00 1.179854266200620637e-06 -4.339346352557642561e+00 1.342498397001563549e+09
8.585224705677310664e-04 -1.938660255928520648e+00 -2.440368588943863326e+00 1.671230223213134909e-06 -4.060884380686265338e+00 1.342498397010386229e+09
8.522074182066904230e-04 -1.938518804851554034e+00 -2.324640611966934056e+00 4.413496779506294923e-06 -3.085654352241505194e+00 1.342498397016473055e+09
8.581520888853087737e-04 -1.935183079491772817e+00 -2.477855032638226707e+00 1.236712890882652393e-07 -5.752660090335225185e+00 1.342498397025856495e+09
8.553238598967159625e-04 -1.934861419885919087e+00 -2.237616947673727985e+00 2.047344486604235276e-06 -3.844404947403622153e+00 1.342498397025859833e+09
8.513981092818888319e-04 -1.942300442223633183e+00 -2.292859571600206703e+00 7.380868357532924667e-08 -6.362734617239251378e+00 1.342498397027935743e+09
8.462792281863093860e-04 -1.951057807166657554e+00 -2.429396395583704571e+00 1.154750120242585841e-06 -4.292728416517762824e+00 1.342498397031581163e+09
8.629555981869778099e-04 -1.931034991482486696e+00 -2.419878602461476458e+00 2.897674561199379758e-07 -5.250116562970623235e+00 1.342498397038265944e+09
8.436513591564734999e-04 -1.952280719201842096e+00 -2.296674755500515808e+00 1.064390830833884571e-06 -4.248940433024465335e+00 1.342498397039932489e+09
8.462059034685850403e-04 -1.948868657393032278e+00 -2.384719311319605684e+00 3.889421965111171099e-07 -4.909894221416719162e+00 1.342498397044593811e+09
8.562870008714327640e-04 -1.933701564349005864e+00 -2.337152160262688128e+00 1.302431327624044688e-07 -5.996609130335322391e+00 1.342498397045938015e+09
8.550462944561890719e-04 -1.934163219749108986e+00 -2.360954305925012431e+00 6.079107043692197639e-07 -4.442559180574132682e+00 1.342498397048766851e+09
8.550716174128993432e-04 -1.936215193309131388e+00 -2.429541625308447195e+00 4.248002079277236768e-08 -6.690055922162494895e+00 1.342498397056323767e+09
8.562534052653048922e-04 -1.936694588811010087e+00 -2.487052966055045111e+00 1.071896542441302484e-06 -4.521910292359907935e+00 1.342498397071161985e+09
8.498900469044042526e-04 -1.938060882483855218e+00 -2.270722446781122450e+00 3.863685216205374156e-07 -4.877421771905156689e+00 1.342498397073147774e+09
8.523663310870394213e-04 -1.938303649676125451e+00 -2.428075157108576132e+00 6.146403696111118435e-07 -4.938616785311817026e+00 1.342498397078120708e+09
8.497225506127842288e-04 -1.941137413862511707e+00 -2.211976658968173748e+00 9.116144756258699734e-07 -4.355455390002247462e+00 1.342498397078741550e+09
8.531004438891319139e-04 -1.937837269417462815e+00 -2.271400705322098812e+00 7.532141122092151196e-07 -4.319250679516653868e+00 1.342498397080313444e+09
8.496661013086020302e-04 -1.947802332279555237e+00 -2.398173488742601833e+00 2.339749370672765833e-07 -5.407620052575950353e+00 1.342498397087587357e+09
8.471365124704079760e-04 -1.944489990259529399e+00 -2.370946176238504677e+00 7.456485583994331764e-07 -4.342145589226884539e+00 1.342498397089761257e+09
8.598628172961923950e-04 -1.928018826066403291e+00 -2.274381895433653877e+00 5.129482144203579709e-07 -4.792931786443284992e+00 1.342498397095234632e+09
8.527824656721067322e-04 -1.935178752820760906e+00 -2.465124234272385806e+00 8.093394702829346830e-07 -4.661940594634601531e+00 1.342498397099131584e+09
8.428466421740950015e-04 -1.950455419518879907e+00 -2.350184633627050879e+00 1.589769391682630670e-07 -5.637490045932787908e+00 1.342498397102591276e+09
8.547922267028180282e-04 -1.932321294261531319e+00 -2.309386598606818275e+00 7.592315528782713319e-08 -6.196309193332572463e+00 1.342498397104858398e+09
8.613881899919854012e-04 -1.928917338718767027e+00 -2.262742374620964725e+00 8.185254477439599026e-07 -4.516364730411634554e+00 1.342498397109981060e+09
8.615629765016904508e-04 -1.928951967079146401e+00 -2.490476737802447271e+00 2.179687738812412016e-06 -3.612470915871355714e+00 1.342498397120393991e+09
8.589141061121536875e-04 -1.929136859793948222e+00 -2.376020805310433026e+00 2.737342571259389422e-06 -3.596410929059064010e+00 1.342498397122398615e+09
8.551865041251594446e-04 -1.931932169092344553e+00 -2.388167786413514460e+00 1.168233377748141156e-06 -4.031185352710000558e+00 1.342498397126872063e+09
8.488751745897619386e-04 -1.948794115376990099e+00 -2.278791367948056923e+00 1.050128096222959793e-06 -4.472805563596124578e+00 1.342498397129011154e+09
8.519557647220153641e-04 -1.945475309431732747e+00 -2.284246542851251061e+00 2.003636349126992901e-06 -3.920964112046844363e+00 1.342498397131373405e+09
8.531984616397030258e-04 -1.935006226446803979e+00 -2.483167193228261294e+00 2.540894421672882212e-06 -3.623766348547074578e+00 1.342498397133774757e+09
8.483579355278072359e-04 -1.943940231294043253e+00 -2.369426102114057464e+00 3.529457329950466178e-08 -6.737930246105751309e+00 1.342498397141788483e+09
8.607276536996354794e-04 -1.929590561939311000e+00 -2.377649469639417035e+00 1.216596287046171878e-07 -5.982880377866813149e+00 1.342498397143259764e+09
8.518089085988371327e-04 -1.938304573488853322e+00 -2.449347320307574183e+00 5.492829816317993009e-07 -4.540427481069141180e+00 1.342498397155662060e+09
8.484664263850894310e-04 -1.943667224871445054e+00 -2.214792705518360272e+00 4.827688925909680898e-07 -4.800887622092147922e+00 1.342498397156892538e+09
8.564107282678374688e-04 -1.930000255866434866e+00 -2.423026809993188646e+00 6.632962681696188558e-07 -4.495857432301422207e+00 1.342498397159993887e+09
8.523405818666011675e-04 -1.940404008769021971e+00 -2.483068673273788995e+00 7.904050806731635678e-08 -6.055545369963840407e+00 1.342498397160530329e+09
8.511230276412252082e-04 -1.938595656178178528e+00 -2.263953089361958604e+00 6.441623424820851932e-07 -4.458214207097823234e+00 1.342498397172455549e+09
8.566427621352405665e-04 -1.931868466997718858e+00 -2.432467318113624266e+00 1.908589954940309497e-06 -3.644661045068020577e+00 1.342498397175050020e+09
8.638775321905378234e-04 -1.928039458379405602e+00 -2.330982041664409810e+00 5.153871304882905419e-07 -4.804290274431761709e+00 1.342498397181210756e+09
8.565440681369774958e-04 -1.934515822361694948e+00 -2.313153553228222137e+00 6.685037866308968535e-08 -6.399095045577476881e+00 1.342498397186482668e+09
8.467257772049926329e-04 -1.944434219302934475e+00 -2.387221025010931363e+00 1.001164521804159728e-06 -4.536325818019465217e+00 1.342498397194669962e+09
8.460338807502090341e-04 -1.946109632193403050e+00 -2.237043817135037749e+00 2.228597481255242320e-07 -5.595536807669589940e+00 1.342498397202069759e+09
8.554687617178883792e-04 -1.939866190852596262e+00 -2.290652285985855130e+00 2.573988821101172415e-06 -3.761693797562439379e+00 1.342498397202313185e+09
8.469932164018136641e-04 -1.941680592688232565e+00 -2.354836588823592702e+00 3.431364632680935196e-07 -4.961933042816624173e+00 1.342498397203166246e+09
8.515439354219040682e-04 -1.938980122566288600e+00 -2.317894132115218220e+00 9.579484480015557414e-07 -4.600603257901298093e+00 1.342498397206811428e+09
8.525637373375116604e-04 -1.943528629321574108e+00 -2.497642460579815094e+00 1.396791571783033822e-06 -3.992718827312802254e+00 1.342498397208736420e+09
8.482068465481525446e-04 -1.941285673118039012e+00 -2.268049462946963857e+00 4.897252924822183979e-07 -4.684235869752059855e+00 1.342498397213753939e+09
8.572730252180971178e-04 -1.938105576929619822e+00 -2.307124442468665659e+00 1.398088615696133551e-07 -5.802759405001143733e+00 1.342498397217641830e+09
8.487790609341518480e-04 -1.941532033592308304e+00 -2.417566080171106968e+00 4.825081237870380450e-08 -6.447270473209029795e+00 1.342498397225778341e+09
8.591362916611950144e-04 -1.928333859052020260e+00 -2.380535720861120197e+00 8.534507811282178487e-07 -4.284012627983754484e+00 1.342498397227507591e+09
8.435286731971770044e-04 -1.945930920056506253e+00 -2.256121584773278954e+00 3.722314589993173349e-07 -5.143775064249603624e+00 1.342498397228733301e+09
8.438359781633090594e-04 -1.950393738919846465e+00 -2.252554271787587492e+00 1.687007271326387964e-06 -4.006056450132246205e+00 1.342498397229482174e+09
8.469709001234403600e-04 -1.947871668553262658e+00 -2.372110946513713348e+00 1.948445461671141374e-06 -4.002368938369617268e+00 1.342498397239271402e+09
8.433702676403101667e-04 -1.952400649730914317e+00 -2.299010465098425104e+00 3.775573924664819715e-07 -5.222841995906502888e+00 1.342498397239794970e+09
8.459732719886457709e-04 -1.943494495365444941e+00 -2.365138925689203031e+00 6.347695256151012805e-07 -4.518987746787145099e+00 1.342498397243832111e+09
8.536883799286602717e-04 -1.938728211813512958e+00 -2.265938818352962514e+00 2.019835462522151147e-06 -3.982527058148370713e+00 1.342498397244377613e+09
8.600305490119579833e-04 -1.934364931147394051e+00 -2.444206497623102603e+00 2.157435301962394522e-06 -3.645784467615630575e+00 1.342498397245477676e+09
8.436739872958880270e-04 -1.950269188262640396e+00 -2.335968106744393147e+00 1.146086492234692337e-06 -4.407017232990616762e+00 1.342498397247184515e+09
8.482251513240257699e-04 -1.941127845557960807e+00 -2.295622687682163043e+00 4.854394379885671702e-08 -6.489078291889916805e+00 1.342498397248112917e+09
8.586833929462343125e-04 -1.929331368490473819e+00 -2.289738602365781084e+00 1.030116661163456474e-06 -4.190935815781971385e+00 1.342498397249683380e+09
8.572438201983705302e-04 -1.939744533591950315e+00 -2.326367605574469088e+00 1.297956730749114516e-06 -4.112461715627976133e+00 1.342498397252771616e+09
8.509919961078979325e-04 -1.944337730498596706e+00 -2.351831989683083712e+00 4.643678745483438108e-07 -4.737942448414962371e+00 1.342498397267667532e+09
8.486119521592136537e-04 -1.942368673734882201e+00 -2.292241966872250014e+00 1.923129962991703538e-06 -3.655733960035722596e+00 1.342498397270087242e+09
8.533565290942684992e-04 -1.943687544221061492e+00 -2.439134800178838880e+00 1.028615380362186714e-06 -4.245049872480048059e+00 1.342498397272136450e+09
8.583896809136157312e-04 -1.929347041993501044e+00 -2.334792412337230338e+00 1.613189965932921016e-06 -4.076753773415934035e+00 1.342498397272727013e+09
8.570376055098119419e-04 -1.928528730054205331e+00 -2.370371500609259829e+00 5.644282431852671869e-07 -4.730639456145413035e+00 1.342498397272947788e+09
8.508374195906007751e-04 -1.940453869216929528e+00 -2.388434599553782789e+00 3.032644658277149192e-08 -6.838224479254007449e+00 1.342498397280887604e+09
8.492523849754988466e-04 -1.942634275989264525e+00 -2.425099190202135269e+00 1.056631084489359171e-06 -4.519512227741976140e+00 1.342498397282007217e+09
8.491351095848199450e-04 -1.948306603357492728e+00 -2.361426184419151753e+00 1.095250458866118913e-06 -4.218903078930644313e+00 1.342498397284358263e+09
8.454722640553114692e-04 -1.949083171293608752e+00 -2.369490923173654284e+00 7.096955798807406358e-07 -4.465288992001168467e+00 1.342498397286119461e+09
8.586185876238878198e-04 -1.937505312088348530e+00 -2.341046390588985115e+00 7.917689369584201690e-07 -4.703102349642831470e+00 1.342498397287759066e+09
8.469753812942887056e-04 -1.943931284205023369e+00 -2.428174307593345738e+00 4.672051899909352467e-07 -4.725556665496625897e+00 1.342498397291891813e+09
8.634306185012851189e-04 -1.929520128065062901e+00 -2.354656575116245154e+00 1.063670942783004586e-06 -4.230807318708984965e+00 1.342498397292541504e+09
8.585309346710656231e-04 -1.933845141158714753e+00 -2.447682984787101557e+00 4.206912100259282466e-06 -3.153537445072755574e+00 1.342498397296479702e+09
8.568160877467868777e-04 -1.938297198348282846e+00 -2.278101767968100599e+00 2.555401382390695386e-07 -5.296963149729592146e+00 1.342498397297071457e+09
8.601573798284307092e-04 -1.931155559476997130e+00 -2.355663756442041290e+00 6.314132667517381966e-07 -4.484884731427341897e+00 1.342498397297969103e+09
8.578981288564030373e-04 -1.939119908652886970e+00 -2.340204506039807786e+00 3.478583270131141997e-07 -5.186339930111625307e+00 1.342498397299796104e+09
8.630626555137561754e-04 -1.928671964623284829e+00 -2.405450086470301230e+00 1.832980763839640316e-06 -3.999733288842615586e+00 1.342498397306370497e+09
8.431561413348848382e-04 -1.951259510088771743e+00 -2.429434893092144776e+00 2.830352823582228431e-07 -5.309595501814114549e+00 1.342498397311538458e+09
8.503627807387337690e-04 -1.942415133837171792e+00 -2.399252660531181469e+00 1.315996594598330638e-06 -3.906036417037547892e+00 1.342498397311762571e+09
8.623105946238620060e-04 -1.929988025597398904e+00 -2.337212082554879888e+00 1.845549653762740375e-07 -5.616782548459768876e+00 1.342498397312243223e+09
8.601561101888548352e-04 -1.930854722499706133e+00 -2.355306816518071056e+00 1.409814250791728744e-06 -4.267273179237626834e+00 1.342498397317788601e+09
8.500912773930486112e-04 -1.944323357879163439e+00 -2.489352150382615481e+00 4.443827798607961559e-07 -4.792049462147749850e+00 1.342498397318646431e+09
8.461802520199387511e-04 -1.946660851408535731e+00 -2.264101007404689003e+00 1.295066309781335610e-07 -5.974713805398932820e+00 1.342498397318720818e+09
8.486375142463834995e-04 -1.943653103524046521e+00 -2.220201481906193930e+00 1.354043794990077878e-06 -4.054356298913990742e+00 1.342498397322308779e+09
8.575254781571886890e-04 -1.939291430738571576e+00 -2.314449245610287864e+00 7.898312635833721856e-07 -4.681461429978080346e+00 1.342498397326757908e+09
8.631252601230957663e-04 -1.929932115948395310e+00 -2.319542027142559082e+00 5.555697639108668640e-07 -4.872316053212813358e+00 1.342498397329490185e+09
8.578472901017303049e-04 -1.937090012242799419e+00 -2.331237001500396921e+00 2.085287555838552061e-06 -3.658124234250591300e+00 1.342498397329782724e+09
8.620960746943369998e-04 -1.927009097615860700e+00 -2.423031700963838464e+00 1.247698949916893506e-06 -4.295488294196573520e+00 1.342498397330081463e+09
8.522847748070901510e-04 -1.940785525864084704e+00 -2.333670730269796767e+00 4.596897653734205663e-08 -6.473459899496480929e+00 1.342498397331055880e+09
8.551590250349002352e-04 -1.942692170543140362e+00 -2.374068920183381337e+00 4.353755835573830328e-07 -5.093400133581560851e+00 1.342498397331497908e+09
8.440736012965072491e-04 -1.945904979635759258e+00 -2.301919616893798093e+00 1.071726293392901714e-07 -5.945776546241361871e+00 1.342498397337660789e+09
8.590180077329112292e-04 -1.932741083529774917e+00 -2.296425619351499137e+00 3.740505957996545088e-07 -5.252313756399839662e+00 1.342498397338677883e+09
8.520804958778224877e-04 -1.938050939682235629e+00 -2.365244113105716917e+00 3.663811010135466767e-08 -6.767642411250699652e+00 1.342498397341687202e+09
8.494582916821431578e-04 -1.940297494113349508e+00 -2.493371234046080520e+00 1.532168554480874087e-07 -5.570157123238219654e+00 1.342498397344318628e+09
8.450382876986232755e-04 -1.951185182329359113e+00 -2.421904555791223324e+00 3.935805423528706058e-07 -5.032750710064068045e+00 1.342498397346481800e+09
8.575063895384423679e-04 -1.936831920107728200e+00 -2.262194595002778641e+00 2.587874799992030683e-07 -5.315574329085970717e+00 1.342498397350722313e+09
8.478535804345691982e-04 -1.947313429434569310e+00 -2.417322225834654503e+00 1.084496094097780817e-07 -5.927288473598682828e+00 1.342498397352642536e+09
8.573779132132351623e-04 -1.928587748192709839e+00 -2.400946090747610562e+00 8.312530977995050749e-07 -4.405426042804202247e+00 1.342498397353497982e+09
8.594108225440853744e-04 -1.930628071290280801e+00 -2.455081756899905265e+00 1.939798501962316680e-06 -3.648408983162815922e+00 1.342498397359623671e+09
8.503844022936491668e-04 -1.938807570144112979e+00 -2.285688159850139289e+00 8.474331130218113119e-08 -5.996437669016685845e+00 1.342498397362417698e+09
8.419207658177946122e-04 -1.951262562952331692e+00 -2.340985994516894486e+00 1.000033528237820833e-06 -4.433561922452082804e+00 1.342498397366195679e+09
8.557697288811581598e-04 -1.934323879175190886e+00 -2.377513004779776562e+00 6.476752324050376051e-08 -6.428731259444749213e+00 1.342498397378501654e+09
8.564115672535840135e-04 -1.933157731004976121e+00 -2.290613740354709993e+00 6.152572282399861605e-08 -6.333784579938740222e+00 1.342498397381296158e+09
8.475543400891513224e-04 -1.948349960613443344e+00 -2.478813848149759469e+00 2.410208472390274821e-07 -5.513110138508737101e+00 1.342498397383118391e+09
8.493318042786323447e-04 -1.948434877755092387e+00 -2.315342529969245167e+00 5.202515092601326965e-07 -4.804804148316517143e+00 1.342498397388955116e+09
8.485928683414175515e-04 -1.944604334465827700e+00 -2.455614702527951554e+00 3.905047593442309747e-07 -5.251832387553626802e+00 1.342498397392144918e+09
8.471087460607900320e-04 -1.940256023124763418e+00 -2.292401229788383787e+00 2.240119524025705589e-07 -5.390845771027744426e+00 1.342498397397011995e+09
8.503943263319773673e-04 -1.942003745669828474e+00 -2.442577207816405416e+00 1.928313298160699500e-06 -3.651175458000674112e+00 1.342498397400105476e+09
8.550968178964449750e-04 -1.936517812965594443e+00 -2.285622930986080714e+00 3.433624796073316410e-07 -4.925306091605932579e+00 1.342498397404263258e+09
8.500222638652970989e-04 -1.938091292071236760e+00 -2.470133390647539340e+00 2.723563131842089180e-07 -5.155729995563069323e+00 1.342498397406019926e+09
8.534531652851419124e-04 -1.937272080901895510e+00 -2.368021013852941170e+00 2.649504435035970838e-06 -3.749703096278665271e+00 1.342498397406237841e+09
8.566064808454467838e-04 -1.940895504342124323e+00 -2.408968984781306055e+00 1.684588188714777716e-06 -4.048623875416859974e+00 1.342498397410659552e+09
8.510079132529415648e-04 -1.945962112949670919e+00 -2.314151956618367922e+00 1.711215277363236434e-07 -5.640499252692344534e+00 1.342498397411414623e+09
8.543600719084027068e-04 -1.934909099941062083e+00 -2.273993773539974228e+00 6.488532778835866730e-08 -6.281856319673046585e+00 1.342498397413947582e+09
8.560305993468946256e-04 -1.930147409044616236e+00 -2.406853825215909737e+00 1.569505441574388615e-07 -5.691445019728591959e+00 1.342498397416986942e+09
8.572524648720163945e-04 -1.935909323708333796e+00 -2.361132502884359941e+00 3.048343231230604626e-06 -3.315577672781126140e+00 1.342498397417039871e+09
8.438924995191749963e-04 -1.946022002239965687e+00 -2.262779141483959311e+00 2.549779262287350185e-07 -5.440576165914603024e+00 1.342498397418314219e+09
8.607917609947665161e-04 -1.933522233046784500e+00 -2.451198694645422727e+00 4.879704687845508720e-07 -5.046740833737965559e+00 1.342498397420120478e+09
8.501001485625288246e-04 -1.946998966638976647e+00 -2.410755217751864521e+00 3.695417883499578956e-07 -5.031426794205655639e+00 1.342498397421619892e+09
8.506008960185598797e-04 -1.938027015592982405e+00 -2.459734271489610435e+00 5.212395965147308488e-07 -4.992900797295852122e+00 1.342498397424345016e+09
8.472866900864207788e-04 -1.949753761656742412e+00 -2.279083436239358829e+00 2.661307022816018938e-07 -5.440166526404332181e+00 1.342498397426995993e+09
8.467194621959662961e-04 -1.943125947619817051e+00 -2.335474613708561353e+00 5.964981235723449220e-08 -6.410679694948127505e+00 1.342498397430031061e+09
8.612223789831638908e-04 -1.927691548398339005e+00 -2.426760447992233338e+00 1.551817933595840511e-06 -3.867387696170157874e+00 1.342498397433800697e+09
8.567808984771571688e-04 -1.938067781428086667e+00 -2.289675078613006676e+00 7.091426588354149005e-07 -4.804197757871054186e+00 1.342498397434241056e+09
8.557558304824724321e-04 -1.938870954730558704e+00 -2.357444358579217081e+00 8.278370398571615943e-08 -6.105850775354149107e+00 1.342498397434987545e+09
8.496976193006940126e-04 -1.943100821195766548e+00 -2.448879818191960656e+00 6.435796472845977099e-07 -4.898762030186048833e+00 1.342498397437538624e+09
8.598090619014436137e-04 -1.934577820194208764e+00 -2.480115637355771785e+00 2.206323942200469172e-06 -3.655265600874324505e+00 1.342498397440998554e+09
8.484407843144963803e-04 -1.949222705918445708e+00 -2.264770539270296812e+00 7.028853653714788301e-07 -4.641385755062254148e+00 1.342498397443650961e+09
8.455587920722476862e-04 -1.943590531868954585e+00 -2.467000660580003224e+00 6.068210728720279906e-07 -4.696445823283268872e+00 1.342498397445951939e+09
8.560509831174768769e-04 -1.932838035477478567e+00 -2.266098826816044465e+00 5.901070777174351256e-07 -4.577012561627505249e+00 1.342498397447316885e+09
8.615211977825693685e-04 -1.931797900060507445e+00 -2.435770650433782603e+00 3.021871579584473225e-06 -3.472901615516425622e+00 1.342498397449542522e+09
8.593633912814278636e-04 -1.931083866603461985e+00 -2.289242940493636080e+00 1.167523822371668908e-07 -5.889393922627111699e+00 1.342498397450759888e+09
8.439382068407782524e-04 -1.948687233682306008e+00 -2.382413639190736010e+00 1.550276191995316794e-06 -3.978544652094480050e+00 1.342498397455913305e+09
8.431022175406039992e-04 -1.953327500334640421e+00 -2.275646331140467549e+00 4.667568389414297895e-07 -4.976850882593717884e+00 1.342498397457759380e+09
8.494101755448636801e-04 -1.945977107571806197e+00 -2.249388938246815961e+00 3.457650783618494488e-07 -5.305312038135919117e+00 1.342498397462432623e+09
8.539043701825312777e-04 -1.936422793161104217e+00 -2.330416505569855357e+00 1.727239163875549934e-07 -5.406218988886548615e+00 1.342498397467062712e+09
8.544209441786480754e-04 -1.941674401766515512e+00 -2.456496666770725312e+00 1.554481965895197373e-06 -3.908937210611489910e+00 1.342498397470120192e+09
8.623681325021092950e-04 -1.929105920235839822e+00 -2.314080775973923476e+00 3.025938783614475904e-07 -5.185503517553338604e+00 1.342498397472520351e+09
8.572873751244498202e-04 -1.937020178600175058e+00 -2.350985806369979336e+00 6.980615867988358474e-07 -4.434373815900272575e+00 1.342498397475070953e+09
8.455474295162279099e-04 -1.948568148767411801e+00 -2.314062068770792457e+00 2.465233202013135444e-06 -3.630731611807872738e+00 1.342498397478037834e+09
8.619102432744106188e-04 -1.927675645168997587e+00 -2.421267248130642535e+00 1.345529868654709249e-07 -5.801331174016226555e+00 1.342498397478501558e+09
8.580800887676765833e-04 -1.929126585098792868e+00 -2.381568990536238495e+00 1.263565288418996161e-07 -5.893920639434609754e+00 1.342498397482196569e+09
8.554357406008821461e-04 -1.938705613296473285e+00 -2.263988651115210970e+00 1.573731477248656165e-07 -5.801697161737697783e+00 1.342498397485763550e+09
8.583213725831133388e-04 -1.930105773269564118e+00 -2.433970016112908308e+00 2.325832724045985680e-07 -5.241389456829240068e+00 1.342498397489737988e+09
8.563982243795245858e-04 -1.932469357672585097e+00 -2.288341795481317664e+00 2.211237718598662056e-06 -3.611702324497565009e+00 1.342498397498008728e+09
8.588943109302780727e-04 -1.931185090227417467e+00 -2.390915716973532223e+00 3.770432318023673788e-07 -5.255407943518656921e+00 1.342498397500193119e+09
8.447115091264331211e-04 -1.947854600376131007e+00 -2.481230643371070688e+00 2.098176928155618361e-07 -5.568480392545784419e+00 1.342498397500832081e+09
8.538450382974744528e-04 -1.942906203785324637e+00 -2.408011427076472533e+00 2.613354996629633315e-07 -5.285512033802833187e+00 1.342498397503043652e+09
8.641757171811641864e-04 -1.928868705019464391e+00 -2.412204312239349502e+00 6.884367631837417747e-07 -4.617801403562891593e+00 1.342498397510543108e+09
8.599562410703771387e-04 -1.934645414563229693e+00 -2.402469794651114654e+00 3.115011107846411951e-07 -5.121349396290324485e+00 1.342498397512179613e+09
8.550673109745344710e-04 -1.942229416745205217e+00 -2.484136456715273500e+00 1.291111260952014201e-06 -4.277552016874002661e+00 1.342498397517965794e+09
8.490215450501786441e-04 -1.942153982665163259e+00 -2.446478856418327297e+00 2.833678329610088742e-06 -3.574240165638792988e+00 1.342498397527188540e+09
8.461414205606650847e-04 -1.948230464680824836e+00 -2.316814037298497553e+00 9.570772065362823609e-08 -6.150600603067317707e+00 1.342498397528077602e+09
8.584870053329566328e-04 -1.929254631617646210e+00 -2.417596519986751513e+00 1.337895371629539159e-07 -5.703576886355468112e+00 1.342498397531484127e+09
8.589388485876436842e-04 -1.935411701079169822e+00 -2.405917403971019830e+00 6.858456035400829261e-07 -4.475662502935695564e+00 1.342498397532984495e+09
8.523382201363952342e-04 -1.936718908641345882e+00 -2.457161069683902355e+00 7.149365612431963548e-08 -6.325396794732989214e+00 1.342498397533750057e+09
8.502309733922591532e-04 -1.943642596043228421e+00 -2.223955765929809925e+00 2.010667162171256847e-07 -5.591222995547046715e+00 1.342498397536102533e+09
8.546892512400416312e-04 -1.936529917506087273e+00 -2.346170522152572602e+00 1.917270109004179830e-07 -5.752528837959338226e+00 1.342498397537516594e+09
8.442833926240760805e-04 -1.950360539500828549e+00 -2.253505307062472873e+00 6.714893328453394091e-07 -4.806816096285549733e+00 1.342498397539468527e+09
8.552402448827068357e-04 -1.942620120220092117e+00 -2.389144485411394125e+00 1.266734134926111760e-06 -4.187157475616347213e+00 1.342498397541982889e+09
8.597185097327027540e-04 -1.934382838218772216e+00 -2.305939966297332333e+00 3.738867383124076620e-07 -5.223997710419780560e+00 1.342498397542676210e+09
8.513991806012795619e-04 -1.938796358223682459e+00 -2.437304804446382089e+00 5.468614507860936981e-08 -6.333486757767418318e+00 1.342498397545186758e+09
8.518828666482218146e-04 -1.935324955154885673e+00 -2.292405495983586228e+00 1.133639364184554928e-07 -5.949814156162513079e+00 1.342498397547133923e+09
8.538280089930290299e-04 -1.939324689205196961e+00 -2.302200724437009516e+00 1.785963690231649566e-07 -5.433109734733147178e+00 1.342498397548411608e+09
8.544882000784396374e-04 -1.933489707894535226e+00 -2.325399317847561598e+00 7.877654070849633148e-07 -4.311743202071799175e+00 1.342498397548491716e+09
8.453387358582114446e-04 -1.949122330613935139e+00 -2.289955051428842481e+00 1.488216788284645968e-06 -4.205615454114004059e+00 1.342498397552530527e+09
8.588451543452760425e-04 -1.936196503552467973e+00 -2.338643449771066862e+00 3.050363169605433912e-06 -3.488703002114220020e+00 1.342498397553136110e+09
8.568041495123249023e-04 -1.931844077196013032e+00 -2.388228170975398523e+00 1.261189668178216678e-06 -4.332880340750651094e+00 1.342498397557546377e+09
8.460568100431791047e-04 -1.943691498302420717e+00 -2.252613874499902025e+00 5.985491676322394923e-07 -4.613809214811972481e+00 1.342498397557849169e+09
8.459025333586273846e-04 -1.945896999542761741e+00 -2.468928174202492887e+00 7.312447780097722155e-07 -4.733640975164002285e+00 1.342498397563484669e+09
8.555822421517123326e-04 -1.931225464823016047e+00 -2.407005142035039569e+00 3.046978622563367822e-07 -5.330168116878872375e+00 1.342498397567265987e+09
8.453009121112739889e-04 -1.946337773933769721e+00 -2.442809870150847829e+00 1.680832308750003051e-07 -5.578178903756660034e+00 1.342498397567675591e+09
8.528807353286230577e-04 -1.943363516687914183e+00 -2.260546063067901290e+00 2.030288722019520536e-06 -3.869632816197722924e+00 1.342498397568274498e+09
8.538049996620947473e-04 -1.939948782173845032e+00 -2.475642988571760572e+00 1.788338229870178089e-06 -4.098552024934514648e+00 1.342498397568612099e+09
8.546850145282264884e-04 -1.933543298547592659e+00 -2.380620587783115472e+00 5.250851975887559718e-08 -6.405098164739394306e+00 1.342498397571713924e+09
8.440513768319284679e-04 -1.951438605741464105e+00 -2.344590404067775857e+00 7.343424187086621013e-07 -4.741522540503260608e+00 1.342498397572446823e+09
8.581222680536443933e-04 -1.929264244506787795e+00 -2.388491777442770747e+00 1.025437069303239871e-07 -5.964649830204576730e+00 1.342498397574758768e+09
8.485835736680901126e-04 -1.939746486287987626e+00 -2.418132776154745756e+00 1.305783626015960597e-06 -4.041145058259751011e+00 1.342498397575756311e+09
8.525764538981826747e-04 -1.942875049840401935e+00 -2.378236800420686414e+00 9.044351504570740663e-08 -6.175466851634134891e+00 1.342498397580352545e+09
8.640516684979799656e-04 -1.926531568559392449e+00 -2.498824172702605040e+00 7.071477501453490207e-07 -4.661302936390773866e+00 1.342498397581985950e+09
8.532730502256720244e-04 -1.936516514546315459e+00 -2.285116969097808148e+00 9.524109263736070297e-08 -5.908297645369115614e+00 1.342498397583419800e+09
8.595915697643548813e-04 -1.933723304083256433e+00 -2.288734128473322471e+00 2.429393692671307462e-06 -3.733229985454983968e+00 1.342498397584318399e+09
8.600654337940499697e-04 -1.928504014716432513e+00 -2.338662518693622072e+00 2.070228261222959316e-07 -5.594574584666037964e+00 1.342498397585433245e+09
8.523247203749395031e-04 -1.939534813026672744e+00 -2.442946785308967694e+00 4.844948657394252579e-08 -6.585153325875944041e+00 1.342498397586900473e+09
8.587799730408727551e-04 -1.932677867083530954e+00 -2.386255911751975045e+00 4.131986703238971011e-06 -3.173823121839633998e+00 1.342498397590073824e+09
8.569918492607807130e-04 -1.930751756046650724e+00 -2.417492534099517698e+00 2.080000835266574135e-06 -3.661304777495441698e+00 1.342498397590661526e+09
8.640944881040938568e-04 -1.925858981580635287e+00 -2.471627363928349475e+00 9.943031073529405213e-07 -4.341472952540252450e+00 1.342498397591385126e+09
8.553551442146268115e-04 -1.936937985277602525e+00 -2.469128449890258370e+00 4.033270718891473875e-07 -4.804482910006449004e+00 1.342498397591558933e+09
8.617894331918092045e-04 -1.927722985156924862e+00 -2.476828917315066825e+00 1.236997648484997212e-06 -4.296279911235222571e+00 1.342498397592733622e+09
8.641853732319371715e-04 -1.925511878252585962e+00 -2.425653120727870871e+00 9.850657182696371071e-07 -4.337957751990593636e+00 1.342498397593218565e+09
8.441988739250877840e-04 -1.949087021783323159e+00 -2.350645860525584219e+00 1.186394218709252211e-06 -4.369522549861752481e+00 1.342498397596184969e+09
8.556384545527552813e-04 -1.936723717007709400e+00 -2.351891531605942998e+00 5.159779086816957160e-08 -6.544242639287008778e+00 1.342498397596751690e+09
8.506615236413306606e-04 -1.937588184948781933e+00 -2.404772375835840581e+00 4.038639767604452042e-07 -4.821467902727764709e+00 1.342498397598594189e+09
8.578357351481759926e-04 -1.931146898350690977e+00 -2.408004909846766850e+00 1.918364084342272804e-07 -5.371281130807440185e+00 1.342498397600368261e+09
8.453351895858415019e-04 -1.950557454098684751e+00 -2.298876178674865489e+00 1.817764670310617721e-06 -3.975540391468971535e+00 1.342498397601131201e+09
8.494636585538532228e-04 -1.944741556150010542e+00 -2.292801846269158617e+00 1.878943520035022244e-07 -5.426604882208065916e+00 1.342498397601337671e+09
8.543774279267415906e-04 -1.942744020440880570e+00 -2.329580986468804404e+00 1.528540288794331921e-06 -3.978130784402853060e+00 1.342498397602147341e+09
8.582962151783304862e-04 -1.935379654607937816e+00 -2.427922861347584060e+00 9.312000391142134822e-08 -6.126275950007999960e+00 1.342498397605499029e+09
8.593762910627683084e-04 -1.933214003852539609e+00 -2.460555353110819077e+00 1.412024135833074882e-06 -4.271910612943403684e+00 1.342498397614093781e+09
8.551312703680666620e-04 -1.935220928565883458e+00 -2.245332404327350151e+00 1.302421262964770590e-07 -5.820433494322957202e+00 1.342498397617289305e+09
8.562186134114107032e-04 -1.936584880340457726e+00 -2.494885124925596553e+00 1.300798500076482270e-07 -5.708261057126935434e+00 1.342498397618574381e+09
8.545091667352161698e-04 -1.933949965519573544e+00 -2.252241651139773371e+00 1.508071101826667841e-06 -4.040148257296436007e+00 1.342498397619392395e+09
8.566594587113991180e-04 -1.933586216526093970e+00 -2.407778415383267312e+00 8.873602233388251577e-08 -5.947049297777115662e+00 1.342498397620533228e+09
8.452422084571358397e-04 -1.948356422817711042e+00 -2.224787863364862783e+00 1.011728747027707905e-06 -4.332780748049446018e+00 1.342498397620717287e+09
8.432748938571608998e-04 -1.948418218389662337e+00 -2.381470501469309387e+00 8.239782773771351139e-07 -4.599120001545871084e+00 1.342498397621808529e+09
8.514813485618116448e-04 -1.941205465351363957e+00 -2.263801511155500990e+00 6.379294724906009926e-08 -6.359924344641019189e+00 1.342498397623853445e+09
8.504975370627361605e-04 -1.942735932709738655e+00 -2.404332195376817527e+00 2.798106528267824524e-07 -5.086133965313251792e+00 1.342498397624441624e+09
8.524520693740969242e-04 -1.941738576772422675e+00 -2.327547715645210680e+00 1.567669840212114636e-07 -5.549368550942052281e+00 1.342498397631311893e+09
8.564428323480291613e-04 -1.938937169319421949e+00 -2.353011652669375398e+00 1.975340448803816680e-07 -5.686291324391179458e+00 1.342498397632030964e+09
8.475699870644367532e-04 -1.945013128345079334e+00 -2.453537186146108606e+00 8.197058555505318945e-08 -6.116485904098378334e+00 1.342498397632059097e+09
8.558536074723042909e-04 -1.941190966379208183e+00 -2.376317506686050685e+00 2.495692155883174160e-07 -5.422753935639171630e+00 1.342498397633776426e+09
8.620937571702431447e-04 -1.927164465705713869e+00 -2.309848219557903093e+00 3.641476840967743129e-07 -5.076419114744907368e+00 1.342498397633780479e+09
8.519060523110089708e-04 -1.942826372138546587e+00 -2.221656670977250503e+00 9.930748914540341627e-07 -4.431308547432172062e+00 1.342498397636048079e+09
8.509544305922525122e-04 -1.937782087097348782e+00 -2.400888497173473191e+00 5.488307408441646780e-08 -6.459934008592963295e+00 1.342498397636793852e+09
8.499870830334411986e-04 -1.936826514743896555e+00 -2.378041987939548019e+00 9.433430375012296097e-07 -4.426613582372926459e+00 1.342498397638495684e+09
8.580122496677182594e-04 -1.934075583620946226e+00 -2.296775380477238393e+00 1.010670875103577579e-07 -5.956290889338706762e+00 1.342498397639306068e+09
8.495643665305934464e-04 -1.939212775583953441e+00 -2.494036878714704919e+00 1.592185528751040605e-06 -3.957211246658259185e+00 1.342498397639307976e+09
8.612005853321592691e-04 -1.930377244162379657e+00 -2.335929138315745224e+00 5.193013123535493744e-07 -4.692034659675565322e+00 1.342498397639686108e+09
8.487942472805079649e-04 -1.943627911987354961e+00 -2.282295682964790018e+00 3.265678896921228397e-06 -3.430117593749702820e+00 1.342498397642253399e+09
8.493490827650067646e-04 -1.940434225849774430e+00 -2.342751233512037956e+00 7.699971434646969114e-08 -6.307771174773044720e+00 1.342498397642648220e+09
8.451638166771472532e-04 -1.947944075013924303e+00 -2.290636252541956797e+00 1.230039601600507082e-07 -5.790819505482388330e+00 1.342498397644199610e+09
8.628937964656609953e-04 -1.930666289087711318e+00 -2.361784525529315282e+00 1.563524616356920708e-06 -3.981501175790745251e+00 1.342498397644716501e+09
8.467404504666400239e-04 -1.942485099253690617e+00 -2.285471177842299362e+00 4.714941492966502191e-07 -4.752117051786235002e+00 1.342498397647968292e+09
8.536524025386978956e-04 -1.935892597935412685e+00 -2.375644521005073173e+00 5.654947138376341772e-07 -4.518549671205226659e+00 1.342498397650753498e+09
8.477786799357775894e-04 -1.944344718918145309e+00 -2.424076666566256755e+00 9.063398792559536757e-08 -6.196268133126587863e+00 1.342498397651075125e+09
8.525266554997406850e-04 -1.940467585236366865e+00 -2.260978704904677006e+00 1.440934393185284831e-07 -5.647011666731118318e+00 1.342498397655338049e+09
8.575316453008819837e-04 -1.939306582297956494e+00 -2.351076884524108568e+00 5.675575226325910376e-07 -4.917249529043356659e+00 1.342498397658695698e+09
8.477007701376397010e-04 -1.942940355153981224e+00 -2.328632548242487665e+00 6.295532905638195858e-07 -4.480519817099414048e+00 1.342498397658912897e+09
8.573302061047435212e-04 -1.934353336359086128e+00 -2.321608039698612291e+00 5.948207973604726397e-08 -6.367284504833619962e+00 1.342498397659083605e+09
8.582589587970301413e-04 -1.937937164116543487e+00 -2.491124185396127011e+00 1.478904523549629658e-06 -4.171527493716123303e+00 1.342498397660961628e+09
8.559684096768748092e-04 -1.932083888240885727e+00 -2.325641026803416445e+00 2.386313077842972089e-06 -3.709915421576866379e+00 1.342498397661222219e+09
8.494114515675231774e-04 -1.945209245258110009e+00 -2.229631133503855445e+00 2.433247626997362474e-07 -5.375668181722730310e+00 1.342498397662336111e+09
8.587880162789079952e-04 -1.928956744747226892e+00 -2.300972516659272493e+00 9.042491185416822722e-07 -4.502889777007671235e+00 1.342498397663570881e+09
8.563460130111802578e-04 -1.929780584946026556e+00 -2.337397295095237748e+00 6.274592572766727638e-07 -4.613269737610597332e+00 1.342498397663612366e+09
8.598716089598249564e-04 -1.931518119858368188e+00 -2.446228582298363818e+00 2.587702619298864658e-06 -3.729377041135232496e+00 1.342498397663847208e+09
8.527439715383858644e-04 -1.941763690003627252e+00 -2.449710338932544751e+00 6.656764817932906745e-07 -4.876501804566665932e+00 1.342498397665402174e+09
8.536681070045959658e-04 -1.941816946499624219e+00 -2.322237192430148589e+00 4.749302551897894880e-07 -4.755331887438339677e+00 1.342498397669099331e+09
8.588572401415238335e-04 -1.931602202756874886e+00 -2.498046260972952570e+00 2.048070602785245926e-06 -3.924690877956296120e+00 1.342498397670287848e+09
8.528134147762064451e-04 -1.936814573641343573e+00 -2.404566714235898850e+00 4.904739450071478339e-07 -5.078449583166453785e+00 1.342498397671133518e+09
8.559971238612779478e-04 -1.939058747489024181e+00 -2.313638828166847627e+00 3.369560230861014224e-07 -5.339483895446040407e+00 1.342498397676179886e+09
8.496457749262815648e-04 -1.942264533411985683e+00 -2.453070983021430784e+00 1.978148570358863682e-06 -3.973788088810828789e+00 1.342498397676866770e+09
8.591579430940003963e-04 -1.933184023610919899e+00 -2.294715518980091851e+00 2.701897252019746143e-06 -3.508785836963112637e+00 1.342498397676868439e+09
8.549680111034221137e-04 -1.935240433923645309e+00 -2.302464575124683055e+00 6.677260068125273413e-08 -6.377820095626606012e+00 1.342498397677801609e+09
8.612066664668348390e-04 -1.934259717592571537e+00 -2.493824186132824750e+00 8.799186245003281132e-07 -4.516277304255940983e+00 1.342498397678620338e+09
8.505325531251001735e-04 -1.947793711650445792e+00 -2.325861187632082050e+00 5.714758651588356859e-07 -4.848335358512828819e+00 1.342498397679154158e+09
8.617578659529069249e-04 -1.929565763156340763e+00 -2.323584857364830558e+00 2.354169714566559465e-06 -3.656504579683168110e+00 1.342498397679625034e+09
8.510990889810820690e-04 -1.939847640993514588e+00 -2.320521228725518359e+00 7.229281719999811951e-08 -6.368413649131422716e+00 1.342498397684311390e+09
8.445406925489896879e-04 -1.944676833071919075e+00 -2.347153665287282642e+00 5.447384380667871098e-07 -4.892124148508855797e+00 1.342498397684542179e+09
8.490666569662543928e-04 -1.938763023999373836e+00 -2.344887275597283161e+00 1.214980269542417996e-06 -4.283061940319965899e+00 1.342498397685845613e+09
8.533867128658613162e-04 -1.934333398340845500e+00 -2.348941202697057751e+00 6.401003719758763103e-08 -6.283161063580790184e+00 1.342498397693078756e+09
8.564973947290375512e-04 -1.941219797410036918e+00 -2.382277593794589254e+00 6.755244594196231183e-07 -4.740126080332767167e+00 1.342498397697132111e+09
8.465608624674306974e-04 -1.949286408533728254e+00 -2.305642323505047830e+00 3.518567194294351546e-07 -5.301401658283118934e+00 1.342498397698108912e+09
8.546594735850370893e-04 -1.936213709331041199e+00 -2.247737151900785602e+00 1.188305082746875065e-07 -5.864107124280855565e+00 1.342498397700215816e+09
8.480098639447177867e-04 -1.946555439657365216e+00 -2.283435321829819120e+00 6.663773923737051440e-07 -4.496237707614836765e+00 1.342498397701992035e+09
8.593015908374526711e-04 -1.931662915147895232e+00 -2.284465452077948378e+00 1.965703990150506215e-07 -5.462496165412912497e+00 1.342498397702287197e+09
8.524448516874922862e-04 -1.936211324509776066e+00 -2.496570235028755302e+00 1.744898353842528236e-07 -5.477392907596433602e+00 1.342498397702627182e+09
8.515771166502627545e-04 -1.939208644908868795e+00 -2.496673212342514159e+00 8.097550900986781698e-08 -6.060234196129178130e+00 1.342498397704135656e+09
8.592023229245940655e-04 -1.935472477702564920e+00 -2.378676343227142720e+00 2.236237928254276558e-07 -5.383709275944534411e+00 1.342498397708024025e+09
8.483563015783413810e-04 -1.941659787275599625e+00 -2.232473631185846852e+00 1.083665340656014046e-06 -4.219423601291321546e+00 1.342498397709372520e+09
8.482610609892828534e-04 -1.942044903440693027e+00 -2.269938590241852516e+00 6.958455221871920671e-08 -6.311405048597107381e+00 1.342498397710703611e+09
8.597416688326818589e-04 -1.936001916716772353e+00 -2.353477872575286067e+00 5.864849496904325967e-07 -4.706953583246864525e+00 1.342498397716831207e+09
8.601765225922085875e-04 -1.935534186875405238e+00 -2.478259703616075171e+00 4.405403881147550484e-07 -5.015904781801893364e+00 1.342498397717890024e+09
8.582870646331779369e-04 -1.936717471327582984e+00 -2.480338128359249605e+00 5.192476026463642022e-07 -5.012434933506757062e+00 1.342498397718874931e+09
8.545602655777325253e-04 -1.932413390865687308e+00 -2.285177602402085562e+00 1.867972019010046322e-07 -5.587549932232005467e+00 1.342498397721486092e+09
8.528575683251867672e-04 -1.936539119580809265e+00 -2.409994392131711294e+00 4.882588469942549782e-08 -6.556235140131483341e+00 1.342498397723623276e+09
8.577812483816288011e-04 -1.929079736882470142e+00 -2.439421964378099439e+00 1.102067269681229385e-06 -4.323392438106907321e+00 1.342498397724115133e+09
8.568848227476679857e-04 -1.938499179488271773e+00 -2.355552333574348012e+00 2.637137480666813697e-06 -3.731204559258294751e+00 1.342498397734418631e+09
8.485428457663418168e-04 -1.945260013806350941e+00 -2.488026400229041979e+00 9.311456468153671020e-07 -4.587992192392983171e+00 1.342498397735264301e+09
8.616479722867176078e-04 -1.927592747899107284e+00 -2.414364801556307061e+00 5.939567723460855353e-07 -4.593743980069538324e+00 1.342498397736739635e+09
8.534798891663406863e-04 -1.932406353059987314e+00 -2.345365405415210436e+00 3.104239719309128746e-07 -5.174974315293960458e+00 1.342498397738255501e+09
8.553425519969629336e-04 -1.933790404133830965e+00 -2.312573787455270313e+00 1.315380893274961321e-07 -5.661281816606163808e+00 1.342498397743992567e+09
8.557856423020233829e-04 -1.937512859147393129e+00 -2.420773386151362505e+00 1.791374996227186145e-06 -3.703533041028313377e+00 1.342498397750368834e+09
8.485903402750047658e-04 -1.948029372276282922e+00 -2.400760256859915120e+00 5.953293025639481111e-07 -4.664281770397140647e+00 1.342498397753930569e+09
8.458590221058419172e-04 -1.944565213259713765e+00 -2.452709789732686829e+00 2.732040430145331659e-07 -5.414519092879834794e+00 1.342498397753949404e+09
8.453143186831318630e-04 -1.949161831028037195e+00 -2.227783116340061209e+00 7.486683645818561949e-07 -4.559108764632002320e+00 1.342498397756237268e+09
8.531677683518926886e-04 -1.939473642960407362e+00 -2.324229325083629671e+00 1.145055301093688632e-06 -4.471722091198143900e+00 1.342498397759031296e+09
8.633711092651902503e-04 -1.929309420236295924e+00 -2.354298597885260413e+00 1.422526577085148296e-06 -4.065519252656563332e+00 1.342498397762389421e+09
8.489600938477564465e-04 -1.946781020635757642e+00 -2.324565445493374849e+00 2.260794420303170565e-06 -3.859740794105581685e+00 1.342498397763643265e+09
8.585931260305783861e-04 -1.927951210302320639e+00 -2.432597134769627800e+00 3.883186183023743925e-07 -4.979142176943557985e+00 1.342498397763756990e+09
8.468327340794444200e-04 -1.950883580872486478e+00 -2.337736932146574187e+00 7.931112240547684414e-07 -4.558498384446009410e+00 1.342498397764064789e+09
8.455175606741417195e-04 -1.945544712686550159e+00 -2.335841177397578239e+00 7.469973105055561557e-08 -6.253344267801413281e+00 1.342498397768525124e+09
8.538158725773201422e-04 -1.932852764304515691e+00 -2.478211687599928492e+00 3.666865522476197020e-07 -5.001836150611486786e+00 1.342498397772601128e+09
8.544808388543870129e-04 -1.943133758570030345e+00 -2.442865223941167230e+00 6.597089738496428174e-07 -4.677735900003535896e+00 1.342498397773532867e+09
8.504183575037998133e-04 -1.946787099307755842e+00 -2.295525617610910452e+00 7.637050233947288934e-07 -4.503122237168932784e+00 1.342498397775484800e+09
8.566254871379290264e-04 -1.932598114422395597e+00 -2.372869994896698032e+00 5.501351843773493150e-08 -6.450477118544045041e+00 1.342498397781447887e+09
8.555982051488123831e-04 -1.938661163956250322e+00 -2.321741442841953607e+00 3.667736929941174382e-06 -3.399792886988563190e+00 1.342498397781912088e+09
8.429687280680308150e-04 -1.948422672747548212e+00 -2.247591501852098883e+00 7.097848813678779146e-07 -4.647356214932144347e+00 1.342498397783304930e+09
8.534985875219238587e-04 -1.940702933276776232e+00 -2.426405991661977346e+00 3.197665069734773790e-07 -5.399266339271686199e+00 1.342498397786594629e+09
8.597760024501017832e-04 -1.926948742766207312e+00 -2.355854162271343810e+00 4.996294364862793916e-07 -4.876778110365338925e+00 1.342498397788040161e+09
8.510355882101806359e-04 -1.941532810075949467e+00 -2.476618516704102380e+00 5.938082787011297570e-08 -6.400922244775218317e+00 1.342498397791218042e+09
8.507093975562357102e-04 -1.944639283384043349e+00 -2.448192654339667040e+00 1.300425179379864618e-07 -5.936729663033696980e+00 1.342498397794080257e+09
8.507167106742140892e-04 -1.943127354670677320e+00 -2.344552340316305550e+00 5.199896415690713243e-08 -6.500710119838066348e+00 1.342498397796007872e+09
8.536383379989567191e-04 -1.940125768705835085e+00 -2.420344948226839765e+00 6.894208370681331936e-08 -6.221036743458562057e+00 1.342498397797950506e+09
8.504118025517004706e-04 -1.945514099666748598e+00 -2.424318730174679359e+00 1.875694914651021338e-06 -3.794429130025844366e+00 1.342498397805917263e+09
8.555496877808004561e-04 -1.932178633620039276e+00 -2.402950772446283967e+00 7.465655557904780827e-08 -6.197021399058277424e+00 1.342498397807942867e+09
8.505464346312718209e-04 -1.944696923301158620e+00 -2.406422304075254814e+00 6.067002213936296646e-07 -4.569064923148319579e+00 1.342498397808645964e+09
8.475605805154816288e-04 -1.940181705305211057e+00 -2.292617620659104460e+00 2.108452111464131166e-07 -5.427172307290828002e+00 1.342498397810786247e+09
8.632633592099152493e-04 -1.925934124442417961e+00 -2.402009220756122332e+00 1.138483718670439708e-06 -4.207586752283008380e+00 1.342498397812508583e+09
8.489174958676296489e-04 -1.945565618453638512e+00 -2.453394960021042515e+00 1.657573311160090794e-07 -5.578635100998117657e+00 1.342498397813373566e+09
8.500190643039210554e-04 -1.942716833400017107e+00 -2.384629829559293590e+00 1.911335398523261270e-07 -5.374032403146503434e+00 1.342498397819644213e+09
8.607029868035182127e-04 -1.934181121151216542e+00 -2.377218154852279941e+00 5.518230784350927894e-07 -4.731582704392137018e+00 1.342498397822286844e+09
8.611657109557624683e-04 -1.931781471075475709e+00 -2.333971892806435022e+00 2.569885013379282620e-06 -3.665117790533148678e+00 1.342498397828621626e+09
8.446284187252090653e-04 -1.948623369928475402e+00 -2.421442985938295323e+00 9.817936063565224774e-07 -4.296903194959238448e+00 1.342498397828680515e+09
8.439650980899230260e-04 -1.948781740589679679e+00 -2.241643637492218843e+00 2.062533528905101099e-07 -5.509496827871185332e+00 1.342498397829138041e+09
8.537901503148197235e-04 -1.937065017229828712e+00 -2.354161686410634946e+00 1.524622835512968146e-06 -4.223791490879117205e+00 1.342498397831554174e+09
8.545991884583731962e-04 -1.934657789416976525e+00 -2.449828217161687860e+00 2.203842499420577354e-07 -5.261219570241570054e+00 1.342498397832513809e+09
8.571356108740366565e-04 -1.929519478001632704e+00 -2.466865964372114028e+00 6.392900622682179746e-07 -4.731581370918531704e+00 1.342498397839268446e+09
8.459531246388069621e-04 -1.944584247958649925e+00 -2.272243667714976656e+00 3.819630741519200650e-07 -4.918565268651598821e+00 1.342498397843511343e+09
8.481234166150862855e-04 -1.939590845756100190e+00 -2.359839114532018112e+00 1.290399859344174929e-07 -5.835465346981017376e+00 1.342498397844892263e+09
8.525407191206929450e-04 -1.943959911119312878e+00 -2.280285026481767119e+00 6.450743425541934010e-07 -4.611695890452903512e+00 1.342498397845656872e+09
8.467627545620682455e-04 -1.948829398075190067e+00 -2.444852580677693510e+00 1.579718450833390531e-06 -4.065701647485536085e+00 1.342498397847779751e+09
8.632534859789226011e-04 -1.925568682709548174e+00 -2.376500135443208706e+00 6.285536974872971719e-07 -4.693063623627621084e+00 1.342498397852591991e+09
8.586815033654344315e-04 -1.933904826034027469e+00 -2.310665166568274920e+00 1.544109014414497264e-07 -5.821366142713140235e+00 1.342498397852773190e+09
8.578537042686177087e-04 -1.936159910580742549e+00 -2.413380812739405634e+00 2.152148308605274565e-07 -5.358494807332502496e+00 1.342498397853567839e+09
8.527061605913972267e-04 -1.937031670976522513e+00 -2.451458877984824536e+00 5.499479474713203548e-07 -4.571340892379401666e+00 1.342498397856998444e+09
8.475649199813282920e-04 -1.945937973497547047e+00 -2.405613852926844043e+00 2.013447587980773099e-06 -3.709512080154031111e+00 1.342498397857259750e+09
8.535924767309845725e-04 -1.941827649979509296e+00 -2.311999038410526452e+00 1.832588450588562183e-06 -3.764671217553976490e+00 1.342498397858938217e+09
8.615962390220504794e-04 -1.932422027649327800e+00 -2.354118053321416326e+00 1.804696369975280423e-06 -3.860036023102408009e+00 1.342498397861087084e+09
8.491701544633025031e-04 -1.941898466751702745e+00 -2.314385543618886487e+00 2.729392577511115498e-06 -3.455245302259979390e+00 1.342498397862809658e+09
8.534921492115314428e-04 -1.937286561157854248e+00 -2.254441890655825453e+00 9.383920084916796820e-08 -6.028318394722350426e+00 1.342498397864739180e+09
8.513762711006978142e-04 -1.940540030866941823e+00 -2.231931514627368163e+00 1.770827671320604675e-06 -3.864852987449550525e+00 1.342498397864888430e+09
8.524499318739842514e-04 -1.945204340210487048e+00 -2.415695956617447848e+00 4.048577566369018604e-07 -5.051458890068674989e+00 1.342498397865222454e+09
8.540079375807653559e-04 -1.936834221107309517e+00 -2.464933932802890748e+00 1.612921646071568786e-06 -3.774858295242414563e+00 1.342498397871776819e+09
8.482409027205979222e-04 -1.947762590222573920e+00 -2.278069380552084411e+00 1.408211376888420774e-06 -4.025971885654788807e+00 1.342498397873963118e+09
8.617620018059910869e-04 -1.927822797351286033e+00 -2.379202495386333105e+00 2.031260081737536437e-06 -3.733889171998218792e+00 1.342498397877922297e+09
8.491146595330520755e-04 -1.942526088891184832e+00 -2.461784577517414530e+00 7.578336029632809075e-07 -4.371700051025488420e+00 1.342498397878678322e+09
8.539993445275165761e-04 -1.942162902519449563e+00 -2.403174771393013831e+00 1.952239462027361200e-06 -3.756372129134215143e+00 1.342498397881999493e+09
8.516114100113059962e-04 -1.944181872297461533e+00 -2.389253691341648000e+00 2.888913214796744030e-06 -3.611652002072545997e+00 1.342498397882019281e+09
8.480528842830463822e-04 -1.949315017983688891e+00 -2.377819672268192353e+00 6.275110937467927718e-07 -4.843864433726249530e+00 1.342498397882571459e+09
8.581872579597997356e-04 -1.929132872345885374e+00 -2.345246181530871610e+00 1.639488922992822120e-06 -3.965953044988498100e+00 1.342498397883613825e+09
8.454960654602303866e-04 -1.944800406004268734e+00 -2.294697620162075680e+00 9.756159876522535902e-07 -4.496247691952603098e+00 1.342498397885052681e+09
8.528125039781419810e-04 -1.940304107687183199e+00 -2.297244839180056619e+00 3.817281908609388622e-07 -4.864097921260107427e+00 1.342498397887643099e+09
8.512912516648158366e-04 -1.935808232878884816e+00 -2.308995441147928318e+00 2.457226248616345730e-07 -5.461262531922038477e+00 1.342498397888393402e+09
8.580286782307453746e-04 -1.936208647072891642e+00 -2.372874801313741511e+00 1.396916778311707439e-07 -5.888565119281407689e+00 1.342498397893671989e+09
8.489863008642858835e-04 -1.946006996904264597e+00 -2.381559678998376839e+00 7.699057999559064307e-07 -4.392222080166947151e+00 1.342498397895437241e+09
8.476339973159191738e-04 -1.945633362492583895e+00 -2.403492198636760779e+00 1.274240502296791002e-06 -4.011442581907642690e+00 1.342498397898517132e+09
8.619302891784398840e-04 -1.926794537999269252e+00 -2.364920801049291921e+00 9.401066194455739359e-07 -4.474804568238347713e+00 1.342498397898981333e+09
8.596579282377147732e-04 -1.930081700749322282e+00 -2.404681184067094080e+00 1.869125923591193359e-06 -3.705929978138217784e+00 1.342498397900009632e+09
8.452242302394411162e-04 -1.947225497002700312e+00 -2.395528358190234020e+00 1.518823672820678440e-06 -3.965019250584367327e+00 1.342498397900865555e+09
8.480277666227043409e-04 -1.940707603907921186e+00 -2.459162196560279678e+00 1.435281034945857569e-07 -5.755037542373377057e+00 1.342498397906732559e+09
8.611411817475326603e-04 -1.926852395989642641e+00 -2.358754083773107801e+00 4.190120031050449542e-07 -4.911693778322529624e+00 1.342498397916248560e+09
8.582834501955862632e-04 -1.930649392668301934e+00 -2.473931985083511087e+00 8.764511515722388720e-07 -4.593475517326785607e+00 1.342498397916799068e+09
8.512743229893469194e-04 -1.945244987442628526e+00 -2.450258952733360029e+00 2.712270511284222886e-07 -5.286455233520261032e+00 1.342498397917405367e+09
8.469468515971522848e-04 -1.947511825697564314e+00 -2.291971359783075535e+00 2.108702568729624361e-07 -5.655260417156583230e+00 1.342498397919407368e+09
8.566466707991353922e-04 -1.931916385479659937e+00 -2.270337102008919583e+00 1.117280764341427521e-06 -4.345364350217414184e+00 1.342498397919747829e+09
8.418507527513855284e-04 -1.950672597498225302e+00 -2.336515511389928523e+00 3.853638658789183335e-07 -5.080116458525541390e+00 1.342498397923405170e+09
8.487521306909521276e-04 -1.941167427398381440e+00 -2.414908785226054899e+00 1.828425168758647140e-06 -3.767772655483749844e+00 1.342498397924950838e+09
8.564433796766494130e-04 -1.933741007106708487e+00 -2.399188298145194409e+00 2.847945715813472022e-06 -3.640320172290777201e+00 1.342498397927154541e+09
8.462425748155306569e-04 -1.945999452990609058e+00 -2.488732592125620258e+00 6.034674551055798206e-07 -4.866525076951878859e+00 1.342498397927461386e+09
8.567443747586352522e-04 -1.937842388788767689e+00 -2.247383597209482442e+00 6.788572688406399343e-07 -4.652143948521212380e+00 1.342498397930669069e+09
8.476616050286362282e-04 -1.947689411240954627e+00 -2.408577490708157409e+00 2.185847228999868719e-06 -3.765745403128900826e+00 1.342498397932874680e+09
8.451120794238971149e-04 -1.949773386808424824e+00 -2.470715161654309266e+00 7.857347857860895906e-07 -4.557810544790516616e+00 1.342498397934816122e+09
8.600411121667996938e-04 -1.932457539814058656e+00 -2.436216213454201363e+00 1.293316497975077212e-06 -3.993388456138915465e+00 1.342498397935382843e+09
8.585639914964604677e-04 -1.930380963673105743e+00 -2.301887590898635594e+00 2.111791945580612869e-06 -3.719709372202250286e+00 1.342498397936213017e+09
8.598353370431593154e-04 -1.929967354473707042e+00 -2.417686646218761393e+00 1.035237455596556150e-07 -6.032485099648866367e+00 1.342498397936476469e+09
8.540080721266814310e-04 -1.936972653413420176e+00 -2.474319419413644638e+00 2.123617441906456479e-06 -3.591973483212104412e+00 1.342498397938394547e+09
8.547598464416867811e-04 -1.940240709848755962e+00 -2.488561142914714086e+00 4.368828845029916275e-07 -5.151686511365338283e+00 1.342498397940606833e+09
8.500269159335909451e-04 -1.940303262796325479e+00 -2.409412133486333207e+00 1.911122182421644905e-07 -5.373218587790523415e+00 1.342498397940884113e+09
8.504226089091475880e-04 -1.942782658797025386e+00 -2.491679128587502845e+00 1.144673251764768134e-06 -4.087394138707272973e+00 1.342498397943409204e+09
8.552270718846718967e-04 -1.938155439347318376e+00 -2.375672348189028504e+00 4.009295645557763645e-06 -3.314574100579337212e+00 1.342498397944835901e+09
8.426926509680394842e-04 -1.949036076272887774e+00 -2.340305592720186123e+00 9.216880348259931835e-07 -4.435075910732710902e+00 1.342498397948723793e+09
8.549648180303201809e-04 -1.932427639642513517e+00 -2.464668074282460708e+00 9.987179549562260574e-07 -4.217931459879979528e+00 1.342498397948847532e+09
8.576790734410126831e-04 -1.932411213164915820e+00 -2.369958132938169371e+00 2.435973267427636191e-06 -3.781177867497385492e+00 1.342498397951558828e+09
8.528852856948885945e-04 -1.937017300175829071e+00 -2.342041150423697093e+00 1.111455505214484546e-07 -5.766492234140473627e+00 1.342498397954121113e+09
8.635990924823168857e-04 -1.927136501057729934e+00 -2.447924685657994370e+00 1.356226648840409499e-06 -4.108669489173373712e+00 1.342498397954159975e+09
8.628621117026584551e-04 -1.926514644821573752e+00 -2.460305515628421258e+00 3.821788885618721467e-07 -5.033911241947819803e+00 1.342498397954375029e+09
8.508547862045713443e-04 -1.938123041377633582e+00 -2.278982137842331390e+00 1.294862662483623266e-07 -5.715031664450979321e+00 1.342498397956834078e+09
8.463670382327527887e-04 -1.947388009912272011e+00 -2.285220693867189734e+00 2.391201191439675590e-06 -3.703939134834849156e+00 1.342498397961471796e+09
8.515454871840230427e-04 -1.935425287840663700e+00 -2.459888530058330858e+00 7.621965423933498571e-07 -4.573900218838561571e+00 1.342498397962175131e+09
8.540985092231332450e-04 -1.942260255390461543e+00 -2.406751339939684708e+00 1.695733656090485809e-06 -3.872316998038475511e+00 1.342498397962637663e+09
8.589969405815978511e-04 -1.930412477337311916e+00 -2.286778249405677865e+00 1.888040096081406525e-07 -5.610313810362115738e+00 1.342498397964252234e+09
8.549755430988702437e-04 -1.937220860934040001e+00 -2.450040878595313831e+00 6.855901778475287199e-08 -6.359345788251610010e+00 1.342498397968785524e+09
8.508539723056040248e-04 -1.940242414471504251e+00 -2.447385251801504236e+00 1.818019469046069489e-06 -4.041326709032459163e+00 1.342498397972286940e+09
8.556383024633235209e-04 -1.937326423255326002e+00 -2.390890335543028211e+00 7.462580525645059691e-08 -6.315018330757281362e+00 1.342498397972332478e+09
8.522465815217982431e-04 -1.945638812821032460e+00 -2.354876465195356428e+00 1.037343949492036226e-06 -4.452413316951298050e+00 1.342498397973747492e+09
8.499649352216346546e-04 -1.944575170101370043e+00 -2.483290804774906935e+00 2.640695102109544861e-07 -5.227499752703364422e+00 1.342498397974662066e+09
8.497500582399289664e-04 -1.941174715690456853e+00 -2.258893559767278791e+00 1.840651813497700222e-07 -5.728992510342722611e+00 1.342498397976767302e+09
8.542220053921739794e-04 -1.933577742537994526e+00 -2.473300643735738547e+00 8.903552809171820628e-07 -4.283773846947143582e+00 1.342498397979075670e+09
8.474512312839061314e-04 -1.940924910239758550e+00 -2.409334883050703979e+00 2.315875349327088468e-07 -5.342089888751660354e+00 1.342498397981049776e+09
8.545743345131146711e-04 -1.932864297186704494e+00 -2.309845481280664359e+00 8.426603530352577065e-07 -4.583699605130913568e+00 1.342498397983788013e+09
8.591930842158325074e-04 -1.935151416073049635e+00 -2.497943956645956920e+00 1.308411909777544843e-06 -4.300786467598340934e+00 1.342498397985317469e+09
8.586297518964039390e-04 -1.931676957124330851e+00 -2.339598355564576515e+00 2.621566550840918978e-07 -5.488854843303535347e+00 1.342498397987855196e+09
8.595472536796144262e-04 -1.931711010737084289e+00 -2.318477674113915477e+00 1.819405677395744486e-07 -5.704358754797945963e+00 1.342498397988056898e+09
8.437980734711399665e-04 -1.951360211109537390e+00 -2.251412365983694208e+00 8.315423605253037128e-07 -4.527140435748361114e+00 1.342498397990350246e+09
8.570882059410381932e-04 -1.929259148520770628e+00 -2.430687618017227436e+00 5.391832186735225508e-07 -4.757016614023235945e+00 1.342498398001365900e+09
8.539198960176697497e-04 -1.936096697042976933e+00 -2.327999857376530368e+00 1.162998420253534548e-07 -6.049871941688378385e+00 1.342498398002819777e+09
8.495731606618449989e-04 -1.938414208062614996e+00 -2.303200993336898428e+00 1.712923588616880180e-07 -5.723331083689473964e+00 1.342498398005640268e+09
8.522352563737140485e-04 -1.944344718894305934e+00 -2.279930020935139190e+00 2.490223960231214569e-07 -5.407413076798770923e+00 1.342498398007336140e+09
8.531321095470432471e-04 -1.940435289827340259e+00 -2.335414905118796458e+00 6.490044406984895872e-08 -6.265927240537864762e+00 1.342498398008657694e+09
8.560453339002774839e-04 -1.937710824570048063e+00 -2.458105337261116130e+00 4.200478214900453955e-07 -4.827545837048170974e+00 1.342498398009387016e+09
8.577524531660251413e-04 -1.935492218769080175e+00 -2.274536790089134008e+00 2.221392684946919053e-06 -3.692991755613125093e+00 1.342498398010808229e+09
8.560994946438887053e-04 -1.931494885298001396e+00 -2.319875374013604219e+00 1.641464789022437417e-06 -4.010804163999418748e+00 1.342498398011558056e+09
8.419286443201176931e-04 -1.951661084476318919e+00 -2.302993004602023941e+00 7.508823559769167981e-07 -4.608159385515421924e+00 1.342498398014712095e+09
8.540907419399128850e-04 -1.941463489497463168e+00 -2.331723779998236878e+00 1.003495857806716203e-06 -4.209169482173364507e+00 1.342498398015192032e+09
8.538532963851947193e-04 -1.937506916371316557e+00 -2.427267452729403363e+00 5.623819562663061912e-07 -4.544793589232188680e+00 1.342498398015329599e+09
8.523862533900374754e-04 -1.943568353714010044e+00 -2.253125607047192780e+00 3.140091813761628165e-07 -5.231182892956331543e+00 1.342498398015451431e+09
8.496415865929412593e-04 -1.942648461485793732e+00 -2.393213365999660613e+00 5.641040621043894058e-08 -6.360919522535517068e+00 1.342498398015717745e+09
8.596416423332074210e-04 -1.930705674548009121e+00 -2.263542721461862417e+00 5.234687474903864120e-07 -4.881353579509307039e+00 1.342498398016622543e+09
8.489384258360451732e-04 -1.943798751179513840e+00 -2.262452801591215312e+00 2.631361517018076500e-06 -3.582587965942570563e+00 1.342498398022589207e+09
8.466439209583107028e-04 -1.949254826755190795e+00 -2.476990594500981135e+00 4.251376267854467416e-07 -5.036865224750755488e+00 1.342498398031512022e+09
8.585465147714757333e-04 -1.932333750449588550e+00 -2.430687133299012981e+00 2.842016921484458200e-07 -5.097394326406678111e+00 1.342498398033386946e+09
8.481640925664073313e-04 -1.943018273667945994e+00 -2.407995456068534157e+00 6.689433242455092116e-07 -4.461948651250891906e+00 1.342498398036396265e+09
8.614730822674487908e-04 -1.926963845748308701e+00 -2.473758045479397261e+00 4.087309279307002766e-07 -4.951985174611621687e+00 1.342498398040690899e+09
8.567365524627568348e-04 -1.931819205600096678e+00 -2.288729324589512615e+00 4.506514147379469847e-07 -4.793530188127997249e+00 1.342498398041420698e+09
8.467308106063116402e-04 -1.945551155417298173e+00 -2.362659888765131999e+00 7.284177040133393559e-08 -6.291863183884116140e+00 1.342498398042220116e+09
8.549691101513710086e-04 -1.934015586664837194e+00 -2.490870367502196370e+00 1.023752946875095213e-07 -6.066431839668193327e+00 1.342498398042465925e+09
8.513799336292984191e-04 -1.940919483259837541e+00 -2.447726823341955793e+00 3.299506507318965838e-06 -3.383082845788832671e+00 1.342498398042476177e+09
8.568585884822015010e-04 -1.930637688236767957e+00 -2.419982296524456178e+00 4.974878741239584614e-07 -4.708163721283730396e+00 1.342498398043720007e+09
8.617770528804169364e-04 -1.928462917190086667e+00 -2.326102682383445419e+00 5.591734577359074562e-07 -4.887448503720527526e+00 1.342498398044203520e+09
8.590310300442880300e-04 -1.936150909179163104e+00 -2.324364410607707043e+00 3.177389150627517675e-07 -5.295547747308457787e+00 1.342498398044430494e+09
8.470876872421175463e-04 -1.942067978933659456e+00 -2.329642663912372846e+00 2.741635702187073954e-07 -5.159596104026233476e+00 1.342498398045305014e+09
8.531083895611358365e-04 -1.943010372772241423e+00 -2.399315568335762539e+00 1.058755149209591491e-06 -4.195575455479686688e+00 1.342498398045722485e+09
8.498900521984452828e-04 -1.939487918927572441e+00 -2.228449907737601876e+00 5.464806038246217500e-07 -4.765733598412437821e+00 1.342498398047372341e+09
8.536813122025176505e-04 -1.937571911787974388e+00 -2.304217865989858005e+00 5.612227475654941950e-08 -6.468606179503332498e+00 1.342498398060413122e+09
8.604219138699384850e-04 -1.933874619709102571e+00 -2.370691283223406387e+00 1.286007751590921002e-06 -4.311385211946403118e+00 1.342498398062175035e+09
8.576704543820440818e-04 -1.936257618110162948e+00 -2.304290942010120524e+00 1.602147822678493796e-07 -5.773495417359941762e+00 1.342498398063162804e+09
8.572415310277206168e-04 -1.934034508275693787e+00 -2.349161618460414491e+00 6.535668079638018983e-08 -6.266574743176542839e+00 1.342498398067933559e+09
8.587922080934410653e-04 -1.932164416532282880e+00 -2.373502501420659438e+00 7.658492862260654930e-08 -6.214901384339064805e+00 1.342498398070901632e+09
8.470468360031235605e-04 -1.943717665009482509e+00 -2.364237236726676628e+00 1.133116635940606921e-07 -6.038922649690736222e+00 1.342498398071800470e+09
8.621385785771917224e-04 -1.931306320858956038e+00 -2.407275004860942147e+00 8.263530064384599711e-07 -4.421166882362387085e+00 1.342498398074350834e+09
8.617354364580955516e-04 -1.926493045848526986e+00 -2.428607704553774393e+00 3.950529141309614212e-07 -4.990904241283248055e+00 1.342498398079194546e+09
8.548581272865904543e-04 -1.931968552700388919e+00 -2.486212337842588660e+00 5.268147761908763377e-07 -4.751833830651852608e+00 1.342498398079790592e+09
8.503790629478800468e-04 -1.945322450179652662e+00 -2.321414928034049474e+00 2.513050272319158786e-06 -3.599036175239466395e+00 1.342498398079962969e+09
8.536542130199795001e-04 -1.935249223081243475e+00 -2.482232930420738448e+00 8.137585228638878054e-08 -6.182304618027982812e+00 1.342498398082530499e+09
8.516762051104465265e-04 -1.942591541646106146e+00 -2.386043047690937779e+00 1.158639291646644142e-06 -4.055131734827002177e+00 1.342498398084232807e+09
8.457253493640927476e-04 -1.951242125797689742e+00 -2.343064801290821730e+00 9.662796279959721149e-07 -4.436501056318197911e+00 1.342498398085473299e+09
8.609787585631945538e-04 -1.930951021572811399e+00 -2.418092216544794670e+00 5.451580393055001402e-07 -4.962837562614031306e+00 1.342498398087309837e+09
8.588546413485869096e-04 -1.933822494231549616e+00 -2.282447440358229773e+00 2.332965336880692323e-06 -3.722576615304019398e+00 1.342498398087626696e+09
8.469982848502308160e-04 -1.943099041601975552e+00 -2.437129748727050682e+00 1.459024977157341928e-07 -5.825844669181791780e+00 1.342498398088559389e+09
8.483197582413177628e-04 -1.948437368717304663e+00 -2.390707209472544115e+00 2.538744888492991946e-07 -5.380957118116748816e+00 1.342498398088637829e+09
8.585212868937552822e-04 -1.933152398917861392e+00 -2.431156745235394823e+00 1.319119450331806350e-06 -3.946793313915743617e+00 1.342498398089186192e+09
8.499260173006106854e-04 -1.938200769880267016e+00 -2.280420502907538172e+00 5.606038938657696510e-07 -4.892334563382466861e+00 1.342498398089215279e+09
8.556548749407353856e-04 -1.937813504219170424e+00 -2.276898747032123360e+00 1.613027502410339900e-07 -5.791109501397150972e+00 1.342498398089421272e+09
8.595592793421122412e-04 -1.929940607933575025e+00 -2.365845915685555578e+00 1.464614558663034893e-07 -5.649121496123825636e+00 1.342498398091063499e+09
8.536384378891718507e-04 -1.934204802327462502e+00 -2.341369608230398747e+00 1.467530468824071330e-07 -5.610493186187559544e+00 1.342498398094728947e+09
8.556982569807035409e-04 -1.941432800126391411e+00 -2.325621560760760431e+00 1.001544982575419101e-06 -4.346866144294246226e+00 1.342498398095597982e+09
8.549915308382861293e-04 -1.934819006638246908e+00 -2.393714723507843978e+00 5.769497690475273865e-07 -4.525311204363621442e+00 1.342498398095865488e+09
8.500491118303499585e-04 -1.937863696652061041e+00 -2.385155285274344727e+00 1.508711232199754070e-07 -5.622375999277240410e+00 1.342498398097534180e+09
8.467962268266660941e-04 -1.948240623805427951e+00 -2.295548851279510583e+00 1.338922858051554997e-06 -4.292772213372392009e+00 1.342498398102547169e+09
8.622969935946711920e-04 -1.928045124507546948e+00 -2.339056939774066368e+00 5.427702573070283882e-07 -4.898262918902513086e+00 1.342498398104057789e+09
8.554267705961650630e-04 -1.940118228029422465e+00 -2.303832099539611988e+00 2.033406724481114472e-07 -5.497365923985981340e+00 1.342498398107021093e+09
8.579358934672410468e-04 -1.930269771422588931e+00 -2.425472657215812955e+00 2.744949295225588229e-07 -5.416360884782333684e+00 1.342498398111402273e+09
8.531606680852534029e-04 -1.936306857413005789e+00 -2.239544939326505002e+00 2.153664143702207277e-07 -5.510896824943196215e+00 1.342498398112671614e+09
8.518384259937493343e-04 -1.944776634293440720e+00 -2.393241235824865587e+00 1.348530931248480247e-06 -4.054533446766623861e+00 1.342498398112832069e+09
8.549328740394909363e-04 -1.935969864353453529e+00 -2.243714834201288255e+00 1.304756539787704202e-06 -4.245676052293503311e+00 1.342498398113860846e+09
8.526289669541358167e-04 -1.940910581308164851e+00 -2.419637599748580392e+00 6.222292761940856633e-08 -6.369995819981522089e+00 1.342498398115002394e+09
8.574597517041107186e-04 -1.933734505602247467e+00 -2.329565214625713754e+00 1.205817304904195649e-06 -4.392691757009438369e+00 1.342498398117944241e+09
8.435284034346818933e-04 -1.950450996731100561e+00 -2.267057525390715256e+00 7.862629006031020554e-07 -4.492180207238619438e+00 1.342498398118409395e+09
8.479950899095274565e-04 -1.944187522095311094e+00 -2.299337222611252063e+00 3.102170267080171516e-07 -5.403837880142031480e+00 1.342498398119168758e+09
8.533632713982294057e-04 -1.940775153886332705e+00 -2.492050972988707258e+00 3.181073155218045709e-07 -5.376742419161543829e+00 1.342498398119838476e+09
8.535563401242168748e-04 -1.933292339204786936e+00 -2.313336445965353594e+00 3.029416347988468141e-07 -5.128673500792999995e+00 1.342498398121153593e+09
8.463941466053553388e-04 -1.944124174971363805e+00 -2.463871401671398065e+00 1.571223948332582283e-07 -5.712661066250483088e+00 1.342498398122559071e+09
8.561061032530454694e-04 -1.940648618914522228e+00 -2.475067612265325234e+00 1.327908276881841743e-06 -4.230974321112793035e+00 1.342498398123454809e+09
8.613432524397094184e-04 -1.929114247411664262e+00 -2.341280618560952043e+00 5.340061979045348615e-07 -4.696350186473417843e+00 1.342498398128506184e+09
8.612540953567452773e-04 -1.933427747352009840e+00 -2.432752709905611432e+00 8.987209966585351913e-07 -4.394417155540708109e+00 1.342498398129165649e+09
8.569182429882213651e-04 -1.936893824625786742e+00 -2.259851052314237219e+00 1.052746266953189688e-06 -4.444447778315510078e+00 1.342498398129758120e+09
8.485644807192295079e-04 -1.939059869632601796e+00 -2.434106234661534085e+00 5.813686114212695214e-07 -4.754166413114447209e+00 1.342498398131329298e+09
8.490994926136744307e-04 -1.941875102884477622e+00 -2.289220051105387288e+00 1.004457421283228334e-07 -5.896544560703632420e+00 1.342498398135921955e+09
8.621819526565718513e-04 -1.927911297169787375e+00 -2.445308500479286273e+00 1.438282629780907249e-06 -4.147640111955429809e+00 1.342498398136895180e+09
8.554235939004293902e-04 -1.938616412458469718e+00 -2.291756147899987273e+00 1.234260549479618929e-07 -5.843961187390471324e+00 1.342498398139632940e+09
8.554235939004293902e-04 -1.938616412458469718e+00 -2.291756147899987273e+00 1.234260549479618929e-07 -5.843961187390471324e+00 1.342498398139632940e+09
8.587983626332774912e-04 -1.935407963616721183e+00 -2.450006171727185933e+00 9.942387992914508804e-07 -4.533283810596587138e+00 1.342498398139965296e+09
8.503867974435725058e-04 -1.942456193529324082e+00 -2.430470347024343170e+00 2.638155631135958410e-07 -5.519648959720612424e+00 1.342498398142836094e+09
8.462597748467478838e-04 -1.948991266096943287e+00 -2.410076712197301241e+00 1.398203396183530702e-06 -4.204310400448495244e+00 1.342498398143211842e+09
8.483813803282730468e-04 -1.940509801638649723e+00 -2.375526201205943266e+00 1.282256168498512206e-07 -5.924253700167776415e+00 1.342498398143916130e+09
8.483813803282730468e-04 -1.940509801638649723e+00 -2.375526201205943266e+00 1.282256168498512206e-07 -5.924253700167776415e+00 1.342498398143916130e+09
8.564117254627965628e-04 -1.936671250693844160e+00 -2.367570592154331077e+00 9.852603485791729005e-08 -6.136461929015275985e+00 1.342498398144531488e+09
8.430217468183610636e-04 -1.948653636357629226e+00 -2.355013814719491450e+00 2.410870518192575125e-07 -5.415307774870154134e+00 1.342498398146388769e+09
8.490249051954125306e-04 -1.948224551070413479e+00 -2.306617535205484515e+00 3.772754926116160808e-07 -5.080350551993301877e+00 1.342498398146404505e+09
8.477729423375991204e-04 -1.941176945273882071e+00 -2.303941599898615245e+00 2.672012333492020741e-07 -5.443889397727266655e+00 1.342498398150399446e+09
8.505778274845441408e-04 -1.944603990028620277e+00 -2.316203299495352308e+00 2.815214735522522705e-06 -3.635030025902979745e+00 1.342498398151656151e+09
8.479881788233858270e-04 -1.940650405908377341e+00 -2.413320581620103766e+00 2.831063483280574346e-07 -5.377984801011848504e+00 1.342498398151809454e+09
8.558179089905706754e-04 -1.930596657409672234e+00 -2.345015801836420000e+00 6.726267103545411368e-07 -4.575907733969224012e+00 1.342498398155126095e+09
8.607748428722177903e-04 -1.933049773392883974e+00 -2.458106843365566174e+00 3.064372891113484060e-07 -5.321391939434425566e+00 1.342498398156168461e+09
8.539063942750408720e-04 -1.935251679690060067e+00 -2.256809234077645776e+00 1.399873131705111071e-06 -4.010146686824652917e+00 1.342498398156668425e+09
8.469274463288229988e-04 -1.946345521314983840e+00 -2.286161495995782111e+00 4.955488058439562787e-07 -5.065039787737299015e+00 1.342498398156916857e+09
8.469274463288229988e-04 -1.946345521314983840e+00 -2.286161495995782111e+00 4.955488058439562787e-07 -5.065039787737299015e+00 1.342498398156916857e+09
8.529770844601233457e-04 -1.935916742291738490e+00 -2.311333616541148661e+00 1.520420079150301947e-06 -3.857300659441886381e+00 1.342498398160665512e+09
8.503031448958371435e-04 -1.942149881824110302e+00 -2.259783597734917215e+00 1.924253990616625278e-06 -3.976737470601138469e+00 1.342498398162205935e+09
8.585948964352064063e-04 -1.935165746802562037e+00 -2.320859188189983158e+00 1.417718210561569699e-06 -3.960882920674958285e+00 1.342498398166874170e+09
8.482466608693974919e-04 -1.943355317253315784e+00 -2.281259674479872768e+00 4.665991281108951640e-07 -5.104738063493432065e+00 1.342498398167616844e+09
8.487053952258183809e-04 -1.943224651079102916e+00 -2.438431963669365654e+00 6.133481292611968092e-07 -4.903473061558077717e+00 1.342498398170476675e+09
8.624983443587035071e-04 -1.929616522041713633e+00 -2.433203045258525155e+00 1.963417198663606733e-06 -3.867205254111242496e+00 1.342498398172693491e+09
8.620785854164897616e-04 -1.930974936962050359e+00 -2.418393642421158507e+00 7.338493317376797020e-07 -4.503783850605959316e+00 1.342498398185964108e+09
8.499909463692573858e-04 -1.940563589147418666e+00 -2.238659917551345746e+00 1.804577909035935123e-07 -5.679449609138069732e+00 1.342498398187526703e+09
8.490412797731717838e-04 -1.945227577712104194e+00 -2.325721997218485271e+00 2.049466198789526789e-07 -5.380604165370383996e+00 1.342498398187947273e+09
8.468155225351002612e-04 -1.947632550516720240e+00 -2.463236081536970268e+00 6.413880902843815791e-07 -4.609332130686645712e+00 1.342498398191406250e+09
8.480947751451253618e-04 -1.944947318503310818e+00 -2.341323427393170675e+00 2.759870426542847441e-06 -3.510551219919095800e+00 1.342498398191942453e+09
8.487226541241065479e-04 -1.944797082821755119e+00 -2.317674518862755662e+00 2.902360147238692939e-06 -3.588977465462101613e+00 1.342498398199409962e+09
8.480199893656351941e-04 -1.943855581115190523e+00 -2.324419785327909604e+00 2.793493019228359449e-06 -3.528724018769750614e+00 1.342498398200592041e+09
8.519531416264231743e-04 -1.938077342461438368e+00 -2.482404996368839711e+00 1.364557449387378179e-06 -4.252697921737402353e+00 1.342498398201441526e+09
8.539547925301039111e-04 -1.940573499218382736e+00 -2.323442169173019600e+00 6.052732344506865888e-07 -4.559034858990909989e+00 1.342498398202341080e+09
8.581142218627174243e-04 -1.936728240946837820e+00 -2.280923006352630900e+00 4.920372254760995870e-07 -4.864412671276406641e+00 1.342498398203239441e+09
8.585346571984058201e-04 -1.933756287227344162e+00 -2.494324347915088502e+00 1.144898794257902799e-07 -5.912188684244989112e+00 1.342498398204017639e+09
8.605177091441643849e-04 -1.930900803714552749e+00 -2.438814120320464074e+00 1.342886596629604053e-07 -5.796823577116541060e+00 1.342498398206152439e+09
8.605177091441643849e-04 -1.930900803714552749e+00 -2.438814120320464074e+00 1.342886596629604053e-07 -5.796823577116541060e+00 1.342498398206152439e+09
8.544330880832473303e-04 -1.942560880656465372e+00 -2.452365519783767045e+00 1.289475922959663772e-06 -4.166876811565163763e+00 1.342498398207717180e+09
8.544330880832473303e-04 -1.942560880656465372e+00 -2.452365519783767045e+00 1.289475922959663772e-06 -4.166876811565163763e+00 1.342498398207717180e+09
8.457771701794225593e-04 -1.945082176109822258e+00 -2.297744198007700689e+00 9.812063531482591563e-08 -6.003379735415871110e+00 1.342498398208125830e+09
8.470169597794821505e-04 -1.947529147621895884e+00 -2.392790998192661167e+00 6.024454441981587406e-07 -4.914356043421602926e+00 1.342498398209133863e+09
8.612199967463885332e-04 -1.928678504169232033e+00 -2.294856961605594492e+00 7.280193274257078247e-07 -4.630932506046791630e+00 1.342498398211861610e+09
8.555067088877373743e-04 -1.937656240174843392e+00 -2.312867891384959407e+00 9.893419948130819317e-08 -6.119683239655203444e+00 1.342498398215576410e+09
8.455257055869433306e-04 -1.945547110847358319e+00 -2.426753554267989443e+00 4.198361891212013345e-07 -5.115637888675172995e+00 1.342498398216568470e+09
8.504193871785709329e-04 -1.946567937341713295e+00 -2.455746592631573133e+00 5.717315980658353428e-07 -4.772303452820368719e+00 1.342498398216837168e+09
8.515270059911741714e-04 -1.937792288200111512e+00 -2.367270689720990973e+00 7.121086241965861298e-08 -6.153468960313968950e+00 1.342498398221700191e+09
8.507530518075450071e-04 -1.938284998044172980e+00 -2.492937490281754265e+00 4.403179117880854435e-07 -4.814453826242345968e+00 1.342498398222935200e+09
8.587588488143058909e-04 -1.929179420780499754e+00 -2.313652243156192778e+00 7.558860710728705778e-07 -4.635358547013035846e+00 1.342498398225896120e+09
8.625554948325750730e-04 -1.930657016706542439e+00 -2.397136177724081385e+00 1.614948000257468836e-06 -3.980643703824868318e+00 1.342498398226377964e+09
8.555766757726389468e-04 -1.940909527854696393e+00 -2.377519231575012881e+00 1.836658470712169042e-06 -3.856716335873207946e+00 1.342498398226494312e+09
8.555766757726389468e-04 -1.940909527854696393e+00 -2.377519231575012881e+00 1.836658470712169042e-06 -3.856716335873207946e+00 1.342498398226494312e+09
8.546559559550581230e-04 -1.940065452795425527e+00 -2.302178145622100214e+00 1.169885590606599515e-07 -5.940801447358014187e+00 1.342498398226537943e+09
8.513178814461947689e-04 -1.939542174107981243e+00 -2.446568707384147334e+00 1.607403064298083551e-06 -3.812670607475068252e+00 1.342498398229140520e+09
8.596781485423560460e-04 -1.932665770341014388e+00 -2.279096525549841878e+00 1.685179896549982198e-06 -3.995102033056630475e+00 1.342498398229628563e+09
8.596781485423560460e-04 -1.932665770341014388e+00 -2.279096525549841878e+00 1.685179896549982198e-06 -3.995102033056630475e+00 1.342498398229628563e+09
8.545143226692091800e-04 -1.936149389819852740e+00 -2.379323827365634081e+00 3.289261575674709232e-06 -3.487524679014262219e+00 1.342498398230469704e+09
8.438516833589909845e-04 -1.947395370109556767e+00 -2.270866771946008722e+00 6.842417586187825711e-07 -4.732023581235001330e+00 1.342498398232372999e+09
8.594675795065061935e-04 -1.933014948471313499e+00 -2.365931913179818658e+00 5.630218599572741153e-07 -4.959135882435203868e+00 1.342498398233634472e+09
8.472420733647387670e-04 -1.948124340849011205e+00 -2.441209697893819364e+00 2.090311227823158251e-07 -5.568000551513852869e+00 1.342498398235252619e+09
8.544926681024693884e-04 -1.935268968537990020e+00 -2.340948559348003499e+00 8.749385468282703647e-08 -6.210175862021865001e+00 1.342498398237640858e+09
8.524769242910425898e-04 -1.934851625134645925e+00 -2.280234358026740793e+00 2.129936049542233529e-07 -5.464287762306967444e+00 1.342498398238571882e+09
8.524769242910425898e-04 -1.934851625134645925e+00 -2.280234358026740793e+00 2.129936049542233529e-07 -5.464287762306967444e+00 1.342498398238571882e+09
8.477273627202066772e-04 -1.941485397142662439e+00 -2.269416480231255306e+00 1.116271139160770908e-06 -4.337326443091054529e+00 1.342498398239392757e+09
8.502613208167835628e-04 -1.943694260932345319e+00 -2.422561413978311595e+00 1.333496493305567672e-06 -3.976903863906133374e+00 1.342498398240648031e+09
8.545486480599804669e-04 -1.936354834378818834e+00 -2.474951471954154769e+00 3.977769707386541016e-07 -4.832671324815556169e+00 1.342498398240918398e+09
8.558144332272467087e-04 -1.936469108100610903e+00 -2.346802848432090194e+00 2.673821914708694049e-06 -3.728013015762138060e+00 1.342498398244264603e+09
8.511071666958933439e-04 -1.936756771275884637e+00 -2.315704481371912316e+00 1.595660643030329165e-06 -4.005116198368003033e+00 1.342498398244874954e+09
8.579556552583739084e-04 -1.937117833833486902e+00 -2.335368286500631996e+00 3.573182948679130289e-07 -5.257244380078612167e+00 1.342498398247698545e+09
8.544611717638967699e-04 -1.936278771410349986e+00 -2.453204834281439428e+00 1.625361879448735216e-07 -5.508677803672680895e+00 1.342498398247996092e+09
8.440325434638365270e-04 -1.950511777550919090e+00 -2.370911943658909227e+00 3.598467217218603769e-07 -5.081792340632794946e+00 1.342498398249534369e+09
8.440325434638365270e-04 -1.950511777550919090e+00 -2.370911943658909227e+00 3.598467217218603769e-07 -5.081792340632794946e+00 1.342498398249534369e+09
8.462479678505802289e-04 -1.945755270280895788e+00 -2.351331842869494260e+00 9.701819216013503027e-08 -6.118200521543665005e+00 1.342498398250785351e+09
8.473983810486884457e-04 -1.944058041645917889e+00 -2.256256753092582112e+00 2.565215217474663768e-07 -5.490532578580022083e+00 1.342498398253402233e+09
8.522772986175021709e-04 -1.940150730295404857e+00 -2.481794583750777328e+00 7.051806494674175202e-08 -6.263892799654978916e+00 1.342498398255290747e+09
8.525164144379106333e-04 -1.937779771220959235e+00 -2.384370566636125233e+00 8.553210496776872702e-08 -5.988609139064198672e+00 1.342498398255858660e+09
8.525164144379106333e-04 -1.937779771220959235e+00 -2.384370566636125233e+00 8.553210496776872702e-08 -5.988609139064198672e+00 1.342498398255858660e+09
8.477884802368604051e-04 -1.945700395236796609e+00 -2.436610322993996380e+00 1.633629011547057298e-06 -3.887906246512509156e+00 1.342498398258885622e+09
8.609794658355413629e-04 -1.932429857237409898e+00 -2.411040958525297651e+00 2.297373741367872658e-07 -5.417780616250592374e+00 1.342498398260149002e+09
8.522368629700586163e-04 -1.936288124657689957e+00 -2.372101391902870837e+00 1.410905510335199515e-06 -4.204397925458481566e+00 1.342498398261719704e+09
8.462383874746685864e-04 -1.947521169801048613e+00 -2.487243272829621876e+00 3.495661369199244588e-07 -5.092588835506668410e+00 1.342498398262000799e+09
8.431567451334210728e-04 -1.949701340702955310e+00 -2.378762267052916268e+00 4.990776562474064259e-07 -4.850688018817846725e+00 1.342498398263462543e+09
8.559186809153720467e-04 -1.933127661768142325e+00 -2.421602256014457222e+00 7.880467636457148973e-08 -6.112319522314201059e+00 1.342498398264463663e+09
8.461330369919934508e-04 -1.948248651892552363e+00 -2.238186787378644294e+00 7.746668606758062223e-07 -4.513703034396761460e+00 1.342498398265039682e+09
8.524673530740576027e-04 -1.938619177459943499e+00 -2.363550742727600351e+00 1.169827494390856924e-07 -6.056347859593355309e+00 1.342498398265113354e+09
8.453372900733166452e-04 -1.944042747441575569e+00 -2.331770459131329076e+00 3.781429873606980279e-07 -5.164371943278712962e+00 1.342498398265794992e+09
8.542879499393356496e-04 -1.932727776048865254e+00 -2.486243083607784232e+00 2.847917568932008635e-07 -5.285996606123770647e+00 1.342498398269075155e+09
8.461875781780035018e-04 -1.942442534995315384e+00 -2.365928762952219433e+00 4.292773395632593591e-07 -4.912014504208089605e+00 1.342498398274191856e+09
8.461875781780035018e-04 -1.942442534995315384e+00 -2.365928762952219433e+00 4.292773395632593591e-07 -4.912014504208089605e+00 1.342498398274191856e+09
8.506350608693943535e-04 -1.940963246369351802e+00 -2.285004457552724411e+00 6.036997496174918911e-08 -6.375091520439205794e+00 1.342498398276571035e+09
8.533303827748928540e-04 -1.934015085615642615e+00 -2.489409181282941752e+00 2.088295913568447864e-07 -5.488102467682129060e+00 1.342498398279531002e+09
8.533303827748928540e-04 -1.934015085615642615e+00 -2.489409181282941752e+00 2.088295913568447864e-07 -5.488102467682129060e+00 1.342498398279531002e+09
8.523117089123643771e-04 -1.937830187391321290e+00 -2.328610412038882416e+00 2.672644508340254117e-06 -3.459009596743358728e+00 1.342498398280003548e+09
8.597026153367079686e-04 -1.931686099356459740e+00 -2.330845963319138292e+00 1.856782114829450475e-07 -5.680975145612844557e+00 1.342498398282204866e+09
8.515888320945853114e-04 -1.938215649908990423e+00 -2.371893896514589706e+00 2.107919478366064668e-07 -5.654197665105762383e+00 1.342498398282238007e+09
8.513939156595689856e-04 -1.942839288492998584e+00 -2.334110725000023479e+00 1.013915935502670181e-07 -6.124346035438798630e+00 1.342498398290317774e+09
8.511752931914107331e-04 -1.939361935734998710e+00 -2.428831182112623388e+00 7.728132741110104582e-07 -4.336409593489024772e+00 1.342498398292987347e+09
8.577260725029641972e-04 -1.932837849560463894e+00 -2.299524046203799355e+00 1.056893324255770622e-06 -4.141771631439912227e+00 1.342498398293059111e+09
8.495914401766245516e-04 -1.938820627254879581e+00 -2.489289499530908945e+00 8.299314554673683799e-07 -4.436009617368775970e+00 1.342498398294521570e+09
8.591765895860505693e-04 -1.932642163581007377e+00 -2.410318600121227561e+00 7.854430019864088881e-07 -4.351468127975686606e+00 1.342498398294934750e+09
8.464330411913185363e-04 -1.945695963194405298e+00 -2.245718871207422751e+00 2.030534378922367486e-07 -5.462232654339913118e+00 1.342498398295193911e+09
8.570801201534839235e-04 -1.937489185459368102e+00 -2.324682030929506649e+00 1.683467152918320846e-06 -3.842854141473400986e+00 1.342498398298341513e+09
8.608982529614292792e-04 -1.928279884544737310e+00 -2.414116516132685852e+00 1.442748954748715599e-06 -3.969435517955828274e+00 1.342498398298977137e+09
8.608982529614292792e-04 -1.928279884544737310e+00 -2.414116516132685852e+00 1.442748954748715599e-06 -3.969435517955828274e+00 1.342498398298977137e+09
8.627350881944847007e-04 -1.926625621911593811e+00 -2.375597259566500696e+00 9.314315423928432451e-07 -4.379057159297357060e+00 1.342498398301015854e+09
8.481530023326620945e-04 -1.941444179815636550e+00 -2.415596966881889962e+00 6.883697176698404259e-07 -4.766252166444877147e+00 1.342498398303322554e+09
8.587866890863429456e-04 -1.936974501519158620e+00 -2.423718809067898494e+00 1.859600439977486351e-06 -3.910197406943015430e+00 1.342498398303558826e+09
8.568079306950094612e-04 -1.934713198037171900e+00 -2.271821221928663981e+00 6.144208996348670733e-07 -4.574639508110203145e+00 1.342498398305746078e+09
8.571288026328642215e-04 -1.930923219749714814e+00 -2.333200551804497813e+00 3.717037406906773761e-07 -5.198638650326260269e+00 1.342498398308511019e+09
8.474868692476693376e-04 -1.941034803665854014e+00 -2.424691839372202118e+00 6.035928187125281638e-07 -4.785115684213190335e+00 1.342498398310115099e+09
8.474868692476693376e-04 -1.941034803665854014e+00 -2.424691839372202118e+00 6.035928187125281638e-07 -4.785115684213190335e+00 1.342498398310115099e+09
8.518840053846275491e-04 -1.942253578813155190e+00 -2.315705789170844575e+00 3.380248421777936281e-06 -3.411983738843671787e+00 1.342498398311071396e+09
8.478162585216314452e-04 -1.945016616192758008e+00 -2.462740144838866385e+00 1.142935115623077122e-06 -4.138874410098580370e+00 1.342498398311250687e+09
8.524792096470161723e-04 -1.935291398601668655e+00 -2.348004210785264334e+00 9.136444890599969573e-08 -6.057800873450251089e+00 1.342498398311937332e+09
8.466469398537303757e-04 -1.942399761417251680e+00 -2.257025432314404778e+00 5.001235927170782023e-07 -4.824487389706709095e+00 1.342498398317844868e+09
8.491720353751250642e-04 -1.941545593199885067e+00 -2.352700576623034223e+00 1.718142833973747976e-06 -3.775328091992760093e+00 1.342498398319803238e+09
8.548824335506848872e-04 -1.931750112434262423e+00 -2.427813232438408519e+00 7.301783774465004279e-07 -4.527269474701896002e+00 1.342498398324546814e+09
8.546359811353991271e-04 -1.936505290852943206e+00 -2.468528874282529539e+00 1.188247587083815231e-06 -4.400079064611718493e+00 1.342498398327206850e+09
8.450580678800651609e-04 -1.947936435826608248e+00 -2.403105216484317630e+00 1.997302809025875741e-07 -5.490171355137905884e+00 1.342498398329780340e+09
8.478467867837682090e-04 -1.942943677243874623e+00 -2.248804489124474948e+00 7.986089896994513935e-07 -4.407372853567370186e+00 1.342498398329962969e+09
8.542871528515928346e-04 -1.935896945345711551e+00 -2.249454335835388896e+00 1.768420256080536930e-07 -5.579288205334086648e+00 1.342498398332634687e+09
8.580473361617479804e-04 -1.930050512143080654e+00 -2.444057557642504541e+00 1.459678129679849973e-06 -4.120647509236251338e+00 1.342498398342406034e+09
8.569973910999587009e-04 -1.939288112373527051e+00 -2.436219030264952679e+00 3.456385155111240092e-07 -5.214808458284157844e+00 1.342498398342496872e+09
8.575959468591924564e-04 -1.936782140678629416e+00 -2.305914179891063842e+00 6.631169322890570469e-07 -4.828590484287677675e+00 1.342498398347802162e+09
8.632047951761694961e-04 -1.929278843928478482e+00 -2.428266222630278914e+00 5.770815700890802390e-07 -4.803095207772841491e+00 1.342498398354066610e+09
8.519626961128387577e-04 -1.940529903186841709e+00 -2.307771756283006237e+00 1.234532631031846208e-06 -3.990432723702711293e+00 1.342498398355154991e+09
8.556579637731075551e-04 -1.935492344274371224e+00 -2.422434319216757448e+00 2.793426896729037403e-06 -3.656917899906919622e+00 1.342498398356228352e+09
8.514944215941950504e-04 -1.935896565921307211e+00 -2.449357914750611265e+00 2.869069765172553419e-07 -5.194937820486936531e+00 1.342498398361059427e+09
8.538715270551619626e-04 -1.936199762661877655e+00 -2.244122808743717279e+00 2.630767979140439194e-07 -5.268402450140582616e+00 1.342498398361183643e+09
8.560851279137288985e-04 -1.940343729489402591e+00 -2.435759487800524425e+00 7.416678658096827459e-07 -4.724543509848444067e+00 1.342498398363889456e+09
8.445128768239311239e-04 -1.948502387419036364e+00 -2.378974235193974884e+00 2.561232276101113728e-07 -5.297082624550226271e+00 1.342498398366714954e+09
8.530499644938360727e-04 -1.943461763422450916e+00 -2.445701179454856433e+00 1.893286114789159388e-06 -3.918527617618571490e+00 1.342498398366829395e+09
8.530499644938360727e-04 -1.943461763422450916e+00 -2.445701179454856433e+00 1.893286114789159388e-06 -3.918527617618571490e+00 1.342498398366829395e+09
8.437904955537965353e-04 -1.948706559084153245e+00 -2.392313247438607515e+00 4.656822413681173967e-07 -4.881735880077308742e+00 1.342498398366846800e+09
8.437904955537965353e-04 -1.948706559084153245e+00 -2.392313247438607515e+00 4.656822413681173967e-07 -4.881735880077308742e+00 1.342498398366846800e+09
8.469742549019620721e-04 -1.944951479337639899e+00 -2.306588792616014683e+00 1.423162254496803793e-07 -5.900105589128644468e+00 1.342498398368205786e+09
8.564220956873178992e-04 -1.935754550341302282e+00 -2.326849262193674051e+00 2.418392748344950734e-06 -3.519311121234437678e+00 1.342498398368887901e+09
8.542622705282595713e-04 -1.939533569496624033e+00 -2.453053072594697070e+00 1.535358441824201083e-07 -5.619177686728908938e+00 1.342498398369202137e+09
8.484861682279275404e-04 -1.940767633621616639e+00 -2.312476127207832466e+00 1.006754504811928638e-07 -5.942939931158866429e+00 1.342498398375842571e+09
8.539279767075906580e-04 -1.934595406962567488e+00 -2.451413860351255636e+00 2.311173779001582270e-07 -5.274362986571578205e+00 1.342498398376098633e+09
8.559366898845206708e-04 -1.936616454374250562e+00 -2.479539078215137415e+00 9.410436539210476699e-08 -6.121931306598344946e+00 1.342498398381418228e+09
8.570822801135200572e-04 -1.931930474371988282e+00 -2.321065966265973834e+00 2.010011205819251657e-06 -3.703182683020456167e+00 1.342498398385008097e+09
8.551842028312584519e-04 -1.932311035473195826e+00 -2.305192939143719588e+00 2.340306092414650297e-07 -5.475732214104919393e+00 1.342498398385263681e+09
8.551842028312584519e-04 -1.932311035473195826e+00 -2.305192939143719588e+00 2.340306092414650297e-07 -5.475732214104919393e+00 1.342498398385263681e+09
8.535276441387306106e-04 -1.941683441887247064e+00 -2.339593264096677672e+00 1.281278321462087118e-06 -4.358282342153964706e+00 1.342498398390342236e+09
8.604772846294427447e-04 -1.933861403931202538e+00 -2.393016022677792787e+00 2.153315336534533625e-06 -3.805116579464309368e+00 1.342498398391083717e+09
8.535768140655001102e-04 -1.936518893007162401e+00 -2.400071633469375687e+00 1.257342042325527683e-07 -5.989509393873456489e+00 1.342498398399591923e+09
8.536639954818517383e-04 -1.933837747274680829e+00 -2.353720244487944591e+00 1.532438097034244650e-06 -3.944723841274210940e+00 1.342498398403179646e+09
8.523578528495185302e-04 -1.945209113786437127e+00 -2.348459805574234505e+00 6.457363428972283605e-07 -4.692390004183322638e+00 1.342498398405490160e+09
8.442280414430539939e-04 -1.948603279481724293e+00 -2.367342471241681068e+00 1.178254635608657637e-06 -4.302476712644637935e+00 1.342498398406746149e+09
8.503677474721740934e-04 -1.940289721125911804e+00 -2.466606182556303040e+00 9.929209235778203461e-08 -6.098136568170444249e+00 1.342498398407010078e+09
8.530545415997029196e-04 -1.936226796243961212e+00 -2.359906828305176063e+00 1.963542773422481365e-06 -3.672694317302585887e+00 1.342498398409538507e+09
8.560435284825311910e-04 -1.939709547929433509e+00 -2.367505227477920915e+00 1.891463854414465584e-07 -5.633541089677399860e+00 1.342498398409953594e+09
8.469740045896161345e-04 -1.947717021978723873e+00 -2.259083810004105963e+00 5.671879526937889849e-07 -4.697751775826034759e+00 1.342498398413376331e+09
8.533356659438583137e-04 -1.936955342825059434e+00 -2.490778095047900376e+00 7.553572776077451117e-08 -6.212954420763244556e+00 1.342498398413486242e+09
8.610469093888003427e-04 -1.933131661012212898e+00 -2.371635245962740779e+00 1.831796246881871537e-06 -3.944403252708101881e+00 1.342498398415537357e+09
8.610469093888003427e-04 -1.933131661012212898e+00 -2.371635245962740779e+00 1.831796246881871537e-06 -3.944403252708101881e+00 1.342498398415537357e+09
8.541454461149321610e-04 -1.938271232784831710e+00 -2.397292498869064037e+00 5.468759167835565026e-07 -5.012586180567542016e+00 1.342498398415597439e+09
8.520248376945486557e-04 -1.936655257680903297e+00 -2.347033896118044360e+00 1.364962890406535491e-06 -3.949124531324336829e+00 1.342498398416492701e+09
8.487118992504009626e-04 -1.945343385135031244e+00 -2.492359412399833385e+00 5.025373295532036212e-07 -4.768050661182846817e+00 1.342498398422091722e+09
8.550537509401155787e-04 -1.939805983841190962e+00 -2.493934507794528521e+00 3.177776131895204464e-07 -5.347338067505423176e+00 1.342498398422137022e+09
8.513289193323824019e-04 -1.936819821800171759e+00 -2.469352009615813692e+00 1.516723521116195827e-07 -5.741629563701714289e+00 1.342498398422414541e+09
8.619247210118364134e-04 -1.930040814872441723e+00 -2.465081933167898143e+00 4.292387265668115073e-07 -5.075771811911627296e+00 1.342498398422510147e+09
8.517511935352791493e-04 -1.940765552024995344e+00 -2.410628263148252959e+00 6.858125858942109667e-07 -4.843237688591575996e+00 1.342498398423470259e+09
8.517511935352791493e-04 -1.940765552024995344e+00 -2.410628263148252959e+00 6.858125858942109667e-07 -4.843237688591575996e+00 1.342498398423470259e+09
8.450879375529891371e-04 -1.947859673612363007e+00 -2.304805282365769870e+00 3.542160490099780143e-07 -5.009006699147958486e+00 1.342498398424561501e+09
8.620118482883212981e-04 -1.929307826016852578e+00 -2.359122891108181630e+00 1.871678821977293009e-06 -3.857590131887613794e+00 1.342498398429058313e+09
8.502556653931023353e-04 -1.938172362777723867e+00 -2.283535786338553475e+00 1.289025588431479356e-06 -4.205578756303781418e+00 1.342498398430293560e+09
8.464277102983758542e-04 -1.943353796207277551e+00 -2.466258626197591397e+00 3.412786068322854899e-07 -5.138961265725731309e+00 1.342498398431948423e+09
8.464277102983758542e-04 -1.943353796207277551e+00 -2.466258626197591397e+00 3.412786068322854899e-07 -5.138961265725731309e+00 1.342498398431948423e+09
8.538703708044932932e-04 -1.937618445113069576e+00 -2.253299278403058992e+00 4.251146066307815237e-07 -5.133720614219116740e+00 1.342498398432568312e+09
8.538703708044932932e-04 -1.937618445113069576e+00 -2.253299278403058992e+00 4.251146066307815237e-07 -5.133720614219116740e+00 1.342498398432568312e+09
8.588644115032878067e-04 -1.937357959120922679e+00 -2.410548652649028067e+00 6.067317289429601190e-07 -4.785880143643915119e+00 1.342498398432712793e+09
8.524244574993893476e-04 -1.938717054481575497e+00 -2.368279697679321671e+00 2.768555221386456385e-06 -3.661592690312550857e+00 1.342498398437697411e+09
8.576624868670928948e-04 -1.932781359805425758e+00 -2.448158616005142729e+00 1.490612593211813149e-07 -5.616318263772440034e+00 1.342498398438687563e+09
8.577171765790543578e-04 -1.938209732933320995e+00 -2.338012106858536221e+00 1.341399872596249090e-06 -4.100946566531431969e+00 1.342498398440395594e+09
8.507844939503210122e-04 -1.945603066998244479e+00 -2.337558915974487839e+00 3.617873780635882758e-07 -5.265159557803771762e+00 1.342498398442718029e+09
8.458831558855031468e-04 -1.950534209826991994e+00 -2.346891605077910725e+00 1.084107607378769933e-06 -4.340829622883991767e+00 1.342498398443233252e+09
8.481572613250956683e-04 -1.941390694410753293e+00 -2.276977388354146203e+00 1.403903903978955405e-07 -5.709048969839228604e+00 1.342498398443365097e+09
8.530562443835882757e-04 -1.938736966860796107e+00 -2.257681266653864149e+00 2.845140560592205671e-07 -5.423687228217258571e+00 1.342498398445278645e+09
8.490775323871284710e-04 -1.940185740026736827e+00 -2.310065159985962513e+00 4.583449116327509101e-07 -4.761508225163021635e+00 1.342498398447482347e+09
8.491073633539077126e-04 -1.941456031101194579e+00 -2.426336709934487690e+00 9.283032518814565068e-08 -6.001847783507153977e+00 1.342498398447853565e+09
8.482292208062772740e-04 -1.946564595254376417e+00 -2.238345375496795686e+00 2.961988602163026870e-07 -5.313891831188811921e+00 1.342498398449767590e+09
8.541966274842236438e-04 -1.938865509943315857e+00 -2.307957127341810910e+00 5.635041149380403686e-07 -4.593314114688666905e+00 1.342498398452156782e+09
8.527767297374109828e-04 -1.939346762508167066e+00 -2.450874175913147379e+00 6.503418825694958091e-08 -6.327288224708825126e+00 1.342498398454379082e+09
8.600197766244872203e-04 -1.932705958691545378e+00 -2.354549999808810856e+00 8.008731735869833700e-07 -4.385977635451663303e+00 1.342498398459571362e+09
8.576058651624088357e-04 -1.935007250795723666e+00 -2.313977525137442814e+00 2.325555893805617911e-07 -5.306635331930839250e+00 1.342498398462072611e+09
8.467175060508931161e-04 -1.942083645224701893e+00 -2.372464005582121338e+00 1.954142561657739109e-07 -5.574294070990806205e+00 1.342498398463036299e+09
8.467175060508931161e-04 -1.942083645224701893e+00 -2.372464005582121338e+00 1.954142561657739109e-07 -5.574294070990806205e+00 1.342498398463036299e+09
8.492128634243324790e-04 -1.942658339594026007e+00 -2.422463304581497390e+00 1.100394320918731000e-07 -5.854661230676506456e+00 1.342498398464357376e+09
8.532353177437457421e-04 -1.939693587079773573e+00 -2.424001393221676626e+00 3.462315439289445632e-06 -3.377706771397142482e+00 1.342498398465889692e+09
8.563420979224567724e-04 -1.934471216486985723e+00 -2.482458728788468072e+00 2.067796646254218129e-06 -3.651471596932711172e+00 1.342498398467596769e+09
8.563420979224567724e-04 -1.934471216486985723e+00 -2.482458728788468072e+00 2.067796646254218129e-06 -3.651471596932711172e+00 1.342498398467596769e+09
8.486026404632513939e-04 -1.942216229028698837e+00 -2.487320471154573553e+00 2.410372043157670686e-07 -5.512698476300041506e+00 1.342498398469714165e+09
8.578170795704489473e-04 -1.934796914539927082e+00 -2.490755643131700392e+00 2.467064615414008240e-06 -3.745003806947051039e+00 1.342498398471486330e+09
8.578170795704489473e-04 -1.934796914539927082e+00 -2.490755643131700392e+00 2.467064615414008240e-06 -3.745003806947051039e+00 1.342498398471486330e+09
8.546209287135758236e-04 -1.933394600038119471e+00 -2.404267502842807325e+00 9.032634002998570765e-07 -4.546434407628877850e+00 1.342498398474642038e+09
8.515118752058695823e-04 -1.937625463180187246e+00 -2.319109312983663962e+00 1.620286651910346900e-06 -3.834609386262059161e+00 1.342498398474964857e+09
8.578138992227670161e-04 -1.937420084509057228e+00 -2.310720693965997885e+00 1.233558001113843919e-06 -4.326807123903789076e+00 1.342498398475189447e+09
8.591532474979649177e-04 -1.931815016122140349e+00 -2.291377907808947789e+00 4.885696727637587706e-07 -4.778015081621754589e+00 1.342498398476612091e+09
8.559725899769039022e-04 -1.931961088637542234e+00 -2.315731947520545120e+00 1.345717589850218583e-07 -5.794400915568298949e+00 1.342498398477639675e+09
8.559725899769039022e-04 -1.931961088637542234e+00 -2.315731947520545120e+00 1.345717589850218583e-07 -5.794400915568298949e+00 1.342498398477639675e+09
8.576721534093796791e-04 -1.930986695047686164e+00 -2.326567997856944903e+00 2.557226626831915076e-07 -5.226462272619837535e+00 1.342498398480602264e+09
8.450859904401372170e-04 -1.947972591272206566e+00 -2.469218469225631818e+00 5.929108363229236830e-07 -4.749554116499590251e+00 1.342498398480698586e+09
8.605272110175034208e-04 -1.933879174505395593e+00 -2.444191061551558519e+00 3.439819430883986821e-07 -5.171979905198803351e+00 1.342498398482281208e+09
8.590114710768185233e-04 -1.933139990537701136e+00 -2.465349856260805161e+00 2.437615559819023232e-06 -3.749354344204411937e+00 1.342498398482627869e+09
8.578926810496667133e-04 -1.930849278177483308e+00 -2.271504989417997944e+00 7.554641507542358118e-07 -4.576676842419729496e+00 1.342498398484277725e+09
8.520705476030246851e-04 -1.938832805235860102e+00 -2.415155082915636520e+00 1.629080487606558963e-07 -5.507549864072560197e+00 1.342498398485858679e+09
8.576634259156590149e-04 -1.929443214846673360e+00 -2.429946315365441478e+00 9.097792344796685229e-07 -4.434363605519807017e+00 1.342498398487878799e+09
8.488917177905196771e-04 -1.947045122201676026e+00 -2.465274923319984435e+00 2.903349052551219677e-07 -5.302349375846275414e+00 1.342498398488122940e+09
8.549312347379069187e-04 -1.933849603442125531e+00 -2.332245644931788320e+00 1.689597301536662280e-07 -5.503298576723367752e+00 1.342498398488246679e+09
8.549312347379069187e-04 -1.933849603442125531e+00 -2.332245644931788320e+00 1.689597301536662280e-07 -5.503298576723367752e+00 1.342498398488246679e+09
8.548523640476973903e-04 -1.936071357352147748e+00 -2.357292194558886500e+00 1.854162290293097563e-07 -5.745556679410636747e+00 1.342498398488463402e+09
8.548523640476973903e-04 -1.936071357352147748e+00 -2.357292194558886500e+00 1.854162290293097563e-07 -5.745556679410636747e+00 1.342498398488463402e+09
8.438723425574201067e-04 -1.948105331212730773e+00 -2.404068057004133951e+00 6.513924935218294724e-07 -4.702688107998046263e+00 1.342498398490649462e+09
8.438723425574201067e-04 -1.948105331212730773e+00 -2.404068057004133951e+00 6.513924935218294724e-07 -4.702688107998046263e+00 1.342498398490649462e+09
8.469623818656050410e-04 -1.941229073962861484e+00 -2.352412292936210569e+00 3.189989370303214432e-07 -5.228700210802542436e+00 1.342498398492077112e+09
8.549861546848807519e-04 -1.941221256516081795e+00 -2.387753528726385355e+00 2.839955011341476656e-07 -5.255360564950672497e+00 1.342498398493311405e+09
8.511533451934302644e-04 -1.942913579440904481e+00 -2.470838668388012582e+00 2.002147149796074386e-07 -5.670205255695490720e+00 1.342498398493678093e+09
8.588443482808715826e-04 -1.930292558237068024e+00 -2.429651580626791763e+00 1.568655933135521708e-06 -3.878146170391164382e+00 1.342498398497047901e+09
8.522660609397529879e-04 -1.936343783923041295e+00 -2.321561451077169380e+00 7.981400596816868495e-08 -6.177189641251694674e+00 1.342498398497628689e+09
8.525569939351710117e-04 -1.941446084205820544e+00 -2.470624086426299382e+00 1.156976117647022393e-06 -4.098308788388145274e+00 1.342498398501126289e+09
8.525569939351710117e-04 -1.941446084205820544e+00 -2.470624086426299382e+00 1.156976117647022393e-06 -4.098308788388145274e+00 1.342498398501126289e+09
8.512806107238550003e-04 -1.942248436511926135e+00 -2.340919490104174994e+00 3.099397002311302664e-06 -3.405049159889645516e+00 1.342498398502049923e+09
8.486874286903250877e-04 -1.942176564426313590e+00 -2.361070445578267396e+00 9.459035754305383944e-08 -5.957998904575487309e+00 1.342498398502883434e+09
8.507334189198598488e-04 -1.936968877484364526e+00 -2.376864026327033308e+00 6.468880439733877496e-07 -4.549363170758370600e+00 1.342498398503540039e+09
8.507334189198598488e-04 -1.936968877484364526e+00 -2.376864026327033308e+00 6.468880439733877496e-07 -4.549363170758370600e+00 1.342498398503540039e+09
8.443221998533616138e-04 -1.946546133920041610e+00 -2.281246169884923791e+00 9.428442871707619787e-07 -4.384418169588331082e+00 1.342498398511853218e+09
8.479670828303311706e-04 -1.944704589215786816e+00 -2.367939076412315824e+00 1.488329644308495507e-06 -4.205184437302383671e+00 1.342498398512507915e+09
8.611300895079139830e-04 -1.928871558478494119e+00 -2.436450602621030637e+00 5.906575298573132864e-07 -4.628471882202230603e+00 1.342498398513295650e+09
8.495790942714499588e-04 -1.940995018119096471e+00 -2.471544080269970411e+00 1.250698383918745834e-06 -4.057950605449793358e+00 1.342498398514003515e+09
8.495790942714499588e-04 -1.940995018119096471e+00 -2.471544080269970411e+00 1.250698383918745834e-06 -4.057950605449793358e+00 1.342498398514003515e+09
8.566458094583256260e-04 -1.935825001999175621e+00 -2.249834510246346397e+00 3.373391882237946753e-07 -5.152143482212622416e+00 1.342498398514472246e+09
8.566458094583256260e-04 -1.935825001999175621e+00 -2.249834510246346397e+00 3.373391882237946753e-07 -5.152143482212622416e+00 1.342498398514472246e+09
8.505675599594459887e-04 -1.939012629166305901e+00 -2.366257303820489266e+00 1.135237011092515324e-06 -4.072888034674243762e+00 1.342498398514847517e+09
8.517550399448207184e-04 -1.943381872972788971e+00 -2.286610347496705220e+00 1.738874202392542386e-06 -4.075196085642748933e+00 1.342498398514925957e+09
8.517550399448207184e-04 -1.943381872972788971e+00 -2.286610347496705220e+00 1.738874202392542386e-06 -4.075196085642748933e+00 1.342498398514925957e+09
8.504930168877626899e-04 -1.942053035131680261e+00 -2.419796437374233555e+00 2.051154690167601258e-06 -3.666353035490183210e+00 1.342498398516057968e+09
8.617405513169383363e-04 -1.931860853692849211e+00 -2.345704373755095773e+00 1.208408141550523703e-06 -4.277475336685572671e+00 1.342498398516143799e+09
8.447722407017298511e-04 -1.946789486182481488e+00 -2.364139726424141053e+00 3.162329701721163476e-07 -5.318199381920048374e+00 1.342498398521777868e+09
8.599534480624163773e-04 -1.931963398293710776e+00 -2.383400753592352928e+00 4.340920655228763677e-07 -4.832294123340368230e+00 1.342498398521996737e+09
8.602360790371033680e-04 -1.931083680440370154e+00 -2.494864887348393623e+00 4.353920466164621551e-07 -5.096093072980780292e+00 1.342498398522091866e+09
8.529022168173904309e-04 -1.937370643301146611e+00 -2.384629368652234405e+00 9.497942769488504467e-08 -5.922370854858697520e+00 1.342498398522284985e+09
8.499933492955957619e-04 -1.944064267723566886e+00 -2.227228139168312637e+00 4.530929139143992459e-07 -5.012182783223499527e+00 1.342498398525111198e+09
8.588892123436984473e-04 -1.931586279990155530e+00 -2.397945478059762880e+00 1.150738087326234067e-07 -5.855797526232895400e+00 1.342498398525664091e+09
8.448940285119385836e-04 -1.947419045401491466e+00 -2.273786068432771756e+00 1.484575439901110808e-07 -5.761193115943935794e+00 1.342498398526072979e+09
8.564897713114635837e-04 -1.938874788690359452e+00 -2.471795967184141851e+00 2.023128916877212754e-06 -3.801207312620134893e+00 1.342498398531402588e+09
8.564897713114635837e-04 -1.938874788690359452e+00 -2.471795967184141851e+00 2.023128916877212754e-06 -3.801207312620134893e+00 1.342498398531402588e+09
8.470679649456425543e-04 -1.944883908686379614e+00 -2.360843989224712836e+00 5.321249594933240245e-07 -4.661549573532225210e+00 1.342498398533742428e+09
8.504055653865043654e-04 -1.946236634517763076e+00 -2.276635524060743876e+00 7.378308657310150541e-07 -4.567956132131415714e+00 1.342498398535365105e+09
8.560710860702113118e-04 -1.930732642341512317e+00 -2.443979584565052487e+00 4.525162536252041156e-07 -4.947529462582307858e+00 1.342498398538932323e+09
8.520164459723996711e-04 -1.939224075336490438e+00 -2.380981798273233974e+00 1.992484065924761760e-07 -5.703328063193774611e+00 1.342498398539141893e+09
8.530152771861539574e-04 -1.935333257231089954e+00 -2.382579253131964059e+00 1.472552800279887353e-07 -5.618044850956454006e+00 1.342498398539746761e+09
8.545465545921032257e-04 -1.935183933985137994e+00 -2.430159377255707298e+00 2.127571181958368369e-06 -3.865325956758905335e+00 1.342498398540661335e+09
8.556552933357454297e-04 -1.932592592286640709e+00 -2.400173257412691274e+00 1.230556949090378971e-06 -4.299993509450766638e+00 1.342498398540972471e+09
8.600456554452132240e-04 -1.932143445547669813e+00 -2.445123541453801952e+00 2.284368784561898201e-07 -5.538309749663261172e+00 1.342498398541176796e+09
8.519925623178674920e-04 -1.942497388308723760e+00 -2.371800749443754963e+00 1.249326520318417744e-07 -5.792323038089648435e+00 1.342498398541364431e+09
8.499022987879331246e-04 -1.937124315594812796e+00 -2.341501726237105174e+00 3.598681972037154771e-07 -5.106349402552812222e+00 1.342498398543381929e+09
8.525267749663879803e-04 -1.936142648877392070e+00 -2.372932863293589989e+00 1.001321839058174325e-07 -5.917088434591429191e+00 1.342498398544290066e+09
8.528995052716763399e-04 -1.941766846672475566e+00 -2.265540217863752037e+00 1.957277253807010484e-07 -5.537222760090083185e+00 1.342498398544724703e+09
8.537554582825732270e-04 -1.937008039113216729e+00 -2.331736183313781741e+00 3.734074716786526882e-07 -5.268432558662191845e+00 1.342498398548184395e+09
8.515795158627829237e-04 -1.936701760523522386e+00 -2.339671423345663470e+00 1.937063291437352475e-07 -5.657263699489581299e+00 1.342498398550028563e+09
8.511076438357068974e-04 -1.938988728927738991e+00 -2.413149232178120496e+00 9.549834100523161172e-08 -5.944951202584771721e+00 1.342498398554608107e+09
8.560730630817431179e-04 -1.939653029207919266e+00 -2.477806375049657284e+00 3.374167155835366757e-07 -5.259687235675355232e+00 1.342498398554716587e+09
8.560730630817431179e-04 -1.939653029207919266e+00 -2.477806375049657284e+00 3.374167155835366757e-07 -5.259687235675355232e+00 1.342498398554716587e+09
8.548443900791154963e-04 -1.933789105031224365e+00 -2.464798740172966074e+00 2.253276788952487238e-07 -5.309595988279202317e+00 1.342498398555453777e+09
8.548443900791154963e-04 -1.933789105031224365e+00 -2.464798740172966074e+00 2.253276788952487238e-07 -5.309595988279202317e+00 1.342498398555453777e+09
8.555918496002551128e-04 -1.934360486297871162e+00 -2.357185699454624306e+00 2.863591978051056932e-07 -5.079033501770743086e+00 1.342498398555542231e+09
8.527022939628286840e-04 -1.943967395220331573e+00 -2.390751185831643699e+00 2.655225374664811108e-07 -5.346329743095928677e+00 1.342498398557341576e+09
8.524185513262321412e-04 -1.941353733948042892e+00 -2.454649520968374521e+00 2.825124407940982434e-06 -3.518707087556158797e+00 1.342498398562739849e+09
8.439652151268225121e-04 -1.948315176450028829e+00 -2.318514619631859119e+00 3.742835993156422414e-07 -5.199595936702525734e+00 1.342498398564000845e+09
8.439652151268225121e-04 -1.948315176450028829e+00 -2.318514619631859119e+00 3.742835993156422414e-07 -5.199595936702525734e+00 1.342498398564000845e+09
8.604139913823073867e-04 -1.934174160178076196e+00 -2.440679905731919064e+00 8.506826443535193654e-07 -4.591699297916703948e+00 1.342498398567418337e+09
8.563221392264470672e-04 -1.934963788097134874e+00 -2.476411333893475231e+00 1.747787724849503965e-07 -5.495703712562275634e+00 1.342498398569869280e+09
8.563221392264470672e-04 -1.934963788097134874e+00 -2.476411333893475231e+00 1.747787724849503965e-07 -5.495703712562275634e+00 1.342498398569869280e+09
8.459881064706573691e-04 -1.947793417182621001e+00 -2.295662431578304741e+00 1.486032219584958970e-07 -5.832426576011690678e+00 1.342498398572093725e+09
8.625409872577951198e-04 -1.929135240406622653e+00 -2.364060713351626930e+00 1.008493397248797122e-06 -4.301680987530032141e+00 1.342498398573310852e+09
8.625409872577951198e-04 -1.929135240406622653e+00 -2.364060713351626930e+00 1.008493397248797122e-06 -4.301680987530032141e+00 1.342498398573310852e+09
8.529687523504144537e-04 -1.937475301742482614e+00 -2.476062827305665071e+00 7.642672884511468832e-08 -6.191453297264395417e+00 1.342498398573549509e+09
8.561932465411529374e-04 -1.938478785174118535e+00 -2.273727132795241079e+00 3.900364781062426539e-07 -5.020531219562876402e+00 1.342498398575641155e+09
8.561932465411529374e-04 -1.938478785174118535e+00 -2.273727132795241079e+00 3.900364781062426539e-07 -5.020531219562876402e+00 1.342498398575641155e+09
8.558805252859718899e-04 -1.938638954913897594e+00 -2.460646866879713901e+00 2.721903591037679564e-06 -3.580252369262484358e+00 1.342498398577338934e+09
8.565969003089514639e-04 -1.931733156053142109e+00 -2.394426554305671750e+00 5.959019227209158489e-07 -4.869934470804555104e+00 1.342498398577537775e+09
8.565969003089514639e-04 -1.931733156053142109e+00 -2.394426554305671750e+00 5.959019227209158489e-07 -4.869934470804555104e+00 1.342498398577537775e+09
8.514023083085936255e-04 -1.937249435926999608e+00 -2.474967023430382884e+00 5.157013519901253161e-07 -4.955890613444187132e+00 1.342498398578214645e+09
8.508936163867791011e-04 -1.941362193645872924e+00 -2.303313445991104214e+00 1.454414217153787788e-07 -5.902778372795355999e+00 1.342498398584052086e+09
8.508936163867791011e-04 -1.941362193645872924e+00 -2.303313445991104214e+00 1.454414217153787788e-07 -5.902778372795355999e+00 1.342498398584052086e+09
8.476417454104343300e-04 -1.944267261334206687e+00 -2.392307321678843302e+00 3.319424989420974686e-07 -5.332445180630327464e+00 1.342498398584928751e+09
8.503345312806153203e-04 -1.937307844517861533e+00 -2.383448367348903751e+00 6.581331896647139809e-07 -4.560871342304892551e+00 1.342498398585012674e+09
8.503345312806153203e-04 -1.937307844517861533e+00 -2.383448367348903751e+00 6.581331896647139809e-07 -4.560871342304892551e+00 1.342498398585012674e+09
8.564606206115031291e-04 -1.933358867926372904e+00 -2.450570928884072242e+00 1.299726800408237949e-06 -4.293690686219492569e+00 1.342498398585043669e+09
8.558304701151735932e-04 -1.935476703242173580e+00 -2.365205346861190883e+00 1.352798867731536362e-07 -5.940672297688709413e+00 1.342498398585043907e+09
8.496059307271290693e-04 -1.943230346786338769e+00 -2.254356836387474416e+00 2.183975524349800958e-07 -5.597085675235573987e+00 1.342498398588065863e+09
8.530792323905049199e-04 -1.937808433530400887e+00 -2.473011876473213633e+00 6.902348560899594453e-07 -4.807125357797941589e+00 1.342498398591794252e+09
8.530792323905049199e-04 -1.937808433530400887e+00 -2.473011876473213633e+00 6.902348560899594453e-07 -4.807125357797941589e+00 1.342498398591794252e+09
8.545371839243161467e-04 -1.939056606011030137e+00 -2.243928742567549595e+00 9.528475949989040155e-07 -4.349267322455575346e+00 1.342498398592918634e+09
8.537303227642368056e-04 -1.943292421855725038e+00 -2.405509744059951771e+00 6.073973246537915191e-07 -4.854369083193933676e+00 1.342498398593002319e+09
8.626642993825776136e-04 -1.928713844626730012e+00 -2.432859516094717289e+00 8.938894456226611897e-07 -4.513100581454170701e+00 1.342498398595470428e+09
8.626642993825776136e-04 -1.928713844626730012e+00 -2.432859516094717289e+00 8.938894456226611897e-07 -4.513100581454170701e+00 1.342498398595470428e+09
8.495650566496039955e-04 -1.943197868409822782e+00 -2.379854709965250947e+00 1.087466377805826564e-06 -4.478649422694353177e+00 1.342498398597207546e+09
8.438765481770932591e-04 -1.947573101360211778e+00 -2.334440161133119140e+00 2.903774490064326802e-07 -5.221763542543811809e+00 1.342498398597529173e+09
8.438765481770932591e-04 -1.947573101360211778e+00 -2.334440161133119140e+00 2.903774490064326802e-07 -5.221763542543811809e+00 1.342498398597529173e+09
8.579541870259293221e-04 -1.929136850475988041e+00 -2.416217609736389438e+00 3.554962422921211760e-07 -5.073503916446850504e+00 1.342498398597817659e+09
8.579541870259293221e-04 -1.929136850475988041e+00 -2.416217609736389438e+00 3.554962422921211760e-07 -5.073503916446850504e+00 1.342498398597817659e+09
8.467652652097214542e-04 -1.946244771726554745e+00 -2.354014516540038571e+00 1.511951361617741072e-06 -3.936730979483453297e+00 1.342498398598477840e+09
8.546659312820566829e-04 -1.936521888931644675e+00 -2.426802908893376909e+00 3.048195180707237124e-06 -3.395047933103366944e+00 1.342498398599520206e+09
8.549679141508726094e-04 -1.938472954309510499e+00 -2.424886697480066022e+00 7.867140751499671240e-07 -4.734417190421085664e+00 1.342498398601489305e+09
8.508950358389331167e-04 -1.942747606878294508e+00 -2.463950893705120659e+00 5.767987672598026908e-07 -4.616299798818314315e+00 1.342498398602006435e+09
8.544057046945412485e-04 -1.938602850411158096e+00 -2.306675588500715079e+00 2.360321246533039814e-06 -3.564929694690166073e+00 1.342498398607658148e+09
8.544057046945412485e-04 -1.938602850411158096e+00 -2.306675588500715079e+00 2.360321246533039814e-06 -3.564929694690166073e+00 1.342498398607658148e+09
8.544415940678315490e-04 -1.941495277243712403e+00 -2.405234298758766265e+00 2.068314690375326959e-06 -3.768952699464211520e+00 1.342498398608085632e+09
8.575416868240726262e-04 -1.929536253232797316e+00 -2.363720144147292590e+00 8.372482341718950225e-07 -4.507302852584046171e+00 1.342498398608831406e+09
8.575416868240726262e-04 -1.929536253232797316e+00 -2.363720144147292590e+00 8.372482341718950225e-07 -4.507302852584046171e+00 1.342498398608831406e+09
8.504109255810527856e-04 -1.940961306731054714e+00 -2.422771798984303615e+00 1.041270344386087447e-06 -4.139073013077758212e+00 1.342498398609264851e+09
8.559425404986413391e-04 -1.937189625124634773e+00 -2.479604763390606426e+00 1.040865834802075408e-06 -4.164489071116229013e+00 1.342498398613189220e+09
8.443779845987811920e-04 -1.945974243939941228e+00 -2.369034118282528745e+00 4.978882368841227469e-07 -4.914250059277915028e+00 1.342498398614109039e+09
8.498129298928401663e-04 -1.946213841614243156e+00 -2.466438284737257014e+00 5.882402790427124154e-07 -4.719746471945172495e+00 1.342498398614659071e+09
8.498129298928401663e-04 -1.946213841614243156e+00 -2.466438284737257014e+00 5.882402790427124154e-07 -4.719746471945172495e+00 1.342498398614659071e+09
8.447568696479477307e-04 -1.949933938048766358e+00 -2.387344752844079654e+00 7.767537497403799164e-07 -4.643713587873518733e+00 1.342498398615044355e+09
8.539946461114932561e-04 -1.935717094266014460e+00 -2.277487175628602589e+00 3.095588063259186214e-07 -5.348890293335744950e+00 1.342498398616892099e+09
8.546990794607645710e-04 -1.938047084999635183e+00 -2.491652169326457500e+00 2.589065666332294503e-06 -3.698818411941831918e+00 1.342498398617933035e+09
8.476372450569537222e-04 -1.942008296487854446e+00 -2.257473503151123939e+00 3.271328959063606815e-07 -5.101475794608138159e+00 1.342498398618048906e+09
8.539580732957069995e-04 -1.935222620891316581e+00 -2.475965462913550574e+00 1.978079454509455980e-06 -3.862102401683134900e+00 1.342498398619589567e+09
8.539580732957069995e-04 -1.935222620891316581e+00 -2.475965462913550574e+00 1.978079454509455980e-06 -3.862102401683134900e+00 1.342498398619589567e+09
8.476531999064866249e-04 -1.947193240818886784e+00 -2.307881472251886557e+00 1.334765748021030519e-07 -5.821969438642913275e+00 1.342498398621553659e+09
8.585086104056265576e-04 -1.936953176375077579e+00 -2.410821731916607646e+00 5.503248882067901936e-07 -4.928695846283247306e+00 1.342498398622080564e+09
8.493119002564173195e-04 -1.940215180778915194e+00 -2.488233409876134505e+00 1.591342836823376030e-07 -5.710988832042310115e+00 1.342498398623965263e+09
8.496320831953331227e-04 -1.947288863354284638e+00 -2.403521009081495130e+00 9.535977509184289903e-07 -4.507103780947291582e+00 1.342498398624122381e+09
8.566663161398831118e-04 -1.936830426112428283e+00 -2.297534506153314116e+00 1.450773986784875625e-07 -5.802370751066598054e+00 1.342498398624169827e+09
8.615701616084469813e-04 -1.930219740803716943e+00 -2.449335518150569602e+00 1.829226229155908439e-06 -3.934488570998725621e+00 1.342498398624477386e+09
8.524056510129895915e-04 -1.940748574754004308e+00 -2.242185418970291888e+00 2.608866369077847726e-07 -5.303181299567162554e+00 1.342498398624580860e+09
8.524056510129895915e-04 -1.940748574754004308e+00 -2.242185418970291888e+00 2.608866369077847726e-07 -5.303181299567162554e+00 1.342498398624580860e+09
8.513595366853743017e-04 -1.943498120003980034e+00 -2.265536650582758771e+00 3.419166253000929934e-07 -5.291860188329060577e+00 1.342498398627727032e+09
8.513595366853743017e-04 -1.943498120003980034e+00 -2.265536650582758771e+00 3.419166253000929934e-07 -5.291860188329060577e+00 1.342498398627727032e+09
8.584259100018916660e-04 -1.935282716724892271e+00 -2.333861388992207964e+00 1.436233568079541174e-06 -4.229728718212611760e+00 1.342498398628854513e+09
8.558487595076077212e-04 -1.937583678535136356e+00 -2.442733671310025390e+00 9.989836937203022519e-08 -6.026837128129066912e+00 1.342498398630106688e+09
8.475431364955738223e-04 -1.945985376020378244e+00 -2.362655630628045067e+00 1.235899697561409370e-06 -4.065331909053950810e+00 1.342498398630261421e+09
8.475431364955738223e-04 -1.945985376020378244e+00 -2.362655630628045067e+00 1.235899697561409370e-06 -4.065331909053950810e+00 1.342498398630261421e+09
8.503360142763607315e-04 -1.939508636821551057e+00 -2.345415665958471063e+00 6.761143312167602557e-07 -4.813717764833580048e+00 1.342498398630601168e+09
8.503360142763607315e-04 -1.939508636821551057e+00 -2.345415665958471063e+00 6.761143312167602557e-07 -4.813717764833580048e+00 1.342498398630601168e+09
8.519163314415385824e-04 -1.944800298068674937e+00 -2.391506050836389452e+00 3.506276227057583470e-07 -5.115488172005306922e+00 1.342498398631612062e+09
8.519163314415385824e-04 -1.944800298068674937e+00 -2.391506050836389452e+00 3.506276227057583470e-07 -5.115488172005306922e+00 1.342498398631612062e+09
8.572982629070117436e-04 -1.932357508332693818e+00 -2.297514121041975610e+00 1.970222079677727096e-06 -3.763990609892722716e+00 1.342498398631969929e+09
8.572982629070117436e-04 -1.932357508332693818e+00 -2.297514121041975610e+00 1.970222079677727096e-06 -3.763990609892722716e+00 1.342498398631969929e+09
8.567378599773639450e-04 -1.932447009662170867e+00 -2.374056063919621540e+00 3.664980076740051624e-07 -5.242223198295023145e+00 1.342498398633830547e+09
8.516561767291322025e-04 -1.941846612008700346e+00 -2.378079585458545697e+00 2.212088163592580661e-07 -5.308398662517250344e+00 1.342498398637326956e+09
8.516561767291322025e-04 -1.941846612008700346e+00 -2.378079585458545697e+00 2.212088163592580661e-07 -5.308398662517250344e+00 1.342498398637326956e+09
8.515387776596962865e-04 -1.937389620053903139e+00 -2.302447815496264649e+00 1.099751829031739491e-07 -5.871975529586433318e+00 1.342498398637640953e+09
8.549437999765392661e-04 -1.932478680120405246e+00 -2.417618044883419248e+00 1.673784936603374558e-07 -5.607959387389714223e+00 1.342498398638535261e+09
8.549437999765392661e-04 -1.932478680120405246e+00 -2.417618044883419248e+00 1.673784936603374558e-07 -5.607959387389714223e+00 1.342498398638535261e+09
8.503442580647077890e-04 -1.945694726916939787e+00 -2.415351185694886826e+00 2.699596662301748732e-07 -5.291941697162046765e+00 1.342498398638861179e+09
8.488499046359329397e-04 -1.946333998410240351e+00 -2.244452191879607206e+00 7.847217532837608098e-07 -4.649982906086403744e+00 1.342498398638870716e+09
8.524919374265445184e-04 -1.941451325241789982e+00 -2.305420443882927994e+00 5.042884490197480535e-07 -4.702204871541195708e+00 1.342498398641359329e+09
8.546535791602615558e-04 -1.933146040665568055e+00 -2.319054853756981505e+00 1.105475909643086054e-06 -4.161835245378791903e+00 1.342498398642392397e+09
8.609659976980553507e-04 -1.928676548893512255e+00 -2.422354816828378166e+00 7.173378364995836602e-07 -4.705085326520780598e+00 1.342498398647655487e+09
8.497967076738358657e-04 -1.943751422821081709e+00 -2.329839996386737777e+00 3.624771344392013337e-07 -5.297417895455237336e+00 1.342498398649107695e+09
8.520708830521340387e-04 -1.936560860291929753e+00 -2.342719404347448187e+00 1.067018443499232879e-07 -5.879854720771868770e+00 1.342498398651264668e+09
8.493195211086656225e-04 -1.942408549624804692e+00 -2.414358269353759745e+00 6.593708059724289383e-07 -4.845357928373877243e+00 1.342498398653344870e+09
8.553436777940605145e-04 -1.936312840136609870e+00 -2.399003840213952188e+00 1.226465317112324936e-06 -4.384030779488157670e+00 1.342498398657999277e+09
8.553436777940605145e-04 -1.936312840136609870e+00 -2.399003840213952188e+00 1.226465317112324936e-06 -4.384030779488157670e+00 1.342498398657999277e+09
8.522749470498423895e-04 -1.944154712318204581e+00 -2.463598649665078799e+00 1.360581238138556871e-06 -4.213691837515111338e+00 1.342498398658471346e+09
8.473410323820337311e-04 -1.941756505144988987e+00 -2.343893552903746791e+00 3.106885719803676750e-07 -5.317101086520407804e+00 1.342498398659765720e+09
8.445431727218177592e-04 -1.947727407558072610e+00 -2.413680773887123987e+00 4.066268963184622053e-07 -5.099825858238657084e+00 1.342498398667864323e+09
8.489453152228725822e-04 -1.940450176327886966e+00 -2.250283052880815315e+00 8.769412821164418919e-07 -4.496816770264750573e+00 1.342498398668765306e+09
8.498107449406731633e-04 -1.943472345328271622e+00 -2.418972319198304355e+00 5.847402613579849499e-07 -4.591085288458693014e+00 1.342498398669294596e+09
8.498107449406731633e-04 -1.943472345328271622e+00 -2.418972319198304355e+00 5.847402613579849499e-07 -4.591085288458693014e+00 1.342498398669294596e+09
8.553642488251932564e-04 -1.941487897425822062e+00 -2.387282760059792786e+00 1.473506817729297497e-06 -4.110415299483618945e+00 1.342498398670642138e+09
8.553642488251932564e-04 -1.941487897425822062e+00 -2.387282760059792786e+00 1.473506817729297497e-06 -4.110415299483618945e+00 1.342498398670642138e+09
8.499291961900100117e-04 -1.942325237684272343e+00 -2.383041546477646655e+00 1.093796603625869865e-07 -6.075895316077755126e+00 1.342498398670958281e+09
8.550754263421337514e-04 -1.937360577367894132e+00 -2.314577604649922016e+00 8.086652870402795178e-08 -6.198009834371481119e+00 1.342498398671442986e+09
8.609131793098567190e-04 -1.930185513240637141e+00 -2.447436486982320858e+00 3.344634901124443113e-07 -5.262416755176595906e+00 1.342498398673038483e+09
8.609131793098567190e-04 -1.930185513240637141e+00 -2.447436486982320858e+00 3.344634901124443113e-07 -5.262416755176595906e+00 1.342498398673038483e+09
8.499867078093361564e-04 -1.943907956996979491e+00 -2.231464270672486094e+00 1.078512334700491149e-06 -4.357407419423869221e+00 1.342498398674077511e+09
8.561018987396897201e-04 -1.939709675108843623e+00 -2.488118038893504025e+00 1.501943462319948140e-06 -4.130764816083222435e+00 1.342498398674198627e+09
8.518985639920021022e-04 -1.944814737478417932e+00 -2.388820568979320047e+00 3.143342868891211336e-07 -5.314158336666755744e+00 1.342498398674230814e+09
8.468703738433958029e-04 -1.948442860266981880e+00 -2.385349036796815092e+00 4.338305254386439655e-07 -5.118768966019222155e+00 1.342498398674644947e+09
8.600839679536938535e-04 -1.933560908247793364e+00 -2.323370080971919105e+00 3.394862818756561363e-07 -5.223257476985563308e+00 1.342498398676198244e+09
8.462919403125119828e-04 -1.944060637517270207e+00 -2.356790190112319827e+00 4.566171126438731282e-07 -5.063663337914423579e+00 1.342498398677511692e+09
8.533956480652218858e-04 -1.935213909743016103e+00 -2.497783548913944163e+00 1.010318720903428850e-06 -4.428489315571631835e+00 1.342498398682414532e+09
8.510890648058624681e-04 -1.944468347196491642e+00 -2.308623723800909300e+00 3.209981736194396601e-07 -5.111343330370786475e+00 1.342498398683165073e+09
8.620285562842668406e-04 -1.931021262473830324e+00 -2.458081832557213797e+00 5.004942962095906496e-07 -4.891958728754406849e+00 1.342498398684103251e+09
8.496221420193929546e-04 -1.940328741938181834e+00 -2.304165522737168459e+00 1.876366718450093051e-07 -5.433476570548134710e+00 1.342498398685129642e+09
8.532966352335906880e-04 -1.940849034460661926e+00 -2.401297095352626698e+00 3.268508004245227840e-07 -5.363532979887488672e+00 1.342498398686078548e+09
8.614053592030116108e-04 -1.932971022637231862e+00 -2.393499997716268091e+00 9.275147752085490757e-07 -4.481706950310165638e+00 1.342498398687594652e+09
8.508005488517675005e-04 -1.942230071591827700e+00 -2.237523879510590064e+00 9.350937997775147373e-07 -4.336509476206752645e+00 1.342498398687794924e+09
8.508005488517675005e-04 -1.942230071591827700e+00 -2.237523879510590064e+00 9.350937997775147373e-07 -4.336509476206752645e+00 1.342498398687794924e+09
8.436815464029412187e-04 -1.947769861770302313e+00 -2.357798450883265229e+00 5.568935519137594726e-07 -4.782170199548601452e+00 1.342498398689552069e+09
8.436815464029412187e-04 -1.947769861770302313e+00 -2.357798450883265229e+00 5.568935519137594726e-07 -4.782170199548601452e+00 1.342498398689552069e+09
8.610658174208003692e-04 -1.927971615008210904e+00 -2.452280731477691322e+00 1.169084853223068203e-06 -4.202217929641494543e+00 1.342498398690778494e+09
8.621523088764297856e-04 -1.930852767844886353e+00 -2.420889671670629184e+00 8.575909090190493544e-07 -4.435951760368020302e+00 1.342498398691350460e+09
8.521619578118087499e-04 -1.935748485033289334e+00 -2.347628975323096334e+00 5.231862446944285224e-07 -4.683230788590726945e+00 1.342498398692586422e+09
8.471064211966060527e-04 -1.943264496313955370e+00 -2.468705010921129261e+00 3.144723623580845827e-07 -5.151322305483695629e+00 1.342498398692878008e+09
8.492164528036779845e-04 -1.939801245242023686e+00 -2.357557944896534252e+00 1.550187736587316373e-07 -5.604518705486524865e+00 1.342498398694107294e+09
8.523265593093133120e-04 -1.944168434107948817e+00 -2.477392413348805000e+00 4.699010119474696742e-07 -5.010160662911140150e+00 1.342498398695566654e+09
8.598336834580448847e-04 -1.933945326050536817e+00 -2.350427233118901338e+00 5.177536431145883316e-07 -4.765603364676826992e+00 1.342498398697140694e+09
8.598336834580448847e-04 -1.933945326050536817e+00 -2.350427233118901338e+00 5.177536431145883316e-07 -4.765603364676826992e+00 1.342498398697140694e+09
8.501116791624273262e-04 -1.943018392657469562e+00 -2.230336300051008802e+00 3.027832544042321940e-07 -5.290554755456742697e+00 1.342498398701838017e+09
8.501116791624273262e-04 -1.943018392657469562e+00 -2.230336300051008802e+00 3.027832544042321940e-07 -5.290554755456742697e+00 1.342498398701838017e+09
8.549281026743103763e-04 -1.935344601232308781e+00 -2.329826949163851246e+00 2.170425407442615057e-07 -5.622027663858337299e+00 1.342498398703583241e+09
8.551173177784395949e-04 -1.938204807403986818e+00 -2.348357331698418982e+00 1.245685627825418518e-07 -5.777866535996880160e+00 1.342498398705170631e+09
8.563288067665533613e-04 -1.933477741468634825e+00 -2.280612815823124695e+00 2.154508126233405929e-07 -5.560192945676901921e+00 1.342498398706787586e+09
8.563288067665533613e-04 -1.933477741468634825e+00 -2.280612815823124695e+00 2.154508126233405929e-07 -5.560192945676901921e+00 1.342498398706787586e+09
8.606681245309507440e-04 -1.934216608755857214e+00 -2.384330264771253649e+00 1.157581040074545233e-06 -4.264715028609031400e+00 1.342498398706825018e+09
8.536169341036236279e-04 -1.942484566393303469e+00 -2.365353385783280693e+00 1.790180622092800546e-06 -3.863788814601989863e+00 1.342498398706934929e+09
8.479283512789269166e-04 -1.943735535317177021e+00 -2.444078155032848976e+00 1.582704865480652945e-06 -3.942435294922979061e+00 1.342498398708854914e+09
8.479283512789269166e-04 -1.943735535317177021e+00 -2.444078155032848976e+00 1.582704865480652945e-06 -3.942435294922979061e+00 1.342498398708854914e+09
8.503410922957660911e-04 -1.941656025489590931e+00 -2.319695585373050761e+00 6.503506311452723538e-08 -6.354776960671634001e+00 1.342498398711892128e+09
8.517561819969234537e-04 -1.941440676430228995e+00 -2.412218183048352671e+00 1.286462258912048898e-07 -5.971033102028007633e+00 1.342498398713122606e+09
8.593270062364873540e-04 -1.928517588699902197e+00 -2.388856973750237422e+00 2.700362884901254862e-07 -5.291825815626893359e+00 1.342498398715045214e+09
8.593270062364873540e-04 -1.928517588699902197e+00 -2.388856973750237422e+00 2.700362884901254862e-07 -5.291825815626893359e+00 1.342498398715045214e+09
8.526380127075281357e-04 -1.936683050148117369e+00 -2.249664629547450279e+00 5.780108776138071672e-07 -4.681756704873929031e+00 1.342498398715585709e+09
8.477733976247989883e-04 -1.941260889655912703e+00 -2.427681409112585786e+00 6.299250015967974460e-07 -4.764876290455417163e+00 1.342498398717129707e+09
8.515706464876264059e-04 -1.937410206991705852e+00 -2.493611637786190105e+00 1.244191008970888305e-06 -4.114175272099092950e+00 1.342498398721201658e+09
8.568357173423255327e-04 -1.932327507550163359e+00 -2.480916308103661372e+00 2.785713948187705415e-07 -5.162674161713363574e+00 1.342498398722115040e+09
8.484825528920145188e-04 -1.942963189495525267e+00 -2.401480998351135376e+00 4.569063231643660376e-07 -5.104352119158856560e+00 1.342498398723343611e+09
8.511355265671826948e-04 -1.938195010657139727e+00 -2.350421511654980034e+00 7.534567866510929576e-07 -4.377118253816330906e+00 1.342498398723648787e+09
8.500226252709533687e-04 -1.944639532728350773e+00 -2.254801903637517313e+00 2.065881545721764464e-07 -5.528181244291355156e+00 1.342498398724078655e+09
8.529430214242604731e-04 -1.936428747057015620e+00 -2.436788944636622656e+00 5.553668464021605725e-07 -4.608216729226645825e+00 1.342498398724211693e+09
8.491063170173008363e-04 -1.943055737294743457e+00 -2.349141267596393412e+00 1.069088639591440053e-07 -6.085746528458925830e+00 1.342498398724683762e+09
8.524394151259626594e-04 -1.942396859157784927e+00 -2.311654162481031172e+00 1.584547758236574083e-07 -5.646214615095229483e+00 1.342498398725337029e+09
8.527937777560551076e-04 -1.937307580186769851e+00 -2.250984382071108403e+00 1.271001394984002370e-06 -4.238614964093216031e+00 1.342498398726680756e+09
8.527937777560551076e-04 -1.937307580186769851e+00 -2.250984382071108403e+00 1.271001394984002370e-06 -4.238614964093216031e+00 1.342498398726680756e+09
8.462392897279101068e-04 -1.948402607027018174e+00 -2.465629980847424907e+00 5.780468474314784927e-07 -4.778607242058177107e+00 1.342498398729027510e+09
8.449308058061862385e-04 -1.946556531948244739e+00 -2.304730684729140666e+00 1.486163407319171212e-07 -5.743512064607886103e+00 1.342498398729096413e+09
8.449308058061862385e-04 -1.946556531948244739e+00 -2.304730684729140666e+00 1.486163407319171212e-07 -5.743512064607886103e+00 1.342498398729096413e+09
8.507138278599583317e-04 -1.939885244866864200e+00 -2.420953186279507729e+00 2.476208464874727433e-06 -3.631978528911556481e+00 1.342498398730018616e+09
8.518615152559306765e-04 -1.943499276937566966e+00 -2.254011797053528277e+00 5.320866289962494931e-07 -4.941684842395456911e+00 1.342498398732033253e+09
8.543259557213449089e-04 -1.936222969998135257e+00 -2.360888043195477959e+00 3.355141817780837679e-07 -5.336535401829221925e+00 1.342498398733742237e+09
8.499570956644683520e-04 -1.944310620932041100e+00 -2.374746182569385855e+00 2.582272236821598783e-07 -5.225876536037999287e+00 1.342498398734062672e+09
8.534934540517555941e-04 -1.939923857829033427e+00 -2.270165132715519007e+00 4.717728960654834474e-07 -5.078980377798655965e+00 1.342498398734935522e+09
8.534934540517555941e-04 -1.939923857829033427e+00 -2.270165132715519007e+00 4.717728960654834474e-07 -5.078980377798655965e+00 1.342498398734935522e+09
8.479592789936389726e-04 -1.944829421671041558e+00 -2.235032756722081793e+00 9.723921141301324043e-07 -4.342323907635414315e+00 1.342498398736320734e+09
8.524929713190683043e-04 -1.943377149387564895e+00 -2.453784451162795310e+00 9.011474114322659778e-07 -4.366622216470052109e+00 1.342498398736528158e+09
8.515584483384668101e-04 -1.935744668086852194e+00 -2.432155476904153790e+00 3.474715608839284533e-07 -5.149919148349736631e+00 1.342498398740362167e+09
8.574886325940690333e-04 -1.930793458838530707e+00 -2.494793284648318288e+00 2.753253734546055625e-07 -5.229922851311279430e+00 1.342498398741647720e+09
8.548523713679603842e-04 -1.937874622062828234e+00 -2.463283853297838277e+00 1.909998416535671367e-07 -5.705544407548183372e+00 1.342498398741841793e+09
8.450132605664479029e-04 -1.945979765290116292e+00 -2.316861990845895392e+00 7.200614813327329938e-07 -4.513903708495589306e+00 1.342498398742227793e+09
8.512518577266574120e-04 -1.936644795566560440e+00 -2.383638459984465552e+00 1.346723858117866008e-06 -4.120026168279102841e+00 1.342498398744287491e+09
8.512518577266574120e-04 -1.936644795566560440e+00 -2.383638459984465552e+00 1.346723858117866008e-06 -4.120026168279102841e+00 1.342498398744287491e+09
8.462792914900389403e-04 -1.945131765693306480e+00 -2.340110311917262376e+00 1.739272938742458153e-06 -3.954943292661388554e+00 1.342498398744637251e+09
8.607720287711392165e-04 -1.932704559910595421e+00 -2.493514137113817419e+00 1.503244987106337672e-06 -4.082210012771888330e+00 1.342498398745510817e+09
8.581497268079231987e-04 -1.934087934086474281e+00 -2.271880504590437777e+00 3.000064312171900688e-07 -5.235645547913490461e+00 1.342498398748441458e+09
8.541247150832920014e-04 -1.942581440362504352e+00 -2.470989039547131672e+00 6.644144368223474455e-07 -4.697907759943770856e+00 1.342498398748594999e+09
8.452890808177735251e-04 -1.945380896800589898e+00 -2.311449702891636537e+00 2.110232133589603619e-07 -5.573650666980094037e+00 1.342498398749764442e+09
8.511113190699714972e-04 -1.940461559132218294e+00 -2.460157772850937619e+00 5.842921577816171112e-07 -4.930147231150436404e+00 1.342498398750296354e+09
8.463857832303498885e-04 -1.946367708057362256e+00 -2.350797008027049273e+00 1.102313504391753884e-06 -4.167343347566271561e+00 1.342498398751044750e+09
8.475885629658990806e-04 -1.946388311330019327e+00 -2.371153822010737322e+00 1.121230483404047468e-07 -5.972183829928535914e+00 1.342498398751173019e+09
8.610664625766379764e-04 -1.930941950509728944e+00 -2.385879413971863094e+00 1.117797664405712172e-06 -4.166503194492300999e+00 1.342498398753321886e+09
8.610664625766379764e-04 -1.930941950509728944e+00 -2.385879413971863094e+00 1.117797664405712172e-06 -4.166503194492300999e+00 1.342498398753321886e+09
8.548660883474042864e-04 -1.939655872003964276e+00 -2.303484135758158136e+00 3.701371723538156837e-07 -4.985668264932339611e+00 1.342498398756976366e+09
8.484708237220524134e-04 -1.948309824975850590e+00 -2.279254977696970386e+00 6.077221900426259222e-07 -4.800232213584423313e+00 1.342498398759890795e+09
8.484708237220524134e-04 -1.948309824975850590e+00 -2.279254977696970386e+00 6.077221900426259222e-07 -4.800232213584423313e+00 1.342498398759890795e+09
8.460681145294116209e-04 -1.945317498714094651e+00 -2.251793193985834662e+00 4.614892017258819292e-07 -5.032242775971001336e+00 1.342498398761073351e+09
8.513079508091186531e-04 -1.941669340785988407e+00 -2.319066018287402997e+00 2.342633234387893112e-06 -3.822301336443632458e+00 1.342498398765914440e+09
8.520500638806448356e-04 -1.942956930640129531e+00 -2.307833542571027685e+00 4.070585487951893102e-07 -4.907744054645797327e+00 1.342498398774130106e+09
8.553028952602947758e-04 -1.932033919094564567e+00 -2.400029448257256171e+00 3.192715287314286302e-07 -5.092756026960194582e+00 1.342498398774925947e+09
8.560739074598945012e-04 -1.933037586076794767e+00 -2.383348081437714150e+00 2.447835123935611972e-06 -3.666293348854394729e+00 1.342498398777653933e+09
8.458349025467763087e-04 -1.945539120948851952e+00 -2.422740277774880102e+00 1.100351085947877085e-06 -4.296799001858180311e+00 1.342498398779065132e+09
8.486605168160224824e-04 -1.943364999522896541e+00 -2.402260461587633067e+00 8.316476494255406515e-08 -6.149329384512979502e+00 1.342498398779274940e+09
8.598866889320354702e-04 -1.929849381447048762e+00 -2.346783251008304649e+00 1.880754106749358423e-06 -3.820459771229094414e+00 1.342498398781423569e+09
8.557455143805698088e-04 -1.934181081456907370e+00 -2.292872214769673622e+00 1.188918300119635842e-06 -4.348082857013588765e+00 1.342498398784242630e+09
8.573751916187493608e-04 -1.935732903643947234e+00 -2.489682090381529989e+00 2.449994071636365299e-06 -3.723960791966332451e+00 1.342498398785753965e+09
8.580253665562385945e-04 -1.932961200074182484e+00 -2.298980818615630639e+00 1.140618135942849701e-06 -4.383412609932977766e+00 1.342498398788192034e+09
8.604833232399993230e-04 -1.929581437584849901e+00 -2.327957655747804555e+00 1.223049648089600499e-06 -4.271643068658633524e+00 1.342498398789141417e+09
8.597054600035285371e-04 -1.931443780502271501e+00 -2.294975883429655639e+00 1.525050464848901188e-06 -4.067894864663515797e+00 1.342498398789156914e+09
8.460437864047114145e-04 -1.944130762961187031e+00 -2.402259350229713597e+00 9.353379662692365591e-07 -4.395161875905184701e+00 1.342498398789857149e+09
8.564679607724688237e-04 -1.932184386396047948e+00 -2.425852657836198745e+00 1.141042982217086865e-07 -5.903632520993564725e+00 1.342498398792902708e+09
8.527361781343069901e-04 -1.935906679205976255e+00 -2.442222964447358979e+00 1.720848867591135638e-06 -3.941904787464261872e+00 1.342498398795985699e+09
8.492803493671037150e-04 -1.943171883137166933e+00 -2.396392019226151859e+00 2.561511901804413035e-06 -3.614769644957690709e+00 1.342498398796316624e+09
8.491802041887577509e-04 -1.942094899345808257e+00 -2.427634732279834395e+00 4.814703702660316097e-07 -4.736269887626320951e+00 1.342498398797432423e+09
8.491802041887577509e-04 -1.942094899345808257e+00 -2.427634732279834395e+00 4.814703702660316097e-07 -4.736269887626320951e+00 1.342498398797432423e+09
8.586545682351119950e-04 -1.930424413665391858e+00 -2.312403857471786228e+00 2.415042267703220593e-07 -5.339793994720917425e+00 1.342498398798978567e+09
8.617205247935733536e-04 -1.927799878032109948e+00 -2.420528480406294758e+00 1.145883641785462506e-06 -4.266393687255543909e+00 1.342498398802510977e+09
8.550697193556232138e-04 -1.938801932232963932e+00 -2.432003094867053239e+00 1.811379532883951627e-07 -5.513872110041541319e+00 1.342498398804049492e+09
8.560369947988166880e-04 -1.939284459865900923e+00 -2.276480595425286690e+00 5.502857188060217471e-07 -4.807822659039103996e+00 1.342498398804297924e+09
8.534082270747304910e-04 -1.936052300555109573e+00 -2.432298139380826285e+00 2.591014876161527083e-07 -5.482914704222631386e+00 1.342498398804626942e+09
8.566281805681296877e-04 -1.936450224743601289e+00 -2.363596706493915622e+00 1.452442167460051732e-07 -5.870022075921715654e+00 1.342498398804894924e+09
8.521658452931871143e-04 -1.935663724511686556e+00 -2.409707311493541670e+00 1.450068722700700313e-07 -5.742083226562436415e+00 1.342498398805699587e+09
8.525081240740181804e-04 -1.938946807762464752e+00 -2.407360569810755635e+00 9.940429611244396421e-08 -6.128626839642107527e+00 1.342498398808872223e+09
8.485813047337703889e-04 -1.943495789107401617e+00 -2.465607989858592752e+00 1.061299493908180753e-06 -4.200359786333191181e+00 1.342498398811607599e+09
8.485813047337703889e-04 -1.943495789107401617e+00 -2.465607989858592752e+00 1.061299493908180753e-06 -4.200359786333191181e+00 1.342498398811607599e+09
8.493585137876550348e-04 -1.940302846349148513e+00 -2.408223079397822985e+00 7.054082910748777748e-07 -4.464392498649547569e+00 1.342498398811713696e+09
8.475607220294555620e-04 -1.941957199629868125e+00 -2.376853693308229598e+00 2.594033570343246948e-07 -5.242393812802326636e+00 1.342498398814311981e+09
8.475607220294555620e-04 -1.941957199629868125e+00 -2.376853693308229598e+00 2.594033570343246948e-07 -5.242393812802326636e+00 1.342498398814311981e+09
8.497803887648491556e-04 -1.940356659655083416e+00 -2.416340039994012479e+00 4.406505528588304312e-07 -5.113548148802161464e+00 1.342498398815346479e+09
8.512304787749060261e-04 -1.943591213412002361e+00 -2.299671660434693621e+00 1.811862192372213842e-06 -3.816435627503054206e+00 1.342498398819806814e+09
8.516388804387112427e-04 -1.937400465497244095e+00 -2.423525268019177226e+00 1.662272521279959537e-06 -4.017491327413996949e+00 1.342498398820590019e+09
8.461541496518608938e-04 -1.948897678096717989e+00 -2.423629417973690359e+00 5.954610530450229986e-07 -4.843868323851244106e+00 1.342498398827279806e+09
8.542512510317895299e-04 -1.942571417949198853e+00 -2.366015026333106341e+00 1.418520224712488902e-06 -4.182258392471468689e+00 1.342498398827478170e+09
8.542512510317895299e-04 -1.942571417949198853e+00 -2.366015026333106341e+00 1.418520224712488902e-06 -4.182258392471468689e+00 1.342498398827478170e+09
8.485498992048005548e-04 -1.939293265866919080e+00 -2.307927165214502807e+00 3.521247559780434765e-07 -5.106264360054191265e+00 1.342498398838980675e+09
8.548070949403337691e-04 -1.940027796779623559e+00 -2.342607273132069512e+00 2.531109734006705694e-06 -3.592478873179314469e+00 1.342498398839301109e+09
8.501270544353843692e-04 -1.938355748599159822e+00 -2.268602654317723122e+00 7.785708319006628513e-07 -4.580845660778677164e+00 1.342498398840357542e+09
8.505652617263386936e-04 -1.937031345452314479e+00 -2.381561422253878568e+00 6.777285691805128507e-07 -4.565816106057107859e+00 1.342498398840417862e+09
8.489822959222440360e-04 -1.940566318445498872e+00 -2.374638697751926486e+00 4.012364579796573134e-07 -4.877529323935300809e+00 1.342498398840423584e+09
8.550040525769405514e-04 -1.934378035438640397e+00 -2.411676218082121625e+00 8.942497442320702208e-08 -6.038722543348808536e+00 1.342498398842369080e+09
8.533107648290769436e-04 -1.934563895384254328e+00 -2.481012219745757807e+00 2.404919746384537496e-07 -5.356164923001280442e+00 1.342498398843876600e+09
8.604448688664879030e-04 -1.929069151658632464e+00 -2.476134955773372948e+00 9.339859805406529146e-07 -4.323779315004775192e+00 1.342498398845242739e+09
8.548990297718618439e-04 -1.934598192041526943e+00 -2.479655712305074644e+00 1.933398837217471373e-06 -3.766692842690265053e+00 1.342498398845336914e+09
8.548990297718618439e-04 -1.934598192041526943e+00 -2.479655712305074644e+00 1.933398837217471373e-06 -3.766692842690265053e+00 1.342498398845336914e+09
8.445791127510616668e-04 -1.949393381051413243e+00 -2.373958334505501089e+00 3.221916022782323134e-07 -5.184553151787190117e+00 1.342498398850476742e+09
8.568917374836079607e-04 -1.937982337331972893e+00 -2.465554540893564628e+00 5.578666123842289652e-07 -4.713968971592683133e+00 1.342498398852847815e+09
8.492565947351380382e-04 -1.946494555181744746e+00 -2.473145243379709868e+00 1.061453457830352287e-06 -4.326132655478669875e+00 1.342498398854192019e+09
8.508998906692029005e-04 -1.939117180682309538e+00 -2.323387001372425598e+00 9.791047100170405411e-08 -5.939132135164321369e+00 1.342498398855250359e+09
8.595865176144566874e-04 -1.932550318232472808e+00 -2.476391097313246359e+00 6.679326178102608547e-07 -4.538941238122692567e+00 1.342498398862328768e+09
8.595865176144566874e-04 -1.932550318232472808e+00 -2.476391097313246359e+00 6.679326178102608547e-07 -4.538941238122692567e+00 1.342498398862328768e+09
8.520681058433732247e-04 -1.937719705982203999e+00 -2.467596281610762166e+00 1.075263381211180895e-07 -6.006827882369414340e+00 1.342498398865692139e+09
8.550026861880967921e-04 -1.938805766439495981e+00 -2.266760178224048516e+00 1.730958415515016206e-06 -3.903065844657129801e+00 1.342498398866598606e+09
8.616412192631159230e-04 -1.929688874999180737e+00 -2.494998389671861272e+00 1.217282191161761547e-06 -4.195924449200576944e+00 1.342498398867819548e+09
8.466355511503746755e-04 -1.944149265948048599e+00 -2.370832977597409297e+00 2.165198153594670713e-07 -5.381883437378887081e+00 1.342498398867987156e+09
8.466355511503746755e-04 -1.944149265948048599e+00 -2.370832977597409297e+00 2.165198153594670713e-07 -5.381883437378887081e+00 1.342498398867987156e+09
8.572270591671434176e-04 -1.936738773258128044e+00 -2.267915131214682578e+00 1.093418346085897865e-06 -4.287363225427616165e+00 1.342498398868770123e+09
8.529471815088303767e-04 -1.937337508112077167e+00 -2.271691210316382215e+00 6.633510310454423666e-07 -4.804606847380613388e+00 1.342498398871460676e+09
8.568437872645781085e-04 -1.934336145008874519e+00 -2.250635466280986208e+00 4.992459213524971555e-07 -4.885569103529176616e+00 1.342498398873964548e+09
8.543703011800795949e-04 -1.936743635373158190e+00 -2.458077154723773194e+00 2.348683531321027322e-06 -3.588132837705716227e+00 1.342498398878162861e+09
8.595486838372578880e-04 -1.935119612317441895e+00 -2.361613629655424873e+00 6.960655714266433351e-07 -4.581309433259121988e+00 1.342498398878889561e+09
8.511094956473923365e-04 -1.938500588545410519e+00 -2.494744662814783354e+00 3.538492251317820773e-07 -5.002217119941034795e+00 1.342498398879714727e+09
8.535276639897015211e-04 -1.934762991571963298e+00 -2.329352255849161946e+00 6.733664252223020524e-07 -4.768103435154943170e+00 1.342498398879734278e+09
8.535276639897015211e-04 -1.934762991571963298e+00 -2.329352255849161946e+00 6.733664252223020524e-07 -4.768103435154943170e+00 1.342498398879734278e+09
8.606389148886927406e-04 -1.928383792043177003e+00 -2.493182130957119380e+00 5.552201581279898105e-07 -4.770271813057262555e+00 1.342498398879760027e+09
8.606389148886927406e-04 -1.928383792043177003e+00 -2.493182130957119380e+00 5.552201581279898105e-07 -4.770271813057262555e+00 1.342498398879760027e+09
8.467427462313829390e-04 -1.945986917555983631e+00 -2.475357372857951876e+00 6.028908950764302030e-07 -4.680359716380568358e+00 1.342498398881633759e+09
8.467427462313829390e-04 -1.945986917555983631e+00 -2.475357372857951876e+00 6.028908950764302030e-07 -4.680359716380568358e+00 1.342498398881633759e+09
8.597658839825803511e-04 -1.928956573061898716e+00 -2.436127790192978981e+00 1.187784157808678135e-06 -4.156098946419111151e+00 1.342498398883124113e+09
8.596433651855612569e-04 -1.929094117276645814e+00 -2.481713180028045418e+00 9.579116969868743189e-07 -4.328568039839629122e+00 1.342498398884057999e+09
8.620082656396459587e-04 -1.928547206114761714e+00 -2.380297266760764252e+00 8.938969957021677963e-07 -4.506828197375961409e+00 1.342498398885308266e+09
8.590486337989716985e-04 -1.930247673542011988e+00 -2.422038859392491972e+00 2.066357381327094701e-07 -5.427472917870233005e+00 1.342498398886623144e+09
8.474088107583159675e-04 -1.943150124265144774e+00 -2.324548645072947561e+00 1.370093820278245448e-07 -5.718701185574359691e+00 1.342498398887983799e+09
8.553932198653655793e-04 -1.937422133165505489e+00 -2.331194987206643532e+00 1.132394537409924570e-07 -6.021916067532450789e+00 1.342498398888150692e+09
8.553932198653655793e-04 -1.937422133165505489e+00 -2.331194987206643532e+00 1.132394537409924570e-07 -6.021916067532450789e+00 1.342498398888150692e+09
8.565535089757307262e-04 -1.937509225297880944e+00 -2.497186235799157661e+00 9.327908980125819384e-07 -4.303178587850132963e+00 1.342498398890807152e+09
8.488548508777966212e-04 -1.946394844167347760e+00 -2.293233715791593408e+00 1.697017216450349257e-07 -5.684149409602783365e+00 1.342498398892118216e+09
8.552044461270136202e-04 -1.935937993518032085e+00 -2.251923145278859728e+00 5.320834186630757561e-07 -4.745977191626572278e+00 1.342498398893231392e+09
8.553092353572785403e-04 -1.934188746888227062e+00 -2.469679999065362619e+00 1.728413675997335126e-06 -3.824212873692006909e+00 1.342498398893749952e+09
8.553092353572785403e-04 -1.934188746888227062e+00 -2.469679999065362619e+00 1.728413675997335126e-06 -3.824212873692006909e+00 1.342498398893749952e+09
8.542665440854768774e-04 -1.941326752089503227e+00 -2.308654861455997409e+00 1.152162736182377086e-06 -4.176653839575610760e+00 1.342498398899629354e+09
8.495074078790536623e-04 -1.942411582928264213e+00 -2.474869819399840409e+00 1.404229377415104786e-06 -4.205792353705684050e+00 1.342498398900548220e+09
8.455700865725438624e-04 -1.949921978387112231e+00 -2.379172185087691016e+00 6.314121258570980741e-07 -4.712882647561443150e+00 1.342498398902465105e+09
8.593943104714655721e-04 -1.929188595277713469e+00 -2.436251171706453000e+00 1.023112320433113998e-06 -4.251613755247352522e+00 1.342498398903331280e+09
8.593943104714655721e-04 -1.929188595277713469e+00 -2.436251171706453000e+00 1.023112320433113998e-06 -4.251613755247352522e+00 1.342498398903331280e+09
8.547886184596141306e-04 -1.938261513993871699e+00 -2.271152261466968802e+00 1.358186059000593041e-06 -4.021329944466534911e+00 1.342498398903874636e+09
8.479230944880562608e-04 -1.941756368658888787e+00 -2.263074045770089082e+00 2.343674242724740611e-07 -5.373454754795869093e+00 1.342498398904505014e+09
8.548887181989589003e-04 -1.939253588856526767e+00 -2.402774015561011112e+00 8.308197450027567736e-07 -4.342368598827421877e+00 1.342498398904745340e+09
8.596745001018403064e-04 -1.935329862001846424e+00 -2.368079158570834064e+00 1.254364299511365431e-06 -4.183555310475312261e+00 1.342498398905389071e+09
8.495699174754908680e-04 -1.939272912134799354e+00 -2.327654571755338964e+00 1.139216711174521067e-07 -5.900842642352435163e+00 1.342498398905550480e+09
8.495699174754908680e-04 -1.939272912134799354e+00 -2.327654571755338964e+00 1.139216711174521067e-07 -5.900842642352435163e+00 1.342498398905550480e+09
8.497637611587493265e-04 -1.942669574346328698e+00 -2.420423523362904117e+00 1.770898958811299368e-07 -5.753684519879092463e+00 1.342498398907051563e+09
8.552306354659098284e-04 -1.934015139567862196e+00 -2.324897960000215758e+00 3.496830144213813349e-07 -4.964430688815909321e+00 1.342498398907867670e+09
8.537390171993456322e-04 -1.942914435957815211e+00 -2.325512028322196389e+00 1.106987361638133603e-06 -4.266763110314860441e+00 1.342498398912361860e+09
8.525829293077383502e-04 -1.938245789296409560e+00 -2.392634332453931201e+00 2.718040129576454039e-06 -3.497400647579874011e+00 1.342498398914472103e+09
8.563260789334208077e-04 -1.931750577850475992e+00 -2.499907908655207844e+00 1.000234932163218009e-06 -4.370859150658206183e+00 1.342498398914688110e+09
8.563260789334208077e-04 -1.931750577850475992e+00 -2.499907908655207844e+00 1.000234932163218009e-06 -4.370859150658206183e+00 1.342498398914688110e+09
8.513109278764988130e-04 -1.937209405535888163e+00 -2.360296546001683815e+00 1.578313228671622071e-06 -4.037587032489417638e+00 1.342498398915562630e+09
8.562805807961927770e-04 -1.937273249176899359e+00 -2.261524631532076945e+00 3.677041460514128305e-07 -5.161895975731958686e+00 1.342498398919756413e+09
8.489535676175242193e-04 -1.943890504426553978e+00 -2.477785245768273636e+00 1.616877083221503844e-07 -5.651870425476470672e+00 1.342498398924418211e+09
8.489535676175242193e-04 -1.943890504426553978e+00 -2.477785245768273636e+00 1.616877083221503844e-07 -5.651870425476470672e+00 1.342498398924418211e+09
8.535171092560716721e-04 -1.937980404750764274e+00 -2.332792397992007771e+00 4.945731595169070826e-07 -4.677796864321702941e+00 1.342498398924729824e+09
8.583416879749630095e-04 -1.933185687533204300e+00 -2.371872127086045001e+00 1.640042325359163546e-07 -5.769619094084342592e+00 1.342498398936671972e+09
8.583416879749630095e-04 -1.933185687533204300e+00 -2.371872127086045001e+00 1.640042325359163546e-07 -5.769619094084342592e+00 1.342498398936671972e+09
8.446887268338542937e-04 -1.949635058837019708e+00 -2.328557834916042957e+00 3.023722964765555503e-07 -5.221570475328803695e+00 1.342498398937629938e+09
8.446887268338542937e-04 -1.949635058837019708e+00 -2.328557834916042957e+00 3.023722964765555503e-07 -5.221570475328803695e+00 1.342498398937629938e+09
8.525898309785936123e-04 -1.935795573177430118e+00 -2.432791331921993816e+00 3.547245850874626618e-07 -5.223444769929333376e+00 1.342498398938899040e+09
8.560693494457604063e-04 -1.937843042264685733e+00 -2.392038659357200725e+00 2.007447688164244265e-07 -5.442207404713753860e+00 1.342498398940103769e+09
8.588875291325157079e-04 -1.933206341900691516e+00 -2.357678081257221780e+00 2.651338345380782393e-07 -5.224906370652592891e+00 1.342498398941310406e+09
8.493642877754730694e-04 -1.945768166996457937e+00 -2.292591227355007533e+00 1.259679809740882047e-06 -4.104268124312694610e+00 1.342498398941674232e+09
8.574226383184392749e-04 -1.933201440434396012e+00 -2.304269230322481210e+00 3.368720409898533563e-07 -5.284714277075161171e+00 1.342498398941840649e+09
8.438540537954196180e-04 -1.947605419557927320e+00 -2.314320651959096420e+00 6.926958041493559181e-07 -4.669233388677564989e+00 1.342498398944216728e+09
8.497981238363985172e-04 -1.944002842717869717e+00 -2.432011192034462255e+00 1.811801398983904737e-07 -5.529677155890141194e+00 1.342498398946346998e+09
8.545179004887374545e-04 -1.932740385292901486e+00 -2.431322499558781214e+00 6.217800199685137401e-07 -4.641836277587188420e+00 1.342498398948142052e+09
8.545179004887374545e-04 -1.932740385292901486e+00 -2.431322499558781214e+00 6.217800199685137401e-07 -4.641836277587188420e+00 1.342498398948142052e+09
8.570694629501237824e-04 -1.930573373516335067e+00 -2.394136227210821311e+00 2.208870141352806204e-07 -5.417642138847315714e+00 1.342498398950865269e+09
8.513952033360282614e-04 -1.940759782246657572e+00 -2.324223849366472638e+00 7.281685634140571174e-08 -6.207344552156547124e+00 1.342498398950918674e+09
8.599631763076283743e-04 -1.929647738466892859e+00 -2.419318545417235899e+00 4.702415553162988150e-07 -4.800820433545514021e+00 1.342498398954398394e+09
8.599631763076283743e-04 -1.929647738466892859e+00 -2.419318545417235899e+00 4.702415553162988150e-07 -4.800820433545514021e+00 1.342498398954398394e+09
8.515526260842407611e-04 -1.937433679013029542e+00 -2.419340321945389505e+00 1.518924659915664385e-06 -4.091258986897264194e+00 1.342498398957321405e+09
8.515526260842407611e-04 -1.937433679013029542e+00 -2.419340321945389505e+00 1.518924659915664385e-06 -4.091258986897264194e+00 1.342498398957321405e+09
8.525427361170888037e-04 -1.936637239284510370e+00 -2.464865292544388797e+00 3.668546506055103029e-07 -5.215936988445771583e+00 1.342498398957608223e+09
8.525427361170888037e-04 -1.936637239284510370e+00 -2.464865292544388797e+00 3.668546506055103029e-07 -5.215936988445771583e+00 1.342498398957608223e+09
8.447699267568555990e-04 -1.946868287529066155e+00 -2.343332951621885041e+00 1.023004933181584583e-06 -4.317463662135505587e+00 1.342498398958615541e+09
8.447699267568555990e-04 -1.946868287529066155e+00 -2.343332951621885041e+00 1.023004933181584583e-06 -4.317463662135505587e+00 1.342498398958615541e+09
8.515246654624819816e-04 -1.937361656028886436e+00 -2.429506139613852866e+00 1.163418692094273700e-06 -4.323376959752373239e+00 1.342498398961127043e+09
8.515246654624819816e-04 -1.937361656028886436e+00 -2.429506139613852866e+00 1.163418692094273700e-06 -4.323376959752373239e+00 1.342498398961127043e+09
8.570023567892470643e-04 -1.934275761865206000e+00 -2.413266039356032344e+00 2.656504280632253091e-07 -5.477581882521340262e+00 1.342498398963002682e+09
8.570023567892470643e-04 -1.934275761865206000e+00 -2.413266039356032344e+00 2.656504280632253091e-07 -5.477581882521340262e+00 1.342498398963002682e+09
8.490831262835742436e-04 -1.944386621692635320e+00 -2.264056235382136961e+00 1.939155931960762702e-06 -3.855609420426532985e+00 1.342498398966784477e+09
8.490831262835742436e-04 -1.944386621692635320e+00 -2.264056235382136961e+00 1.939155931960762702e-06 -3.855609420426532985e+00 1.342498398966784477e+09
8.576969453559325557e-04 -1.929700046637146338e+00 -2.407913133953853091e+00 3.610777318584369515e-07 -5.067494101244520266e+00 1.342498398967389822e+09
8.576969453559325557e-04 -1.929700046637146338e+00 -2.407913133953853091e+00 3.610777318584369515e-07 -5.067494101244520266e+00 1.342498398967389822e+09
8.498865836924319539e-04 -1.944047747437410489e+00 -2.283141259176227233e+00 1.254996159124395250e-06 -4.070077469744188825e+00 1.342498398968335867e+09
8.616454750298618761e-04 -1.931035224598252942e+00 -2.353394095113257034e+00 5.568862306301363323e-07 -4.854206643561900236e+00 1.342498398969009638e+09
8.562808163474791524e-04 -1.933898247487424893e+00 -2.436921287245374490e+00 6.285846465271385667e-07 -4.520709527873115086e+00 1.342498398972116232e+09
8.583194661027544487e-04 -1.935231856151582441e+00 -2.414167867701195735e+00 2.620043066702409647e-07 -5.265145573877219931e+00 1.342498398972751856e+09
8.471819642200860640e-04 -1.941599408830446905e+00 -2.284396239732524592e+00 4.786476049193995828e-07 -4.888307632466676544e+00 1.342498398974414349e+09
8.518671330171716802e-04 -1.943940039411738763e+00 -2.289594898089060582e+00 3.779839349784286988e-07 -5.040123307831210653e+00 1.342498398974472284e+09
8.594628846723889127e-04 -1.931659598033705016e+00 -2.302912369240025292e+00 1.317514958638839378e-06 -4.221892595373194723e+00 1.342498398976489067e+09
8.465265779391003371e-04 -1.945945053752313525e+00 -2.248216688813194697e+00 5.192851843644237362e-07 -4.784418957452137633e+00 1.342498398977996826e+09
8.536507162814249748e-04 -1.938720462674084155e+00 -2.474122396261530188e+00 4.134943730935335204e-07 -4.852725862764739162e+00 1.342498398978563309e+09
8.536507162814249748e-04 -1.938720462674084155e+00 -2.474122396261530188e+00 4.134943730935335204e-07 -4.852725862764739162e+00 1.342498398978563309e+09
8.550275050096355208e-04 -1.937514147863676151e+00 -2.463554495427198621e+00 3.516463769589964474e-07 -4.977795100184392751e+00 1.342498398979611635e+09
8.506528039679622181e-04 -1.940197971460981829e+00 -2.444168524718846935e+00 1.694072200884377533e-06 -4.045255845743545464e+00 1.342498398983409643e+09
8.499294002888436571e-04 -1.941253055897403268e+00 -2.313109764131832335e+00 1.001488465687202112e-06 -4.179645963025476973e+00 1.342498398985822678e+09
8.528386175737772421e-04 -1.943188931370543271e+00 -2.448612421397112993e+00 6.944086980596980062e-07 -4.584735109457930946e+00 1.342498398985977888e+09
8.528386175737772421e-04 -1.943188931370543271e+00 -2.448612421397112993e+00 6.944086980596980062e-07 -4.584735109457930946e+00 1.342498398985977888e+09
8.486458883429597163e-04 -1.946130722492267040e+00 -2.421337329523208126e+00 1.761948510762718089e-07 -5.672901238551858683e+00 1.342498398986223459e+09
8.530375878274716606e-04 -1.934942678728084564e+00 -2.302540555489843044e+00 3.855740478802561145e-07 -5.140691826558149380e+00 1.342498398986239433e+09
8.566481012119406312e-04 -1.939499322334756304e+00 -2.401359194675320552e+00 1.202021059535406075e-06 -4.320993549691095836e+00 1.342498398990939856e+09
8.583645251243978737e-04 -1.934871910674440310e+00 -2.278510542124410954e+00 5.453014768560318781e-07 -4.789056729741290042e+00 1.342498398993669748e+09
8.583645251243978737e-04 -1.934871910674440310e+00 -2.278510542124410954e+00 5.453014768560318781e-07 -4.789056729741290042e+00 1.342498398993669748e+09
8.586525857518330015e-04 -1.931299693587903210e+00 -2.378584283775304176e+00 2.326334787370317882e-06 -3.662048058339408385e+00 1.342498398994312525e+09
8.586525857518330015e-04 -1.931299693587903210e+00 -2.378584283775304176e+00 2.326334787370317882e-06 -3.662048058339408385e+00 1.342498398994312525e+09
8.516210534693454846e-04 -1.942182793955945730e+00 -2.266619601152016106e+00 2.320537606408064419e-07 -5.363938425277802402e+00 1.342498398995724201e+09
8.501503071985955923e-04 -1.940499212818014296e+00 -2.260152868757270284e+00 1.450219009916027517e-07 -5.801796141537551854e+00 1.342498398998007536e+09
8.497415732391408287e-04 -1.939219877600692143e+00 -2.329158573821668909e+00 8.910000542051936340e-07 -4.309890809725889227e+00 1.342498398998809814e+09
8.497415732391408287e-04 -1.939219877600692143e+00 -2.329158573821668909e+00 8.910000542051936340e-07 -4.309890809725889227e+00 1.342498398998809814e+09
8.611458273744282020e-04 -1.932798622848379777e+00 -2.419066944936698604e+00 5.701700173890485176e-07 -4.803574845820206995e+00 1.342498398999213696e+09
8.476123038838920916e-04 -1.943304858676533131e+00 -2.470595250763233608e+00 4.779911401344813697e-07 -4.828223619192110405e+00 1.342498398999381542e+09
8.549949021288375407e-04 -1.934007703756472685e+00 -2.486558159995758466e+00 3.094108360790768033e-07 -5.320082363603427567e+00 1.342498399002231359e+09
8.549949021288375407e-04 -1.934007703756472685e+00 -2.486558159995758466e+00 3.094108360790768033e-07 -5.320082363603427567e+00 1.342498399002231359e+09
8.560924118011276236e-04 -1.939063680528622990e+00 -2.412552441184696583e+00 2.114057166130777290e-06 -3.863926824784043035e+00 1.342498399004891396e+09
8.530409813853971060e-04 -1.940919091957117537e+00 -2.309178591676610104e+00 4.911229253398441131e-07 -4.740699385700643198e+00 1.342498399004905939e+09
8.530409813853971060e-04 -1.940919091957117537e+00 -2.309178591676610104e+00 4.911229253398441131e-07 -4.740699385700643198e+00 1.342498399004905939e+09
8.497358708902001331e-04 -1.942474866577542425e+00 -2.380732203639317923e+00 8.800773432020417366e-08 -6.173174340794562731e+00 1.342498399008987904e+09
8.554122228621398229e-04 -1.940381800358916831e+00 -2.315118284099063395e+00 1.343377659748998076e-06 -4.248366439067037703e+00 1.342498399011297703e+09
8.554122228621398229e-04 -1.940381800358916831e+00 -2.315118284099063395e+00 1.343377659748998076e-06 -4.248366439067037703e+00 1.342498399011297703e+09
8.573090224949479624e-04 -1.935939249109379645e+00 -2.268566482928869199e+00 1.222864722378956091e-06 -4.267769406408770116e+00 1.342498399011405706e+09
8.490531861416729343e-04 -1.939961198566265477e+00 -2.334449387685396449e+00 1.542578615769218987e-07 -5.642046393714840846e+00 1.342498399015181065e+09
8.564269121988586338e-04 -1.931294270968046289e+00 -2.456248616782772398e+00 2.887394767615998626e-07 -5.223800498639715961e+00 1.342498399016784906e+09
8.564269121988586338e-04 -1.931294270968046289e+00 -2.456248616782772398e+00 2.887394767615998626e-07 -5.223800498639715961e+00 1.342498399016784906e+09
8.543299174725804647e-04 -1.940088069291818096e+00 -2.482264279725241884e+00 5.126880063966384109e-07 -4.752312693133969645e+00 1.342498399019769430e+09
8.463095775997279795e-04 -1.944062221004652313e+00 -2.364028195795789600e+00 3.518912121152429740e-07 -5.228965558466710739e+00 1.342498399020148993e+09
8.488690135323093133e-04 -1.946079083288666522e+00 -2.370556456154284231e+00 4.079498277070702335e-07 -5.183004602108432834e+00 1.342498399021459818e+09
8.491889970985924555e-04 -1.940871361545989604e+00 -2.332689087937130701e+00 9.335435432857407626e-08 -6.102447426332103575e+00 1.342498399021599293e+09
8.560573748261150447e-04 -1.934658853595257133e+00 -2.412243310781075678e+00 8.446921119515723606e-08 -6.143313318181504279e+00 1.342498399022056341e+09
8.506914172575371063e-04 -1.938645244607324347e+00 -2.432359508559713390e+00 2.614335043017516073e-07 -5.216353079129306458e+00 1.342498399024728537e+09
8.596071088052908114e-04 -1.932612280543118954e+00 -2.498257364766231170e+00 1.854422694114986347e-06 -3.924763462703189099e+00 1.342498399024757147e+09
8.571679799402098570e-04 -1.931727628170252453e+00 -2.475887730984398072e+00 1.081583244392739256e-06 -4.375418564577111979e+00 1.342498399025014400e+09
8.516255060191810439e-04 -1.940104341583724246e+00 -2.391731262398518965e+00 6.474062297069193816e-07 -4.486980015921359310e+00 1.342498399027002096e+09
8.597261151075468680e-04 -1.934585504789425148e+00 -2.357026195356573872e+00 3.715975563015467408e-07 -5.147011686856156842e+00 1.342498399028437614e+09
8.529727196883426848e-04 -1.940223140931825352e+00 -2.427056190180930439e+00 2.693390473714792444e-06 -3.652608108445440926e+00 1.342498399028977394e+09
8.521114727916189119e-04 -1.939340642745154053e+00 -2.304671226773993276e+00 2.410936690220882448e-06 -3.581665281527373068e+00 1.342498399031823874e+09
8.526784249211396671e-04 -1.934937229040338380e+00 -2.457038663354244257e+00 3.794919699566092729e-07 -5.029816231383547276e+00 1.342498399032701731e+09
8.524127839265090850e-04 -1.940998437743614247e+00 -2.304604224235069054e+00 2.807788840650561325e-06 -3.539445714853307834e+00 1.342498399032935381e+09
8.524127839265090850e-04 -1.940998437743614247e+00 -2.304604224235069054e+00 2.807788840650561325e-06 -3.539445714853307834e+00 1.342498399032935381e+09
8.519985709012706720e-04 -1.937583181316683723e+00 -2.437871873122743338e+00 1.006867373486976489e-07 -6.032353166419202495e+00 1.342498399033665180e+09
8.527272404300356452e-04 -1.938611722521790259e+00 -2.308303508485873401e+00 8.827827149567978484e-08 -6.046535907190357051e+00 1.342498399035717010e+09
8.600882145989501102e-04 -1.930489093299605052e+00 -2.388110495290063806e+00 2.656551907626231294e-07 -5.247555755920830123e+00 1.342498399035892725e+09
8.600882145989501102e-04 -1.930489093299605052e+00 -2.388110495290063806e+00 2.656551907626231294e-07 -5.247555755920830123e+00 1.342498399035892725e+09
8.442439319374691990e-04 -1.946951882863019456e+00 -2.339378485507075389e+00 4.945882036532728668e-07 -4.936468311313543467e+00 1.342498399037695885e+09
8.507895823453160821e-04 -1.941420808751156413e+00 -2.444050781607328027e+00 1.669450612250267167e-07 -5.555450078431348970e+00 1.342498399038121223e+09
8.551346312344031966e-04 -1.934287514949171394e+00 -2.424654594693100407e+00 1.925610339785565204e-06 -3.744960546528592893e+00 1.342498399042168856e+09
8.551346312344031966e-04 -1.934287514949171394e+00 -2.424654594693100407e+00 1.925610339785565204e-06 -3.744960546528592893e+00 1.342498399042168856e+09
8.537613548893269915e-04 -1.934222552305573828e+00 -2.363032090141624408e+00 4.156218416519167571e-07 -5.107522756345650450e+00 1.342498399042935371e+09
8.537613548893269915e-04 -1.934222552305573828e+00 -2.363032090141624408e+00 4.156218416519167571e-07 -5.107522756345650450e+00 1.342498399042935371e+09
8.550611931274791286e-04 -1.938669767684498391e+00 -2.398403339783053312e+00 1.473464857171903275e-07 -5.682151279414359379e+00 1.342498399043690443e+09
8.550611931274791286e-04 -1.938669767684498391e+00 -2.398403339783053312e+00 1.473464857171903275e-07 -5.682151279414359379e+00 1.342498399043690443e+09
8.537227394159163088e-04 -1.936890519062869576e+00 -2.483880987433584764e+00 1.043315440571156940e-07 -5.961551518222599988e+00 1.342498399043694496e+09
8.587834717406436259e-04 -1.934155969389659502e+00 -2.414476599315647842e+00 5.358060557374622091e-07 -4.973576595701757697e+00 1.342498399044454575e+09
8.518254856303955538e-04 -1.939336915730047295e+00 -2.308918259024429265e+00 8.960059834962552172e-08 -6.164084813897373394e+00 1.342498399045053720e+09
8.470490170077643382e-04 -1.943689823035895659e+00 -2.419669985682813440e+00 1.219694781270351705e-06 -4.212257131215118910e+00 1.342498399047161102e+09
8.613969575973709231e-04 -1.928720319816506823e+00 -2.350504293241717946e+00 1.026229745618485273e-06 -4.305576397523735999e+00 1.342498399047410965e+09
8.613969575973709231e-04 -1.928720319816506823e+00 -2.350504293241717946e+00 1.026229745618485273e-06 -4.305576397523735999e+00 1.342498399047410965e+09
8.470351268511098000e-04 -1.947788114111799196e+00 -2.339623208667909182e+00 1.691150461266523553e-06 -4.005902992412621266e+00 1.342498399047718287e+09
8.497558768297487804e-04 -1.946861133413562817e+00 -2.413250673672686197e+00 6.778963673165529995e-07 -4.663390751093814401e+00 1.342498399048127890e+09
8.522998937206296673e-04 -1.941985038733163638e+00 -2.278160519199970757e+00 1.781643863059062967e-06 -4.024207100519157976e+00 1.342498399049591064e+09
8.522998937206296673e-04 -1.941985038733163638e+00 -2.278160519199970757e+00 1.781643863059062967e-06 -4.024207100519157976e+00 1.342498399049591064e+09
8.576812946654887356e-04 -1.936167040976974008e+00 -2.275188064410273547e+00 4.945387651052406673e-07 -4.925638272698454223e+00 1.342498399055387497e+09
8.583627497120502456e-04 -1.936184036229656735e+00 -2.374422335626109160e+00 1.538276744084931863e-06 -4.146278027849885639e+00 1.342498399055785656e+09
8.529084922031036735e-04 -1.939828788615999722e+00 -2.373914703042031338e+00 1.799242288618336326e-06 -3.748945050973675919e+00 1.342498399057095051e+09
8.482075370686953083e-04 -1.941727683714727259e+00 -2.387773564757494693e+00 1.144455259051053667e-06 -4.335247854289570490e+00 1.342498399060324192e+09
8.577045528408851986e-04 -1.934906736035721941e+00 -2.362588949693488871e+00 2.471645974332986427e-07 -5.515418416042106919e+00 1.342498399060832500e+09
8.577045528408851986e-04 -1.934906736035721941e+00 -2.362588949693488871e+00 2.471645974332986427e-07 -5.515418416042106919e+00 1.342498399060832500e+09
8.472291597523406038e-04 -1.943373010995692152e+00 -2.404066341147022001e+00 2.446975392564113062e-07 -5.482987728318041043e+00 1.342498399061018467e+09
8.458677698038664147e-04 -1.944992498566214589e+00 -2.265264921709848611e+00 8.493976426017784669e-07 -4.523496181497779212e+00 1.342498399063739538e+09
8.492571998500939023e-04 -1.943233304441249754e+00 -2.340848400255410855e+00 1.658256397661791269e-06 -4.106017744943863512e+00 1.342498399069535255e+09
8.539291513427400056e-04 -1.936419766552110344e+00 -2.450593208067028517e+00 3.318666294729720479e-07 -5.004806671646615079e+00 1.342498399071175098e+09
8.578183734026909209e-04 -1.935184206437007504e+00 -2.416766686930643449e+00 2.716818740352579774e-06 -3.611718080709760414e+00 1.342498399071885824e+09
8.578183734026909209e-04 -1.935184206437007504e+00 -2.416766686930643449e+00 2.716818740352579774e-06 -3.611718080709760414e+00 1.342498399071885824e+09
8.522574995277577359e-04 -1.940267756144846256e+00 -2.269789429780981749e+00 2.682685036513495714e-07 -5.459405750037682026e+00 1.342498399072577238e+09
8.467865174704286828e-04 -1.948642733811424277e+00 -2.344669342502965215e+00 4.003587459056835930e-07 -5.159287759038983623e+00 1.342498399074368954e+09
8.563919347107219835e-04 -1.934161216676698380e+00 -2.469310321285510756e+00 1.782649688967732731e-06 -4.007639868468917399e+00 1.342498399074718475e+09
8.490951172194704730e-04 -1.946999226168613983e+00 -2.357641015964912157e+00 1.586280121446575625e-06 -4.051528621657807250e+00 1.342498399075166225e+09
8.490951172194704730e-04 -1.946999226168613983e+00 -2.357641015964912157e+00 1.586280121446575625e-06 -4.051528621657807250e+00 1.342498399075166225e+09
8.532071748624587464e-04 -1.939440179032529521e+00 -2.463254963584822654e+00 3.658723910021169713e-07 -4.951390119841374116e+00 1.342498399075594902e+09
8.455940308853775568e-04 -1.945215533507864025e+00 -2.351337362568613809e+00 3.511426197496887221e-07 -5.054230623113623366e+00 1.342498399075635433e+09
8.482607773423058535e-04 -1.944446659977992375e+00 -2.256898492012669788e+00 4.919402226837172736e-07 -4.786401366722747852e+00 1.342498399076367140e+09
8.562271470389068613e-04 -1.931812315493017351e+00 -2.333957373136277713e+00 1.811040870752083759e-07 -5.588230293187431030e+00 1.342498399077013493e+09
8.562271470389068613e-04 -1.931812315493017351e+00 -2.333957373136277713e+00 1.811040870752083759e-07 -5.588230293187431030e+00 1.342498399077013493e+09
8.589472925851136765e-04 -1.930949191614720339e+00 -2.346850064278396264e+00 1.631325666501359793e-07 -5.683155326045437050e+00 1.342498399082405329e+09
8.541575957979160227e-04 -1.935827517474426385e+00 -2.285892307595911443e+00 9.011361198147243428e-07 -4.562956354196258779e+00 1.342498399086229801e+09
8.448506459491687912e-04 -1.945685679393950096e+00 -2.352328896193613517e+00 6.088160660096970894e-07 -4.749266329051437197e+00 1.342498399086726665e+09
8.448506459491687912e-04 -1.945685679393950096e+00 -2.352328896193613517e+00 6.088160660096970894e-07 -4.749266329051437197e+00 1.342498399086726665e+09
8.536522461429314410e-04 -1.936216490145946878e+00 -2.497857829175047506e+00 2.717694967205073767e-07 -5.190860737142419801e+00 1.342498399086832285e+09
8.521858297617959351e-04 -1.937072505195967409e+00 -2.432653662652024096e+00 1.062382957631024902e-07 -5.970509453220525842e+00 1.342498399087475061e+09
8.540112815029549586e-04 -1.933431270907351340e+00 -2.420560290782504786e+00 4.702995689088230914e-07 -4.833078773236878511e+00 1.342498399088413954e+09
8.540112815029549586e-04 -1.933431270907351340e+00 -2.420560290782504786e+00 4.702995689088230914e-07 -4.833078773236878511e+00 1.342498399088413954e+09
8.439858732275741298e-04 -1.947424210950998269e+00 -2.301740222692412630e+00 5.939459382409378107e-07 -4.757422180966816683e+00 1.342498399089390516e+09
8.536565111126677603e-04 -1.935989956905115328e+00 -2.317578542564100896e+00 9.121591503769433964e-08 -6.055305012480866722e+00 1.342498399090796947e+09
8.497312824382209770e-04 -1.945673272000621790e+00 -2.258894863586066393e+00 3.805977409638143468e-07 -5.089182714792577222e+00 1.342498399091742516e+09
8.545064653347110789e-04 -1.941048420800427499e+00 -2.466565320793436822e+00 1.399799894749486476e-06 -4.075909171334827441e+00 1.342498399092275381e+09
8.528399946354177407e-04 -1.941066500072248235e+00 -2.410273546701750202e+00 2.319855546203638273e-07 -5.316333131864679373e+00 1.342498399094888687e+09
8.556598971498133571e-04 -1.937735269991851972e+00 -2.342320947143169629e+00 1.821888962381076957e-07 -5.722544368545488425e+00 1.342498399098892689e+09
8.556598971498133571e-04 -1.937735269991851972e+00 -2.342320947143169629e+00 1.821888962381076957e-07 -5.722544368545488425e+00 1.342498399098892689e+09
8.464010150424958840e-04 -1.947054109627123886e+00 -2.367986992003937807e+00 1.312268519841238142e-06 -4.097857054603835536e+00 1.342498399099484921e+09
8.464010150424958840e-04 -1.947054109627123886e+00 -2.367986992003937807e+00 1.312268519841238142e-06 -4.097857054603835536e+00 1.342498399099484921e+09
8.476491008929596923e-04 -1.945076467201108050e+00 -2.405626952405375718e+00 1.519423438355211856e-07 -5.684224681003466451e+00 1.342498399100716352e+09
8.572563929057731629e-04 -1.936487860183717435e+00 -2.316083680242086551e+00 1.934122865142634181e-07 -5.560711759089029371e+00 1.342498399101370811e+09
8.498482231753836085e-04 -1.939955704026226746e+00 -2.310539883057176169e+00 1.175315418765809628e-07 -5.837900034737660171e+00 1.342498399102394581e+09
8.533797980226001797e-04 -1.935858236643722474e+00 -2.312150241318664090e+00 4.399061482053962016e-07 -4.802192367821373153e+00 1.342498399106647015e+09
8.602921277608614834e-04 -1.934117866299515320e+00 -2.418192025941577228e+00 6.079464584862186205e-07 -4.731143278089090742e+00 1.342498399106822252e+09
8.445748496679753633e-04 -1.947349486212909264e+00 -2.385556206279758840e+00 4.071166936368474157e-07 -5.068140339126546046e+00 1.342498399108403683e+09
8.486488905095694287e-04 -1.946869552952600335e+00 -2.413739887559951836e+00 8.587241579164911255e-07 -4.428097054793816767e+00 1.342498399110981941e+09
8.571298066972368821e-04 -1.937641197343333621e+00 -2.494584974869602512e+00 3.547624517581641881e-07 -5.122476326534443736e+00 1.342498399111568689e+09
8.571298066972368821e-04 -1.937641197343333621e+00 -2.494584974869602512e+00 3.547624517581641881e-07 -5.122476326534443736e+00 1.342498399111568689e+09
8.577089205108430004e-04 -1.931461581233227864e+00 -2.468865429980191983e+00 2.221224886970873422e-07 -5.515846070324641914e+00 1.342498399112546444e+09
8.501501112365849764e-04 -1.940984410499137169e+00 -2.368116740288314759e+00 3.463468194824832839e-07 -4.966126905272494341e+00 1.342498399112701416e+09
8.501501112365849764e-04 -1.940984410499137169e+00 -2.368116740288314759e+00 3.463468194824832839e-07 -4.966126905272494341e+00 1.342498399112701416e+09
8.596707221721316527e-04 -1.929316267451080202e+00 -2.498756995653567792e+00 4.328128621082274923e-07 -4.977876302733616143e+00 1.342498399112895489e+09
8.558281870984025185e-04 -1.931379483582526646e+00 -2.412860703917510730e+00 4.365930481489025284e-07 -4.926923743493706098e+00 1.342498399114795446e+09
8.608890494433288701e-04 -1.928771525591629565e+00 -2.373340501544366266e+00 8.996038185370084212e-07 -4.365343203522395576e+00 1.342498399115055323e+09
8.530109804480326234e-04 -1.936494613596445147e+00 -2.254994569527073889e+00 3.148527030866772008e-07 -5.254013241740673301e+00 1.342498399116819382e+09
8.564283106756358319e-04 -1.933142145039723925e+00 -2.332537656799813952e+00 1.589167400582519937e-07 -5.601031444020593497e+00 1.342498399117918730e+09
8.512014981918491000e-04 -1.941917661270756712e+00 -2.458153848859650381e+00 8.338963164338921504e-07 -4.353249349318351058e+00 1.342498399121273756e+09
8.524263297301574440e-04 -1.943597631858870578e+00 -2.287197217567656260e+00 4.536569037115388994e-07 -4.936573518075777045e+00 1.342498399123429060e+09
8.510125669541716018e-04 -1.940292908191872057e+00 -2.463589481835720019e+00 1.127057269804926518e-07 -5.986102057321011749e+00 1.342498399125339508e+09
8.508311879250076131e-04 -1.939319667399947988e+00 -2.255753252014391919e+00 2.751974384327435210e-07 -5.231306186107792300e+00 1.342498399125458241e+09
8.543867580833079895e-04 -1.938139204234677448e+00 -2.317458073470181290e+00 1.056618252424286327e-06 -4.143463519990476129e+00 1.342498399127384663e+09
8.488434013709238602e-04 -1.947281165280960735e+00 -2.284212102256815591e+00 3.805595376549735492e-07 -5.149706041167299908e+00 1.342498399128439188e+09
8.488434013709238602e-04 -1.947281165280960735e+00 -2.284212102256815591e+00 3.805595376549735492e-07 -5.149706041167299908e+00 1.342498399128439188e+09
8.583435781245508543e-04 -1.937123591635696807e+00 -2.455756285075016532e+00 8.036190961477606048e-07 -4.579880064299501008e+00 1.342498399129716635e+09
8.544156719839466479e-04 -1.937465282847772308e+00 -2.475858178615786276e+00 2.466685694535309594e-06 -3.607906080088669754e+00 1.342498399130711079e+09
8.544156719839466479e-04 -1.937465282847772308e+00 -2.475858178615786276e+00 2.466685694535309594e-06 -3.607906080088669754e+00 1.342498399130711079e+09
8.548570186418020687e-04 -1.937730142647073883e+00 -2.449319999046315477e+00 1.049909968678333391e-07 -5.973014262595087054e+00 1.342498399131153107e+09
8.451412411789732682e-04 -1.948492104911346834e+00 -2.391523914981500631e+00 3.228066964371649230e-07 -5.193843709398114683e+00 1.342498399131953478e+09
8.451412411789732682e-04 -1.948492104911346834e+00 -2.391523914981500631e+00 3.228066964371649230e-07 -5.193843709398114683e+00 1.342498399131953478e+09
8.498536829359660486e-04 -1.943093285422849537e+00 -2.393043670690749192e+00 1.040764647130240109e-07 -5.954454201140800151e+00 1.342498399133329153e+09
8.498491889748039730e-04 -1.943551238027334538e+00 -2.348131407772960699e+00 2.895860521447847842e-07 -5.130578239568623466e+00 1.342498399134468555e+09
8.556208465717910459e-04 -1.935912658669846742e+00 -2.297035595682282771e+00 2.482835299542472097e-06 -3.620593201319338483e+00 1.342498399134597063e+09
8.556208465717910459e-04 -1.935912658669846742e+00 -2.297035595682282771e+00 2.482835299542472097e-06 -3.620593201319338483e+00 1.342498399134597063e+09
8.560951720246619528e-04 -1.934383660847363906e+00 -2.480273831781768301e+00 3.605879837681308923e-07 -5.244319379991198460e+00 1.342498399134783745e+09
8.561865601793550423e-04 -1.933553997929455370e+00 -2.384537618847144103e+00 5.020047630966440653e-07 -5.017234144092219239e+00 1.342498399135181189e+09
8.528935173862063276e-04 -1.936128107213408667e+00 -2.406681186451673504e+00 6.101809806913213286e-07 -4.856001878085025147e+00 1.342498399135495663e+09
8.516309817681379539e-04 -1.941242590062855378e+00 -2.274610252752115258e+00 2.409288894178194564e-07 -5.534116411171242866e+00 1.342498399137277603e+09
8.491558952741284699e-04 -1.944186795541881008e+00 -2.369614308723453799e+00 7.364667180178634310e-07 -4.764379290867053918e+00 1.342498399139348030e+09
8.466763044399626967e-04 -1.944928315047651957e+00 -2.262391277607784801e+00 1.868855806946027329e-07 -5.601727107342241219e+00 1.342498399141043425e+09
8.473449538000996486e-04 -1.941699942180735716e+00 -2.386214368294380606e+00 3.237925689704203567e-07 -5.153607714760454428e+00 1.342498399142086983e+09
8.526137468268534013e-04 -1.942486956258832276e+00 -2.309954207824133299e+00 2.437768547863921640e-07 -5.342362195384344759e+00 1.342498399145863533e+09
8.448340786885808612e-04 -1.947662137893986234e+00 -2.386161937456900972e+00 6.965336558233271697e-07 -4.696042364981876105e+00 1.342498399151966572e+09
8.541735790401238553e-04 -1.935426502303227325e+00 -2.429785556387401346e+00 2.119204353544605219e-07 -5.605324347350967074e+00 1.342498399154913664e+09
8.526928675223185766e-04 -1.937732120392295254e+00 -2.291921796194163363e+00 2.018820421156969935e-06 -3.873055421789187491e+00 1.342498399155539036e+09
8.474805926540963279e-04 -1.943258721060792782e+00 -2.280405627939817048e+00 5.175627786815143473e-07 -4.969409590391152598e+00 1.342498399157556295e+09
8.523140192570013334e-04 -1.944674200727548374e+00 -2.330059093068264975e+00 6.520630030914171075e-07 -4.763286380449091695e+00 1.342498399160056353e+09
8.527063908204784689e-04 -1.941315751052655081e+00 -2.413763735752802564e+00 1.755786661515577188e-07 -5.549634992190267013e+00 1.342498399161391497e+09
8.527063908204784689e-04 -1.941315751052655081e+00 -2.413763735752802564e+00 1.755786661515577188e-07 -5.549634992190267013e+00 1.342498399161391497e+09
8.516864786447521330e-04 -1.939239182613432089e+00 -2.337929643021062542e+00 7.236782549297006878e-08 -6.230390664477392093e+00 1.342498399161833048e+09
8.508844145829051091e-04 -1.940487306858854843e+00 -2.240693510241051012e+00 1.156518903301741220e-06 -4.247592413034249503e+00 1.342498399162538052e+09
8.508844145829051091e-04 -1.940487306858854843e+00 -2.240693510241051012e+00 1.156518903301741220e-06 -4.247592413034249503e+00 1.342498399162538052e+09
8.542012875021611461e-04 -1.938108115051744740e+00 -2.321583524380859131e+00 2.761177826918046662e-06 -3.500547094710536378e+00 1.342498399166256428e+09
8.448965653112253853e-04 -1.945875886001845911e+00 -2.336092142826617479e+00 7.559295691377470835e-07 -4.571659192521729587e+00 1.342498399167530060e+09
8.448965653112253853e-04 -1.945875886001845911e+00 -2.336092142826617479e+00 7.559295691377470835e-07 -4.571659192521729587e+00 1.342498399167530060e+09
8.495822976217396296e-04 -1.942687395005511020e+00 -2.451218901647497894e+00 1.891823344620236080e-06 -3.835874239493733739e+00 1.342498399167541265e+09
8.495822976217396296e-04 -1.942687395005511020e+00 -2.451218901647497894e+00 1.891823344620236080e-06 -3.835874239493733739e+00 1.342498399167541265e+09
8.594489028477864025e-04 -1.931847254546825710e+00 -2.463893731509545937e+00 1.064810261909428370e-06 -4.424830064989755840e+00 1.342498399167610645e+09
8.558573749325588649e-04 -1.936678807369591970e+00 -2.392001309207735016e+00 6.264266549528068918e-07 -4.531925297857391399e+00 1.342498399167649746e+09
8.558573749325588649e-04 -1.936678807369591970e+00 -2.392001309207735016e+00 6.264266549528068918e-07 -4.531925297857391399e+00 1.342498399167649746e+09
8.595971928584302110e-04 -1.930374314949661052e+00 -2.360957973400390930e+00 1.380084758503430970e-06 -4.017136516849549643e+00 1.342498399177759886e+09
8.607883180147058496e-04 -1.928565500219630469e+00 -2.390350391905417204e+00 3.514217807514114023e-07 -5.126853422128577975e+00 1.342498399179165602e+09
8.555312898326800780e-04 -1.934084315705612456e+00 -2.285621247616204332e+00 2.280107805492539209e-07 -5.508931127754664203e+00 1.342498399180611134e+09
8.540353738722219774e-04 -1.934813537493438318e+00 -2.356258303502283713e+00 2.456552395398653214e-07 -5.244680610641713869e+00 1.342498399185323715e+09
8.575529311955701209e-04 -1.935291699315123459e+00 -2.442533930275328835e+00 2.573738422380461640e-06 -3.634109642811893970e+00 1.342498399189247370e+09
8.581451512529217991e-04 -1.935076904398607578e+00 -2.494239969193943196e+00 2.012384746145300384e-06 -3.845326937316705163e+00 1.342498399190143108e+09
8.581451512529217991e-04 -1.935076904398607578e+00 -2.494239969193943196e+00 2.012384746145300384e-06 -3.845326937316705163e+00 1.342498399190143108e+09
8.549828211292230008e-04 -1.936505687577940948e+00 -2.279266283041326613e+00 1.673770492760867326e-07 -5.728030475052070081e+00 1.342498399192274332e+09
8.549828211292230008e-04 -1.936505687577940948e+00 -2.279266283041326613e+00 1.673770492760867326e-07 -5.728030475052070081e+00 1.342498399192274332e+09
8.566695345296101429e-04 -1.932172289658179443e+00 -2.290057851226535490e+00 1.117061913433817535e-06 -4.252798581554372070e+00 1.342498399193257570e+09
8.554311652149813741e-04 -1.934186679048100821e+00 -2.326386065374337786e+00 1.068020498349802357e-07 -5.983490643442964441e+00 1.342498399193324327e+09
8.554311652149813741e-04 -1.934186679048100821e+00 -2.326386065374337786e+00 1.068020498349802357e-07 -5.983490643442964441e+00 1.342498399193324327e+09
8.501105379745808486e-04 -1.944673496067561347e+00 -2.498014872486426619e+00 4.577057781407873293e-07 -4.905204510707892318e+00 1.342498399193780661e+09
8.605103030276929849e-04 -1.932200830233315125e+00 -2.325556964188756126e+00 4.902800793836955909e-07 -4.948005347468282800e+00 1.342498399194300175e+09
8.565477240814150899e-04 -1.936894547986419912e+00 -2.372506603381889789e+00 1.340682361903739527e-07 -5.801124961584278594e+00 1.342498399195594788e+09
8.565477240814150899e-04 -1.936894547986419912e+00 -2.372506603381889789e+00 1.340682361903739527e-07 -5.801124961584278594e+00 1.342498399195594788e+09
8.511652087077497316e-04 -1.939704487087718476e+00 -2.330028246808204528e+00 2.426842183203691541e-06 -3.610436549864939337e+00 1.342498399195807219e+09
8.511652087077497316e-04 -1.939704487087718476e+00 -2.330028246808204528e+00 2.426842183203691541e-06 -3.610436549864939337e+00 1.342498399195807219e+09
8.505911801983838177e-04 -1.940034215592949529e+00 -2.434004993469422562e+00 2.136484085155769438e-07 -5.605097961682203866e+00 1.342498399198815107e+09
8.501803883167649957e-04 -1.945012624420321190e+00 -2.383139168191516610e+00 9.911897315214248537e-07 -4.523630612240680193e+00 1.342498399199146986e+09
8.501803883167649957e-04 -1.945012624420321190e+00 -2.383139168191516610e+00 9.911897315214248537e-07 -4.523630612240680193e+00 1.342498399199146986e+09
8.586181893970975176e-04 -1.930188286198910141e+00 -2.455838787313710636e+00 6.941387757916786002e-07 -4.702426430191220419e+00 1.342498399200881243e+09
8.568168775411790904e-04 -1.936792376023049211e+00 -2.382072274277838630e+00 3.094267178156016600e-07 -5.366925228005655413e+00 1.342498399201206923e+09
8.568168775411790904e-04 -1.936792376023049211e+00 -2.382072274277838630e+00 3.094267178156016600e-07 -5.366925228005655413e+00 1.342498399201206923e+09
8.593406749286368459e-04 -1.932508904376345260e+00 -2.329868419344139241e+00 4.139367511478404750e-07 -5.123793070355935342e+00 1.342498399202156305e+09
8.593406749286368459e-04 -1.932508904376345260e+00 -2.329868419344139241e+00 4.139367511478404750e-07 -5.123793070355935342e+00 1.342498399202156305e+09
8.526768511848419226e-04 -1.940731187715690975e+00 -2.281012313650487400e+00 5.412249234010442555e-07 -4.687413917087211779e+00 1.342498399202183485e+09
8.460631852182314656e-04 -1.944567737605547908e+00 -2.374252983293979380e+00 5.372030294796453192e-07 -4.747154946267796660e+00 1.342498399202347040e+09
8.460631852182314656e-04 -1.944567737605547908e+00 -2.374252983293979380e+00 5.372030294796453192e-07 -4.747154946267796660e+00 1.342498399202347040e+09
8.497559035259179272e-04 -1.942011432096312440e+00 -2.486036292101539313e+00 5.820810278675544394e-07 -4.895232134657192091e+00 1.342498399202729940e+09
8.522932887372979124e-04 -1.939856511659827643e+00 -2.405425439610327842e+00 3.339612874726699716e-07 -5.336966646163235239e+00 1.342498399204201937e+09
8.547287457085153565e-04 -1.937267750783538744e+00 -2.450890363705244379e+00 1.116805841850310045e-07 -5.896086149563727119e+00 1.342498399204258442e+09
8.500969075133462099e-04 -1.938426178346556616e+00 -2.384307950954172917e+00 1.116202610168236990e-06 -4.222926081141489263e+00 1.342498399208039761e+09
8.581750782419445825e-04 -1.935641205052448299e+00 -2.291271728448303069e+00 4.525352467297493386e-07 -5.009452362269117387e+00 1.342498399209452391e+09
8.581750782419445825e-04 -1.935641205052448299e+00 -2.291271728448303069e+00 4.525352467297493386e-07 -5.009452362269117387e+00 1.342498399209452391e+09
8.531656037763097862e-04 -1.936734765812292647e+00 -2.291220543121682329e+00 1.927449737406183496e-06 -3.879155435569909827e+00 1.342498399210070372e+09
8.470744302321365528e-04 -1.948513167393753243e+00 -2.357500802404542739e+00 1.186817915000937973e-06 -4.301669060397756539e+00 1.342498399211508274e+09
8.518362093765320837e-04 -1.938140477878548040e+00 -2.256145201321297034e+00 3.998634301902598359e-07 -4.952122505770836902e+00 1.342498399211996078e+09
8.479962169477380440e-04 -1.940882348615887709e+00 -2.351816730893547369e+00 7.329538883812283841e-07 -4.524235180621701602e+00 1.342498399213179111e+09
8.490753294119327606e-04 -1.941044936288000899e+00 -2.460066377091739476e+00 5.165737884426072753e-07 -4.749403538671325364e+00 1.342498399214048386e+09
8.472322644090521165e-04 -1.943312597320799862e+00 -2.438627640042094757e+00 4.337302050859243548e-07 -4.913553098513286699e+00 1.342498399215200424e+09
8.472322644090521165e-04 -1.943312597320799862e+00 -2.438627640042094757e+00 4.337302050859243548e-07 -4.913553098513286699e+00 1.342498399215200424e+09
8.461787763801519556e-04 -1.944143768120496718e+00 -2.353632077746838469e+00 5.585341001940352992e-07 -4.879452454221672397e+00 1.342498399216116905e+09
8.546561662296660701e-04 -1.940469120904797062e+00 -2.294827296736199784e+00 3.623366255642862425e-07 -5.218010049198401390e+00 1.342498399216501474e+09
8.535341566944353985e-04 -1.935722011171803203e+00 -2.339558236876408071e+00 8.475529514771950163e-07 -4.311066128249764873e+00 1.342498399216520786e+09
8.522483480169187799e-04 -1.936460451907909608e+00 -2.319378590555746911e+00 1.242652317873059796e-07 -5.874880781142453046e+00 1.342498399217312574e+09
8.488658948326327676e-04 -1.945354757932684642e+00 -2.272899816608964674e+00 1.769941090847998580e-07 -5.655979974589369519e+00 1.342498399218395472e+09
8.488658948326327676e-04 -1.945354757932684642e+00 -2.272899816608964674e+00 1.769941090847998580e-07 -5.655979974589369519e+00 1.342498399218395472e+09
8.564245325190551631e-04 -1.932512459606830602e+00 -2.499131973762474868e+00 7.994949448014948764e-07 -4.602985918757540595e+00 1.342498399218405724e+09
8.503348286199947838e-04 -1.943458997690515888e+00 -2.394148810173064135e+00 3.915313144943217193e-07 -4.919577727269229150e+00 1.342498399218952417e+09
8.528566614563802637e-04 -1.940517805842983501e+00 -2.340983281657753601e+00 6.156686117713496507e-07 -4.908279173618460334e+00 1.342498399220383883e+09
8.531586523508469721e-04 -1.936673507746992318e+00 -2.330984253880326484e+00 3.141231965157148017e-07 -5.042185543350805155e+00 1.342498399221352339e+09
8.590440070076922749e-04 -1.934550680064776262e+00 -2.368356202117184228e+00 2.401212247957773444e-07 -5.404181513109596935e+00 1.342498399221976042e+09
8.596843739469328715e-04 -1.934534291134774264e+00 -2.405351853198555379e+00 1.098842872816951896e-06 -4.245428735253119257e+00 1.342498399225539207e+09
8.494038788011104265e-04 -1.940521012258479949e+00 -2.282939558127476953e+00 9.256561081664216538e-07 -4.303971181659536960e+00 1.342498399228775978e+09
8.589147735318171687e-04 -1.933872709728463146e+00 -2.495596751215912512e+00 1.264415310479054912e-06 -4.282850771170767956e+00 1.342498399230366945e+09
8.561468404276785255e-04 -1.932687155940692847e+00 -2.488196968865150627e+00 2.998070991646942219e-07 -5.311691197222458527e+00 1.342498399231590271e+09
8.508688403373525048e-04 -1.939840127396421865e+00 -2.253970787031614353e+00 8.984087618562575212e-07 -4.532279954566917013e+00 1.342498399231947184e+09
8.481083789022960187e-04 -1.942370230268270381e+00 -2.448758140329354571e+00 5.125554571887048219e-07 -4.767890353799565162e+00 1.342498399232438087e+09
8.525327332637376273e-04 -1.940607698817477855e+00 -2.277076758338274054e+00 1.246672981233993692e-06 -4.075328536473947771e+00 1.342498399233867407e+09
8.525327332637376273e-04 -1.940607698817477855e+00 -2.277076758338274054e+00 1.246672981233993692e-06 -4.075328536473947771e+00 1.342498399233867407e+09
8.501296318417382505e-04 -1.937921102374889459e+00 -2.364465141477556376e+00 2.968148935040448855e-07 -5.180985508882162804e+00 1.342498399233990908e+09
8.501296318417382505e-04 -1.937921102374889459e+00 -2.364465141477556376e+00 2.968148935040448855e-07 -5.180985508882162804e+00 1.342498399233990908e+09
8.498846723600745950e-04 -1.945258173066319429e+00 -2.455427723057109102e+00 1.052345574078700169e-06 -4.283082448074577719e+00 1.342498399236834526e+09
8.607365624852385830e-04 -1.931597330266553891e+00 -2.492275961392760308e+00 8.147595313955050584e-07 -4.584018107460195779e+00 1.342498399240298271e+09
8.607365624852385830e-04 -1.931597330266553891e+00 -2.492275961392760308e+00 8.147595313955050584e-07 -4.584018107460195779e+00 1.342498399240298271e+09
8.543312107697805923e-04 -1.935136705744961105e+00 -2.318821071481615981e+00 1.137293288802602738e-07 -5.962479530538383088e+00 1.342498399242941380e+09
8.593670435870755589e-04 -1.929297227598461451e+00 -2.362267603530579851e+00 4.622334189041655195e-07 -4.858125526753230616e+00 1.342498399245586157e+09
8.593670435870755589e-04 -1.929297227598461451e+00 -2.362267603530579851e+00 4.622334189041655195e-07 -4.858125526753230616e+00 1.342498399245586157e+09
8.549411121981938906e-04 -1.932522143870320619e+00 -2.392989202796037773e+00 6.574364477059891685e-07 -4.711804568293193718e+00 1.342498399246551514e+09
8.469145527089534100e-04 -1.947583492159706164e+00 -2.420434582659388489e+00 3.779257245573462467e-07 -5.173236415618278627e+00 1.342498399249299288e+09
8.469145527089534100e-04 -1.947583492159706164e+00 -2.420434582659388489e+00 3.779257245573462467e-07 -5.173236415618278627e+00 1.342498399249299288e+09
8.567006522482587200e-04 -1.938543423629029760e+00 -2.317776914400645705e+00 8.807918249809726659e-07 -4.413464560924607483e+00 1.342498399250706673e+09
8.567006522482587200e-04 -1.938543423629029760e+00 -2.317776914400645705e+00 8.807918249809726659e-07 -4.413464560924607483e+00 1.342498399250706673e+09
8.587471119849049471e-04 -1.929381387352185229e+00 -2.358779690684305486e+00 4.146235390845495214e-07 -4.965118866530636055e+00 1.342498399252317905e+09
8.587471119849049471e-04 -1.929381387352185229e+00 -2.358779690684305486e+00 4.146235390845495214e-07 -4.965118866530636055e+00 1.342498399252317905e+09
8.548710412464607770e-04 -1.939242911642564904e+00 -2.341177137559004695e+00 2.601785451374989184e-07 -5.487415310910255251e+00 1.342498399253463030e+09
8.531468351789671563e-04 -1.936629997819849347e+00 -2.479494000112577812e+00 1.370044612881760986e-07 -5.832855376306810058e+00 1.342498399253565073e+09
8.531468351789671563e-04 -1.936629997819849347e+00 -2.479494000112577812e+00 1.370044612881760986e-07 -5.832855376306810058e+00 1.342498399253565073e+09
8.498751602874720333e-04 -1.939469915040008097e+00 -2.323004427852741749e+00 1.430286049995330410e-06 -4.007435423413285847e+00 1.342498399253611565e+09
8.498751602874720333e-04 -1.939469915040008097e+00 -2.323004427852741749e+00 1.430286049995330410e-06 -4.007435423413285847e+00 1.342498399253611565e+09
8.586405995157542388e-04 -1.929804874667923498e+00 -2.393008242579438338e+00 3.162705975109843325e-07 -5.250106859748353116e+00 1.342498399254524708e+09
8.586405995157542388e-04 -1.929804874667923498e+00 -2.393008242579438338e+00 3.162705975109843325e-07 -5.250106859748353116e+00 1.342498399254524708e+09
8.526019928743350804e-04 -1.937134810642075156e+00 -2.364042128475289495e+00 3.077665292733693134e-07 -5.056924645224836645e+00 1.342498399254798889e+09
8.520940169121675933e-04 -1.939281828367471983e+00 -2.268834419065786534e+00 3.922884740978477613e-07 -4.923251304637553893e+00 1.342498399255771875e+09
8.520940169121675933e-04 -1.939281828367471983e+00 -2.268834419065786534e+00 3.922884740978477613e-07 -4.923251304637553893e+00 1.342498399255771875e+09
8.519596618297248193e-04 -1.941092852068245778e+00 -2.419937421398135502e+00 2.516603762986700697e-06 -3.693640711872966165e+00 1.342498399256252766e+09
8.519596618297248193e-04 -1.941092852068245778e+00 -2.419937421398135502e+00 2.516603762986700697e-06 -3.693640711872966165e+00 1.342498399256252766e+09
8.519449057703552992e-04 -1.938472192464717248e+00 -2.378341011958109874e+00 5.931501698930734944e-07 -4.909347193610396509e+00 1.342498399256541491e+09
8.519449057703552992e-04 -1.938472192464717248e+00 -2.378341011958109874e+00 5.931501698930734944e-07 -4.909347193610396509e+00 1.342498399256541491e+09
8.506790574635172530e-04 -1.942445602930887638e+00 -2.355435618290314004e+00 9.365187526733566205e-08 -6.116612295772375418e+00 1.342498399259160757e+09
8.553002409227845708e-04 -1.937314025565071152e+00 -2.321969502608459912e+00 5.821366553210686718e-07 -4.600764824944050702e+00 1.342498399261021614e+09
8.553002409227845708e-04 -1.937314025565071152e+00 -2.321969502608459912e+00 5.821366553210686718e-07 -4.600764824944050702e+00 1.342498399261021614e+09
8.479074533313449681e-04 -1.946795089476451857e+00 -2.269277596036372913e+00 2.496640582593500304e-07 -5.430824976645962643e+00 1.342498399262828827e+09
8.484219270687265013e-04 -1.947719193997978326e+00 -2.369245737692267983e+00 9.924870041779507165e-07 -4.463348313432392800e+00 1.342498399264574051e+09
8.550047939292833472e-04 -1.935272209358686490e+00 -2.293424595833001955e+00 9.482274661579434619e-07 -4.524415475814414833e+00 1.342498399264891624e+09
8.543794302973092315e-04 -1.940152592649937002e+00 -2.452441772295832045e+00 2.075605059725521318e-07 -5.593666293431938996e+00 1.342498399265425444e+09
8.534980490409178715e-04 -1.934435793790589830e+00 -2.369868315629449107e+00 1.647104747122615841e-07 -5.644338701803927272e+00 1.342498399267531633e+09
8.534980490409178715e-04 -1.934435793790589830e+00 -2.369868315629449107e+00 1.647104747122615841e-07 -5.644338701803927272e+00 1.342498399267531633e+09
8.500378200385319723e-04 -1.940970139882315149e+00 -2.330147165700868772e+00 3.592804404343103002e-07 -5.271648998079957238e+00 1.342498399267639399e+09
8.500378200385319723e-04 -1.940970139882315149e+00 -2.330147165700868772e+00 3.592804404343103002e-07 -5.271648998079957238e+00 1.342498399267639399e+09
8.502875209016633011e-04 -1.941055592301273114e+00 -2.248216021966772615e+00 2.139358869261948209e-07 -5.475094305204571299e+00 1.342498399267785788e+09
8.507993273075290181e-04 -1.942917078041774381e+00 -2.320993826694809581e+00 5.309802605930786500e-07 -5.009486428902688360e+00 1.342498399272970915e+09
8.539819539557840173e-04 -1.936687748907130358e+00 -2.455642781633654348e+00 6.832865581919186413e-07 -4.473694146503248703e+00 1.342498399273563147e+09
8.539819539557840173e-04 -1.936687748907130358e+00 -2.455642781633654348e+00 6.832865581919186413e-07 -4.473694146503248703e+00 1.342498399273563147e+09
8.572137261132480946e-04 -1.932999269140610155e+00 -2.385251536433851349e+00 1.441512309166511067e-07 -5.833933842874155395e+00 1.342498399274384737e+09
8.592426261272804186e-04 -1.933205317166124315e+00 -2.387968719069240464e+00 1.885826026878678075e-07 -5.608700342318296173e+00 1.342498399275533199e+09
8.502409809818930932e-04 -1.946508778756541158e+00 -2.349463308714407894e+00 8.786564019152942492e-07 -4.555268140322525028e+00 1.342498399275651932e+09
8.502409809818930932e-04 -1.946508778756541158e+00 -2.349463308714407894e+00 8.786564019152942492e-07 -4.555268140322525028e+00 1.342498399275651932e+09
8.576558740975734297e-04 -1.937546703720191665e+00 -2.309721077611923690e+00 7.821735389647160437e-07 -4.564969238130010432e+00 1.342498399279319525e+09
8.449056433009263789e-04 -1.946642139362914303e+00 -2.321703865253951893e+00 5.503838310595852301e-07 -4.747886299687065659e+00 1.342498399279786825e+09
8.516044723543283405e-04 -1.941149424476848129e+00 -2.458476551091739903e+00 1.820870401471798937e-06 -3.813326234814253368e+00 1.342498399285146236e+09
8.516044723543283405e-04 -1.941149424476848129e+00 -2.458476551091739903e+00 1.820870401471798937e-06 -3.813326234814253368e+00 1.342498399285146236e+09
8.552405565521872073e-04 -1.938313712054029914e+00 -2.438951482286045191e+00 4.780623099343585423e-07 -4.775243568835631613e+00 1.342498399285855055e+09
8.552405565521872073e-04 -1.938313712054029914e+00 -2.438951482286045191e+00 4.780623099343585423e-07 -4.775243568835631613e+00 1.342498399285855055e+09
8.571053331331501216e-04 -1.933632327749613911e+00 -2.345824699881835507e+00 1.350638171430156906e-06 -3.977963864486390833e+00 1.342498399285879850e+09
8.478226118987174879e-04 -1.948650836597414004e+00 -2.334417355032505803e+00 5.799568631862910952e-07 -4.836602238265951925e+00 1.342498399289674282e+09
8.574345382389734821e-04 -1.935553834215844926e+00 -2.459122110203713962e+00 1.333683503624473787e-06 -4.028096384412014785e+00 1.342498399289686203e+09
8.574345382389734821e-04 -1.935553834215844926e+00 -2.459122110203713962e+00 1.333683503624473787e-06 -4.028096384412014785e+00 1.342498399289686203e+09
8.584793909258212194e-04 -1.934540365633457215e+00 -2.478029441747057859e+00 6.975624264089450385e-07 -4.758819542245483980e+00 1.342498399292309999e+09
8.584793909258212194e-04 -1.934540365633457215e+00 -2.478029441747057859e+00 6.975624264089450385e-07 -4.758819542245483980e+00 1.342498399292309999e+09
8.566629957376465298e-04 -1.932276210487968715e+00 -2.412229424557543744e+00 2.028619031108472834e-07 -5.430346614917971770e+00 1.342498399293734074e+09
8.566895324373374884e-04 -1.933968076626673804e+00 -2.307003770280408705e+00 4.907527587356903302e-07 -5.020523194900057717e+00 1.342498399293740034e+09
8.566895324373374884e-04 -1.933968076626673804e+00 -2.307003770280408705e+00 4.907527587356903302e-07 -5.020523194900057717e+00 1.342498399293740034e+09
8.489278476992757633e-04 -1.941173223078108911e+00 -2.290013068670368135e+00 1.416645111059072048e-06 -4.135671018076145344e+00 1.342498399294955969e+09
8.489278476992757633e-04 -1.941173223078108911e+00 -2.290013068670368135e+00 1.416645111059072048e-06 -4.135671018076145344e+00 1.342498399294955969e+09
8.496693297574258461e-04 -1.941372158524062641e+00 -2.327320089718992513e+00 2.082722087601241090e-06 -3.731637185268546375e+00 1.342498399295145750e+09
8.559291332426758551e-04 -1.937844789986532756e+00 -2.455561733364903798e+00 1.387504188947196289e-06 -4.005111390412245065e+00 1.342498399295274496e+09
8.596120277250810697e-04 -1.930878514236635812e+00 -2.448503359853712702e+00 1.609150108821188755e-06 -4.039054907456787191e+00 1.342498399298379183e+09
8.562449074133169410e-04 -1.937631336557505524e+00 -2.275964352706604465e+00 3.545373941022687134e-07 -5.127700791963498261e+00 1.342498399298848867e+09
8.562449074133169410e-04 -1.937631336557505524e+00 -2.275964352706604465e+00 3.545373941022687134e-07 -5.127700791963498261e+00 1.342498399298848867e+09
8.563322409492944926e-04 -1.936385864230836695e+00 -2.463238562761341122e+00 5.844928182377736557e-07 -4.620575465254276537e+00 1.342498399300385714e+09
8.559074590917867655e-04 -1.939735705495469142e+00 -2.491374565868853086e+00 6.515581992706520380e-07 -4.740980046688903826e+00 1.342498399301902056e+09
8.590683296633762909e-04 -1.933805664222990828e+00 -2.436538335475661121e+00 1.289847268280836171e-06 -4.071881306610981355e+00 1.342498399303718328e+09
8.500133383865180739e-04 -1.939317344924069708e+00 -2.330852898166411169e+00 1.412306836396441472e-07 -5.709130868502267475e+00 1.342498399304380655e+09
8.539812774597142428e-04 -1.934286607609784214e+00 -2.285464275169980741e+00 3.697479991032204206e-07 -5.126155952773258306e+00 1.342498399306204796e+09
8.465432716106786664e-04 -1.944902402414157905e+00 -2.391508146174190053e+00 8.116752228446424136e-07 -4.438626247335719199e+00 1.342498399306610584e+09
8.465432716106786664e-04 -1.944902402414157905e+00 -2.391508146174190053e+00 8.116752228446424136e-07 -4.438626247335719199e+00 1.342498399306610584e+09
8.515965872936040850e-04 -1.937185850247799879e+00 -2.310236994437798064e+00 5.775449400540723021e-07 -4.871951984607790109e+00 1.342498399306657076e+09
8.515965872936040850e-04 -1.937185850247799879e+00 -2.310236994437798064e+00 5.775449400540723021e-07 -4.871951984607790109e+00 1.342498399306657076e+09
8.531005110743359286e-04 -1.935803150515391646e+00 -2.286930589543038739e+00 2.467772320533271906e-07 -5.448399430644433217e+00 1.342498399309166431e+09
8.593812309647439569e-04 -1.933327673845449235e+00 -2.482003542737817536e+00 1.310214807341024568e-06 -4.091739175614963031e+00 1.342498399309645653e+09
8.463240351802812922e-04 -1.946692937063079221e+00 -2.392752439254577812e+00 1.127456226427157478e-06 -4.346573972525674456e+00 1.342498399312691689e+09
8.463240351802812922e-04 -1.946692937063079221e+00 -2.392752439254577812e+00 1.127456226427157478e-06 -4.346573972525674456e+00 1.342498399312691689e+09
8.522166236777125974e-04 -1.938639545064670067e+00 -2.397993592824416709e+00 1.016949097823071885e-07 -5.933850149361165727e+00 1.342498399313790798e+09
8.506030677668075879e-04 -1.945264169935065013e+00 -2.447875205450169123e+00 7.354626625954841375e-07 -4.697796516499233022e+00 1.342498399314650297e+09
8.544688489718902302e-04 -1.936065069071876144e+00 -2.401615308817919736e+00 1.329007593100365163e-06 -3.973076156118549918e+00 1.342498399314882994e+09
8.544688489718902302e-04 -1.936065069071876144e+00 -2.401615308817919736e+00 1.329007593100365163e-06 -3.973076156118549918e+00 1.342498399314882994e+09
8.610456163954264067e-04 -1.930369336700591631e+00 -2.393814133906284169e+00 7.207299707895038652e-07 -4.529541861034601880e+00 1.342498399316361904e+09
8.555048998854495636e-04 -1.941006993631604116e+00 -2.367492529617774899e+00 6.583835796489158147e-07 -4.721376431483179203e+00 1.342498399316611528e+09
8.525050354121584866e-04 -1.942364604248198789e+00 -2.382133629195608560e+00 7.691009812510327556e-07 -4.439008030375443781e+00 1.342498399317877531e+09
8.568437718855543162e-04 -1.931856263971631904e+00 -2.307203782976315232e+00 9.821185137467912714e-07 -4.298824915943667335e+00 1.342498399317988873e+09
8.559762512261069123e-04 -1.939202895869404752e+00 -2.336378794581865481e+00 5.618294541413655376e-07 -4.723670926046112939e+00 1.342498399319509983e+09
8.531160632183901671e-04 -1.937193883959900109e+00 -2.413070042753294953e+00 2.154608690272932287e-07 -5.337027343288968773e+00 1.342498399320577145e+09
8.531160632183901671e-04 -1.937193883959900109e+00 -2.413070042753294953e+00 2.154608690272932287e-07 -5.337027343288968773e+00 1.342498399320577145e+09
8.487732130751837311e-04 -1.945989101793262899e+00 -2.474625384734379097e+00 3.853160105269669805e-07 -5.068902521298666031e+00 1.342498399321506262e+09
8.462255219272127489e-04 -1.944515606846842104e+00 -2.392995005934784647e+00 3.286664538358621065e-07 -5.244123142401256210e+00 1.342498399321851015e+09
8.540629758274244495e-04 -1.939283229885991666e+00 -2.434161939933350727e+00 2.152784756787399424e-06 -3.868080577612468929e+00 1.342498399322545767e+09
8.461400479439028623e-04 -1.944091829576372721e+00 -2.294523124520964075e+00 3.932772038629939632e-07 -5.118260433026144085e+00 1.342498399323698044e+09
8.500777296772135888e-04 -1.940331455514292980e+00 -2.418260860877951224e+00 1.806880870265775986e-07 -5.505431746253943714e+00 1.342498399326187849e+09
8.500777296772135888e-04 -1.940331455514292980e+00 -2.418260860877951224e+00 1.806880870265775986e-07 -5.505431746253943714e+00 1.342498399326187849e+09
8.568220318576038252e-04 -1.933398515201302015e+00 -2.402691971816535155e+00 1.683846578387072307e-07 -5.743520124167305951e+00 1.342498399331205130e+09
8.568220318576038252e-04 -1.933398515201302015e+00 -2.402691971816535155e+00 1.683846578387072307e-07 -5.743520124167305951e+00 1.342498399331205130e+09
8.564149671845863298e-04 -1.936565979196390286e+00 -2.401036616883476693e+00 2.458391497828380868e-07 -5.521065035495194451e+00 1.342498399331995010e+09
8.564149671845863298e-04 -1.936565979196390286e+00 -2.401036616883476693e+00 2.458391497828380868e-07 -5.521065035495194451e+00 1.342498399331995010e+09
8.464988790744424696e-04 -1.944774775136860923e+00 -2.374794618508071053e+00 4.513083856316129347e-07 -4.855786850582094694e+00 1.342498399332369089e+09
8.464988790744424696e-04 -1.944774775136860923e+00 -2.374794618508071053e+00 4.513083856316129347e-07 -4.855786850582094694e+00 1.342498399332369089e+09
8.501720518827716837e-04 -1.939492766202009610e+00 -2.411479328009791256e+00 2.045258194480040834e-07 -5.606207688801068123e+00 1.342498399334383011e+09
8.576282104973040853e-04 -1.936908436283816037e+00 -2.310552585630618605e+00 1.394208437384819492e-06 -4.097738567225859718e+00 1.342498399335711002e+09
8.498243231456269024e-04 -1.941949057178162352e+00 -2.481159924214511481e+00 1.124452575410902046e-06 -4.371796544225007075e+00 1.342498399335820675e+09
8.498243231456269024e-04 -1.941949057178162352e+00 -2.481159924214511481e+00 1.124452575410902046e-06 -4.371796544225007075e+00 1.342498399335820675e+09
8.504809288398935919e-04 -1.943426104014368327e+00 -2.294731696948257849e+00 1.586138770442938118e-07 -5.660189869093322557e+00 1.342498399338292837e+09
8.504809288398935919e-04 -1.943426104014368327e+00 -2.294731696948257849e+00 1.586138770442938118e-07 -5.660189869093322557e+00 1.342498399338292837e+09
8.505693656892296785e-04 -1.945200822812335195e+00 -2.455174932395755238e+00 3.854008153861830086e-07 -5.103361529203479741e+00 1.342498399338292837e+09
8.527436041966911500e-04 -1.939075049984557486e+00 -2.464011678644713932e+00 7.251922408170878676e-07 -4.442510762354980436e+00 1.342498399340122938e+09
8.527436041966911500e-04 -1.939075049984557486e+00 -2.464011678644713932e+00 7.251922408170878676e-07 -4.442510762354980436e+00 1.342498399340122938e+09
8.480236418151244253e-04 -1.947407984232088829e+00 -2.316785000233471781e+00 2.446377288615921360e-07 -5.459949280925101789e+00 1.342498399341465235e+09
8.517008104161642376e-04 -1.938519924473506517e+00 -2.289047034432121208e+00 1.520199166461175571e-06 -4.117596937821101477e+00 1.342498399347380638e+09
8.517008104161642376e-04 -1.938519924473506517e+00 -2.289047034432121208e+00 1.520199166461175571e-06 -4.117596937821101477e+00 1.342498399347380638e+09
8.450152296314596394e-04 -1.946219240695620911e+00 -2.320417069382810560e+00 4.468673038959164771e-07 -5.031384967697784205e+00 1.342498399348562241e+09
8.533232139967906809e-04 -1.937634419134240504e+00 -2.364349666496154523e+00 1.901813694864821130e-06 -3.722904923570924396e+00 1.342498399349327564e+09
8.594146406945053383e-04 -1.932212912612742528e+00 -2.362627900653802460e+00 1.147344609213122958e-06 -4.371732352802727206e+00 1.342498399349495888e+09
8.507374252926506617e-04 -1.938215365547998781e+00 -2.303133522157142732e+00 8.251257113208227651e-07 -4.589608323579916771e+00 1.342498399350718260e+09
8.573440675656327859e-04 -1.937159019232318924e+00 -2.391997109124521792e+00 6.399494313081441908e-07 -4.836892684442898549e+00 1.342498399354065895e+09
8.573440675656327859e-04 -1.937159019232318924e+00 -2.391997109124521792e+00 6.399494313081441908e-07 -4.836892684442898549e+00 1.342498399354065895e+09
8.549604847438441180e-04 -1.937233603368495150e+00 -2.494533282789420436e+00 1.881533133760883685e-06 -3.958146092867766086e+00 1.342498399354771376e+09
8.549604847438441180e-04 -1.937233603368495150e+00 -2.494533282789420436e+00 1.881533133760883685e-06 -3.958146092867766086e+00 1.342498399354771376e+09
8.522318810222435015e-04 -1.936164517169035149e+00 -2.315246241299370400e+00 4.090249775426048533e-07 -5.107499231406844586e+00 1.342498399357411861e+09
8.527942039116047585e-04 -1.935402860781221035e+00 -2.429863768102030086e+00 5.383961665428484529e-07 -4.717902329241219661e+00 1.342498399358148336e+09
8.527942039116047585e-04 -1.935402860781221035e+00 -2.429863768102030086e+00 5.383961665428484529e-07 -4.717902329241219661e+00 1.342498399358148336e+09
8.482074000840527121e-04 -1.946126796837496453e+00 -2.434777992784669998e+00 1.011167740473348509e-06 -4.306402460861619375e+00 1.342498399360269547e+09
8.553551545156300260e-04 -1.934491921064646069e+00 -2.454268379137523048e+00 2.198156629950838832e-07 -5.353614750230194730e+00 1.342498399361049414e+09
8.598607074798555669e-04 -1.931542254260797176e+00 -2.464345342027642438e+00 3.159574390162664795e-07 -5.274076553969577752e+00 1.342498399363069296e+09
8.557210647968605194e-04 -1.940075291118880108e+00 -2.408621977524819879e+00 1.514955095353949819e-06 -4.059195874555243222e+00 1.342498399364436626e+09
8.527120044969070146e-04 -1.937084818424984478e+00 -2.275007943571017321e+00 1.661625615904574554e-07 -5.688890026837142955e+00 1.342498399364535570e+09
8.504923873421837196e-04 -1.943135979201509711e+00 -2.409239738647503515e+00 3.135727708340075502e-07 -5.098113248283067556e+00 1.342498399366413355e+09
8.562414944274868980e-04 -1.935307120447051332e+00 -2.313762718605331337e+00 7.917961879721479937e-07 -4.379731698331379874e+00 1.342498399366511822e+09
8.542074622563468637e-04 -1.937374763763472618e+00 -2.370257626456766076e+00 2.750155570972163776e-06 -3.612417368954426777e+00 1.342498399367681503e+09
8.529029507020447582e-04 -1.937624841056465153e+00 -2.249645882065437696e+00 9.707665933505913103e-07 -4.419076984285949194e+00 1.342498399369118452e+09
8.477110719566221001e-04 -1.946766233903568732e+00 -2.271569558131013800e+00 7.012851197358734032e-07 -4.571183755424207185e+00 1.342498399374355793e+09
8.477110719566221001e-04 -1.946766233903568732e+00 -2.271569558131013800e+00 7.012851197358734032e-07 -4.571183755424207185e+00 1.342498399374355793e+09
8.522312256150817991e-04 -1.936267594359144972e+00 -2.389310322326175129e+00 6.654429452281366221e-07 -4.533297186042996252e+00 1.342498399375321865e+09
8.578297990465642148e-04 -1.934125874081694230e+00 -2.369638309787445607e+00 1.435258596470807638e-07 -5.815016086580052423e+00 1.342498399376088381e+09
8.527705319931123051e-04 -1.938639517020281700e+00 -2.453331012572269376e+00 1.207748078980113961e-07 -5.832528930088846764e+00 1.342498399377057076e+09
8.546585789443840800e-04 -1.936086761676568679e+00 -2.468976440890647606e+00 1.654598688699404486e-07 -5.579387885617625997e+00 1.342498399377099514e+09
8.546585789443840800e-04 -1.936086761676568679e+00 -2.468976440890647606e+00 1.654598688699404486e-07 -5.579387885617625997e+00 1.342498399377099514e+09
8.532878913855606240e-04 -1.935091786741178321e+00 -2.350355270783989425e+00 5.808117402731842552e-07 -4.863153667618696829e+00 1.342498399379391909e+09
8.464521698541280833e-04 -1.944802526310037250e+00 -2.313591033818562348e+00 1.546644850031265576e-07 -5.720314286610733490e+00 1.342498399380527973e+09
8.569421200383814385e-04 -1.935744120039912364e+00 -2.485980808707463741e+00 9.141991114297062975e-07 -4.307596628202382760e+00 1.342498399383354187e+09
8.581998958247360337e-04 -1.936558360828734227e+00 -2.457086782907987210e+00 9.344919624350980301e-07 -4.505691459212236794e+00 1.342498399385594368e+09
8.496160533092708212e-04 -1.942346516070309725e+00 -2.458605953941407574e+00 1.444258155330681472e-06 -4.159239904301223589e+00 1.342498399385636091e+09
8.599613280776049204e-04 -1.931059474861646308e+00 -2.457429702011157069e+00 1.531461708131967606e-06 -3.991638022624029780e+00 1.342498399386753321e+09
8.599613280776049204e-04 -1.931059474861646308e+00 -2.457429702011157069e+00 1.531461708131967606e-06 -3.991638022624029780e+00 1.342498399386753321e+09
8.586437606882688566e-04 -1.931679128909277399e+00 -2.448919704240429596e+00 3.576811062998871967e-07 -5.012363369803722435e+00 1.342498399387829781e+09
8.586437606882688566e-04 -1.931679128909277399e+00 -2.448919704240429596e+00 3.576811062998871967e-07 -5.012363369803722435e+00 1.342498399387829781e+09
8.487231025198741126e-04 -1.942542032261309837e+00 -2.477027961335876771e+00 2.593564127201318695e-07 -5.298900945286657560e+00 1.342498399388069868e+09
8.593770268694218709e-04 -1.934747862615776803e+00 -2.444375251565747753e+00 4.179454027812719599e-07 -5.038895911928154447e+00 1.342498399388286352e+09
8.477557844610685359e-04 -1.947495791310554614e+00 -2.336112445735333942e+00 1.475387885489705834e-06 -4.114459097400610332e+00 1.342498399391777515e+09
8.477557844610685359e-04 -1.947495791310554614e+00 -2.336112445735333942e+00 1.475387885489705834e-06 -4.114459097400610332e+00 1.342498399391777515e+09
8.550158026835168613e-04 -1.938115200939252158e+00 -2.375954628481428355e+00 2.088388589275607360e-06 -3.911008045989066595e+00 1.342498399392459869e+09
8.550158026835168613e-04 -1.938115200939252158e+00 -2.375954628481428355e+00 2.088388589275607360e-06 -3.911008045989066595e+00 1.342498399392459869e+09
8.496383166033129016e-04 -1.944838286769078106e+00 -2.370663770563652406e+00 9.148770384898225826e-07 -4.317110092094478269e+00 1.342498399393383265e+09
8.542906223877970700e-04 -1.935533510335153862e+00 -2.475029728744948976e+00 2.350744597880523245e-07 -5.312594871802833296e+00 1.342498399393417835e+09
8.542906223877970700e-04 -1.935533510335153862e+00 -2.475029728744948976e+00 2.350744597880523245e-07 -5.312594871802833296e+00 1.342498399393417835e+09
8.487167245875131558e-04 -1.941424370282346601e+00 -2.483415192109294178e+00 6.567717260612308852e-07 -4.642820105591321855e+00 1.342498399393794775e+09
8.500952439526542320e-04 -1.944749512047230011e+00 -2.458699589002453667e+00 2.510278140179522842e-07 -5.402844419249840158e+00 1.342498399394592047e+09
8.500952439526542320e-04 -1.944749512047230011e+00 -2.458699589002453667e+00 2.510278140179522842e-07 -5.402844419249840158e+00 1.342498399394592047e+09
8.456949768630158499e-04 -1.946833117954271941e+00 -2.275477801842792136e+00 2.413806435513194100e-07 -5.401768831215634670e+00 1.342498399396030426e+09
8.570449885997170111e-04 -1.932286281526374605e+00 -2.349398031007051024e+00 1.896135191112842797e-06 -3.833734820801124599e+00 1.342498399396711588e+09
8.468070711561944200e-04 -1.944361723771720563e+00 -2.254382508814616770e+00 6.956686750253819175e-07 -4.616753955768309936e+00 1.342498399398137569e+09
8.527270296350861157e-04 -1.942409069648035613e+00 -2.302332029296230598e+00 1.825014125076288859e-06 -3.975243321563799448e+00 1.342498399399228334e+09
8.515610694579159009e-04 -1.940667092347114986e+00 -2.265350844264758745e+00 7.872630955663499725e-07 -4.676100171258800842e+00 1.342498399399664879e+09
8.515610694579159009e-04 -1.940667092347114986e+00 -2.265350844264758745e+00 7.872630955663499725e-07 -4.676100171258800842e+00 1.342498399399664879e+09
8.532904466479015364e-04 -1.941009068837896256e+00 -2.345251093751691496e+00 3.045283859378974067e-07 -5.386527911562932758e+00 1.342498399400445938e+09
8.532904466479015364e-04 -1.941009068837896256e+00 -2.345251093751691496e+00 3.045283859378974067e-07 -5.386527911562932758e+00 1.342498399400445938e+09
8.521921481948110120e-04 -1.938580979833428808e+00 -2.446917579959012379e+00 1.119480820888324665e-06 -4.129508248405741710e+00 1.342498399402246237e+09
8.479863292999342264e-04 -1.947495165237618897e+00 -2.402558204553709498e+00 1.077272036986786645e-06 -4.366440678447018442e+00 1.342498399405360460e+09
8.526859145261042041e-04 -1.940760783655757660e+00 -2.369423688616282497e+00 9.961426726564374875e-07 -4.204990964073873627e+00 1.342498399406752825e+09
8.526859145261042041e-04 -1.940760783655757660e+00 -2.369423688616282497e+00 9.961426726564374875e-07 -4.204990964073873627e+00 1.342498399406752825e+09
8.598098355511126813e-04 -1.931323311659711939e+00 -2.303335141599955449e+00 7.334545419858773189e-07 -4.636184869936010422e+00 1.342498399407853842e+09
8.598098355511126813e-04 -1.931323311659711939e+00 -2.303335141599955449e+00 7.334545419858773189e-07 -4.636184869936010422e+00 1.342498399407853842e+09
8.571781126577010914e-04 -1.931674269222819706e+00 -2.464405942686466400e+00 7.794514469125011420e-07 -4.617048205592966248e+00 1.342498399411297798e+09
8.611369616454225568e-04 -1.931391624126000073e+00 -2.352771110709932501e+00 5.838332179246704293e-07 -4.784042901296779782e+00 1.342498399411866665e+09
8.611369616454225568e-04 -1.931391624126000073e+00 -2.352771110709932501e+00 5.838332179246704293e-07 -4.784042901296779782e+00 1.342498399411866665e+09
8.524716983109599912e-04 -1.936717050565516685e+00 -2.484626317840371357e+00 9.678500892156048050e-07 -4.439927097645341547e+00 1.342498399412985802e+09
8.524716983109599912e-04 -1.936717050565516685e+00 -2.484626317840371357e+00 9.678500892156048050e-07 -4.439927097645341547e+00 1.342498399412985802e+09
8.489283339789836704e-04 -1.945637567253860167e+00 -2.364228322673321614e+00 1.637254112430374013e-06 -4.080672198799541128e+00 1.342498399414716482e+09
8.570943158591444802e-04 -1.936465989173359326e+00 -2.380299379074759969e+00 1.625964226707063942e-07 -5.705887723420106639e+00 1.342498399416826725e+09
8.570943158591444802e-04 -1.936465989173359326e+00 -2.380299379074759969e+00 1.625964226707063942e-07 -5.705887723420106639e+00 1.342498399416826725e+09
8.535285977975062572e-04 -1.934092440004552937e+00 -2.310339986656047007e+00 4.510913032119548673e-07 -4.933445579781441381e+00 1.342498399417478085e+09
8.535285977975062572e-04 -1.934092440004552937e+00 -2.310339986656047007e+00 4.510913032119548673e-07 -4.933445579781441381e+00 1.342498399417478085e+09
8.555532052335627826e-04 -1.933211810522377894e+00 -2.351454117270946220e+00 1.707303259946880356e-06 -3.944317091528406038e+00 1.342498399418193102e+09
8.555532052335627826e-04 -1.933211810522377894e+00 -2.351454117270946220e+00 1.707303259946880356e-06 -3.944317091528406038e+00 1.342498399418193102e+09
8.561409917654816144e-04 -1.932060496900108726e+00 -2.397152346668555367e+00 1.318135876558483595e-06 -4.132417965112272995e+00 1.342498399418474197e+09
8.561409917654816144e-04 -1.932060496900108726e+00 -2.397152346668555367e+00 1.318135876558483595e-06 -4.132417965112272995e+00 1.342498399418474197e+09
8.554001758678426168e-04 -1.934080489979125517e+00 -2.469288402937050986e+00 1.645114443446154821e-06 -3.924642665777309247e+00 1.342498399418794870e+09
8.518459432019806574e-04 -1.940180996231532617e+00 -2.259677418477154198e+00 1.751262468913242951e-07 -5.652801369938917908e+00 1.342498399419374704e+09
8.518459432019806574e-04 -1.940180996231532617e+00 -2.259677418477154198e+00 1.751262468913242951e-07 -5.652801369938917908e+00 1.342498399419374704e+09
8.524810549237569340e-04 -1.940101666934996194e+00 -2.458485348261878034e+00 7.802309627987364403e-07 -4.399977292574582144e+00 1.342498399419940472e+09
8.549466914618310265e-04 -1.937860761875674243e+00 -2.347354481158174355e+00 3.180561859844538343e-07 -5.061613748814565383e+00 1.342498399419986725e+09
8.567504426743280561e-04 -1.933231379155575747e+00 -2.283097013305096290e+00 1.058304740116997838e-06 -4.371371222283224611e+00 1.342498399420991182e+09
8.447097261949684365e-04 -1.948593317624851551e+00 -2.274991319887712748e+00 6.305139092214664962e-07 -4.729500800808998484e+00 1.342498399423527002e+09
8.500745589215630369e-04 -1.940781254758935148e+00 -2.239939958046111901e+00 5.751661249589002212e-07 -4.796040979920663361e+00 1.342498399424112082e+09
8.505515397746682763e-04 -1.944345321703972784e+00 -2.459180210271696865e+00 8.892588480221068321e-07 -4.393977806626502058e+00 1.342498399424988747e+09
8.506657159443427796e-04 -1.938551079529707621e+00 -2.266319000824140950e+00 7.698836525238782530e-07 -4.511670179187236229e+00 1.342498399425657988e+09
8.498020531097459640e-04 -1.938670361832106170e+00 -2.409488130917018189e+00 3.726132041932537714e-07 -5.125597012061279933e+00 1.342498399426337242e+09
8.498020531097459640e-04 -1.938670361832106170e+00 -2.409488130917018189e+00 3.726132041932537714e-07 -5.125597012061279933e+00 1.342498399426337242e+09
8.504269004356490493e-04 -1.945029810022974148e+00 -2.316999162455207095e+00 7.698463721086393835e-07 -4.481558703954469536e+00 1.342498399426341295e+09
8.569174667205528388e-04 -1.932532733573643524e+00 -2.348643722345935103e+00 2.313584357280069139e-07 -5.326042826947537279e+00 1.342498399426772833e+09
8.503526786453714185e-04 -1.940174841419725071e+00 -2.321628919550900783e+00 1.000597808381340045e-06 -4.205412033628803670e+00 1.342498399428902626e+09
8.500725621055472232e-04 -1.939118398014150646e+00 -2.443287149841023354e+00 5.065083466326316858e-07 -4.776726644369908570e+00 1.342498399431395531e+09
8.512037297770293090e-04 -1.937590570449106542e+00 -2.278482879567534702e+00 2.474628616541963900e-07 -5.382765339139029770e+00 1.342498399432928085e+09
8.568296178834316264e-04 -1.938382192017422234e+00 -2.371232839784407354e+00 3.928047704004922805e-07 -5.030000661996901989e+00 1.342498399434137583e+09
8.568296178834316264e-04 -1.938382192017422234e+00 -2.371232839784407354e+00 3.928047704004922805e-07 -5.030000661996901989e+00 1.342498399434137583e+09
8.496725061529320595e-04 -1.945301907739423797e+00 -2.337846288772171821e+00 2.167914282499186490e-07 -5.581111991664535310e+00 1.342498399434705019e+09
8.560796224426650515e-04 -1.934143234401666911e+00 -2.286085414192193799e+00 2.242738836790011315e-07 -5.405790011994225708e+00 1.342498399435626507e+09
8.514695419354000819e-04 -1.938830681028995251e+00 -2.442385322732756325e+00 1.448297796458454429e-07 -5.826374260897088320e+00 1.342498399436364174e+09
8.519210475904835872e-04 -1.939417001736219559e+00 -2.256369875999590047e+00 4.108783470459315491e-07 -4.929216585353774605e+00 1.342498399439077616e+09
8.519210475904835872e-04 -1.939417001736219559e+00 -2.256369875999590047e+00 4.108783470459315491e-07 -4.929216585353774605e+00 1.342498399439077616e+09
8.605731063054550007e-04 -1.930171696721136865e+00 -2.355578049195849566e+00 9.117153491130207481e-07 -4.499428127391365884e+00 1.342498399439474106e+09
8.605731063054550007e-04 -1.930171696721136865e+00 -2.355578049195849566e+00 9.117153491130207481e-07 -4.499428127391365884e+00 1.342498399439474106e+09
8.528246623319218032e-04 -1.943573138253695598e+00 -2.333164140263673580e+00 4.044846713043205509e-07 -5.067269566825159721e+00 1.342498399441209078e+09
8.528246623319218032e-04 -1.943573138253695598e+00 -2.333164140263673580e+00 4.044846713043205509e-07 -5.067269566825159721e+00 1.342498399441209078e+09
8.486041069787597082e-04 -1.942103292413979165e+00 -2.401187944115901196e+00 6.518793790800786092e-07 -4.801618874856899311e+00 1.342498399441252947e+09
8.554733144092729630e-04 -1.935883016196771056e+00 -2.324756769392493094e+00 1.324649811676044890e-06 -4.283193128339950917e+00 1.342498399441412926e+09
8.479946178439297984e-04 -1.942776103154187917e+00 -2.315788634500448584e+00 1.795617679369464528e-07 -5.697205233267652602e+00 1.342498399442602396e+09
8.564517282372275091e-04 -1.935008233713774839e+00 -2.452047550848588831e+00 2.129270146226149123e-07 -5.595826933315221297e+00 1.342498399444264650e+09
8.564517282372275091e-04 -1.935008233713774839e+00 -2.452047550848588831e+00 2.129270146226149123e-07 -5.595826933315221297e+00 1.342498399444264650e+09
8.573903291047879930e-04 -1.936811723936454399e+00 -2.365776286911131177e+00 3.735557291378959411e-07 -5.019863577502840180e+00 1.342498399444783926e+09
8.548936275091687746e-04 -1.934960463273955655e+00 -2.262036374441963371e+00 9.059015179686954421e-07 -4.445283984717364412e+00 1.342498399444963217e+09
8.548936275091687746e-04 -1.934960463273955655e+00 -2.262036374441963371e+00 9.059015179686954421e-07 -4.445283984717364412e+00 1.342498399444963217e+09
8.509955673992213639e-04 -1.939732369106152099e+00 -2.312493377386159565e+00 9.429526541822165090e-08 -6.059268031965463486e+00 1.342498399445762157e+09
8.494510765954666051e-04 -1.943527603147155558e+00 -2.474008690645664199e+00 3.525274088762909096e-07 -5.051698064551685796e+00 1.342498399446036339e+09
8.525019622306146067e-04 -1.936666181946649967e+00 -2.323717724008531160e+00 1.013724457846727402e-06 -4.212848668518399897e+00 1.342498399449169159e+09
8.525019622306146067e-04 -1.936666181946649967e+00 -2.323717724008531160e+00 1.013724457846727402e-06 -4.212848668518399897e+00 1.342498399449169159e+09
8.521283409135593833e-04 -1.938113125418160942e+00 -2.256851582594640249e+00 2.676290510658992363e-07 -5.372557072664565503e+00 1.342498399450809479e+09
8.499922958426521773e-04 -1.943285206811312671e+00 -2.351428463950186121e+00 3.584410732542154987e-07 -4.980493056722419709e+00 1.342498399451019526e+09
8.499922958426521773e-04 -1.943285206811312671e+00 -2.351428463950186121e+00 3.584410732542154987e-07 -4.980493056722419709e+00 1.342498399451019526e+09
8.540973895288700478e-04 -1.935241873639879095e+00 -2.488881910800336605e+00 1.425490565078561803e-06 -4.079803110194437643e+00 1.342498399451069117e+09
8.520376192763193940e-04 -1.937640552774644531e+00 -2.321452396890863135e+00 1.052132447476190615e-07 -5.967899516931035819e+00 1.342498399451101780e+09
8.539463579841829457e-04 -1.936271886793221375e+00 -2.291577988335573135e+00 3.523196640375371317e-07 -5.249727701722478379e+00 1.342498399451904774e+09
8.570762458118483251e-04 -1.935410352666203204e+00 -2.359407396728685935e+00 1.813695661046629671e-07 -5.697355953890500757e+00 1.342498399452141047e+09
8.554996249433718079e-04 -1.936707539230033470e+00 -2.449881457700110676e+00 2.485813850305184316e-06 -3.674711694107266169e+00 1.342498399452241898e+09
8.470559656218484184e-04 -1.943991321825608409e+00 -2.369619587411730954e+00 7.884729162898859704e-07 -4.443848851335342687e+00 1.342498399454705954e+09
8.567813845965266449e-04 -1.932409816079414089e+00 -2.287964072154748063e+00 3.404854543780822355e-07 -5.139081467814330395e+00 1.342498399455561638e+09
8.567813845965266449e-04 -1.932409816079414089e+00 -2.287964072154748063e+00 3.404854543780822355e-07 -5.139081467814330395e+00 1.342498399455561638e+09
8.450048704637460077e-04 -1.948463399131846518e+00 -2.370934396736133376e+00 7.270529436635160302e-07 -4.637952997683454370e+00 1.342498399460341215e+09
8.464714474738449859e-04 -1.945458572723032020e+00 -2.288322651613682090e+00 1.259676245612562050e-06 -4.165928322606913703e+00 1.342498399461102009e+09
8.499546955839457898e-04 -1.940268170198163000e+00 -2.364517911318686050e+00 1.770974659930689251e-06 -3.862961520764331524e+00 1.342498399461946249e+09
8.558118981895708379e-04 -1.932832699165097701e+00 -2.428539413923886947e+00 9.104641515666902255e-07 -4.316262068222577852e+00 1.342498399463589430e+09
8.469279134836573460e-04 -1.947597952372983832e+00 -2.302233370221594022e+00 2.232359058087858370e-07 -5.509431977443606243e+00 1.342498399464036226e+09
8.469279134836573460e-04 -1.947597952372983832e+00 -2.302233370221594022e+00 2.232359058087858370e-07 -5.509431977443606243e+00 1.342498399464036226e+09
8.575250643609425060e-04 -1.934343901854677972e+00 -2.284159574420329797e+00 1.375861430270203602e-06 -4.083595839707535369e+00 1.342498399464474678e+09
8.541752241293622998e-04 -1.940301819774573389e+00 -2.288717149242507354e+00 5.118556808943981610e-07 -4.786986427051961535e+00 1.342498399465132713e+09
8.536760487202557385e-04 -1.937458178500701456e+00 -2.484149718681032404e+00 4.097925947283699362e-07 -5.155478905236127396e+00 1.342498399465315342e+09
8.522121263123907551e-04 -1.940489037803570627e+00 -2.434218874300007052e+00 7.778085180640225341e-07 -4.712992317072956183e+00 1.342498399466213226e+09
8.514909432219507340e-04 -1.941981218338305837e+00 -2.358451097682503494e+00 2.178772999283254800e-06 -3.855275528683601571e+00 1.342498399467485189e+09
8.596273772832541864e-04 -1.930953557983664748e+00 -2.443602489226713192e+00 1.336591160692601217e-06 -4.066846878212011518e+00 1.342498399470394611e+09
8.596273772832541864e-04 -1.930953557983664748e+00 -2.443602489226713192e+00 1.336591160692601217e-06 -4.066846878212011518e+00 1.342498399470394611e+09
8.579876398649871096e-04 -1.932717030892628474e+00 -2.377351749736190900e+00 1.514965509139474173e-07 -5.690511728358600863e+00 1.342498399471378565e+09
8.579876398649871096e-04 -1.932717030892628474e+00 -2.377351749736190900e+00 1.514965509139474173e-07 -5.690511728358600863e+00 1.342498399471378565e+09
8.587741129282259892e-04 -1.931106282679383224e+00 -2.303366225366747511e+00 3.849334794901641630e-07 -5.080234439988878137e+00 1.342498399471508265e+09
8.476348098823462953e-04 -1.945167128770433074e+00 -2.435609665746074182e+00 1.250813484138343086e-06 -4.241782942998998607e+00 1.342498399471581936e+09
8.476348098823462953e-04 -1.945167128770433074e+00 -2.435609665746074182e+00 1.250813484138343086e-06 -4.241782942998998607e+00 1.342498399471581936e+09
8.601317576521928104e-04 -1.933604240449446676e+00 -2.342942829633837487e+00 6.464651224980431750e-07 -4.720294686806255413e+00 1.342498399471806526e+09
8.492265498206120165e-04 -1.944223930756499019e+00 -2.309729190731955928e+00 2.030304465748181515e-06 -3.785730639211792870e+00 1.342498399474605322e+09
8.555816073918942740e-04 -1.939048335079985641e+00 -2.347808961044792309e+00 2.075967923188441441e-06 -3.770940544487656254e+00 1.342498399475645781e+09
8.555816073918942740e-04 -1.939048335079985641e+00 -2.347808961044792309e+00 2.075967923188441441e-06 -3.770940544487656254e+00 1.342498399475645781e+09
8.512004438567683786e-04 -1.944063249745800803e+00 -2.433813267196183183e+00 2.482226135774541084e-07 -5.432676400793487126e+00 1.342498399475994349e+09
8.484796763972113180e-04 -1.942073279704120026e+00 -2.453180323480835590e+00 5.337770297790563051e-07 -4.749627639497889575e+00 1.342498399476230383e+09
8.512013265898458764e-04 -1.942265852066863863e+00 -2.438983746749433745e+00 3.505290390655378087e-07 -5.280160032392476666e+00 1.342498399476622343e+09
8.528380755809235412e-04 -1.937216976697802906e+00 -2.348824196847376200e+00 9.350293639066426736e-08 -6.085920135187464552e+00 1.342498399476759911e+09
8.528380755809235412e-04 -1.937216976697802906e+00 -2.348824196847376200e+00 9.350293639066426736e-08 -6.085920135187464552e+00 1.342498399476759911e+09
8.547482276235635621e-04 -1.934328627700361292e+00 -2.294585588320085190e+00 1.971281726046357076e-07 -5.515420062727272033e+00 1.342498399477838516e+09
8.547482276235635621e-04 -1.934328627700361292e+00 -2.294585588320085190e+00 1.971281726046357076e-07 -5.515420062727272033e+00 1.342498399477838516e+09
8.593200943484204666e-04 -1.930216143827761410e+00 -2.367876471503557401e+00 1.316885315276674452e-06 -4.186059860187150150e+00 1.342498399477972746e+09
8.575526659247921209e-04 -1.934424422560028223e+00 -2.314877767679721199e+00 1.839229156821085464e-07 -5.580845939809342404e+00 1.342498399478818178e+09
8.575526659247921209e-04 -1.934424422560028223e+00 -2.314877767679721199e+00 1.839229156821085464e-07 -5.580845939809342404e+00 1.342498399478818178e+09
8.568766217823418820e-04 -1.933426980151590202e+00 -2.489448367770924264e+00 3.667891192709014103e-07 -5.203083632167485817e+00 1.342498399480687618e+09
8.515618611550526771e-04 -1.944778946690344457e+00 -2.399683257155851734e+00 1.042103395709178627e-06 -4.340425822967525882e+00 1.342498399482529163e+09
8.477871848775812543e-04 -1.941115212680145863e+00 -2.369197372357978004e+00 4.731003842885342936e-07 -4.914428444525077211e+00 1.342498399483483791e+09
8.477871848775812543e-04 -1.941115212680145863e+00 -2.369197372357978004e+00 4.731003842885342936e-07 -4.914428444525077211e+00 1.342498399483483791e+09
8.535647347407511118e-04 -1.936085418294090976e+00 -2.374290739125556993e+00 9.266030157788535486e-07 -4.251225447113926137e+00 1.342498399484885693e+09
8.515758507270004872e-04 -1.940791762521294705e+00 -2.441274456125690939e+00 1.472258060034705673e-07 -5.686512238253037310e+00 1.342498399489004850e+09
8.542105750122823589e-04 -1.933917363557470237e+00 -2.303014331800949499e+00 3.013857621509735708e-07 -5.205491534560692024e+00 1.342498399490884304e+09
8.530617534782061620e-04 -1.938902076570506505e+00 -2.411262043485354667e+00 2.358275477574147118e-06 -3.620616565291294719e+00 1.342498399491605043e+09
8.575290155058831396e-04 -1.932496469204502132e+00 -2.301340145041853802e+00 3.061064584350213469e-07 -5.293043673025703555e+00 1.342498399492586851e+09
8.575290155058831396e-04 -1.932496469204502132e+00 -2.301340145041853802e+00 3.061064584350213469e-07 -5.293043673025703555e+00 1.342498399492586851e+09
8.516330269525763160e-04 -1.942262118845711649e+00 -2.438919480451750665e+00 1.171210972296835175e-06 -4.135770139251627953e+00 1.342498399492695570e+09
8.516330269525763160e-04 -1.942262118845711649e+00 -2.438919480451750665e+00 1.171210972296835175e-06 -4.135770139251627953e+00 1.342498399492695570e+09
8.466328568680943226e-04 -1.945513115577792052e+00 -2.442821125578722885e+00 5.544573715440418461e-07 -4.772590233892948675e+00 1.342498399493132353e+09
8.466328568680943226e-04 -1.945513115577792052e+00 -2.442821125578722885e+00 5.544573715440418461e-07 -4.772590233892948675e+00 1.342498399493132353e+09
8.537075022156074156e-04 -1.936586733939146265e+00 -2.371529514322101129e+00 2.145506428496700609e-06 -3.825084442218612324e+00 1.342498399494041443e+09
8.537075022156074156e-04 -1.936586733939146265e+00 -2.371529514322101129e+00 2.145506428496700609e-06 -3.825084442218612324e+00 1.342498399494041443e+09
8.601530544384092952e-04 -1.929651274302354613e+00 -2.404778066774964973e+00 3.221590464819922414e-07 -5.217426809746758209e+00 1.342498399494264364e+09
8.601530544384092952e-04 -1.929651274302354613e+00 -2.404778066774964973e+00 3.221590464819922414e-07 -5.217426809746758209e+00 1.342498399494264364e+09
8.538671310290468948e-04 -1.938549539271131605e+00 -2.499907919678822754e+00 2.685479229546744090e-07 -5.440752601514847520e+00 1.342498399494450808e+09
8.538671310290468948e-04 -1.938549539271131605e+00 -2.499907919678822754e+00 2.685479229546744090e-07 -5.440752601514847520e+00 1.342498399494450808e+09
8.578700447912496457e-04 -1.931748522454648009e+00 -2.364090397195568016e+00 8.994446233595303348e-07 -4.544012356219731430e+00 1.342498399495007277e+09
8.574132004083354465e-04 -1.933946768514350101e+00 -2.271874982494885842e+00 8.788021645955134712e-07 -4.435507072462430145e+00 1.342498399497067451e+09
8.574132004083354465e-04 -1.933946768514350101e+00 -2.271874982494885842e+00 8.788021645955134712e-07 -4.435507072462430145e+00 1.342498399497067451e+09
8.570197384039569995e-04 -1.935801921669658254e+00 -2.492816359901060874e+00 1.868689680608476961e-06 -3.935635000587843990e+00 1.342498399497121096e+09
8.564600869206338537e-04 -1.936907207285500920e+00 -2.478547643048476079e+00 5.194392696132412591e-07 -4.983290519399760754e+00 1.342498399497389317e+09
8.583481009284260870e-04 -1.930843561849028278e+00 -2.305170845818709235e+00 7.702528387823593115e-07 -4.564571597437254269e+00 1.342498399499082088e+09
8.539186029428516306e-04 -1.936574537997813650e+00 -2.275443010667026034e+00 3.990457022114774880e-07 -4.929847328370825288e+00 1.342498399499748945e+09
8.524206587956483514e-04 -1.941636658219488165e+00 -2.366336528146399054e+00 1.729723137546206130e-06 -4.072928428834378778e+00 1.342498399499919415e+09
8.550457943449426028e-04 -1.939848997479625803e+00 -2.389710341237278435e+00 1.404665579541908857e-06 -4.233345826631348174e+00 1.342498399502095222e+09
8.550457943449426028e-04 -1.939848997479625803e+00 -2.389710341237278435e+00 1.404665579541908857e-06 -4.233345826631348174e+00 1.342498399502095222e+09
8.592926506738018380e-04 -1.932831200347985279e+00 -2.382167238060276304e+00 1.938444875835653683e-06 -3.806798658734460439e+00 1.342498399504663944e+09
8.592926506738018380e-04 -1.932831200347985279e+00 -2.382167238060276304e+00 1.938444875835653683e-06 -3.806798658734460439e+00 1.342498399504663944e+09
8.568169163476093819e-04 -1.934793809013888088e+00 -2.265077605912414693e+00 4.704241166747313595e-07 -4.923635829436964428e+00 1.342498399507306099e+09
8.541486190205676557e-04 -1.935918053017660512e+00 -2.437736531345671587e+00 1.974271398887779148e-06 -3.861691630423368160e+00 1.342498399510028601e+09
8.561503673450325059e-04 -1.933595477315765088e+00 -2.444860298474782478e+00 8.314122531558125296e-07 -4.356292220993615238e+00 1.342498399510959864e+09
8.561503673450325059e-04 -1.933595477315765088e+00 -2.444860298474782478e+00 8.314122531558125296e-07 -4.356292220993615238e+00 1.342498399510959864e+09
8.531821935069499024e-04 -1.937367210182380894e+00 -2.433958163070883973e+00 6.985915099342655670e-07 -4.772020622117212341e+00 1.342498399512830496e+09
8.525716695087693807e-04 -1.943129193706512714e+00 -2.453149771976794291e+00 6.821686415351750766e-07 -4.757091735409606059e+00 1.342498399513150454e+09
8.525716695087693807e-04 -1.943129193706512714e+00 -2.453149771976794291e+00 6.821686415351750766e-07 -4.757091735409606059e+00 1.342498399513150454e+09
8.512582056144172302e-04 -1.940755543319630849e+00 -2.348549252384291464e+00 1.863621699503714271e-06 -3.762360534424234793e+00 1.342498399518150330e+09
8.530561744522674504e-04 -1.938384534936390846e+00 -2.467438425489765663e+00 5.981492236419247460e-07 -4.594263457029129860e+00 1.342498399518334627e+09
8.530561744522674504e-04 -1.938384534936390846e+00 -2.467438425489765663e+00 5.981492236419247460e-07 -4.594263457029129860e+00 1.342498399518334627e+09
8.485961590344406370e-04 -1.945329508496108861e+00 -2.299764958853664165e+00 2.273325797021517696e-07 -5.386152494757994624e+00 1.342498399518934011e+09
8.604028108859813201e-04 -1.931901818968563500e+00 -2.475495019570506106e+00 1.194214216141452218e-06 -4.247710677287028780e+00 1.342498399520436049e+09
8.486830763977359351e-04 -1.946722629992508002e+00 -2.427227213525531724e+00 7.261248441140896622e-07 -4.594974306226813354e+00 1.342498399520903349e+09
8.486830763977359351e-04 -1.946722629992508002e+00 -2.427227213525531724e+00 7.261248441140896622e-07 -4.594974306226813354e+00 1.342498399520903349e+09
8.487869820051356564e-04 -1.946129880689752012e+00 -2.417457121849845070e+00 9.540372409501620463e-07 -4.355935620800194030e+00 1.342498399521894693e+09
8.594835270788744397e-04 -1.930127947900460494e+00 -2.457046413195943746e+00 1.011582144816087239e-06 -4.387763089020145557e+00 1.342498399523972511e+09
8.594835270788744397e-04 -1.930127947900460494e+00 -2.457046413195943746e+00 1.011582144816087239e-06 -4.387763089020145557e+00 1.342498399523972511e+09
8.541544420666012964e-04 -1.940105076829913733e+00 -2.286602219237044320e+00 4.331200378258479966e-07 -5.105454861845723613e+00 1.342498399525512457e+09
8.543171356963823529e-04 -1.933743158020021946e+00 -2.333422883002870929e+00 7.647558606916665021e-07 -4.468892859113937632e+00 1.342498399526367426e+09
8.474275870509457133e-04 -1.943685458246467990e+00 -2.296615299270558186e+00 2.305630739758619186e-07 -5.359117083529284287e+00 1.342498399527616024e+09
8.474275870509457133e-04 -1.943685458246467990e+00 -2.296615299270558186e+00 2.305630739758619186e-07 -5.359117083529284287e+00 1.342498399527616024e+09
8.527121597833126022e-04 -1.943264227394284838e+00 -2.303905148145293680e+00 4.255790524320038285e-07 -5.075444370080617773e+00 1.342498399529638767e+09
8.578217308537409557e-04 -1.935731485622502746e+00 -2.463392629284448354e+00 1.058492749707235841e-06 -4.436338886582399610e+00 1.342498399530100107e+09
8.517799180610917658e-04 -1.942197823507781473e+00 -2.281129834274506774e+00 1.491769256613067754e-06 -3.991761807299026188e+00 1.342498399530230045e+09
8.517799180610917658e-04 -1.942197823507781473e+00 -2.281129834274506774e+00 1.491769256613067754e-06 -3.991761807299026188e+00 1.342498399530230045e+09
8.594461503814373755e-04 -1.931486303251160219e+00 -2.423883941158708755e+00 1.509774235416221358e-06 -4.109904947018526045e+00 1.342498399530320406e+09
8.536454339597889917e-04 -1.942423863369923787e+00 -2.444606144605123710e+00 1.010611874249344467e-06 -4.385965208491272804e+00 1.342498399530669928e+09
8.584381800866181401e-04 -1.931017978307541627e+00 -2.410666422290705491e+00 1.107403709079213023e-06 -4.180796499966250579e+00 1.342498399531238317e+09
8.479021581428671699e-04 -1.943565557473104777e+00 -2.275721269349302744e+00 1.330086919306372732e-06 -4.184974435211147537e+00 1.342498399532165766e+09
8.561093631104537858e-04 -1.932736964241799971e+00 -2.318437116942476894e+00 7.452584283793648345e-07 -4.660395466207043036e+00 1.342498399532190561e+09
8.480682185278743974e-04 -1.941941687352391588e+00 -2.439922428557073975e+00 3.508310214405330711e-07 -5.171239516288130389e+00 1.342498399533477783e+09
8.480682185278743974e-04 -1.941941687352391588e+00 -2.439922428557073975e+00 3.508310214405330711e-07 -5.171239516288130389e+00 1.342498399533477783e+09
8.531768401833620969e-04 -1.938058379603203374e+00 -2.466622099979586480e+00 4.569157921316915209e-07 -5.082782400557677605e+00 1.342498399533600330e+09
8.531768401833620969e-04 -1.938058379603203374e+00 -2.466622099979586480e+00 4.569157921316915209e-07 -5.082782400557677605e+00 1.342498399533600330e+09
8.465212416026922067e-04 -1.947163547820973672e+00 -2.323241192335245398e+00 8.443201284857991971e-07 -4.415604939124029293e+00 1.342498399534071207e+09
8.508646859698065692e-04 -1.939909215455124514e+00 -2.386111945800585943e+00 1.998424177646398935e-06 -3.764798160110316871e+00 1.342498399534327269e+09
8.508646859698065692e-04 -1.939909215455124514e+00 -2.386111945800585943e+00 1.998424177646398935e-06 -3.764798160110316871e+00 1.342498399534327269e+09
8.514117885493282080e-04 -1.939599622782416155e+00 -2.258326612499800046e+00 9.560015609738938974e-07 -4.315497236844949569e+00 1.342498399535102129e+09
8.514117885493282080e-04 -1.939599622782416155e+00 -2.258326612499800046e+00 9.560015609738938974e-07 -4.315497236844949569e+00 1.342498399535102129e+09
8.470882412878336445e-04 -1.944874705206527832e+00 -2.254082649925607029e+00 5.527321638364010011e-07 -4.764176418241097721e+00 1.342498399536318064e+09
8.582804081888636798e-04 -1.936828461802302837e+00 -2.409227323393349440e+00 1.173356362216023635e-06 -4.279795608639831883e+00 1.342498399536952257e+09
8.488339444479208124e-04 -1.943988680848092399e+00 -2.334090237785657163e+00 1.663184794253544404e-07 -5.589977551201012140e+00 1.342498399537216187e+09
8.488339444479208124e-04 -1.943988680848092399e+00 -2.334090237785657163e+00 1.663184794253544404e-07 -5.589977551201012140e+00 1.342498399537216187e+09
8.488844054643470468e-04 -1.940952548184047721e+00 -2.422907426041441603e+00 5.712564155480439886e-07 -4.687770729321576901e+00 1.342498399537806034e+09
8.488844054643470468e-04 -1.940952548184047721e+00 -2.422907426041441603e+00 5.712564155480439886e-07 -4.687770729321576901e+00 1.342498399537806034e+09
8.536685885693317535e-04 -1.939580123786700305e+00 -2.361859379889859500e+00 3.322160811531829615e-07 -5.034993428187908293e+00 1.342498399537989616e+09
8.536685885693317535e-04 -1.939580123786700305e+00 -2.361859379889859500e+00 3.322160811531829615e-07 -5.034993428187908293e+00 1.342498399537989616e+09
8.476491918019004408e-04 -1.946879298306787298e+00 -2.441560414833661152e+00 3.928275260331765103e-07 -5.106659921884922682e+00 1.342498399538768768e+09
8.593636224685077601e-04 -1.934511256614895425e+00 -2.338046545038959589e+00 7.091662029443752743e-07 -4.700136365258746451e+00 1.342498399541008234e+09
8.482861423012817226e-04 -1.944838789762875830e+00 -2.288625748188389597e+00 1.693646334582405367e-07 -5.725170348367894846e+00 1.342498399541172743e+09
8.507124887187446144e-04 -1.943050567326803479e+00 -2.428995711419945192e+00 1.309807702755243933e-06 -4.063089741613209682e+00 1.342498399541473150e+09
8.517304524275695621e-04 -1.943964796975842013e+00 -2.322392834694296138e+00 2.569983157496332248e-07 -5.398246035512188179e+00 1.342498399546073675e+09
8.567194718050391913e-04 -1.933184050894791950e+00 -2.395436397272282303e+00 4.480406937346134173e-07 -4.805619452623297150e+00 1.342498399546454668e+09
8.567194718050391913e-04 -1.933184050894791950e+00 -2.395436397272282303e+00 4.480406937346134173e-07 -4.805619452623297150e+00 1.342498399546454668e+09
8.556327470977630450e-04 -1.936861321823161841e+00 -2.475828717521103339e+00 3.064132579596865936e-07 -5.128111153024592639e+00 1.342498399547594070e+09
8.556077627430323448e-04 -1.933371306797900591e+00 -2.390740288982876383e+00 1.499970384193396012e-06 -4.096487742921735453e+00 1.342498399548979759e+09
8.566595902159069220e-04 -1.934493009250896511e+00 -2.304590644520236875e+00 9.172198582881286511e-07 -4.298327345146084610e+00 1.342498399549432993e+09
8.491810243091091554e-04 -1.945963709412812825e+00 -2.312706876810403767e+00 2.210655388969397520e-07 -5.479767093669837053e+00 1.342498399549912691e+09
8.535613787239446429e-04 -1.939127295581975385e+00 -2.451138698187301124e+00 5.470844000938992922e-07 -4.666775692435209955e+00 1.342498399550165176e+09
8.501255643585273278e-04 -1.943540458423542727e+00 -2.474365758263428194e+00 6.028702428997847056e-07 -4.657047021632678252e+00 1.342498399550715208e+09
8.492531647824971179e-04 -1.939951257016096831e+00 -2.443897131700356606e+00 3.763957512732320245e-07 -5.054326529705322812e+00 1.342498399551494837e+09
8.492531647824971179e-04 -1.939951257016096831e+00 -2.443897131700356606e+00 3.763957512732320245e-07 -5.054326529705322812e+00 1.342498399551494837e+09
8.547081804265928588e-04 -1.937665270607544121e+00 -2.333369158602614402e+00 6.853279875782057729e-07 -4.810950019343382067e+00 1.342498399552609682e+09
8.495297839286083518e-04 -1.943972249828538335e+00 -2.494452789871875353e+00 2.604732442444277856e-07 -5.361968492929820584e+00 1.342498399555326462e+09
8.489886108962472816e-04 -1.940842567952345554e+00 -2.325892547940087152e+00 3.113561483594628956e-07 -5.105224048865929731e+00 1.342498399558406353e+09
8.572598808997068838e-04 -1.931823738179335725e+00 -2.457329496491135856e+00 2.245384533860329074e-07 -5.434627212007248964e+00 1.342498399558619738e+09
8.572598808997068838e-04 -1.931823738179335725e+00 -2.457329496491135856e+00 2.245384533860329074e-07 -5.434627212007248964e+00 1.342498399558619738e+09
8.525947147899041621e-04 -1.939413934458898092e+00 -2.241042163928023800e+00 5.900097276869726148e-07 -4.765927782837881210e+00 1.342498399559527397e+09
8.486560833109600601e-04 -1.942240704862223666e+00 -2.463341572815884728e+00 2.425762738728809770e-07 -5.372274530134817816e+00 1.342498399562384605e+09
8.486560833109600601e-04 -1.942240704862223666e+00 -2.463341572815884728e+00 2.425762738728809770e-07 -5.372274530134817816e+00 1.342498399562384605e+09
8.533849570011152897e-04 -1.935086912069690079e+00 -2.453059007077477371e+00 4.729412531468947739e-07 -4.828625464377033438e+00 1.342498399563953400e+09
8.596322726747448019e-04 -1.931227216527109825e+00 -2.436264181669130835e+00 4.490252035516262969e-07 -4.868881328072395931e+00 1.342498399566836357e+09
8.532494212186137426e-04 -1.939721644114614341e+00 -2.363853561958609628e+00 2.481178381780509829e-06 -3.592619220457004658e+00 1.342498399567170143e+09
8.557009764803079994e-04 -1.933250284645834816e+00 -2.398263100464777864e+00 1.545579934862137370e-06 -3.953187938238347243e+00 1.342498399567301035e+09
8.487469549843661577e-04 -1.943296612316359528e+00 -2.303898766678452059e+00 1.179036380371353987e-07 -5.913801131367503849e+00 1.342498399567687750e+09
8.487469549843661577e-04 -1.943296612316359528e+00 -2.303898766678452059e+00 1.179036380371353987e-07 -5.913801131367503849e+00 1.342498399567687750e+09
8.550542357290865899e-04 -1.941177342676168038e+00 -2.354568118023474099e+00 5.470935445058269024e-07 -4.866154833425299309e+00 1.342498399569169283e+09
8.490102174141429814e-04 -1.941726797310113772e+00 -2.355354101613853501e+00 7.687529377077011210e-07 -4.418288585635558263e+00 1.342498399571450233e+09
8.502944321246665898e-04 -1.939534597815949057e+00 -2.447607293352012103e+00 2.932327784446684263e-07 -5.175482976121172030e+00 1.342498399571702003e+09
8.578203349848600784e-04 -1.933411220733808999e+00 -2.476784740079728486e+00 4.098181831998542206e-07 -4.915641709227638323e+00 1.342498399574860334e+09
8.564676629765288979e-04 -1.933194865925257355e+00 -2.459842049867794866e+00 2.390359683155811697e-07 -5.324512781492071412e+00 1.342498399576943159e+09
8.564676629765288979e-04 -1.933194865925257355e+00 -2.459842049867794866e+00 2.390359683155811697e-07 -5.324512781492071412e+00 1.342498399576943159e+09
8.512647256523466020e-04 -1.939953207313068750e+00 -2.370258235250465084e+00 7.769207716514734634e-07 -4.706279456385468407e+00 1.342498399576959848e+09
8.502032071249631274e-04 -1.941361608045848453e+00 -2.387805628361792998e+00 2.244339600655785054e-07 -5.581309176819609696e+00 1.342498399577848434e+09
8.572200032659435141e-04 -1.934842504854021428e+00 -2.269729966854789005e+00 5.407139789156706276e-07 -4.846281188566298859e+00 1.342498399580577850e+09
8.572200032659435141e-04 -1.934842504854021428e+00 -2.269729966854789005e+00 5.407139789156706276e-07 -4.846281188566298859e+00 1.342498399580577850e+09
8.602721638184613251e-04 -1.933085369548130039e+00 -2.423530032180023053e+00 1.231986600244020568e-06 -4.222633232206952414e+00 1.342498399586309195e+09
8.602721638184613251e-04 -1.933085369548130039e+00 -2.423530032180023053e+00 1.231986600244020568e-06 -4.222633232206952414e+00 1.342498399586309195e+09
8.569739517233777555e-04 -1.937289398331623724e+00 -2.287683341874015674e+00 9.666529879649382654e-07 -4.438517194241070385e+00 1.342498399586646318e+09
8.500228434641719615e-04 -1.943145384129587594e+00 -2.480513983272906842e+00 2.061200525843159631e-07 -5.562020986296206893e+00 1.342498399587876081e+09
8.500228434641719615e-04 -1.943145384129587594e+00 -2.480513983272906842e+00 2.061200525843159631e-07 -5.562020986296206893e+00 1.342498399587876081e+09
8.562818929577449339e-04 -1.933593680145804683e+00 -2.424444178034263597e+00 1.689155166783968016e-06 -3.866163434757558193e+00 1.342498399587879181e+09
8.454361821722453617e-04 -1.948380355097595551e+00 -2.343157494195426072e+00 6.922973851368795338e-07 -4.611735965757448596e+00 1.342498399588696957e+09
8.454361821722453617e-04 -1.948380355097595551e+00 -2.343157494195426072e+00 6.922973851368795338e-07 -4.611735965757448596e+00 1.342498399588696957e+09
8.484840971357891478e-04 -1.943542548783289359e+00 -2.288837255235211643e+00 1.486737912073115229e-06 -3.996528628586290210e+00 1.342498399588750601e+09
8.484840971357891478e-04 -1.943542548783289359e+00 -2.288837255235211643e+00 1.486737912073115229e-06 -3.996528628586290210e+00 1.342498399588750601e+09
8.509456673198006332e-04 -1.944114244998895957e+00 -2.453560661903237516e+00 3.084916912457635636e-07 -5.230557196603660586e+00 1.342498399589422464e+09
8.509456673198006332e-04 -1.944114244998895957e+00 -2.453560661903237516e+00 3.084916912457635636e-07 -5.230557196603660586e+00 1.342498399589422464e+09
8.514625173980863845e-04 -1.944467934582442936e+00 -2.446331934652560491e+00 9.008637644657723833e-07 -4.466523592168817558e+00 1.342498399589542627e+09
8.514625173980863845e-04 -1.944467934582442936e+00 -2.446331934652560491e+00 9.008637644657723833e-07 -4.466523592168817558e+00 1.342498399589542627e+09
8.526350591343796010e-04 -1.939360351482327438e+00 -2.415720307232261277e+00 3.230152879766950499e-07 -5.045905582639370834e+00 1.342498399589912415e+09
8.526350591343796010e-04 -1.939360351482327438e+00 -2.415720307232261277e+00 3.230152879766950499e-07 -5.045905582639370834e+00 1.342498399589912415e+09
8.514223097411178533e-04 -1.943330649636257901e+00 -2.287525330326301454e+00 8.920538684319329630e-07 -4.373686227016532868e+00 1.342498399590036869e+09
8.471030913316838443e-04 -1.944454878719591884e+00 -2.268583347718625465e+00 1.073042148242165596e-06 -4.327260809035509581e+00 1.342498399591782808e+09
8.510452160198930891e-04 -1.945438971513947068e+00 -2.315741114656171717e+00 5.932449612804131492e-07 -4.786922672931041234e+00 1.342498399591954231e+09
8.485665888362887901e-04 -1.941399099383659843e+00 -2.297847491161211675e+00 9.341134977286065422e-07 -4.484043006526204245e+00 1.342498399593079329e+09
8.487457645680717561e-04 -1.947301886233685941e+00 -2.294386255701062360e+00 6.483631553280398464e-07 -4.714912081460410853e+00 1.342498399594683886e+09
8.488671394037054872e-04 -1.940677753407374917e+00 -2.426439947312507339e+00 6.634779502320676890e-07 -4.609652023270183641e+00 1.342498399594814301e+09
8.488671394037054872e-04 -1.940677753407374917e+00 -2.426439947312507339e+00 6.634779502320676890e-07 -4.609652023270183641e+00 1.342498399594814301e+09
8.583376566490856160e-04 -1.932102098356603737e+00 -2.360188867919534417e+00 2.699744082900839330e-07 -5.407397979275710753e+00 1.342498399595063448e+09
8.592592364482780787e-04 -1.929656627988186157e+00 -2.353042654529989175e+00 5.320484456732992109e-07 -4.855477162400480218e+00 1.342498399595376730e+09
8.592592364482780787e-04 -1.929656627988186157e+00 -2.353042654529989175e+00 5.320484456732992109e-07 -4.855477162400480218e+00 1.342498399595376730e+09
8.550513934769061238e-04 -1.935811988520164117e+00 -2.369341693540108373e+00 1.230641258199707576e-06 -4.039666685594362150e+00 1.342498399598758936e+09
8.550513934769061238e-04 -1.935811988520164117e+00 -2.369341693540108373e+00 1.230641258199707576e-06 -4.039666685594362150e+00 1.342498399598758936e+09
8.565971033613269418e-04 -1.933933226057769517e+00 -2.295589777904737616e+00 1.595842041406015470e-06 -4.032152436145519658e+00 1.342498399599013805e+09
8.451935434200457753e-04 -1.947496893218736869e+00 -2.343835909554005781e+00 5.658637865289285412e-07 -4.747792425445945597e+00 1.342498399599087954e+09
8.451935434200457753e-04 -1.947496893218736869e+00 -2.343835909554005781e+00 5.658637865289285412e-07 -4.747792425445945597e+00 1.342498399599087954e+09
8.586556979224982747e-04 -1.931662688114383908e+00 -2.499118221313373578e+00 1.309321454093801283e-06 -4.164684759868749531e+00 1.342498399599343538e+09
8.586556979224982747e-04 -1.931662688114383908e+00 -2.499118221313373578e+00 1.309321454093801283e-06 -4.164684759868749531e+00 1.342498399599343538e+09
8.543924448768971903e-04 -1.935787446128720779e+00 -2.284339587145880923e+00 1.871896607258313550e-07 -5.621436998094583970e+00 1.342498399599389553e+09
8.490382751670892941e-04 -1.943813899953099167e+00 -2.393440946907765987e+00 3.140234323648542119e-07 -5.350822642094494874e+00 1.342498399601496458e+09
8.490382751670892941e-04 -1.943813899953099167e+00 -2.393440946907765987e+00 3.140234323648542119e-07 -5.350822642094494874e+00 1.342498399601496458e+09
8.519037725964910069e-04 -1.938599884389192729e+00 -2.483491935265070172e+00 2.027036406584139077e-07 -5.460008112713504502e+00 1.342498399602749348e+09
8.527463204262473138e-04 -1.938520154144335761e+00 -2.454398386207655491e+00 1.360201488202088735e-06 -4.004497731346919664e+00 1.342498399603473425e+09
8.501539255818606981e-04 -1.944248401288668271e+00 -2.281742374276668706e+00 2.164502946892217793e-07 -5.483202220342880295e+00 1.342498399605369329e+09
8.586121272860048953e-04 -1.933255399820158482e+00 -2.349549912974547627e+00 4.817086267886960236e-07 -4.795013592511426559e+00 1.342498399606451988e+09
8.586121272860048953e-04 -1.933255399820158482e+00 -2.349549912974547627e+00 4.817086267886960236e-07 -4.795013592511426559e+00 1.342498399606451988e+09
8.556929259560731209e-04 -1.939287671774026167e+00 -2.320960636264922883e+00 1.679071471703404219e-06 -3.974548246578175181e+00 1.342498399606515408e+09
8.556929259560731209e-04 -1.939287671774026167e+00 -2.320960636264922883e+00 1.679071471703404219e-06 -3.974548246578175181e+00 1.342498399606515408e+09
8.500861852719351691e-04 -1.942438536417701700e+00 -2.305287483643337243e+00 1.438758915506510491e-06 -4.206547374283712060e+00 1.342498399606738567e+09
8.500861852719351691e-04 -1.942438536417701700e+00 -2.305287483643337243e+00 1.438758915506510491e-06 -4.206547374283712060e+00 1.342498399606738567e+09
8.458158750565621282e-04 -1.945639876455187434e+00 -2.322643551392011396e+00 3.943947063159562573e-07 -4.986574475560585640e+00 1.342498399607330322e+09
8.458158750565621282e-04 -1.945639876455187434e+00 -2.322643551392011396e+00 3.943947063159562573e-07 -4.986574475560585640e+00 1.342498399607330322e+09
8.506474302473222013e-04 -1.940002774407472819e+00 -2.443647249341937222e+00 8.432813779073038249e-07 -4.365686716478219154e+00 1.342498399607998610e+09
8.478363500036217122e-04 -1.945286895623710599e+00 -2.249231182817957198e+00 8.736571942851686119e-07 -4.498288474736071407e+00 1.342498399609257221e+09
8.531155207822593237e-04 -1.942184605807108166e+00 -2.341306948591486581e+00 2.209532701639943997e-07 -5.499284945831580451e+00 1.342498399613384008e+09
8.558447223688528047e-04 -1.937232098059989749e+00 -2.484785272464912431e+00 1.399445587275316182e-06 -4.019380505127982062e+00 1.342498399614910841e+09
8.558447223688528047e-04 -1.937232098059989749e+00 -2.484785272464912431e+00 1.399445587275316182e-06 -4.019380505127982062e+00 1.342498399614910841e+09
8.497495757235040388e-04 -1.941298580633382453e+00 -2.429277993210546605e+00 1.412246010205066189e-07 -5.758450580404942620e+00 1.342498399616171122e+09
8.497252588785065902e-04 -1.941712824418809769e+00 -2.336415652078308369e+00 1.909044300178233978e-06 -3.920134808747872235e+00 1.342498399616415501e+09
8.540053716000135841e-04 -1.935076128811898055e+00 -2.437537616577019062e+00 9.479434728048427640e-07 -4.285710455049837719e+00 1.342498399618298531e+09
8.569657187976536736e-04 -1.933700900206464457e+00 -2.413783859836009515e+00 4.830894752536938005e-07 -5.034106558600274894e+00 1.342498399619260550e+09
8.569657187976536736e-04 -1.933700900206464457e+00 -2.413783859836009515e+00 4.830894752536938005e-07 -5.034106558600274894e+00 1.342498399619260550e+09
8.525345825414098111e-04 -1.942013152996834302e+00 -2.274030924625351169e+00 3.497869793855370621e-07 -5.115906125694953843e+00 1.342498399619863510e+09
8.555770821972667316e-04 -1.940075404092618694e+00 -2.344338007244999744e+00 6.149771762180432658e-07 -4.700764204825631509e+00 1.342498399620085239e+09
8.586275630717611369e-04 -1.930728924728324358e+00 -2.332263180739220676e+00 4.181846083620015955e-07 -4.942180582925628229e+00 1.342498399620176792e+09
8.586275630717611369e-04 -1.930728924728324358e+00 -2.332263180739220676e+00 4.181846083620015955e-07 -4.942180582925628229e+00 1.342498399620176792e+09
8.546448552475073611e-04 -1.938520594527773699e+00 -2.411141002601412620e+00 7.406526768659688163e-07 -4.439666112230911565e+00 1.342498399620229483e+09
8.546448552475073611e-04 -1.938520594527773699e+00 -2.411141002601412620e+00 7.406526768659688163e-07 -4.439666112230911565e+00 1.342498399620229483e+09
8.522748857929738882e-04 -1.941613896062139411e+00 -2.324169082418813037e+00 4.652026608183326892e-07 -4.803100140818896691e+00 1.342498399621861458e+09
8.535381877459109800e-04 -1.938315150977830248e+00 -2.392085498727773096e+00 9.708693858022309429e-07 -4.213241798906997460e+00 1.342498399622271061e+09
8.546176615632950380e-04 -1.937459120806246604e+00 -2.362850986703290079e+00 1.210619076498735971e-07 -5.829585983662282977e+00 1.342498399622303009e+09
8.535305901898718227e-04 -1.936218122144712117e+00 -2.334223708731661517e+00 1.608162839580333504e-06 -3.888817090776408136e+00 1.342498399623273611e+09
8.535305901898718227e-04 -1.936218122144712117e+00 -2.334223708731661517e+00 1.608162839580333504e-06 -3.888817090776408136e+00 1.342498399623273611e+09
8.518821408697191963e-04 -1.940772313626788925e+00 -2.383596838307613819e+00 4.321329998318668409e-07 -4.828125647440799639e+00 1.342498399623612165e+09
8.552958001891515418e-04 -1.935024938215895718e+00 -2.498327522462072015e+00 1.468481191334505656e-06 -4.117781606848799569e+00 1.342498399626248360e+09
8.536536429405192994e-04 -1.942405616232772747e+00 -2.311515149091941446e+00 6.105437385105139242e-07 -4.815530470668811347e+00 1.342498399627122879e+09
8.482742787822054268e-04 -1.943805756367854798e+00 -2.469306855006580648e+00 8.811059975095134699e-07 -4.524488412162726902e+00 1.342498399627955914e+09
8.515178064086163009e-04 -1.940033408252185732e+00 -2.332803565273020130e+00 1.361223756393398763e-07 -5.902273243835340466e+00 1.342498399630847454e+09
8.558588386426798549e-04 -1.934772878525310214e+00 -2.495163427917487020e+00 2.539032822935039682e-07 -5.282107273856130547e+00 1.342498399632384539e+09
8.558588386426798549e-04 -1.934772878525310214e+00 -2.495163427917487020e+00 2.539032822935039682e-07 -5.282107273856130547e+00 1.342498399632384539e+09
8.571663370589313559e-04 -1.935995298042640256e+00 -2.331327057758846077e+00 5.532308436590288218e-07 -4.695647939506461199e+00 1.342498399633400440e+09
8.535445499339614590e-04 -1.939012490260751509e+00 -2.361168700308074797e+00 1.277012802256182651e-06 -4.020058947278480233e+00 1.342498399633879900e+09
8.535445499339614590e-04 -1.939012490260751509e+00 -2.361168700308074797e+00 1.277012802256182651e-06 -4.020058947278480233e+00 1.342498399633879900e+09
8.491405392363383800e-04 -1.942038703071970351e+00 -2.368088912123784695e+00 3.135784123576132236e-07 -5.345176482907120885e+00 1.342498399635097980e+09
8.505169570532131011e-04 -1.943448737884859945e+00 -2.346407362549043807e+00 7.557201526390385697e-07 -4.442977654129181886e+00 1.342498399635838270e+09
8.514791057076797351e-04 -1.937797034664698881e+00 -2.473371175522631749e+00 3.691050554020395923e-07 -5.025265027820693398e+00 1.342498399635863304e+09
8.491757229874177370e-04 -1.940619836859785341e+00 -2.351845362300186704e+00 1.998512652636752311e-07 -5.455209095005358222e+00 1.342498399636252403e+09
8.515785844741969842e-04 -1.939884480768761854e+00 -2.338262661090988903e+00 1.375647891108507871e-06 -4.249663619534687520e+00 1.342498399638614655e+09
8.594261412696908723e-04 -1.934285061551253015e+00 -2.452525606064447139e+00 7.651140048632846170e-07 -4.538300050650757811e+00 1.342498399638791561e+09
8.517421268792976004e-04 -1.937766529467182419e+00 -2.276490155448723574e+00 4.496869358782969311e-07 -5.033665140872383148e+00 1.342498399638866186e+09
8.590649105945199126e-04 -1.930596438809739190e+00 -2.497145788621162321e+00 4.736780198024167615e-07 -4.923627939244746621e+00 1.342498399639645338e+09
8.593920735375616205e-04 -1.933526879754495109e+00 -2.453131693344746900e+00 4.189702903621617401e-07 -5.079808559769671383e+00 1.342498399639908552e+09
8.499494197357934482e-04 -1.942046295891702634e+00 -2.397355761717398170e+00 4.967185869180802936e-07 -5.032257768742923965e+00 1.342498399641892195e+09
8.497383932908556675e-04 -1.940449831967272498e+00 -2.457890520287331793e+00 3.501778771685808427e-07 -5.213570527610201566e+00 1.342498399643535614e+09
8.531035015933369822e-04 -1.937971253463397492e+00 -2.367628483639316439e+00 1.954407412577688829e-06 -3.730764563345838170e+00 1.342498399647358418e+09
8.592550485495291553e-04 -1.933171498537514132e+00 -2.437902264776780736e+00 4.623420632657703667e-07 -4.860813857102583846e+00 1.342498399647528410e+09
8.592550485495291553e-04 -1.933171498537514132e+00 -2.437902264776780736e+00 4.623420632657703667e-07 -4.860813857102583846e+00 1.342498399647528410e+09
8.558991359528300745e-04 -1.937427331227398186e+00 -2.440489976622896240e+00 1.742424377500955458e-06 -3.855480903041883067e+00 1.342498399648832083e+09
8.558991359528300745e-04 -1.937427331227398186e+00 -2.440489976622896240e+00 1.742424377500955458e-06 -3.855480903041883067e+00 1.342498399648832083e+09
8.478557419713476494e-04 -1.945912147637454570e+00 -2.436576720452348965e+00 2.684902097916944397e-07 -5.354927414809193209e+00 1.342498399651842117e+09
8.478557419713476494e-04 -1.945912147637454570e+00 -2.436576720452348965e+00 2.684902097916944397e-07 -5.354927414809193209e+00 1.342498399651842117e+09
8.598768531998268478e-04 -1.931264304216568917e+00 -2.442342956024542211e+00 6.932159316125795937e-07 -4.554690681133784835e+00 1.342498399652915716e+09
8.598768531998268478e-04 -1.931264304216568917e+00 -2.442342956024542211e+00 6.932159316125795937e-07 -4.554690681133784835e+00 1.342498399652915716e+09
8.582837346951368088e-04 -1.932852706759441874e+00 -2.304418784256923924e+00 4.422572254148346868e-07 -4.898707594390797837e+00 1.342498399657422543e+09
8.573920827236674409e-04 -1.932150019783417827e+00 -2.393741853376951223e+00 3.329049082165647113e-07 -5.057861493823869736e+00 1.342498399657560110e+09
8.598742012350451755e-04 -1.930365452360645051e+00 -2.340971340146787760e+00 1.147701412215160848e-06 -4.263081831787466136e+00 1.342498399657988787e+09
8.482973012179552278e-04 -1.942625550673979351e+00 -2.476850684548816517e+00 6.648824915664235234e-07 -4.695090055644504545e+00 1.342498399661296368e+09
8.482973012179552278e-04 -1.942625550673979351e+00 -2.476850684548816517e+00 6.648824915664235234e-07 -4.695090055644504545e+00 1.342498399661296368e+09
8.530107011182222563e-04 -1.938310186992917350e+00 -2.290494290579466075e+00 3.648928053891613379e-07 -5.237910744191559331e+00 1.342498399662531137e+09
8.479225758685538829e-04 -1.942431010233399480e+00 -2.410301080238444804e+00 2.415413812711100582e-07 -5.440828985544431617e+00 1.342498399662823677e+09
8.599589937663160589e-04 -1.931721310099542288e+00 -2.484361268503489928e+00 4.124294513402951837e-07 -5.035134710479232112e+00 1.342498399663374662e+09
8.491330884204586343e-04 -1.943647712507665437e+00 -2.436338782424424920e+00 1.734454213601924171e-07 -5.682894740893798868e+00 1.342498399669138908e+09
8.491330884204586343e-04 -1.943647712507665437e+00 -2.436338782424424920e+00 1.734454213601924171e-07 -5.682894740893798868e+00 1.342498399669138908e+09
8.563704521423592128e-04 -1.933451978238613922e+00 -2.409668636268016417e+00 4.324229729460865531e-07 -4.840956130833317772e+00 1.342498399670255184e+09
8.547909029815222576e-04 -1.938053556307420155e+00 -2.339796594230707960e+00 8.792639150410181665e-07 -4.620527003253067200e+00 1.342498399670299053e+09
8.547909029815222576e-04 -1.938053556307420155e+00 -2.339796594230707960e+00 8.792639150410181665e-07 -4.620527003253067200e+00 1.342498399670299053e+09
8.551612341336900904e-04 -1.932700250033555278e+00 -2.358095606890246998e+00 8.086298916348495896e-07 -4.468329232142343344e+00 1.342498399672327757e+09
8.522391420818093951e-04 -1.940629072271557565e+00 -2.254487343783450726e+00 3.775982905203071772e-07 -5.163488858912606894e+00 1.342498399672354698e+09
8.519464042866488817e-04 -1.940126632698135012e+00 -2.407291558375499463e+00 2.069574892693074578e-06 -3.724351009755506148e+00 1.342498399673044920e+09
8.519464042866488817e-04 -1.940126632698135012e+00 -2.407291558375499463e+00 2.069574892693074578e-06 -3.724351009755506148e+00 1.342498399673044920e+09
8.556729736509111192e-04 -1.933832729946529438e+00 -2.279613186904511757e+00 9.118542211358485881e-07 -4.402669699651727164e+00 1.342498399674002647e+09
8.523124966377198077e-04 -1.938159679046264072e+00 -2.387887402137899961e+00 3.371755130159309243e-07 -5.299057510336704802e+00 1.342498399677564859e+09
8.523124966377198077e-04 -1.938159679046264072e+00 -2.387887402137899961e+00 3.371755130159309243e-07 -5.299057510336704802e+00 1.342498399677564859e+09
8.550818327275448456e-04 -1.933079193288919084e+00 -2.386785444878768647e+00 9.491094927520731061e-07 -4.326224674950390536e+00 1.342498399679772615e+09
8.565506191501715385e-04 -1.937674159336570723e+00 -2.297192107497554314e+00 4.032351353922432072e-07 -5.098215800480917714e+00 1.342498399681008339e+09
8.546499235150763381e-04 -1.940945472597992660e+00 -2.417147396593212427e+00 6.646653561669678466e-07 -4.633673625330999357e+00 1.342498399681379795e+09
8.565164310145459772e-04 -1.934030663238631709e+00 -2.454651557563332975e+00 1.563527045375397961e-07 -5.727487553391603647e+00 1.342498399682625055e+09
8.479135644426928327e-04 -1.944220286728412184e+00 -2.447780075264631705e+00 2.392502597564087481e-07 -5.412777978349593511e+00 1.342498399682626247e+09
8.510347168669969405e-04 -1.944695794702844927e+00 -2.450034831254071843e+00 8.910225927970055135e-07 -4.497184807049270816e+00 1.342498399683039188e+09
8.547231622904902324e-04 -1.936213343226853567e+00 -2.448044838497615672e+00 3.638051427205296154e-07 -5.238077935762227355e+00 1.342498399685460567e+09
8.488506170521094470e-04 -1.943183645253889757e+00 -2.469862153015802253e+00 2.668028882082486361e-07 -5.295587898844402730e+00 1.342498399685635805e+09
8.532608094278195830e-04 -1.941437613924521077e+00 -2.323309575837322338e+00 2.261514008043662232e-07 -5.423819370797389183e+00 1.342498399687793970e+09
8.605414898604941141e-04 -1.931920692447207433e+00 -2.381865883757087854e+00 5.165583767088892319e-07 -4.912188211033754470e+00 1.342498399687906265e+09
8.523691603255335132e-04 -1.937473842239742616e+00 -2.261263171954033702e+00 5.630054202001345289e-07 -4.842119645024896002e+00 1.342498399690140963e+09
8.515981678233834054e-04 -1.937776313738057699e+00 -2.315016823246500266e+00 1.658509158413099989e-07 -5.605504669299640419e+00 1.342498399691262007e+09
8.528611897955911412e-04 -1.939717194591734195e+00 -2.320177381274576511e+00 1.474709273826196901e-06 -3.933584985052625882e+00 1.342498399692595720e+09
8.464908225398951177e-04 -1.946532635991590876e+00 -2.293206894062402856e+00 6.679457990094372207e-07 -4.775200776654237700e+00 1.342498399692937613e+09
8.464908225398951177e-04 -1.946532635991590876e+00 -2.293206894062402856e+00 6.679457990094372207e-07 -4.775200776654237700e+00 1.342498399692937613e+09
8.556146378213894382e-04 -1.933019607104510929e+00 -2.398305733916159976e+00 1.312663837992635951e-06 -4.170634875986118928e+00 1.342498399693821669e+09
8.482521541047325243e-04 -1.941322136381149255e+00 -2.334760285455012685e+00 8.986341693432292144e-07 -4.486569559215705993e+00 1.342498399694176197e+09
8.581093907763466316e-04 -1.934178489016813218e+00 -2.473679623426052743e+00 2.892626582545995133e-07 -5.226761833522967748e+00 1.342498399694607496e+09
8.571437527812080176e-04 -1.932413323488020307e+00 -2.461189428433842252e+00 3.140844359834431680e-07 -5.280569763307356723e+00 1.342498399696421623e+09
8.571437527812080176e-04 -1.932413323488020307e+00 -2.461189428433842252e+00 3.140844359834431680e-07 -5.280569763307356723e+00 1.342498399696421623e+09
8.567105781216992778e-04 -1.934331466606183270e+00 -2.496199641602206754e+00 1.707561111151931485e-06 -3.976330501221937652e+00 1.342498399696582556e+09
8.567105781216992778e-04 -1.934331466606183270e+00 -2.496199641602206754e+00 1.707561111151931485e-06 -3.976330501221937652e+00 1.342498399696582556e+09
8.549299948867215490e-04 -1.938482408025506532e+00 -2.260582229564643164e+00 9.145845053309649004e-07 -4.447416492370592778e+00 1.342498399698540688e+09
8.549299948867215490e-04 -1.938482408025506532e+00 -2.260582229564643164e+00 9.145845053309649004e-07 -4.447416492370592778e+00 1.342498399698540688e+09
8.517315242486554402e-04 -1.943180962475419937e+00 -2.384816427686268447e+00 2.093651693553336565e-07 -5.495881750545390076e+00 1.342498399699526072e+09
8.517315242486554402e-04 -1.943180962475419937e+00 -2.384816427686268447e+00 2.093651693553336565e-07 -5.495881750545390076e+00 1.342498399699526072e+09
8.566112726196023095e-04 -1.938872286133025646e+00 -2.359819505037744847e+00 1.141639656329187146e-06 -4.264148159342658673e+00 1.342498399699548960e+09
8.566112726196023095e-04 -1.938872286133025646e+00 -2.359819505037744847e+00 1.141639656329187146e-06 -4.264148159342658673e+00 1.342498399699548960e+09
8.502343731670491869e-04 -1.938512539425456094e+00 -2.286705946009258472e+00 4.346252492641247707e-07 -4.945078374987108560e+00 1.342498399700814247e+09
8.502343731670491869e-04 -1.938512539425456094e+00 -2.286705946009258472e+00 4.346252492641247707e-07 -4.945078374987108560e+00 1.342498399700814247e+09
8.575828670330604359e-04 -1.933065013823535239e+00 -2.389384356491137229e+00 2.496893516005557657e-07 -5.277697799298219472e+00 1.342498399702303171e+09
8.575828670330604359e-04 -1.933065013823535239e+00 -2.389384356491137229e+00 2.496893516005557657e-07 -5.277697799298219472e+00 1.342498399702303171e+09
8.515739708973576278e-04 -1.939709340037997887e+00 -2.376221128166597918e+00 9.762282497841695252e-08 -6.024786218135778526e+00 1.342498399702892303e+09
8.515739708973576278e-04 -1.939709340037997887e+00 -2.376221128166597918e+00 9.762282497841695252e-08 -6.024786218135778526e+00 1.342498399702892303e+09
8.516053280971981349e-04 -1.936608002699840458e+00 -2.305329858903723661e+00 5.682763669305479111e-07 -4.738680413960391746e+00 1.342498399703142643e+09
8.516053280971981349e-04 -1.936608002699840458e+00 -2.305329858903723661e+00 5.682763669305479111e-07 -4.738680413960391746e+00 1.342498399703142643e+09
8.503044561739208718e-04 -1.945369857337059472e+00 -2.300389215012031308e+00 3.341071802851404661e-07 -5.221294234837471571e+00 1.342498399703805685e+09
8.478760911241316894e-04 -1.946020425568447454e+00 -2.276084528098549775e+00 9.199462009799075966e-07 -4.376138462647825911e+00 1.342498399703829288e+09
8.478760911241316894e-04 -1.946020425568447454e+00 -2.276084528098549775e+00 9.199462009799075966e-07 -4.376138462647825911e+00 1.342498399703829288e+09
8.483953921966532440e-04 -1.943530456485691227e+00 -2.449078406974844579e+00 9.583645972859308074e-07 -4.340006981825093035e+00 1.342498399706323147e+09
8.454480081471276668e-04 -1.948280105656872374e+00 -2.326136636007007041e+00 3.261470077887923790e-07 -5.198507479045185953e+00 1.342498399709522486e+09
8.490785798199191464e-04 -1.944362605675773015e+00 -2.250979089111798892e+00 7.436397135276164241e-07 -4.562055841500045616e+00 1.342498399709709406e+09
8.575052512132769027e-04 -1.935968454165947872e+00 -2.303986624412433848e+00 3.319822849698690422e-07 -5.204732738400013936e+00 1.342498399709802628e+09
8.575052512132769027e-04 -1.935968454165947872e+00 -2.303986624412433848e+00 3.319822849698690422e-07 -5.204732738400013936e+00 1.342498399709802628e+09
8.490727655604268787e-04 -1.940193625368285435e+00 -2.336578101515605965e+00 8.758440437089328425e-07 -4.389538656192433663e+00 1.342498399710848808e+09
8.508025246096283115e-04 -1.943554682465786332e+00 -2.437805105153696417e+00 2.065392470810344411e-07 -5.545101891836707431e+00 1.342498399711384773e+09
8.491507225803867059e-04 -1.946663740013853561e+00 -2.308338929563101605e+00 5.867280951530734502e-07 -4.862282829831997333e+00 1.342498399711548328e+09
8.491507225803867059e-04 -1.946663740013853561e+00 -2.308338929563101605e+00 5.867280951530734502e-07 -4.862282829831997333e+00 1.342498399711548328e+09
8.552166291189260139e-04 -1.937677925121425115e+00 -2.353320636380214381e+00 1.683578383403613690e-07 -5.749563720978422054e+00 1.342498399711652756e+09
8.585259306384075478e-04 -1.933624357918892089e+00 -2.398238610394612724e+00 1.125770387353714317e-06 -4.161779356153179066e+00 1.342498399713734627e+09
8.608734001017719810e-04 -1.931689462030706350e+00 -2.421501691879829554e+00 6.963730349339999663e-07 -4.657082885122211913e+00 1.342498399714077711e+09
8.595089462264629988e-04 -1.934086408866630968e+00 -2.352507093473036992e+00 8.463788564636528306e-07 -4.457696956574288549e+00 1.342498399714504004e+09
8.488705903163153025e-04 -1.941402458089499961e+00 -2.268324911031544211e+00 9.504298190676361100e-07 -4.402448487690023171e+00 1.342498399714770317e+09
8.488705903163153025e-04 -1.941402458089499961e+00 -2.268324911031544211e+00 9.504298190676361100e-07 -4.402448487690023171e+00 1.342498399714770317e+09
8.506352334721118454e-04 -1.940615676355426089e+00 -2.400783700179724978e+00 6.300733421098872550e-07 -4.555790196485015819e+00 1.342498399716191292e+09
8.506352334721118454e-04 -1.940615676355426089e+00 -2.400783700179724978e+00 6.300733421098872550e-07 -4.555790196485015819e+00 1.342498399716191292e+09
8.523206388664439576e-04 -1.936313851752151871e+00 -2.438725161610573622e+00 2.485499391576281489e-07 -5.391780669198913856e+00 1.342498399716470003e+09
8.591074522019080933e-04 -1.930262423007354178e+00 -2.363911463087698728e+00 3.135850641551217816e-07 -5.217791178019607123e+00 1.342498399719489098e+09
8.591074522019080933e-04 -1.930262423007354178e+00 -2.363911463087698728e+00 3.135850641551217816e-07 -5.217791178019607123e+00 1.342498399719489098e+09
8.598595419207375953e-04 -1.932102152480260848e+00 -2.337927199323648342e+00 6.803730904846423773e-07 -4.728054216966903311e+00 1.342498399720572472e+09
8.481576076868569888e-04 -1.944813626233053316e+00 -2.445049669121016400e+00 6.337627930525021714e-07 -4.639653513079931457e+00 1.342498399722036839e+09
8.481576076868569888e-04 -1.944813626233053316e+00 -2.445049669121016400e+00 6.337627930525021714e-07 -4.639653513079931457e+00 1.342498399722036839e+09
8.563539682170816150e-04 -1.933006070522225839e+00 -2.381854297941038201e+00 2.558697403757981156e-07 -5.256461583409724803e+00 1.342498399723544598e+09
8.513093740640228840e-04 -1.939023953852744508e+00 -2.250891285177719414e+00 5.062771026661233068e-07 -4.889482502684240117e+00 1.342498399724265575e+09
8.559109477838706828e-04 -1.933994944375929226e+00 -2.380229923338829767e+00 1.207410575851693751e-06 -4.321709937761664122e+00 1.342498399724577188e+09
8.508782622538709709e-04 -1.939821605541354410e+00 -2.331497214157714382e+00 1.283490673574427801e-07 -5.913735954990508858e+00 1.342498399726549864e+09
8.579093579101043469e-04 -1.934789638193153971e+00 -2.437633620305338145e+00 2.095427466485516781e-07 -5.524128351562497485e+00 1.342498399727938652e+09
8.602379695576875237e-04 -1.930187636234371951e+00 -2.466592094177940453e+00 8.076014790404649580e-07 -4.514623401152920934e+00 1.342498399728483438e+09
8.487532783174648286e-04 -1.940005942347351020e+00 -2.341319818420810606e+00 3.530796381674219842e-07 -5.145315100807668074e+00 1.342498399728650570e+09
8.487532783174648286e-04 -1.940005942347351020e+00 -2.341319818420810606e+00 3.530796381674219842e-07 -5.145315100807668074e+00 1.342498399728650570e+09
8.585136636523565783e-04 -1.933032692370262540e+00 -2.410889846340193987e+00 2.009592032892662291e-06 -3.801652341715379357e+00 1.342498399729463339e+09
8.490634483099568103e-04 -1.944942093991364418e+00 -2.301443335832649595e+00 4.239590789636479268e-07 -4.908200485568629645e+00 1.342498399729804993e+09
8.487125053883293321e-04 -1.945153592457185887e+00 -2.328582005856098647e+00 1.841738559824971485e-07 -5.677760299353878715e+00 1.342498399730296612e+09
8.487125053883293321e-04 -1.945153592457185887e+00 -2.328582005856098647e+00 1.841738559824971485e-07 -5.677760299353878715e+00 1.342498399730296612e+09
8.490052087822862800e-04 -1.946344905036297313e+00 -2.311606257209865234e+00 8.025328566510464747e-07 -4.648082098624833236e+00 1.342498399731085300e+09
8.528361467962484880e-04 -1.941551875779651271e+00 -2.318355802579101788e+00 1.686737552952471968e-06 -3.899430756592948022e+00 1.342498399731215954e+09
8.528361467962484880e-04 -1.941551875779651271e+00 -2.318355802579101788e+00 1.686737552952471968e-06 -3.899430756592948022e+00 1.342498399731215954e+09
8.515786131961214540e-04 -1.944737636335708286e+00 -2.369715838997977109e+00 7.912763399293575450e-07 -4.630661532914158940e+00 1.342498399731417179e+09
8.532605072961044288e-04 -1.942627644271724296e+00 -2.400809981075973987e+00 4.716516792821952937e-07 -4.913177069809039565e+00 1.342498399732513189e+09
8.496841038462454778e-04 -1.942244743144694530e+00 -2.356682550948538957e+00 2.031997570581321316e-06 -3.792223146289249058e+00 1.342498399732854605e+09
8.496841038462454778e-04 -1.942244743144694530e+00 -2.356682550948538957e+00 2.031997570581321316e-06 -3.792223146289249058e+00 1.342498399732854605e+09
8.474963634597244399e-04 -1.944363491773967167e+00 -2.419178978441830274e+00 4.820833404764730054e-07 -4.832400620213896936e+00 1.342498399733210087e+09
8.474963634597244399e-04 -1.944363491773967167e+00 -2.419178978441830274e+00 4.820833404764730054e-07 -4.832400620213896936e+00 1.342498399733210087e+09
8.488270995844220037e-04 -1.945188958012721514e+00 -2.336784775125541280e+00 1.268375355255381351e-06 -4.301814909064904491e+00 1.342498399734983206e+09
8.539486144349450790e-04 -1.938477304739995022e+00 -2.312574405378086340e+00 1.612134158170851647e-06 -4.113553456992803170e+00 1.342498399735552549e+09
8.480403169546715933e-04 -1.942361973569776135e+00 -2.332665551639029111e+00 1.626640867052353447e-07 -5.663164328090879884e+00 1.342498399735787630e+09
8.488893608485084327e-04 -1.942234339558458922e+00 -2.356543696012655786e+00 1.702635044910606026e-06 -3.965899666193346995e+00 1.342498399736280680e+09
8.488893608485084327e-04 -1.942234339558458922e+00 -2.356543696012655786e+00 1.702635044910606026e-06 -3.965899666193346995e+00 1.342498399736280680e+09
8.480417761709749388e-04 -1.945488250760078142e+00 -2.415194563380557824e+00 2.211000239042362241e-07 -5.513190456878284351e+00 1.342498399737942219e+09
8.480417761709749388e-04 -1.945488250760078142e+00 -2.415194563380557824e+00 2.211000239042362241e-07 -5.513190456878284351e+00 1.342498399737942219e+09
8.571952951821048281e-04 -1.937892303887035705e+00 -2.449692286127273189e+00 7.085889753746117642e-07 -4.684123770525252084e+00 1.342498399738035917e+09
8.563903823275868582e-04 -1.933813697277915855e+00 -2.342848696123122298e+00 2.328809755543539419e-07 -5.518502684648058931e+00 1.342498399739977837e+09
8.563903823275868582e-04 -1.933813697277915855e+00 -2.342848696123122298e+00 2.328809755543539419e-07 -5.518502684648058931e+00 1.342498399739977837e+09
8.513014634282357277e-04 -1.939147989524400595e+00 -2.364609358513318327e+00 1.541119436111048922e-07 -5.626538225854266884e+00 1.342498399742283106e+09
8.513014634282357277e-04 -1.939147989524400595e+00 -2.364609358513318327e+00 1.541119436111048922e-07 -5.626538225854266884e+00 1.342498399742283106e+09
8.536365176441620831e-04 -1.936643808376882214e+00 -2.256490144893481098e+00 7.001329711911590712e-07 -4.640317887618223835e+00 1.342498399743493557e+09
8.507346820750374180e-04 -1.943463064885805336e+00 -2.364866448008627664e+00 5.284893479541132674e-07 -4.723475787853377739e+00 1.342498399743690729e+09
8.507346820750374180e-04 -1.943463064885805336e+00 -2.364866448008627664e+00 5.284893479541132674e-07 -4.723475787853377739e+00 1.342498399743690729e+09
8.554049610107560377e-04 -1.933611051888915799e+00 -2.334214846882989303e+00 1.763009760626693776e-07 -5.596587849247779189e+00 1.342498399744163990e+09
8.554049610107560377e-04 -1.933611051888915799e+00 -2.334214846882989303e+00 1.763009760626693776e-07 -5.596587849247779189e+00 1.342498399744163990e+09
8.546622920548019569e-04 -1.937650945660170043e+00 -2.323893345188560833e+00 7.934666178800483138e-07 -4.384097746743372603e+00 1.342498399745203257e+09
8.546622920548019569e-04 -1.937650945660170043e+00 -2.323893345188560833e+00 7.934666178800483138e-07 -4.384097746743372603e+00 1.342498399745203257e+09
8.517031882066857917e-04 -1.940338511001309607e+00 -2.339832220583547784e+00 2.154697424549216868e-06 -3.836398373084983326e+00 1.342498399745844603e+09
8.505053540236254001e-04 -1.939839143678761646e+00 -2.333262825863176904e+00 1.427453590016817297e-06 -3.988726178425949342e+00 1.342498399746624470e+09
8.505053540236254001e-04 -1.939839143678761646e+00 -2.333262825863176904e+00 1.427453590016817297e-06 -3.988726178425949342e+00 1.342498399746624470e+09
8.504499594339634582e-04 -1.939509663500213366e+00 -2.430240581499796715e+00 3.580975301573659075e-07 -5.015295576318456128e+00 1.342498399746961832e+09
8.496800821497365675e-04 -1.944506893819937465e+00 -2.387576802202245663e+00 1.924730638673049828e-07 -5.544584004484113926e+00 1.342498399747986317e+09
8.551165744111856662e-04 -1.938261903859655577e+00 -2.269833934857271807e+00 4.602739458768847657e-07 -5.013181190630845663e+00 1.342498399748015165e+09
8.534243277521589427e-04 -1.938343624052470959e+00 -2.299079999791645346e+00 7.017228265355737383e-07 -4.773253576229946837e+00 1.342498399749006987e+09
8.536408135012438182e-04 -1.942336882095762718e+00 -2.397175979182051275e+00 1.244906240316331986e-06 -4.223042817528494197e+00 1.342498399750219584e+09
8.542789448020604625e-04 -1.940561903484886663e+00 -2.321336847457926122e+00 5.336383560233152946e-07 -4.963589703881202908e+00 1.342498399751029491e+09
8.542789448020604625e-04 -1.940561903484886663e+00 -2.321336847457926122e+00 5.336383560233152946e-07 -4.963589703881202908e+00 1.342498399751029491e+09
8.539278332695202089e-04 -1.940057420972092883e+00 -2.369756854717309125e+00 2.375287311007764509e-06 -3.710702798024251514e+00 1.342498399751628399e+09
8.545562035749727650e-04 -1.938951148984666917e+00 -2.449178134166465792e+00 3.460582263096790441e-07 -5.273072302817015000e+00 1.342498399751634598e+09
8.491256196195793313e-04 -1.941264616962221856e+00 -2.481111346057693900e+00 4.949772437858616643e-07 -4.858104515430046177e+00 1.342498399754630089e+09
8.491256196195793313e-04 -1.941264616962221856e+00 -2.481111346057693900e+00 4.949772437858616643e-07 -4.858104515430046177e+00 1.342498399754630089e+09
8.492616596469761744e-04 -1.943715521976196348e+00 -2.256508959418491056e+00 2.654299051630254548e-07 -5.365941526771809578e+00 1.342498399755126715e+09
8.576101183085921677e-04 -1.937610584578271622e+00 -2.415220151648449054e+00 6.751938154794129402e-07 -4.703624542672049103e+00 1.342498399755172014e+09
8.576101183085921677e-04 -1.937610584578271622e+00 -2.415220151648449054e+00 6.751938154794129402e-07 -4.703624542672049103e+00 1.342498399755172014e+09
8.535985739410909511e-04 -1.938199454083795237e+00 -2.413034541376910092e+00 1.312427963856464318e-07 -5.903260450945867710e+00 1.342498399755476236e+09
8.502983203375306812e-04 -1.942557433023317515e+00 -2.482848601296832491e+00 2.645053295436291080e-07 -5.417932275205867398e+00 1.342498399755536556e+09
8.502983203375306812e-04 -1.942557433023317515e+00 -2.482848601296832491e+00 2.645053295436291080e-07 -5.417932275205867398e+00 1.342498399755536556e+09
8.516075999865051335e-04 -1.944333796385529167e+00 -2.386899068379761513e+00 7.664823800212208449e-07 -4.537435257723401172e+00 1.342498399756579638e+09
8.551758106077485787e-04 -1.935546867550691719e+00 -2.479401898829066919e+00 2.803635472087954806e-07 -5.391864907537733842e+00 1.342498399756985903e+09
8.551758106077485787e-04 -1.935546867550691719e+00 -2.479401898829066919e+00 2.803635472087954806e-07 -5.391864907537733842e+00 1.342498399756985903e+09
8.545679561127080817e-04 -1.936142774472890737e+00 -2.420228357258205953e+00 1.536337102335794063e-06 -4.130372767512125343e+00 1.342498399757078409e+09
8.538913381718359801e-04 -1.937849092969324172e+00 -2.462704472196216798e+00 2.086146465904709661e-06 -3.797372627138788204e+00 1.342498399757103205e+09
8.534241250815563116e-04 -1.941320101814071997e+00 -2.278271288155603091e+00 1.025036718135116927e-06 -4.431788260582560035e+00 1.342498399757112980e+09
8.488764197642190796e-04 -1.943526735577671083e+00 -2.346100977053885206e+00 6.826375169175962635e-07 -4.513856709004544498e+00 1.342498399757401943e+09
8.488764197642190796e-04 -1.943526735577671083e+00 -2.346100977053885206e+00 6.826375169175962635e-07 -4.513856709004544498e+00 1.342498399757401943e+09
8.503173258161061477e-04 -1.938659575408254954e+00 -2.390441947457590199e+00 2.629286739616397242e-07 -5.275366883249658301e+00 1.342498399761000872e+09
8.552869922282228940e-04 -1.934969752789280406e+00 -2.351067124268897413e+00 2.164722386257248456e-06 -3.750278828519785002e+00 1.342498399763933897e+09
8.496391789340924927e-04 -1.942950487164831985e+00 -2.243565065709316020e+00 5.001902423306716689e-07 -4.887079440466076008e+00 1.342498399764401913e+09
8.497781722933471591e-04 -1.943263736490761451e+00 -2.464597466546576410e+00 5.397025328765310501e-07 -4.738694111495127537e+00 1.342498399764555931e+09
8.488783310323506871e-04 -1.941592425537974398e+00 -2.310349728972065364e+00 1.458128582689102581e-06 -4.068601783427259200e+00 1.342498399764581442e+09
8.563979861638862899e-04 -1.936143969378193219e+00 -2.387162971660596877e+00 3.200796233345723500e-07 -5.332754502045341738e+00 1.342498399764829159e+09
8.563979861638862899e-04 -1.936143969378193219e+00 -2.387162971660596877e+00 3.200796233345723500e-07 -5.332754502045341738e+00 1.342498399764829159e+09
8.531644380350986503e-04 -1.939351024868920970e+00 -2.294944148490595026e+00 5.498731016744264383e-07 -4.955106189890324586e+00 1.342498399766406775e+09
8.531644380350986503e-04 -1.939351024868920970e+00 -2.294944148490595026e+00 5.498731016744264383e-07 -4.955106189890324586e+00 1.342498399766406775e+09
8.503357223934195205e-04 -1.939358749344973987e+00 -2.262760463527651922e+00 3.983398517525447222e-07 -5.034318570447892327e+00 1.342498399767960787e+09
8.536675558963231249e-04 -1.936214887572294652e+00 -2.271839208243730646e+00 2.709852168755655998e-07 -5.300292722864434758e+00 1.342498399768986940e+09
8.544562300561739463e-04 -1.938822194107259200e+00 -2.309036113781674615e+00 7.811442656482993029e-07 -4.697010232509203576e+00 1.342498399770675421e+09
8.544562300561739463e-04 -1.938822194107259200e+00 -2.309036113781674615e+00 7.811442656482993029e-07 -4.697010232509203576e+00 1.342498399770675421e+09
8.540593375603420948e-04 -1.939485135004836103e+00 -2.317082937997797742e+00 9.253904350921621541e-07 -4.297407513051373584e+00 1.342498399772048473e+09
8.516697508928649163e-04 -1.940991697794805404e+00 -2.340999523943160909e+00 8.272691827214530265e-07 -4.349540178102050625e+00 1.342498399772282839e+09
8.572254348564962772e-04 -1.937107548568089310e+00 -2.476472773772294023e+00 4.163955435068986369e-07 -5.049575710163979991e+00 1.342498399773386002e+09
8.518429242181061335e-04 -1.940762188487831441e+00 -2.444787650274816926e+00 8.233422678998202828e-07 -4.379498058210986144e+00 1.342498399773890018e+09
8.537970057549691986e-04 -1.942006068364243498e+00 -2.341605591568626910e+00 1.166090435142874207e-06 -4.232289138670385142e+00 1.342498399774972677e+09
8.537970057549691986e-04 -1.942006068364243498e+00 -2.341605591568626910e+00 1.166090435142874207e-06 -4.232289138670385142e+00 1.342498399774972677e+09
8.495734218267520822e-04 -1.944542356419102447e+00 -2.274943671997491812e+00 2.650404500950657775e-07 -5.325587303599497169e+00 1.342498399775222063e+09
8.475871379070351987e-04 -1.946944317887604914e+00 -2.322137012474224438e+00 2.999691339658748828e-07 -5.342405862917733117e+00 1.342498399775573730e+09
8.475471830551056145e-04 -1.945058820719310688e+00 -2.367984085528215044e+00 1.691135681642928756e-07 -5.651963560344588799e+00 1.342498399777114868e+09
8.492429632840986986e-04 -1.946213727734601884e+00 -2.280866576620877328e+00 4.854306591812102927e-07 -4.923933717987935665e+00 1.342498399777785778e+09
8.596216094240599105e-04 -1.929785936544605507e+00 -2.432609619015279279e+00 7.891223595091369948e-07 -4.537168978769427596e+00 1.342498399778069258e+09
8.596216094240599105e-04 -1.929785936544605507e+00 -2.432609619015279279e+00 7.891223595091369948e-07 -4.537168978769427596e+00 1.342498399778069258e+09
8.580558387373584664e-04 -1.934055974811969669e+00 -2.408823922606706081e+00 1.860987900826387944e-07 -5.597195519957224974e+00 1.342498399778551340e+09
8.538679634423464258e-04 -1.938865680599945351e+00 -2.442466237223132719e+00 2.021906688792620591e-06 -3.762209507950952769e+00 1.342498399779330015e+09
8.555541078818678421e-04 -1.933649422537220719e+00 -2.420890862404798227e+00 1.783351137031052955e-07 -5.576546544510001979e+00 1.342498399779357433e+09
8.536667834390372720e-04 -1.938188255274139848e+00 -2.494453099310573130e+00 2.448351169572017372e-07 -5.484945804565079186e+00 1.342498399780123711e+09
8.574837502935819594e-04 -1.932172207868588343e+00 -2.314782693981216610e+00 3.827877100432113392e-07 -5.130616517280256694e+00 1.342498399783134699e+09
8.574837502935819594e-04 -1.932172207868588343e+00 -2.314782693981216610e+00 3.827877100432113392e-07 -5.130616517280256694e+00 1.342498399783134699e+09
8.488249167193999108e-04 -1.944417191954076252e+00 -2.287368551465248867e+00 5.239586711477415889e-07 -4.978431203787531345e+00 1.342498399783894300e+09
8.488249167193999108e-04 -1.944417191954076252e+00 -2.287368551465248867e+00 5.239586711477415889e-07 -4.978431203787531345e+00 1.342498399783894300e+09
8.535130237829751266e-04 -1.937421228388507277e+00 -2.359844082301111534e+00 1.009511812071737073e-07 -6.006430575263731697e+00 1.342498399786518097e+09
8.535130237829751266e-04 -1.937421228388507277e+00 -2.359844082301111534e+00 1.009511812071737073e-07 -6.006430575263731697e+00 1.342498399786518097e+09
8.515430185589360334e-04 -1.936658471361810019e+00 -2.361112634556024936e+00 5.442539648549470931e-07 -4.742616321202901553e+00 1.342498399788048744e+09
8.515430185589360334e-04 -1.936658471361810019e+00 -2.361112634556024936e+00 5.442539648549470931e-07 -4.742616321202901553e+00 1.342498399788048744e+09
8.568312716845440666e-04 -1.933560606934844994e+00 -2.278410200849471767e+00 8.359611943459719500e-07 -4.509329336366529439e+00 1.342498399789842606e+09
8.568312716845440666e-04 -1.933560606934844994e+00 -2.278410200849471767e+00 8.359611943459719500e-07 -4.509329336366529439e+00 1.342498399789842606e+09
8.486414713816427258e-04 -1.943568166716420409e+00 -2.480452690465475563e+00 8.440489501570378905e-07 -4.466703375605167281e+00 1.342498399790034771e+09
8.583674445376196765e-04 -1.931741186455860682e+00 -2.362318318664047290e+00 1.668155090845482566e-06 -3.954877284611901800e+00 1.342498399790617466e+09
8.572198767448601904e-04 -1.934012286807035741e+00 -2.422445478929793783e+00 5.604532888490552733e-07 -4.657800901062519650e+00 1.342498399790911198e+09
8.572198767448601904e-04 -1.934012286807035741e+00 -2.422445478929793783e+00 5.604532888490552733e-07 -4.657800901062519650e+00 1.342498399790911198e+09
8.550908952987628341e-04 -1.939053471528082051e+00 -2.301448669832288463e+00 5.124662412218604863e-07 -4.790979618900141901e+00 1.342498399791367054e+09
8.535549133918876987e-04 -1.937645935352792836e+00 -2.378288093265524594e+00 1.809560583324500237e-07 -5.493272482874081319e+00 1.342498399792050838e+09
8.535549133918876987e-04 -1.937645935352792836e+00 -2.378288093265524594e+00 1.809560583324500237e-07 -5.493272482874081319e+00 1.342498399792050838e+09
8.550638345222398139e-04 -1.936540766952153492e+00 -2.265446722453627881e+00 5.260190753167109932e-07 -4.785787791334005448e+00 1.342498399792640924e+09
8.535059496769870687e-04 -1.939157411659410801e+00 -2.439508775009511243e+00 1.788816317377460255e-06 -4.008216828605988269e+00 1.342498399793832541e+09
8.492664492072688181e-04 -1.940375168460697797e+00 -2.381653871470726269e+00 3.571599065616276638e-07 -5.028195138062052649e+00 1.342498399794136286e+09
8.492664492072688181e-04 -1.940375168460697797e+00 -2.381653871470726269e+00 3.571599065616276638e-07 -5.028195138062052649e+00 1.342498399794136286e+09
8.475620566270035969e-04 -1.946022408966516348e+00 -2.301503815137416975e+00 1.468829618044678124e-06 -4.091741579170394161e+00 1.342498399795220852e+09
8.560091427699786969e-04 -1.935723051764995706e+00 -2.490020793444588154e+00 1.144804632017387153e-06 -4.156203376456373277e+00 1.342498399795716524e+09
8.475623517601899330e-04 -1.943358193680643442e+00 -2.435172858010269614e+00 3.392511509934235469e-07 -5.167301759005441752e+00 1.342498399797393322e+09
8.556751997058723589e-04 -1.937097860205771571e+00 -2.320582227790367824e+00 1.809063451330016582e-06 -3.997793189071622066e+00 1.342498399802189827e+09
8.501782400332609990e-04 -1.939674528400989306e+00 -2.452719963498981137e+00 3.908414143346672887e-07 -5.124455237603798174e+00 1.342498399802937746e+09
8.501782400332609990e-04 -1.939674528400989306e+00 -2.452719963498981137e+00 3.908414143346672887e-07 -5.124455237603798174e+00 1.342498399802937746e+09
8.526212795622600815e-04 -1.939001802628999238e+00 -2.428882245921748950e+00 1.385955038922479129e-07 -5.859439077825351561e+00 1.342498399804602385e+09
8.522191339759425163e-04 -1.943747217136011063e+00 -2.420045710790142746e+00 5.155535951313539506e-07 -4.919657521759905450e+00 1.342498399810387611e+09
8.463249864816762636e-04 -1.945108774961825215e+00 -2.275587804069228781e+00 6.644274042286783891e-07 -4.655832478098716365e+00 1.342498399811230421e+09
8.463249864816762636e-04 -1.945108774961825215e+00 -2.275587804069228781e+00 6.644274042286783891e-07 -4.655832478098716365e+00 1.342498399811230421e+09
8.579033203300416013e-04 -1.933701655282880738e+00 -2.295584703385841863e+00 1.220717450403136228e-06 -4.247404340759382890e+00 1.342498399811426163e+09
8.561210129328072210e-04 -1.936268437664803610e+00 -2.422491464659805693e+00 1.698081041293981406e-07 -5.608880431737945926e+00 1.342498399814021349e+09
8.545051863182931287e-04 -1.933689097694686998e+00 -2.345564295313260050e+00 2.482388173681977592e-07 -5.368922541939625148e+00 1.342498399814672709e+09
8.548763709209173181e-04 -1.934716421949844278e+00 -2.484137692674858844e+00 2.716175802627386113e-07 -5.253510594603895356e+00 1.342498399814859390e+09
8.502004080208346330e-04 -1.942395860480419234e+00 -2.416503453884847552e+00 1.403575867402593081e-06 -4.016622592834647065e+00 1.342498399815241098e+09
8.583092951686563605e-04 -1.931583038287651100e+00 -2.441240608045887939e+00 6.766828738694556442e-07 -4.735509302048983571e+00 1.342498399815552711e+09
8.583092951686563605e-04 -1.931583038287651100e+00 -2.441240608045887939e+00 6.766828738694556442e-07 -4.735509302048983571e+00 1.342498399815552711e+09
8.532713906529008257e-04 -1.941183484062919185e+00 -2.384311204690353403e+00 1.823404810874733109e-06 -3.993738422049259995e+00 1.342498399815689564e+09
8.559745748809229364e-04 -1.932215520047457114e+00 -2.376475558642123342e+00 6.413698099978151621e-07 -4.736550263129034377e+00 1.342498399815700769e+09
8.568819174004440068e-04 -1.936792762401202461e+00 -2.345632692830204924e+00 5.704254001493379397e-07 -4.687987377243567622e+00 1.342498399816968203e+09
8.486432686236727299e-04 -1.941826461187361019e+00 -2.394756589059097163e+00 6.654620420626049201e-07 -4.569016580065857980e+00 1.342498399818223953e+09
8.553625053180595591e-04 -1.936910478959126714e+00 -2.427377629939812209e+00 2.305896810315947409e-06 -3.735896569865651884e+00 1.342498399818591595e+09
8.535470233278744275e-04 -1.941445604509560940e+00 -2.373630614284887752e+00 2.383833062238229732e-07 -5.409052771686050143e+00 1.342498399818995953e+09
8.484875476819613970e-04 -1.943886468985525084e+00 -2.318359094702009404e+00 1.665418489340962225e-07 -5.742989853875601014e+00 1.342498399820021629e+09
8.560481281511943957e-04 -1.936178936461178779e+00 -2.391907013472967858e+00 1.486515100137330470e-07 -5.802555108374881421e+00 1.342498399821757555e+09
8.490547864101959889e-04 -1.944334142543734822e+00 -2.376528212317338795e+00 1.616453618499155610e-07 -5.673332376268180433e+00 1.342498399823039055e+09
8.490547864101959889e-04 -1.944334142543734822e+00 -2.376528212317338795e+00 1.616453618499155610e-07 -5.673332376268180433e+00 1.342498399823039055e+09
8.562396437132539914e-04 -1.934007512108448124e+00 -2.452642877292402268e+00 3.205378661277673745e-07 -5.294826952750910642e+00 1.342498399823570728e+09
8.576838970288715733e-04 -1.937175515477310928e+00 -2.399760596382532363e+00 6.463393673091723555e-07 -4.673565551910595417e+00 1.342498399824535370e+09
8.576838970288715733e-04 -1.937175515477310928e+00 -2.399760596382532363e+00 6.463393673091723555e-07 -4.673565551910595417e+00 1.342498399824535370e+09
8.473781526655898904e-04 -1.943645963183670666e+00 -2.340410497654332289e+00 4.859519438020151986e-07 -5.001745892275586414e+00 1.342498399830154419e+09
8.576321144719978437e-04 -1.935252758492887137e+00 -2.477185542150323272e+00 2.684694067893766690e-07 -5.348573011870431770e+00 1.342498399832672596e+09
8.558213965479965785e-04 -1.932123610176666340e+00 -2.370662796217688051e+00 4.035710585209534063e-07 -4.996447706634626229e+00 1.342498399833028793e+09
8.536190171054858786e-04 -1.940845441212030620e+00 -2.343075350364097975e+00 4.202446234856131449e-07 -5.145668930516827722e+00 1.342498399833641529e+09
8.536190171054858786e-04 -1.940845441212030620e+00 -2.343075350364097975e+00 4.202446234856131449e-07 -5.145668930516827722e+00 1.342498399833641529e+09
8.561962352377652883e-04 -1.936408532657068360e+00 -2.323683070021702601e+00 1.807397776243509721e-06 -3.991058079863844199e+00 1.342498399834282398e+09
8.549877454590166506e-04 -1.940696905395860705e+00 -2.374572619427194997e+00 9.788542713545882033e-07 -4.478793981456222539e+00 1.342498399834362507e+09
8.508039981703104234e-04 -1.939952495898734197e+00 -2.275216146823121122e+00 7.366510833835372397e-07 -4.489082594226604606e+00 1.342498399835866451e+09
8.580010758190214715e-04 -1.932731864743151728e+00 -2.408972413420734870e+00 2.031661370127999929e-07 -5.481446655038510585e+00 1.342498399836131096e+09
8.483199691112301146e-04 -1.941372644732878294e+00 -2.409652041187704707e+00 5.523255670505578974e-07 -4.831984660999591341e+00 1.342498399836583853e+09
8.522123652893183032e-04 -1.938045099880251421e+00 -2.346247404545471760e+00 1.438525293985634248e-06 -3.966312297966338107e+00 1.342498399838562489e+09
8.522123652893183032e-04 -1.938045099880251421e+00 -2.346247404545471760e+00 1.438525293985634248e-06 -3.966312297966338107e+00 1.342498399838562489e+09
8.541914806871231565e-04 -1.940974439313240207e+00 -2.363087713359185660e+00 1.130992407886178298e-06 -4.393783264490863871e+00 1.342498399839289188e+09
8.573852173744254306e-04 -1.932052732462712141e+00 -2.462420923986504473e+00 6.035422133733254807e-07 -4.651810624424247642e+00 1.342498399840273619e+09
8.516758189922851024e-04 -1.943720988346851586e+00 -2.280195398059267298e+00 9.051192568027120498e-07 -4.502974962695674321e+00 1.342498399842332602e+09
8.491557548728397844e-04 -1.941156064702192818e+00 -2.337242275053992291e+00 1.423423359951516028e-07 -5.787564077355020764e+00 1.342498399842390299e+09
8.491557548728397844e-04 -1.941156064702192818e+00 -2.337242275053992291e+00 1.423423359951516028e-07 -5.787564077355020764e+00 1.342498399842390299e+09
8.467368112826347730e-04 -1.943912472008312742e+00 -2.318853397800423544e+00 3.098787618492031233e-07 -5.180356474329754768e+00 1.342498399842539549e+09
8.487327028710479762e-04 -1.946492437143372278e+00 -2.405112719613402561e+00 9.888764370449227535e-07 -4.396527429904857343e+00 1.342498399843605042e+09
8.540992366293026147e-04 -1.940045691606940625e+00 -2.286009951706067245e+00 1.369939669227586332e-06 -4.095917618780899438e+00 1.342498399846049309e+09
8.540992366293026147e-04 -1.940045691606940625e+00 -2.286009951706067245e+00 1.369939669227586332e-06 -4.095917618780899438e+00 1.342498399846049309e+09
8.537881443731102195e-04 -1.937164795127238826e+00 -2.367898424474126795e+00 2.116867613238796110e-06 -3.706356998352820398e+00 1.342498399846777201e+09
8.530245335912017921e-04 -1.943285703190661629e+00 -2.351267234050000265e+00 6.415132368281797584e-07 -4.730532675969268297e+00 1.342498399847094536e+09
8.530245335912017921e-04 -1.943285703190661629e+00 -2.351267234050000265e+00 6.415132368281797584e-07 -4.730532675969268297e+00 1.342498399847094536e+09
8.530857602713694688e-04 -1.938375323051191756e+00 -2.437364674916343343e+00 4.485195285638788101e-07 -4.814942807476814579e+00 1.342498399847228050e+09
8.487305377228067252e-04 -1.946470097118217391e+00 -2.394612588942616416e+00 3.444800207781788480e-07 -5.194263349115756156e+00 1.342498399847642422e+09
8.520811808818963507e-04 -1.941913415254173492e+00 -2.338966213462458033e+00 1.136909414217256036e-06 -4.412329957355352050e+00 1.342498399848349094e+09
8.462348388618499539e-04 -1.944919757316602160e+00 -2.382954876763081487e+00 4.547150451653185538e-07 -4.975904001772818219e+00 1.342498399850222111e+09
8.537506703172472551e-04 -1.937563528611853103e+00 -2.378429906626871038e+00 2.492604078411953457e-07 -5.246070008478405988e+00 1.342498399850277424e+09
8.537506703172472551e-04 -1.937563528611853103e+00 -2.378429906626871038e+00 2.492604078411953457e-07 -5.246070008478405988e+00 1.342498399850277424e+09
8.514139937511304044e-04 -1.943937255099123851e+00 -2.302603078036949746e+00 3.191240045499511566e-07 -5.217521627702025988e+00 1.342498399851477146e+09
8.514139937511304044e-04 -1.943937255099123851e+00 -2.302603078036949746e+00 3.191240045499511566e-07 -5.217521627702025988e+00 1.342498399851477146e+09
8.488066369992174976e-04 -1.945066554823840832e+00 -2.305931079550294083e+00 1.061852585042414330e-06 -4.238918921032389875e+00 1.342498399851501226e+09
8.593847694877732339e-04 -1.930249301500282622e+00 -2.354926074183837592e+00 4.298001356602420759e-07 -5.006276406739605278e+00 1.342498399854755402e+09
8.476983824704392451e-04 -1.946064167083449981e+00 -2.281386726178252111e+00 7.660944258264271344e-07 -4.509538022456477613e+00 1.342498399857927322e+09
8.588869229235661330e-04 -1.932424039792192350e+00 -2.421317626611069862e+00 4.828082062723033816e-07 -4.810197097545795941e+00 1.342498399860303402e+09
8.503416965975999246e-04 -1.940772933787982879e+00 -2.470827706986123307e+00 9.988954252151399152e-07 -4.294240965271854726e+00 1.342498399861117363e+09
8.556407067543478221e-04 -1.937427276397946985e+00 -2.310067625034090799e+00 7.855729509874014143e-07 -4.679633980991665609e+00 1.342498399861624241e+09
8.556407067543478221e-04 -1.937427276397946985e+00 -2.310067625034090799e+00 7.855729509874014143e-07 -4.679633980991665609e+00 1.342498399861624241e+09
8.578049995343620593e-04 -1.931930009470453680e+00 -2.393983691895915200e+00 2.097435299606411759e-07 -5.520716493587578988e+00 1.342498399865476847e+09
8.578049995343620593e-04 -1.931930009470453680e+00 -2.393983691895915200e+00 2.097435299606411759e-07 -5.520716493587578988e+00 1.342498399865476847e+09
8.513513082975506571e-04 -1.939594230012059661e+00 -2.478796950701694701e+00 1.145673731805985727e-06 -4.325038446503906009e+00 1.342498399866217613e+09
8.475143070964368799e-04 -1.945317501546593997e+00 -2.378179574143463260e+00 2.542921471788469723e-07 -5.452924430635327724e+00 1.342498399866442919e+09
8.475143070964368799e-04 -1.945317501546593997e+00 -2.378179574143463260e+00 2.542921471788469723e-07 -5.452924430635327724e+00 1.342498399866442919e+09
8.585029827277072898e-04 -1.932309898884883914e+00 -2.335429152126726748e+00 3.459236949764968737e-07 -5.216326990175650380e+00 1.342498399867054224e+09
8.532808545142406059e-04 -1.938541474711096946e+00 -2.435021247570848146e+00 1.398213432738540554e-07 -5.842865244343775188e+00 1.342498399869440794e+09
8.524592029995544133e-04 -1.939375847352399207e+00 -2.431063636730148581e+00 1.062516032669103638e-06 -4.182527961907222647e+00 1.342498399869494915e+09
8.577825431527670878e-04 -1.932510305391005323e+00 -2.443272990241112996e+00 1.301448145210400858e-06 -4.082457715867491288e+00 1.342498399870850086e+09
8.577825431527670878e-04 -1.932510305391005323e+00 -2.443272990241112996e+00 1.301448145210400858e-06 -4.082457715867491288e+00 1.342498399870850086e+09
8.512995622388337463e-04 -1.937466347972671699e+00 -2.447304428871418747e+00 4.763906985830388077e-07 -4.911777140236712746e+00 1.342498399874866486e+09
8.512995622388337463e-04 -1.937466347972671699e+00 -2.447304428871418747e+00 4.763906985830388077e-07 -4.911777140236712746e+00 1.342498399874866486e+09
8.535275183794473067e-04 -1.936785537250010014e+00 -2.357842911257889806e+00 1.474575339533929646e-07 -5.822244948262466302e+00 1.342498399875771523e+09
8.590855990656993827e-04 -1.932578715567724537e+00 -2.365418577020152568e+00 2.776926645730983852e-07 -5.272930678657420600e+00 1.342498399875924349e+09
8.569079350445402360e-04 -1.937083686548946249e+00 -2.409562785272334029e+00 9.400020872393701874e-07 -4.534784965407514079e+00 1.342498399876301527e+09
8.556678639309907167e-04 -1.937591798408132115e+00 -2.451242169587755981e+00 2.000776527310410524e-06 -3.828930043350815993e+00 1.342498399876869678e+09
8.556678639309907167e-04 -1.937591798408132115e+00 -2.451242169587755981e+00 2.000776527310410524e-06 -3.828930043350815993e+00 1.342498399876869678e+09
8.536478164625240211e-04 -1.937410917124127607e+00 -2.404924228736773362e+00 1.804026440707331901e-07 -5.706824872407324278e+00 1.342498399877432108e+09
8.577375417563990910e-04 -1.933903805440479351e+00 -2.485656082503240327e+00 3.135062745740603173e-07 -5.164881183991054669e+00 1.342498399879127026e+09
8.528845528279917600e-04 -1.938560580846176773e+00 -2.369588269352434384e+00 2.485851542572926386e-07 -5.248919652317201034e+00 1.342498399881518364e+09
8.534361905750856118e-04 -1.936777922986494538e+00 -2.395918627447242599e+00 1.804669462876506815e-07 -5.694043335648382609e+00 1.342498399881825209e+09
8.534361905750856118e-04 -1.936777922986494538e+00 -2.395918627447242599e+00 1.804669462876506815e-07 -5.694043335648382609e+00 1.342498399881825209e+09
8.511836131044824786e-04 -1.939281284877505174e+00 -2.341696688134748960e+00 1.317473987164791598e-07 -5.774462176920349243e+00 1.342498399881927490e+09
8.583659432238029217e-04 -1.933470758621107732e+00 -2.345752588572850073e+00 1.471994761880696366e-06 -3.995687293225639536e+00 1.342498399882429838e+09
8.581097827860909586e-04 -1.932251757013696558e+00 -2.487668084151706260e+00 3.380426817357305540e-07 -5.124058200850672762e+00 1.342498399882647038e+09
8.594734440183673507e-04 -1.931524416784108800e+00 -2.359054867322678994e+00 3.002983648763673959e-07 -5.263528720631114766e+00 1.342498399882684231e+09
8.466878970839465625e-04 -1.946622673588555452e+00 -2.367773165544848624e+00 6.016846455318204225e-07 -4.843778898440995739e+00 1.342498399883097172e+09
8.497591737192300345e-04 -1.945012640495103140e+00 -2.265688150715585714e+00 4.727842463972364551e-07 -4.958556022835146848e+00 1.342498399884471655e+09
8.497591737192300345e-04 -1.945012640495103140e+00 -2.265688150715585714e+00 4.727842463972364551e-07 -4.958556022835146848e+00 1.342498399884471655e+09
8.579425578147205139e-04 -1.936116477986273399e+00 -2.473190498325959386e+00 6.800181649535219104e-07 -4.721840514679136902e+00 1.342498399885202646e+09
8.579425578147205139e-04 -1.936116477986273399e+00 -2.473190498325959386e+00 6.800181649535219104e-07 -4.721840514679136902e+00 1.342498399885202646e+09
8.572029369618844319e-04 -1.933298201887512890e+00 -2.404844615743406688e+00 9.601218021070480464e-07 -4.262799626603113623e+00 1.342498399885209799e+09
8.572029369618844319e-04 -1.933298201887512890e+00 -2.404844615743406688e+00 9.601218021070480464e-07 -4.262799626603113623e+00 1.342498399885209799e+09
8.527702640280994959e-04 -1.936161536963340479e+00 -2.369499470483585668e+00 1.359222955717505506e-06 -4.089473464287750382e+00 1.342498399885816097e+09
8.542124723935229803e-04 -1.933970023620952050e+00 -2.393302123478028509e+00 8.924151474591332741e-07 -4.449085440036061989e+00 1.342498399886132002e+09
8.542124723935229803e-04 -1.933970023620952050e+00 -2.393302123478028509e+00 8.924151474591332741e-07 -4.449085440036061989e+00 1.342498399886132002e+09
8.490415808003681179e-04 -1.942781273755792570e+00 -2.440280798929817418e+00 2.346313558040013135e-07 -5.381419706930079982e+00 1.342498399887261629e+09
8.588464401016018867e-04 -1.932508685525349712e+00 -2.348060232758299559e+00 3.296943162584891195e-07 -5.122655369610098930e+00 1.342498399888450623e+09
8.542638214368858136e-04 -1.938300351616724759e+00 -2.322079912105687871e+00 1.134189124984847556e-06 -4.134008468116185497e+00 1.342498399888718605e+09
8.558610100512356383e-04 -1.939370713427585269e+00 -2.433820315347251295e+00 1.215236090554851975e-06 -4.254088205000880585e+00 1.342498399889024019e+09
8.558610100512356383e-04 -1.939370713427585269e+00 -2.433820315347251295e+00 1.215236090554851975e-06 -4.254088205000880585e+00 1.342498399889024019e+09
8.512888009009556478e-04 -1.939794636725690191e+00 -2.353518214720434543e+00 1.128819372651927687e-07 -5.906182040714455184e+00 1.342498399889489412e+09
8.569805153626011435e-04 -1.931615453800074267e+00 -2.450144047124720448e+00 6.927007765237799867e-07 -4.614113039561247298e+00 1.342498399889971256e+09
8.569805153626011435e-04 -1.931615453800074267e+00 -2.450144047124720448e+00 6.927007765237799867e-07 -4.614113039561247298e+00 1.342498399889971256e+09
8.581555013392091731e-04 -1.935494290044647236e+00 -2.415157248446405003e+00 1.676390884733708537e-06 -3.990467733973884989e+00 1.342498399890379190e+09
8.581555013392091731e-04 -1.935494290044647236e+00 -2.415157248446405003e+00 1.676390884733708537e-06 -3.990467733973884989e+00 1.342498399890379190e+09
8.527601887473388719e-04 -1.940195036764102987e+00 -2.354446820365428295e+00 1.337521619787355266e-07 -5.783993101486567312e+00 1.342498399891182184e+09
8.469816798471494022e-04 -1.946931337021597264e+00 -2.292008488992140602e+00 8.890351010570784158e-07 -4.538597148200264719e+00 1.342498399891853333e+09
8.469816798471494022e-04 -1.946931337021597264e+00 -2.292008488992140602e+00 8.890351010570784158e-07 -4.538597148200264719e+00 1.342498399891853333e+09
8.568875607087684480e-04 -1.936246353596195569e+00 -2.464513896803430359e+00 1.227958312923664981e-06 -4.133250328250277938e+00 1.342498399892103672e+09
8.577054395744500292e-04 -1.935027420992557534e+00 -2.318351795862971798e+00 2.715297082828829545e-07 -5.346869169947172651e+00 1.342498399893826723e+09
8.496306113100050936e-04 -1.945533165754930405e+00 -2.310814242517830408e+00 3.521244092239397469e-07 -5.112227426025946819e+00 1.342498399894064426e+09
8.544337140144369139e-04 -1.939537012742732713e+00 -2.332000246520981257e+00 3.129646365506121263e-07 -5.141020480474602472e+00 1.342498399894442320e+09
8.544337140144369139e-04 -1.939537012742732713e+00 -2.332000246520981257e+00 3.129646365506121263e-07 -5.141020480474602472e+00 1.342498399894442320e+09
8.557232595904860082e-04 -1.939144073699157422e+00 -2.479762378118252730e+00 8.282550307785785010e-07 -4.503648384261469850e+00 1.342498399894962788e+09
8.497334038879025917e-04 -1.943344087719729441e+00 -2.401341221174788210e+00 1.755140733094088463e-07 -5.595170460224906606e+00 1.342498399895157337e+09
8.547996280929466301e-04 -1.934870346460871637e+00 -2.420675671891293401e+00 1.711823673114692200e-07 -5.687075678077124330e+00 1.342498399896511793e+09
8.469918655279345433e-04 -1.945670854241467351e+00 -2.362950947358609888e+00 2.270325715139768637e-07 -5.426420922991630036e+00 1.342498399899118900e+09
8.469918655279345433e-04 -1.945670854241467351e+00 -2.362950947358609888e+00 2.270325715139768637e-07 -5.426420922991630036e+00 1.342498399899118900e+09
8.562644123918906284e-04 -1.937750316636427383e+00 -2.459815557703360689e+00 7.481274717500108296e-07 -4.512941484649097390e+00 1.342498399900044203e+09
8.509847045312019832e-04 -1.944598443439060631e+00 -2.419159597035665410e+00 1.102234447180034023e-06 -4.325467500746670524e+00 1.342498399900734901e+09
8.528052935071160634e-04 -1.938386660837168041e+00 -2.436678138968086937e+00 6.429582693894579693e-07 -4.549361439466082402e+00 1.342498399902712584e+09
8.565482848968984436e-04 -1.933908507481958194e+00 -2.402678773651245603e+00 1.858259163549438561e-06 -3.822247041186356498e+00 1.342498399903943062e+09
8.578671053338901608e-04 -1.932903671149965863e+00 -2.438467691209762922e+00 1.669541656905830776e-06 -3.928980138099592345e+00 1.342498399904234171e+09
8.578671053338901608e-04 -1.932903671149965863e+00 -2.438467691209762922e+00 1.669541656905830776e-06 -3.928980138099592345e+00 1.342498399904234171e+09
8.497316156105764583e-04 -1.939585748690701328e+00 -2.388168102136298376e+00 8.555868150457683012e-07 -4.518500078760083305e+00 1.342498399905831814e+09
8.597960039545092656e-04 -1.931370271398121119e+00 -2.339802369027749407e+00 5.414155000041550358e-07 -4.783710318783595206e+00 1.342498399907614231e+09
8.501308073206772630e-04 -1.943996310243363279e+00 -2.336313592975966191e+00 6.058463073322729590e-07 -4.886568738545523871e+00 1.342498399908674002e+09
8.576279893900513526e-04 -1.934396100974659305e+00 -2.323295715195505817e+00 3.022095791129361857e-07 -5.322367302387299048e+00 1.342498399908758640e+09
8.567635934169055357e-04 -1.937169439161655626e+00 -2.451672924112630270e+00 7.658518355130861097e-07 -4.495487605851138824e+00 1.342498399908813715e+09
8.479016737839987269e-04 -1.941903010122134177e+00 -2.316903590923240053e+00 8.330773540578825552e-07 -4.514099381825193547e+00 1.342498399909094334e+09
8.491974738958560365e-04 -1.944231230904269303e+00 -2.484718165459199657e+00 6.351624586042908281e-07 -4.680273777828636739e+00 1.342498399909247637e+09
8.519571921228324832e-04 -1.938951699447065469e+00 -2.469207879819112161e+00 1.481637438441580929e-06 -4.026837572488185302e+00 1.342498399909453869e+09
8.537249118442958576e-04 -1.941302904807901575e+00 -2.335325331646323388e+00 9.188858593355123493e-07 -4.358721950895207087e+00 1.342498399911533833e+09
8.553216911417314437e-04 -1.937136930009242253e+00 -2.493870777200168476e+00 9.215432012523657341e-07 -4.325906544427096989e+00 1.342498399912240982e+09
8.492639324796460738e-04 -1.941136178247451882e+00 -2.307554187942941759e+00 1.011438240093112616e-06 -4.264449797283877963e+00 1.342498399912633657e+09
8.516355557623884760e-04 -1.939024942055991074e+00 -2.304371240498026996e+00 4.026831542395427798e-07 -5.159101741320811563e+00 1.342498399913336039e+09
8.513324976447614453e-04 -1.936889163304545525e+00 -2.354625687176866933e+00 3.772759214822931760e-07 -5.041810016911074221e+00 1.342498399913474083e+09
8.583920507697760010e-04 -1.933855902645449376e+00 -2.329371230095256262e+00 2.942542705838631018e-07 -5.307194735312193323e+00 1.342498399913902521e+09
8.583920507697760010e-04 -1.933855902645449376e+00 -2.329371230095256262e+00 2.942542705838631018e-07 -5.307194735312193323e+00 1.342498399913902521e+09
8.512989046945649294e-04 -1.938678170686807700e+00 -2.270747082265696992e+00 4.790579938146692759e-07 -4.840536065733065385e+00 1.342498399914665222e+09
8.512989046945649294e-04 -1.938678170686807700e+00 -2.270747082265696992e+00 4.790579938146692759e-07 -4.840536065733065385e+00 1.342498399914665222e+09
8.536487378515425972e-04 -1.937240918421084368e+00 -2.344075331548049146e+00 2.155278900353981098e-07 -5.594823276319592864e+00 1.342498399916357279e+09
8.516559046677069479e-04 -1.939252842141382160e+00 -2.355706950083405804e+00 1.359205989511848207e-07 -5.738856698177385418e+00 1.342498399916827917e+09
8.553860404193024255e-04 -1.936182926801704118e+00 -2.273032826260675154e+00 1.144575935783037564e-06 -4.305803278400665235e+00 1.342498399917310476e+09
8.483890648058760092e-04 -1.941788363732811939e+00 -2.432871482062456625e+00 4.578667329305045108e-07 -4.919794185053446789e+00 1.342498399917826653e+09
8.529031271443373923e-04 -1.936519554153244504e+00 -2.273249881553282670e+00 3.640231472784133047e-07 -5.107840132270538902e+00 1.342498399917952299e+09
8.588354423604410964e-04 -1.930402424244061832e+00 -2.366417623471762433e+00 6.778258712816335112e-07 -4.597175511954164406e+00 1.342498399918934584e+09
8.512749258455987091e-04 -1.941964298941871725e+00 -2.434920008167455574e+00 1.254301222949249059e-06 -4.104007017849011341e+00 1.342498399919003963e+09
8.512749258455987091e-04 -1.941964298941871725e+00 -2.434920008167455574e+00 1.254301222949249059e-06 -4.104007017849011341e+00 1.342498399919003963e+09
8.544150467712754082e-04 -1.936530337521173539e+00 -2.465771302989901326e+00 1.288056119999260820e-06 -4.258743831035387117e+00 1.342498399920186520e+09
8.557587217839745771e-04 -1.938217833778158816e+00 -2.388024466719303796e+00 2.313450722950055426e-07 -5.408079765442717957e+00 1.342498399921742201e+09
8.487915415672808196e-04 -1.943338205251992967e+00 -2.349304211441149537e+00 1.009697337406638307e-06 -4.244724625086199410e+00 1.342498399922390461e+09
8.501885569465627472e-04 -1.941707305434495101e+00 -2.288334788031183731e+00 5.056755875272658785e-07 -4.750961203038470693e+00 1.342498399922504663e+09
8.569202576985861589e-04 -1.935904243825606219e+00 -2.447763195476308162e+00 1.611660595246213269e-06 -3.937018033822445418e+00 1.342498399922667742e+09
8.569202576985861589e-04 -1.935904243825606219e+00 -2.447763195476308162e+00 1.611660595246213269e-06 -3.937018033822445418e+00 1.342498399922667742e+09
8.605171700175077640e-04 -1.931671682729683370e+00 -2.404126787384221586e+00 5.859853836889385909e-07 -4.793131631538850357e+00 1.342498399924444199e+09
8.504865557423526515e-04 -1.943902296773960758e+00 -2.289238654873640755e+00 6.350187181354638480e-07 -4.830391322221351480e+00 1.342498399925759315e+09
8.520433610345786715e-04 -1.937822669025802025e+00 -2.493633348246216741e+00 2.828040280458015775e-07 -5.264399328369067987e+00 1.342498399926168680e+09
8.520433610345786715e-04 -1.937822669025802025e+00 -2.493633348246216741e+00 2.828040280458015775e-07 -5.264399328369067987e+00 1.342498399926168680e+09
8.540002283713292756e-04 -1.941042081635813821e+00 -2.310917019856117971e+00 5.507580331736833661e-07 -4.766196984357504718e+00 1.342498399926487684e+09
8.500761218593151300e-04 -1.943396941296861913e+00 -2.365805770334890035e+00 1.567378358922275754e-07 -5.688605936354287351e+00 1.342498399926767111e+09
8.594396984548087828e-04 -1.932917669395628479e+00 -2.385778662288614349e+00 4.744102251926269322e-07 -4.999795483346556324e+00 1.342498399926934004e+09
8.509015039842733044e-04 -1.941669345654394085e+00 -2.339514105283435175e+00 1.479459973262676771e-07 -5.690608523408410058e+00 1.342498399927743435e+09
8.574089795248130818e-04 -1.934702453383357446e+00 -2.357942152490720034e+00 2.989354666900143927e-07 -5.163812463824882570e+00 1.342498399929174662e+09
8.496434004629494462e-04 -1.941945702655624606e+00 -2.465365646674908984e+00 2.194588993638276608e-07 -5.486964193653761868e+00 1.342498399929412365e+09
8.515831668795598077e-04 -1.941861307339265652e+00 -2.289899681100451279e+00 1.901327352384360068e-07 -5.631722287554769224e+00 1.342498399931150198e+09
8.547205913767203823e-04 -1.940410645926690325e+00 -2.435294284760456396e+00 1.374671354134906304e-06 -4.167091754191551090e+00 1.342498399932563782e+09
8.578999821680941083e-04 -1.935801032625669604e+00 -2.368938127255969306e+00 3.044719375843883704e-07 -5.292298622679902920e+00 1.342498399933122158e+09
8.515065471800520574e-04 -1.939094562093211405e+00 -2.303917240994534765e+00 6.812017866954994466e-07 -4.514252169871657117e+00 1.342498399935648918e+09
8.542551164721405793e-04 -1.941145041919221992e+00 -2.346489790611841375e+00 8.610365043849651026e-07 -4.432570853372764574e+00 1.342498399936663628e+09
8.491091822730388030e-04 -1.940675212194216570e+00 -2.321033768215436499e+00 2.741495408131460992e-07 -5.380398222074364689e+00 1.342498399936932325e+09
8.495248648043206502e-04 -1.943012005986185953e+00 -2.469030389856393448e+00 1.192651084280589236e-06 -4.224415298195349777e+00 1.342498399936981440e+09
8.532244079545217011e-04 -1.935577622469993653e+00 -2.308292320738978276e+00 8.570431875481302372e-07 -4.518396045429672547e+00 1.342498399937189102e+09
8.524472294818286056e-04 -1.941047979995586648e+00 -2.476662024991830524e+00 3.342004096953584792e-07 -5.110969515315226808e+00 1.342498399937194109e+09
8.472318648056394738e-04 -1.945700021274841207e+00 -2.402886112461696477e+00 5.194897420244650831e-07 -4.799067497172186947e+00 1.342498399938667536e+09
8.547668306911902813e-04 -1.936138789239851388e+00 -2.446969713746951047e+00 1.586079438234346804e-07 -5.742593755507505726e+00 1.342498399938960552e+09
8.569713652816641743e-04 -1.937866469186292573e+00 -2.360683443780788870e+00 4.118468866786455555e-07 -5.037365861345723062e+00 1.342498399939643621e+09
8.525995274632741216e-04 -1.937874320528907734e+00 -2.348638750168879241e+00 4.103593285758929635e-07 -4.870970891899266242e+00 1.342498399941979647e+09
8.470661486282658878e-04 -1.944168607498939272e+00 -2.291725668536708227e+00 2.401469712578353604e-07 -5.425890767895442224e+00 1.342498399942245960e+09
8.485252638441593415e-04 -1.944192045457401763e+00 -2.259171697341413765e+00 9.312500208543158927e-07 -4.406717562270760169e+00 1.342498399944544315e+09
8.550828246335579006e-04 -1.934231294750124563e+00 -2.284494688334568036e+00 4.722524665389025927e-07 -4.888103688564260807e+00 1.342498399944554090e+09
8.584651946097442143e-04 -1.934964495430927744e+00 -2.436409549622151616e+00 3.829789451693818568e-07 -5.061968070878728909e+00 1.342498399945633650e+09
8.558772408750713045e-04 -1.937798412389975855e+00 -2.466919715783160605e+00 1.436575453029098057e-06 -4.043604493089508978e+00 1.342498399945713043e+09
8.479965155533957140e-04 -1.947201447612918690e+00 -2.330675102481379657e+00 3.523494349154357416e-07 -5.191376859050966353e+00 1.342498399945887327e+09
8.574114732083297063e-04 -1.934622204325129768e+00 -2.350874010513818391e+00 2.057704641647953003e-07 -5.481275532121547833e+00 1.342498399946067810e+09
8.526426919946866224e-04 -1.941208423102804614e+00 -2.495661987335522358e+00 4.334316840299157262e-07 -5.080950071347871244e+00 1.342498399947216511e+09
8.558131141744508997e-04 -1.933898450759961696e+00 -2.324755245791958025e+00 2.294967773946676881e-07 -5.372080127401702931e+00 1.342498399949243784e+09
8.522195789293499687e-04 -1.938727127256921312e+00 -2.409607942713465789e+00 1.269754606994577382e-06 -4.285744408480475443e+00 1.342498399950093269e+09
8.532041096587352023e-04 -1.942635884968074933e+00 -2.339347815625504534e+00 1.239482425635861957e-06 -4.249402206162880447e+00 1.342498399952227592e+09
8.550013584899643663e-04 -1.940638795940605066e+00 -2.375097520875786294e+00 1.227670373446059313e-06 -4.232013843947679987e+00 1.342498399952745199e+09
8.524284741911262704e-04 -1.937879538501202425e+00 -2.487383373195130698e+00 3.029840112731625886e-07 -5.171533366113927777e+00 1.342498399953581333e+09
8.561090752805817616e-04 -1.935276957166688128e+00 -2.329802449650550056e+00 2.031842205513204100e-07 -5.456216948091370256e+00 1.342498399954844952e+09
8.485976014673882444e-04 -1.944814369038112112e+00 -2.431131237293395753e+00 2.486245300524424372e-07 -5.404945428758544779e+00 1.342498399955828428e+09
8.532394569897110408e-04 -1.936366523830979292e+00 -2.405905562542747234e+00 8.900058021515268145e-07 -4.324472077267831338e+00 1.342498399956737041e+09
8.506004823870822861e-04 -1.942765046114312666e+00 -2.378142022678073175e+00 2.663836874734993728e-07 -5.242929557565812360e+00 1.342498399957324982e+09
8.506004823870822861e-04 -1.942765046114312666e+00 -2.378142022678073175e+00 2.663836874734993728e-07 -5.242929557565812360e+00 1.342498399957324982e+09
8.497532017858460286e-04 -1.939536217699518783e+00 -2.427163829418135688e+00 5.077180747998186402e-07 -4.835982664273497988e+00 1.342498399958756924e+09
8.550936496825690481e-04 -1.934340294002666605e+00 -2.499649438800865653e+00 3.695621414047227905e-07 -5.051085913533860605e+00 1.342498399959133387e+09
8.461187318887471772e-04 -1.946584155722555831e+00 -2.322796842570928888e+00 2.890034314757579840e-07 -5.259904980960968146e+00 1.342498399959867239e+09
8.547498177455641055e-04 -1.937640494918687395e+00 -2.346981567579144556e+00 1.389255300908601375e-07 -5.767710909741050607e+00 1.342498399961796761e+09
8.526613296558708524e-04 -1.942078523832062364e+00 -2.381827833045754961e+00 5.671150193436320510e-07 -4.702082145530189550e+00 1.342498399963930607e+09
8.505167642883173671e-04 -1.939223481996334542e+00 -2.311245532287460769e+00 1.275866198068083371e-06 -4.196904491196034037e+00 1.342498399964037657e+09
8.505167642883173671e-04 -1.939223481996334542e+00 -2.311245532287460769e+00 1.275866198068083371e-06 -4.196904491196034037e+00 1.342498399964037657e+09
8.463568171686040907e-04 -1.947862388701327996e+00 -2.357813121711046289e+00 5.715161818279633656e-07 -4.850144933284300741e+00 1.342498399965336084e+09
8.505072805013351792e-04 -1.943213441319969537e+00 -2.452826417320465691e+00 1.445593217170932346e-06 -4.111310563710864230e+00 1.342498399965426445e+09
8.505072805013351792e-04 -1.943213441319969537e+00 -2.452826417320465691e+00 1.445593217170932346e-06 -4.111310563710864230e+00 1.342498399965426445e+09
8.534525501822549931e-04 -1.940163177387348448e+00 -2.428996839101790872e+00 1.403621532087023070e-06 -4.019805447849556401e+00 1.342498399966815233e+09
8.516342621847005842e-04 -1.940716553286602863e+00 -2.337928217651742635e+00 1.101487601646354515e-06 -4.150940014770283071e+00 1.342498399967169046e+09
8.539778552361500328e-04 -1.939895438255669680e+00 -2.364153489204549263e+00 7.296772140208230462e-07 -4.752331152021639582e+00 1.342498399970554352e+09
8.552307228590538737e-04 -1.936681021999615115e+00 -2.282603365049499011e+00 2.556888050620923737e-07 -5.344286498687866427e+00 1.342498399971775770e+09
8.580024420259268906e-04 -1.931804188224244268e+00 -2.354848241219379190e+00 9.380113447906135896e-07 -4.320149394175367696e+00 1.342498399972123146e+09
8.564837362253518473e-04 -1.932711782016240720e+00 -2.403860366406166627e+00 2.629377498814782678e-07 -5.390849384544068812e+00 1.342498399973442316e+09
8.586195513255820031e-04 -1.931795044339433609e+00 -2.365269081845021493e+00 5.989558060394753264e-07 -4.647978925676682138e+00 1.342498399974063635e+09
8.567291822869036464e-04 -1.932501644430405729e+00 -2.421959324440871697e+00 2.314151878402886870e-07 -5.414448881294978477e+00 1.342498399974688768e+09
8.530349306274838395e-04 -1.937554961517497176e+00 -2.313567157611187142e+00 1.894038632232087397e-06 -3.861831423108499806e+00 1.342498399976676226e+09
8.523936948624714991e-04 -1.937917082040237382e+00 -2.454699462161667789e+00 5.556871350019525746e-07 -4.684329677338639364e+00 1.342498399977328062e+09
8.482873283706866309e-04 -1.944208130940223489e+00 -2.295820635558262879e+00 2.220758526255899230e-07 -5.415733296616168424e+00 1.342498399977907181e+09
8.511755633114058981e-04 -1.939097370994203873e+00 -2.363331775396761980e+00 2.737990831926818758e-07 -5.421272534584208991e+00 1.342498399978597879e+09
8.513399111135793330e-04 -1.938222922738865650e+00 -2.375089192514389769e+00 5.803441486921433703e-07 -4.642793754577668075e+00 1.342498399979743719e+09
8.491829830338671736e-04 -1.945648993638974478e+00 -2.288322882227632249e+00 3.434707483515840052e-07 -5.218783499845254248e+00 1.342498399980011940e+09
8.501301772001364481e-04 -1.942532308328288604e+00 -2.381048007669883226e+00 1.871250553206733292e-06 -3.853853280319627039e+00 1.342498399980837345e+09
8.550817043297719629e-04 -1.938850585452800646e+00 -2.494384636170915215e+00 3.861576767313699087e-07 -5.143343228474967610e+00 1.342498399980964422e+09
8.550817043297719629e-04 -1.938850585452800646e+00 -2.494384636170915215e+00 3.861576767313699087e-07 -5.143343228474967610e+00 1.342498399980964422e+09
8.572178801066844328e-04 -1.936185896700460818e+00 -2.363390923344868444e+00 4.149529371754491172e-07 -4.938645235979794101e+00 1.342498399981439352e+09
8.531961067479538682e-04 -1.938510731722421720e+00 -2.384300586121286258e+00 2.230761045358379512e-07 -5.578364882545598924e+00 1.342498399981891632e+09
8.512400582116951908e-04 -1.941136744394931002e+00 -2.261610282428094365e+00 6.105400950368026156e-07 -4.663206506327491674e+00 1.342498399981986284e+09
8.560858741975318825e-04 -1.937997843257150965e+00 -2.344463399829057160e+00 6.255153995044471279e-07 -4.631182753705499699e+00 1.342498399982065678e+09
8.503514422944690116e-04 -1.943584235031427632e+00 -2.289467189478719078e+00 3.609911454472867886e-07 -5.051409095787157355e+00 1.342498399983752728e+09
8.545614297262325637e-04 -1.939011471485294846e+00 -2.367949170570618822e+00 1.760802316786249732e-07 -5.603073026392475953e+00 1.342498399984977484e+09
8.565671399913819036e-04 -1.938154650880957508e+00 -2.337328294553613794e+00 7.913815417780253993e-07 -4.503434417235003373e+00 1.342498399985467911e+09
8.540940244330373111e-04 -1.936920453783254725e+00 -2.328995207186114857e+00 1.934249152818063620e-06 -3.905652692397135084e+00 1.342498399985886812e+09
8.533567280941989656e-04 -1.934968889479231624e+00 -2.353037154165796618e+00 9.367127666587644194e-07 -4.383118510455176420e+00 1.342498399986225367e+09
8.562372917892736596e-04 -1.933802553482655950e+00 -2.498085232868731520e+00 2.710452368829469443e-07 -5.311638470608841089e+00 1.342498399986384153e+09
8.520701164411337725e-04 -1.941305415415143898e+00 -2.333807333445901744e+00 5.809198605669937549e-07 -4.638563721544221252e+00 1.342498399988591433e+09
8.539439866184228307e-04 -1.937848242588009917e+00 -2.321764985413987681e+00 4.353901119526758646e-07 -4.839901783818278957e+00 1.342498399989421129e+09
8.515048740622638626e-04 -1.942713810432183719e+00 -2.305821106613909155e+00 6.207935103188072296e-07 -4.859393877696414066e+00 1.342498399989747047e+09
8.535889128945731543e-04 -1.940570546708080935e+00 -2.289669169879335886e+00 1.543032293484063262e-06 -4.073940218266488777e+00 1.342498399990227222e+09
8.526957007779413121e-04 -1.939752524460043981e+00 -2.261200445749584897e+00 1.081097248402166249e-06 -4.275803113692328239e+00 1.342498399991385460e+09
8.532427097330824587e-04 -1.938571710497851264e+00 -2.272637463342449315e+00 3.200790362760741783e-07 -5.139271337985956478e+00 1.342498399992278814e+09
8.486058219317456439e-04 -1.944809438646512012e+00 -2.304674973919899283e+00 3.452635852461688351e-07 -5.265857276504502416e+00 1.342498399993680477e+09
8.505075143991765955e-04 -1.942260467087730591e+00 -2.485900253301374097e+00 2.884618472666692719e-07 -5.341714653788278255e+00 1.342498399993752480e+09
8.589655655697739020e-04 -1.934281776262960495e+00 -2.441633727346777416e+00 1.102860976416903433e-06 -4.268833999402912305e+00 1.342498399994328022e+09
8.568095557534364777e-04 -1.937439598055728407e+00 -2.475773589967444011e+00 4.650501835204749858e-07 -4.945308744440902515e+00 1.342498399994898319e+09
8.540620912043354754e-04 -1.940095220674043164e+00 -2.463363369268474212e+00 4.564825396635444026e-07 -4.887355259680788322e+00 1.342498399995310307e+09
8.488978885253583651e-04 -1.941710955832255392e+00 -2.443216358396671062e+00 4.519786336013224195e-07 -5.010806304971274550e+00 1.342498399995367765e+09
8.545497238110500706e-04 -1.936192664784583073e+00 -2.284249432806829461e+00 2.945312817810269708e-07 -5.198089790312561576e+00 1.342498399997104168e+09
8.501287342357001422e-04 -1.944229710840257530e+00 -2.325223818895108430e+00 3.744157174925551264e-07 -5.015553005976881806e+00 1.342498399998358727e+09
8.504092376358392789e-04 -1.941766174857291194e+00 -2.475673339034539122e+00 1.116985191214309100e-06 -4.346559767919259798e+00 1.342498399998681068e+09
8.518736161101470115e-04 -1.940689517656365437e+00 -2.319996785524495397e+00 1.765867630336234548e-07 -5.719516703061263030e+00 1.342498399999035358e+09
8.491862059815231088e-04 -1.944935447952432783e+00 -2.295969325495555768e+00 1.198369258733367596e-06 -4.183131063450229448e+00 1.342498400000064611e+09
8.532119520111259518e-04 -1.935713629855267959e+00 -2.452009462651093319e+00 3.513897089742260862e-07 -5.080174846027334823e+00 1.342498400000250101e+09
8.516255251934090045e-04 -1.941298688200848055e+00 -2.437979321579437642e+00 1.676332428975931929e-06 -3.923226580276653053e+00 1.342498400001141548e+09
8.516255251934090045e-04 -1.941298688200848055e+00 -2.437979321579437642e+00 1.676332428975931929e-06 -3.923226580276653053e+00 1.342498400001141548e+09
8.586664666062995051e-04 -1.935117844772880069e+00 -2.434002737951464823e+00 8.693847763223010464e-07 -4.540017787098365787e+00 1.342498400002596140e+09
8.514238511948594122e-04 -1.942791944487335165e+00 -2.407549257567449530e+00 4.278297194472224111e-07 -4.910808504941142516e+00 1.342498400003117085e+09
8.498394707820507328e-04 -1.945209908240890240e+00 -2.289300845034573317e+00 1.101303395134277673e-06 -4.300409538905742401e+00 1.342498400003183365e+09
8.547320130992980963e-04 -1.936743473262729776e+00 -2.347481910516515669e+00 3.600695673048398373e-07 -5.251464582100293654e+00 1.342498400003716707e+09
8.526417070705359213e-04 -1.937086705923610541e+00 -2.487460919768960999e+00 9.466343136834428557e-07 -4.373007369641709552e+00 1.342498400004636765e+09
8.537654842385465409e-04 -1.938350776726177616e+00 -2.460914560215258895e+00 6.618188760461872561e-07 -4.548290812841107922e+00 1.342498400004799843e+09
8.537654842385465409e-04 -1.938350776726177616e+00 -2.460914560215258895e+00 6.618188760461872561e-07 -4.548290812841107922e+00 1.342498400004799843e+09
8.542123759624663725e-04 -1.937718860362769968e+00 -2.417806248265369273e+00 8.532987290955741085e-07 -4.624004670359929570e+00 1.342498400004849195e+09
8.511234728986906547e-04 -1.937780006670577704e+00 -2.368851357501365218e+00 2.337171121086021013e-07 -5.380878199827515473e+00 1.342498400006049156e+09
8.584204089934990454e-04 -1.935409836296852593e+00 -2.439711341406014089e+00 4.731927448488033175e-07 -4.963214825973533806e+00 1.342498400006311893e+09
8.486960007010530601e-04 -1.942882489801978085e+00 -2.322592416624040812e+00 1.480182737087463814e-07 -5.773247050672079439e+00 1.342498400006347418e+09
8.587329673979366773e-04 -1.933556296867392943e+00 -2.384208866073383337e+00 9.984794134833290893e-07 -4.278795422011350880e+00 1.342498400006365776e+09
8.554989031135293819e-04 -1.935897999837814520e+00 -2.381619625748682800e+00 1.969262535063592511e-07 -5.458058562090470467e+00 1.342498400006927013e+09
8.548634396247164905e-04 -1.936860198772236252e+00 -2.271079956605322803e+00 1.212612392426226025e-06 -4.213510314739716378e+00 1.342498400006998062e+09
8.497446938631665093e-04 -1.941812001637418517e+00 -2.360542533228085826e+00 1.516137959951686810e-07 -5.680825074746985059e+00 1.342498400007076740e+09
8.521783793760751360e-04 -1.941956224796036024e+00 -2.456390093826647192e+00 3.504174357274204570e-07 -5.235617018201797812e+00 1.342498400009099245e+09
8.601816098838749661e-04 -1.931737854170205937e+00 -2.377758923686547732e+00 6.792100098638534183e-07 -4.707806987409351329e+00 1.342498400009503365e+09
8.562739371631309044e-04 -1.933105266177493453e+00 -2.418774125028364086e+00 2.075674188213380466e-07 -5.491578311277459434e+00 1.342498400011656046e+09
8.562739371631309044e-04 -1.933105266177493453e+00 -2.418774125028364086e+00 2.075674188213380466e-07 -5.491578311277459434e+00 1.342498400011656046e+09
8.521868264113726050e-04 -1.942144284985702463e+00 -2.405913943008709310e+00 3.374832702251998343e-07 -5.098068560466073151e+00 1.342498400012760639e+09
8.517796922279879208e-04 -1.939186240597156274e+00 -2.348102244498002644e+00 7.135604439792227195e-07 -4.753639148843374684e+00 1.342498400013576269e+09
8.483769550494913922e-04 -1.946054726502098209e+00 -2.419400671046977536e+00 7.659483258104962986e-07 -4.553321045603975215e+00 1.342498400014258623e+09
8.553695684040263500e-04 -1.936845325192427136e+00 -2.401419441932113763e+00 9.347353177896384419e-07 -4.274733869405512365e+00 1.342498400014460564e+09
8.491647444415815300e-04 -1.943152214199912908e+00 -2.308061743256355047e+00 1.636275797775677712e-07 -5.737280214783218923e+00 1.342498400014898777e+09
8.491647444415815300e-04 -1.943152214199912908e+00 -2.308061743256355047e+00 1.636275797775677712e-07 -5.737280214783218923e+00 1.342498400014898777e+09
8.518040278100342828e-04 -1.943204446508535854e+00 -2.454289328173814955e+00 4.087071036185700938e-07 -5.040931234124510496e+00 1.342498400017425537e+09
8.543490550201024219e-04 -1.936296589747701358e+00 -2.291138089255371657e+00 2.142713548622239145e-07 -5.532715626659518549e+00 1.342498400019131899e+09
8.551587156139982488e-04 -1.934773471559987135e+00 -2.474167363694813826e+00 2.166868086585803770e-07 -5.469214428144889339e+00 1.342498400020178795e+09
8.534315155349919560e-04 -1.937137695908011992e+00 -2.481535710969559716e+00 3.313349861164781186e-07 -5.262702327047422024e+00 1.342498400020293713e+09
8.570452779790989047e-04 -1.933136364052771672e+00 -2.486099597586802989e+00 1.119236466208674137e-06 -4.229474664857220567e+00 1.342498400021862984e+09
8.536460339688336108e-04 -1.934845155738223355e+00 -2.320040147944880449e+00 8.572586199347003887e-07 -4.449247507653488753e+00 1.342498400022532463e+09
8.543378186794115241e-04 -1.941391074769941660e+00 -2.403603481029513489e+00 9.687172490242214710e-07 -4.405548233824459814e+00 1.342498400022738218e+09
8.510019907970006433e-04 -1.938641824652390433e+00 -2.274569356259652508e+00 3.616655169115612625e-07 -5.086896259545131471e+00 1.342498400023103714e+09
8.514991280996138433e-04 -1.940826049469693171e+00 -2.328289641155455669e+00 6.346792485909578818e-07 -4.558793873172191979e+00 1.342498400024981260e+09
8.553401907005947534e-04 -1.940317801396739261e+00 -2.386753431629565991e+00 7.157475252207560647e-07 -4.626655252002713326e+00 1.342498400025473356e+09
8.553401907005947534e-04 -1.940317801396739261e+00 -2.386753431629565991e+00 7.157475252207560647e-07 -4.626655252002713326e+00 1.342498400025473356e+09
8.544029250910411882e-04 -1.940332294662652890e+00 -2.343897743633420738e+00 1.120716602788829080e-06 -4.212328118637708840e+00 1.342498400026349068e+09
8.545278498819365272e-04 -1.939720896414475870e+00 -2.447262796655766959e+00 7.633790925951632921e-07 -4.494080623813651698e+00 1.342498400026879311e+09
8.557653791113837552e-04 -1.936891707282374586e+00 -2.360158460149137216e+00 2.249418318354125597e-06 -3.757525908595609643e+00 1.342498400027994156e+09
8.557653791113837552e-04 -1.936891707282374586e+00 -2.360158460149137216e+00 2.249418318354125597e-06 -3.757525908595609643e+00 1.342498400027994156e+09
8.551636422117799962e-04 -1.934754683386900487e+00 -2.429395789025410757e+00 1.887934792899686061e-07 -5.619100125562562553e+00 1.342498400029025078e+09
8.562858656925390619e-04 -1.933746548870578508e+00 -2.327745679350733621e+00 2.495253195708494359e-07 -5.310131614447746173e+00 1.342498400029844761e+09
8.562858656925390619e-04 -1.933746548870578508e+00 -2.327745679350733621e+00 2.495253195708494359e-07 -5.310131614447746173e+00 1.342498400029844761e+09
8.505468557283864641e-04 -1.942165798953316758e+00 -2.308552824875688803e+00 1.733049707100536372e-07 -5.590122113812545201e+00 1.342498400030441761e+09
8.503636114434503721e-04 -1.944749882717229372e+00 -2.364178106424308368e+00 8.915453637796081455e-07 -4.398657755408716952e+00 1.342498400031151533e+09
8.509493333279826615e-04 -1.941229094184611759e+00 -2.413757354857064108e+00 1.274763336889179023e-06 -4.285316319157028708e+00 1.342498400031887054e+09
8.567519976306960409e-04 -1.933782337779446747e+00 -2.430869666641767068e+00 4.455559506548231722e-07 -5.066942438559798312e+00 1.342498400032668591e+09
8.528392504531714241e-04 -1.936867704244769950e+00 -2.410288135081055216e+00 9.117502986540986585e-07 -4.315853347677056639e+00 1.342498400034391403e+09
8.544269739968932652e-04 -1.937485249526641251e+00 -2.404851535710180066e+00 1.971109958842571604e-06 -3.907262552292317004e+00 1.342498400034968853e+09
8.544269739968932652e-04 -1.937485249526641251e+00 -2.404851535710180066e+00 1.971109958842571604e-06 -3.907262552292317004e+00 1.342498400034968853e+09
8.515229744248581411e-04 -1.944485529802456814e+00 -2.377487540242198882e+00 5.838577173085135053e-07 -4.788013961101491134e+00 1.342498400037919283e+09
8.508346118594873036e-04 -1.939362233759315934e+00 -2.457655321220712619e+00 2.920520549880416562e-07 -5.321044641199800473e+00 1.342498400040014029e+09
8.497363352060096752e-04 -1.939188523237882711e+00 -2.381968346894874689e+00 3.574948332299184270e-07 -5.112471357273554062e+00 1.342498400040812492e+09
8.496990785763880016e-04 -1.941681638212187533e+00 -2.367931286011898617e+00 1.684361097668197331e-07 -5.598230726256293366e+00 1.342498400041564465e+09
8.510823964684662056e-04 -1.940591688272665927e+00 -2.268238024089989757e+00 7.311008759494905551e-07 -4.516577893029235291e+00 1.342498400043319702e+09
8.536445465618167213e-04 -1.935471522779481868e+00 -2.309857397845703986e+00 1.058246377691110358e-06 -4.263424557750715493e+00 1.342498400043770313e+09
8.561171534021378782e-04 -1.932470835370041051e+00 -2.428185558200323779e+00 6.813724060881816475e-07 -4.672674278740038822e+00 1.342498400044146299e+09
8.569219565861032608e-04 -1.934078836687230130e+00 -2.430597672014982891e+00 2.025259296948586115e-07 -5.574878189131854178e+00 1.342498400045190573e+09
8.561331436038430338e-04 -1.932261712779305363e+00 -2.411581969413564952e+00 4.044988085661886051e-07 -5.034820646296953583e+00 1.342498400050389290e+09
8.486605174078589581e-04 -1.942993530516588185e+00 -2.343472061718216981e+00 1.541646524048434807e-06 -4.052826614547926809e+00 1.342498400050763845e+09
8.529299044154122367e-04 -1.938735390599711561e+00 -2.462955881222756549e+00 1.301090013510471400e-06 -4.250803241535582089e+00 1.342498400052343369e+09
8.515226094715580302e-04 -1.938451459220180695e+00 -2.331617523495894240e+00 3.669895287685964930e-07 -4.978708322076729864e+00 1.342498400052815676e+09
8.526246999419205726e-04 -1.940958247115173396e+00 -2.336853023080049052e+00 1.762413130351738732e-06 -4.023365646240719684e+00 1.342498400053752899e+09
8.567384530717692386e-04 -1.937026289630735976e+00 -2.366917609652211318e+00 2.860432727064344213e-07 -5.254617324619035301e+00 1.342498400055840731e+09
8.507191204284078037e-04 -1.944245363995747766e+00 -2.315127979077766796e+00 4.392223338049374520e-07 -4.927209603436423002e+00 1.342498400056793451e+09
8.553593986189958649e-04 -1.934890434352814159e+00 -2.414638628864469894e+00 8.561944956757769599e-07 -4.346859700320086617e+00 1.342498400057529926e+09
8.553593986189958649e-04 -1.934890434352814159e+00 -2.414638628864469894e+00 8.561944956757769599e-07 -4.346859700320086617e+00 1.342498400057529926e+09
8.562152861993324766e-04 -1.933891521848114081e+00 -2.407860543539210862e+00 4.664739512328352285e-07 -4.803983209893423201e+00 1.342498400057647467e+09
8.527616099818039483e-04 -1.942250041289831586e+00 -2.389715883813257058e+00 6.237256613446251722e-07 -4.844201604284485541e+00 1.342498400059525967e+09
8.560076426549380465e-04 -1.936432058625862762e+00 -2.389981718268428423e+00 2.197475307142085572e-06 -3.737188751618049309e+00 1.342498400061460495e+09
8.502467587882819129e-04 -1.944265768079453727e+00 -2.421453872644704575e+00 9.203189493849601931e-07 -4.531118323298593431e+00 1.342498400062026501e+09
8.496163959581291098e-04 -1.941584264008791694e+00 -2.491521943549977802e+00 5.901002225324010052e-07 -4.737854042430818424e+00 1.342498400063308001e+09
8.543864162512447916e-04 -1.933678777382557890e+00 -2.384856978409310546e+00 4.456089051422423251e-07 -4.951622395976209567e+00 1.342498400063653231e+09
8.568462114170171144e-04 -1.936928022711067676e+00 -2.458555268916047698e+00 3.325127139084158356e-07 -5.211480203526262400e+00 1.342498400064317465e+09
8.573729715991510857e-04 -1.933922842065931791e+00 -2.483276976454466212e+00 9.117303685219198218e-07 -4.351726043301015423e+00 1.342498400064691067e+09
8.556239751857502027e-04 -1.932759880234102834e+00 -2.371929629414188057e+00 8.936604477071574237e-07 -4.436840050558787496e+00 1.342498400065619230e+09
8.538147079295009849e-04 -1.939947125139413142e+00 -2.358270064544165212e+00 7.812662998051280853e-07 -4.698314272923914459e+00 1.342498400065685034e+09
8.495359027687216522e-04 -1.940385043961899925e+00 -2.316176416127632809e+00 7.539898316439356880e-07 -4.484612024153503462e+00 1.342498400066001654e+09
8.565764505925573587e-04 -1.935776804945080087e+00 -2.385613425740824134e+00 1.734013014290887713e-07 -5.671389622978685097e+00 1.342498400066612005e+09
8.578802060269139461e-04 -1.934857179768298074e+00 -2.392699551371528344e+00 2.365720608531660630e-07 -5.434777477158997172e+00 1.342498400067894459e+09
8.518178468554958235e-04 -1.943925497055940976e+00 -2.397951052089812851e+00 6.636364563391876607e-07 -4.668880702708730901e+00 1.342498400068429470e+09
8.539301272812414596e-04 -1.940502922483120063e+00 -2.456886679937551499e+00 1.446694675467709687e-06 -4.089442592462461334e+00 1.342498400068459272e+09
8.513767959880102478e-04 -1.940911020045636981e+00 -2.384308058832165678e+00 1.294301916378541305e-07 -5.877339354423791740e+00 1.342498400069535971e+09
8.559621303443939577e-04 -1.933549953974906810e+00 -2.322971217741500283e+00 9.472235263418957568e-07 -4.466530044086121976e+00 1.342498400071634531e+09
8.529576112324328309e-04 -1.936969608786898167e+00 -2.309848275800808093e+00 1.137451177176793715e-06 -4.337651150318181159e+00 1.342498400072932720e+09
8.543623771757817131e-04 -1.934733890491520336e+00 -2.467635777520755358e+00 5.634965142186930450e-07 -4.834199634473700158e+00 1.342498400074804068e+09
8.476012460563747295e-04 -1.946194954842611846e+00 -2.292791237321418762e+00 8.341442654995651462e-07 -4.460701463086488516e+00 1.342498400075931787e+09
8.467335926093500593e-04 -1.947833355186582072e+00 -2.350254906203721905e+00 7.193847251611082219e-07 -4.639208548131971810e+00 1.342498400076343775e+09
8.494247962370576150e-04 -1.944446612046411005e+00 -2.422938414344351532e+00 2.591242006176127457e-07 -5.354087764647536218e+00 1.342498400077380180e+09
8.494247962370576150e-04 -1.944446612046411005e+00 -2.422938414344351532e+00 2.591242006176127457e-07 -5.354087764647536218e+00 1.342498400077380180e+09
8.559804793297857159e-04 -1.933037606742893377e+00 -2.402960193118809151e+00 6.852121759357936699e-07 -4.547067858514678207e+00 1.342498400078308344e+09
8.551557126263366511e-04 -1.937415875213140293e+00 -2.325094673417418711e+00 2.104903837113555941e-07 -5.583377682417994592e+00 1.342498400078381062e+09
8.573239226689158840e-04 -1.935749791853021762e+00 -2.384787998047608326e+00 1.927659166155017706e-06 -3.862669067593256678e+00 1.342498400079230785e+09
8.573239226689158840e-04 -1.935749791853021762e+00 -2.384787998047608326e+00 1.927659166155017706e-06 -3.862669067593256678e+00 1.342498400079230785e+09
8.515790734687127619e-04 -1.938141844627713883e+00 -2.423202311201480885e+00 1.086331114422654490e-06 -4.236238578208549654e+00 1.342498400079493999e+09
8.566318302428714733e-04 -1.938271624142663629e+00 -2.391014017717802087e+00 1.214114668480805762e-06 -4.278732648558162488e+00 1.342498400080320358e+09
8.539321502817682130e-04 -1.936751748971219822e+00 -2.339692078908746531e+00 1.605923732379471880e-06 -3.901392673032326286e+00 1.342498400081319332e+09
8.590156662186291744e-04 -1.931400773998067866e+00 -2.341461650376056358e+00 1.100198627002649374e-06 -4.288737294732989369e+00 1.342498400081908941e+09
8.590156662186291744e-04 -1.931400773998067866e+00 -2.341461650376056358e+00 1.100198627002649374e-06 -4.288737294732989369e+00 1.342498400081908941e+09
8.536000332306686910e-04 -1.940000674911692480e+00 -2.431661367656393402e+00 2.208877662588646612e-07 -5.542937816931907236e+00 1.342498400082381487e+09
8.536000332306686910e-04 -1.940000674911692480e+00 -2.431661367656393402e+00 2.208877662588646612e-07 -5.542937816931907236e+00 1.342498400082381487e+09
8.512933309303124868e-04 -1.943288273875362515e+00 -2.337380863353133442e+00 6.713774392769193645e-07 -4.576506187449613350e+00 1.342498400083965063e+09
8.540844148760526377e-04 -1.939053663735301081e+00 -2.351147336982787550e+00 8.741510299644540042e-07 -4.334808886937516093e+00 1.342498400084124804e+09
8.575566646829534123e-04 -1.932832979112151683e+00 -2.454462636425625899e+00 1.033518450817692727e-06 -4.260290747301764824e+00 1.342498400084527731e+09
8.564674677823447312e-04 -1.935051242756794965e+00 -2.484939985626872794e+00 1.277917966329738099e-06 -4.110820302904714119e+00 1.342498400086543322e+09
8.528400271787233561e-04 -1.940329891803809881e+00 -2.426650816540387279e+00 1.736120646221573468e-07 -5.623147951504016362e+00 1.342498400086636066e+09
8.503116189522774227e-04 -1.941050451357670070e+00 -2.270380625655125773e+00 3.192564639284549907e-07 -5.278738407128122034e+00 1.342498400086703062e+09
8.519432268379383780e-04 -1.940329459673581391e+00 -2.463303826541467068e+00 1.523863910216813843e-06 -4.004048168437259747e+00 1.342498400088768959e+09
8.542090577620371035e-04 -1.937445171643426445e+00 -2.479310934807359867e+00 3.881530188706960111e-07 -4.965100558696283528e+00 1.342498400088824749e+09
8.479368349731579782e-04 -1.946046085095373579e+00 -2.319730348714531321e+00 1.067924682254909205e-06 -4.274743100633147108e+00 1.342498400090234995e+09
8.486384924040332126e-04 -1.946082074851979593e+00 -2.354813178622237491e+00 1.055240132077961303e-06 -4.411875187156784506e+00 1.342498400091485977e+09
8.559128766537933003e-04 -1.934270117447270732e+00 -2.291773774532928076e+00 4.334022253250826964e-07 -4.924631276072500619e+00 1.342498400093751431e+09
8.581845292289220876e-04 -1.933182498500638058e+00 -2.409212142070116691e+00 3.388488759806553482e-07 -5.243146400357415970e+00 1.342498400093876600e+09
8.520820346825482743e-04 -1.936147878178914317e+00 -2.361322460346705121e+00 5.424302019607924981e-07 -4.816850044103180295e+00 1.342498400094241381e+09
8.524810028526900747e-04 -1.941249028720782865e+00 -2.497038625401397649e+00 1.235021810495646575e-06 -4.242337371285182179e+00 1.342498400095991611e+09
8.551382389848655044e-04 -1.936941765697555384e+00 -2.430083815707893447e+00 6.776524891644460592e-07 -4.523944324476515177e+00 1.342498400096578836e+09
8.531077501835554423e-04 -1.935554526558239230e+00 -2.428561085864321178e+00 3.247376887800290535e-07 -5.193866539148974226e+00 1.342498400097693920e+09
8.550915686105244311e-04 -1.933069605371724231e+00 -2.395224669797636707e+00 5.314511568047355849e-07 -4.825459289333952739e+00 1.342498400097786188e+09
8.536460417416751175e-04 -1.935705779978545538e+00 -2.376623421629979305e+00 1.346738823038752677e-06 -4.067154374190266708e+00 1.342498400097847939e+09
8.535094356564597090e-04 -1.936497975238734570e+00 -2.441917347141468131e+00 4.777562229681433241e-07 -5.010186681846763079e+00 1.342498400098623514e+09
8.583769304229724954e-04 -1.932347871633577796e+00 -2.389324010287636302e+00 2.733216876996484667e-07 -5.362559249128286076e+00 1.342498400100737095e+09
8.503195750081765864e-04 -1.943196928603173834e+00 -2.317815387853224163e+00 1.827822805638802526e-06 -3.902827850077994043e+00 1.342498400102088928e+09
8.502014858736211492e-04 -1.941488405920017479e+00 -2.276948917781211001e+00 1.195579162629823465e-06 -4.290690827518420569e+00 1.342498400102658749e+09
8.561473866575220002e-04 -1.932261994577570752e+00 -2.363025678771134341e+00 6.006680698961490274e-07 -4.690587782894168889e+00 1.342498400102774858e+09
8.544768758462550689e-04 -1.938960611366441267e+00 -2.408562408164252044e+00 9.717389151407861664e-07 -4.274583642343784184e+00 1.342498400106086016e+09
8.539328528083245645e-04 -1.940423875664659237e+00 -2.355980458279477219e+00 3.178049484139057227e-07 -5.150680205231894959e+00 1.342498400106981516e+09
8.567709905345093123e-04 -1.935821055590871032e+00 -2.336332917035192747e+00 1.537704417901285772e-06 -4.118583217063375379e+00 1.342498400107191324e+09
8.552651661735272137e-04 -1.937620210156109302e+00 -2.432891339004074283e+00 1.199733033943112319e-06 -4.124663433837382875e+00 1.342498400108567715e+09
8.545232537554891053e-04 -1.937632005604642549e+00 -2.442284839340776337e+00 6.638755299170797865e-07 -4.544074225581058002e+00 1.342498400109264135e+09
8.504039466044160641e-04 -1.944652202890921444e+00 -2.408289478386085314e+00 1.046809892797056276e-06 -4.408934965752378865e+00 1.342498400110137701e+09
8.504039466044160641e-04 -1.944652202890921444e+00 -2.408289478386085314e+00 1.046809892797056276e-06 -4.408934965752378865e+00 1.342498400110137701e+09
8.521848845429279154e-04 -1.939488920238381375e+00 -2.270304015933189312e+00 1.066409298508276440e-06 -4.256245407638571621e+00 1.342498400110729933e+09
8.521848845429279154e-04 -1.939488920238381375e+00 -2.270304015933189312e+00 1.066409298508276440e-06 -4.256245407638571621e+00 1.342498400110729933e+09
8.509655460460460209e-04 -1.942747617528265636e+00 -2.365910863605470205e+00 9.785697925032688015e-07 -4.275395616105511110e+00 1.342498400112892628e+09
8.502444310173663290e-04 -1.942798001454482337e+00 -2.392693029879737310e+00 1.653746944530593694e-06 -4.039274788969262175e+00 1.342498400113246441e+09
8.568037201942466357e-04 -1.935193478249459309e+00 -2.421919867446206798e+00 1.934754153812716056e-07 -5.595814880704411465e+00 1.342498400113915920e+09
8.475268642869929160e-04 -1.945611118648700399e+00 -2.265745324290729279e+00 7.300254633103477228e-07 -4.617675915672313280e+00 1.342498400114455223e+09
8.563059952861598254e-04 -1.933380344504686210e+00 -2.306039834097275421e+00 1.076560806529070873e-06 -4.291976336370739276e+00 1.342498400114466429e+09
8.537088139617809036e-04 -1.941129129241906615e+00 -2.483369119242682554e+00 7.508628238814183670e-07 -4.637934850305731160e+00 1.342498400114786625e+09
8.537088139617809036e-04 -1.941129129241906615e+00 -2.483369119242682554e+00 7.508628238814183670e-07 -4.637934850305731160e+00 1.342498400114786625e+09
8.505180597023410298e-04 -1.942523691501046201e+00 -2.404941394975666391e+00 6.873924369675976701e-07 -4.780336314125887220e+00 1.342498400114926100e+09
8.547388242580999940e-04 -1.935186275828980840e+00 -2.278416242376989143e+00 4.280902141306189383e-07 -4.973205260900034119e+00 1.342498400115257502e+09
8.510746763716360574e-04 -1.938174598246283908e+00 -2.353614656579067876e+00 1.916263829808506343e-07 -5.557111279860167841e+00 1.342498400115559578e+09
8.524197244701222243e-04 -1.942373262596794881e+00 -2.402923731408002528e+00 1.574233004309724135e-06 -4.024879382811867856e+00 1.342498400115643263e+09
8.527501737301625183e-04 -1.936008236070941413e+00 -2.417627339267827136e+00 8.797512997317883710e-07 -4.449392891332317745e+00 1.342498400115861893e+09
8.562449181639850918e-04 -1.935462768380465937e+00 -2.443352896009218345e+00 1.847168499494686985e-07 -5.607114431829735679e+00 1.342498400116391659e+09
8.569717992085180416e-04 -1.934538491528694948e+00 -2.289778854950991427e+00 6.227126995703510038e-07 -4.780020865589033718e+00 1.342498400116546631e+09
8.509094767079871660e-04 -1.942201436451429730e+00 -2.400338828380724987e+00 4.996709258978580415e-07 -4.767115781025963450e+00 1.342498400116664648e+09
8.499958022195885921e-04 -1.945287783750508037e+00 -2.304146247816270421e+00 9.335679100435053095e-07 -4.499444606637035271e+00 1.342498400116930246e+09
8.562536015539987415e-04 -1.934232296699509135e+00 -2.322794094830411105e+00 4.649340672530844491e-07 -5.031029673648363953e+00 1.342498400120563269e+09
8.468152777861453259e-04 -1.947683027592354899e+00 -2.323141441375597527e+00 4.175598433799347767e-07 -5.033594397053789748e+00 1.342498400120766878e+09
8.468152777861453259e-04 -1.947683027592354899e+00 -2.323141441375597527e+00 4.175598433799347767e-07 -5.033594397053789748e+00 1.342498400120766878e+09
8.537759302453294197e-04 -1.941143008211887899e+00 -2.409393179914464334e+00 1.288787269338871553e-06 -4.144283939095792846e+00 1.342498400121192455e+09
8.537646330094460960e-04 -1.940531864765872472e+00 -2.296004181427581337e+00 1.463608337409783863e-06 -4.115152639175021498e+00 1.342498400122755766e+09
8.498612240198281194e-04 -1.944401057534491883e+00 -2.426516906374407867e+00 5.096365070712167677e-07 -4.969489986389537428e+00 1.342498400123404503e+09
8.588034116554373824e-04 -1.932922523166598072e+00 -2.323382810016583644e+00 4.308616269958912622e-07 -4.979699694378417085e+00 1.342498400123735189e+09
8.588034116554373824e-04 -1.932922523166598072e+00 -2.323382810016583644e+00 4.308616269958912622e-07 -4.979699694378417085e+00 1.342498400123735189e+09
8.514823735686006178e-04 -1.939374413162691102e+00 -2.278433560401674995e+00 1.248641172049654401e-06 -4.227245693042858576e+00 1.342498400125331163e+09
8.566221175203464532e-04 -1.933813225327091656e+00 -2.476189726922411349e+00 2.547157589324707898e-07 -5.351589720669847949e+00 1.342498400125583887e+09
8.514986719140804844e-04 -1.939446352714273791e+00 -2.270133052520662886e+00 1.042211253399361005e-06 -4.291193104177695616e+00 1.342498400125687361e+09
8.529154539523985546e-04 -1.940527560814997887e+00 -2.411165707567968219e+00 8.726615895368193335e-07 -4.354126984365578323e+00 1.342498400126813889e+09
8.529154539523985546e-04 -1.940527560814997887e+00 -2.411165707567968219e+00 8.726615895368193335e-07 -4.354126984365578323e+00 1.342498400126813889e+09
8.554948387579373913e-04 -1.934402643286320167e+00 -2.282153433300771805e+00 5.837899836418184697e-07 -4.779862823560099727e+00 1.342498400127175093e+09
8.475091218124858588e-04 -1.945180796845906501e+00 -2.306645546386598689e+00 6.930646749619450909e-07 -4.564483235898348923e+00 1.342498400127697945e+09
8.521380274313887634e-04 -1.936885993438785647e+00 -2.292159449760717838e+00 7.040258400593259585e-07 -4.604944190475745103e+00 1.342498400127948046e+09
8.483918362557147297e-04 -1.942834755379489575e+00 -2.362492740641147115e+00 1.823129145084500870e-07 -5.630926153050555882e+00 1.342498400129379988e+09
8.536577926363629739e-04 -1.937612829868961883e+00 -2.481267709078985195e+00 6.726227183651615780e-07 -4.766972111866043527e+00 1.342498400131764650e+09
8.508699486773997405e-04 -1.939507630895632495e+00 -2.295335161243632793e+00 2.563468421194350023e-07 -5.288074855664493867e+00 1.342498400133452177e+09
8.545544152496705771e-04 -1.934139371982649402e+00 -2.321164097198071374e+00 3.241465947096847884e-07 -5.159948003283698625e+00 1.342498400133656979e+09
8.579968723695445250e-04 -1.931715942554919963e+00 -2.330376585697188752e+00 5.705741077317362804e-07 -4.823516781356907757e+00 1.342498400134522676e+09
8.520105106371526210e-04 -1.937755558936638201e+00 -2.310312185801892237e+00 1.356432053021930278e-06 -4.130540828086146199e+00 1.342498400134755135e+09
8.560424248668983913e-04 -1.934416620050293911e+00 -2.279763010518089494e+00 5.414441036479501522e-07 -4.821393497778342585e+00 1.342498400134897709e+09
8.522410731515706311e-04 -1.937268849323499076e+00 -2.296583169734231156e+00 8.700839562434890143e-07 -4.518816868441982493e+00 1.342498400136472225e+09
8.546088606384676925e-04 -1.940148804635219992e+00 -2.414789026390875559e+00 5.763183429144860281e-07 -4.724241196709058954e+00 1.342498400136627197e+09
8.487809394493377006e-04 -1.945057543412324730e+00 -2.356480429131595056e+00 1.141962585673694586e-06 -4.362486590825700894e+00 1.342498400137415409e+09
8.577635931673303514e-04 -1.935531020750849596e+00 -2.407851871058368953e+00 4.708743288165596767e-07 -4.863312866984976779e+00 1.342498400139045715e+09
8.525885897276566172e-04 -1.942638970638968399e+00 -2.310053253051217670e+00 5.833555125793311250e-07 -4.866848015397192029e+00 1.342498400142037392e+09
8.552687544809186703e-04 -1.939775803166398527e+00 -2.416831760969524456e+00 7.321858938528015840e-07 -4.693200284017684965e+00 1.342498400142714739e+09
8.552687544809186703e-04 -1.939775803166398527e+00 -2.416831760969524456e+00 7.321858938528015840e-07 -4.693200284017684965e+00 1.342498400142714739e+09
8.512207257494412010e-04 -1.939573758658549973e+00 -2.404393581156510251e+00 1.588577634327796981e-06 -3.972946858978076534e+00 1.342498400143729687e+09
8.547541151037489019e-04 -1.939585930275073977e+00 -2.440672331830720854e+00 3.663508717912575528e-07 -5.078273218883703422e+00 1.342498400146868706e+09
8.553887971454697536e-04 -1.938631864243455905e+00 -2.356166527534168331e+00 2.618806392930426435e-07 -5.321725079449402429e+00 1.342498400147111416e+09
8.490886057100514644e-04 -1.943647216633302310e+00 -2.279357976617748083e+00 2.306299790259655281e-07 -5.433451652552962585e+00 1.342498400147984743e+09
8.567516351950950869e-04 -1.936396928579221521e+00 -2.298940957225258597e+00 3.881817328083520846e-07 -5.073884436472948956e+00 1.342498400148059130e+09
8.545950909269056390e-04 -1.936370355206683769e+00 -2.427755787002611410e+00 1.617425895543078228e-07 -5.652501625314933165e+00 1.342498400148874760e+09
8.567214046356632588e-04 -1.934414865811901363e+00 -2.456827454820017742e+00 6.561736620021957490e-07 -4.572945353968151494e+00 1.342498400148983002e+09
8.550846903852980709e-04 -1.939062600661715763e+00 -2.440032148053245198e+00 1.507522648964941587e-06 -4.035479744456271334e+00 1.342498400149311543e+09
8.496623986910519042e-04 -1.940935222713957131e+00 -2.362119879184648497e+00 4.336049577323014347e-07 -5.089962828373902681e+00 1.342498400149704456e+09
8.529542520869216014e-04 -1.937080026193622295e+00 -2.499664448989133980e+00 3.428522430306772701e-07 -5.119504139490135941e+00 1.342498400149935722e+09
8.529542520869216014e-04 -1.937080026193622295e+00 -2.499664448989133980e+00 3.428522430306772701e-07 -5.119504139490135941e+00 1.342498400149935722e+09
8.465552713409701209e-04 -1.945954432485128782e+00 -2.291661227731594863e+00 8.024873777428821952e-07 -4.575184345195374647e+00 1.342498400151547670e+09
8.551890664092179828e-04 -1.937065841406774291e+00 -2.399351310771779211e+00 1.004388311982194759e-06 -4.230361090136161906e+00 1.342498400153255701e+09
8.473840249013750870e-04 -1.943394001202495058e+00 -2.314161065007409146e+00 3.761306085855528200e-07 -5.035547536405793778e+00 1.342498400153564692e+09
8.565105436360044826e-04 -1.937260539401172377e+00 -2.432858667020326937e+00 6.365693883721476232e-07 -4.633557100708140197e+00 1.342498400154787779e+09
8.470397321906733860e-04 -1.944777064551418633e+00 -2.383526111777486634e+00 4.871057489183997679e-07 -4.857091115834346162e+00 1.342498400155318737e+09
8.517029243865093663e-04 -1.943304250386240550e+00 -2.303153100537634224e+00 1.068198566923848336e-06 -4.292152851262545532e+00 1.342498400155516624e+09
8.499513481561801493e-04 -1.945328300934824783e+00 -2.288215484857477833e+00 5.791329605631762344e-07 -4.817047644204928147e+00 1.342498400155619621e+09
8.533109845575641934e-04 -1.940993584331133448e+00 -2.327090600064496861e+00 8.682146569257786544e-07 -4.384944181438078736e+00 1.342498400155745268e+09
8.576336187388419611e-04 -1.935411065924651286e+00 -2.355765060437557956e+00 1.213256695682589152e-06 -4.149327881803090534e+00 1.342498400157787561e+09
8.508577928715085762e-04 -1.944452625826387671e+00 -2.404739731530442626e+00 6.400829358729886349e-07 -4.791431547448443240e+00 1.342498400158081055e+09
8.506930443619893645e-04 -1.941110612951675529e+00 -2.473775225975223258e+00 9.469124783010337518e-07 -4.477853836336878501e+00 1.342498400158434629e+09
8.508386632959960647e-04 -1.943871331005077918e+00 -2.433059910964168182e+00 7.410175742191604462e-07 -4.555654427990806887e+00 1.342498400158745766e+09
8.517535945479825848e-04 -1.940641900118190932e+00 -2.387431743950264806e+00 1.503599185722354567e-06 -4.153266772367319781e+00 1.342498400158997059e+09
8.475545957995486235e-04 -1.945590485510087841e+00 -2.342756733794071788e+00 7.897001643666468899e-07 -4.474929226124221060e+00 1.342498400159096718e+09
8.560736144044204078e-04 -1.937410497872496418e+00 -2.337635929301667304e+00 1.532517710904124257e-06 -4.122916129173528788e+00 1.342498400160266876e+09
8.491954312590206449e-04 -1.944809807737479801e+00 -2.387453258406250889e+00 2.952082659125449244e-07 -5.226810427270529580e+00 1.342498400161345959e+09
8.517801281554128294e-04 -1.943524942874362171e+00 -2.323114634628346664e+00 3.790105502153427086e-07 -5.079106050469093248e+00 1.342498400161685228e+09
8.470689314777212105e-04 -1.945972687582963712e+00 -2.406318677336845013e+00 4.128109335638042921e-07 -5.043496409243346079e+00 1.342498400161726475e+09
8.471625088525210371e-04 -1.946272452883304860e+00 -2.398512436646837109e+00 6.422523077093336346e-07 -4.757162988137044302e+00 1.342498400162261724e+09
8.547178968601418800e-04 -1.937485125586079882e+00 -2.388425772047503948e+00 1.029919779683414285e-06 -4.476189094994163398e+00 1.342498400163688183e+09
8.547178968601418800e-04 -1.937485125586079882e+00 -2.388425772047503948e+00 1.029919779683414285e-06 -4.476189094994163398e+00 1.342498400163688183e+09
8.534820293808237542e-04 -1.938062056256336652e+00 -2.477840452321046438e+00 1.409649915652176759e-06 -4.049636013891865005e+00 1.342498400164730310e+09
8.568022542012387671e-04 -1.931733948920234978e+00 -2.372553893474080855e+00 4.757914116983766903e-07 -4.886823822823609831e+00 1.342498400165163994e+09
8.506413301104162866e-04 -1.938903348038998775e+00 -2.290565343886625804e+00 6.785346559564386609e-07 -4.600077437122302548e+00 1.342498400165186167e+09
8.538034396262398013e-04 -1.935928874001085820e+00 -2.442210803476048575e+00 5.169281841221175216e-07 -4.749362747296863141e+00 1.342498400165222645e+09
8.571180484580450060e-04 -1.935414696570930460e+00 -2.496838629851604541e+00 4.955156521275655803e-07 -4.961739993469951315e+00 1.342498400165839672e+09
8.539896693818143942e-04 -1.936763950850480587e+00 -2.431082129990358887e+00 1.516835516821873854e-06 -4.103965149234126031e+00 1.342498400167012691e+09
8.587880913779508650e-04 -1.932206989768550986e+00 -2.320230614300315963e+00 7.569045660938860329e-07 -4.547862616902305533e+00 1.342498400167199612e+09
8.574295020686003915e-04 -1.933228409669549119e+00 -2.387956066502062491e+00 1.325169073091924859e-06 -4.218697713622280965e+00 1.342498400168149471e+09
8.468494814677466351e-04 -1.944671165598698792e+00 -2.347279564030073207e+00 4.280224789569779095e-07 -5.063018881976796948e+00 1.342498400168189526e+09
8.528382967039931572e-04 -1.937387346166881796e+00 -2.338198428890772895e+00 3.398641819277694278e-07 -5.034179809113693338e+00 1.342498400169695616e+09
8.542919548143165570e-04 -1.938111123676163006e+00 -2.448780845779550575e+00 2.733711550926031207e-07 -5.238556189723551526e+00 1.342498400169823408e+09
8.567012480448861402e-04 -1.932479471727333253e+00 -2.376097166753418310e+00 7.997915377960835521e-07 -4.443586959640276390e+00 1.342498400169974804e+09
8.498790679371578515e-04 -1.944744740388462567e+00 -2.357957370554254251e+00 4.193942037425565668e-07 -4.953977771012482378e+00 1.342498400173872471e+09
8.465352959776623401e-04 -1.947023290902798465e+00 -2.322170376446592854e+00 6.460320113252815209e-07 -4.664271037388806107e+00 1.342498400174305439e+09
8.524325053556657070e-04 -1.939018362486240044e+00 -2.274906045933465570e+00 2.797430432516748922e-07 -5.252821813182837474e+00 1.342498400176224470e+09
8.520770494534047170e-04 -1.938204708810326471e+00 -2.269048758714650393e+00 3.928660076901795096e-07 -5.088531329497527622e+00 1.342498400177129745e+09
8.571438583403876875e-04 -1.935507057162452638e+00 -2.422273619661168276e+00 1.732225406897376938e-06 -3.913726939692995010e+00 1.342498400178573847e+09
8.537518614367779540e-04 -1.939906466610737956e+00 -2.383676837286015981e+00 2.613265693033249002e-07 -5.281748108491643556e+00 1.342498400180686474e+09
8.550882343190919577e-04 -1.937067232378936410e+00 -2.317352905672218188e+00 4.316461893444898052e-07 -4.876612681886214773e+00 1.342498400182373047e+09
8.551364816057944627e-04 -1.936861514748025037e+00 -2.468803579890513245e+00 2.002313111321456676e-07 -5.547778029770876529e+00 1.342498400182808876e+09
8.474830737611792428e-04 -1.946282776283029259e+00 -2.309587566331207764e+00 8.978339960927527316e-07 -4.530963298195433531e+00 1.342498400183933973e+09
8.542535313439551846e-04 -1.937115492764879043e+00 -2.474919987618550365e+00 2.052360908683812558e-07 -5.556905017506600153e+00 1.342498400184149742e+09
8.516540338493771602e-04 -1.939484800479083670e+00 -2.343675056670222467e+00 8.742183009679037314e-07 -4.326796473038021951e+00 1.342498400184843540e+09
8.549626132462370123e-04 -1.937566408141034646e+00 -2.289178031317616213e+00 6.356458851393756776e-07 -4.622666875181091761e+00 1.342498400185045958e+09
8.580902422140750151e-04 -1.932839972880094015e+00 -2.466895460446237198e+00 3.211318549767839618e-07 -5.205436869665156507e+00 1.342498400185636759e+09
8.495643264631016957e-04 -1.940578699911061911e+00 -2.406316997115685918e+00 9.553832642676976202e-07 -4.364630524530046074e+00 1.342498400186218500e+09
8.491631386190794323e-04 -1.940018362983064737e+00 -2.353188999804945780e+00 4.556057697589636422e-07 -4.959322087327814543e+00 1.342498400186786652e+09
8.522942600136925112e-04 -1.938905862715549988e+00 -2.460754954359170465e+00 8.781029672051272105e-07 -4.558867232290333860e+00 1.342498400186884880e+09
8.546712559940109182e-04 -1.939251848678359202e+00 -2.409144183944729622e+00 1.284374421219964506e-06 -4.283999416455462672e+00 1.342498400187308311e+09
8.563117289766063005e-04 -1.936561444981928615e+00 -2.337520421810392879e+00 3.765484469516062530e-07 -5.194686552208967356e+00 1.342498400189658880e+09
8.518546955506272732e-04 -1.937540964165420654e+00 -2.429490204548642396e+00 9.828162340818750047e-07 -4.355833481266957463e+00 1.342498400190312386e+09
8.533617999253231010e-04 -1.942137098701062659e+00 -2.420678439924295766e+00 5.363162044385555123e-07 -4.862933405389071595e+00 1.342498400191578388e+09
8.491357484444301239e-04 -1.944026054892626254e+00 -2.456303080827679342e+00 8.273150665321527056e-07 -4.567893640787269227e+00 1.342498400192037106e+09
8.474748557599446480e-04 -1.946186188584731136e+00 -2.292566174688526637e+00 8.233254862441645908e-07 -4.589241796853990252e+00 1.342498400193308353e+09
8.557687127162473713e-04 -1.939011698581715626e+00 -2.310310209282209204e+00 8.558715525687122859e-07 -4.527268706376512242e+00 1.342498400195203066e+09
8.546577571065726254e-04 -1.934417469107326149e+00 -2.376115891614813957e+00 9.347801586209981297e-07 -4.471947824443667230e+00 1.342498400195468187e+09
8.518119269486988492e-04 -1.938151130629917507e+00 -2.285988303084841800e+00 1.024383141829748000e-06 -4.369609348317382569e+00 1.342498400197210073e+09
8.518119269486988492e-04 -1.938151130629917507e+00 -2.285988303084841800e+00 1.024383141829748000e-06 -4.369609348317382569e+00 1.342498400197210073e+09
8.511901783597539822e-04 -1.943143341293613657e+00 -2.386687642802792997e+00 3.478099360624588017e-07 -5.255174584909272362e+00 1.342498400198140144e+09
8.502365010411810746e-04 -1.941907718672594374e+00 -2.412272474448256876e+00 1.594554872998496347e-06 -4.013337753138462638e+00 1.342498400199833632e+09
8.514049575289241471e-04 -1.943847560576470013e+00 -2.379324374226252647e+00 4.603181420467589900e-07 -4.915225619719486794e+00 1.342498400199917555e+09
8.544771810905583184e-04 -1.938726543996278862e+00 -2.329556077599702846e+00 1.230490646760779440e-06 -4.327243850131162972e+00 1.342498400200059175e+09
8.589595044689856415e-04 -1.932425181440453166e+00 -2.440323839643879111e+00 8.361352290264911930e-07 -4.440912463561820900e+00 1.342498400200278521e+09
8.556157433336313012e-04 -1.933554247793923597e+00 -2.356203626308168708e+00 1.256962579197554009e-06 -4.188818179256813323e+00 1.342498400200807095e+09
8.488251905793656486e-04 -1.943184830151502007e+00 -2.338108615457166195e+00 1.290616015929189157e-06 -4.244040954298838209e+00 1.342498400201306105e+09
8.545174315916031181e-04 -1.939900714451760155e+00 -2.346063010224224143e+00 7.132702183545437227e-07 -4.540491775870511226e+00 1.342498400201707602e+09
8.537551707101192046e-04 -1.935101643681734540e+00 -2.302840968828302692e+00 6.118952711723323650e-07 -4.694013987092249707e+00 1.342498400201911449e+09
8.558432831668236597e-04 -1.934985194899203842e+00 -2.433289878280722629e+00 5.721635450702853162e-07 -4.659213473883291989e+00 1.342498400202051640e+09
8.540482664561935278e-04 -1.937427927139230732e+00 -2.350045139563507135e+00 2.924138314768704266e-07 -5.387212460949418080e+00 1.342498400202160597e+09
8.507450386636773764e-04 -1.942107141139545412e+00 -2.376174284484496191e+00 4.585287103372139769e-07 -5.080844699349259308e+00 1.342498400203050137e+09
8.492137721573420018e-04 -1.942894775055925116e+00 -2.312464691959848828e+00 1.377219012442393936e-06 -4.187198164301534575e+00 1.342498400205059528e+09
8.581332239468964732e-04 -1.934116469188390752e+00 -2.358620076480956396e+00 1.561607826976121848e-06 -4.065602508200093723e+00 1.342498400205323458e+09
8.531660844117932392e-04 -1.941896823784067250e+00 -2.327616708708297288e+00 3.379413075523736871e-07 -5.228976959423436099e+00 1.342498400205580711e+09
8.513701424599858132e-04 -1.940741902062963486e+00 -2.476683111041983132e+00 1.148935090538846726e-06 -4.213822075205208684e+00 1.342498400206372261e+09
8.499706909954806919e-04 -1.943119820296701494e+00 -2.298954943216691138e+00 1.507471691703565767e-06 -4.019893736346000779e+00 1.342498400206449747e+09
8.529841284004711270e-04 -1.937717530056377369e+00 -2.425426626294751031e+00 7.137941437513445699e-07 -4.730128450316317235e+00 1.342498400206601858e+09
8.529841284004711270e-04 -1.937717530056377369e+00 -2.425426626294751031e+00 7.137941437513445699e-07 -4.730128450316317235e+00 1.342498400206601858e+09
8.566656214764489146e-04 -1.937528594956731132e+00 -2.312540437847717456e+00 6.372367531746617220e-07 -4.763987743992585955e+00 1.342498400207456827e+09
8.567323858975497237e-04 -1.932027734423464649e+00 -2.419857000672747560e+00 7.075913796698982126e-07 -4.603728635930410817e+00 1.342498400208042145e+09
8.494794216531267915e-04 -1.944803190292506478e+00 -2.430870679571220272e+00 6.057566574682741072e-07 -4.712503146522293740e+00 1.342498400208813190e+09
8.576516183039557427e-04 -1.932632359381379894e+00 -2.448532391737700653e+00 1.179398452724315008e-06 -4.197870712039537544e+00 1.342498400210694075e+09
8.528340941547996393e-04 -1.940460073503630367e+00 -2.274877039156036673e+00 4.186741319849546664e-07 -4.969228994315129100e+00 1.342498400212605715e+09
8.550152190515725474e-04 -1.933318492583292247e+00 -2.374185813776618748e+00 6.828817415109556849e-07 -4.618417452587311622e+00 1.342498400213204384e+09
8.483419983292164561e-04 -1.944986295858873948e+00 -2.300642184949870828e+00 3.885572685325152367e-07 -5.167442425731627154e+00 1.342498400213492393e+09
8.552700620384143249e-04 -1.933864223137508054e+00 -2.449954656835507283e+00 3.301514691968802719e-07 -5.193909030166074636e+00 1.342498400214207411e+09
8.476453017791469799e-04 -1.943248871887853335e+00 -2.305845403011953287e+00 4.081743116789117329e-07 -4.971479946963578200e+00 1.342498400214491367e+09
8.588557309789266424e-04 -1.934585815164394873e+00 -2.398289158589121062e+00 1.023801790383765618e-06 -4.399995785462462727e+00 1.342498400215649128e+09
8.513468071029855772e-04 -1.944116865543484174e+00 -2.416116160551463832e+00 6.348907732392543434e-07 -4.768658491142178768e+00 1.342498400217437029e+09
8.571634088763688307e-04 -1.932669845123044183e+00 -2.379656469720998757e+00 5.245642455962293768e-07 -4.742911813864659543e+00 1.342498400219708920e+09
8.532117299044998920e-04 -1.938818763102848619e+00 -2.347639229270050532e+00 1.121385990567218337e-06 -4.406717440764102989e+00 1.342498400220165491e+09
8.542599953954743870e-04 -1.935731631786027140e+00 -2.426798591045007392e+00 2.757611716852986648e-07 -5.221987707460427508e+00 1.342498400222102642e+09
8.576225647184983593e-04 -1.936793942032525750e+00 -2.405648689849974708e+00 1.054589890711100882e-06 -4.356421350989984731e+00 1.342498400226910591e+09
8.527272996145845085e-04 -1.940123338817382415e+00 -2.496873489930693246e+00 6.885327129420317450e-07 -4.576604798729102086e+00 1.342498400227113008e+09
8.502060587883169315e-04 -1.940790232163967843e+00 -2.382549341313055624e+00 8.304354623538386098e-07 -4.391470333271508153e+00 1.342498400227737665e+09
8.547022631229439418e-04 -1.939751442507228862e+00 -2.350669677410922809e+00 6.438344017386799024e-07 -4.622240864313885034e+00 1.342498400228603125e+09
8.529682612751660628e-04 -1.936536233380534933e+00 -2.331682547908091152e+00 2.772400469159977026e-07 -5.375378719329542143e+00 1.342498400229264021e+09
8.549048460093565090e-04 -1.936795304690346775e+00 -2.442925030238062956e+00 1.781142634629260087e-07 -5.649313383984194026e+00 1.342498400229776621e+09
8.528184322042702903e-04 -1.935927261513427089e+00 -2.399615934027890418e+00 8.141980207253803705e-07 -4.473954670766825181e+00 1.342498400229960918e+09
8.529908242835611970e-04 -1.937442397986713249e+00 -2.339328811967797073e+00 1.026239238496771111e-06 -4.447430603076446332e+00 1.342498400231972694e+09
8.460330737155740593e-04 -1.947438516555296983e+00 -2.321109353053897983e+00 5.535085463809509018e-07 -4.837791367637201745e+00 1.342498400232022285e+09
8.516736794557436784e-04 -1.939252914232178160e+00 -2.347098184056255477e+00 1.505641360109232665e-06 -3.965159893266433144e+00 1.342498400233261824e+09
8.569117895066056222e-04 -1.932913049545575523e+00 -2.405165795216872127e+00 9.154257040967419813e-07 -4.501048769696653906e+00 1.342498400233347416e+09
8.502183106251474812e-04 -1.943901940977128540e+00 -2.352494688238648823e+00 1.638358848532879086e-06 -3.994760802190944204e+00 1.342498400233835936e+09
8.519493300240326902e-04 -1.940552236335878256e+00 -2.424499836131915220e+00 1.693865378601353769e-06 -3.921646313750956736e+00 1.342498400233969212e+09
8.531713306661119038e-04 -1.935731764009261724e+00 -2.404939178322575088e+00 7.710247225600244171e-07 -4.488745383101662156e+00 1.342498400234645605e+09
8.569246298858982248e-04 -1.937656766679560993e+00 -2.346836517344270678e+00 5.461477318070366651e-07 -4.873839526013235002e+00 1.342498400235986710e+09
8.564083552642401355e-04 -1.937814012084717152e+00 -2.362568918910657345e+00 3.216857339269703552e-07 -5.212129598005969200e+00 1.342498400236030102e+09
8.583068708064459183e-04 -1.935142341306617997e+00 -2.408769499612323894e+00 5.224026306376967785e-07 -4.920489713629432771e+00 1.342498400237214327e+09
8.591061155717913921e-04 -1.933222640551400140e+00 -2.361152245759337909e+00 1.240187050051468934e-06 -4.226794033257661454e+00 1.342498400238251448e+09
8.522527865378324349e-04 -1.937949822818255008e+00 -2.284804334263850212e+00 2.491404104270885418e-07 -5.359991830652260703e+00 1.342498400238414049e+09
8.500977137039966887e-04 -1.939182494948610280e+00 -2.306295251786206091e+00 6.286296842231870440e-07 -4.734721454890994607e+00 1.342498400238623857e+09
8.495287731966256507e-04 -1.945592513641999144e+00 -2.301060151922022623e+00 6.814141306948498841e-07 -4.734685752484709020e+00 1.342498400240591049e+09
8.520962377431300820e-04 -1.943586688665870366e+00 -2.391208474254638894e+00 8.679647397251176785e-07 -4.534834040728144444e+00 1.342498400241315126e+09
8.558407900958020075e-04 -1.936740093720346056e+00 -2.394219698733362378e+00 3.298168903167606952e-07 -5.088719274249046798e+00 1.342498400241792202e+09
8.552462788295025001e-04 -1.939992586164424715e+00 -2.331139648996762848e+00 7.644316347760545721e-07 -4.630014358595627044e+00 1.342498400242119551e+09
8.463983427607705548e-04 -1.946797512067726998e+00 -2.330487998054829202e+00 5.252296025593014511e-07 -4.914069263153550082e+00 1.342498400243015528e+09
8.572636189125453811e-04 -1.933656611320062391e+00 -2.388966143594264846e+00 1.234476917451890820e-06 -4.284693822264405760e+00 1.342498400243284225e+09
8.572636189125453811e-04 -1.933656611320062391e+00 -2.388966143594264846e+00 1.234476917451890820e-06 -4.284693822264405760e+00 1.342498400243284225e+09
8.532830076375488328e-04 -1.941374407147952619e+00 -2.321614663650043209e+00 2.797240055244785018e-07 -5.327018522139695733e+00 1.342498400244955778e+09
8.590484111320638915e-04 -1.931281733335799000e+00 -2.405933432783040615e+00 8.815450242442687423e-07 -4.412892315473890825e+00 1.342498400245061636e+09
8.493177036055392154e-04 -1.943256933862131719e+00 -2.425507250546546256e+00 2.245564643279801353e-07 -5.477420048418310650e+00 1.342498400245925188e+09
8.552953024857605632e-04 -1.939899488894152979e+00 -2.357341849598472372e+00 1.107705255465462713e-06 -4.295546737979068830e+00 1.342498400246209383e+09
8.535642887073731280e-04 -1.936137792322110140e+00 -2.328018944464263829e+00 3.404134897925128967e-07 -5.243085857695228391e+00 1.342498400246573925e+09
8.572864117003042373e-04 -1.936789710520482100e+00 -2.449436468185281601e+00 1.025312243893882337e-06 -4.388525042575408541e+00 1.342498400246683121e+09
8.510714822051775996e-04 -1.943209270168153147e+00 -2.399916317512853059e+00 4.875301467613058798e-07 -5.018687044508398643e+00 1.342498400248459816e+09
8.526328273955527653e-04 -1.941185344219175546e+00 -2.356297680357193780e+00 2.464721225207873857e-07 -5.334483499977316079e+00 1.342498400248684168e+09
8.539917056471252755e-04 -1.937409805601487234e+00 -2.475940878550237478e+00 1.141586719738326860e-06 -4.341557441239380033e+00 1.342498400248933077e+09
8.485510994026401049e-04 -1.942051098309289792e+00 -2.300388119885451221e+00 8.592153228673482498e-07 -4.525419023037301258e+00 1.342498400249067545e+09
8.552933434344642694e-04 -1.933855133877621313e+00 -2.434263530379879192e+00 6.877972080235552862e-07 -4.692997007144395383e+00 1.342498400250853777e+09
8.524088680197020431e-04 -1.941743087116148958e+00 -2.438144022192185734e+00 2.651152243398293212e-07 -5.380489326698963737e+00 1.342498400251278639e+09
8.537044212635540395e-04 -1.936418099745649712e+00 -2.371667325564777773e+00 1.003619206146223948e-06 -4.237912656838500602e+00 1.342498400251485348e+09
8.585121496599003267e-04 -1.931250576152632181e+00 -2.385288343131542366e+00 6.806665623835749946e-07 -4.695899330380323811e+00 1.342498400252009869e+09
8.523993838807367640e-04 -1.940903989019918230e+00 -2.411546994420558310e+00 4.180780138718799051e-07 -5.138997716546048977e+00 1.342498400252252579e+09
8.573437501592283492e-04 -1.934423262300411839e+00 -2.359965361101030723e+00 8.012916457897875312e-07 -4.423020884516816409e+00 1.342498400253444195e+09
8.573437501592283492e-04 -1.934423262300411839e+00 -2.359965361101030723e+00 8.012916457897875312e-07 -4.423020884516816409e+00 1.342498400253444195e+09
8.564443003900058804e-04 -1.934840535832738961e+00 -2.410596821851267446e+00 2.094603443633691948e-07 -5.560049323289526058e+00 1.342498400255040407e+09
8.507511189978203461e-04 -1.939456557056393970e+00 -2.377619191637115215e+00 2.797457537878536137e-07 -5.208320868216691046e+00 1.342498400256354809e+09
8.528844391372537295e-04 -1.938274074703389971e+00 -2.442931253716966289e+00 3.332864900427841782e-07 -5.073807016422978933e+00 1.342498400256854534e+09
8.563372202257696787e-04 -1.933929378341704641e+00 -2.449025176178389440e+00 2.406072174570408712e-07 -5.424286466107636429e+00 1.342498400259349346e+09
8.533126762752711938e-04 -1.936998395666899464e+00 -2.295498940074554461e+00 9.631165828198213257e-07 -4.307833171555548901e+00 1.342498400259675264e+09
8.506854835111563561e-04 -1.939167739118299094e+00 -2.388632553037979278e+00 9.729209020327406250e-07 -4.436076857608176383e+00 1.342498400260653496e+09
8.528178460341128472e-04 -1.936583912238621696e+00 -2.421160804541548917e+00 2.277419296989250634e-07 -5.423092279560842499e+00 1.342498400261549473e+09
8.528178460341128472e-04 -1.936583912238621696e+00 -2.421160804541548917e+00 2.277419296989250634e-07 -5.423092279560842499e+00 1.342498400261549473e+09
8.564798497133524653e-04 -1.932393800746893930e+00 -2.330846507819088753e+00 5.888354450644168733e-07 -4.754402153963329880e+00 1.342498400262211323e+09
8.550416815009703091e-04 -1.936349982731413011e+00 -2.428191964447568907e+00 5.010461510712788455e-07 -4.755341376303581669e+00 1.342498400263758183e+09
8.498133759927956445e-04 -1.943784456658806503e+00 -2.262711024045411357e+00 7.850789489226715949e-07 -4.579224500556853705e+00 1.342498400263972521e+09
8.506938766765444236e-04 -1.942391782664246502e+00 -2.409176997881393056e+00 3.219994521315551972e-07 -5.309136977547971981e+00 1.342498400264808655e+09
8.486295104128656688e-04 -1.946245296067985242e+00 -2.345638225414830025e+00 3.933727243124960930e-07 -5.055231382137966634e+00 1.342498400265172958e+09
8.465651558248784691e-04 -1.947031388264823804e+00 -2.355621674947593114e+00 5.608145787185455010e-07 -4.796327614421495689e+00 1.342498400265389681e+09
8.508415743047825167e-04 -1.942758308545735835e+00 -2.322135794713936274e+00 7.437884637070059618e-07 -4.485746674492760988e+00 1.342498400266841888e+09
8.470336117074524522e-04 -1.944748427167077853e+00 -2.308718959613434318e+00 5.796613689683016781e-07 -4.720346853608127446e+00 1.342498400268028736e+09
8.505549826137798414e-04 -1.944593658778199563e+00 -2.382144264163712055e+00 1.103246005710075551e-06 -4.358925729662315618e+00 1.342498400268330574e+09
8.481584713022523314e-04 -1.946139223484903535e+00 -2.292848724013995643e+00 4.608689052272360387e-07 -4.927947374307763972e+00 1.342498400269078016e+09
8.523050619783547732e-04 -1.939270623406392779e+00 -2.456328442437565762e+00 1.515633641553240522e-06 -4.057806347063999119e+00 1.342498400269540787e+09
8.513598644533329094e-04 -1.942081243151294823e+00 -2.363782058417143617e+00 3.724925284119998240e-07 -4.996372857106978316e+00 1.342498400269604683e+09
8.532924453956361325e-04 -1.941174278573994494e+00 -2.440862058591184880e+00 1.330422819640291772e-06 -4.201291950052498336e+00 1.342498400270173550e+09
8.527163820295982763e-04 -1.936454036242851506e+00 -2.331400378712441324e+00 4.490345078681531667e-07 -4.863824327313400531e+00 1.342498400270928860e+09
8.464882699480447701e-04 -1.945027946204047620e+00 -2.337010928763492590e+00 6.364293450257952187e-07 -4.697683712290959157e+00 1.342498400271339893e+09
8.513553353243706297e-04 -1.940488875278598480e+00 -2.490125744522602602e+00 2.727104023394361060e-07 -5.321247558074783335e+00 1.342498400273715496e+09
8.534736241951144248e-04 -1.936240806606389642e+00 -2.414706704894155287e+00 7.625676264693343877e-07 -4.460023992858680231e+00 1.342498400274513245e+09
8.518627006495329635e-04 -1.939912710763639803e+00 -2.357487625186076574e+00 6.343193524266019071e-07 -4.843113106150433111e+00 1.342498400275521278e+09
8.532765101329557690e-04 -1.940356584893148328e+00 -2.442128480617631769e+00 2.410335480697946027e-07 -5.399929271329737546e+00 1.342498400277825594e+09
8.468934509222968273e-04 -1.946357194707431182e+00 -2.296647735481676555e+00 4.959475402005308819e-07 -4.958231232214531659e+00 1.342498400278187752e+09
8.522800000004638948e-04 -1.939484476828488901e+00 -2.337706997630605077e+00 1.372565123167188533e-07 -5.833376277349816341e+00 1.342498400279845715e+09
8.548686847512305996e-04 -1.937363574021818691e+00 -2.387655916945699452e+00 2.084895120300514393e-06 -3.813945832187311424e+00 1.342498400280071735e+09
8.504813116346289547e-04 -1.940480019880901796e+00 -2.334470846495926288e+00 5.104542880188042491e-07 -4.740224729868347531e+00 1.342498400280650139e+09
8.513651236356185393e-04 -1.939561422830463400e+00 -2.411443741519868400e+00 1.497241732886159531e-06 -4.080728014082138699e+00 1.342498400281401873e+09
8.477018032970645755e-04 -1.943175332216477535e+00 -2.286397497766277986e+00 6.576588588396900326e-07 -4.683520258741449283e+00 1.342498400282600164e+09
8.508888801415410855e-04 -1.942054886132391411e+00 -2.463307104223944055e+00 9.388614641124674409e-07 -4.359380033448158720e+00 1.342498400282788515e+09
8.518316912075142361e-04 -1.943700900007702348e+00 -2.318394575497004784e+00 5.610991278727630799e-07 -4.806486159185107354e+00 1.342498400283421040e+09
8.565215669927681193e-04 -1.936700983655596398e+00 -2.484706432827845202e+00 1.152469751866903539e-06 -4.308424236483516800e+00 1.342498400283694029e+09
8.565215669927681193e-04 -1.936700983655596398e+00 -2.484706432827845202e+00 1.152469751866903539e-06 -4.308424236483516800e+00 1.342498400283694029e+09
8.497908608231020434e-04 -1.942798666677696406e+00 -2.269982168140079359e+00 9.691253416423394785e-07 -4.358188015495569445e+00 1.342498400285413265e+09
8.493737236859199473e-04 -1.940920347108869626e+00 -2.339669204725135288e+00 2.151719054644720937e-07 -5.526254632392666899e+00 1.342498400285663128e+09
8.536623677088114653e-04 -1.936453336159866812e+00 -2.419704240655176530e+00 2.389838016588400245e-07 -5.335727952358046977e+00 1.342498400285759211e+09
8.567278522515046641e-04 -1.937292230215250655e+00 -2.321835117339546173e+00 1.089117470258008918e-06 -4.359483756559408008e+00 1.342498400286488771e+09
8.529420816590852893e-04 -1.942020955781807112e+00 -2.448813675611574148e+00 5.023020938016179127e-07 -4.896195148907017014e+00 1.342498400286652088e+09
8.550600033266378365e-04 -1.934772256274245983e+00 -2.461791227277462912e+00 2.628577756939092309e-07 -5.327893957002002523e+00 1.342498400286959410e+09
8.506033747428606720e-04 -1.940868142714914590e+00 -2.376270149356987549e+00 1.015909449011045054e-06 -4.460189789456332932e+00 1.342498400287055016e+09
8.479616781947127858e-04 -1.942839258752216747e+00 -2.389669878439316886e+00 5.468558117262607787e-07 -4.773766705860451154e+00 1.342498400287465334e+09
8.503122621084873529e-04 -1.941597752827169288e+00 -2.385247129637963148e+00 4.390823459318055611e-07 -4.860446204838726914e+00 1.342498400288504124e+09
8.569294102681855076e-04 -1.934631338729882355e+00 -2.375889503017064364e+00 5.991901538351403729e-07 -4.631045448907692652e+00 1.342498400290041208e+09
8.527803421387462933e-04 -1.939406386467650512e+00 -2.418624707917704786e+00 7.441587933949606936e-07 -4.462016625831515704e+00 1.342498400290613413e+09
8.579039341222483321e-04 -1.936331425767545245e+00 -2.366368189721376414e+00 6.133541847039810006e-07 -4.767719943481822931e+00 1.342498400290838003e+09
8.555214520246645898e-04 -1.936881081440427588e+00 -2.307518946010167493e+00 2.321254605908024864e-07 -5.460209841437754008e+00 1.342498400292622328e+09
8.496684647692737775e-04 -1.943040249931480723e+00 -2.450361055592658932e+00 9.511277868387653596e-07 -4.465476282533013652e+00 1.342498400297672033e+09
8.503907927116211929e-04 -1.940061638923678444e+00 -2.423380931038957353e+00 7.883672407893239622e-07 -4.611314278844401926e+00 1.342498400297840595e+09
8.475490698799045559e-04 -1.943940862483505061e+00 -2.402466322371241247e+00 4.316577038505335965e-07 -5.023259476845874261e+00 1.342498400298219681e+09
8.497385120950389555e-04 -1.940845342952693509e+00 -2.393359333501074104e+00 1.197379318400960099e-06 -4.221412198453074360e+00 1.342498400299114466e+09
8.483311670992886360e-04 -1.943892105318594909e+00 -2.336408383372770903e+00 5.663999041966527396e-07 -4.900642200678873905e+00 1.342498400301637411e+09
8.567347402481059228e-04 -1.935740257051782542e+00 -2.424971904979599469e+00 6.593647915083484757e-07 -4.578475904135658858e+00 1.342498400302403450e+09
8.554901655888798306e-04 -1.939063746060218030e+00 -2.377318513085232787e+00 3.253657554176818605e-07 -5.211527325633745100e+00 1.342498400302887917e+09
8.519166217696205788e-04 -1.939014176705435633e+00 -2.396241561420480171e+00 1.267331078047552641e-06 -4.265917884813866578e+00 1.342498400303452492e+09
8.532222951944975868e-04 -1.942057143802490504e+00 -2.433799471464514141e+00 6.916428105934110008e-07 -4.664462727893774030e+00 1.342498400303753853e+09
8.569935340341004824e-04 -1.932960137201006789e+00 -2.420779142577246024e+00 1.311835054323872343e-06 -4.145390540565232484e+00 1.342498400304189444e+09
8.521192993160792237e-04 -1.940058223037996354e+00 -2.345053461736613443e+00 9.090095905603376592e-07 -4.570764887410566857e+00 1.342498400305373669e+09
8.481733984809317626e-04 -1.945737573470851078e+00 -2.358128939522304179e+00 2.886374953823594485e-07 -5.274138889962467047e+00 1.342498400306093216e+09
8.485770108681433979e-04 -1.943554760147809812e+00 -2.413778441206392511e+00 1.075630507209129619e-06 -4.313280071697461082e+00 1.342498400306436062e+09
8.545291929946295315e-04 -1.940997411490396507e+00 -2.350778727914752064e+00 8.372241424222106851e-07 -4.549772277380980334e+00 1.342498400308019638e+09
8.504961323122774098e-04 -1.939884009279248200e+00 -2.338936709795211399e+00 6.728537762709949359e-07 -4.761370851742551480e+00 1.342498400309619188e+09
8.533879478011642062e-04 -1.939115509332126619e+00 -2.281831470530776951e+00 9.478651471831164017e-07 -4.336602084794045631e+00 1.342498400309733152e+09
8.532684202760474875e-04 -1.939062505784475920e+00 -2.363610962787618064e+00 5.785620078482706627e-07 -4.637411586829527366e+00 1.342498400310063601e+09
8.539322619225822109e-04 -1.939668157751905042e+00 -2.486301947909586474e+00 1.255096308171912758e-06 -4.197172128204920583e+00 1.342498400310300589e+09
8.489677254809926141e-04 -1.941545746023587871e+00 -2.418838072771595904e+00 3.719664333725777578e-07 -5.068279115414814129e+00 1.342498400313226938e+09
8.530827339619003868e-04 -1.938471907473854561e+00 -2.460290693224499670e+00 5.467272252081139486e-07 -4.923155606115924954e+00 1.342498400313599348e+09
8.509560353918109443e-04 -1.942668090414584103e+00 -2.305098456011890562e+00 4.968866393918617755e-07 -4.800474404157433206e+00 1.342498400313606024e+09
8.504858931070711538e-04 -1.940683191082176018e+00 -2.491829797980434247e+00 4.734978548143462591e-07 -4.948721976230471498e+00 1.342498400313761473e+09
8.524719369771818680e-04 -1.937837795528092100e+00 -2.310235150205896648e+00 3.767787221952535211e-07 -4.980781913634213964e+00 1.342498400313911915e+09
8.559272325886454254e-04 -1.935912430457007005e+00 -2.431868573703805936e+00 1.336196592433154371e-06 -4.229315092296813461e+00 1.342498400315402985e+09
8.481482319343860423e-04 -1.943474868979385262e+00 -2.420093203177099639e+00 3.373863116558223972e-07 -5.181682735487274982e+00 1.342498400315449476e+09
8.487274415413536850e-04 -1.941472989979607489e+00 -2.361305121441446442e+00 7.726830176731207182e-07 -4.509403875466558631e+00 1.342498400316230536e+09
8.513762654513209061e-04 -1.938534576466061532e+00 -2.403815982996929890e+00 2.001517078720345545e-07 -5.547310359034447913e+00 1.342498400316431046e+09
8.483612458425719444e-04 -1.943864821135355747e+00 -2.334063973344191911e+00 2.990189252727102032e-07 -5.183758768370290149e+00 1.342498400316515923e+09
8.566907990106599480e-04 -1.937593835192048752e+00 -2.337328196616736520e+00 8.324541095985816096e-07 -4.584631539711181425e+00 1.342498400316597223e+09
8.478608459908351961e-04 -1.946635874318928261e+00 -2.339880486543228777e+00 7.122747026083668773e-07 -4.701326912178307005e+00 1.342498400316794395e+09
8.568515430235392740e-04 -1.931935737196791791e+00 -2.361992241849778740e+00 6.341396284864648519e-07 -4.694267825414780049e+00 1.342498400317609310e+09
8.552634952247234121e-04 -1.936129952381073549e+00 -2.360115639167884805e+00 1.859179219595067990e-06 -3.832861723626658446e+00 1.342498400317938566e+09
8.543656683687857146e-04 -1.939011909271761480e+00 -2.337335788495285893e+00 1.940680169004705548e-06 -3.872367118124182106e+00 1.342498400318692923e+09
8.576790981874274529e-04 -1.935331518198746492e+00 -2.466172844193648128e+00 4.809956429855323629e-07 -4.893195550006207206e+00 1.342498400320452929e+09
8.498306389009076429e-04 -1.942400452940834521e+00 -2.299117253997348786e+00 1.474906840393186648e-06 -4.050894792817080869e+00 1.342498400320798397e+09
8.497737011278392281e-04 -1.940605669874084782e+00 -2.361671653940284887e+00 1.084470795861569086e-06 -4.243119507234023757e+00 1.342498400320861340e+09
8.514650387523325405e-04 -1.940788809008314963e+00 -2.342789069397317459e+00 1.428806799754664828e-06 -3.998825113621904848e+00 1.342498400321739674e+09
8.475743770644357999e-04 -1.942769424020913016e+00 -2.329735926266646828e+00 6.068817072351255368e-07 -4.738807628361998425e+00 1.342498400321810961e+09
8.513379355967644205e-04 -1.940879200734488164e+00 -2.427319099274453773e+00 2.476230747631628917e-07 -5.322673270538542667e+00 1.342498400321966410e+09
8.563966834229406805e-04 -1.933227217650216989e+00 -2.327030679868130392e+00 2.964419989202373672e-07 -5.242820275121207629e+00 1.342498400322130680e+09
8.582652418486010244e-04 -1.932486085496930794e+00 -2.369702365223941065e+00 1.377002918313453124e-06 -4.110447270533981623e+00 1.342498400324033737e+09
8.591185433182430128e-04 -1.931765434580470231e+00 -2.416480150885174982e+00 4.129850866365967795e-07 -5.030644713561847503e+00 1.342498400324256659e+09
8.501974168092032730e-04 -1.940086200848856413e+00 -2.446716594785230292e+00 7.607747373231359029e-07 -4.558626411901174791e+00 1.342498400325944662e+09
8.530839189288617463e-04 -1.936567170486073630e+00 -2.300871044256597386e+00 8.176311061141773795e-07 -4.567948001655239842e+00 1.342498400329351664e+09
8.544054091671963568e-04 -1.935555132575885962e+00 -2.309474065663820852e+00 7.033069923682903059e-07 -4.532047800779526625e+00 1.342498400330615520e+09
8.498251077599946286e-04 -1.943474837013491108e+00 -2.379881583826255920e+00 8.397590680015061876e-07 -4.615944227403664613e+00 1.342498400331282854e+09
8.549513367000876858e-04 -1.938316227306887463e+00 -2.387687679604063362e+00 1.960420622140218636e-06 -3.858833344169924295e+00 1.342498400332142830e+09
8.527340292120307551e-04 -1.942788411522735181e+00 -2.325145837702668139e+00 6.234237242848454433e-07 -4.787477924957142861e+00 1.342498400332789898e+09
8.563515506146082571e-04 -1.936390599294183446e+00 -2.308815905144050884e+00 8.345434114825320574e-07 -4.434103449126524765e+00 1.342498400332981586e+09
8.555253924316852301e-04 -1.939028082947634957e+00 -2.453753708311867232e+00 6.171908258826105128e-07 -4.727791109227903910e+00 1.342498400333400249e+09
8.584908406351979011e-04 -1.932316184094855283e+00 -2.373564545658219505e+00 5.241111016238153304e-07 -4.774144634820153499e+00 1.342498400333934784e+09
8.589826267036853626e-04 -1.931407698483341484e+00 -2.431523569995150069e+00 7.740868378698353184e-07 -4.571438865038077282e+00 1.342498400333989620e+09
8.545503825037587377e-04 -1.940272794097564368e+00 -2.437390531491343548e+00 7.376394374895464527e-07 -4.578779981383791053e+00 1.342498400334129095e+09
8.567920071696963607e-04 -1.933392352138108450e+00 -2.430116634867236947e+00 5.983199143126254406e-07 -4.827628258792325155e+00 1.342498400334302425e+09
8.556832719950128703e-04 -1.937172006884022135e+00 -2.310903628680995858e+00 1.335917714360678150e-06 -4.093016989667537686e+00 1.342498400334747314e+09
8.505682326346057035e-04 -1.943175116634322741e+00 -2.298272030294698176e+00 3.931696790081790756e-07 -5.162343222048296099e+00 1.342498400335345268e+09
8.520246396711597366e-04 -1.938119864220483324e+00 -2.434167290427736052e+00 6.912672690014784050e-07 -4.549058807537686988e+00 1.342498400335470438e+09
8.527276662170391736e-04 -1.935739730461645935e+00 -2.353680867218679307e+00 4.608308528317620531e-07 -4.941229880968563748e+00 1.342498400335483551e+09
8.483520873768821222e-04 -1.944143006073092428e+00 -2.304312284327736382e+00 8.117433391663631773e-07 -4.618593372932873642e+00 1.342498400335964441e+09
8.518052342470612765e-04 -1.940030484495075092e+00 -2.325814460280449136e+00 1.814572716844166092e-07 -5.547219257453789965e+00 1.342498400335998774e+09
8.525341996377486676e-04 -1.938733981499594972e+00 -2.320008379699663781e+00 1.127946268500615689e-06 -4.161237577351387884e+00 1.342498400336542130e+09
8.573701376035102774e-04 -1.935029226689606752e+00 -2.469338723777113831e+00 3.599051887144720919e-07 -5.161261086481060190e+00 1.342498400337721348e+09
8.562469061691329632e-04 -1.936666277675470615e+00 -2.312725086634542571e+00 7.189758016220276560e-07 -4.713319464193629571e+00 1.342498400338483810e+09
8.519498800773106810e-04 -1.942123080199039897e+00 -2.383554514921501166e+00 1.485086695276659060e-06 -4.022370259267994186e+00 1.342498400339139700e+09
8.481871271128562945e-04 -1.946518346592313708e+00 -2.312537383560062221e+00 4.246133085517880966e-07 -5.053871921893671626e+00 1.342498400340522766e+09
8.596314020242076760e-04 -1.932304322882449910e+00 -2.394437762307959794e+00 8.731373216129084001e-07 -4.456641095477308134e+00 1.342498400340543985e+09
8.466639769915768271e-04 -1.945029353728381372e+00 -2.357949054928991206e+00 5.887263958713928776e-07 -4.781366601763995305e+00 1.342498400340858698e+09
8.508612935380623033e-04 -1.939756544865921306e+00 -2.435030701828836630e+00 2.411540226063931538e-07 -5.373605629944616879e+00 1.342498400341750145e+09
8.536751512151595630e-04 -1.937430123336796983e+00 -2.319296158874506464e+00 1.931587799465762940e-07 -5.506612983524803440e+00 1.342498400342910290e+09
8.553390616962813211e-04 -1.935168151159194938e+00 -2.480343660777021952e+00 9.398062900715580164e-07 -4.467405745147957852e+00 1.342498400343210459e+09
8.547631192892614404e-04 -1.937706195714336666e+00 -2.402168033307706008e+00 9.598781361713344409e-07 -4.522103358378097404e+00 1.342498400348243713e+09
8.576058473367886240e-04 -1.934317901021535002e+00 -2.487567619865771018e+00 6.874490275128897215e-07 -4.707885610608107285e+00 1.342498400348807096e+09
8.505619406388209612e-04 -1.940539111010703754e+00 -2.309420642528321022e+00 2.213530502698383923e-07 -5.537836964918906091e+00 1.342498400349515438e+09
8.551142312046455156e-04 -1.936840679356240491e+00 -2.458567707512229639e+00 2.493815542013093437e-07 -5.339282729964656582e+00 1.342498400350192785e+09
8.534298552315943689e-04 -1.939857131163170934e+00 -2.395083342259946235e+00 3.423005675990100867e-07 -5.067433995980335837e+00 1.342498400350390673e+09
8.531251273457911809e-04 -1.936423227541948400e+00 -2.433295265997576617e+00 3.432853689901062134e-07 -5.085357271608891061e+00 1.342498400351527214e+09
8.546069721292725305e-04 -1.936618968231476945e+00 -2.496969396832928290e+00 3.426821727399524048e-07 -5.214384773032547216e+00 1.342498400352326155e+09
8.483751666073207753e-04 -1.942385720312331587e+00 -2.292552738161473869e+00 5.127706671422906189e-07 -4.812912067207594013e+00 1.342498400353523493e+09
8.522634456001153139e-04 -1.938391519628251292e+00 -2.331242606002708939e+00 8.969894300059051273e-07 -4.324979411500597060e+00 1.342498400353914738e+09
8.473253613981267121e-04 -1.945914882389772060e+00 -2.392999993097720601e+00 5.320234591441940412e-07 -4.830834217479821113e+00 1.342498400354089499e+09
8.570741725735246848e-04 -1.934597836583911157e+00 -2.294438277235308021e+00 5.664181225262963805e-07 -4.775734285680043989e+00 1.342498400355228424e+09
8.546628848152015324e-04 -1.936255938786820785e+00 -2.477435101836571452e+00 1.047519677577367560e-06 -4.392778611653328724e+00 1.342498400357882023e+09
8.563138248012255134e-04 -1.934650453455431185e+00 -2.468358453680944642e+00 4.842657026359354567e-07 -4.983782360909886577e+00 1.342498400358536959e+09
8.493369543950300346e-04 -1.940601825505924527e+00 -2.381716740194907977e+00 5.583722557146650611e-07 -4.740029533746970003e+00 1.342498400358990908e+09
8.517319109262260456e-04 -1.943497780802965424e+00 -2.355781314200696031e+00 3.537158084726071224e-07 -5.158324071690087109e+00 1.342498400359071493e+09
8.566184307226850205e-04 -1.936135727301073750e+00 -2.463266899831903167e+00 9.948157101927305012e-07 -4.453033924558650547e+00 1.342498400359843254e+09
8.466891784235267915e-04 -1.945137146080575974e+00 -2.295746615146806224e+00 5.300111036146753425e-07 -4.861343098093907855e+00 1.342498400360269070e+09
8.509725141671393902e-04 -1.944321927856264676e+00 -2.321024166553652623e+00 1.073196800938904457e-06 -4.345448886701284152e+00 1.342498400362777472e+09
8.479688980641737501e-04 -1.945230949100790863e+00 -2.421382123827490407e+00 6.832250151301977320e-07 -4.669090249480938759e+00 1.342498400363059044e+09
8.537845558788481701e-04 -1.939545722685573015e+00 -2.339326226243026330e+00 2.856479802136895760e-07 -5.214885848628778575e+00 1.342498400363347769e+09
8.542183192097110855e-04 -1.941032689344356799e+00 -2.323506990181094523e+00 8.783624663374260933e-07 -4.516513083235177639e+00 1.342498400364794254e+09
8.575495774082421896e-04 -1.933305959718704337e+00 -2.315777618693437567e+00 3.715454252032592034e-07 -5.099061413812584931e+00 1.342498400365349293e+09
8.512445697579949311e-04 -1.943495453047283439e+00 -2.383960439066711956e+00 4.819704541204224356e-07 -5.013619812463740999e+00 1.342498400365610600e+09
8.547918554401647039e-04 -1.933874310254747542e+00 -2.395597533240203969e+00 7.484208370856926223e-07 -4.584902369831861613e+00 1.342498400365646124e+09
8.566901822707070034e-04 -1.934102130786717444e+00 -2.359208326977582093e+00 2.354812170401744906e-07 -5.472187588224866062e+00 1.342498400365790129e+09
8.571759005411835669e-04 -1.934187138028776953e+00 -2.322285950668170784e+00 1.083489309154630263e-06 -4.369903998637588494e+00 1.342498400365875006e+09
8.512276414068353867e-04 -1.943292435717602684e+00 -2.395339013987337395e+00 1.214657363682374204e-06 -4.191680934375250800e+00 1.342498400365909100e+09
8.532704074486885523e-04 -1.938468725902476208e+00 -2.392606936504030113e+00 1.536078119460252750e-07 -5.698173683307542703e+00 1.342498400366017342e+09
8.553721325547206404e-04 -1.935541684161585785e+00 -2.348832514919085401e+00 1.449636336225564185e-06 -4.151327022694861313e+00 1.342498400366689444e+09
8.543004856108421226e-04 -1.936172176827291924e+00 -2.442673210713940612e+00 2.016734962874417768e-07 -5.544462178424691245e+00 1.342498400369268179e+09
8.472485169618779177e-04 -1.946275017544300656e+00 -2.329104660375578728e+00 3.894477111986201121e-07 -5.135004406165988300e+00 1.342498400369557142e+09
8.562115388967512846e-04 -1.937190614913594899e+00 -2.400610018843728710e+00 1.620309802203904076e-06 -3.969087162836588689e+00 1.342498400369763613e+09
8.591444299619942302e-04 -1.932501193942813389e+00 -2.445545777783386221e+00 8.700460258771792921e-07 -4.477014780866967136e+00 1.342498400370907068e+09
8.500534211414821758e-04 -1.943743746868143329e+00 -2.405273002084074463e+00 3.021747325678932112e-07 -5.323516621063724585e+00 1.342498400375616312e+09
8.492589922783593936e-04 -1.942294587832178010e+00 -2.439899140303951608e+00 5.254875592879470127e-07 -4.910412468723047041e+00 1.342498400375834942e+09
8.495357475411441156e-04 -1.942034349607355548e+00 -2.304950074455882181e+00 5.456260896921219471e-07 -4.717872041281593098e+00 1.342498400375918150e+09
8.515662100074602048e-04 -1.937705129366260604e+00 -2.306219818464614324e+00 7.590927063586816855e-07 -4.538371159870131066e+00 1.342498400376340389e+09
8.531158413886779073e-04 -1.938152275648855172e+00 -2.361055187772407304e+00 8.781649419318467798e-07 -4.328119159699966190e+00 1.342498400376562595e+09
8.504259948986229349e-04 -1.940894494183819097e+00 -2.364737924368224942e+00 1.564034439162742418e-06 -3.998150208556245033e+00 1.342498400377125263e+09
8.566499122863224574e-04 -1.934475926773530086e+00 -2.352217682013655775e+00 1.298984759960059178e-06 -4.239992674093347347e+00 1.342498400379215479e+09
8.522699838363958233e-04 -1.937068807011639748e+00 -2.360809839666890397e+00 2.732305958481811599e-07 -5.366358683330939350e+00 1.342498400379462719e+09
8.515351944531548024e-04 -1.941019754216364746e+00 -2.379542784103343411e+00 1.084089205409140038e-06 -4.422861241840278623e+00 1.342498400379995108e+09
8.565266529892207785e-04 -1.934745202342502912e+00 -2.438402666123952400e+00 1.218266377072782950e-06 -4.138615158338555311e+00 1.342498400380800486e+09
8.507565454549236711e-04 -1.940007504139608319e+00 -2.367226360904099547e+00 1.203345852617555919e-06 -4.143173467355601325e+00 1.342498400380949974e+09
8.562397919827998295e-04 -1.935081641751190684e+00 -2.287916479626588284e+00 6.772521655034198161e-07 -4.700473411955616854e+00 1.342498400381899595e+09
8.479476500401286494e-04 -1.946425015042578366e+00 -2.366338621851411528e+00 6.619417198964234372e-07 -4.744812632376780748e+00 1.342498400382141829e+09
8.559063966694693262e-04 -1.937307331816510825e+00 -2.453149189814690434e+00 5.277705825842560770e-07 -4.777870868179823205e+00 1.342498400383201838e+09
8.495780899044361395e-04 -1.943294063474280797e+00 -2.370203729902157441e+00 2.252156797147536351e-07 -5.413518573075863038e+00 1.342498400383960485e+09
8.531463837480739469e-04 -1.937455394552987098e+00 -2.451028322022631212e+00 2.944255187037763997e-07 -5.331896935291949191e+00 1.342498400384003639e+09
8.565882297491306686e-04 -1.935112417184310374e+00 -2.445482461996967505e+00 1.525138416494068212e-06 -4.070605374225824136e+00 1.342498400385518074e+09
8.552799894383461641e-04 -1.937869814818450109e+00 -2.497148112240294537e+00 1.177644661538840296e-06 -4.255988051418675866e+00 1.342498400385926485e+09
8.536549758041851992e-04 -1.940112803362741278e+00 -2.408755212222592590e+00 3.157958513918173705e-07 -5.159663801163889119e+00 1.342498400386753559e+09
8.506900540005791567e-04 -1.940021820907715133e+00 -2.291832512507463893e+00 2.624760209311005640e-07 -5.398698795959168351e+00 1.342498400386826038e+09
8.518078412946720546e-04 -1.942126862275839194e+00 -2.295863162743160046e+00 5.784824197940303000e-07 -4.884602419315129396e+00 1.342498400387341261e+09
8.526700707186075446e-04 -1.938885872891842777e+00 -2.394030853385074487e+00 5.913400493240422666e-07 -4.625449295321491405e+00 1.342498400387872934e+09
8.507031002684369621e-04 -1.943112291136390057e+00 -2.388596700464847178e+00 2.479596837778453569e-07 -5.458705620769245037e+00 1.342498400389084101e+09
8.593349270947850654e-04 -1.932256385767684215e+00 -2.410558392697705443e+00 8.941479409558000126e-07 -4.426589140458697003e+00 1.342498400391087770e+09
8.547780715037484999e-04 -1.938088627190428515e+00 -2.363509478418993393e+00 1.902066443685916374e-07 -5.554653431763942883e+00 1.342498400391521454e+09
8.567641992859852682e-04 -1.934836303020673887e+00 -2.374251995301439599e+00 6.824870744553746988e-07 -4.538455374469195114e+00 1.342498400391893625e+09
8.529584379447790890e-04 -1.938988606969696660e+00 -2.483359954938118452e+00 1.314011460537679893e-06 -4.155022273629723095e+00 1.342498400393336058e+09
8.503981150042718784e-04 -1.940686980845372167e+00 -2.438806922906120889e+00 5.738473830874755836e-07 -4.860538662582720271e+00 1.342498400394178867e+09
8.555971540665580554e-04 -1.935075077035349755e+00 -2.327821004524057713e+00 8.131429554482057500e-07 -4.412446606275715055e+00 1.342498400395613194e+09
8.500265920370609057e-04 -1.942875146952558696e+00 -2.462010854904329804e+00 5.146578234484153463e-07 -4.933130640635082997e+00 1.342498400395619869e+09
8.486343673902411880e-04 -1.945192945893940095e+00 -2.340092597997357693e+00 1.281746711535317074e-06 -4.191057838935993374e+00 1.342498400395711422e+09
8.559642113822515117e-04 -1.937845538164860493e+00 -2.441851532995817475e+00 1.172584592882192666e-06 -4.216133333430989616e+00 1.342498400396001339e+09
8.557849971207169993e-04 -1.937758402047156103e+00 -2.436411659147633468e+00 8.695219636576403445e-07 -4.404265970988856083e+00 1.342498400397332907e+09
8.512567441756617361e-04 -1.938144591998033572e+00 -2.378993266021752540e+00 2.657197457685283467e-07 -5.296245872700279911e+00 1.342498400397764206e+09
8.492555958414651834e-04 -1.941633364348109847e+00 -2.342877436202260633e+00 1.087261119649432064e-06 -4.243636754539120481e+00 1.342498400397798777e+09
8.569349274280638759e-04 -1.935854673062371578e+00 -2.478877697365701849e+00 1.076794584014538528e-06 -4.359411557571894136e+00 1.342498400398644209e+09
8.534351174276003484e-04 -1.938608263258190911e+00 -2.282231453084461403e+00 1.030322763233175248e-06 -4.283847866577371377e+00 1.342498400398689508e+09
8.486705854792288371e-04 -1.943935942655533600e+00 -2.314451406050475946e+00 2.097383401959449896e-07 -5.543216318539714749e+00 1.342498400399731874e+09
8.512874449861905241e-04 -1.940995199846286656e+00 -2.309766710322186167e+00 1.852884181100927554e-07 -5.647980058652438018e+00 1.342498400401802063e+09
8.531787822488636755e-04 -1.940264696342580031e+00 -2.466571286987497835e+00 3.956735078859796925e-07 -5.007689893564206685e+00 1.342498400402480364e+09
8.531101773406231121e-04 -1.940667434565338745e+00 -2.282511932071922267e+00 5.881722227023298277e-07 -4.728535859948368447e+00 1.342498400402587414e+09
8.484360967207387784e-04 -1.941869546096094634e+00 -2.317881463596057845e+00 2.979069652265139221e-07 -5.247662145230284736e+00 1.342498400402775288e+09
8.561451054495960999e-04 -1.933201502395156979e+00 -2.329209568390947727e+00 3.470491922465329177e-07 -5.131665589271614536e+00 1.342498400403307676e+09
8.558722473336058878e-04 -1.936836893015010608e+00 -2.295816363880487820e+00 3.701948997348482424e-07 -5.140446001361153705e+00 1.342498400403724909e+09
8.521730466962144012e-04 -1.939831264678756551e+00 -2.305565332081326080e+00 2.451940859707781436e-07 -5.481279461510160544e+00 1.342498400404749155e+09
8.559473990185175775e-04 -1.935427551735495744e+00 -2.287889978759750864e+00 5.640749447353242128e-07 -4.844054660818830627e+00 1.342498400405597210e+09
8.477678707393825367e-04 -1.944328645454601157e+00 -2.375239075702597180e+00 5.550373530884958374e-07 -4.883769958437794045e+00 1.342498400405807018e+09
8.518727411835635716e-04 -1.937699869082510240e+00 -2.301544591125259664e+00 4.451994545139223325e-07 -5.017127777563213265e+00 1.342498400406837463e+09
8.567257528959305174e-04 -1.933530193956749743e+00 -2.415049662111797613e+00 3.853445386086098805e-07 -4.988312295200838520e+00 1.342498400407847166e+09
8.545515879508421443e-04 -1.935286677374450814e+00 -2.453665889913845266e+00 3.924287660089852175e-07 -4.989163395332187001e+00 1.342498400410600662e+09
8.505760464452734315e-04 -1.940252175796641776e+00 -2.293389410100969528e+00 5.983141786546317729e-07 -4.836743217248513638e+00 1.342498400410963535e+09
8.583146456516184278e-04 -1.933628163040852499e+00 -2.380078908109059199e+00 4.362419051597013612e-07 -5.052256340046518801e+00 1.342498400411841393e+09
8.524697816642341124e-04 -1.936212356149967118e+00 -2.341065159651460892e+00 3.798007450001496093e-07 -5.070162260445966851e+00 1.342498400412384272e+09
8.509601816645318310e-04 -1.938243613721750691e+00 -2.310887781666242979e+00 6.177688510254627831e-07 -4.737572798671479291e+00 1.342498400412437677e+09
8.476209873400739492e-04 -1.944136251068713683e+00 -2.311375705224847810e+00 9.216743945631032399e-07 -4.403483282347751882e+00 1.342498400412580490e+09
8.525559021445273337e-04 -1.936467317526430421e+00 -2.331122221968138675e+00 6.288332602503736950e-07 -4.642945625458042791e+00 1.342498400413441658e+09
8.559562197615937446e-04 -1.935234893809721024e+00 -2.433823952361143572e+00 6.936862936477019140e-07 -4.741842962392089689e+00 1.342498400414300680e+09
8.505341143324761160e-04 -1.944684499505566322e+00 -2.348003860391116859e+00 1.096563762699001931e-06 -4.331157488761549601e+00 1.342498400414636374e+09
8.496541111692549339e-04 -1.940760792187803840e+00 -2.396217184810710776e+00 2.846420466868901952e-07 -5.244615402773297852e+00 1.342498400415349007e+09
8.481127721357736545e-04 -1.945336277376079392e+00 -2.359612052082837863e+00 4.048076562594410603e-07 -5.124301786199692010e+00 1.342498400416204691e+09
8.579695298933363336e-04 -1.935761465305214646e+00 -2.368711209382876159e+00 1.073394330539101043e-06 -4.353597207268151692e+00 1.342498400417291403e+09
8.500431685714123419e-04 -1.945051388061568964e+00 -2.336087579949035931e+00 3.754595497500018360e-07 -5.126643891946944365e+00 1.342498400417444944e+09
8.587108320749378644e-04 -1.932535800675338589e+00 -2.365001038709247272e+00 3.651847592724322623e-07 -5.110669587881277565e+00 1.342498400417757988e+09
8.477513848529983145e-04 -1.944217044711307185e+00 -2.320913210771313739e+00 1.062990642472054814e-06 -4.311405140466981756e+00 1.342498400418553114e+09
8.527980403490573093e-04 -1.940636164582733691e+00 -2.386026066498556641e+00 1.175191029272471180e-06 -4.154058555272201581e+00 1.342498400420006037e+09
8.492243404231724930e-04 -1.942808768117251228e+00 -2.402971847247537873e+00 7.037220621562083535e-07 -4.551221491372468009e+00 1.342498400420332193e+09
8.545192961446907830e-04 -1.935028031718190711e+00 -2.473610801254513269e+00 7.002361617816322358e-07 -4.614684455074792524e+00 1.342498400420866251e+09
8.501197733971667132e-04 -1.941754188210947474e+00 -2.370728263278779391e+00 1.333237800168036414e-06 -4.081887284383650893e+00 1.342498400421810150e+09
8.530894464411697487e-04 -1.941107427537492214e+00 -2.289944458771377533e+00 8.352798917491968045e-07 -4.475178938083859137e+00 1.342498400422662735e+09
8.516234440853911016e-04 -1.940927287191683170e+00 -2.349836820906157531e+00 1.692319532982765423e-07 -5.625316793321038844e+00 1.342498400423341990e+09
8.585602961021442884e-04 -1.931670224082722376e+00 -2.407726060790266409e+00 4.912800363457938561e-07 -4.856788586950441022e+00 1.342498400423877001e+09
8.567761389774494057e-04 -1.936266168952363920e+00 -2.433422482083550609e+00 7.053794566754874599e-07 -4.557139503786009627e+00 1.342498400424792528e+09
8.578427449680029121e-04 -1.935077549091253069e+00 -2.319869318576894379e+00 8.187024086042819260e-07 -4.559313623637230251e+00 1.342498400424950838e+09
8.495339917296594124e-04 -1.940133175362674711e+00 -2.363972899257186455e+00 3.130913815405886426e-07 -5.229796977031861971e+00 1.342498400424989939e+09
8.509644282168431217e-04 -1.940089110392310134e+00 -2.301516149462357053e+00 3.323030899969584271e-07 -5.267120764039942671e+00 1.342498400426028013e+09
8.585670342446205614e-04 -1.932562309560030167e+00 -2.393101831166912774e+00 3.341108773757601443e-07 -5.175380008858381231e+00 1.342498400426080465e+09
8.552123769645672514e-04 -1.934217616848792787e+00 -2.338708850849008591e+00 2.603649827565780374e-07 -5.324393788510594305e+00 1.342498400426607609e+09
8.496933448445898387e-04 -1.941693862707203788e+00 -2.373075207372688400e+00 2.944718016441583233e-07 -5.353039867189761658e+00 1.342498400427435398e+09
8.577294447838602421e-04 -1.933857333404175982e+00 -2.425229717750094771e+00 1.377975259492013397e-06 -4.153410174377659914e+00 1.342498400427525282e+09
8.556126182590634722e-04 -1.936230366545491632e+00 -2.409561217414875944e+00 3.718848329367247074e-07 -4.996684323604483779e+00 1.342498400427662373e+09
8.545611146801909003e-04 -1.938100080644994616e+00 -2.310334631367611635e+00 3.050252897876234157e-07 -5.324885665168365811e+00 1.342498400428986311e+09
8.561080389082697910e-04 -1.933770733169311029e+00 -2.373564690700124213e+00 8.562756652941714586e-07 -4.555872050463811718e+00 1.342498400429236650e+09
8.487898174302496495e-04 -1.945086481815551549e+00 -2.396446497233554851e+00 6.170882899131685016e-07 -4.813868206000138095e+00 1.342498400429467201e+09
8.476361391978195310e-04 -1.946920347150952857e+00 -2.342151771153157203e+00 6.118822760415469608e-07 -4.775515104276943035e+00 1.342498400430712223e+09
8.498386362566680155e-04 -1.943399288752627019e+00 -2.447442665904157710e+00 4.225979376951357131e-07 -4.979146027686776499e+00 1.342498400431548357e+09
8.574337473553336536e-04 -1.932501250292840922e+00 -2.449697934908133590e+00 5.056808689661066531e-07 -4.899180452891843451e+00 1.342498400431763411e+09
8.584185155681791930e-04 -1.932375432558595785e+00 -2.342409223464116952e+00 5.918544551342381618e-07 -4.711006885629480223e+00 1.342498400432317734e+09
8.531551851215154201e-04 -1.941755951429890326e+00 -2.311208547939067603e+00 1.080489358254283112e-06 -4.318597806041103659e+00 1.342498400433299541e+09
8.517962268837830702e-04 -1.943217413700686347e+00 -2.363002821474639248e+00 1.277488133374505549e-06 -4.230702588233634209e+00 1.342498400433691263e+09
8.483935574130053135e-04 -1.942768575930800434e+00 -2.409889736390003367e+00 4.071309526610745192e-07 -5.008883534538652427e+00 1.342498400434666157e+09
8.503380477944773221e-04 -1.942278577315900812e+00 -2.318721822608417416e+00 5.712542840600538012e-07 -4.908291197923047022e+00 1.342498400436960220e+09
8.512286092747618164e-04 -1.937800045497632739e+00 -2.330209172000010653e+00 6.187489741615902643e-07 -4.741609121340214728e+00 1.342498400439334154e+09
8.538416658658147832e-04 -1.937043540021449406e+00 -2.352070506272148975e+00 1.195648701215163722e-06 -4.119181526667349047e+00 1.342498400440247059e+09
8.503110584390129309e-04 -1.941793996418900603e+00 -2.285220169654039513e+00 2.464384409551523958e-07 -5.439463774028990173e+00 1.342498400440770626e+09
8.529431809800040905e-04 -1.937417991903242376e+00 -2.496765191073437862e+00 5.633586410043655850e-07 -4.759075223519611875e+00 1.342498400440819979e+09
8.547452405399313599e-04 -1.938669545409741790e+00 -2.433695449595426386e+00 3.037550701986198807e-07 -5.316644282909789965e+00 1.342498400440906048e+09
8.555295991092461009e-04 -1.937097320525697164e+00 -2.385136636306143920e+00 1.522906903576800226e-06 -4.127082588356326909e+00 1.342498400441153765e+09
8.541351508102882012e-04 -1.936443986016149088e+00 -2.356046415459523313e+00 1.387499123597591219e-06 -4.027865302045736229e+00 1.342498400441620827e+09
8.518302012847264433e-04 -1.938845708971508985e+00 -2.455862409920016365e+00 7.836864520190312345e-07 -4.612918096093702403e+00 1.342498400441947937e+09
8.539406560421904883e-04 -1.936218574892202060e+00 -2.317439200663082399e+00 1.146549813605424756e-06 -4.314493123284737663e+00 1.342498400441992044e+09
8.563549933949996494e-04 -1.934013940987231450e+00 -2.401941956641171938e+00 8.268860316001196835e-07 -4.593627883341278917e+00 1.342498400442537069e+09
8.571014387197660065e-04 -1.932620965063900575e+00 -2.431809416450593897e+00 4.404683689682265624e-07 -5.005441638040995400e+00 1.342498400445482492e+09
8.527368169043735621e-04 -1.941766695748527560e+00 -2.346116105739016078e+00 2.942599890617958204e-07 -5.253131556907455035e+00 1.342498400445631504e+09
8.492559840527855869e-04 -1.944113320578453985e+00 -2.364592536902849318e+00 1.265829261207186554e-06 -4.155584878396615167e+00 1.342498400445646048e+09
8.530189253409923992e-04 -1.942192711119926196e+00 -2.360994452434944435e+00 1.191153515129702940e-06 -4.256699115992054416e+00 1.342498400446537018e+09
8.563144103123484976e-04 -1.933798349270812178e+00 -2.463397250328244859e+00 6.169023382422400766e-07 -4.662647876048611195e+00 1.342498400446812153e+09
8.513307665196314820e-04 -1.940123568016189015e+00 -2.320817554093317359e+00 1.615814836229544851e-07 -5.681010275821551936e+00 1.342498400447645426e+09
8.517152288823918397e-04 -1.938913901404010875e+00 -2.386819534929483844e+00 1.226794108215914060e-06 -4.272915868295673825e+00 1.342498400448454618e+09
8.488412524611547647e-04 -1.943361890553593430e+00 -2.382595831841068268e+00 2.310122555816113114e-07 -5.481910594916810098e+00 1.342498400449595451e+09
8.566558329711158057e-04 -1.935712910816476118e+00 -2.345979888448606498e+00 7.442145356360575852e-07 -4.492898361743998592e+00 1.342498400452786207e+09
8.575081597176899099e-04 -1.936703677264461465e+00 -2.372037648903981832e+00 9.098090525337588384e-07 -4.455333498356120359e+00 1.342498400453970909e+09
8.557709672940241223e-04 -1.935363764995402525e+00 -2.311041041599538381e+00 1.425070820876164897e-06 -4.091387886977235766e+00 1.342498400454065800e+09
8.513997664093140216e-04 -1.940720751221508555e+00 -2.378925012014443841e+00 5.091900612310365793e-07 -4.748194733062061523e+00 1.342498400454105377e+09
8.537634480607619999e-04 -1.940019477376935475e+00 -2.355361980939204347e+00 2.936285142120082429e-07 -5.360127247584275167e+00 1.342498400454844952e+09
8.532560120310075285e-04 -1.940254799924711282e+00 -2.304444045720817957e+00 2.476036057340413144e-07 -5.400579910061931166e+00 1.342498400455011845e+09
8.486387146757216806e-04 -1.942384366777393234e+00 -2.308286947996060157e+00 6.122993670735292132e-07 -4.662207890120140696e+00 1.342498400455351114e+09
8.567359897318369217e-04 -1.934611278756992014e+00 -2.295051857113481031e+00 4.929732769447238232e-07 -4.897211808593656457e+00 1.342498400455677986e+09
8.481969794651681056e-04 -1.943238627193381474e+00 -2.409389732737990286e+00 6.923821485124027014e-07 -4.662635288811485701e+00 1.342498400456197023e+09
8.568057761226220963e-04 -1.933711301339416933e+00 -2.488620962372439127e+00 7.539200580125556909e-07 -4.603074170450989655e+00 1.342498400456970215e+09
8.513536367862877680e-04 -1.941866051370950919e+00 -2.291735496924401705e+00 2.451402707407063938e-07 -5.395734318513070171e+00 1.342498400457225561e+09
8.499330608869519292e-04 -1.944183743678702614e+00 -2.398710712616500373e+00 2.928369902607697407e-07 -5.287445378484626701e+00 1.342498400458768845e+09
8.572279625754714895e-04 -1.933531604338661003e+00 -2.400136470647162845e+00 4.287783013263842242e-07 -4.908119091447849414e+00 1.342498400459254265e+09
8.520280727190130028e-04 -1.939280890520850509e+00 -2.311843196301380576e+00 1.613811084477203418e-06 -4.000319029878468768e+00 1.342498400459272146e+09
8.537298532278786607e-04 -1.937976638464396384e+00 -2.413648872747884866e+00 1.545775724260383131e-06 -3.963793109994278474e+00 1.342498400459279299e+09
8.538358212629850808e-04 -1.937677589617747387e+00 -2.348083444703080502e+00 1.539568525071818082e-07 -5.726782701686321531e+00 1.342498400459641457e+09
8.555400168246183159e-04 -1.938421111680802777e+00 -2.310627256041772437e+00 4.589376192666086999e-07 -5.002850776333158223e+00 1.342498400460053682e+09
8.585249748047723249e-04 -1.934365163942037391e+00 -2.399419590207871877e+00 6.391927044080688789e-07 -4.668085519080357848e+00 1.342498400460133314e+09
8.560355422613811962e-04 -1.934130905748827178e+00 -2.442690466133526250e+00 2.809287953292866370e-07 -5.269411558622739022e+00 1.342498400461012840e+09
8.562608066723648289e-04 -1.932605116538802736e+00 -2.393888423258694331e+00 4.983478587333094810e-07 -4.878515227611615046e+00 1.342498400462494850e+09
8.512610398092409396e-04 -1.942214593907548137e+00 -2.323034656899579442e+00 9.097891629873056534e-07 -4.347691961090934143e+00 1.342498400462705374e+09
8.538460758263364311e-04 -1.940405219075223675e+00 -2.436543632280472771e+00 3.338932183914183793e-07 -5.203479888535073705e+00 1.342498400463205338e+09
8.577582226575414075e-04 -1.933566197118516516e+00 -2.479240838386873591e+00 6.430914218519036412e-07 -4.662376338227457673e+00 1.342498400464857340e+09
8.504398539396149093e-04 -1.941458923500253286e+00 -2.471613279928927209e+00 8.954933118239675257e-07 -4.448219889956199324e+00 1.342498400466116190e+09
8.572793622019410364e-04 -1.934917694123610143e+00 -2.385010320664908257e+00 1.580186451087666223e-06 -3.986458073518593714e+00 1.342498400466378212e+09
8.507293002063424708e-04 -1.941632958133932885e+00 -2.473488580183517804e+00 3.585487966148616047e-07 -5.105371452759377426e+00 1.342498400467024326e+09
8.498808172653797349e-04 -1.945357653743203130e+00 -2.315933864059235514e+00 5.937818735746363947e-07 -4.806573867355888652e+00 1.342498400467254162e+09
8.490578710754603103e-04 -1.943189449836422167e+00 -2.400641384495258990e+00 2.349924830622912489e-07 -5.446680467633296274e+00 1.342498400467671156e+09
8.545904742373321454e-04 -1.935194493197936794e+00 -2.466257492946491325e+00 6.199528071574449034e-07 -4.763947865408358240e+00 1.342498400468613863e+09
8.476237464529663181e-04 -1.943576317684706734e+00 -2.366369296777694586e+00 6.318514913316754891e-07 -4.683286889000942921e+00 1.342498400468993902e+09
8.565617727667461422e-04 -1.935063790447512311e+00 -2.463156522511928959e+00 2.885966625432890945e-07 -5.301243148581888498e+00 1.342498400469015598e+09
8.531991474627751868e-04 -1.936930303913978024e+00 -2.474005374763044163e+00 3.269675612629241246e-07 -5.198889205481174614e+00 1.342498400469225168e+09
8.515025982998242551e-04 -1.940059208094159882e+00 -2.303766682615767891e+00 1.276135978718671469e-06 -4.111728313305208715e+00 1.342498400470079660e+09
8.508193228655713553e-04 -1.940994071970091994e+00 -2.352501105490596878e+00 4.974492311231120705e-07 -5.008137924256354623e+00 1.342498400470558405e+09
8.483507279252784248e-04 -1.944184928067568041e+00 -2.407169925066376059e+00 3.120788840686578976e-07 -5.232818919062973251e+00 1.342498400471354723e+09
8.550768954782005668e-04 -1.939093519623818151e+00 -2.476623969800008318e+00 7.072176967957436292e-07 -4.641382659840801672e+00 1.342498400474071264e+09
8.570911414880045100e-04 -1.936171443415230620e+00 -2.445574267985986872e+00 6.067261579729315470e-07 -4.700594398145776509e+00 1.342498400474719524e+09
8.500172718065004875e-04 -1.941123156137124051e+00 -2.431098889994798284e+00 3.598880147309690228e-07 -5.067100827340937030e+00 1.342498400475106001e+09
8.516842849000640569e-04 -1.939281458516677770e+00 -2.484702809726819339e+00 4.559150143822626746e-07 -4.995120244870342674e+00 1.342498400476289749e+09
8.510416893858157661e-04 -1.940298799137452290e+00 -2.267232004933997125e+00 4.615516816820534915e-07 -4.978563150564195183e+00 1.342498400476977348e+09
8.480550636463632559e-04 -1.943282469708961901e+00 -2.316605691453733407e+00 6.318293443679459935e-07 -4.781140279884314559e+00 1.342498400477405310e+09
8.573577258855826508e-04 -1.935236378325601692e+00 -2.384963895945838797e+00 1.014004159589249798e-06 -4.280897899546921792e+00 1.342498400478430986e+09
8.550772090538012737e-04 -1.939255279905154783e+00 -2.317707782014245321e+00 8.531165007770690463e-07 -4.459354855035236653e+00 1.342498400479017019e+09
8.503650933371407041e-04 -1.943304852029568819e+00 -2.424632148801442622e+00 8.924121387078370668e-07 -4.408757841237362918e+00 1.342498400479061127e+09
8.506451743003402453e-04 -1.942240504084509656e+00 -2.320601901864703720e+00 1.588744493534279442e-06 -3.990337077373704133e+00 1.342498400479556322e+09
8.482342721582844178e-04 -1.946007934695882069e+00 -2.380299325619312789e+00 6.206176850495796189e-07 -4.721720265708922781e+00 1.342498400479871750e+09
8.568495563677971244e-04 -1.934308470549398917e+00 -2.494148763809982405e+00 4.681806304774556473e-07 -4.903865128342021151e+00 1.342498400480989933e+09
8.572340499059639225e-04 -1.933244380137108198e+00 -2.437482402078866794e+00 6.196609282150192171e-07 -4.649580757013620058e+00 1.342498400481666327e+09
8.531075586080946521e-04 -1.939377243718960475e+00 -2.309522306793367896e+00 1.329497361802952713e-06 -4.235002512937859009e+00 1.342498400482908487e+09
8.570159645691279460e-04 -1.932243666671954019e+00 -2.381374531260424643e+00 8.446655116957280616e-07 -4.480664070411140898e+00 1.342498400483828545e+09
8.565322156516564896e-04 -1.932588075334379818e+00 -2.376228787438123380e+00 4.304542294153551867e-07 -4.949533780394684612e+00 1.342498400484131813e+09
8.504910056430814739e-04 -1.944347472120222076e+00 -2.322117714722425230e+00 7.819675869778496007e-07 -4.521885240036065845e+00 1.342498400484574795e+09
8.542668236368858086e-04 -1.938437195132306501e+00 -2.412299270308095878e+00 2.166545101997156777e-07 -5.543545516512653926e+00 1.342498400485843658e+09
8.500806979964989438e-04 -1.943524833458861067e+00 -2.272276470888368927e+00 4.740313079430882768e-07 -4.970099952002066779e+00 1.342498400487319708e+09
8.534867860234623353e-04 -1.940199548699904852e+00 -2.457600698485569612e+00 5.594060516628132600e-07 -4.747451592552160093e+00 1.342498400487551451e+09
8.525014415888497715e-04 -1.941368102296392673e+00 -2.422879393714810092e+00 4.383280242548996501e-07 -4.919202354269929245e+00 1.342498400487642527e+09
8.547520547654650219e-04 -1.938075630788563375e+00 -2.375840836179511584e+00 3.814049969263396148e-07 -5.193884358232951470e+00 1.342498400487897396e+09
8.477558566275224467e-04 -1.946214086476588889e+00 -2.319460912297199862e+00 5.835542063116005696e-07 -4.746416078717285103e+00 1.342498400488538742e+09
8.565911304009853370e-04 -1.935255644046072643e+00 -2.397072909643235494e+00 2.796389606185659473e-07 -5.372080964714854190e+00 1.342498400488724709e+09
8.583935935764732848e-04 -1.932609746981133636e+00 -2.419873519543973561e+00 1.133641553842712127e-06 -4.278488690318906329e+00 1.342498400489037991e+09
8.521310421540066347e-04 -1.942842336942254944e+00 -2.362351336014293590e+00 8.889690174323840944e-07 -4.422023976139461077e+00 1.342498400490313768e+09
8.495137998646608160e-04 -1.942026393425114295e+00 -2.288569038768945241e+00 2.644672490057651825e-07 -5.319591887468501312e+00 1.342498400490506887e+09
8.500471139701625597e-04 -1.940528747271263343e+00 -2.322570755609090654e+00 7.293916846811790946e-07 -4.684526001227367509e+00 1.342498400490754604e+09
8.586581411923570589e-04 -1.932898632781359094e+00 -2.366957286562026308e+00 4.438196757992844282e-07 -4.938314903823732394e+00 1.342498400492498875e+09
8.539106778207456458e-04 -1.936969725029657141e+00 -2.475978531366442859e+00 5.825991403391197977e-07 -4.845271873302194443e+00 1.342498400493575811e+09
8.504474402719703003e-04 -1.943316452873385058e+00 -2.401861924324896869e+00 3.728149719386236199e-07 -5.188589957239344130e+00 1.342498400493873596e+09
8.550823043890675096e-04 -1.935417214156881061e+00 -2.423835952167241903e+00 6.185951558301986914e-07 -4.817800562047551693e+00 1.342498400493928432e+09
8.561685332340257613e-04 -1.935763122328544750e+00 -2.418428971166747932e+00 3.637813000615797683e-07 -5.031534695250611477e+00 1.342498400495417118e+09
8.558226353214830372e-04 -1.933937105704579329e+00 -2.467145040037288073e+00 4.573171892507213177e-07 -4.960943252954018945e+00 1.342498400496639013e+09
8.505551126368114624e-04 -1.942721989812317585e+00 -2.316386142761142075e+00 5.538328743336589038e-07 -4.927783177537453874e+00 1.342498400497208118e+09
8.486857498511345913e-04 -1.943899204307879991e+00 -2.406531060299944347e+00 4.519242849636982513e-07 -5.033117262453580487e+00 1.342498400498636723e+09
8.553364450726256164e-04 -1.938212967020165767e+00 -2.460857378827491448e+00 5.909366380204187383e-07 -4.714555311594462950e+00 1.342498400498891830e+09
8.513547354567353558e-04 -1.940525504816765556e+00 -2.380697301121458498e+00 1.254902631774333124e-06 -4.105346251634154342e+00 1.342498400499658108e+09
8.533015525366475064e-04 -1.938016571099350216e+00 -2.394192801012803073e+00 1.748340205455954765e-06 -3.912969373105844362e+00 1.342498400500504971e+09
8.481291891165329642e-04 -1.944187633108946489e+00 -2.279131772434268566e+00 5.522005933016684699e-07 -4.787650254065297872e+00 1.342498400500564814e+09
8.497009734260835539e-04 -1.939820002344770700e+00 -2.338364625876551806e+00 4.993596359089941937e-07 -4.844541291319243825e+00 1.342498400500598431e+09
8.490832953917726083e-04 -1.945869040623821489e+00 -2.320554094171806803e+00 5.921394768202976878e-07 -4.766230316034224757e+00 1.342498400500799417e+09
8.542254555574359731e-04 -1.940243130618165557e+00 -2.340729171621455329e+00 7.591926557081112920e-07 -4.679622341177636535e+00 1.342498400502932787e+09
8.496232689289779164e-04 -1.945008495949725358e+00 -2.345107400324364377e+00 1.049175508743930124e-06 -4.398128214058321106e+00 1.342498400503034592e+09
8.557573525201163551e-04 -1.935378694674609878e+00 -2.420034928037390287e+00 1.525566206523922988e-06 -3.998207543473362158e+00 1.342498400503295898e+09
8.582847340353877679e-04 -1.932612781978773508e+00 -2.340408876715635689e+00 9.632067453043931003e-07 -4.374504198827349200e+00 1.342498400503709078e+09
8.515261306909230549e-04 -1.943146386852047103e+00 -2.442242671159115641e+00 7.447155528867204898e-07 -4.609275741698862561e+00 1.342498400503865004e+09
8.535899075145094795e-04 -1.941799584048771621e+00 -2.345816126898954579e+00 8.236749490857615787e-07 -4.563439060381850432e+00 1.342498400504112005e+09
8.532717051820378276e-04 -1.941398156048392831e+00 -2.411049252448713709e+00 1.247569653162263831e-06 -4.211428703674519269e+00 1.342498400504149437e+09
8.527751632337305212e-04 -1.939775942075891768e+00 -2.419374684393480468e+00 9.487839891108362405e-07 -4.518147779342564618e+00 1.342498400504677773e+09
8.527499752989777318e-04 -1.939715649834526046e+00 -2.376762576927143211e+00 1.650163148085361478e-07 -5.706809647739140345e+00 1.342498400507087708e+09
8.532463701773254205e-04 -1.937045830695130588e+00 -2.342512583698544315e+00 4.305729450866219957e-07 -4.876181918209225863e+00 1.342498400508038759e+09
8.535719591014442236e-04 -1.935773947685460294e+00 -2.440697289508599432e+00 7.336249043174779829e-07 -4.570733759792379836e+00 1.342498400508058310e+09
8.542516742889083364e-04 -1.934641983827404932e+00 -2.367606322407929564e+00 7.846966612994660003e-07 -4.500603000014136157e+00 1.342498400508870602e+09
8.515117268794433541e-04 -1.941759038506702506e+00 -2.441003066963436829e+00 1.311835055363285742e-06 -4.159820009870873747e+00 1.342498400509764910e+09
8.509936404441678344e-04 -1.939712275357054816e+00 -2.391882700894111924e+00 3.140424395935173410e-07 -5.133020122748156666e+00 1.342498400510555267e+09
8.552968470643139464e-04 -1.936691243429278675e+00 -2.411569653129082891e+00 9.839077006626933740e-07 -4.272640892620354514e+00 1.342498400511164427e+09
8.558239407904570618e-04 -1.936659860362284880e+00 -2.407289520195287746e+00 4.132711021197824443e-07 -5.124946730631748437e+00 1.342498400511662483e+09
8.557909120663269135e-04 -1.936815534240580838e+00 -2.320651980163374706e+00 1.107442439011942823e-06 -4.376447825533585245e+00 1.342498400512053013e+09
8.570784780259514462e-04 -1.933858260348109814e+00 -2.441593909846995203e+00 1.245361007394928982e-06 -4.171584367619656675e+00 1.342498400512846947e+09
8.562137880733860455e-04 -1.932706268899385016e+00 -2.368888325213449608e+00 5.116328086464082219e-07 -4.865172061821660954e+00 1.342498400513116360e+09
8.562489778573725407e-04 -1.934474312317817413e+00 -2.347922757832513252e+00 1.040945424179833655e-06 -4.244317875610345681e+00 1.342498400514075518e+09
8.537262780830207672e-04 -1.936369025299013114e+00 -2.385176564872140137e+00 1.147158221843685647e-06 -4.321903091177036416e+00 1.342498400514435291e+09
8.575393619845609683e-04 -1.932611675107693827e+00 -2.427745471621007844e+00 4.268839336327133834e-07 -5.029880217616561566e+00 1.342498400514598846e+09
8.497667215539744020e-04 -1.943810843071539285e+00 -2.270412953975787573e+00 6.611854061962380700e-07 -4.708435246201645441e+00 1.342498400516136646e+09
8.518079274369587178e-04 -1.942147360250026100e+00 -2.390726535616644277e+00 8.240547807761973278e-07 -4.436790614810250943e+00 1.342498400517277002e+09
8.555289902508485906e-04 -1.935532989265584591e+00 -2.342251927164382241e+00 5.012214358536741108e-07 -4.983615944912871853e+00 1.342498400517858982e+09
8.556719724623772401e-04 -1.938935484274144416e+00 -2.373908994219895874e+00 4.317616282739234398e-07 -5.015363899390255398e+00 1.342498400519056797e+09
8.553263702975884937e-04 -1.937526962212018811e+00 -2.343439480405403508e+00 1.780844786078021053e-06 -3.939308351154770627e+00 1.342498400519065619e+09
8.480806508044399323e-04 -1.943269846057022132e+00 -2.287629053296575510e+00 4.022520287329158412e-07 -5.066510389770813916e+00 1.342498400519068718e+09
8.482616851195523468e-04 -1.943104462255031750e+00 -2.384677480073169598e+00 4.804832755806260441e-07 -4.863491429802383692e+00 1.342498400520323515e+09
8.514532575246623559e-04 -1.941142160940221739e+00 -2.467656996378442269e+00 3.896290911383374874e-07 -5.022270167701273103e+00 1.342498400521185875e+09
8.561619480926680988e-04 -1.933951636650950823e+00 -2.400858797670880840e+00 4.125770887865590076e-07 -4.934302092434360354e+00 1.342498400522391796e+09
8.553847539977466660e-04 -1.938140582219096686e+00 -2.470388310268764265e+00 1.035919613218964158e-06 -4.395523569006224207e+00 1.342498400524128914e+09
8.536999594148163371e-04 -1.938186103986732745e+00 -2.436136963265673749e+00 5.114237138294272933e-07 -4.761752194174750485e+00 1.342498400524298191e+09
8.590928003140208859e-04 -1.933262610768992751e+00 -2.404094716251451658e+00 6.732274791413773305e-07 -4.660187166538142911e+00 1.342498400525262833e+09
8.514282671753915050e-04 -1.943071718032745920e+00 -2.285385608202450847e+00 6.168902831841959778e-07 -4.738625561629194571e+00 1.342498400525463104e+09
8.559547407423813035e-04 -1.938681866598674031e+00 -2.359476214030129082e+00 6.035903481865010498e-07 -4.740431929946465672e+00 1.342498400525801897e+09
8.523946143609766133e-04 -1.941052612292151647e+00 -2.394949577673955776e+00 7.793418968329513799e-07 -4.676878953966912889e+00 1.342498400526453972e+09
8.525036866758590841e-04 -1.940895785608559798e+00 -2.467949561396488356e+00 1.175932109660344711e-06 -4.269515703433269138e+00 1.342498400527724504e+09
8.569161556769842088e-04 -1.935660874258555708e+00 -2.337267758587770583e+00 1.415478365011399176e-06 -4.141056784319461670e+00 1.342498400527989864e+09
8.503003069070498099e-04 -1.940025213495055301e+00 -2.305510971172593404e+00 1.013226703007289227e-06 -4.368769990333737141e+00 1.342498400528319120e+09
8.533834518711530016e-04 -1.937309153433564690e+00 -2.344123653574375243e+00 1.527240732690374962e-06 -4.077629713008139589e+00 1.342498400529967785e+09
8.556246821840181836e-04 -1.937192868117324940e+00 -2.336099558366182993e+00 1.677522087784571470e-06 -3.996063120029496929e+00 1.342498400530812740e+09
8.508484323695006315e-04 -1.939253796356619874e+00 -2.338093207782036664e+00 1.167703960546644385e-06 -4.224250320755502663e+00 1.342498400531416416e+09
8.543010990253957580e-04 -1.937734510527084675e+00 -2.383320343532709717e+00 1.460278030908210694e-06 -4.161245220885968266e+00 1.342498400531646967e+09
8.571423895185483572e-04 -1.934745428935349398e+00 -2.463275691697478287e+00 1.153794890863488217e-06 -4.289755152178576836e+00 1.342498400531780481e+09
8.481958594753416384e-04 -1.944248675037786311e+00 -2.405668881267099213e+00 7.950507815150074566e-07 -4.571449277754240370e+00 1.342498400532102108e+09
8.554676256886123041e-04 -1.937078754417751458e+00 -2.404518333321852719e+00 1.302274310426925137e-06 -4.254958188339021063e+00 1.342498400532809019e+09
8.503017862502583978e-04 -1.942439493345238466e+00 -2.368820278407854918e+00 2.010021979691346678e-07 -5.589997785600283819e+00 1.342498400533170700e+09
8.566019728053560385e-04 -1.934355898079203939e+00 -2.343115014227329596e+00 3.880824162604987832e-07 -4.986898970488659266e+00 1.342498400533754349e+09
8.524622642639695510e-04 -1.938926522188864965e+00 -2.369450370564898822e+00 1.921372759415163625e-07 -5.634646314887479690e+00 1.342498400534201384e+09
8.476752779659637140e-04 -1.944849053769079683e+00 -2.329512269614932407e+00 4.393451951822154882e-07 -5.055726549413070536e+00 1.342498400534567595e+09
8.509587706101580081e-04 -1.941916913593445537e+00 -2.346224527505298418e+00 2.497751628589275963e-07 -5.319042430881334660e+00 1.342498400535390377e+09
8.543491544085101905e-04 -1.937847352303170068e+00 -2.466949056392718997e+00 1.392449909119020297e-06 -4.137258595444905929e+00 1.342498400536061287e+09
8.502137606382041690e-04 -1.939421441304997273e+00 -2.383481681830254661e+00 4.227296359543812181e-07 -4.961927249316676836e+00 1.342498400536195993e+09
8.522485675154339553e-04 -1.938007781067598412e+00 -2.403392699652704412e+00 2.434741404943517531e-07 -5.451737754136197545e+00 1.342498400536537409e+09
8.487820240043007910e-04 -1.945090195343567085e+00 -2.288255408264983970e+00 7.414160787361694551e-07 -4.653529022976050200e+00 1.342498400536944389e+09
8.511289552609404858e-04 -1.942473443634143537e+00 -2.449404033046862494e+00 1.081338126229980826e-06 -4.344037988409109374e+00 1.342498400537118435e+09
8.487217397974166667e-04 -1.943431672683107125e+00 -2.390559237191786313e+00 2.995523057578564740e-07 -5.220876367365645088e+00 1.342498400541569233e+09
8.553009692439334042e-04 -1.934931054424143815e+00 -2.487560348934960697e+00 5.535995249727288791e-07 -4.771182626954290740e+00 1.342498400542347193e+09
8.539958214583609399e-04 -1.938225267043024669e+00 -2.383144520908968111e+00 5.729444509677900303e-07 -4.661304094800108544e+00 1.342498400543799639e+09
8.559890391714590789e-04 -1.937403724138791361e+00 -2.306616251273892804e+00 4.512374068928982689e-07 -4.959965936170538825e+00 1.342498400545546770e+09
8.572863660546573613e-04 -1.936510185998240985e+00 -2.386937321279338331e+00 5.416111453622870178e-07 -4.806293361807954412e+00 1.342498400545916796e+09
8.548936827756932044e-04 -1.940094701929644394e+00 -2.401036162048286293e+00 8.275689654509887126e-07 -4.523705229954824603e+00 1.342498400546316862e+09
8.490436701066641232e-04 -1.944580194675034734e+00 -2.307661393181279053e+00 6.765454966588188119e-07 -4.605173293003300472e+00 1.342498400547589064e+09
8.562597931496988618e-04 -1.936419342799486687e+00 -2.438061533679121595e+00 5.615163709295275266e-07 -4.891834824877850707e+00 1.342498400549726486e+09
8.510710071336295268e-04 -1.942681642991975544e+00 -2.453914604821193723e+00 5.054422429118125298e-07 -4.854686479863249637e+00 1.342498400550143719e+09
8.506872206853393964e-04 -1.939675125681618706e+00 -2.311106103680854673e+00 3.745659067864526978e-07 -5.014736521664943325e+00 1.342498400550460577e+09
8.504363985385813554e-04 -1.940083451886729593e+00 -2.413828316989498735e+00 8.340320458588455277e-07 -4.449280410037917299e+00 1.342498400550623178e+09
8.556677274553041706e-04 -1.936921440534616679e+00 -2.338063992238678335e+00 3.730811071551852190e-07 -5.021195847188561601e+00 1.342498400551556110e+09
8.566760757087104683e-04 -1.934244408225338718e+00 -2.393272088671115405e+00 5.481823243026507373e-07 -4.906246829734037362e+00 1.342498400552585602e+09
8.568868041917471114e-04 -1.935653522767071921e+00 -2.452020028745809821e+00 4.663488581679625342e-07 -4.888768930761727916e+00 1.342498400554192305e+09
8.546877568543953703e-04 -1.937521947358765040e+00 -2.458808745424692965e+00 6.758131834774540693e-07 -4.574547213653191058e+00 1.342498400554644346e+09
8.528191025452256692e-04 -1.939229747649806823e+00 -2.385020328168908410e+00 1.769220716464181585e-06 -3.901094107833131375e+00 1.342498400556998730e+09
8.501108490617263671e-04 -1.941047761665474436e+00 -2.349722340697216527e+00 7.751998486539785588e-07 -4.458467667577239446e+00 1.342498400557619572e+09
8.542248999715111590e-04 -1.936390887897667890e+00 -2.412278872815516007e+00 8.932869636068418477e-07 -4.539337400314914284e+00 1.342498400558592319e+09
8.511275824436709009e-04 -1.939401652203998294e+00 -2.310529964784096890e+00 2.276985328817735562e-07 -5.482929501764398417e+00 1.342498400559672117e+09
8.576065461835418770e-04 -1.932901013429100923e+00 -2.369658991199830922e+00 1.227887347607142076e-06 -4.198332651711117691e+00 1.342498400560805559e+09
8.569562463926700194e-04 -1.937096079058514553e+00 -2.375290767309934381e+00 6.958115237632302081e-07 -4.710364825413509315e+00 1.342498400561313152e+09
8.485625050871508940e-04 -1.942908203810058909e+00 -2.362717656045903336e+00 2.989468087460085205e-07 -5.311789196685673176e+00 1.342498400561839342e+09
8.558999913576936618e-04 -1.937066234582912161e+00 -2.497082723164631091e+00 9.016571610772615943e-07 -4.471594152136586509e+00 1.342498400561971903e+09
8.544095224094210451e-04 -1.938830238690279373e+00 -2.298371081963489715e+00 4.949876956761806484e-07 -4.841421497295692156e+00 1.342498400562357187e+09
8.577180436434941359e-04 -1.932894013352187912e+00 -2.432517193925889387e+00 5.869339490517683842e-07 -4.707431748828898144e+00 1.342498400562497854e+09
8.567977355977945530e-04 -1.936406602477229288e+00 -2.457607234221002912e+00 1.022651358978760882e-06 -4.339278732339497680e+00 1.342498400565641880e+09
8.555434150811851938e-04 -1.936953192988376982e+00 -2.476776991103890602e+00 1.214479138376444421e-06 -4.252321542914161867e+00 1.342498400565737963e+09
8.573914149618297540e-04 -1.934987717592515866e+00 -2.390443823305007598e+00 4.266461263094833410e-07 -4.938409113999478350e+00 1.342498400566297293e+09
8.561742268442550964e-04 -1.937119996592935323e+00 -2.314799774086726103e+00 1.211003333408817750e-06 -4.227837208697605931e+00 1.342498400567200184e+09
8.509614944305560810e-04 -1.943742553159391706e+00 -2.327312431171247642e+00 4.268729927787296507e-07 -5.080330934134616783e+00 1.342498400567890406e+09
8.554111539534225333e-04 -1.938484786605822352e+00 -2.451696815893328107e+00 4.234592378591531348e-07 -5.030960126306079694e+00 1.342498400568019629e+09
8.509748553148969259e-04 -1.943275912846536224e+00 -2.295777327975228044e+00 1.122742620399195916e-06 -4.304473624257455278e+00 1.342498400568203449e+09
8.514284720056855072e-04 -1.938329239914117208e+00 -2.386617236291348476e+00 2.437648902248735468e-07 -5.393959389623624645e+00 1.342498400568546057e+09
8.500704976231877440e-04 -1.941926408791573300e+00 -2.322511797494001051e+00 1.112772733329280292e-06 -4.367956742353589661e+00 1.342498400571090221e+09
8.516597401923383564e-04 -1.943365424981655210e+00 -2.311550564397778285e+00 5.160619502406959094e-07 -4.876764471995406858e+00 1.342498400571471691e+09
8.565735869712952583e-04 -1.933718452418214051e+00 -2.471493374699760270e+00 5.108170189359682831e-07 -4.889308702271057960e+00 1.342498400572562695e+09
8.526283393349769158e-04 -1.941800284057353387e+00 -2.328337105390748007e+00 2.992210670577235562e-07 -5.279094543796950312e+00 1.342498400573782206e+09
8.539351943954484169e-04 -1.939359068356971694e+00 -2.340138941013280682e+00 1.447309957862711643e-06 -4.166219465150129864e+00 1.342498400574050665e+09
8.535977830588511528e-04 -1.939135677358486909e+00 -2.365966574244233289e+00 2.025862223449292825e-07 -5.495578717574330696e+00 1.342498400574510336e+09
8.552965515191534446e-04 -1.936514349929625789e+00 -2.420795872970604279e+00 1.479395709409520920e-06 -4.011671819685101781e+00 1.342498400574715137e+09
8.546289827053754791e-04 -1.938254263709175751e+00 -2.448460628239505166e+00 2.869241729448500830e-07 -5.336570450680397926e+00 1.342498400574735165e+09
8.575864319818986281e-04 -1.932159914338004381e+00 -2.393152678402064915e+00 8.735619056800427015e-07 -4.456760683141913759e+00 1.342498400574771166e+09
8.548491011905608953e-04 -1.938212765412693939e+00 -2.459017898733253826e+00 5.979847882364440751e-07 -4.843592782972088173e+00 1.342498400574915886e+09
8.519287004198211610e-04 -1.940838274132435926e+00 -2.356507577901131523e+00 7.558281487894536238e-07 -4.703909861712995522e+00 1.342498400576506376e+09
8.536957133896083639e-04 -1.938914124280041174e+00 -2.466074634673819599e+00 1.279190753159796988e-06 -4.156554687499124157e+00 1.342498400577554941e+09
8.555522258847830840e-04 -1.933929708127009039e+00 -2.341339581836901385e+00 9.977347835992511013e-07 -4.339570800292667840e+00 1.342498400578219414e+09
8.567567599256955798e-04 -1.932875173326177975e+00 -2.360021608424134332e+00 3.710372077285956643e-07 -5.062961882409798164e+00 1.342498400579384327e+09
8.504772997346591668e-04 -1.942407847850033731e+00 -2.448521055493698917e+00 1.011715623021539638e-06 -4.395370054860841869e+00 1.342498400579823971e+09
8.502433932955027031e-04 -1.941957306411020934e+00 -2.319110279978520595e+00 3.091323551665901873e-07 -5.153611867355019527e+00 1.342498400579834700e+09
8.474618480701039255e-04 -1.943671818153860364e+00 -2.345341358969412759e+00 5.124280685335496761e-07 -4.882093576062903395e+00 1.342498400581327677e+09
8.514243286670567174e-04 -1.940773945938107925e+00 -2.426840546931381404e+00 4.151211539559730056e-07 -4.935369071479744463e+00 1.342498400581547737e+09
8.558268374624922181e-04 -1.933363562068858510e+00 -2.416795789202357714e+00 6.522609924559425267e-07 -4.693977115319492910e+00 1.342498400582324982e+09
8.546915290694229086e-04 -1.937994888140383676e+00 -2.303836364063803543e+00 8.005411063323085306e-07 -4.460910010564765216e+00 1.342498400583278894e+09
8.539610841127848575e-04 -1.939205367793479962e+00 -2.309334981639158180e+00 6.187853582564856462e-07 -4.647541775123348984e+00 1.342498400583497047e+09
8.540725709883528359e-04 -1.941073876928904651e+00 -2.372102841294472686e+00 6.207830467118693213e-07 -4.786530867378169241e+00 1.342498400583572388e+09
8.522939165571944602e-04 -1.938679133781546993e+00 -2.407055568054845995e+00 3.426991658423830607e-07 -5.246737093869369595e+00 1.342498400588301659e+09
8.565506390635746047e-04 -1.934470073999123407e+00 -2.484082591238495841e+00 5.863300893683535475e-07 -4.724214273092955274e+00 1.342498400588911772e+09
8.572713143846163748e-04 -1.935785760517973353e+00 -2.335867663451980381e+00 9.135068588885873412e-07 -4.501441837867006690e+00 1.342498400590150595e+09
8.547906592598309913e-04 -1.936457534643345024e+00 -2.351903180981048003e+00 2.553035681856045483e-07 -5.291208793144542177e+00 1.342498400590399742e+09
8.515119787566013737e-04 -1.942905145529006283e+00 -2.307141513650716291e+00 1.089624956008568814e-06 -4.291556673362741492e+00 1.342498400591462135e+09
8.566708648523636838e-04 -1.934988581941674113e+00 -2.328861360179283135e+00 5.755315835984632319e-07 -4.864212049975822794e+00 1.342498400591564178e+09
8.532925487212144776e-04 -1.940726430033663963e+00 -2.335438048843371917e+00 1.060372173191770807e-06 -4.424837715368678204e+00 1.342498400591851473e+09
8.501231564384468782e-04 -1.941284884606268468e+00 -2.388210602739599508e+00 2.504581882907325436e-07 -5.329846811955854413e+00 1.342498400591923237e+09
8.560949069116889285e-04 -1.936558180603972446e+00 -2.348982267036525684e+00 1.654734109223771676e-06 -3.983719079996717483e+00 1.342498400591966629e+09
8.584007949857531657e-04 -1.934291746179082949e+00 -2.403615501445033775e+00 7.809596201912132122e-07 -4.524140495768641301e+00 1.342498400592913628e+09
8.535948094065341470e-04 -1.937893102114160326e+00 -2.399027947545572026e+00 4.598857642971433504e-07 -4.828204869891353113e+00 1.342498400593131304e+09
8.546378033730958005e-04 -1.936016829352742441e+00 -2.360971171137386637e+00 1.461387058137371122e-06 -4.015918311559916631e+00 1.342498400593373775e+09
8.503989260171638132e-04 -1.941275344603064168e+00 -2.401568038600360389e+00 4.449394920809143271e-07 -4.878978090123215594e+00 1.342498400593885183e+09
8.518309222322898106e-04 -1.939626413702693286e+00 -2.285187133025572415e+00 3.358952443508711060e-07 -5.233040497805459879e+00 1.342498400593939781e+09
8.504587017429305913e-04 -1.942906884217926677e+00 -2.412993275769032664e+00 2.990937827654165794e-07 -5.317368531937804121e+00 1.342498400594561577e+09
8.482863195543270804e-04 -1.943705403502781870e+00 -2.313406398135454456e+00 1.023103112967012261e-06 -4.336641609814271270e+00 1.342498400595238447e+09
8.513229219348647731e-04 -1.940376091701166761e+00 -2.473747851379362039e+00 4.467365232929850193e-07 -5.019993757888243202e+00 1.342498400595590353e+09
8.531188867362560777e-04 -1.938407028034200286e+00 -2.412119660469219884e+00 1.316434675225976222e-06 -4.081513841184328584e+00 1.342498400595772028e+09
8.476621348670442934e-04 -1.944593193813858756e+00 -2.363877654710308196e+00 4.785334442117927900e-07 -4.976045653426435678e+00 1.342498400598128319e+09
8.509652904473485402e-04 -1.940711843923907276e+00 -2.452343161513076630e+00 8.496001188843015389e-07 -4.441448862215834126e+00 1.342498400598144531e+09
8.514828984321493998e-04 -1.940825702674654707e+00 -2.487333964253224394e+00 8.545656113697236568e-07 -4.489781817995250890e+00 1.342498400598648787e+09
8.533869676839970922e-04 -1.937482652617032564e+00 -2.400186244305128724e+00 1.865950403964071284e-07 -5.563918729670677799e+00 1.342498400598996401e+09
8.501790394468046073e-04 -1.944195602913385112e+00 -2.331982422962778134e+00 3.075212321644185836e-07 -5.245539477293008623e+00 1.342498400599076033e+09
8.506117069210007188e-04 -1.942950926143705681e+00 -2.279536865093868325e+00 3.857344343693258378e-07 -5.087402412222748360e+00 1.342498400599553585e+09
8.486570654318296080e-04 -1.945703548606759536e+00 -2.362419512086567863e+00 8.037249648582035720e-07 -4.534911491724508359e+00 1.342498400599808455e+09
8.514609884827219546e-04 -1.938240300955720308e+00 -2.412931974986831651e+00 7.072714116830276118e-07 -4.652119587685991320e+00 1.342498400599903822e+09
8.533081900319064396e-04 -1.936670694303621598e+00 -2.333331764781030326e+00 2.189857094023251150e-07 -5.448589563125590729e+00 1.342498400600218773e+09
8.492116643347128900e-04 -1.942168621586015220e+00 -2.316916286009261583e+00 5.911502598076155636e-07 -4.677443166690714804e+00 1.342498400600919247e+09
8.569117589469677941e-04 -1.936568490888466609e+00 -2.326891188399407451e+00 5.417244606364380459e-07 -4.820403208934386008e+00 1.342498400600996971e+09
8.514765941592697352e-04 -1.942380312276907883e+00 -2.407085453641092165e+00 4.788732481502486388e-07 -4.880968938284955705e+00 1.342498400836291313e+09
8.500146963738193506e-04 -1.941521484345027471e+00 -2.376364391316371893e+00 5.984871727665015209e-07 -4.773027911852981475e+00 1.342498401279264927e+09
8.511609110678526732e-04 -1.939829581635306610e+00 -2.295336650369654841e+00 3.047600300251953526e-07 -5.241095382852041240e+00 1.342498400845222235e+09
8.501715666276489242e-04 -1.942339438004634822e+00 -2.433307197074587425e+00 3.637126148023986240e-07 -5.161164325188352109e+00 1.342498400746182442e+09
8.531418863889834482e-04 -1.937766858142692561e+00 -2.418257118731418132e+00 1.029241542276737263e-06 -4.302255619828430966e+00 1.342498400963559628e+09
8.548269029822769954e-04 -1.937470052177150404e+00 -2.347520250717658463e+00 7.717607165822340103e-07 -4.461202190424920389e+00 1.342498400742846489e+09
8.554047383378183319e-04 -1.936057764392297598e+00 -2.356891435029234927e+00 1.080359890721269564e-06 -4.318608650239214697e+00 1.342498401250672102e+09
8.554047383378183319e-04 -1.936057764392297598e+00 -2.356891435029234927e+00 1.080359890721269564e-06 -4.318608650239214697e+00 1.342498401250672102e+09
8.552339203540192895e-04 -1.936853517697512128e+00 -2.335729040398649481e+00 6.435516452133507651e-07 -4.634994115038259643e+00 1.342498401091578007e+09
8.552339203540192895e-04 -1.936853517697512128e+00 -2.335729040398649481e+00 6.435516452133507651e-07 -4.634994115038259643e+00 1.342498401091578007e+09
8.544071288391261697e-04 -1.936004540346668801e+00 -2.347660150913120969e+00 4.430135827601702129e-07 -5.030613085989291022e+00 1.342498401024075031e+09
8.544071288391261697e-04 -1.936004540346668801e+00 -2.347660150913120969e+00 4.430135827601702129e-07 -5.030613085989291022e+00 1.342498401024075031e+09
8.552505331232249271e-04 -1.935409334119307267e+00 -2.395871319202193206e+00 5.578715401859224413e-07 -4.729371032535222952e+00 1.342498401012755871e+09
8.538615694817853260e-04 -1.937842639413411394e+00 -2.294008460633406354e+00 3.700927233421360677e-07 -5.092348214594854205e+00 1.342498400903513432e+09
8.556002654803845095e-04 -1.936510390016103367e+00 -2.420660843565350273e+00 8.645579119066064153e-07 -4.402889433897565041e+00 1.342498400850079775e+09
8.551570630201460119e-04 -1.938240963470664990e+00 -2.327659244695721608e+00 1.081030107087108396e-06 -4.373582619995200815e+00 1.342498400837108135e+09
8.555832194548986273e-04 -1.937015280832496522e+00 -2.456084001047658560e+00 6.360527152726448012e-07 -4.639066335900821514e+00 1.342498400636677742e+09
8.559572054129622109e-04 -1.935184995573105748e+00 -2.326040493186992908e+00 5.767270313509199597e-07 -4.697891248052389557e+00 1.342498400718041420e+09
8.522688965242419899e-04 -1.938843697519768039e+00 -2.416723862789102117e+00 6.876214860789366974e-07 -4.644133307015922085e+00 1.342498401310504675e+09
8.526384353231537903e-04 -1.938141494370012374e+00 -2.326980510013987313e+00 7.550912336133420030e-07 -4.568962203155672697e+00 1.342498401351584435e+09
8.552369594765764187e-04 -1.936642887641204069e+00 -2.416775236628903922e+00 4.304986047451741271e-07 -4.953057050885188772e+00 1.342498401151280165e+09
8.552369594765764187e-04 -1.936642887641204069e+00 -2.416775236628903922e+00 4.304986047451741271e-07 -4.953057050885188772e+00 1.342498401151280165e+09
8.520616313984112969e-04 -1.941660879970726450e+00 -2.298557055669502525e+00 3.929138819285716066e-07 -5.043540953950392591e+00 1.342498400766453981e+09
8.552077474437625631e-04 -1.935628775134226709e+00 -2.345872837259641575e+00 4.107291388539132064e-07 -5.060673427558277204e+00 1.342498401198765755e+09
8.552077474437625631e-04 -1.935628775134226709e+00 -2.345872837259641575e+00 4.107291388539132064e-07 -5.060673427558277204e+00 1.342498401198765755e+09
8.536692084967912719e-04 -1.935824675435761755e+00 -2.345251076734170326e+00 7.951412553889783459e-07 -4.519245212888652219e+00 1.342498400888965845e+09
8.525447069469984469e-04 -1.940421724925246894e+00 -2.409221073720623885e+00 1.235301694789231056e-06 -4.259676937387739670e+00 1.342498400921241760e+09
8.549565334805111008e-04 -1.938899831257520079e+00 -2.421601250792904114e+00 5.663967931531124313e-07 -4.855315078969958620e+00 1.342498400891244411e+09
8.555942789747361015e-04 -1.934761081034350294e+00 -2.352938730642794685e+00 3.488597324063983041e-07 -5.093907359571321791e+00 1.342498400880575895e+09
8.513560314688742173e-04 -1.941150123923558235e+00 -2.384678108497779725e+00 5.986731047529707162e-07 -4.822687319106274018e+00 1.342498401277373552e+09
8.550516032486227226e-04 -1.938376021509136127e+00 -2.367147840049969254e+00 8.026383723590914817e-07 -4.642246373550769967e+00 1.342498400683773756e+09
8.580165507180015491e-04 -1.934289514410383104e+00 -2.408869584180101775e+00 7.021205733380761582e-07 -4.675290403675264272e+00 1.342498400817169666e+09
8.530551975426324497e-04 -1.938037128179955104e+00 -2.334557977206515478e+00 6.882653758068879395e-07 -4.736093224378045363e+00 1.342498400939243078e+09
8.550651425798076744e-04 -1.934769881033512551e+00 -2.346401798204919231e+00 8.826117016572090684e-07 -4.461915420374499952e+00 1.342498400933423281e+09
8.530913111419582756e-04 -1.940961634792200741e+00 -2.330052397909165407e+00 6.221108437944975195e-07 -4.719201844381487376e+00 1.342498401152717113e+09
8.530913111419582756e-04 -1.940961634792200741e+00 -2.330052397909165407e+00 6.221108437944975195e-07 -4.719201844381487376e+00 1.342498401152717113e+09
8.512594996183400157e-04 -1.941683578278408095e+00 -2.359643365058775366e+00 2.604114708403829173e-07 -5.352622389098177891e+00 1.342498401019394636e+09
8.584145484783932889e-04 -1.933701623088308397e+00 -2.385448917793456136e+00 9.774212799912396257e-07 -4.393909746803152494e+00 1.342498400737150431e+09
8.563778688254490481e-04 -1.937291316778351646e+00 -2.415938439542550942e+00 1.128110669612883288e-06 -4.290487826662372939e+00 1.342498400744369268e+09
8.521069993872291580e-04 -1.939670812572269032e+00 -2.340448436825190548e+00 8.117626363963088133e-07 -4.501142037507091409e+00 1.342498401492672682e+09
8.521069993872291580e-04 -1.939670812572269032e+00 -2.340448436825190548e+00 8.117626363963088133e-07 -4.501142037507091409e+00 1.342498401492672682e+09
8.557115448356596545e-04 -1.934056961710251432e+00 -2.389742271840805010e+00 4.194086332313104431e-07 -5.065227511979651709e+00 1.342498400659396648e+09
8.538195683748722514e-04 -1.941150339312334827e+00 -2.404636452294619531e+00 7.833895192276631643e-07 -4.560646215018152816e+00 1.342498400638188362e+09
8.551542529254432898e-04 -1.936466775058665046e+00 -2.440164492059649248e+00 5.057205509382483253e-07 -4.936021520471071788e+00 1.342498401009947538e+09
8.535451988448784300e-04 -1.939264091761523812e+00 -2.352703871261126789e+00 2.406288633926976658e-07 -5.415624655618652028e+00 1.342498400956357479e+09
8.497879366881713227e-04 -1.944463245013523078e+00 -2.351001934475618782e+00 4.593849435301586220e-07 -4.968286344454241110e+00 1.342498400948996067e+09
8.521586161574042822e-04 -1.939292351688998162e+00 -2.464147948238589958e+00 2.781298522308359687e-07 -5.300777091141636532e+00 1.342498400619957209e+09
8.492970084356278983e-04 -1.943719213721740724e+00 -2.417419849968262646e+00 3.815332051679786326e-07 -5.111392073838286088e+00 1.342498400724664450e+09
8.522599904405803129e-04 -1.938321179547023654e+00 -2.283573662229047674e+00 4.306154515452896787e-07 -4.973791502880548165e+00 1.342498400717320681e+09
8.504785906441063217e-04 -1.940462281828238655e+00 -2.333593225570042229e+00 4.068888958727307368e-07 -5.027183399705924316e+00 1.342498401250478506e+09
8.508347726248390724e-04 -1.940210679815552730e+00 -2.344659881541983459e+00 2.856973435486762001e-07 -5.353709434998662253e+00 1.342498400816170216e+09
8.503830178990151893e-04 -1.944123238111681085e+00 -2.335091900326439873e+00 6.993588077063750768e-07 -4.670946006255309868e+00 1.342498400989232063e+09
8.521982635011050248e-04 -1.940188209513662443e+00 -2.358072681052149733e+00 2.850996755812688071e-07 -5.245617864831651822e+00 1.342498401047170639e+09
8.485837068311417701e-04 -1.943181561318866324e+00 -2.343925401391118157e+00 5.060788438889577176e-07 -4.806743461420388996e+00 1.342498400678487301e+09
8.553047438313263759e-04 -1.935098754024503265e+00 -2.314087217747027303e+00 4.266248593787987870e-07 -4.967403032126398443e+00 1.342498400844550133e+09
8.482260238862649208e-04 -1.945202397677889827e+00 -2.382736733267343698e+00 4.011867119345479562e-07 -5.064666307606511708e+00 1.342498400664587021e+09
8.504939393097056630e-04 -1.942502317599017259e+00 -2.291925862656077673e+00 2.861382865958461965e-07 -5.277108756810109824e+00 1.342498400649221182e+09
8.541852556960748090e-04 -1.939046706285739496e+00 -2.360605701046222471e+00 1.705120990244401936e-06 -3.985737589323157692e+00 1.342498400665225744e+09
8.486267550961827406e-04 -1.943308665890565834e+00 -2.394357213657297478e+00 4.918907433141056394e-07 -4.918760882855043093e+00 1.342498400861706972e+09
8.543641110795672372e-04 -1.937305536287299956e+00 -2.421776229374160927e+00 3.015070267244671370e-07 -5.236876127226354427e+00 1.342498401067986965e+09
8.543641110795672372e-04 -1.937305536287299956e+00 -2.421776229374160927e+00 3.015070267244671370e-07 -5.236876127226354427e+00 1.342498401067986965e+09
8.524526024839554827e-04 -1.941087108810219064e+00 -2.353915548636758004e+00 4.757567379113216250e-07 -4.928658408389162027e+00 1.342498401406356573e+09
8.549353840537459717e-04 -1.934272736486196020e+00 -2.350650615053255343e+00 4.103124758854431428e-07 -5.050935034718937011e+00 1.342498400656488657e+09
8.566900672278831034e-04 -1.935775131757147438e+00 -2.378204106881870672e+00 2.930043605585763833e-07 -5.263785832653389285e+00 1.342498400738568306e+09
8.507846250821204416e-04 -1.941146023735387027e+00 -2.370080988657219834e+00 2.954321624879410056e-07 -5.259881263078729496e+00 1.342498401189836264e+09
8.553992621274356025e-04 -1.935446392157907480e+00 -2.381297596102438074e+00 6.695991211922837862e-07 -4.597812183037823353e+00 1.342498401094379425e+09
8.545919447032685520e-04 -1.938564627115989536e+00 -2.357459826380072343e+00 6.809998282060622924e-07 -4.585635037890820165e+00 1.342498400958059311e+09
8.560165900082635166e-04 -1.936431261272261395e+00 -2.341777809148277711e+00 8.248706473220047282e-07 -4.527722857057140615e+00 1.342498401273967981e+09
8.560165900082635166e-04 -1.936431261272261395e+00 -2.341777809148277711e+00 8.248706473220047282e-07 -4.527722857057140615e+00 1.342498401273967981e+09
8.524427858802169355e-04 -1.938362349730526457e+00 -2.366149645907522636e+00 6.898345832124013785e-07 -4.530368171079079076e+00 1.342498400670154810e+09
8.508106709154337989e-04 -1.939897140021079602e+00 -2.332057762346731788e+00 2.721642211184744276e-07 -5.364838221384352401e+00 1.342498400846720457e+09
8.494098540650378473e-04 -1.943511671493239890e+00 -2.371621503474547588e+00 8.782406867117915459e-07 -4.441826844260447160e+00 1.342498400955875397e+09
8.542673359435477452e-04 -1.935366317573658401e+00 -2.336331067323168309e+00 4.320181638635357233e-07 -5.031836198297532370e+00 1.342498400779725552e+09
8.515732416454705606e-04 -1.938838121670151127e+00 -2.398670563457665050e+00 4.229858759742645716e-07 -5.026251450471685089e+00 1.342498401098203897e+09
8.536513599626884300e-04 -1.938534004126697408e+00 -2.446814040871341245e+00 5.174722275514092034e-07 -4.902036885335130378e+00 1.342498401179402590e+09
8.549288008069284980e-04 -1.936291851466267699e+00 -2.383483801757379617e+00 3.434532596941575143e-07 -5.196298070353345011e+00 1.342498401195688486e+09
8.502961106297083618e-04 -1.943385087344532858e+00 -2.417271009627703471e+00 5.982386149841832949e-07 -4.721816490047861414e+00 1.342498400749555111e+09
8.551945086084521055e-04 -1.935731210638425903e+00 -2.363884509356104946e+00 7.907341547571177740e-07 -4.486048949210346137e+00 1.342498401187644720e+09
8.551945086084521055e-04 -1.935731210638425903e+00 -2.363884509356104946e+00 7.907341547571177740e-07 -4.486048949210346137e+00 1.342498401187644720e+09
8.569224023884308228e-04 -1.934766697572268823e+00 -2.357894535356628296e+00 8.906303809225884752e-07 -4.513178404178737502e+00 1.342498400935929537e+09
8.524769456876772709e-04 -1.940261559497645560e+00 -2.274835335423333937e+00 9.348587798399643640e-07 -4.420125809296870045e+00 1.342498400637952089e+09
8.534258247086879464e-04 -1.938457290475765982e+00 -2.319850388147144393e+00 2.676462005234619914e-07 -5.400151616678860123e+00 1.342498400787000179e+09
8.491909931891810639e-04 -1.942856909056297265e+00 -2.341451082986607979e+00 7.744645661512972971e-07 -4.578033189986694396e+00 1.342498401168199778e+09
8.491909931891810639e-04 -1.942856909056297265e+00 -2.341451082986607979e+00 7.744645661512972971e-07 -4.578033189986694396e+00 1.342498401168199778e+09
8.545080249626457996e-04 -1.937185350740799228e+00 -2.381675609206793442e+00 4.836137738611017433e-07 -4.838750209802721969e+00 1.342498401183057308e+09
8.545540943033412768e-04 -1.936302283068544794e+00 -2.383622476455169004e+00 2.296223924991316431e-07 -5.433546661322593785e+00 1.342498400892516375e+09
8.522962233592376808e-04 -1.939699689418789008e+00 -2.374229909993003318e+00 1.051430169586586267e-06 -4.399590441936084062e+00 1.342498401088930845e+09
8.493791856377785193e-04 -1.942183660071676199e+00 -2.354597387387016294e+00 4.255301864297336549e-07 -4.944302485113166057e+00 1.342498400906424999e+09
8.568261018463905728e-04 -1.934544412809036329e+00 -2.439830223464602099e+00 7.355768264515588762e-07 -4.537754879817108566e+00 1.342498400758108377e+09
8.526587354752054307e-04 -1.937434114744398306e+00 -2.419901063492320148e+00 5.238496424006751126e-07 -4.875659018635830400e+00 1.342498400975158215e+09
8.509596984859291256e-04 -1.939240500912486675e+00 -2.289862777245811554e+00 6.348806008262180496e-07 -4.677049098837761321e+00 1.342498400648743153e+09
8.529665021604059547e-04 -1.937742058402457168e+00 -2.355766368250870713e+00 3.679182506370908878e-07 -5.016067873082480588e+00 1.342498400843405962e+09
8.518613928951356776e-04 -1.939609860664317953e+00 -2.407094817740398351e+00 2.705101085951911258e-07 -5.349501620226249088e+00 1.342498401023095608e+09
8.518613928951356776e-04 -1.939609860664317953e+00 -2.407094817740398351e+00 2.705101085951911258e-07 -5.349501620226249088e+00 1.342498401023095608e+09
8.531573796160553912e-04 -1.938712320568062086e+00 -2.288055352942709675e+00 4.972062563773777562e-07 -4.866962313149051589e+00 1.342498400977969646e+09
8.560041057450053616e-04 -1.934255585638550823e+00 -2.332073110579485853e+00 4.622487309721386536e-07 -4.916395004853589157e+00 1.342498400931442022e+09
8.572337110945129138e-04 -1.933949765726350467e+00 -2.402192887920326481e+00 9.175080095717206031e-07 -4.395832046442963659e+00 1.342498400926538467e+09
8.558896239493180794e-04 -1.935272638046393823e+00 -2.310334396649050603e+00 3.965666921618840116e-07 -5.015244156830384270e+00 1.342498400724629879e+09
8.548509346312271103e-04 -1.937407169153117614e+00 -2.449767407937059271e+00 6.103876655020237771e-07 -4.666192347742163626e+00 1.342498400779997349e+09
8.488389877689196976e-04 -1.942151149591741621e+00 -2.320955981053554051e+00 6.511476955841749139e-07 -4.748512407423119974e+00 1.342498400673979044e+09
8.529960106770734457e-04 -1.939919369682581607e+00 -2.467156078746768788e+00 3.277797375590305086e-07 -5.200825039762699831e+00 1.342498400699483156e+09
8.548478190032819104e-04 -1.935224760555180001e+00 -2.403184880592660555e+00 8.531268677460580246e-07 -4.468276679636677962e+00 1.342498401044066429e+09
8.500795990693912115e-04 -1.942820975795153338e+00 -2.400358667897045883e+00 8.105651535660193164e-07 -4.562123615579571023e+00 1.342498401082502604e+09
8.540587309844708576e-04 -1.939386566376917420e+00 -2.480106142379377321e+00 7.200526992021226438e-07 -4.667295751459214159e+00 1.342498400704889297e+09
8.528199364115238374e-04 -1.937119025703432973e+00 -2.306377303518169608e+00 9.237825443115751879e-07 -4.441016999565920997e+00 1.342498400675122499e+09
8.560178846739516494e-04 -1.937611588783204830e+00 -2.359421461832680755e+00 5.270277357017867196e-07 -4.864994772160670777e+00 1.342498401032399416e+09
8.491012173551145932e-04 -1.944398462456274457e+00 -2.390600518036836153e+00 4.723998942236152232e-07 -4.925740824456910971e+00 1.342498400863983393e+09
8.544318546148740997e-04 -1.936840405087522088e+00 -2.417301545685647035e+00 4.565753606671398048e-07 -4.866038170407100516e+00 1.342498400875958920e+09
8.544816259648370729e-04 -1.939372810712859829e+00 -2.415119027871627466e+00 1.049547225593634958e-06 -4.327258488776323020e+00 1.342498400924961805e+09
8.530063873459195652e-04 -1.940466667586388416e+00 -2.427257371556583276e+00 2.977894163975613402e-07 -5.250275309855435779e+00 1.342498400717803478e+09
8.518573201791085131e-04 -1.939064047549358127e+00 -2.405658693856837171e+00 7.737217822241603093e-07 -4.545324764225732395e+00 1.342498401222053051e+09
8.541138047344296871e-04 -1.937833312100987637e+00 -2.471941316101069930e+00 4.845748252674465604e-07 -4.874110117289175648e+00 1.342498400911473274e+09
8.563445509351051395e-04 -1.936320491796190257e+00 -2.368452199231431798e+00 9.753997405308430876e-07 -4.440954144115030644e+00 1.342498401069173336e+09
8.525355061300733672e-04 -1.940998344196724457e+00 -2.369777134933638063e+00 3.287318370201840534e-07 -5.183201977873527433e+00 1.342498401094425201e+09
8.516800471995770961e-04 -1.938338808435595917e+00 -2.414538355879467524e+00 7.075762206300839204e-07 -4.666964985357894946e+00 1.342498400708794832e+09
8.519979139299225807e-04 -1.941937391240297739e+00 -2.337587829021815722e+00 6.342014822554176803e-07 -4.812994519930259507e+00 1.342498400811120749e+09
8.508832571131190762e-04 -1.941423347472313932e+00 -2.288623395784240344e+00 1.049982580953460967e-06 -4.290387908065551592e+00 1.342498400670240164e+09
8.540180826095617773e-04 -1.938748219442776755e+00 -2.348608123313016716e+00 3.941477139427649629e-07 -5.152218389282602118e+00 1.342498400876723528e+09
8.497120146519887953e-04 -1.943777964123508673e+00 -2.344335066308209647e+00 4.609280265877253230e-07 -4.883854371049075382e+00 1.342498400737206221e+09
8.550554509497695693e-04 -1.935926311403010303e+00 -2.394896570217197151e+00 3.633507239507431418e-07 -5.167510579817213845e+00 1.342498401069769621e+09
8.534544994813791268e-04 -1.938764866449173896e+00 -2.437758488201126283e+00 6.118334344706597429e-07 -4.723869625697740382e+00 1.342498401314603567e+09
8.534544994813791268e-04 -1.938764866449173896e+00 -2.437758488201126283e+00 6.118334344706597429e-07 -4.723869625697740382e+00 1.342498401314603567e+09
8.558887236953834207e-04 -1.937494027547152164e+00 -2.418297747297666778e+00 9.528161418802036133e-07 -4.356393216959034476e+00 1.342498400725617170e+09
8.521100161028642662e-04 -1.939549134634379612e+00 -2.342990814800535837e+00 6.762453305690669996e-07 -4.627126048724448104e+00 1.342498401507406950e+09
8.521100161028642662e-04 -1.939549134634379612e+00 -2.342990814800535837e+00 6.762453305690669996e-07 -4.627126048724448104e+00 1.342498401507406950e+09
8.550094030826979694e-04 -1.937122270268352153e+00 -2.364438258882928690e+00 1.116227919085764156e-06 -4.330942525328760340e+00 1.342498401210611105e+09
8.550094030826979694e-04 -1.937122270268352153e+00 -2.364438258882928690e+00 1.116227919085764156e-06 -4.330942525328760340e+00 1.342498401210611105e+09
8.552868157868335087e-04 -1.936837554823541918e+00 -2.325001426064502219e+00 4.196522354928147108e-07 -4.987350215437102108e+00 1.342498401115793705e+09
8.544225376844967251e-04 -1.938277470079139420e+00 -2.447473028074782953e+00 3.394372921245934622e-07 -5.196376121324725261e+00 1.342498400891768932e+09
8.535723487620704717e-04 -1.940100160869536294e+00 -2.290568448581071781e+00 1.012235642648030534e-06 -4.389174714271868005e+00 1.342498400673244953e+09
8.534420506655599013e-04 -1.938214613881535264e+00 -2.461689322219971832e+00 7.026996492539591749e-07 -4.636605704458495403e+00 1.342498401120253325e+09
8.503504619170990141e-04 -1.941617506400202364e+00 -2.334223785123755945e+00 1.064560061573426278e-06 -4.276757408611958411e+00 1.342498400964557409e+09
8.565679438644142798e-04 -1.935185317902663016e+00 -2.388883810944918640e+00 5.650723019138400232e-07 -4.791147311708787271e+00 1.342498401300475359e+09
8.565679438644142798e-04 -1.935185317902663016e+00 -2.388883810944918640e+00 5.650723019138400232e-07 -4.791147311708787271e+00 1.342498401300475359e+09
8.537490439498667504e-04 -1.940576638957676403e+00 -2.408895260588072240e+00 5.121214683927850469e-07 -4.835534340946953336e+00 1.342498400697686911e+09
8.563320314708890591e-04 -1.934651534354469460e+00 -2.450227849228735266e+00 1.075961002423798260e-06 -4.322205663599926417e+00 1.342498400745488644e+09
8.521716812834770989e-04 -1.942877939826646694e+00 -2.379720998964291123e+00 1.034965369054406295e-06 -4.371003563283706761e+00 1.342498400627066135e+09
8.534377916740796665e-04 -1.936945571306195157e+00 -2.380798850857650972e+00 9.969858848806080436e-07 -4.326919078009780151e+00 1.342498401045231342e+09
8.492959567488983334e-04 -1.941321705125713226e+00 -2.379970714975330637e+00 5.415317950418372393e-07 -4.854008228945188463e+00 1.342498400806081533e+09
8.523693200003694750e-04 -1.939210274683014879e+00 -2.411525401334753127e+00 1.234078352309997966e-06 -4.241388248919712112e+00 1.342498400902189016e+09
8.533909452977858894e-04 -1.938727506679307044e+00 -2.493035740715613180e+00 4.637685960276034460e-07 -4.997931162653172166e+00 1.342498400631418943e+09
8.563362825082500513e-04 -1.936145017729321127e+00 -2.391492430090685684e+00 1.332951868694578751e-06 -4.155274660950350807e+00 1.342498400922561646e+09
8.548563362480119396e-04 -1.939322900026865915e+00 -2.346427084069268698e+00 8.294973841253125916e-07 -4.480462846998621629e+00 1.342498400825686693e+09
8.521853852145695393e-04 -1.938005811360630659e+00 -2.383170984357368738e+00 8.115381557019687120e-07 -4.483312400909783335e+00 1.342498401029151201e+09
8.525158067341658853e-04 -1.938411392881587814e+00 -2.395064675072420268e+00 1.890687024923110220e-07 -5.580308323446575791e+00 1.342498400685329199e+09
8.534123192330808410e-04 -1.936479488727546716e+00 -2.308815078488911876e+00 8.641967765392586296e-07 -4.454407236656884095e+00 1.342498400753097773e+09
8.525242238608908823e-04 -1.939007303154332895e+00 -2.307436390337879839e+00 2.179059188285112082e-07 -5.454417979315683951e+00 1.342498400661588907e+09
8.496034280939035238e-04 -1.942727006654764832e+00 -2.347773890152855092e+00 4.278772754656591740e-07 -5.080068535534439711e+00 1.342498400916111708e+09
8.579376647110180214e-04 -1.933758758485437879e+00 -2.430969840526382875e+00 5.809999150944664452e-07 -4.753217732230627490e+00 1.342498400785662413e+09
8.547329770825554639e-04 -1.939464563561855925e+00 -2.390691127515101488e+00 3.485330111265541621e-07 -5.142753658445308851e+00 1.342498400636359453e+09
8.532602982520880652e-04 -1.941214089645949326e+00 -2.329914978193750486e+00 5.392617862178581905e-07 -4.890184420940362209e+00 1.342498400891718626e+09
8.496258761873106509e-04 -1.942421741486954678e+00 -2.403436425085935912e+00 8.472995006512988893e-07 -4.500451370288726771e+00 1.342498400949473143e+09
8.496258761873106509e-04 -1.942421741486954678e+00 -2.403436425085935912e+00 8.472995006512988893e-07 -4.500451370288726771e+00 1.342498400949473143e+09
8.536155565733032384e-04 -1.936720644002049463e+00 -2.435301687774353407e+00 5.693341835294858109e-07 -4.827238340791971893e+00 1.342498400951955795e+09
8.556557652923545317e-04 -1.934810676994039857e+00 -2.313706445913084053e+00 5.364801984282893195e-07 -4.842809772185844075e+00 1.342498400913691044e+09
8.551902450064038669e-04 -1.936160469387863792e+00 -2.375284376003364617e+00 7.442619139043180234e-07 -4.581859380049766450e+00 1.342498401496664047e+09
8.551902450064038669e-04 -1.936160469387863792e+00 -2.375284376003364617e+00 7.442619139043180234e-07 -4.581859380049766450e+00 1.342498401496664047e+09
8.547373538834086328e-04 -1.937529719058174615e+00 -2.417223545176132138e+00 8.509887397690067112e-07 -4.460617952600170355e+00 1.342498401284693003e+09
8.547373538834086328e-04 -1.937529719058174615e+00 -2.417223545176132138e+00 8.509887397690067112e-07 -4.460617952600170355e+00 1.342498401284693003e+09
8.567281781713408139e-04 -1.936768601706500004e+00 -2.411422037236073734e+00 6.416032099825838632e-07 -4.747411984508135951e+00 1.342498400872552156e+09
8.558590589028895572e-04 -1.937905556380882244e+00 -2.374355434529391129e+00 7.049139482855996094e-07 -4.571516158323901458e+00 1.342498400654349327e+09
8.535745459833573310e-04 -1.937642851983105707e+00 -2.449676112874965117e+00 6.451476348882387411e-07 -4.691135784811692133e+00 1.342498401182526350e+09
8.517686407039549859e-04 -1.938973888386432476e+00 -2.330215027666815431e+00 5.346639746263873371e-07 -4.927912423554042576e+00 1.342498400700262547e+09
8.529973273445100920e-04 -1.939933228327725523e+00 -2.325486438267618805e+00 1.016719021299141342e-06 -4.337047948970703892e+00 1.342498401251954079e+09
8.540648839586099505e-04 -1.937545014747565020e+00 -2.320773780163816191e+00 2.818824710348392034e-07 -5.253584370746657406e+00 1.342498400861062527e+09
8.536845801882632714e-04 -1.938746060157941375e+00 -2.331376347114662462e+00 8.472893352371509961e-07 -4.465879405356520948e+00 1.342498401403748035e+09
8.518800240319023996e-04 -1.938937627804227182e+00 -2.415817755659138033e+00 2.928035165495185245e-07 -5.246674003966772304e+00 1.342498400913066626e+09
8.500644750681281584e-04 -1.941504028888135114e+00 -2.335956580935265592e+00 2.392672106796621901e-07 -5.411029863980910903e+00 1.342498400902925730e+09
8.520545625668222121e-04 -1.939924673429208379e+00 -2.276469861593434896e+00 6.161841365674009785e-07 -4.677856435633019672e+00 1.342498400616934061e+09
8.564789339057526799e-04 -1.936164882145831934e+00 -2.381964720382605982e+00 1.128391512212598269e-06 -4.223369734472033343e+00 1.342498400807986498e+09
8.535321218495503601e-04 -1.939644915531814506e+00 -2.389605242716741351e+00 4.501055049620175586e-07 -4.890880994533266524e+00 1.342498400881371021e+09
8.535376734264641394e-04 -1.936278451142969370e+00 -2.303889509519822187e+00 3.745014001056293707e-07 -5.069586988689998464e+00 1.342498400688681126e+09
8.542506756405241885e-04 -1.938795357980277245e+00 -2.313397886030064576e+00 1.090421153106226342e-06 -4.379701294602964090e+00 1.342498400755350590e+09
8.526478919130983875e-04 -1.938902858239341054e+00 -2.462750271371341171e+00 3.249433971954300200e-07 -5.249085660727801361e+00 1.342498400656825066e+09
8.547510861243961915e-04 -1.938741534511057907e+00 -2.461469580019246095e+00 6.684845796886653163e-07 -4.696680164571853666e+00 1.342498400898858070e+09
8.560534174982402551e-04 -1.935804476271719254e+00 -2.432809371996975667e+00 1.002261615537581224e-06 -4.315156278419348013e+00 1.342498400868004799e+09
8.517847062310050614e-04 -1.939970676525020643e+00 -2.424447101722012832e+00 6.564705788863658556e-07 -4.758874902142478547e+00 1.342498400948854923e+09
8.510000290119936308e-04 -1.942241039198389529e+00 -2.390625011265673283e+00 7.052223012299815618e-07 -4.641335564828820814e+00 1.342498401339178562e+09
8.506176407411346471e-04 -1.942795075336379185e+00 -2.409574041504831676e+00 3.093663914897545108e-07 -5.241888251342345484e+00 1.342498400794578075e+09
8.533649268644128132e-04 -1.937158603880832608e+00 -2.366948881422826556e+00 3.850617926697876738e-07 -5.044598861453303051e+00 1.342498401299311638e+09
8.514399345229203700e-04 -1.940956421478597038e+00 -2.369271681629771642e+00 6.460511094566557287e-07 -4.748891170105561166e+00 1.342498401473133087e+09
8.514399345229203700e-04 -1.940956421478597038e+00 -2.369271681629771642e+00 6.460511094566557287e-07 -4.748891170105561166e+00 1.342498401473133087e+09
8.561585642384171493e-04 -1.933452183793087809e+00 -2.418572165042940814e+00 4.956338723895883723e-07 -4.882901400778482781e+00 1.342498400770604372e+09
8.520089758662930659e-04 -1.941821892657427995e+00 -2.329301609438294562e+00 9.096666540232508469e-07 -4.463985465075158920e+00 1.342498401232386589e+09
8.520089758662930659e-04 -1.941821892657427995e+00 -2.329301609438294562e+00 9.096666540232508469e-07 -4.463985465075158920e+00 1.342498401232386589e+09
8.533905783084605673e-04 -1.938334987790883090e+00 -2.435476981028354526e+00 3.168304356743380719e-07 -5.282303966319757293e+00 1.342498400774707556e+09
8.561557861425729598e-04 -1.936904906935497772e+00 -2.389519311643795607e+00 1.218870688768888086e-06 -4.226634938437120681e+00 1.342498400971841335e+09
8.530615608024959230e-04 -1.940069886049933023e+00 -2.320238716684593694e+00 7.913954513767931520e-07 -4.487369831332810755e+00 1.342498401025103569e+09
8.506658073077108225e-04 -1.941366529682609032e+00 -2.279208574082893790e+00 5.689752594820091917e-07 -4.773162347373858694e+00 1.342498400879140615e+09
8.482257021322290712e-04 -1.945380581104251938e+00 -2.300002218070062110e+00 6.541824228443670135e-07 -4.739155989354125964e+00 1.342498400694718122e+09
8.557481992334081255e-04 -1.934391575669500707e+00 -2.450087281998075017e+00 3.389330186835403095e-07 -5.179701524111762545e+00 1.342498400612317562e+09
8.536094553598830119e-04 -1.935914326428502141e+00 -2.331289328639518654e+00 3.060623122896036863e-07 -5.193440136301665788e+00 1.342498400642449856e+09
8.548680387003481035e-04 -1.937151354861397667e+00 -2.395301835228361487e+00 5.689338634007122128e-07 -4.685894985939105695e+00 1.342498400751707077e+09
8.489174982200812158e-04 -1.942657612389967037e+00 -2.307322750687744950e+00 5.688490188802221330e-07 -4.764069770296194051e+00 1.342498400955955744e+09
8.489174982200812158e-04 -1.942657612389967037e+00 -2.307322750687744950e+00 5.688490188802221330e-07 -4.764069770296194051e+00 1.342498400955955744e+09
8.529951521757817966e-04 -1.938758993100322403e+00 -2.356557358472339381e+00 9.994939361081698619e-07 -4.340391896846051978e+00 1.342498401398602009e+09
8.529951521757817966e-04 -1.938758993100322403e+00 -2.356557358472339381e+00 9.994939361081698619e-07 -4.340391896846051978e+00 1.342498401398602009e+09
8.511274324209543206e-04 -1.942885360888533919e+00 -2.320453463533719507e+00 9.710618225972529960e-07 -4.364461763268659311e+00 1.342498400861145258e+09
8.523379976511314066e-04 -1.938164063749477251e+00 -2.313233451492836767e+00 7.045659297653481252e-07 -4.587109856712406675e+00 1.342498401063360214e+09
8.566729983156678172e-04 -1.934144583863940614e+00 -2.421640175840246823e+00 2.991716827484828989e-07 -5.289810188183217576e+00 1.342498400626574039e+09
8.561481929140546746e-04 -1.935814459340359894e+00 -2.366929562167295664e+00 4.718334032559284308e-07 -4.897702097014372313e+00 1.342498401228674650e+09
8.561481929140546746e-04 -1.935814459340359894e+00 -2.366929562167295664e+00 4.718334032559284308e-07 -4.897702097014372313e+00 1.342498401228674650e+09
8.564613521065329339e-04 -1.934384873797058146e+00 -2.360255833569919304e+00 4.547752067111905946e-07 -4.916580638059389941e+00 1.342498401066763401e+09
8.516005846538962512e-04 -1.942196369808971035e+00 -2.358340832018154920e+00 5.797881554896653626e-07 -4.863632707170376435e+00 1.342498401037568808e+09
8.528546333181253767e-04 -1.939091330140174207e+00 -2.447061350023034709e+00 3.654396980598582153e-07 -5.119142617912533666e+00 1.342498401074122667e+09
8.542724227496419293e-04 -1.936371576436454855e+00 -2.426427937139949087e+00 3.086351628869751193e-07 -5.281834386187801655e+00 1.342498400783315182e+09
8.511860159817166878e-04 -1.940987740022427799e+00 -2.422415942487390339e+00 3.198389438254867199e-07 -5.154599778176322644e+00 1.342498400729561329e+09
8.582411681361418751e-04 -1.934807185798647522e+00 -2.380230188139880187e+00 7.681704044393416022e-07 -4.554053467518189180e+00 1.342498400653845787e+09
8.523968359991826969e-04 -1.937426582733894787e+00 -2.363212906311517703e+00 2.240156597719183495e-07 -5.437401838527417652e+00 1.342498400645300865e+09
8.522543755356811000e-04 -1.938658271471394245e+00 -2.335871359263493652e+00 1.153473018100275791e-06 -4.309613082651627458e+00 1.342498400859412909e+09
8.550126197079822420e-04 -1.935558713751633242e+00 -2.370100564370947183e+00 1.247758273634753447e-06 -4.211592154149798262e+00 1.342498400916847944e+09
8.515793330594696384e-04 -1.941855565508476378e+00 -2.317897516766100452e+00 9.797819709554639132e-07 -4.350504794202775471e+00 1.342498401007640600e+09
8.540483604625657673e-04 -1.936737932676702467e+00 -2.359972702626213614e+00 1.978302611617500857e-07 -5.505146416430983791e+00 1.342498400633320808e+09
8.508138169725960875e-04 -1.940473467630642768e+00 -2.349907510069673577e+00 1.933800948717682932e-07 -5.603716055658752637e+00 1.342498400653202534e+09
8.564815668482768417e-04 -1.935114236327980297e+00 -2.442945477151965861e+00 7.389017199379106037e-07 -4.540575511460283487e+00 1.342498400843942165e+09
8.553836539980455306e-04 -1.935728376798577344e+00 -2.344843519651251817e+00 2.651205444918693812e-07 -5.363086926247342845e+00 1.342498400902259111e+09
8.533017364152332583e-04 -1.938539560870785605e+00 -2.474442983128927853e+00 1.097840662241625474e-06 -4.280786890194672623e+00 1.342498400698044062e+09
8.527103120813551290e-04 -1.940337249897102323e+00 -2.423472880838494881e+00 1.428018526623963219e-06 -4.064484033625243242e+00 1.342498400613992453e+09
8.540982837160724121e-04 -1.940010643551874692e+00 -2.301437247332742242e+00 5.909798641291220713e-07 -4.820650159641047594e+00 1.342498400672237396e+09
8.552910772840216242e-04 -1.935574607314405560e+00 -2.334821295533746177e+00 4.403823461299883926e-07 -5.016203796498448497e+00 1.342498401127662659e+09
8.491241492805989876e-04 -1.944374015759428254e+00 -2.364369867473027131e+00 5.751027400390059678e-07 -4.874016094430701607e+00 1.342498400679916143e+09
8.532098950298184440e-04 -1.938048178575672464e+00 -2.414018139684882325e+00 7.847858880519709120e-07 -4.607200185376919777e+00 1.342498401162940025e+09
8.532098950298184440e-04 -1.938048178575672464e+00 -2.414018139684882325e+00 7.847858880519709120e-07 -4.607200185376919777e+00 1.342498401162940025e+09
8.491140544438373393e-04 -1.942692526666008002e+00 -2.331504286727695163e+00 9.521230258210336348e-07 -4.408145276582183136e+00 1.342498400954315186e+09
8.539068963793211174e-04 -1.936484019995507122e+00 -2.355490823867566696e+00 8.086318172124484451e-07 -4.589990249913644682e+00 1.342498400976832867e+09
8.568319722623748405e-04 -1.936839410638765413e+00 -2.383675936301875797e+00 7.212477600907509019e-07 -4.661226321984681675e+00 1.342498400868629694e+09
8.492254736091900619e-04 -1.944093869417360176e+00 -2.370303200753103301e+00 3.899898855391116620e-07 -5.059703448210767007e+00 1.342498400944147110e+09
8.556796880158413793e-04 -1.938524416721292498e+00 -2.357478456839714021e+00 1.222913162132745593e-06 -4.252886233251489401e+00 1.342498400667160511e+09
8.496736277924485685e-04 -1.942146232047105903e+00 -2.364884363693850577e+00 7.560167809968606170e-07 -4.533205637789764708e+00 1.342498401037607431e+09
8.491443091087821091e-04 -1.941892477068518641e+00 -2.341142611399935181e+00 3.204145878278200809e-07 -5.272182442938023073e+00 1.342498400604790926e+09
8.526023875625229204e-04 -1.939665538768155617e+00 -2.383558035983095458e+00 5.023366259521346183e-07 -4.903946965984271600e+00 1.342498401613889456e+09
8.526023875625229204e-04 -1.939665538768155617e+00 -2.383558035983095458e+00 5.023366259521346183e-07 -4.903946965984271600e+00 1.342498401613889456e+09
8.533477970196222439e-04 -1.938247769166592693e+00 -2.376125391740937509e+00 8.256016058146303172e-07 -4.623126060429340711e+00 1.342498400676010847e+09
8.539305087168929699e-04 -1.940045312413607892e+00 -2.415506495979133028e+00 4.668867062329213907e-07 -5.014098808096464133e+00 1.342498400753048658e+09
8.568206561820442468e-04 -1.935795889140324189e+00 -2.349598359792724356e+00 1.152007352162625383e-06 -4.252728549728324481e+00 1.342498400894356728e+09
8.546557727619973586e-04 -1.937315108372080541e+00 -2.469169433911326372e+00 1.088228128430247404e-06 -4.257313031954752525e+00 1.342498400657911301e+09
8.479150771390305983e-04 -1.945511796121836001e+00 -2.322285267554789812e+00 5.338164599780549329e-07 -4.857817081077552501e+00 1.342498400850358009e+09
8.492709045384945130e-04 -1.943070781666515146e+00 -2.401481642579507358e+00 5.523882869320359474e-07 -4.748190621055274896e+00 1.342498400645447493e+09
8.510574994818005451e-04 -1.941927305818660354e+00 -2.467222193348757475e+00 5.587887153714111230e-07 -4.830096667940432908e+00 1.342498400771477461e+09
8.498645606631119453e-04 -1.941340141200476488e+00 -2.416274109425779137e+00 8.326952832481804686e-07 -4.462622855377118114e+00 1.342498400640372992e+09
8.514662190039243121e-04 -1.939820466744937466e+00 -2.345085422671590258e+00 7.128557234164058325e-07 -4.694255425168430307e+00 1.342498401138992548e+09
8.514662190039243121e-04 -1.939820466744937466e+00 -2.345085422671590258e+00 7.128557234164058325e-07 -4.694255425168430307e+00 1.342498401138992548e+09
8.521959121421966623e-04 -1.938147226486512276e+00 -2.396923638407121526e+00 2.631305204509306765e-07 -5.372196408446039406e+00 1.342498400830354214e+09
8.506385559857705756e-04 -1.941634319027327971e+00 -2.436952059092713618e+00 6.839333573376119921e-07 -4.589369187097647185e+00 1.342498400651692152e+09
8.538318272055080756e-04 -1.936478832532009253e+00 -2.368404991227438305e+00 4.850602644185195965e-07 -4.903421286455666994e+00 1.342498401368521690e+09
8.538318272055080756e-04 -1.936478832532009253e+00 -2.368404991227438305e+00 4.850602644185195965e-07 -4.903421286455666994e+00 1.342498401368521690e+09
8.538757637544855785e-04 -1.938211261023374155e+00 -2.337174412006076896e+00 6.773651357705129612e-07 -4.720377023508832259e+00 1.342498401416929960e+09
8.538757637544855785e-04 -1.938211261023374155e+00 -2.337174412006076896e+00 6.773651357705129612e-07 -4.720377023508832259e+00 1.342498401416929960e+09
8.495190878957054395e-04 -1.941509866167706821e+00 -2.337480132459530680e+00 6.433015847915773547e-07 -4.736076695333681030e+00 1.342498401044842482e+09
8.513937114595015402e-04 -1.941593889344310542e+00 -2.370272214552470835e+00 2.389776298725860404e-07 -5.368258939984125178e+00 1.342498400630064487e+09
8.542849272715606103e-04 -1.939620999367337895e+00 -2.416493994567166848e+00 6.718268608081385637e-07 -4.627535433023212796e+00 1.342498400844136000e+09
8.549372632064700236e-04 -1.936998590489309890e+00 -2.378268301128035223e+00 1.097674914304047499e-06 -4.395106230485380294e+00 1.342498400673533916e+09
8.550360498849217047e-04 -1.936811246728535663e+00 -2.324347532723499921e+00 6.517016857287645064e-07 -4.765328118240423017e+00 1.342498401012535334e+09
8.550360498849217047e-04 -1.936811246728535663e+00 -2.324347532723499921e+00 6.517016857287645064e-07 -4.765328118240423017e+00 1.342498401012535334e+09
8.543662127355262014e-04 -1.936832510953617081e+00 -2.310486846986251841e+00 2.289331758747556231e-07 -5.439746560376987006e+00 1.342498400626028299e+09
8.507601888596852619e-04 -1.939775399490455188e+00 -2.309632279547945810e+00 8.374739198664045604e-07 -4.454762797705716260e+00 1.342498400799821138e+09
8.543382235840299302e-04 -1.939661525291081379e+00 -2.419551877767704529e+00 1.177411793989822425e-06 -4.235266623850207246e+00 1.342498400733648539e+09
8.503045787077430449e-04 -1.940452133479881214e+00 -2.348392732146290296e+00 5.206780399139553343e-07 -4.799386138061938922e+00 1.342498401038449764e+09
8.532955670988286254e-04 -1.936610631982770059e+00 -2.407762434119127715e+00 1.120465486219801302e-06 -4.262546210478593167e+00 1.342498400671256304e+09
8.539846540157960703e-04 -1.937593454722001063e+00 -2.343317125940358014e+00 9.528322700956041507e-07 -4.295579260268791444e+00 1.342498400690781832e+09
8.511843626216272253e-04 -1.941121420692388355e+00 -2.325236243699979166e+00 8.808408627636062320e-07 -4.410612805638412404e+00 1.342498401134729624e+09
8.513079210099182195e-04 -1.941476861959110067e+00 -2.447574631954749780e+00 5.865933731943860347e-07 -4.749777729683684946e+00 1.342498400960522652e+09
8.513079210099182195e-04 -1.941476861959110067e+00 -2.447574631954749780e+00 5.865933731943860347e-07 -4.749777729683684946e+00 1.342498400960522652e+09
8.577424510495784259e-04 -1.932233102669663971e+00 -2.388947696467713655e+00 7.293930697418580416e-07 -4.619843505801640049e+00 1.342498400669490576e+09
8.558074946343720768e-04 -1.936641097154915281e+00 -2.331414056453987804e+00 9.956034673004493873e-07 -4.451055580436904080e+00 1.342498400778063774e+09
8.537213158925555968e-04 -1.937960397442418214e+00 -2.415907384136378067e+00 3.757052559181420648e-07 -5.175594188766178050e+00 1.342498400852275372e+09
8.508669637562329491e-04 -1.941695604995210545e+00 -2.433090148360470995e+00 6.917166818650023610e-07 -4.599619677384297667e+00 1.342498400860383511e+09
8.529285058322075850e-04 -1.938981951572098072e+00 -2.326447986629297304e+00 3.037858536512987084e-07 -5.170706118888542591e+00 1.342498400796267748e+09
8.526255793012139624e-04 -1.939793486908151010e+00 -2.297092169746855372e+00 5.718371376465873726e-07 -4.737447659786109710e+00 1.342498401008970976e+09
8.526255793012139624e-04 -1.939793486908151010e+00 -2.297092169746855372e+00 5.718371376465873726e-07 -4.737447659786109710e+00 1.342498401008970976e+09
8.536555312511329673e-04 -1.937731943979279947e+00 -2.488068505742949466e+00 5.062242677672814696e-07 -4.855681886707309936e+00 1.342498400831533194e+09
8.507225375423001050e-04 -1.941487059417883909e+00 -2.367750940968171403e+00 8.554310269814669165e-07 -4.549573822397787737e+00 1.342498401173698902e+09
8.541416280552604611e-04 -1.936213244603736561e+00 -2.380718994406928690e+00 3.963563739505715636e-07 -5.014399564472081572e+00 1.342498401195341110e+09
8.541416280552604611e-04 -1.936213244603736561e+00 -2.380718994406928690e+00 3.963563739505715636e-07 -5.014399564472081572e+00 1.342498401195341110e+09
8.565662331490516172e-04 -1.933540571981854139e+00 -2.337118126865728396e+00 8.012270792457874949e-07 -4.491478514582322390e+00 1.342498400743890047e+09
8.527350433712204336e-04 -1.940252432264789384e+00 -2.350203152073842006e+00 4.810197374738904238e-07 -4.973376518313521011e+00 1.342498401411919355e+09
8.526484029936043200e-04 -1.938753176004709866e+00 -2.315977451318925961e+00 5.619569434232984279e-07 -4.813762417105806435e+00 1.342498401457850456e+09
8.526484029936043200e-04 -1.938753176004709866e+00 -2.315977451318925961e+00 5.619569434232984279e-07 -4.813762417105806435e+00 1.342498401457850456e+09
8.578107004445231039e-04 -1.934861786764433322e+00 -2.415234716656132985e+00 9.259383154878687104e-07 -4.412914491303577158e+00 1.342498400765302181e+09
8.571062934782681117e-04 -1.932583609345569720e+00 -2.354852725502235788e+00 8.441059126944789782e-07 -4.485505104016079159e+00 1.342498400625008583e+09
8.512663895458002844e-04 -1.942060405242505894e+00 -2.327962549990730601e+00 2.955158537025808287e-07 -5.247837958977783046e+00 1.342498400939545870e+09
8.545581673530662460e-04 -1.935415452572373685e+00 -2.412781550641881712e+00 2.828598183985447855e-07 -5.258221035839028445e+00 1.342498400714945793e+09
8.485786635672722079e-04 -1.943785959982030631e+00 -2.315190551384268325e+00 2.811623935932766559e-07 -5.293418147241684579e+00 1.342498400723760843e+09
8.503634987137190064e-04 -1.942666765615951974e+00 -2.337930629711283181e+00 1.203582435766174468e-06 -4.214493982539749162e+00 1.342498400948577881e+09
8.515202874051459392e-04 -1.942237239731046117e+00 -2.322027765811688127e+00 1.304005648417864730e-06 -4.211558845507595628e+00 1.342498400787159681e+09
8.505320985632312336e-04 -1.941189277313824402e+00 -2.382946863349826749e+00 2.896363082260649335e-07 -5.360220050308022621e+00 1.342498400647335291e+09
8.578784686141992721e-04 -1.933979772762378424e+00 -2.385796959178403398e+00 6.808337092462637091e-07 -4.710806735246218402e+00 1.342498400833953142e+09
8.494090544215574011e-04 -1.941693474063171720e+00 -2.354943491196362704e+00 4.952039770418913522e-07 -4.835406659508253213e+00 1.342498400903357029e+09
8.499795037401552218e-04 -1.942471420576456165e+00 -2.431226443402706217e+00 6.854625706317342222e-07 -4.722091690167959044e+00 1.342498400671519041e+09
8.548039346954727216e-04 -1.937932341234921196e+00 -2.436541201740272555e+00 3.601878152868467146e-07 -5.100064579536420339e+00 1.342498400910289049e+09
8.535611326204540833e-04 -1.941003399293946385e+00 -2.349556355795151319e+00 1.139162417272156527e-06 -4.282307034005081725e+00 1.342498400800556660e+09
8.533148156173891476e-04 -1.940258141163141214e+00 -2.301995264352725723e+00 1.186632112353973603e-06 -4.274849956014096009e+00 1.342498400764554262e+09
8.547691664967544409e-04 -1.939561899800288813e+00 -2.384787668083934165e+00 6.374120371169760629e-07 -4.673474331216644906e+00 1.342498400762628317e+09
8.533765458964729734e-04 -1.938792883967238367e+00 -2.337169668755430418e+00 3.665101037197024224e-07 -5.134013125138569222e+00 1.342498401432286024e+09
8.533765458964729734e-04 -1.938792883967238367e+00 -2.337169668755430418e+00 3.665101037197024224e-07 -5.134013125138569222e+00 1.342498401432286024e+09
8.545678332261601390e-04 -1.935510638578137099e+00 -2.367705571903735873e+00 6.508312674702222959e-07 -4.770176515849440690e+00 1.342498400672404766e+09
8.518402941427817218e-04 -1.940578981566716266e+00 -2.348349867625095566e+00 5.495985253296582823e-07 -4.868152369187442652e+00 1.342498401526634932e+09
8.518402941427817218e-04 -1.940578981566716266e+00 -2.348349867625095566e+00 5.495985253296582823e-07 -4.868152369187442652e+00 1.342498401526634932e+09
8.564057479810377547e-04 -1.935057177107641246e+00 -2.355812272667655360e+00 3.197793313614439708e-07 -5.259522484636920403e+00 1.342498400797035456e+09
8.482221386109113073e-04 -1.942539648940987629e+00 -2.302565259693836630e+00 5.042483712549904799e-07 -4.868698471590927390e+00 1.342498400607521772e+09
8.509334167989325050e-04 -1.941662543085115100e+00 -2.444059094775315799e+00 8.987397227013332850e-07 -4.417983011799162085e+00 1.342498400745522499e+09
8.543951387076102657e-04 -1.935266121097898306e+00 -2.342072750222217614e+00 3.788816431994397237e-07 -5.070096970486160259e+00 1.342498400938826799e+09
8.531961694407953463e-04 -1.938430551162638071e+00 -2.332760970537198553e+00 2.114974164593583599e-07 -5.526651337158691391e+00 1.342498400863659382e+09
8.557271402191752750e-04 -1.938699829406187014e+00 -2.357230778161943707e+00 8.091386283497698188e-07 -4.548333809554195639e+00 1.342498400796709299e+09
8.471833866736536503e-04 -1.945688308678862111e+00 -2.335244852619459799e+00 4.752487297517567945e-07 -4.933383153569342205e+00 1.342498400689316034e+09
8.509973915382001205e-04 -1.940506596727092914e+00 -2.308109244303660823e+00 9.723853602552265289e-07 -4.337367127347408591e+00 1.342498400895054340e+09
8.530339932547020138e-04 -1.937621483764123909e+00 -2.437849908831532186e+00 7.337517873057949741e-07 -4.580633766366751125e+00 1.342498401059494257e+09
8.499782247851082103e-04 -1.942200032658377262e+00 -2.330592331017102836e+00 1.069107338969988463e-06 -4.367919559822945885e+00 1.342498400939708233e+09
8.557658833822163113e-04 -1.936497959166533001e+00 -2.428631847269417054e+00 5.506923079742325408e-07 -4.894229345835066525e+00 1.342498400858358622e+09
8.577907385836996100e-04 -1.934582699911211234e+00 -2.420636889287063109e+00 7.408644859853450581e-07 -4.601563408947207279e+00 1.342498400896828175e+09
8.526727257109269643e-04 -1.938478121492808404e+00 -2.374135818478089188e+00 5.728468403060236033e-07 -4.859515062488902082e+00 1.342498401177381277e+09
8.526727257109269643e-04 -1.938478121492808404e+00 -2.374135818478089188e+00 5.728468403060236033e-07 -4.859515062488902082e+00 1.342498401177381277e+09
8.546457250431060797e-04 -1.939408317861859965e+00 -2.322571903033015861e+00 8.359752139454608208e-07 -4.572986942079397821e+00 1.342498400800909281e+09
8.541371378117098906e-04 -1.939161265404380385e+00 -2.414047622875143073e+00 8.025020244993495097e-07 -4.509015890071809807e+00 1.342498401179290295e+09
8.541371378117098906e-04 -1.939161265404380385e+00 -2.414047622875143073e+00 8.025020244993495097e-07 -4.509015890071809807e+00 1.342498401179290295e+09
8.551382646226621861e-04 -1.934917569076967769e+00 -2.398350453417385175e+00 5.347284970620428061e-07 -4.786938453776526714e+00 1.342498401047460079e+09
8.521488081085979967e-04 -1.940385534046856542e+00 -2.364059171035856721e+00 1.227040164152245987e-06 -4.229137559166922244e+00 1.342498401224935293e+09
8.521488081085979967e-04 -1.940385534046856542e+00 -2.364059171035856721e+00 1.227040164152245987e-06 -4.229137559166922244e+00 1.342498401224935293e+09
8.526200291325303779e-04 -1.939564119403097919e+00 -2.305040249534989094e+00 4.091006068493434994e-07 -5.127256296537910707e+00 1.342498400670122862e+09
8.523272227575442355e-04 -1.942402780107140625e+00 -2.406027220733154781e+00 7.671865114513018268e-07 -4.545812077089157022e+00 1.342498400626625299e+09
8.537201677713318528e-04 -1.939839292431457807e+00 -2.396399231155931453e+00 3.218891156484759819e-07 -5.264574291200062817e+00 1.342498400854410887e+09
8.538833745756519052e-04 -1.939224551353454284e+00 -2.320120856345210925e+00 1.491515535445406089e-06 -4.087136141027199798e+00 1.342498400750311375e+09
8.520405196269622075e-04 -1.939215082202965235e+00 -2.394467159556971314e+00 2.310134437006737779e-07 -5.498501588802223949e+00 1.342498400700517416e+09
8.522187868131623307e-04 -1.940688421658872898e+00 -2.329313802455382554e+00 5.368944970089803950e-07 -4.803475423483694051e+00 1.342498401395200729e+09
8.509517367791193413e-04 -1.943634048156454908e+00 -2.351739706871383895e+00 3.793574798083633428e-07 -5.063996482286223788e+00 1.342498400602779150e+09
8.551323868546461746e-04 -1.936716218290198022e+00 -2.414304525031854887e+00 5.091490813648179155e-07 -4.766568622062551164e+00 1.342498400621535301e+09
8.546162481633290701e-04 -1.939153662706780468e+00 -2.337376193425476867e+00 1.098206362495565225e-06 -4.246439959841792344e+00 1.342498400686824799e+09
8.493551046328900143e-04 -1.943975543470685574e+00 -2.308628149684616382e+00 6.107112675111121054e-07 -4.797325435330851207e+00 1.342498400993778467e+09
8.542332853370788667e-04 -1.938736520345806236e+00 -2.315509893873462399e+00 4.032989448934825391e-07 -5.040726021918006339e+00 1.342498401103822947e+09
8.500429083346605977e-04 -1.942078665321429032e+00 -2.446277797440214119e+00 4.559679251036076569e-07 -4.982909602333140953e+00 1.342498400763769150e+09
8.546229495610563895e-04 -1.939597080596185075e+00 -2.398978782877806637e+00 6.961551860977199301e-07 -4.647128944681925944e+00 1.342498401016785622e+09
8.511078039043911162e-04 -1.941903393352905294e+00 -2.350739248055173647e+00 2.571841837909571004e-07 -5.402295915585764163e+00 1.342498400976498127e+09
8.540662801561270346e-04 -1.938777223069871880e+00 -2.389273968498315526e+00 1.554113648439127115e-06 -4.069891607980099302e+00 1.342498400800864697e+09
8.552830272141279545e-04 -1.935761293589129739e+00 -2.400384587593470620e+00 4.541166887958449420e-07 -4.852441635008535314e+00 1.342498400681128979e+09
8.549448428188878742e-04 -1.937932185211307168e+00 -2.440977172484895430e+00 3.100590680354761940e-07 -5.256688885880699047e+00 1.342498400777772188e+09
8.571540657255951592e-04 -1.934809767987957008e+00 -2.386622369488572204e+00 4.983896145675809828e-07 -4.925626525796035438e+00 1.342498401054256439e+09
8.554297679877424093e-04 -1.938590491539621707e+00 -2.348287077083910823e+00 7.664603869118844032e-07 -4.545587170606537164e+00 1.342498400867993355e+09
8.530393379477418285e-04 -1.938458398223135593e+00 -2.465082659638203388e+00 4.799442364439115532e-07 -4.958756900613401797e+00 1.342498400927700043e+09
8.527870500829246025e-04 -1.938466269689657295e+00 -2.378202362279468129e+00 2.940375866137559800e-07 -5.290531188229089743e+00 1.342498401259470940e+09
8.527870500829246025e-04 -1.938466269689657295e+00 -2.378202362279468129e+00 2.940375866137559800e-07 -5.290531188229089743e+00 1.342498401259470940e+09
8.532616379581296978e-04 -1.937966680438822920e+00 -2.463119870817756407e+00 5.994690999692762868e-07 -4.788326857905421008e+00 1.342498400978641748e+09
8.555887551010549338e-04 -1.936480264361238213e+00 -2.408080781629427847e+00 7.471758750949371101e-07 -4.656024421423658133e+00 1.342498401129586458e+09
8.564145370348890014e-04 -1.936702021583504241e+00 -2.452741358030944507e+00 3.937291408340697132e-07 -5.066484729000864995e+00 1.342498400621508360e+09
8.533083953369404806e-04 -1.936571503628436552e+00 -2.412283862701869896e+00 8.018472972857088045e-07 -4.505138745793868083e+00 1.342498400912164211e+09
8.515810537435636535e-04 -1.940690992843933760e+00 -2.372877591537725372e+00 2.883178291098242171e-07 -5.377403055679211619e+00 1.342498400652057171e+09
8.515866687015493080e-04 -1.939951414040244515e+00 -2.471267318871091856e+00 5.442157753908128081e-07 -4.870296389886037858e+00 1.342498400716565132e+09
8.509615683875580618e-04 -1.942853135707621082e+00 -2.313725763280102932e+00 3.728458569014635055e-07 -5.134285309923718899e+00 1.342498400978554010e+09
8.520043008403619094e-04 -1.938947876610132237e+00 -2.342048515831153033e+00 5.647105117088320903e-07 -4.710584621033920172e+00 1.342498401037924290e+09
8.520043008403619094e-04 -1.938947876610132237e+00 -2.342048515831153033e+00 5.647105117088320903e-07 -4.710584621033920172e+00 1.342498401037924290e+09
8.492763722620608495e-04 -1.941977265181857870e+00 -2.346381055044408637e+00 7.252302495091607091e-07 -4.643724051100986294e+00 1.342498401018733978e+09
8.539676205895070475e-04 -1.936890904215005094e+00 -2.429673406934384605e+00 3.040250271276480402e-07 -5.252673190497056943e+00 1.342498400988316774e+09
8.539676205895070475e-04 -1.936890904215005094e+00 -2.429673406934384605e+00 3.040250271276480402e-07 -5.252673190497056943e+00 1.342498400988316774e+09
8.533495011034610174e-04 -1.937324794742676382e+00 -2.307244810826444059e+00 6.359423657806112358e-07 -4.756516464113332177e+00 1.342498400991043806e+09
8.511129373418150658e-04 -1.943013690961652884e+00 -2.330275079270469618e+00 9.174715037136253328e-07 -4.374203345676527022e+00 1.342498400610003948e+09
8.525810219768014970e-04 -1.940752791552634138e+00 -2.431318084047857209e+00 1.070639938793938802e-06 -4.319597180269655112e+00 1.342498400958605289e+09
8.559674672892064740e-04 -1.936100010710387620e+00 -2.307461181138712902e+00 9.126349155133438697e-07 -4.383310643712500898e+00 1.342498400640237331e+09
8.533847613211649648e-04 -1.939726048670960212e+00 -2.396130870806650659e+00 7.017085008214098960e-07 -4.632110358913713810e+00 1.342498401471461773e+09
8.533847613211649648e-04 -1.939726048670960212e+00 -2.396130870806650659e+00 7.017085008214098960e-07 -4.632110358913713810e+00 1.342498401471461773e+09
8.488893170710362255e-04 -1.945012582806528556e+00 -2.373444448670680273e+00 6.145686686435800428e-07 -4.804246586780397621e+00 1.342498400711534023e+09
8.526954631367545268e-04 -1.940481679463171405e+00 -2.399825896196987607e+00 3.381729454364677190e-07 -5.188799161777663649e+00 1.342498401172332287e+09
8.540977233588775220e-04 -1.938858851624033708e+00 -2.479976231524918973e+00 7.380512185110418100e-07 -4.568344204541960885e+00 1.342498400763013601e+09
8.557516762980416298e-04 -1.935458492834582600e+00 -2.343812799633239408e+00 5.778368102270791705e-07 -4.795396057789222510e+00 1.342498401339713812e+09
8.523108292473509113e-04 -1.939493627049251101e+00 -2.440026943762690248e+00 5.812093244928459986e-07 -4.841356229412798307e+00 1.342498400978757143e+09
8.565692181331510321e-04 -1.934013854876869498e+00 -2.416060915963496925e+00 5.723908839502019630e-07 -4.750217831983631456e+00 1.342498401008854866e+09
8.565692181331510321e-04 -1.934013854876869498e+00 -2.416060915963496925e+00 5.723908839502019630e-07 -4.750217831983631456e+00 1.342498401008854866e+09
8.552983911758426901e-04 -1.934715836549398382e+00 -2.384284617467354206e+00 7.062893711524538618e-07 -4.670813373249833589e+00 1.342498400968082905e+09
8.504980014297579922e-04 -1.942980993192640060e+00 -2.358289538727171841e+00 7.239022352175735661e-07 -4.582739099994309839e+00 1.342498401166716814e+09
8.571571575262433443e-04 -1.932543895147351698e+00 -2.400147873059023329e+00 6.646201857454471354e-07 -4.629599745676769906e+00 1.342498400650816917e+09
8.541173140105974126e-04 -1.939458030447813952e+00 -2.471164879417615090e+00 7.992424588089858929e-07 -4.577009272765518944e+00 1.342498400772079468e+09
8.545263113070719011e-04 -1.936893276388501395e+00 -2.410187540561052444e+00 3.088370992504776644e-07 -5.250522408286165899e+00 1.342498401153394699e+09
8.531951201044803493e-04 -1.941019843022287361e+00 -2.345637191630364438e+00 4.662684637147781645e-07 -5.022945729126611525e+00 1.342498400794689417e+09
8.523222114382260611e-04 -1.939322041728429813e+00 -2.398373360849055835e+00 3.858446888208186853e-07 -5.006054073216125389e+00 1.342498401054534197e+09
8.563228577697060313e-04 -1.935712138877535349e+00 -2.312947913438828440e+00 6.222096323337630091e-07 -4.752641547727134430e+00 1.342498400940966368e+09
8.528217387560768463e-04 -1.937651732964265516e+00 -2.333554966978109491e+00 2.757490837905575811e-07 -5.238538892252027068e+00 1.342498400676369190e+09
8.564425113786730331e-04 -1.935383021774154333e+00 -2.434068066796973184e+00 5.156756640325838919e-07 -4.855815653801613507e+00 1.342498401104874134e+09
8.564425113786730331e-04 -1.935383021774154333e+00 -2.434068066796973184e+00 5.156756640325838919e-07 -4.855815653801613507e+00 1.342498401104874134e+09
8.547962578403082469e-04 -1.937579675794345535e+00 -2.352140787474640948e+00 4.642738476591173575e-07 -4.911916985955715020e+00 1.342498401379267693e+09
8.547962578403082469e-04 -1.937579675794345535e+00 -2.352140787474640948e+00 4.642738476591173575e-07 -4.911916985955715020e+00 1.342498401379267693e+09
8.566389544591817813e-04 -1.935002125566823716e+00 -2.445598687182995334e+00 5.252695112063867947e-07 -4.883411016647131397e+00 1.342498400946519852e+09
8.522975016077378920e-04 -1.941320991191621381e+00 -2.283585485073837074e+00 7.671049677821388400e-07 -4.573450124684308449e+00 1.342498400779774427e+09
8.562336597257135928e-04 -1.935676069747117145e+00 -2.389573359657234608e+00 3.273966270326617760e-07 -5.120247294378035718e+00 1.342498400633597374e+09
8.522007445626368118e-04 -1.939733841420350435e+00 -2.348556648392974289e+00 8.091125331056046273e-07 -4.538960523813148740e+00 1.342498401595105886e+09
8.522007445626368118e-04 -1.939733841420350435e+00 -2.348556648392974289e+00 8.091125331056046273e-07 -4.538960523813148740e+00 1.342498401595105886e+09
8.547432345723830413e-04 -1.937255178301517500e+00 -2.446029545153237894e+00 1.141161860495865270e-06 -4.265921127621746578e+00 1.342498400965393066e+09
8.518812975502735620e-04 -1.939873411420967919e+00 -2.308052802539261261e+00 3.597451714990115486e-07 -5.107255632353846053e+00 1.342498401205861807e+09
8.532339497955061412e-04 -1.940666496822578413e+00 -2.414135017264825489e+00 4.104272673708338190e-07 -5.058226844393453270e+00 1.342498400991134644e+09
8.516708629569938504e-04 -1.940049734716617014e+00 -2.294437981495226708e+00 5.962383395430778813e-07 -4.668542569377150286e+00 1.342498400658678055e+09
8.506022894230524716e-04 -1.939232726188125699e+00 -2.305402361862164184e+00 5.746311329968606163e-07 -4.758095419910283397e+00 1.342498400698519468e+09
8.505214470237102819e-04 -1.943317578232773624e+00 -2.295439775866753074e+00 6.124064030820598016e-07 -4.776834957959783523e+00 1.342498400950198650e+09
8.539186325479214369e-04 -1.936447682465456399e+00 -2.365801378260836252e+00 4.684741279833289137e-07 -5.009829644938765369e+00 1.342498400850882530e+09
8.535642688586480339e-04 -1.937917769169760884e+00 -2.364836537247010817e+00 9.192396873903515279e-07 -4.337140134616899623e+00 1.342498400928754091e+09
8.533104418484015359e-04 -1.941964422390630274e+00 -2.343537139483784504e+00 8.143010099662021581e-07 -4.561395473260774658e+00 1.342498400611541986e+09
8.516504523571193390e-04 -1.939359778442713456e+00 -2.321820628709716505e+00 5.105255151248178644e-07 -4.799861938161792629e+00 1.342498401064904928e+09
8.543106307639993522e-04 -1.938269517030111189e+00 -2.466631693601521569e+00 5.203515915891367977e-07 -4.917092843072705222e+00 1.342498400862293720e+09
8.507877512689903613e-04 -1.942523897826228030e+00 -2.367516168780427144e+00 8.707299764098152735e-07 -4.519215663424638763e+00 1.342498401253221989e+09
8.507877512689903613e-04 -1.942523897826228030e+00 -2.367516168780427144e+00 8.707299764098152735e-07 -4.519215663424638763e+00 1.342498401253221989e+09
8.550388843698501599e-04 -1.935667890490258225e+00 -2.309784914063905958e+00 4.694457052615306296e-07 -4.880179529251761572e+00 1.342498400842971802e+09
8.562440283654472895e-04 -1.935826609072537563e+00 -2.343251050661209867e+00 5.975050079463549203e-07 -4.813244334711280104e+00 1.342498401092007160e+09
8.550100119996723209e-04 -1.936953461555337652e+00 -2.443115614241494704e+00 3.771928776452805637e-07 -5.171477800402891845e+00 1.342498400627923727e+09
8.490567087505430065e-04 -1.943157872194815061e+00 -2.306361064989459475e+00 4.733760862163054380e-07 -4.925568817092155882e+00 1.342498401095130920e+09
8.510919745861741329e-04 -1.941680368973236037e+00 -2.305879627291739453e+00 3.676582856239230633e-07 -5.197206548587745445e+00 1.342498400725449324e+09
8.509050589295595818e-04 -1.942802831317385737e+00 -2.366367246266306790e+00 1.384051838057884755e-06 -4.144796025427377906e+00 1.342498400741521597e+09
8.497601122643691019e-04 -1.943157967686159449e+00 -2.399943178432047741e+00 9.080127254119096086e-07 -4.386357802873478207e+00 1.342498400634275675e+09
8.502487356359248512e-04 -1.940880164534949603e+00 -2.377586662995129441e+00 7.737918744097358474e-07 -4.606396251874436132e+00 1.342498401020566702e+09
8.525172503619972029e-04 -1.938852059645398862e+00 -2.309977376687621486e+00 6.918057878197400792e-07 -4.739859906262887890e+00 1.342498400716701984e+09
8.531081597207158113e-04 -1.938206870408450966e+00 -2.346308889993628632e+00 6.250262202402096287e-07 -4.760942750444032256e+00 1.342498401522158146e+09
8.531081597207158113e-04 -1.938206870408450966e+00 -2.346308889993628632e+00 6.250262202402096287e-07 -4.760942750444032256e+00 1.342498401522158146e+09
8.561296238270390321e-04 -1.934799698541150414e+00 -2.323637317491436427e+00 3.271610365175605023e-07 -5.232697444865369363e+00 1.342498400658947945e+09
8.517875680279625656e-04 -1.940965587562301975e+00 -2.328041954863619090e+00 1.570210736707734990e-06 -4.056094795463007330e+00 1.342498400704975367e+09
8.557257018624696157e-04 -1.934830049988499390e+00 -2.365237980011360097e+00 6.725983673278374648e-07 -4.605079057866647396e+00 1.342498401082264423e+09
8.545592814152506555e-04 -1.937963938620260729e+00 -2.295417514374089585e+00 4.340334278395935826e-07 -4.968705271517826816e+00 1.342498400819465876e+09
8.516491927591873052e-04 -1.940920286041333709e+00 -2.400736095223520827e+00 9.004740655453428315e-07 -4.537448200632711703e+00 1.342498400863454819e+09
8.522898963272515678e-04 -1.939413578434828311e+00 -2.394460449580015915e+00 7.712707920527934044e-07 -4.626178684786088624e+00 1.342498401264476776e+09
8.522898963272515678e-04 -1.939413578434828311e+00 -2.394460449580015915e+00 7.712707920527934044e-07 -4.626178684786088624e+00 1.342498401264476776e+09
8.547399298931878178e-04 -1.936618616105266533e+00 -2.310530616219803601e+00 6.925762940878964253e-07 -4.599974356479667570e+00 1.342498401068300486e+09
8.530687219393353650e-04 -1.940631621567858067e+00 -2.285597895348913333e+00 9.312831823497429351e-07 -4.439072600944148128e+00 1.342498400673395395e+09
8.558427770316528842e-04 -1.934082847683309181e+00 -2.327855557626232308e+00 4.536743771288942287e-07 -4.966931601151497233e+00 1.342498400807960033e+09
8.499938688334165125e-04 -1.943209632673324583e+00 -2.289946674717172836e+00 6.345657177851520802e-07 -4.730098782297866400e+00 1.342498401002331734e+09
8.524263627315523551e-04 -1.941253239741268732e+00 -2.317292255579143312e+00 6.787634646354753417e-07 -4.733349392189442284e+00 1.342498401082271814e+09
8.518602838124213379e-04 -1.938772847305420655e+00 -2.383020789119740357e+00 5.433900575264101109e-07 -4.774741844315348871e+00 1.342498401213063002e+09
8.518602838124213379e-04 -1.938772847305420655e+00 -2.383020789119740357e+00 5.433900575264101109e-07 -4.774741844315348871e+00 1.342498401213063002e+09
8.483824173070628845e-04 -1.942799026371678117e+00 -2.335047800281559560e+00 4.204545350972201348e-07 -5.065782584041231829e+00 1.342498400687006474e+09
8.512633287269970100e-04 -1.943672771229809415e+00 -2.381138167019369423e+00 7.327254306607137731e-07 -4.653705513871467581e+00 1.342498400759300947e+09
8.546062076254379433e-04 -1.936210438068837192e+00 -2.350985783503607873e+00 1.367908002707040930e-06 -4.139951618275525824e+00 1.342498400867212296e+09
8.561322087327335800e-04 -1.937137327309959245e+00 -2.455018537186457905e+00 7.803056830279171877e-07 -4.569579457050923388e+00 1.342498400846001863e+09
8.517061693269613407e-04 -1.939014987237914989e+00 -2.395902808974041065e+00 3.827543057093768670e-07 -5.087643049177694721e+00 1.342498401214372158e+09
8.517061693269613407e-04 -1.939014987237914989e+00 -2.395902808974041065e+00 3.827543057093768670e-07 -5.087643049177694721e+00 1.342498401214372158e+09
8.536621624673322714e-04 -1.935577258809506596e+00 -2.366621825148955693e+00 3.224260094243836080e-07 -5.176657660743025247e+00 1.342498400716029882e+09
8.558324638692129532e-04 -1.934723978710375158e+00 -2.394930096450795798e+00 4.544832700777244652e-07 -4.932460182187334397e+00 1.342498401181779146e+09
8.558324638692129532e-04 -1.934723978710375158e+00 -2.394930096450795798e+00 4.544832700777244652e-07 -4.932460182187334397e+00 1.342498401181779146e+09
8.497980748272777538e-04 -1.941453182936208055e+00 -2.298721461003447875e+00 4.617597652295514557e-07 -4.869405373887390809e+00 1.342498400627966881e+09
8.555706431564545763e-04 -1.937752043907257082e+00 -2.440000584669107297e+00 5.665713642125470314e-07 -4.762930159859889656e+00 1.342498400836555481e+09
8.524957217493835549e-04 -1.938669606231618658e+00 -2.341017579362326018e+00 9.723821760460740740e-07 -4.279321955526864230e+00 1.342498400628683567e+09
8.537802056163781459e-04 -1.939802708974709189e+00 -2.364064797819824815e+00 5.093275401664847414e-07 -4.870636525447878284e+00 1.342498401348149061e+09
8.537802056163781459e-04 -1.939802708974709189e+00 -2.364064797819824815e+00 5.093275401664847414e-07 -4.870636525447878284e+00 1.342498401348149061e+09
8.519246605156413112e-04 -1.937828795449488606e+00 -2.334682321258878979e+00 5.408447763253725442e-07 -4.855479389997780615e+00 1.342498400940014839e+09
8.517086519357961035e-04 -1.938517940186530009e+00 -2.348535036770126538e+00 2.863813337207855639e-07 -5.250729392412962326e+00 1.342498400920636892e+09
8.533257379431840369e-04 -1.936507370172912745e+00 -2.348184096684274191e+00 3.687793011179848633e-07 -5.139549832991062495e+00 1.342498400947429419e+09
8.533257379431840369e-04 -1.936507370172912745e+00 -2.348184096684274191e+00 3.687793011179848633e-07 -5.139549832991062495e+00 1.342498400947429419e+09
8.529267109944171487e-04 -1.937750493648633388e+00 -2.336147166602887904e+00 7.184936156637179787e-07 -4.626489587974386808e+00 1.342498401395419121e+09
8.539527603385228816e-04 -1.939427686957383434e+00 -2.387971524607304108e+00 3.109350081443445791e-07 -5.313522773247155939e+00 1.342498400659707785e+09
8.560283468834733317e-04 -1.936655487972511747e+00 -2.351484488456908828e+00 6.820610592615268068e-07 -4.641341984037785195e+00 1.342498401266958714e+09
8.505207648280955048e-04 -1.941243388704062323e+00 -2.453715746199664149e+00 5.538296956569647184e-07 -4.777108111432228021e+00 1.342498400729153395e+09
8.513555690921287104e-04 -1.940973601279361471e+00 -2.333369858391316498e+00 9.951666960422403841e-07 -4.356011229176763422e+00 1.342498401314524412e+09
8.513555690921287104e-04 -1.940973601279361471e+00 -2.333369858391316498e+00 9.951666960422403841e-07 -4.356011229176763422e+00 1.342498401314524412e+09
8.550979252625208731e-04 -1.937011595545482745e+00 -2.458272232523309508e+00 1.036657629086491270e-06 -4.335937345515698205e+00 1.342498400940979481e+09
8.526542137604829459e-04 -1.942207698249109438e+00 -2.331619923552507689e+00 5.309013427137323749e-07 -4.900491245614583491e+00 1.342498400750112534e+09
8.502598315356812595e-04 -1.942384971827195494e+00 -2.391168331788852797e+00 1.087392388220345118e-06 -4.313257117427815146e+00 1.342498400975728989e+09
8.548190599248160207e-04 -1.938349169534669514e+00 -2.481807513791007835e+00 8.264399062933205850e-07 -4.542332568479678478e+00 1.342498400768855572e+09
8.572761904055269805e-04 -1.935579445387051400e+00 -2.339685936702650348e+00 6.339181353749865802e-07 -4.691171772235516180e+00 1.342498400810796976e+09
8.492896189982312863e-04 -1.942593273082147354e+00 -2.326374006372379011e+00 5.333713772860382450e-07 -4.812236097135506263e+00 1.342498401169712543e+09
8.541240516051161729e-04 -1.938083011978231740e+00 -2.454489073377609909e+00 2.735950410759565932e-07 -5.305583088932992908e+00 1.342498400697491884e+09
8.475455234648356095e-04 -1.944039741542724409e+00 -2.303295112811444056e+00 4.684613217067149266e-07 -4.925138301506700955e+00 1.342498400630371094e+09
8.529988600267893618e-04 -1.936373177621108388e+00 -2.359413127478773298e+00 3.186170602484058645e-07 -5.206956490471544186e+00 1.342498400782213688e+09
8.541772476003546251e-04 -1.936978521052340252e+00 -2.358657651068673200e+00 2.792438540100078088e-07 -5.369016794001129966e+00 1.342498400887943029e+09
8.552712691777296979e-04 -1.938482303308723287e+00 -2.369130226676224638e+00 4.374101326783093307e-07 -4.961125320727589383e+00 1.342498400905601501e+09
8.557277425096329083e-04 -1.935322982586010099e+00 -2.405906349442625380e+00 4.622592999226641052e-07 -4.892452372586943987e+00 1.342498401114520073e+09
8.527529076989713488e-04 -1.937332946086148144e+00 -2.310772489770489102e+00 7.809937136703417452e-07 -4.552606043360474253e+00 1.342498400945160151e+09
8.550582979071929580e-04 -1.938812347352371068e+00 -2.381101472081661008e+00 1.277665060816242617e-06 -4.224730458317755399e+00 1.342498400825961590e+09
8.511045302061728997e-04 -1.943019726060308816e+00 -2.328521932174761666e+00 4.278638338085383723e-07 -5.076164741064159713e+00 1.342498400842690468e+09
8.549354302651930755e-04 -1.935460286373166916e+00 -2.460845166717898991e+00 4.116537473132955141e-07 -4.992423712849170414e+00 1.342498400755719185e+09
8.567476312151977745e-04 -1.936817678921124219e+00 -2.372054720447729359e+00 1.144818067537300136e-06 -4.272882575407940919e+00 1.342498400783182383e+09
8.526223359671837978e-04 -1.937661813068603633e+00 -2.465779297065183062e+00 5.259109602095050933e-07 -4.845337217502130756e+00 1.342498400736320019e+09
8.491928125993731223e-04 -1.942913479925585829e+00 -2.373679044798846061e+00 3.972330273500460397e-07 -5.086364027609500127e+00 1.342498401060349703e+09
8.567045040271206204e-04 -1.935706866415155325e+00 -2.385402567311135424e+00 1.512001666441441168e-06 -4.066981848366471475e+00 1.342498400698447227e+09
8.520661223614246597e-04 -1.938337788767710901e+00 -2.423333588447188713e+00 1.089887930754424912e-06 -4.265757920002538839e+00 1.342498400619356394e+09
8.514860022361078230e-04 -1.941005841283900635e+00 -2.406457076271589113e+00 1.270112658323325700e-06 -4.135538369899224520e+00 1.342498400695217133e+09
8.539096260675532951e-04 -1.938553246133217556e+00 -2.417147859720361947e+00 7.225855505769274462e-07 -4.596721609506019490e+00 1.342498401412559748e+09
8.515883288305631672e-04 -1.940498989345408543e+00 -2.295579313355817774e+00 2.859472558795759908e-07 -5.329432555605032817e+00 1.342498400824739218e+09
8.548654362956411169e-04 -1.934899180280568398e+00 -2.362374590301274502e+00 5.295503431469138948e-07 -4.783386451443703002e+00 1.342498400948689461e+09
8.548654362956411169e-04 -1.934899180280568398e+00 -2.362374590301274502e+00 5.295503431469138948e-07 -4.783386451443703002e+00 1.342498400948689461e+09
8.540000865580902809e-04 -1.937683750643933278e+00 -2.345368528110649109e+00 1.360380301232941197e-06 -4.203286915606911478e+00 1.342498400730642557e+09
8.525841563515399856e-04 -1.942378868702161032e+00 -2.330693657585988454e+00 6.349305619833751344e-07 -4.696223758802036130e+00 1.342498400654148579e+09
8.521077605084545568e-04 -1.939420148732254878e+00 -2.414947702133062091e+00 9.236432940190394631e-07 -4.492666551045891410e+00 1.342498400945601940e+09
8.521077605084545568e-04 -1.939420148732254878e+00 -2.414947702133062091e+00 9.236432940190394631e-07 -4.492666551045891410e+00 1.342498400945601940e+09
8.559893770625395370e-04 -1.936253972979849358e+00 -2.384886354704899958e+00 4.862602168913698320e-07 -4.993823389453337036e+00 1.342498400844200850e+09
8.522926129061990375e-04 -1.941414593157760216e+00 -2.359024902780643362e+00 5.976473512154531342e-07 -4.847029817936961749e+00 1.342498401020027637e+09
8.496061217232554275e-04 -1.941153796870255466e+00 -2.357852982053965096e+00 2.742568026730168195e-07 -5.314058420137589778e+00 1.342498400802252293e+09
8.505161295688200285e-04 -1.942695534456622353e+00 -2.343834257200920757e+00 8.987495346062876297e-07 -4.442681632415214743e+00 1.342498401255853176e+09
8.543210384083600511e-04 -1.936593128175420508e+00 -2.345916754592815678e+00 2.658490603914328174e-07 -5.376077116731845962e+00 1.342498400968479395e+09
8.522249523224447029e-04 -1.937955932563261152e+00 -2.391340398509691934e+00 3.631250840192241053e-07 -5.103476602153277142e+00 1.342498401092782974e+09
8.522249523224447029e-04 -1.937955932563261152e+00 -2.391340398509691934e+00 3.631250840192241053e-07 -5.103476602153277142e+00 1.342498401092782974e+09
8.524509464581271883e-04 -1.942057102225315468e+00 -2.346437666598698346e+00 5.452015187445667222e-07 -4.907571639558273802e+00 1.342498400800370455e+09
8.530382485788610275e-04 -1.936940446637894997e+00 -2.337694749058923271e+00 4.116627914595379075e-07 -4.949527238117289230e+00 1.342498400825032234e+09
8.528735389384618695e-04 -1.939235747104242957e+00 -2.451358345403273020e+00 9.919166813951940559e-07 -4.441382015195043387e+00 1.342498400742261648e+09
8.525406587524507473e-04 -1.940994539286655884e+00 -2.357025561343263576e+00 4.703461081112637497e-07 -4.964754683263099544e+00 1.342498401402344227e+09
8.525406587524507473e-04 -1.940994539286655884e+00 -2.357025561343263576e+00 4.703461081112637497e-07 -4.964754683263099544e+00 1.342498401402344227e+09
8.498888429515494150e-04 -1.944568883133909187e+00 -2.369085523179044639e+00 5.111454547698852869e-07 -4.854569304027604559e+00 1.342498400733903170e+09
8.574688161998968508e-04 -1.935057208130947171e+00 -2.407423516611514991e+00 9.227644612405461552e-07 -4.451550318334179579e+00 1.342498400941907883e+09
8.522414064828017378e-04 -1.938973531680019846e+00 -2.341617251999531302e+00 8.951869652982359196e-07 -4.397568235336065001e+00 1.342498401215089560e+09
8.522414064828017378e-04 -1.938973531680019846e+00 -2.341617251999531302e+00 8.951869652982359196e-07 -4.397568235336065001e+00 1.342498401215089560e+09
8.564600721848997364e-04 -1.936655966989085931e+00 -2.459257415856226370e+00 8.575979598573927535e-07 -4.491697034166655556e+00 1.342498400771942377e+09
8.525469107746552712e-04 -1.940892629945525139e+00 -2.435133146283464889e+00 3.377835819369631412e-07 -5.154476732115627513e+00 1.342498400759425402e+09
8.547525746829311979e-04 -1.936167212471410437e+00 -2.433092596310152178e+00 5.565479373185795981e-07 -4.853002633308316049e+00 1.342498401084185123e+09
8.554100440467457675e-04 -1.935627294051443847e+00 -2.372329865108188329e+00 1.115395360473942091e-06 -4.286521675716726598e+00 1.342498401166965961e+09
8.554100440467457675e-04 -1.935627294051443847e+00 -2.372329865108188329e+00 1.115395360473942091e-06 -4.286521675716726598e+00 1.342498401166965961e+09
8.515326953986119629e-04 -1.939768592234620170e+00 -2.348019152905125306e+00 1.346433760078008347e-06 -4.138098460982355675e+00 1.342498400899383068e+09
8.513905053369371636e-04 -1.939968328563421052e+00 -2.382093095089335311e+00 6.436862029887274798e-07 -4.713408303506712471e+00 1.342498401462979078e+09
8.513905053369371636e-04 -1.939968328563421052e+00 -2.382093095089335311e+00 6.436862029887274798e-07 -4.713408303506712471e+00 1.342498401462979078e+09
8.587170163535238392e-04 -1.933859095300136222e+00 -2.396246189818976635e+00 6.407530955911631081e-07 -4.731466828780704681e+00 1.342498400621364594e+09
8.520849975907479872e-04 -1.939643144780966999e+00 -2.340628056369453702e+00 2.306852953105253643e-07 -5.383832418858887969e+00 1.342498400769859552e+09
8.543509158438617173e-04 -1.935852704536106250e+00 -2.316854531809421136e+00 2.608386877381180099e-07 -5.355672790199144551e+00 1.342498400663487673e+09
8.550737226237998048e-04 -1.937762821514972256e+00 -2.426356208256980285e+00 4.820029052089397920e-07 -4.989312746705413915e+00 1.342498400898432255e+09
8.484624858146999063e-04 -1.943660427612918351e+00 -2.308079970160969996e+00 4.504091005915113094e-07 -5.016406228744290097e+00 1.342498400828939438e+09
8.513488098695746499e-04 -1.942340404180858959e+00 -2.286258231580676537e+00 4.516203789098819034e-07 -4.996116469112616088e+00 1.342498400783443689e+09
8.506256017778402682e-04 -1.940416610285377708e+00 -2.390204241150732933e+00 7.032860386750570628e-07 -4.561683551721361418e+00 1.342498400864325523e+09
8.525053560407197311e-04 -1.940799161589865429e+00 -2.403152489762504285e+00 4.623591629719920088e-07 -4.899120090159789775e+00 1.342498401061726093e+09
8.537492908975331677e-04 -1.939644356057519170e+00 -2.411579807952630716e+00 1.013286673777817377e-06 -4.447675567838873079e+00 1.342498400786992073e+09
8.520186299069424296e-04 -1.939342160213550770e+00 -2.324232666480706921e+00 5.073328369044109539e-07 -4.938704870795449509e+00 1.342498401223524570e+09
8.520186299069424296e-04 -1.939342160213550770e+00 -2.324232666480706921e+00 5.073328369044109539e-07 -4.938704870795449509e+00 1.342498401223524570e+09
8.559482722681237754e-04 -1.934900033357869198e+00 -2.359941144100944577e+00 7.137941990678454064e-07 -4.562002753599720961e+00 1.342498401091080904e+09
8.496224141033058633e-04 -1.942085369689321439e+00 -2.391036155187875156e+00 1.003695709145336686e-06 -4.342581048823284995e+00 1.342498400787449121e+09
8.488585890353363183e-04 -1.944188578568276426e+00 -2.300622222545269047e+00 5.795906643686611811e-07 -4.747782901113700049e+00 1.342498400843886614e+09
8.509840263611794572e-04 -1.940774130087241645e+00 -2.375819425789917005e+00 4.875763488699698216e-07 -4.981389512242955675e+00 1.342498401091326952e+09
8.510899802844928714e-04 -1.940315942325963938e+00 -2.289810725116268042e+00 4.219882122064479834e-07 -5.064429373688609459e+00 1.342498400829804420e+09
8.538451618588168172e-04 -1.937012393456121861e+00 -2.317579340760812290e+00 8.472293111125600236e-07 -4.467848196123375359e+00 1.342498401179631472e+09
8.501402186681173475e-04 -1.942305185805105472e+00 -2.363450736280499065e+00 4.725028097003733229e-07 -4.983564151617764892e+00 1.342498401252224684e+09
8.500060316142145486e-04 -1.943815980119092179e+00 -2.342752782529932354e+00 4.207730746870051390e-07 -5.025657087733874206e+00 1.342498401096164703e+09
8.570031123014743880e-04 -1.934434878590157725e+00 -2.475001428126383018e+00 4.291980828079841817e-07 -5.005046532466391085e+00 1.342498400635649204e+09
8.531537267794410406e-04 -1.938934005679307626e+00 -2.331229343755861105e+00 1.475020762505349167e-06 -4.048095439298158738e+00 1.342498400895306587e+09
8.569023026504784526e-04 -1.936760762731153829e+00 -2.350007752473827871e+00 5.165120518837039015e-07 -4.891543110400903061e+00 1.342498400735724449e+09
8.537211040737929801e-04 -1.937589478176065416e+00 -2.368682882950830848e+00 3.564739933312699740e-07 -5.045306193867369338e+00 1.342498400931773424e+09
8.524728653625907818e-04 -1.940323695785097780e+00 -2.301597436768062721e+00 1.074783211949468500e-06 -4.291501762645827611e+00 1.342498400971158743e+09
8.523487864687298273e-04 -1.938481079780424832e+00 -2.301110185703279853e+00 5.574307475091088279e-07 -4.781858318770362715e+00 1.342498401135326385e+09
8.523487864687298273e-04 -1.938481079780424832e+00 -2.301110185703279853e+00 5.574307475091088279e-07 -4.781858318770362715e+00 1.342498401135326385e+09
8.526714815828029823e-04 -1.939455913747019977e+00 -2.372285708139473481e+00 1.786115201056691191e-06 -3.923610994050037881e+00 1.342498400613985538e+09
8.533537186488676825e-04 -1.938852659278133661e+00 -2.295886758680952155e+00 7.133374511495387155e-07 -4.687623460409715115e+00 1.342498400965584517e+09
8.533537186488676825e-04 -1.938852659278133661e+00 -2.295886758680952155e+00 7.133374511495387155e-07 -4.687623460409715115e+00 1.342498400965584517e+09
8.543286093155266466e-04 -1.936751617345594756e+00 -2.306894509914983349e+00 2.833759260986380244e-07 -5.331182688911818346e+00 1.342498400715723276e+09
8.507765774180729105e-04 -1.941710285528677638e+00 -2.349173385605778819e+00 5.477440869401397671e-07 -4.728246130508258815e+00 1.342498400860707045e+09
8.549831676031338689e-04 -1.938185751890276753e+00 -2.327788179351363063e+00 3.878507648906467143e-07 -5.096393790689131009e+00 1.342498401031447887e+09
8.491497458100876220e-04 -1.942296024193956638e+00 -2.374281174172095721e+00 5.457947474218926388e-07 -4.817645148397518895e+00 1.342498401078611374e+09
8.491497458100876220e-04 -1.942296024193956638e+00 -2.374281174172095721e+00 5.457947474218926388e-07 -4.817645148397518895e+00 1.342498401078611374e+09
8.525802610738469206e-04 -1.938476182003317838e+00 -2.454928583390756369e+00 5.865718289235008628e-07 -4.816265449469598892e+00 1.342498400880864143e+09
8.534631657874813425e-04 -1.938480138753824411e+00 -2.424109024159383896e+00 1.057563061000842151e-06 -4.398566901972084331e+00 1.342498400857903242e+09
8.550960476132394824e-04 -1.937713739794123091e+00 -2.315965209407832237e+00 8.243620077617522201e-07 -4.471168042527551734e+00 1.342498400944366932e+09
8.515351285826569441e-04 -1.943479250360520716e+00 -2.334953142355424394e+00 5.642085184186459467e-07 -4.822158900282029315e+00 1.342498400780102491e+09
8.488929206352997282e-04 -1.943042510310363014e+00 -2.394890615512078824e+00 2.949263937790721583e-07 -5.255245494768238324e+00 1.342498400658192158e+09
8.561972359190817439e-04 -1.938033618660961244e+00 -2.417167424087058869e+00 9.381623805358536712e-07 -4.431749885400705580e+00 1.342498400655341864e+09
8.566638216431812477e-04 -1.934264770090966090e+00 -2.355874784609794936e+00 7.196358772760897306e-07 -4.579661867192973190e+00 1.342498401095710993e+09
8.528290202100717241e-04 -1.941381098196066635e+00 -2.438787501534086299e+00 8.615184695241153006e-07 -4.506400675760868779e+00 1.342498400805256605e+09
8.528860058008130287e-04 -1.938053751565229410e+00 -2.339726002590351239e+00 8.588595957345477287e-07 -4.579405278203187990e+00 1.342498400661327124e+09
8.537066733855620208e-04 -1.938811908188039501e+00 -2.458114702567493204e+00 4.334975813861080283e-07 -5.039885336460701026e+00 1.342498400947488070e+09
8.572997980484798990e-04 -1.935853438388986714e+00 -2.401922795273896849e+00 9.042530822686874506e-07 -4.477274924480392215e+00 1.342498400873683691e+09
8.523070700620263406e-04 -1.940554339667157180e+00 -2.359718745498809778e+00 2.485203097833508535e-07 -5.450749678754281291e+00 1.342498400863247633e+09
8.559276890337593358e-04 -1.937238557695205809e+00 -2.393818634875828355e+00 8.913278474426933525e-07 -4.375544512583640966e+00 1.342498400611444950e+09
8.527533656308445426e-04 -1.940135283805658251e+00 -2.338309020080121314e+00 1.474047593121920597e-06 -4.125323155278340259e+00 1.342498400812249422e+09
8.537077098577039664e-04 -1.938197464285672966e+00 -2.423419026798998122e+00 8.930507836167354367e-07 -4.437995742634056384e+00 1.342498401309353352e+09
8.537077098577039664e-04 -1.938197464285672966e+00 -2.423419026798998122e+00 8.930507836167354367e-07 -4.437995742634056384e+00 1.342498401309353352e+09
8.573382302662741709e-04 -1.933429998850201503e+00 -2.415791303035711213e+00 5.666970477679003704e-07 -4.817339699336413261e+00 1.342498400913204908e+09
8.519263094161980956e-04 -1.939088425467564880e+00 -2.442124868751069044e+00 3.506772511278490831e-07 -5.175283870709702860e+00 1.342498400852060556e+09
8.549770132846531458e-04 -1.936590104956696701e+00 -2.365377696945023978e+00 7.159326610421894376e-07 -4.704243120354119512e+00 1.342498401054721117e+09
8.517024727158800830e-04 -1.939313594523806916e+00 -2.444640173766756686e+00 3.280580479504409499e-07 -5.222997453604900642e+00 1.342498400757805824e+09
8.533161724893681800e-04 -1.939501400427156907e+00 -2.343686402047243433e+00 9.051102831271835362e-07 -4.406928155504801659e+00 1.342498401335179806e+09
8.533161724893681800e-04 -1.939501400427156907e+00 -2.343686402047243433e+00 9.051102831271835362e-07 -4.406928155504801659e+00 1.342498401335179806e+09
8.553039156589985681e-04 -1.935755380230595124e+00 -2.411596773958579742e+00 7.252785226106963344e-07 -4.617538020727889325e+00 1.342498401345462799e+09
8.540707611955563076e-04 -1.936404289278132573e+00 -2.423114832942331098e+00 1.012033592112238957e-06 -4.360706079495907161e+00 1.342498400961941004e+09
8.538611191762835633e-04 -1.939670340721749708e+00 -2.344560284481021384e+00 4.901171433851786076e-07 -4.986214901275017652e+00 1.342498400982344389e+09
8.581746558035067279e-04 -1.933139695077694897e+00 -2.407631431668850741e+00 4.534096561163555439e-07 -4.983773751950294262e+00 1.342498400710518122e+09
8.501671059718745932e-04 -1.942656148824606799e+00 -2.307639149030205949e+00 1.190007616811907478e-06 -4.221347542264203057e+00 1.342498400799579144e+09
8.543461299752622921e-04 -1.937129920422429930e+00 -2.327500579699558703e+00 8.712387849492432427e-07 -4.538735804383424721e+00 1.342498401080525160e+09
8.543461299752622921e-04 -1.937129920422429930e+00 -2.327500579699558703e+00 8.712387849492432427e-07 -4.538735804383424721e+00 1.342498401080525160e+09
8.504918166101009232e-04 -1.940676283498547372e+00 -2.352175054723302239e+00 3.298757427299534584e-07 -5.193815064123504577e+00 1.342498401210393906e+09
8.488336184761138652e-04 -1.943733091608511820e+00 -2.338895574071860661e+00 4.919139300359734141e-07 -4.858020664367105113e+00 1.342498400980487585e+09
8.568962106150182674e-04 -1.934316726321432478e+00 -2.433733198374049334e+00 4.635807807325398709e-07 -4.974355447928244800e+00 1.342498400886133909e+09
8.515326860062359801e-04 -1.940642933390071878e+00 -2.283070730670374360e+00 3.834385802380426568e-07 -5.122779560022170386e+00 1.342498400817473412e+09
8.497164493021649523e-04 -1.941980305333133039e+00 -2.404526120962974467e+00 4.205215501875252800e-07 -4.964630247630653415e+00 1.342498400827807426e+09
8.496531229448669792e-04 -1.942555976283442565e+00 -2.389693242115186855e+00 3.404961549295784618e-07 -5.102878069577796438e+00 1.342498400668605089e+09
8.497974749107629596e-04 -1.942149055783567446e+00 -2.324898623387419150e+00 3.999216509357355612e-07 -5.121384764046078786e+00 1.342498400938936472e+09
8.509430308970066881e-04 -1.939866582679900420e+00 -2.348854509072203278e+00 5.556591019930710709e-07 -4.786225117531883733e+00 1.342498401335345984e+09
8.497327439182825138e-04 -1.944730318956972459e+00 -2.372704766926398090e+00 5.998749114435354732e-07 -4.742234324924485378e+00 1.342498400754727364e+09
8.529863246402494921e-04 -1.941233486024070531e+00 -2.395970712793140667e+00 1.304664655111490694e-06 -4.191882834552585813e+00 1.342498400743384123e+09
8.525695262336107933e-04 -1.937336907299959776e+00 -2.364858019605584172e+00 1.034245101064336814e-06 -4.285999300523298139e+00 1.342498400727445364e+09
8.530207962791489700e-04 -1.941644507378805562e+00 -2.355719318063806522e+00 4.530408311366942125e-07 -5.011373998560962661e+00 1.342498400835499048e+09
8.547515687446340191e-04 -1.938880052688972677e+00 -2.419797269157315522e+00 9.097353510145056138e-07 -4.409345985226770459e+00 1.342498400912576675e+09
8.539972416803233261e-04 -1.936353422881980979e+00 -2.430432140565317756e+00 3.741307913275324336e-07 -5.146756654362379280e+00 1.342498400776980162e+09
8.544454313021926459e-04 -1.934839474996482789e+00 -2.356690586704108359e+00 5.327474767660919136e-07 -4.860437908026426612e+00 1.342498400810600519e+09
8.526964482715245104e-04 -1.937302262788971996e+00 -2.356731543221602720e+00 8.949461885285633218e-07 -4.500402894393932485e+00 1.342498400812388897e+09
8.527044812082383227e-04 -1.937446455236246257e+00 -2.431650552591890779e+00 9.413427346529660542e-07 -4.383788278866727950e+00 1.342498400715940952e+09
8.484357382497390411e-04 -1.945618441187018544e+00 -2.305391592420979130e+00 7.913853688077590209e-07 -4.584886076302392866e+00 1.342498400655341387e+09
8.519791631618997855e-04 -1.938929965735543437e+00 -2.295471343719095447e+00 4.981221381115973215e-07 -4.910356426799392437e+00 1.342498401063464880e+09
8.529272973817329144e-04 -1.938284481374019652e+00 -2.403046545384314392e+00 3.843769230339604229e-07 -5.014744764532267141e+00 1.342498401098393440e+09
8.529272973817329144e-04 -1.938284481374019652e+00 -2.403046545384314392e+00 3.843769230339604229e-07 -5.014744764532267141e+00 1.342498401098393440e+09
8.524745270342249477e-04 -1.939234637408133954e+00 -2.404116836467952822e+00 3.615280301428576481e-07 -5.175521369033338814e+00 1.342498401176417112e+09
8.524745270342249477e-04 -1.939234637408133954e+00 -2.404116836467952822e+00 3.615280301428576481e-07 -5.175521369033338814e+00 1.342498401176417112e+09
8.514144882835731785e-04 -1.940866084372339317e+00 -2.342158046331199284e+00 5.907722634386857671e-07 -4.691522907558564270e+00 1.342498401173595190e+09
8.514144882835731785e-04 -1.940866084372339317e+00 -2.342158046331199284e+00 5.907722634386857671e-07 -4.691522907558564270e+00 1.342498401173595190e+09
8.499756430154519664e-04 -1.945070350081375077e+00 -2.340879497900512085e+00 6.434241922840181278e-07 -4.743153589921296209e+00 1.342498400677798033e+09
8.544585348643377130e-04 -1.940258938697355218e+00 -2.359036657752270560e+00 8.154785338702493984e-07 -4.511790945744407644e+00 1.342498400741965055e+09
8.523698919815398019e-04 -1.939441538279683686e+00 -2.349541728426361331e+00 5.306051683813070811e-07 -4.732419369833799294e+00 1.342498400815614700e+09
8.516134598553547295e-04 -1.938801108317873556e+00 -2.386363693449113033e+00 5.552202036803149594e-07 -4.860564527838279858e+00 1.342498401008033991e+09
8.516134598553547295e-04 -1.938801108317873556e+00 -2.386363693449113033e+00 5.552202036803149594e-07 -4.860564527838279858e+00 1.342498401008033991e+09
8.502537735175106021e-04 -1.942464215232342362e+00 -2.431854715291061453e+00 5.651568939893752643e-07 -4.868336286229969723e+00 1.342498400724711180e+09
8.498839171511658394e-04 -1.944509873136499145e+00 -2.361995022530277488e+00 4.154487603032516980e-07 -5.088687857667935077e+00 1.342498400686786652e+09
8.532197059101668049e-04 -1.938152238778490855e+00 -2.399877973159967759e+00 3.427976137419959872e-07 -5.202909386338566478e+00 1.342498401219877005e+09
8.532197059101668049e-04 -1.938152238778490855e+00 -2.399877973159967759e+00 3.427976137419959872e-07 -5.202909386338566478e+00 1.342498401219877005e+09
8.535156704121169913e-04 -1.937127359178796970e+00 -2.440134262745627947e+00 6.967776352631893563e-07 -4.594361351146597272e+00 1.342498400989182472e+09
8.504462868682792758e-04 -1.940730699902679435e+00 -2.362406267838470075e+00 5.349656676875745849e-07 -4.841980004353771960e+00 1.342498401365211725e+09
8.511560383097442053e-04 -1.940119567086903141e+00 -2.443379837126833376e+00 8.080936251335785774e-07 -4.505140078722061681e+00 1.342498400835263491e+09
8.503963277578255537e-04 -1.942024448773754131e+00 -2.347999980174405366e+00 2.238770871171009664e-07 -5.443687733874318369e+00 1.342498400809401274e+09
8.558261268436685590e-04 -1.934630538979380532e+00 -2.387237867516280865e+00 5.432917687242029501e-07 -4.868933980097100545e+00 1.342498401068328619e+09
8.550522233386877386e-04 -1.936565782310573081e+00 -2.295390923830460395e+00 5.064759788346672602e-07 -4.852226957816822228e+00 1.342498400853405952e+09
8.555556226833076162e-04 -1.935770090070572991e+00 -2.440516173131914268e+00 3.201428197305786377e-07 -5.173293470834842367e+00 1.342498400803685427e+09
8.547143331105304951e-04 -1.937776407426365033e+00 -2.362174803310068238e+00 1.014068373083027971e-06 -4.344628726873540181e+00 1.342498401380281687e+09
8.547143331105304951e-04 -1.937776407426365033e+00 -2.362174803310068238e+00 1.014068373083027971e-06 -4.344628726873540181e+00 1.342498401380281687e+09
8.548307782323821824e-04 -1.938827388172166932e+00 -2.357985056218543374e+00 1.178503207524458566e-06 -4.228503495048840044e+00 1.342498400965287209e+09
8.524466631163326539e-04 -1.941619202818511969e+00 -2.367969805947947037e+00 5.587184179866439265e-07 -4.800238979246712390e+00 1.342498401221698523e+09
8.524466631163326539e-04 -1.941619202818511969e+00 -2.367969805947947037e+00 5.587184179866439265e-07 -4.800238979246712390e+00 1.342498401221698523e+09
8.552881955038572990e-04 -1.937351081061633451e+00 -2.461310857827983423e+00 5.392578835430281335e-07 -4.781568350815590840e+00 1.342498400770521879e+09
8.501454928215869920e-04 -1.941157652799846867e+00 -2.354739133445459931e+00 1.124709709164803780e-06 -4.309965290584857556e+00 1.342498400835601807e+09
8.546853176877269214e-04 -1.936336399292917898e+00 -2.388559922556716675e+00 1.194424681318831471e-06 -4.180567398217434949e+00 1.342498400966261625e+09
8.517053172100824384e-04 -1.942213903528525965e+00 -2.381842588568310770e+00 3.578744109802981469e-07 -5.207052449073263922e+00 1.342498400766707897e+09
8.499047496899659899e-04 -1.940095561546799630e+00 -2.375042763520920808e+00 4.485794663865995808e-07 -4.935054443789764100e+00 1.342498400748757362e+09
8.512532733657416674e-04 -1.939824837696328075e+00 -2.363365435798423064e+00 2.766228003275423374e-07 -5.303456102485833767e+00 1.342498401130066156e+09
8.512532733657416674e-04 -1.939824837696328075e+00 -2.363365435798423064e+00 2.766228003275423374e-07 -5.303456102485833767e+00 1.342498401130066156e+09
8.529142336853748427e-04 -1.938945168427647303e+00 -2.404147748557460940e+00 5.377336623104626496e-07 -4.815174754714171890e+00 1.342498401513917208e+09
8.529142336853748427e-04 -1.938945168427647303e+00 -2.404147748557460940e+00 5.377336623104626496e-07 -4.815174754714171890e+00 1.342498401513917208e+09
8.546659464455663453e-04 -1.934536601096958464e+00 -2.387362638987870600e+00 3.888457468785604847e-07 -5.014235547355144540e+00 1.342498400642773628e+09
8.569265160353408024e-04 -1.936121275477306503e+00 -2.330364951564778409e+00 7.161155477403430887e-07 -4.590540054206385889e+00 1.342498400733283281e+09
8.535392765634269461e-04 -1.939800423157719722e+00 -2.311462748837570746e+00 9.491841136421743472e-07 -4.495539479398194871e+00 1.342498400767923832e+09
8.531148681026753337e-04 -1.939489339678952096e+00 -2.438920651537136663e+00 8.602245584838095228e-07 -4.460218424196293441e+00 1.342498401136010885e+09
8.531148681026753337e-04 -1.939489339678952096e+00 -2.438920651537136663e+00 8.602245584838095228e-07 -4.460218424196293441e+00 1.342498401136010885e+09
8.544008299770100307e-04 -1.938814120939271746e+00 -2.419974757560544809e+00 2.541239710758804477e-07 -5.411905842117951337e+00 1.342498400619808435e+09
8.535660942097996222e-04 -1.938705294295096415e+00 -2.421088170856500188e+00 2.201175367357287917e-07 -5.493031038323501036e+00 1.342498400740776777e+09
8.559959682031808431e-04 -1.934437878288172596e+00 -2.422196334112106442e+00 6.136500310569265953e-07 -4.723161367424568269e+00 1.342498401091858149e+09
8.534668727804953269e-04 -1.936973281682319525e+00 -2.314622122882380229e+00 3.826007678841713991e-07 -5.008703450246914102e+00 1.342498400782356977e+09
8.553447313883566321e-04 -1.936984639071842595e+00 -2.336673222988495446e+00 9.626154163754366810e-07 -4.331097693336882770e+00 1.342498400928123951e+09
8.568196911433379652e-04 -1.934115991999735051e+00 -2.324195157035538806e+00 5.456590695721624855e-07 -4.877192447767658479e+00 1.342498400653155327e+09
8.547073496830026205e-04 -1.936787286287978471e+00 -2.424821160881670323e+00 3.660927404512870885e-07 -5.147148357901521365e+00 1.342498401133197069e+09
8.547461986567724337e-04 -1.937720896870147591e+00 -2.394410515773899295e+00 6.389059658431801873e-07 -4.697917035419042264e+00 1.342498401520262241e+09
8.547461986567724337e-04 -1.937720896870147591e+00 -2.394410515773899295e+00 6.389059658431801873e-07 -4.697917035419042264e+00 1.342498401520262241e+09
8.538816444707578125e-04 -1.938168925109608143e+00 -2.393530913105332836e+00 6.751822560918678362e-07 -4.654570030035531047e+00 1.342498401596336126e+09
8.538816444707578125e-04 -1.938168925109608143e+00 -2.393530913105332836e+00 6.751822560918678362e-07 -4.654570030035531047e+00 1.342498401596336126e+09
8.504772391767706019e-04 -1.940234921935570567e+00 -2.331253281203240491e+00 4.215038662743541343e-07 -4.945652443942154974e+00 1.342498400927400112e+09
8.495551871593252490e-04 -1.940665630841782674e+00 -2.398523781009940681e+00 5.735205007008529842e-07 -4.770528397570851453e+00 1.342498400649691582e+09
8.528698068517226102e-04 -1.940144977274938176e+00 -2.408397534637301440e+00 4.557809149993237562e-07 -5.041129716218172518e+00 1.342498400943588495e+09
8.531555420265053572e-04 -1.940455307722275036e+00 -2.466062312404290857e+00 1.002846141043452301e-06 -4.377773446050678530e+00 1.342498400693427086e+09
8.513922526308331058e-04 -1.942095287560498873e+00 -2.328321373620353185e+00 8.296395345843424207e-07 -4.426125311589287570e+00 1.342498400652619839e+09
8.548717071757059010e-04 -1.934291897628956036e+00 -2.410745004429927896e+00 4.421506366645450486e-07 -4.950689347997770717e+00 1.342498400671236515e+09
8.513477532763656739e-04 -1.940829066586125862e+00 -2.370004528977982083e+00 8.867177300807836096e-07 -4.351239168985642003e+00 1.342498400616342545e+09
8.572964491838370570e-04 -1.932316164886502818e+00 -2.383443055732217264e+00 8.460439512067747281e-07 -4.485493916120481650e+00 1.342498400602958679e+09
8.553427217992017181e-04 -1.934429020047319980e+00 -2.336107195353224419e+00 2.802318091699159867e-07 -5.308083066092748936e+00 1.342498400610772133e+09
8.505771039599804200e-04 -1.940730773939760789e+00 -2.381748425599838903e+00 3.364666976105229558e-07 -5.133025712268608487e+00 1.342498401044047356e+09
8.542613416069969609e-04 -1.936086823354651987e+00 -2.472289298429070747e+00 5.739079835800159461e-07 -4.819549339320357006e+00 1.342498400681556225e+09
8.508512145099205847e-04 -1.940040932640770599e+00 -2.309292833822249591e+00 6.357968563857429791e-07 -4.736689537757225565e+00 1.342498401132377386e+09
8.549910608187299759e-04 -1.936245563838082440e+00 -2.378859020310406525e+00 7.892903120881977448e-07 -4.473693330757593678e+00 1.342498401133782148e+09
8.542332938720759031e-04 -1.937052030452098172e+00 -2.401726588114664551e+00 3.068744675830902800e-07 -5.211369558339901786e+00 1.342498401148413658e+09
8.507453621004307763e-04 -1.940062692915467846e+00 -2.329451284330701366e+00 2.518682849341655461e-07 -5.320338576872927661e+00 1.342498400669455051e+09
8.568721569359410810e-04 -1.935494463750099481e+00 -2.329952810137936314e+00 9.025181921822676900e-07 -4.452751485298992229e+00 1.342498400949567795e+09
8.517419604401641831e-04 -1.941165997592696479e+00 -2.408073794803383461e+00 3.732019637171243052e-07 -5.023183947866516341e+00 1.342498400666692257e+09
8.480829333950077719e-04 -1.944338061634448778e+00 -2.363919620342223915e+00 2.882369211498184696e-07 -5.310208850428342231e+00 1.342498400613936663e+09
8.559278655117832620e-04 -1.935782094766125949e+00 -2.416549308322551326e+00 1.168763158741319754e-06 -4.205884840219940024e+00 1.342498400902357101e+09
8.525614747112616717e-04 -1.940385871586870259e+00 -2.308362921021640979e+00 1.033730115896611294e-06 -4.353236217265033403e+00 1.342498401160304070e+09
8.485876387105561634e-04 -1.945260821279270802e+00 -2.353487896300387572e+00 7.734390825537330467e-07 -4.564766458823901196e+00 1.342498400814203262e+09
8.532769011744434796e-04 -1.937075122594440035e+00 -2.424929168798001022e+00 3.582286107992119942e-07 -5.147491677236084584e+00 1.342498400972840309e+09
8.538369624920712480e-04 -1.939999322437470308e+00 -2.384115381404851686e+00 1.519545206016636678e-06 -4.035173062231534047e+00 1.342498400650128126e+09
8.573869683185028753e-04 -1.933905523306153285e+00 -2.436522768633978764e+00 5.273373438550734663e-07 -4.863822948251644185e+00 1.342498400881914854e+09
8.569290490494551249e-04 -1.933339838855790749e+00 -2.348122176036672393e+00 3.104554598986317397e-07 -5.230776334935899996e+00 1.342498400614693642e+09
8.520830079083974683e-04 -1.940633997152650059e+00 -2.356135202527501527e+00 4.446984208383154340e-07 -5.037229204293099727e+00 1.342498401353086710e+09
8.520830079083974683e-04 -1.940633997152650059e+00 -2.356135202527501527e+00 4.446984208383154340e-07 -5.037229204293099727e+00 1.342498401353086710e+09
8.546067191923398471e-04 -1.937847664024283212e+00 -2.370664977802102946e+00 1.162776836282373624e-06 -4.290060072037873873e+00 1.342498401254979134e+09
8.546067191923398471e-04 -1.937847664024283212e+00 -2.370664977802102946e+00 1.162776836282373624e-06 -4.290060072037873873e+00 1.342498401254979134e+09
8.543420062790591006e-04 -1.938720256435139344e+00 -2.450843864246533332e+00 6.176558846661647164e-07 -4.782907973483232489e+00 1.342498401018718958e+09
8.530366202732711641e-04 -1.938353232343412946e+00 -2.422322166670087373e+00 3.715620095370069855e-07 -5.163076939286330713e+00 1.342498400992833853e+09
8.564452858621767611e-04 -1.933926394998495057e+00 -2.373495975795655522e+00 5.056436445034303301e-07 -4.852909558865884598e+00 1.342498401091225863e+09
8.564452858621767611e-04 -1.933926394998495057e+00 -2.373495975795655522e+00 5.056436445034303301e-07 -4.852909558865884598e+00 1.342498401091225863e+09
8.558269687914376580e-04 -1.934212547172565966e+00 -2.364721045030122593e+00 4.696273123161377833e-07 -4.954326053368683702e+00 1.342498401016746521e+09
8.558269687914376580e-04 -1.934212547172565966e+00 -2.364721045030122593e+00 4.696273123161377833e-07 -4.954326053368683702e+00 1.342498401016746521e+09
8.525269448636428821e-04 -1.941058524763361159e+00 -2.321363501168509647e+00 4.477874939954832796e-07 -5.042554434491831827e+00 1.342498400992375612e+09
8.547073160013492340e-04 -1.936435460952821375e+00 -2.369534117462738010e+00 4.227892500811265610e-07 -4.979770412238345045e+00 1.342498401398678064e+09
8.533994689840641683e-04 -1.940436708354407180e+00 -2.376931339448411507e+00 2.466860158030247592e-07 -5.405152956751617666e+00 1.342498400641659021e+09
8.513130825613509029e-04 -1.939407058766421166e+00 -2.388876122728858853e+00 2.416587652076150560e-07 -5.358194465911128468e+00 1.342498400685148954e+09
8.532565543893795004e-04 -1.937392946689801665e+00 -2.376925116451118480e+00 6.572694375258428491e-07 -4.608588721540681554e+00 1.342498401132137537e+09
8.552884282983503998e-04 -1.937108419965289263e+00 -2.357742136207058525e+00 4.992372152475568382e-07 -4.847130365584968459e+00 1.342498401279650211e+09
8.552884282983503998e-04 -1.937108419965289263e+00 -2.357742136207058525e+00 4.992372152475568382e-07 -4.847130365584968459e+00 1.342498401279650211e+09
8.491219614244333285e-04 -1.942761529380913954e+00 -2.325719152803320089e+00 3.415418760469248334e-07 -5.207723277959967589e+00 1.342498400950755835e+09
8.517551013560423125e-04 -1.942670679198757799e+00 -2.352964387168083871e+00 1.163597726528815136e-06 -4.255009962816169278e+00 1.342498400810587406e+09
8.540460840400340616e-04 -1.937644474741638589e+00 -2.328893658018031498e+00 8.136552063855617431e-07 -4.409141901507782180e+00 1.342498400603875875e+09
8.489625901591611040e-04 -1.942301168591302973e+00 -2.366636962677329148e+00 6.408439649010570191e-07 -4.667794232660138043e+00 1.342498400899590492e+09
8.552397043620977701e-04 -1.938000553881501276e+00 -2.376571970718006632e+00 7.379224812855587149e-07 -4.620947619281174035e+00 1.342498401373136282e+09
8.575271885485956456e-04 -1.934497526666797640e+00 -2.337534806416930344e+00 6.604486268219298090e-07 -4.741687328516596800e+00 1.342498400693793535e+09
8.559802352241586195e-04 -1.934470880528432080e+00 -2.403358461842446836e+00 4.620918642061906520e-07 -4.968316572855424162e+00 1.342498401072678804e+09
8.533451048586567335e-04 -1.937645736566823151e+00 -2.320172927539567720e+00 4.309262983312757231e-07 -5.072382490513501985e+00 1.342498400860329151e+09
8.524079006801428939e-04 -1.939029291244844577e+00 -2.311651385371014555e+00 3.107803235034091916e-07 -5.297450150186891804e+00 1.342498400828833580e+09
8.533124325830104872e-04 -1.940290938736590309e+00 -2.462571543570321264e+00 3.556368980848300824e-07 -5.155110438532346961e+00 1.342498400613609791e+09
8.579775101669420050e-04 -1.932949472295351079e+00 -2.400121432724804826e+00 4.381829006848980379e-07 -4.941749560581785161e+00 1.342498400680749893e+09
8.522214882892254709e-04 -1.941247749126908007e+00 -2.440999305683238862e+00 7.961334896195391938e-07 -4.503219536259589262e+00 1.342498400803858757e+09
8.489925939253144390e-04 -1.944788097408357563e+00 -2.349759771929295304e+00 4.856225049572008657e-07 -4.870373535297606971e+00 1.342498400742667675e+09
8.544055800931395694e-04 -1.938015864127386578e+00 -2.366966272942381266e+00 4.184686386817626285e-07 -5.077683829097823676e+00 1.342498401283178568e+09
8.544055800931395694e-04 -1.938015864127386578e+00 -2.366966272942381266e+00 4.184686386817626285e-07 -5.077683829097823676e+00 1.342498401283178568e+09
8.491767631384496660e-04 -1.944113799325770442e+00 -2.368781433410596104e+00 9.762422928612509923e-07 -4.386126126489271471e+00 1.342498400867663145e+09
8.548738075995449904e-04 -1.936203777103973955e+00 -2.409713211706349778e+00 6.469628966503304970e-07 -4.755872291907579097e+00 1.342498401139519215e+09
8.549699310443424453e-04 -1.939287746965663084e+00 -2.323119367371780708e+00 6.674474850974720452e-07 -4.704948834918127432e+00 1.342498400831652403e+09
8.522156454555973072e-04 -1.937695922504355739e+00 -2.407039998420153815e+00 5.507243136588217756e-07 -4.877996850396474571e+00 1.342498400611709118e+09
8.520934275005669035e-04 -1.937669912412226303e+00 -2.421886637151591692e+00 3.624353585209782592e-07 -5.102593083541432151e+00 1.342498400720798016e+09
8.528703210331319744e-04 -1.939628479283852291e+00 -2.397175427492136635e+00 4.318604288589921207e-07 -4.972739207241280823e+00 1.342498401418327332e+09
8.528703210331319744e-04 -1.939628479283852291e+00 -2.397175427492136635e+00 4.318604288589921207e-07 -4.972739207241280823e+00 1.342498401418327332e+09
8.570896051358815144e-04 -1.935132809203004012e+00 -2.340001361184025797e+00 5.880158632874040713e-07 -4.835118936615867113e+00 1.342498400756229162e+09
8.546206683314713825e-04 -1.937574658404704664e+00 -2.355115008140029165e+00 1.633264616364023279e-06 -4.008930865185889481e+00 1.342498400807503939e+09
8.541169809719331664e-04 -1.937495977680917081e+00 -2.349322546618500596e+00 1.471120981065641419e-06 -3.995936297241810209e+00 1.342498400621626377e+09
8.542431055016346366e-04 -1.938161112421364463e+00 -2.312913050845396334e+00 5.828146915050173340e-07 -4.815531376451186674e+00 1.342498401273468256e+09
8.542431055016346366e-04 -1.938161112421364463e+00 -2.312913050845396334e+00 5.828146915050173340e-07 -4.815531376451186674e+00 1.342498401273468256e+09
8.576242929721351318e-04 -1.932987398641747845e+00 -2.335361627800086382e+00 4.304363290077992208e-07 -4.987289842847625998e+00 1.342498400633860350e+09
8.560595762324551411e-04 -1.934282595183157705e+00 -2.403546799896306929e+00 1.054167609393592419e-06 -4.336968822555989256e+00 1.342498400875042200e+09
8.557497585727315888e-04 -1.936568577024676552e+00 -2.315988215243037107e+00 4.847006913546382535e-07 -4.844865285232057062e+00 1.342498400692646742e+09
8.548265090675731884e-04 -1.937975501217613639e+00 -2.392748575451397741e+00 1.027859317764617334e-06 -4.370745069204479805e+00 1.342498401320415020e+09
8.488427955616855824e-04 -1.944327870095336808e+00 -2.401790277278133878e+00 3.576358958424520376e-07 -5.123007181743158611e+00 1.342498400635311604e+09
8.496754877756365447e-04 -1.944015550020327998e+00 -2.350869865022792826e+00 7.355438329866977330e-07 -4.611899800741329436e+00 1.342498401151324511e+09
8.515497945002125290e-04 -1.940794021551530690e+00 -2.346827798485504601e+00 4.720706583045668122e-07 -4.960804357018744781e+00 1.342498401562051535e+09
8.515497945002125290e-04 -1.940794021551530690e+00 -2.346827798485504601e+00 4.720706583045668122e-07 -4.960804357018744781e+00 1.342498401562051535e+09
8.534131702689316812e-04 -1.937425534382025916e+00 -2.334051267671281238e+00 7.175762479373004432e-07 -4.668771718740869048e+00 1.342498401239945173e+09
8.566310534611423647e-04 -1.936698590290774069e+00 -2.408687619462672291e+00 5.532526702681869415e-07 -4.755608189549340281e+00 1.342498400608660698e+09
8.508936919920769481e-04 -1.940594856710081917e+00 -2.418784014241097680e+00 4.399995476262511829e-07 -5.013569478033651272e+00 1.342498401090309858e+09
8.511670398654651000e-04 -1.941889210253157749e+00 -2.283773683438162116e+00 8.797670811928438274e-07 -4.465328908439930800e+00 1.342498400854312897e+09
8.507079788997987026e-04 -1.941609002373535064e+00 -2.326094734170079725e+00 7.073915629267224274e-07 -4.689866587952897348e+00 1.342498401283215761e+09
8.525741379831881751e-04 -1.939723939913920780e+00 -2.356576066048712725e+00 4.331943295509778427e-07 -5.107464358673706961e+00 1.342498400629196882e+09
8.531518501500328549e-04 -1.939590967601073190e+00 -2.357150036995031783e+00 1.006052553046457145e-06 -4.276319104516566938e+00 1.342498400843767405e+09
8.555827275865287001e-04 -1.936852911239971942e+00 -2.398963914405173536e+00 1.216892496831755902e-06 -4.266714227372954582e+00 1.342498400999588966e+09
8.511412128546399754e-04 -1.941762114822113139e+00 -2.313791059748994794e+00 9.891336671245142978e-07 -4.390497994958807659e+00 1.342498401211577415e+09
8.511412128546399754e-04 -1.941762114822113139e+00 -2.313791059748994794e+00 9.891336671245142978e-07 -4.390497994958807659e+00 1.342498401211577415e+09
8.557123902936958088e-04 -1.933296380567547601e+00 -2.389845831274010735e+00 5.664377465496898775e-07 -4.786070983789135980e+00 1.342498400631393671e+09
8.489493759711101402e-04 -1.941973697379359987e+00 -2.405265662210229305e+00 4.070227463730806475e-07 -5.017994678857792046e+00 1.342498400627386093e+09
8.528251533587956953e-04 -1.936925157102693973e+00 -2.323877507272356091e+00 4.177823470583885386e-07 -5.007428811756607701e+00 1.342498400972355604e+09
8.534699479018927580e-04 -1.939190725064639187e+00 -2.314319700037563710e+00 4.085601543761400446e-07 -5.054876117654689693e+00 1.342498401274286985e+09
8.542841502770473928e-04 -1.937659416917359767e+00 -2.435937173630225772e+00 8.337205005980747085e-07 -4.441050483152922723e+00 1.342498400964217663e+09
8.522680829347099819e-04 -1.940112732809922802e+00 -2.445020319517391627e+00 6.939332996107659413e-07 -4.581161249273364433e+00 1.342498400845013618e+09
8.481064695012685388e-04 -1.944570782789003527e+00 -2.350009792795286767e+00 5.799168952574686150e-07 -4.851448678207750831e+00 1.342498400689795971e+09
8.561264960625785151e-04 -1.936597841860106639e+00 -2.425115843098388346e+00 5.812526786623130809e-07 -4.867744376947733542e+00 1.342498400641758680e+09
8.561392974421406978e-04 -1.935290584635202649e+00 -2.452860233907996790e+00 4.290494809900538915e-07 -5.005928396989793860e+00 1.342498400947597265e+09
8.552148695960799058e-04 -1.936500941202258241e+00 -2.338330125382916513e+00 4.702146940947563654e-07 -5.009480884333543216e+00 1.342498400960627794e+09
8.552250756118452745e-04 -1.937256771967105218e+00 -2.308602282281188245e+00 6.748002602008614467e-07 -4.692576679405371820e+00 1.342498401106258869e+09
8.537860365162661808e-04 -1.939930842134694133e+00 -2.462727608018512093e+00 9.687518587867193368e-07 -4.432170700364625127e+00 1.342498400711695194e+09
8.562347533772969501e-04 -1.934579749294663253e+00 -2.439755713106731339e+00 5.858102334601208179e-07 -4.799006260962981329e+00 1.342498400971420527e+09
8.516353593181640903e-04 -1.940211103290298889e+00 -2.419542544876902124e+00 4.972055673594178407e-07 -4.937306493808972796e+00 1.342498401208390713e+09
8.521406774794792376e-04 -1.941282297364284481e+00 -2.364444361219318225e+00 5.902552361548482334e-07 -4.797278820404104138e+00 1.342498401493670702e+09
8.521406774794792376e-04 -1.941282297364284481e+00 -2.364444361219318225e+00 5.902552361548482334e-07 -4.797278820404104138e+00 1.342498401493670702e+09
8.533426670862885415e-04 -1.938088944983856976e+00 -2.488080618754461071e+00 4.720186240509899000e-07 -4.887883270541195202e+00 1.342498400714602232e+09
8.556436586540726958e-04 -1.938804872144431535e+00 -2.385063567607256019e+00 9.458963487041795770e-07 -4.468656824998211263e+00 1.342498400692284822e+09
8.488579465199703198e-04 -1.945030308943506370e+00 -2.320127717864478800e+00 1.043107849883608896e-06 -4.384699578497671446e+00 1.342498400630828857e+09
8.525936069535096015e-04 -1.940056531070453172e+00 -2.301283911036193786e+00 6.676933037497290144e-07 -4.759855277867813150e+00 1.342498400875826120e+09
8.524664930306576072e-04 -1.939615439406263908e+00 -2.394144587273636215e+00 7.993940616020658052e-07 -4.541578864709752139e+00 1.342498401529737949e+09
8.524664930306576072e-04 -1.939615439406263908e+00 -2.394144587273636215e+00 7.993940616020658052e-07 -4.541578864709752139e+00 1.342498401529737949e+09
8.546169440216774436e-04 -1.935653108218859275e+00 -2.325926546908388737e+00 3.341503488349955531e-07 -5.227453284767840991e+00 1.342498400723756075e+09
8.564093754385741428e-04 -1.935353257525642467e+00 -2.368608788413969268e+00 5.557132080655244386e-07 -4.776280055002042779e+00 1.342498401243103266e+09
8.564093754385741428e-04 -1.935353257525642467e+00 -2.368608788413969268e+00 5.557132080655244386e-07 -4.776280055002042779e+00 1.342498401243103266e+09
8.527702408942388918e-04 -1.938722575611879329e+00 -2.351706350468054652e+00 5.633776045545535792e-07 -4.742519515906597150e+00 1.342498401418490887e+09
8.527702408942388918e-04 -1.938722575611879329e+00 -2.351706350468054652e+00 5.633776045545535792e-07 -4.742519515906597150e+00 1.342498401418490887e+09
8.555677531332532473e-04 -1.935746128151820455e+00 -2.441600110789395650e+00 1.125991782305694341e-06 -4.252007343869202316e+00 1.342498400866227388e+09
8.546089502416274368e-04 -1.937888861816539299e+00 -2.399006200200950012e+00 5.036139819377705407e-07 -4.859235676793303149e+00 1.342498401411806583e+09
8.535984453252614844e-04 -1.936053467381236182e+00 -2.321742209959897441e+00 7.308042161475487982e-07 -4.562838292774117122e+00 1.342498400819100618e+09
8.535394044176126266e-04 -1.939753493889158742e+00 -2.346767111339282952e+00 9.989806303786115760e-07 -4.396381161830756668e+00 1.342498401357516050e+09
8.535394044176126266e-04 -1.939753493889158742e+00 -2.346767111339282952e+00 9.989806303786115760e-07 -4.396381161830756668e+00 1.342498401357516050e+09
8.530420313844597376e-04 -1.939000075605215700e+00 -2.348134695341079325e+00 4.589442769404773097e-07 -4.892074513717968642e+00 1.342498401344666958e+09
8.530420313844597376e-04 -1.939000075605215700e+00 -2.348134695341079325e+00 4.589442769404773097e-07 -4.892074513717968642e+00 1.342498401344666958e+09
8.494134584065566717e-04 -1.942057516368679071e+00 -2.382367986191447962e+00 4.469921269936490999e-07 -4.924093717785374302e+00 1.342498400927654028e+09
8.564567738457753423e-04 -1.935027031125720942e+00 -2.393812654453459476e+00 2.828783796258935545e-07 -5.283071586773337991e+00 1.342498400841066122e+09
8.532928929756256964e-04 -1.939562851296361856e+00 -2.326337368452466414e+00 6.215385084333500297e-07 -4.625496445182409211e+00 1.342498400679408550e+09
8.568957935910129870e-04 -1.934453279685637961e+00 -2.340656682625046336e+00 9.250461915195125060e-07 -4.360818601042124598e+00 1.342498400720034838e+09
8.561161832925049536e-04 -1.934680609744364510e+00 -2.383748954642637141e+00 4.842682912818856057e-07 -4.920434765597171634e+00 1.342498401248560190e+09
8.561161832925049536e-04 -1.934680609744364510e+00 -2.383748954642637141e+00 4.842682912818856057e-07 -4.920434765597171634e+00 1.342498401248560190e+09
8.492311765896400338e-04 -1.944110967655557687e+00 -2.347825423764838160e+00 6.615001190773778848e-07 -4.743914705211574656e+00 1.342498401021137476e+09
8.548300808939589572e-04 -1.937264003670228441e+00 -2.294920209282864221e+00 6.625522436001677331e-07 -4.731648023450560459e+00 1.342498400838165522e+09
8.516972474496870438e-04 -1.940841089430102473e+00 -2.387487971987840130e+00 6.704216816669821716e-07 -4.763069885456971519e+00 1.342498401008285761e+09
8.522482412827679654e-04 -1.939865873779549554e+00 -2.356188888508263801e+00 6.279089747799853128e-07 -4.704557635064002596e+00 1.342498401648540974e+09
8.522482412827679654e-04 -1.939865873779549554e+00 -2.356188888508263801e+00 6.279089747799853128e-07 -4.704557635064002596e+00 1.342498401648540974e+09
8.554758700829695039e-04 -1.936569083361297849e+00 -2.365474032565646034e+00 1.230444459332272523e-06 -4.281730085566428201e+00 1.342498400841090441e+09
8.518348356915846076e-04 -1.940374996123076956e+00 -2.399443508778265066e+00 1.249583013190329542e-06 -4.235141967715930100e+00 1.342498400965974092e+09
8.542386076655764972e-04 -1.936767802312223674e+00 -2.345253593187465846e+00 4.227233202752076639e-07 -5.021290951601293351e+00 1.342498401425707102e+09
8.525825498890135046e-04 -1.938444425793633297e+00 -2.322086339350804884e+00 3.215100315375083462e-07 -5.248837266672989443e+00 1.342498401080078125e+09
8.532415078732886972e-04 -1.938612964524131899e+00 -2.342641406529847092e+00 1.333361349242740260e-06 -4.151958446850574802e+00 1.342498401127822638e+09
8.538623417441483249e-04 -1.937080049922850211e+00 -2.474645652128371509e+00 6.964600255596901114e-07 -4.626604197335892898e+00 1.342498400902958870e+09
8.527123000122284295e-04 -1.938535706771892464e+00 -2.329921250900418350e+00 9.382774300717492522e-07 -4.359397199695756342e+00 1.342498401140878201e+09
8.548052329106507665e-04 -1.935014365337599962e+00 -2.395302075105187889e+00 5.912799254504900035e-07 -4.729686018577958784e+00 1.342498401068222761e+09
8.548052329106507665e-04 -1.935014365337599962e+00 -2.395302075105187889e+00 5.912799254504900035e-07 -4.729686018577958784e+00 1.342498401068222761e+09
8.492836829832730661e-04 -1.943328717460696797e+00 -2.404427255930200236e+00 6.479324871960683025e-07 -4.739670436649731755e+00 1.342498400917542458e+09
8.554375366026045974e-04 -1.937047245795564532e+00 -2.467145221546920286e+00 9.488139914588483973e-07 -4.409798958926812062e+00 1.342498400898283243e+09
8.572663198611604274e-04 -1.934488157066919456e+00 -2.399714462562211992e+00 4.125323660078780502e-07 -5.056755905924361194e+00 1.342498400928220510e+09
8.520294577677491868e-04 -1.940071729313741500e+00 -2.355192483509511270e+00 4.384783744864027117e-07 -4.913771527073296674e+00 1.342498401205929995e+09
8.520294577677491868e-04 -1.940071729313741500e+00 -2.355192483509511270e+00 4.384783744864027117e-07 -4.913771527073296674e+00 1.342498401205929995e+09
8.519040787850077137e-04 -1.938468350583549604e+00 -2.336267685675913253e+00 1.045202841357279554e-06 -4.297337169144530122e+00 1.342498400899212599e+09
8.513784382517573324e-04 -1.938706389297628618e+00 -2.371571424672013428e+00 2.749640369198378093e-07 -5.350777416076342163e+00 1.342498400738854885e+09
8.523673557652134379e-04 -1.939097975906972193e+00 -2.391665717404964919e+00 1.083068746768356901e-06 -4.270428133621665623e+00 1.342498401132597923e+09
8.573254208825764394e-04 -1.934419481152232834e+00 -2.398228832080328665e+00 5.193657633983193153e-07 -4.777670254668594296e+00 1.342498400619101763e+09
8.566477727466315344e-04 -1.933714791827378487e+00 -2.311319096721725419e+00 5.580223008779265635e-07 -4.802641413506183454e+00 1.342498400642337322e+09
8.481373442177193248e-04 -1.944537883811478851e+00 -2.343468297322201632e+00 6.710418431735820060e-07 -4.690417904859513598e+00 1.342498400969431877e+09
8.540223312078568932e-04 -1.939666316828004833e+00 -2.317810076286390242e+00 1.075745030832733130e-06 -4.275250023092473484e+00 1.342498400752391577e+09
8.541533883133955096e-04 -1.937857273837455763e+00 -2.395977000162881954e+00 1.122729815172427439e-06 -4.216968852594405348e+00 1.342498401010630369e+09
8.494050549605804828e-04 -1.942696285120947941e+00 -2.339759853119843136e+00 1.353501056294510030e-06 -4.139928465307539440e+00 1.342498400610885143e+09
8.485709059022650833e-04 -1.942266772542666553e+00 -2.382432826605491272e+00 5.037795971845931979e-07 -4.897733692580203524e+00 1.342498400688681126e+09
8.541244614622195072e-04 -1.938948248785571149e+00 -2.422812653609010436e+00 5.437622090447849739e-07 -4.926266082709993555e+00 1.342498400692548752e+09
8.533114029221831832e-04 -1.937829335982327983e+00 -2.412468609797193242e+00 3.647361357516870850e-07 -5.049874572417963670e+00 1.342498400994533062e+09
8.566116529468557244e-04 -1.937085075168623050e+00 -2.365519228892910331e+00 9.370093525694327511e-07 -4.415589610421822186e+00 1.342498400859462023e+09
8.515860320812185290e-04 -1.940133101476316568e+00 -2.288581972903906525e+00 5.558392317928646040e-07 -4.877991029910084819e+00 1.342498400812149048e+09
8.517011466392784749e-04 -1.941849801008417309e+00 -2.351162041225783206e+00 2.715010343168128824e-07 -5.392550489597850216e+00 1.342498400766891718e+09
8.523901437892882722e-04 -1.938854398055333661e+00 -2.466673625405159331e+00 8.378847409029019416e-07 -4.472580726173607246e+00 1.342498400780607939e+09
8.547164476537870252e-04 -1.937398010788214497e+00 -2.390911153596711358e+00 1.367550556424693047e-06 -4.170226696632411745e+00 1.342498400975996494e+09
8.507275449372932218e-04 -1.944183482630380322e+00 -2.325539970509260979e+00 7.541703050698065038e-07 -4.625594688282205880e+00 1.342498400768598557e+09
8.550901499269021383e-04 -1.935933025537536656e+00 -2.477174165496427882e+00 5.434962852882792329e-07 -4.886822213467877596e+00 1.342498400603464842e+09
8.548203958534079461e-04 -1.936791250716341173e+00 -2.293141164649931341e+00 1.027856200213583884e-06 -4.306338074749223033e+00 1.342498400616091251e+09
8.537836419270460183e-04 -1.938047549204029218e+00 -2.351594822322871980e+00 2.357746687083980245e-07 -5.424780454248489647e+00 1.342498401047030210e+09
8.526110837751698247e-04 -1.939740322043593812e+00 -2.322277329188983774e+00 3.471209095716343352e-07 -5.212054290829629899e+00 1.342498401129664660e+09
8.526110837751698247e-04 -1.939740322043593812e+00 -2.322277329188983774e+00 3.471209095716343352e-07 -5.212054290829629899e+00 1.342498401129664660e+09
8.535088612872049688e-04 -1.938416358091936020e+00 -2.451728854417799308e+00 2.749649921703752493e-07 -5.280357664303589438e+00 1.342498400667395115e+09
8.523475988830833596e-04 -1.939093422964306423e+00 -2.439462190474531944e+00 5.102077704597355209e-07 -4.931807961570079613e+00 1.342498400964430571e+09
8.494350450246929054e-04 -1.942733810197188937e+00 -2.308365537298403769e+00 5.014124083448466885e-07 -4.885450780673470383e+00 1.342498401193304300e+09
8.494350450246929054e-04 -1.942733810197188937e+00 -2.308365537298403769e+00 5.014124083448466885e-07 -4.885450780673470383e+00 1.342498401193304300e+09
8.508260864250954351e-04 -1.940282123068106435e+00 -2.369679950606461194e+00 2.429301048754501339e-07 -5.397881261847860657e+00 1.342498400945214748e+09
8.530388024313054034e-04 -1.939882608846566381e+00 -2.359816248171934916e+00 2.415170202489497043e-07 -5.464063684619208772e+00 1.342498400849027395e+09
8.490170801517141295e-04 -1.944435098891895031e+00 -2.327604222538089740e+00 3.859180907452531613e-07 -5.052387855868757605e+00 1.342498400847988129e+09
8.515190336612359252e-04 -1.941755782587779811e+00 -2.367435821440411647e+00 7.995265803162719331e-07 -4.580564641431295492e+00 1.342498401404160261e+09
8.535790299238327607e-04 -1.939670592579421982e+00 -2.393198100419629437e+00 6.892177316393819218e-07 -4.741456700585397144e+00 1.342498401019811630e+09
8.536509426203986884e-04 -1.940051926094984225e+00 -2.434343245630146146e+00 3.592308007621712159e-07 -5.134431180916084969e+00 1.342498400799647808e+09
8.524002190767360383e-04 -1.942853322035400510e+00 -2.381022205920427570e+00 5.668169868474434552e-07 -4.813187200625634432e+00 1.342498400606153011e+09
8.552707012589766573e-04 -1.936087988153232020e+00 -2.371019794368151690e+00 8.907561731024511277e-07 -4.533837783371586383e+00 1.342498400974515676e+09
8.517509624641229080e-04 -1.939441018290666063e+00 -2.383083144521228824e+00 1.974727844446653459e-07 -5.520169101961245772e+00 1.342498400701698780e+09
8.539634276763170048e-04 -1.939329245047761052e+00 -2.359891385859665291e+00 7.449570497398808548e-07 -4.671901968907996583e+00 1.342498401179962158e+09
8.539634276763170048e-04 -1.939329245047761052e+00 -2.359891385859665291e+00 7.449570497398808548e-07 -4.671901968907996583e+00 1.342498401179962158e+09
8.564977609064878920e-04 -1.933271838329766679e+00 -2.384022597471473492e+00 3.384952168530356355e-07 -5.122632702674017047e+00 1.342498400619378567e+09
8.533635690208798887e-04 -1.938630624935094637e+00 -2.432566852936270063e+00 7.871375086330257909e-07 -4.559681152108518987e+00 1.342498401338014126e+09
8.533635690208798887e-04 -1.938630624935094637e+00 -2.432566852936270063e+00 7.871375086330257909e-07 -4.559681152108518987e+00 1.342498401338014126e+09
8.560321744216439635e-04 -1.934496792513499486e+00 -2.399991638092500157e+00 3.818487960366373196e-07 -5.093312134721303508e+00 1.342498401047779322e+09
8.575100757445363155e-04 -1.933818005326926937e+00 -2.347298693780622170e+00 5.111096345305089883e-07 -4.870990126251700580e+00 1.342498400938144207e+09
8.553373272249789518e-04 -1.936083231550135508e+00 -2.413027965378562456e+00 3.438076068246612230e-07 -5.124763993262849482e+00 1.342498401072455883e+09
8.539520608772224785e-04 -1.937238683900304181e+00 -2.408748612665006394e+00 1.036189864109216639e-06 -4.375744178513598648e+00 1.342498401140379906e+09
8.547013188485967508e-04 -1.934511229368081509e+00 -2.404313886714366966e+00 7.578004865376770718e-07 -4.558599480025131712e+00 1.342498400694014311e+09
8.527435841580289057e-04 -1.939351964356376135e+00 -2.305395192277640337e+00 1.019795686897353250e-06 -4.413663634004687530e+00 1.342498400968860626e+09
8.489729751414235850e-04 -1.942774726514173711e+00 -2.301830782981708179e+00 3.354538205943826493e-07 -5.227599549311451099e+00 1.342498400703206301e+09
8.521929548418323260e-04 -1.939549848490665473e+00 -2.336402494542192620e+00 3.310525686694792122e-07 -5.218973500537741117e+00 1.342498401340001822e+09
8.559858802310856907e-04 -1.935826442008723669e+00 -2.480638663312563885e+00 5.652783034242792021e-07 -4.777636362481170629e+00 1.342498400835220098e+09
8.514842141086852167e-04 -1.939675800758347890e+00 -2.362765515171090680e+00 7.955621676832733518e-07 -4.510541127014925600e+00 1.342498401346199512e+09
8.514842141086852167e-04 -1.939675800758347890e+00 -2.362765515171090680e+00 7.955621676832733518e-07 -4.510541127014925600e+00 1.342498401346199512e+09
8.535680551975674069e-04 -1.939336917201523791e+00 -2.328528774947548730e+00 2.524888118423620713e-07 -5.392433593784206280e+00 1.342498400892775774e+09
8.510797519474731744e-04 -1.940127715002453179e+00 -2.370229574336946587e+00 4.836542043880984492e-07 -4.929653412070277518e+00 1.342498401421351671e+09
8.529041550645249459e-04 -1.938498744960217124e+00 -2.382757424772342425e+00 8.998046128936401394e-07 -4.433173767984486702e+00 1.342498401445016623e+09
8.529041550645249459e-04 -1.938498744960217124e+00 -2.382757424772342425e+00 8.998046128936401394e-07 -4.433173767984486702e+00 1.342498401445016623e+09
8.534520785815275564e-04 -1.939681369746477202e+00 -2.346594459922016540e+00 2.078074952693195501e-07 -5.533635989531681787e+00 1.342498400670685291e+09
8.510371163960595833e-04 -1.940766322257028165e+00 -2.393751475798816308e+00 5.580915269991339852e-07 -4.809401649755079333e+00 1.342498401433073521e+09
8.510371163960595833e-04 -1.940766322257028165e+00 -2.393751475798816308e+00 5.580915269991339852e-07 -4.809401649755079333e+00 1.342498401433073521e+09
8.557929759304575088e-04 -1.937736801743322745e+00 -2.379183486165488581e+00 8.559896377178968823e-07 -4.562125627112935788e+00 1.342498400915528536e+09
8.505830226203848652e-04 -1.942224996679603244e+00 -2.409323957585443488e+00 5.529083503703708101e-07 -4.763279393009144158e+00 1.342498400960770607e+09
8.529918646685644970e-04 -1.939334911180822907e+00 -2.475532165580639266e+00 4.969782774108062585e-07 -4.884469864683463669e+00 1.342498400952422380e+09
8.542204649952776785e-04 -1.938647455440808409e+00 -2.478444771182076511e+00 7.568519097328104954e-07 -4.615329777994890748e+00 1.342498400882710457e+09
8.538461823764293985e-04 -1.936743026802245637e+00 -2.386638017411174317e+00 6.428974720809787398e-07 -4.755168916473806462e+00 1.342498401174639702e+09
8.541559752970092744e-04 -1.937578503299617783e+00 -2.349845043909793763e+00 9.623288935792841085e-07 -4.406179977546449855e+00 1.342498401472458124e+09
8.541559752970092744e-04 -1.937578503299617783e+00 -2.349845043909793763e+00 9.623288935792841085e-07 -4.406179977546449855e+00 1.342498401472458124e+09
8.511228967177757176e-04 -1.939927355617365734e+00 -2.347825711579916597e+00 5.042158083594981851e-07 -4.776588037240295570e+00 1.342498400766384125e+09
8.556698071209944793e-04 -1.937059030160258377e+00 -2.387811261549189545e+00 4.421482278512352358e-07 -5.055968890720157205e+00 1.342498400903513432e+09
8.547530319666025219e-04 -1.936080162423795104e+00 -2.389903805461211839e+00 1.547343971063909419e-06 -3.990275847032442869e+00 1.342498400612563848e+09
8.538082516992646833e-04 -1.939162601118438189e+00 -2.394123831160654525e+00 9.991846251614452470e-07 -4.438422988457033647e+00 1.342498401142279625e+09
8.538082516992646833e-04 -1.939162601118438189e+00 -2.394123831160654525e+00 9.991846251614452470e-07 -4.438422988457033647e+00 1.342498401142279625e+09
8.553529852757191720e-04 -1.935397989458336632e+00 -2.315135069711294236e+00 6.137753075849614336e-07 -4.732444533521485752e+00 1.342498401084712029e+09
8.502837522835621220e-04 -1.940055654306310995e+00 -2.391282968185580504e+00 3.288501876334143878e-07 -5.147173442003890820e+00 1.342498400703351021e+09
8.572231746594632723e-04 -1.935035457143640114e+00 -2.416945911560309579e+00 8.965481030249726674e-07 -4.485291032435864800e+00 1.342498400965586185e+09
8.506488723150280092e-04 -1.942042898781275007e+00 -2.418193514480297956e+00 1.089225626088297979e-06 -4.370019140975848870e+00 1.342498400638581514e+09
8.520144004770958263e-04 -1.942149984400898033e+00 -2.349714672968062690e+00 5.642266592920693160e-07 -4.876885771276466386e+00 1.342498401005335093e+09
8.520883637461467873e-04 -1.937529263895604537e+00 -2.399626569920636499e+00 7.827254592958273819e-07 -4.583996563767700039e+00 1.342498400637502670e+09
8.510697857685601154e-04 -1.940366890289511481e+00 -2.345272551320963128e+00 6.992303101435423934e-07 -4.614087206431094934e+00 1.342498401434130669e+09
8.574529366615010490e-04 -1.932925074008632560e+00 -2.436177092699201907e+00 8.045560562952996532e-07 -4.519550551658888082e+00 1.342498400699747562e+09
