8.695769064409702943e-04 -1.926856961599796136e+00 4.479532669747359819e+02 4.755823373260412271e-08 -6.121813822344842393e+00 1.342498388382090569e+09
8.965081482185842865e-04 -1.900164564089962038e+00 4.277043072943662310e+02 1.450463324657154604e-08 -7.267877839228156667e+00 1.342498389161771297e+09
9.884568512892202927e-04 -1.847287883471162129e+00 2.976961626245900447e+02 3.513929355272901108e-06 -3.296719242676110717e+00 1.342498389388563156e+09
8.833134617215492772e-04 -1.917643132280990592e+00 4.068156736782350436e+02 4.948825152845541667e-07 -4.565596518317102337e+00 1.342498389496017694e+09
8.859136204316724007e-04 -1.908346025597211781e+00 4.453294042881851738e+02 1.141118541008221929e-06 -4.491903058151782702e+00 1.342498389546188116e+09
8.493545263136244913e-04 -1.940280394192535951e+00 5.219431929392712846e+02 5.109683641260566629e-06 -3.212992775178614480e+00 1.342498389916468859e+09
8.370949271337247517e-04 -1.951757281564283186e+00 5.581378068376355941e+02 4.632678561675808331e-08 -6.457308268318257660e+00 1.342498389976716995e+09
8.871479785484209183e-04 -1.921705031937401831e+00 4.318363485408284532e+02 2.313126499885278199e-06 -3.871727655551679526e+00 1.342498390042158604e+09
8.638934390553043921e-04 -1.934583347370050443e+00 4.486756341090770093e+02 2.026250424838504482e-08 -7.103130295401444805e+00 1.342498390191758394e+09
8.820785791762412618e-04 -1.919567500876763422e+00 4.217448764510369870e+02 1.357526126326983765e-06 -3.665312358227235556e+00 1.342498390381845474e+09
8.367926011391259387e-04 -1.948218774410665155e+00 5.407897831333636987e+02 3.824790309521131907e-08 -6.580344652929063898e+00 1.342498390390111446e+09
8.917487646547985055e-04 -1.913165576275787982e+00 4.179450769759193349e+02 6.724831546632356102e-06 -2.453272198253666048e+00 1.342498390401596785e+09
8.204252495555417650e-04 -1.962337510076344937e+00 6.009427479238067917e+02 4.228922031785252112e-07 -4.901379314239086682e+00 1.342498390578710079e+09
9.779050541755833405e-04 -1.851075568731664678e+00 3.038748797904972889e+02 2.743739094818993006e-06 -3.486392052723413570e+00 1.342498390642769098e+09
8.478713419607222584e-04 -1.946454520424344858e+00 5.245483807468488067e+02 3.081859564959058504e-06 -3.354181022676642421e+00 1.342498390693284035e+09
8.410099814953234760e-04 -1.945974868698084892e+00 5.546236350615783977e+02 7.923523929302333071e-07 -4.760319846348449957e+00 1.342498390708425522e+09
8.584106735531079170e-04 -1.927062297432590610e+00 5.097282187785039014e+02 2.163776276947560678e-07 -5.596439832118759838e+00 1.342498391115162611e+09
9.368520947578103846e-04 -1.881295700117297187e+00 3.502375378225960958e+02 4.201263338505332875e-07 -5.237366554552773223e+00 1.342498391154066801e+09
8.658140352744184923e-04 -1.933091212911232981e+00 4.772202320656967345e+02 1.674842689557221678e-06 -3.704529266507597285e+00 1.342498391169584274e+09
8.841026017910641379e-04 -1.908155445003171469e+00 4.350186510746768818e+02 6.172473850343649093e-07 -4.859828300742461415e+00 1.342498391171725988e+09
8.507570088265603049e-04 -1.940154406275365950e+00 5.381888818722376300e+02 2.462003210013595085e-07 -5.336951712919685953e+00 1.342498391252176046e+09
8.578934633206803046e-04 -1.931503641543833361e+00 5.256912333467280405e+02 1.176635001957141623e-06 -4.353242981307912984e+00 1.342498391325013638e+09
8.692275722657960340e-04 -1.922782322332331928e+00 4.494030714998951339e+02 3.069539599893601307e-06 -3.349555793491379774e+00 1.342498391434925318e+09
8.973497542556723274e-04 -1.898188398185258752e+00 4.166286071243482638e+02 5.327673221188357302e-08 -6.435497689635173657e+00 1.342498391612793207e+09
8.693119119083704289e-04 -1.935606114234118991e+00 4.461213576843203441e+02 1.635386976049920440e-07 -5.739671507620347057e+00 1.342498391613505840e+09
8.545844603395094880e-04 -1.940259554906023531e+00 4.877173167920814763e+02 2.565016561206228310e-08 -7.032836700560671339e+00 1.342498391635976791e+09
8.969925659724601891e-04 -1.904875211569086124e+00 4.163974313511342302e+02 1.962901616001966195e-06 -3.383114280412465646e+00 1.342498391740960121e+09
9.032918873556252531e-04 -1.911198301368635777e+00 3.953849947748515206e+02 2.395637021176259850e-06 -3.801305573835305651e+00 1.342498391905989647e+09
8.630882226791195292e-04 -1.934594221110972345e+00 4.884543955557110166e+02 3.751352197701268861e-07 -4.917029946030083920e+00 1.342498391924698114e+09
9.001568543924348860e-04 -1.906868318062874046e+00 3.772864026495828966e+02 1.413728009670676636e-06 -4.071493403151408508e+00 1.342498391950229406e+09
8.975002438710743451e-04 -1.913300906964051418e+00 4.111606838572766378e+02 2.370194917552404679e-06 -3.869585525881165111e+00 1.342498391953599691e+09
8.981752702364793244e-04 -1.910366527253043234e+00 3.785591049433661510e+02 7.354874273094260199e-07 -4.674311642639372266e+00 1.342498391983643770e+09
8.291510135706222501e-04 -1.956969445200262170e+00 5.861365114143561641e+02 1.715712152202353762e-07 -5.739678319720633581e+00 1.342498392012061596e+09
8.941852022975602457e-04 -1.905569536669151187e+00 4.035642522523241382e+02 8.482300425042610402e-08 -5.830946698605231404e+00 1.342498392023769140e+09
9.011674921819908283e-04 -1.902645769506792872e+00 3.910262130566102314e+02 5.372704766661511514e-06 -3.091423222613446598e+00 1.342498392056061745e+09
9.211553533333025024e-04 -1.897692079416777311e+00 3.586788045037174015e+02 1.118731506978301054e-07 -6.007669584676320618e+00 1.342498392085287333e+09
9.514037129157143892e-04 -1.868681811435457973e+00 3.441377111106464781e+02 2.485104842261805311e-06 -3.504508942046205888e+00 1.342498392094473839e+09
8.399702566988611653e-04 -1.948442628318711511e+00 5.484292843727913578e+02 2.042081555024088884e-07 -5.703386695425318287e+00 1.342498392102617502e+09
8.936155475648613475e-04 -1.912223392249065013e+00 3.860539170763083234e+02 7.340691662875468806e-07 -4.642081588032475281e+00 1.342498392106687307e+09
9.171397528565429242e-04 -1.894645002327232319e+00 3.561273590116605305e+02 6.709621971955297172e-07 -4.470600133713329427e+00 1.342498392149892330e+09
8.747457313712757310e-04 -1.929085748647857423e+00 4.572297388273405545e+02 4.826234456022038635e-07 -4.861038205175967519e+00 1.342498392195994616e+09
8.844781811527997490e-04 -1.914705389295102034e+00 4.187916511375195228e+02 2.033364114731416959e-07 -5.733166037193894837e+00 1.342498392228495121e+09
9.054044113085509731e-04 -1.902881225890584949e+00 3.861996739283039801e+02 1.758342456096662787e-06 -3.496869595972887268e+00 1.342498392229305506e+09
8.975304736156417213e-04 -1.910165505297962252e+00 4.055497272993398497e+02 2.444256897757561748e-08 -7.016653791721862099e+00 1.342498392242994070e+09
8.631704906872538679e-04 -1.925575014347487013e+00 4.776158479150777225e+02 5.153429536114078359e-08 -6.546159814142604283e+00 1.342498392299127817e+09
9.074416252274101428e-04 -1.898249201582908441e+00 3.952288705446449626e+02 1.745585206293036107e-06 -3.479595473544335960e+00 1.342498392299237013e+09
8.621940260586415106e-04 -1.932968136109968427e+00 4.809382105954383633e+02 2.615446833029816761e-06 -3.842038565229758618e+00 1.342498392310878992e+09
8.958984994108276948e-04 -1.901073990407000203e+00 4.370277650814941808e+02 1.780441942231452418e-06 -3.947108172564536943e+00 1.342498392315924168e+09
8.770787233958724947e-04 -1.913017550050417181e+00 4.462276146263321834e+02 7.622347069536630544e-07 -4.386321638002111278e+00 1.342498392328582287e+09
8.364380913108885414e-04 -1.948052821553771796e+00 5.415305530881358891e+02 1.315656115906333412e-07 -5.828141839636325372e+00 1.342498392400523663e+09
8.877852855498998995e-04 -1.917423242228157410e+00 4.088160434879180229e+02 1.879413732154100920e-07 -5.799299259693755815e+00 1.342498392408378124e+09
9.037694275084508537e-04 -1.902705391049852368e+00 3.902254216773625899e+02 1.884278954546028354e-07 -5.194133320516337804e+00 1.342498392451855421e+09
8.948932907439713369e-04 -1.902167770524929358e+00 4.158496196571533119e+02 1.774511291016564679e-06 -4.071185474796449100e+00 1.342498392456347942e+09
9.083746871344325650e-04 -1.894872137682890534e+00 3.979359599165545660e+02 1.031945346975702524e-06 -3.922603398310393175e+00 1.342498392496374130e+09
8.970962189314604217e-04 -1.905453988922592767e+00 3.916099417260092537e+02 4.320998933259944539e-08 -6.478099954027655372e+00 1.342498392544291258e+09
8.616324539723638036e-04 -1.936491743330313708e+00 4.537689662170491260e+02 6.757836820363650793e-07 -4.838242136368823054e+00 1.342498392556877851e+09
8.886606159583621076e-04 -1.906400140919086272e+00 4.185301932261089064e+02 2.580900761233085087e-06 -3.500953338461087583e+00 1.342498392567076206e+09
8.793169899443919720e-04 -1.922889843929298515e+00 4.190212937118775471e+02 3.675736415103856275e-06 -3.386088051550722788e+00 1.342498392596899986e+09
8.502327988495359196e-04 -1.937980857063650308e+00 4.890370343565227813e+02 5.487066807557087352e-07 -4.804764893197946307e+00 1.342498392599014044e+09
8.486965062417950326e-04 -1.946554478968438584e+00 5.032537541773044723e+02 1.362967072525300242e-07 -5.955712290320859026e+00 1.342498392604110003e+09
9.262108325773593881e-04 -1.889925651248373750e+00 3.688720690475460628e+02 6.086610452951240973e-07 -4.509168490610318436e+00 1.342498392626643419e+09
9.310171922693492256e-04 -1.877967748053234853e+00 3.596640201015397906e+02 1.446559459042119190e-06 -4.204115926568258388e+00 1.342498392631542444e+09
8.942648281724122419e-04 -1.906012565626189925e+00 3.994437313440346884e+02 9.988811934308640293e-08 -5.789960546650892326e+00 1.342498392633594751e+09
9.393650511114724246e-04 -1.872136287325473658e+00 3.567652560005141709e+02 1.705942142222258510e-07 -5.543202623683470165e+00 1.342498392641576290e+09
8.492012336736059130e-04 -1.942731927833464489e+00 5.010092457419814309e+02 9.986563000959194358e-07 -4.099638460248547389e+00 1.342498392660597563e+09
9.319145490540428406e-04 -1.886983267958583621e+00 3.574913814210619307e+02 4.147385151384401672e-06 -3.032232423857773362e+00 1.342498392686423063e+09
9.086521216060663899e-04 -1.906997501461784594e+00 3.749677021414244109e+02 1.361115534487887590e-06 -4.319144457079282517e+00 1.342498392700387001e+09
9.737967147228213712e-04 -1.856603876566524480e+00 3.107242749224860745e+02 1.289175239108524768e-06 -4.131049041441951175e+00 1.342498392709821224e+09
8.544219229037322344e-04 -1.938850362506015834e+00 4.916039037607465048e+02 1.369536899059215697e-07 -6.001242011025867740e+00 1.342498392720973492e+09
8.667097395754294479e-04 -1.923331223647166244e+00 4.809061025326681147e+02 1.396225723441486806e-06 -3.792984015558657163e+00 1.342498392742202282e+09
9.145404040701187636e-04 -1.891840598970741194e+00 3.668253695990333085e+02 7.951732993709937030e-07 -4.311899424396019143e+00 1.342498392747770071e+09
9.343526256144152548e-04 -1.873237300962333318e+00 3.621152471539621160e+02 1.074642728539413281e-06 -4.283637423214631923e+00 1.342498392751898289e+09
9.683127850347824413e-04 -1.858266735185850393e+00 3.203698704664373622e+02 1.174159427462992669e-06 -4.161445997387276385e+00 1.342498392781674385e+09
9.227302398668108451e-04 -1.890854318507360965e+00 3.808128583502680726e+02 4.032042636332371360e-07 -4.954918610586466876e+00 1.342498392797791719e+09
8.494961185526341127e-04 -1.934813858118274998e+00 5.171114991381091386e+02 4.680324612810747775e-07 -4.984590865171123042e+00 1.342498392848043680e+09
8.345387387124153598e-04 -1.954286774068265009e+00 5.623195332124677179e+02 6.793772853879808847e-07 -4.815059778366975962e+00 1.342498392850211620e+09
8.724091244122635742e-04 -1.928054224794486515e+00 4.725000397199999043e+02 2.165528822998702248e-06 -3.768210662153355983e+00 1.342498392877749681e+09
8.762471760537891971e-04 -1.918777870639301053e+00 4.501501467907652341e+02 7.019570970649295681e-06 -2.641705899099301647e+00 1.342498392881690025e+09
8.874327437057425621e-04 -1.913856097233487485e+00 4.168181450254242009e+02 2.678906287937659043e-07 -4.949498864834155576e+00 1.342498392882895708e+09
8.606535178521504447e-04 -1.933488144749288651e+00 5.003198011670736491e+02 1.755048792421840508e-07 -5.500472945611299735e+00 1.342498392917913437e+09
8.533774875019851762e-04 -1.936115421555482108e+00 5.104871678864491287e+02 1.085541207834008865e-06 -4.009493206149414846e+00 1.342498392917934179e+09
8.421424253414440744e-04 -1.946692616997905301e+00 5.465876956012690471e+02 9.420113535724503698e-08 -6.116365269338470689e+00 1.342498392923731804e+09
9.274861796598254720e-04 -1.890415891778162161e+00 3.673809554486405773e+02 2.941138903987070974e-07 -5.292193292665942295e+00 1.342498392928107500e+09
8.679404709258811777e-04 -1.923290646137703508e+00 4.671559559909189829e+02 2.694825796818709854e-06 -3.711391996396119275e+00 1.342498392940304279e+09
8.452016602444845875e-04 -1.939964424954095268e+00 5.518471065910366633e+02 1.481710042257985422e-06 -4.042170863147084958e+00 1.342498392941577435e+09
9.037127303651202540e-04 -1.897725657516633690e+00 3.841230465128829223e+02 4.131436768336954071e-07 -4.868724073052261403e+00 1.342498392942458391e+09
8.728971106236276369e-04 -1.921947464930128247e+00 4.520203883104872489e+02 4.622164193932847551e-07 -4.554462216864882507e+00 1.342498392958650351e+09
8.615081360181405228e-04 -1.938430912743182688e+00 4.691779939319151254e+02 2.407137234024669377e-06 -3.848054027197026272e+00 1.342498392969501019e+09
9.026454980326900548e-04 -1.903205050348883098e+00 3.767628921411036345e+02 7.420508028941767910e-07 -4.618330099796017052e+00 1.342498392975288391e+09
8.355678314501289658e-04 -1.947490542515470047e+00 5.769152188402276806e+02 5.497304148831532969e-07 -4.829531811671136765e+00 1.342498392992424726e+09
9.316785685292378136e-04 -1.879700573696414523e+00 3.480197857991162209e+02 5.923198527928631175e-07 -4.824924303915705259e+00 1.342498392994097710e+09
8.939046101573522134e-04 -1.905700081571807925e+00 4.151599799489492284e+02 2.047976922497103682e-07 -5.145651992804935126e+00 1.342498392999340534e+09
8.802564332449739097e-04 -1.912921454158794221e+00 4.676314237700220247e+02 3.582388175538824746e-07 -5.046134203729510048e+00 1.342498393003558397e+09
9.362907195058763152e-04 -1.884598825510278797e+00 3.391476161067048452e+02 1.236846078647830678e-07 -5.931280399096115374e+00 1.342498393007323503e+09
8.635261393893415259e-04 -1.933328132515423459e+00 4.850339469614437462e+02 1.600978716591634654e-07 -5.551283795773821694e+00 1.342498393025274754e+09
8.895752255203044504e-04 -1.907167810482337966e+00 4.363468839901650540e+02 3.505189655873497408e-07 -4.828316535485903671e+00 1.342498393036754370e+09
9.050917418382634647e-04 -1.904957962144435690e+00 3.904802644821922399e+02 3.733693861960320349e-08 -6.593234818337410985e+00 1.342498393052572727e+09
8.453732630577080612e-04 -1.944410415558229577e+00 5.179661074348678085e+02 1.053349615679039207e-07 -6.130208018569002881e+00 1.342498393093230009e+09
8.879593643813968144e-04 -1.919007832015733550e+00 3.969963280312626921e+02 1.543912502615860274e-06 -4.016476505911333206e+00 1.342498393124861002e+09
8.701849284639989095e-04 -1.918515037784797261e+00 4.741543919442077595e+02 1.445669648121801638e-06 -4.141642505707343602e+00 1.342498393162248850e+09
8.718536359745013764e-04 -1.917962137570308867e+00 4.794016598316887325e+02 3.238762000300106342e-07 -5.022526694141713932e+00 1.342498393162459373e+09
9.070012360496877701e-04 -1.894733967635024330e+00 3.959363541519762748e+02 2.931545787886764979e-08 -6.737436720725110462e+00 1.342498393164190054e+09
9.047419992585435623e-04 -1.903193243962439052e+00 3.774822971115211203e+02 2.037706213313533878e-06 -3.566340145510488391e+00 1.342498393166311979e+09
8.369833053958626980e-04 -1.953074274770909557e+00 5.401510405487734943e+02 7.408337148436840666e-07 -4.455945285679808521e+00 1.342498393185742617e+09
8.763978522699394143e-04 -1.927851193406457941e+00 4.241113482381485369e+02 9.484304812282790331e-08 -6.109252280541282332e+00 1.342498393190680265e+09
8.885574028492180653e-04 -1.919243745542547508e+00 4.251046937057578816e+02 2.731372311459279738e-06 -3.502731570406461437e+00 1.342498393215323925e+09
8.915651178188355045e-04 -1.914516861718449814e+00 4.102692982884886987e+02 5.451744080921990661e-08 -6.264989584676364132e+00 1.342498393215932131e+09
8.305700685133575152e-04 -1.953582264458470386e+00 5.648506357343217132e+02 4.050762063801153788e-07 -5.047211540383027994e+00 1.342498393241198063e+09
9.059650842391529834e-04 -1.901502170575035233e+00 3.948774653602262674e+02 4.181525564442003488e-06 -2.873407616374604956e+00 1.342498393245488405e+09
9.048031468673237805e-04 -1.895697768699952768e+00 3.977944817939745121e+02 7.127822447731571106e-07 -4.264890333592730620e+00 1.342498393247378111e+09
8.592608913753556170e-04 -1.927900886839055694e+00 4.962898426201280699e+02 4.781479047458826520e-07 -5.038089024818040329e+00 1.342498393248498917e+09
8.651548415614921826e-04 -1.933970790515669336e+00 4.742183807073778326e+02 8.589957994250280138e-08 -6.125242966616441187e+00 1.342498393266562939e+09
9.205710904271539570e-04 -1.895991198586145510e+00 3.661781625377927298e+02 2.053852187292141111e-07 -5.679387205412062656e+00 1.342498393274385214e+09
8.782146494360618854e-04 -1.926510391880082995e+00 4.416812370813779580e+02 2.720090864865574403e-06 -3.473052268418643784e+00 1.342498393280823231e+09
8.566358805305925722e-04 -1.933855971696998299e+00 5.101088621800737997e+02 9.010791229675321562e-08 -5.978583524101559021e+00 1.342498393281941175e+09
8.838257842485310002e-04 -1.910268341288464455e+00 4.466757547802103545e+02 7.567730701409763112e-08 -6.045068485860634055e+00 1.342498393290618896e+09
8.942768015185190373e-04 -1.916125647178922975e+00 4.005696649684260251e+02 3.896201326626998359e-06 -3.229491490483654026e+00 1.342498393292600870e+09
9.057236055571889080e-04 -1.899488038742200624e+00 3.778951741358316099e+02 5.555351365620554833e-07 -4.919354790636138119e+00 1.342498393292913675e+09
9.221612485313220508e-04 -1.887066209880546852e+00 3.871609806772225397e+02 5.358495707941111220e-07 -4.879126571310693272e+00 1.342498393319097757e+09
8.351026678537799841e-04 -1.950246103937055331e+00 5.440000650009639003e+02 3.258618056777243131e-07 -5.135956807499391985e+00 1.342498393332726717e+09
9.048729233653884148e-04 -1.893707911654305409e+00 4.012384115715977373e+02 4.226651752408093289e-07 -4.759657471557818376e+00 1.342498393356410503e+09
8.660626348423086217e-04 -1.923311419173209025e+00 4.648460161635647410e+02 1.336497231583124266e-07 -5.690285886227784751e+00 1.342498393373040915e+09
8.418963733036189919e-04 -1.952478229887912864e+00 5.176910814406226109e+02 2.757888166233661184e-07 -5.331781922256611850e+00 1.342498393379630089e+09
8.347014409062683939e-04 -1.956396601628826115e+00 5.466389479372755886e+02 4.268760689424427902e-07 -4.974595108721844738e+00 1.342498393393686295e+09
9.602010455397692662e-04 -1.864127096925363825e+00 3.234839722370484765e+02 2.929181138160060137e-07 -5.147466695284332872e+00 1.342498393394695044e+09
9.594774439695525573e-04 -1.861680729397470202e+00 3.286918618818589266e+02 1.705669199019979607e-06 -3.784532350429838488e+00 1.342498393403277397e+09
9.526179724402425919e-04 -1.866783556152685764e+00 3.352418575957698295e+02 2.420166521903720764e-06 -3.773329891539764169e+00 1.342498393407023430e+09
8.411064682202328696e-04 -1.949290150473218297e+00 5.183537923893945845e+02 8.828604797688969599e-07 -4.326059338231004858e+00 1.342498393407277584e+09
8.455561099601831233e-04 -1.950097309780260968e+00 5.170456835086206411e+02 5.994648747841490039e-07 -4.869952343569163844e+00 1.342498393412885904e+09
8.890101276259671685e-04 -1.917812415087284172e+00 4.047423115435151431e+02 4.403533687785823143e-06 -3.178375166063308832e+00 1.342498393433280468e+09
8.946526141579663575e-04 -1.905584776311377126e+00 4.117729611927239262e+02 3.081939219872130693e-06 -3.103693973157763075e+00 1.342498393444577694e+09
8.572981583429057804e-04 -1.934003111595845148e+00 4.791654841099662576e+02 4.769392545982680808e-07 -5.089498958241403415e+00 1.342498393451706171e+09
8.701601683403637063e-04 -1.917860130356899617e+00 4.770065261096882523e+02 7.767385043923714215e-07 -4.429030431872710949e+00 1.342498393457823992e+09
9.162077954714184904e-04 -1.899276771694532240e+00 3.679911329383399448e+02 8.390643931508703831e-07 -4.244417214397700810e+00 1.342498393463553429e+09
9.302484384337919316e-04 -1.884519267220982286e+00 3.446582950735539725e+02 2.462342427514427647e-06 -3.616301223679984744e+00 1.342498393467247486e+09
8.660830216200921319e-04 -1.921173054142229386e+00 4.898052086937980789e+02 4.672721272905626495e-07 -4.953943529636221754e+00 1.342498393478341341e+09
9.541568416906525633e-04 -1.864505327373523480e+00 3.274490967845257501e+02 9.470144652735154669e-07 -4.395141257774438870e+00 1.342498393481029510e+09
9.185190869639052805e-04 -1.897468117407117072e+00 3.603575177063906949e+02 8.822188296807857727e-08 -6.064614287465153630e+00 1.342498393481360197e+09
8.566468877572823697e-04 -1.936131442119382484e+00 4.657831343326193405e+02 5.244902854589472613e-07 -4.831533143050279477e+00 1.342498393484498024e+09
8.813702229267482684e-04 -1.919415391754011324e+00 4.387672219706176406e+02 4.349148948102250111e-06 -2.913379481743110233e+00 1.342498393484674931e+09
8.602870024364635184e-04 -1.930072243152884059e+00 4.953437900173439061e+02 6.393674408051509979e-07 -4.894738974087113448e+00 1.342498393486948013e+09
8.654538908555714635e-04 -1.925485298051132776e+00 4.701796478258855814e+02 3.020298472061038546e-07 -4.952398543447716683e+00 1.342498393487406731e+09
9.049936947750540986e-04 -1.904662233564235807e+00 3.796485072756400427e+02 1.118944282544577289e-06 -3.973829293083047887e+00 1.342498393498075247e+09
8.549244001123880617e-04 -1.941995092773155740e+00 4.661338982341023325e+02 4.495472392740950860e-07 -4.978959918153330833e+00 1.342498393499659538e+09
9.086961551183779561e-04 -1.898895441897769487e+00 3.806372376525665686e+02 1.309288817344485643e-06 -4.373172143403454726e+00 1.342498393507028103e+09
9.058320818297106204e-04 -1.894884655528380923e+00 3.899738362747722249e+02 1.344028901952104296e-06 -3.885839756568087999e+00 1.342498393510270834e+09
9.050551095774936588e-04 -1.896694414888312696e+00 4.038374924386542375e+02 2.197605982362864500e-06 -3.922180828393390328e+00 1.342498393522224188e+09
8.863882072534716525e-04 -1.915163206231075055e+00 4.143759682945440659e+02 5.507042622965863663e-08 -6.565117312745838873e+00 1.342498393525789022e+09
8.524609347961285052e-04 -1.937838682923976208e+00 4.810960821965944660e+02 3.999888577998778355e-07 -4.971921136574032118e+00 1.342498393526210308e+09
8.841945806174431608e-04 -1.919601274654414436e+00 4.402289841429279136e+02 5.461864443934737111e-07 -5.011739825915296542e+00 1.342498393532105684e+09
9.000215830558658302e-04 -1.903679445802180625e+00 3.955851578884568198e+02 2.118042787921357207e-07 -5.149184915472016399e+00 1.342498393542801380e+09
8.761489393278918238e-04 -1.921264869229645011e+00 4.369932241467324729e+02 1.903287585828074635e-08 -7.097909214589302351e+00 1.342498393547103643e+09
8.919980442831076375e-04 -1.912819538030634536e+00 3.922803933574227244e+02 1.641986965397889336e-07 -5.678569182737171595e+00 1.342498393551807404e+09
8.556850408487171131e-04 -1.933848777588220713e+00 4.909524894496581169e+02 1.412570175755177943e-07 -5.564707230363851842e+00 1.342498393553059816e+09
8.718565823537845075e-04 -1.924197664921948991e+00 4.711136928157820876e+02 3.099175908913008523e-07 -4.987194500027519517e+00 1.342498393558916807e+09
8.974245616735338198e-04 -1.899227849435102700e+00 4.136764240631857206e+02 9.259098665507251797e-08 -6.075574176877674759e+00 1.342498393563809156e+09
9.063335518885335144e-04 -1.894339013799883453e+00 3.986409476604918609e+02 2.869723952248355023e-06 -3.626321866662724602e+00 1.342498393572873354e+09
8.872376921489367194e-04 -1.907001635875609891e+00 4.277513964758974794e+02 2.670201991227539722e-07 -5.429286433277805024e+00 1.342498393576843977e+09
9.001942144078685154e-04 -1.907674867117831852e+00 4.111471930847082490e+02 1.823940625304715606e-07 -5.500996068935781302e+00 1.342498393577924728e+09
8.436446671958742344e-04 -1.941895076470835146e+00 5.231532995608680494e+02 8.020196551154725576e-07 -4.428291635473385668e+00 1.342498393597637415e+09
8.594747503066305647e-04 -1.938861364307324031e+00 4.783363902946241524e+02 2.935072147388209324e-07 -5.115588440554412308e+00 1.342498393600887537e+09
9.434770634154361710e-04 -1.878535846431493850e+00 3.385050734886690975e+02 5.097091085702665110e-06 -3.098142896996901818e+00 1.342498393606549263e+09
8.464083745231789540e-04 -1.947351397872030265e+00 5.286569064747720859e+02 3.451998995509073155e-07 -5.152366442516148837e+00 1.342498393607937336e+09
9.501505302674499330e-04 -1.871026463251678873e+00 3.250466883824792603e+02 5.190757539463936834e-07 -4.888864241682393086e+00 1.342498393610164642e+09
9.113173582542623318e-04 -1.895449439993141860e+00 3.883673247738231566e+02 4.018648402532231540e-07 -5.253734154268327572e+00 1.342498393610174417e+09
8.608582968455587032e-04 -1.929167820010948109e+00 4.926977367013730600e+02 9.518680205538843770e-08 -6.178864652241361277e+00 1.342498393618076801e+09
8.951925915896914634e-04 -1.904076667126931355e+00 4.012364762274556256e+02 2.148836642941537484e-06 -3.592848310590589733e+00 1.342498393621739388e+09
9.079261289457155222e-04 -1.907724296452922186e+00 3.764724705739466231e+02 2.412110088010736056e-06 -3.764748025850161994e+00 1.342498393621819735e+09
8.513030652165441648e-04 -1.946727548624840765e+00 4.920552571639346411e+02 4.106148667386338180e-07 -5.015234023274656394e+00 1.342498393626630545e+09
9.317398521239052961e-04 -1.885200871887570795e+00 3.446016305837939626e+02 8.059655192716351623e-07 -4.682864791276648120e+00 1.342498393628327131e+09
9.361513965002164241e-04 -1.874977292343253499e+00 3.562067477781251341e+02 8.153038601207878259e-07 -4.247564084797720518e+00 1.342498393646761656e+09
9.525138145844234527e-04 -1.870260116720607435e+00 3.284588810843666806e+02 3.410053639596141296e-07 -5.264028116547254221e+00 1.342498393646903276e+09
8.405359463928078730e-04 -1.950125216457005095e+00 5.262941205632969286e+02 5.566973083655601277e-07 -4.655733282506305137e+00 1.342498393652076006e+09
8.927096059375259516e-04 -1.901661369258175860e+00 4.341161317214089763e+02 6.584766829309035411e-07 -4.539111663689475051e+00 1.342498393660710096e+09
9.145919798769268578e-04 -1.889785895088131662e+00 3.937836194744166960e+02 2.306441837832208857e-07 -5.539325038150206382e+00 1.342498393667724609e+09
8.877676951570240933e-04 -1.914665052382524157e+00 4.376377127135341425e+02 1.266595622319327583e-07 -5.957401077067546069e+00 1.342498393690164804e+09
8.532524677526566849e-04 -1.943944448725642760e+00 4.948770844163672109e+02 1.642492575377287383e-07 -5.690807065125158992e+00 1.342498393691664696e+09
8.844993677093126137e-04 -1.917588302313721238e+00 4.356090582068325716e+02 3.821290087389569787e-08 -6.695338244055584198e+00 1.342498393700976372e+09
9.300864022470342911e-04 -1.882745922218882040e+00 3.721894762621620316e+02 4.768604981150658290e-07 -4.811402651983403445e+00 1.342498393701891422e+09
9.236389728103969708e-04 -1.892753424195124934e+00 3.659446674632582699e+02 1.883816839370570256e-07 -5.429978478881247739e+00 1.342498393702223778e+09
8.943182339294078118e-04 -1.905632385322542532e+00 3.984111561533815689e+02 7.454506101826068409e-07 -4.657313608015646977e+00 1.342498393707804680e+09
8.357452618025637200e-04 -1.949987694174028618e+00 5.551299002417910060e+02 1.260836122396323560e-06 -4.110627455807858155e+00 1.342498393715070009e+09
9.112220296268161348e-04 -1.894962262928434171e+00 3.939525706222050871e+02 3.086021754320627069e-06 -3.662428305474457524e+00 1.342498393724084616e+09
8.990492653137149718e-04 -1.899457113749342119e+00 4.089380096411914565e+02 3.589611571780575432e-07 -4.814593502353748278e+00 1.342498393727967501e+09
8.805590314217586921e-04 -1.915054708559451146e+00 4.356234892858020658e+02 7.795217477402453521e-08 -6.323675306814824815e+00 1.342498393732407093e+09
8.894099651974043909e-04 -1.916311252696197620e+00 3.951699617233588810e+02 2.619093420670826696e-07 -5.303764574179957059e+00 1.342498393746968746e+09
8.473717719410604190e-04 -1.945585454514902279e+00 5.117181664171303055e+02 4.346183574213316373e-07 -5.173500892471041723e+00 1.342498393764519215e+09
9.164539507461736453e-04 -1.894014805817885394e+00 3.717075451322550066e+02 2.031410983319851786e-06 -3.444466132097412370e+00 1.342498393775517941e+09
9.227570317220309959e-04 -1.889831746651565059e+00 3.648097276252879624e+02 1.482040501314623102e-07 -5.914567689783520876e+00 1.342498393780735493e+09
8.896248587820807050e-04 -1.909882251791086061e+00 4.151674796762983988e+02 7.308105711121976640e-08 -5.974035831134841601e+00 1.342498393786467314e+09
9.094565265120175797e-04 -1.902340413246226714e+00 3.933038318820022710e+02 3.200450035763442882e-07 -5.345752793281286941e+00 1.342498393787247658e+09
8.930689530082949008e-04 -1.903120676374518538e+00 4.087294103508438070e+02 4.580344526535967567e-07 -4.872602941764013096e+00 1.342498393787277699e+09
8.766948345512769539e-04 -1.925180045615201063e+00 4.275067348439150123e+02 1.298156869528097087e-07 -5.994502919601280233e+00 1.342498393791730165e+09
8.631422676081064753e-04 -1.931017337620564822e+00 4.907998321029748467e+02 4.325135931599142296e-06 -3.264366911785522518e+00 1.342498393799332857e+09
8.933876656896903726e-04 -1.905662609260564855e+00 4.146860557269046694e+02 4.455682175519000163e-07 -4.598623120672018949e+00 1.342498393817427397e+09
8.874348554677759238e-04 -1.911705897835977552e+00 4.340531439850154243e+02 5.073088241427396929e-08 -6.307590105890076515e+00 1.342498393822002172e+09
8.932010122662921913e-04 -1.914832767705789029e+00 4.238583034592633112e+02 1.726310333445525561e-06 -3.960014756883420972e+00 1.342498393835062504e+09
8.944120563316120378e-04 -1.902053786175918582e+00 4.336121051880120376e+02 2.642747396067343038e-06 -3.557515448041575823e+00 1.342498393844207287e+09
9.353573838377448419e-04 -1.886222463294721097e+00 3.407652214019472012e+02 2.047180874755557345e-07 -5.557398106136767879e+00 1.342498393867955208e+09
8.725761504032002180e-04 -1.926383006008958176e+00 4.347459360569788487e+02 5.524683872573131727e-08 -6.465879957747159956e+00 1.342498393890630960e+09
8.857493085307160778e-04 -1.909725984297343748e+00 4.287038820871109124e+02 4.108965499213110880e-08 -6.505574895002871116e+00 1.342498393891055584e+09
8.695876404567658624e-04 -1.920830493377124526e+00 4.667510185947467107e+02 8.662986501722474798e-08 -5.960809083893467530e+00 1.342498393892927885e+09
9.159022034732365375e-04 -1.898711806711229189e+00 3.798996960453253564e+02 2.401904264845005617e-06 -3.859358085492541335e+00 1.342498393898597240e+09
8.771916286464835405e-04 -1.919712592103218984e+00 4.543643478496319972e+02 6.912937283823622814e-08 -6.408043422843221926e+00 1.342498393913304329e+09
8.609883590073863502e-04 -1.933607654444769786e+00 4.714544070019811670e+02 5.304357489214599969e-08 -6.561836536071488979e+00 1.342498393927381516e+09
9.360522627654692569e-04 -1.876820399825971819e+00 3.589551917629000855e+02 1.837634488106363779e-06 -4.025490338349311692e+00 1.342498393937190533e+09
8.351277303131482421e-04 -1.949887528563682082e+00 5.551130871903664001e+02 2.157124757077161664e-07 -5.488380494893157824e+00 1.342498393948948860e+09
8.978704456356063728e-04 -1.897660064705674721e+00 4.169356248736867201e+02 4.103818023344064087e-07 -4.938916592269641193e+00 1.342498393950412750e+09
9.128391430322755100e-04 -1.888099505906967179e+00 3.984830040726419611e+02 5.498408073663527823e-07 -4.737656158640812798e+00 1.342498393965428591e+09
8.529239699829301372e-04 -1.933921149150515717e+00 5.301239150932697157e+02 9.060165294477407867e-07 -4.455427079214628883e+00 1.342498393969226360e+09
8.805211029200504065e-04 -1.917489484257110632e+00 4.326960890794011902e+02 5.781403463235731595e-06 -2.924142213024525816e+00 1.342498393972544670e+09
9.261756903620697043e-04 -1.881366046027174388e+00 3.691873891468289344e+02 3.579353322016588994e-07 -5.225966366777726968e+00 1.342498393975513697e+09
9.093304307120470518e-04 -1.895648838081078980e+00 3.877375311579793333e+02 8.459681063983179409e-07 -4.104910618395138044e+00 1.342498393983832836e+09
8.933219199193680920e-04 -1.907576382988029007e+00 4.082996858045871704e+02 5.359376234363785261e-06 -2.836244007257618271e+00 1.342498393989662170e+09
9.045204459120415779e-04 -1.907482806126505448e+00 3.914916874222106458e+02 1.142989725432792439e-07 -5.986108871669150844e+00 1.342498393992162704e+09
8.467974208709153116e-04 -1.947304329774004028e+00 5.089082157644743347e+02 4.185616538863270420e-07 -4.890710118332322054e+00 1.342498393995774508e+09
9.055574805937292859e-04 -1.894898362125558622e+00 3.913687825705733303e+02 1.225408336781889349e-07 -5.883792157658813693e+00 1.342498393998827457e+09
8.796903759727631514e-04 -1.921782160226801928e+00 4.546144894533683782e+02 2.330742221537421157e-07 -5.482338899009714162e+00 1.342498394003333569e+09
8.402651323225910143e-04 -1.951963774385360839e+00 5.188936738382308249e+02 1.003469883562443771e-06 -4.396824999485831498e+00 1.342498394010375023e+09
8.770671410843024814e-04 -1.924402904280407167e+00 4.347815036313353403e+02 2.709138046494309982e-06 -3.774181191952637349e+00 1.342498394012138844e+09
9.459795514740902472e-04 -1.878089468583239663e+00 3.387253873901597103e+02 2.879025487076460083e-06 -3.485539264048767905e+00 1.342498394012957096e+09
8.683481429002469889e-04 -1.926880423567780554e+00 4.534873485514753497e+02 3.344658418716378822e-07 -4.881081236778534560e+00 1.342498394014685631e+09
8.672129392645320546e-04 -1.923791933926106035e+00 4.799933695178865491e+02 1.979625924049026780e-06 -3.971204553430497164e+00 1.342498394034017563e+09
9.128897050633646331e-04 -1.897643202046154887e+00 3.855912430323622857e+02 5.336189421842632265e-08 -6.412247439255370551e+00 1.342498394039909363e+09
9.195013779062754774e-04 -1.883801767723493281e+00 3.810964658106271372e+02 1.159545917371711610e-06 -4.268531346218301437e+00 1.342498394067417622e+09
9.485385959129524107e-04 -1.868225784711407877e+00 3.361967181175899668e+02 2.833819327357651821e-06 -3.455857054593343136e+00 1.342498394068394423e+09
8.727310439215624216e-04 -1.926900277616786727e+00 4.729742715442585563e+02 7.153142916022799372e-07 -4.648585471524670609e+00 1.342498394076951981e+09
8.421362913790451888e-04 -1.946333517921782441e+00 5.374008331418477837e+02 1.303357535224705027e-07 -5.929265407257654275e+00 1.342498394081855297e+09
8.714598344430028601e-04 -1.921732404981147724e+00 4.471178862060448864e+02 1.594845015211136925e-07 -5.500068250141099568e+00 1.342498394082949400e+09
8.623634785040140780e-04 -1.928954256785347043e+00 4.755211991412508041e+02 2.548357774968770490e-07 -5.103190005333186008e+00 1.342498394089528322e+09
8.730850023456980784e-04 -1.921645626390612982e+00 4.753875052391284157e+02 2.533968912730426364e-07 -5.233792305439650683e+00 1.342498394115048409e+09
8.597688966025618471e-04 -1.933537794352479189e+00 5.051172369578013672e+02 4.811287436851108607e-07 -4.790823121699190779e+00 1.342498394115065098e+09
8.722020729581698691e-04 -1.922635711207683507e+00 4.758241689646260966e+02 5.132635662472814189e-07 -5.027798529518310744e+00 1.342498394116674662e+09
8.909623855105049464e-04 -1.909710769358166749e+00 4.335697465845756824e+02 3.172648793794213865e-06 -3.219340844065439633e+00 1.342498394117748737e+09
8.478769202488516338e-04 -1.944355287932828080e+00 5.309885260616922551e+02 1.525331433733205296e-06 -4.020728615321690569e+00 1.342498394140108585e+09
8.380577366542949803e-04 -1.947401624134255549e+00 5.479105974510093802e+02 1.886108463919325385e-07 -5.538950170055126243e+00 1.342498394141717911e+09
9.108494551734426991e-04 -1.894509017923661887e+00 3.935460563918089747e+02 1.258674456336651549e-06 -4.385944551574812778e+00 1.342498394143371344e+09
8.934402831561675780e-04 -1.909233636583187455e+00 4.013699875351294963e+02 4.880117721799367536e-07 -4.583048267478436522e+00 1.342498394146929979e+09
8.751106655432829354e-04 -1.922566035176680455e+00 4.424992757651303918e+02 2.258451689818895415e-08 -7.043177868144489651e+00 1.342498394148694038e+09
9.285088488697877023e-04 -1.887495515950856184e+00 3.591566096473562766e+02 6.311362482462363417e-06 -2.758616901366781171e+00 1.342498394158774614e+09
9.151461381149310955e-04 -1.889981208199048357e+00 3.883730902356269894e+02 9.213766861225775573e-08 -5.918083674128983951e+00 1.342498394161337137e+09
8.808159054622653489e-04 -1.918966887012336198e+00 4.239267363876766126e+02 6.220503990373541328e-08 -6.459154796554861022e+00 1.342498394171867609e+09
8.807795255557810147e-04 -1.913496467204038654e+00 4.415804632577668940e+02 9.250229988296123682e-07 -4.105788954063264384e+00 1.342498394173972130e+09
8.553443362149548181e-04 -1.934563286956856309e+00 4.973299906810271409e+02 2.505722125767627102e-07 -5.144738970598639938e+00 1.342498394177452087e+09
8.761689586658271463e-04 -1.927075240922393906e+00 4.313554197010763573e+02 2.322711855599351756e-06 -3.552531382031155260e+00 1.342498394179761410e+09
8.788555980369819158e-04 -1.917745997068471375e+00 4.636828795580674409e+02 1.687379039123111389e-06 -4.102445930289416509e+00 1.342498394182454824e+09
9.283704620451740160e-04 -1.885220055877202316e+00 3.610044220763550129e+02 6.247676002834718889e-08 -6.214728403769446352e+00 1.342498394184240341e+09
8.907770144389224286e-04 -1.908323860096143187e+00 4.376368875814682156e+02 2.275397632252727255e-07 -5.289316465023208735e+00 1.342498394192455053e+09
8.897158556353877527e-04 -1.905913358819596226e+00 4.182289821428974506e+02 1.030952844264995102e-06 -4.133041863942189309e+00 1.342498394195662975e+09
8.900362926580827460e-04 -1.918622761423721457e+00 4.072021883155895239e+02 5.941342835434473516e-07 -4.585023716501757107e+00 1.342498394200193167e+09
8.792917776872898180e-04 -1.914023797847868025e+00 4.596425224748057872e+02 2.225806613854719764e-07 -5.563100770371329773e+00 1.342498394202198744e+09
8.947848051462233780e-04 -1.903738276255768858e+00 4.074400859791845164e+02 1.231701483153057825e-07 -5.664245648083600315e+00 1.342498394207295179e+09
8.451369244264197653e-04 -1.939978644030885935e+00 5.253392539353994835e+02 6.814975242653648074e-07 -4.582413180592041613e+00 1.342498394208981991e+09
8.478268926813129673e-04 -1.942196269824690846e+00 5.236989382942331304e+02 1.244054729354476487e-07 -5.771230968045862220e+00 1.342498394211678743e+09
8.848370005222475814e-04 -1.911440311196951125e+00 4.274709392421787015e+02 2.324121747479540205e-06 -3.818310736066773181e+00 1.342498394222760439e+09
8.874438017313884385e-04 -1.913545563640596026e+00 4.145169691376205492e+02 3.951216869898908274e-06 -3.050077894526619815e+00 1.342498394223350763e+09
8.697285611245337243e-04 -1.929963023083719920e+00 4.714686077777769810e+02 1.027279334609280213e-06 -4.517429344705694128e+00 1.342498394229365587e+09
9.151034730483853042e-04 -1.895997522138719749e+00 3.912126181686995778e+02 1.964459344078636744e-06 -3.715901220126630378e+00 1.342498394240208387e+09
8.939456305265162462e-04 -1.912137660022877661e+00 4.054021999772905360e+02 5.714454580629843507e-08 -6.524497744041706682e+00 1.342498394241195679e+09
9.006216024141464483e-04 -1.904495622243039143e+00 4.013774426077053477e+02 6.030693489867804858e-06 -2.671194359136505270e+00 1.342498394245476484e+09
9.127004388991642042e-04 -1.899754197397118372e+00 3.846221232214318206e+02 3.965461210838957530e-07 -4.853607284283416590e+00 1.342498394260070086e+09
8.589429134521840269e-04 -1.939789256807525231e+00 4.840917497577788140e+02 2.217473382085949018e-06 -3.749137583794503570e+00 1.342498394265895128e+09
8.760848916779417255e-04 -1.916904786056134569e+00 4.443984410044277524e+02 2.719457647113527152e-06 -3.521142181298258400e+00 1.342498394274656057e+09
9.125559342954387646e-04 -1.899868551444758413e+00 3.753122478855680697e+02 2.107882787156415378e-07 -5.679214006501281276e+00 1.342498394275498152e+09
8.935146226093413453e-04 -1.902108455109985385e+00 4.350302505590299802e+02 1.155517848785995266e-06 -4.160714355276899923e+00 1.342498394276304722e+09
9.122722572247185177e-04 -1.892822718289540962e+00 3.946555902081517502e+02 1.896795225216294662e-06 -4.032707251048266883e+00 1.342498394280363083e+09
9.408182194010621547e-04 -1.875650391219488178e+00 3.557141488014331117e+02 1.233072780542176303e-06 -4.079603898423754593e+00 1.342498394287583351e+09
8.643673158048380094e-04 -1.927349325865602037e+00 4.646695533343515194e+02 2.393643545576133421e-07 -5.192625577107097712e+00 1.342498394289425611e+09
8.877881645031436694e-04 -1.909751246565124294e+00 4.357609749097179588e+02 2.475995171279363373e-06 -3.819168860527550002e+00 1.342498394292308569e+09
8.610428903671141438e-04 -1.929738697228284838e+00 4.947555740837531744e+02 3.899533937885716379e-06 -3.265392522712326162e+00 1.342498394309403419e+09
8.390861308247342474e-04 -1.950318330607712536e+00 5.424638280984112271e+02 2.431008596288760570e-07 -5.331711165071849834e+00 1.342498394319498539e+09
8.497575401694059793e-04 -1.938040485286679049e+00 5.132881104338994191e+02 8.627876965724889941e-08 -6.165580791935486360e+00 1.342498394328743458e+09
8.886479952771933477e-04 -1.906013952736212769e+00 4.380333465309871031e+02 2.867396683690540009e-07 -5.363448079889989728e+00 1.342498394332365274e+09
8.523953626483575649e-04 -1.937055316384959536e+00 5.176951256042020759e+02 2.998565037667451466e-06 -3.512893093878759032e+00 1.342498394342130661e+09
8.657604309179531537e-04 -1.930005761337532988e+00 4.865737294248531839e+02 4.112514259394913721e-07 -4.885915650860699344e+00 1.342498394349107742e+09
8.629543330138769773e-04 -1.931775741742838060e+00 4.764848805729741912e+02 3.610122693867102584e-08 -6.692800830188232020e+00 1.342498394356742382e+09
9.221861006250610957e-04 -1.894094445221794265e+00 3.594722811113161356e+02 1.169402275049612754e-07 -5.993087092679037831e+00 1.342498394358848095e+09
8.827140031079620678e-04 -1.910416995167460996e+00 4.484045257596258693e+02 8.043951266025264890e-07 -4.297159518360412989e+00 1.342498394364296675e+09
8.997439855994573488e-04 -1.901353653384811437e+00 4.177838414338249891e+02 5.939622859974793758e-07 -4.919990753256340277e+00 1.342498394364739180e+09
8.602531351816394877e-04 -1.939583861122718744e+00 4.688338482421718254e+02 2.105568818118234180e-07 -5.587295157518748390e+00 1.342498394366408110e+09
8.770931762491266347e-04 -1.914314648074448844e+00 4.549552708605289126e+02 9.010999258441964273e-07 -4.223174184908682349e+00 1.342498394367182970e+09
9.157500059890226517e-04 -1.892855089052408957e+00 3.900336673277219575e+02 5.063995666168001234e-07 -5.027393162992828124e+00 1.342498394372700930e+09
9.372533198697718167e-04 -1.880065304468250265e+00 3.409770971087888825e+02 4.052257949060748748e-07 -4.813095090306120483e+00 1.342498394379434109e+09
8.861700851316189117e-04 -1.912273299003798055e+00 4.163700372811917418e+02 2.335046233570054002e-06 -3.778321048437858209e+00 1.342498394379663229e+09
8.892141386082225976e-04 -1.913620428546406238e+00 4.114502061546248228e+02 5.461218817775861301e-06 -2.992935212820410307e+00 1.342498394380445957e+09
8.608545701041230708e-04 -1.936506155103320692e+00 4.732917180637156775e+02 3.456001169529135059e-06 -3.457115779434909442e+00 1.342498394383080959e+09
8.930535856259475729e-04 -1.907936529503684309e+00 4.103674377711440115e+02 5.849760723595787114e-06 -2.899216685767803448e+00 1.342498394384452105e+09
9.106409319234064952e-04 -1.895971175169581358e+00 4.044036320254504062e+02 1.729865325737969250e-06 -3.860988228466505134e+00 1.342498394389495373e+09
9.200567374028312219e-04 -1.896690788061357047e+00 3.677517853275185757e+02 6.363073703571029498e-07 -4.537878055496133101e+00 1.342498394393793583e+09
8.723874642814510340e-04 -1.925178421673161333e+00 4.569722237739309207e+02 2.769977490399846594e-07 -5.033634721329351080e+00 1.342498394400131941e+09
8.627306890740432969e-04 -1.929213576360796711e+00 4.963222295028714370e+02 3.046820088811870932e-07 -5.074282636704383620e+00 1.342498394409339905e+09
8.969929126032803735e-04 -1.906126213653267509e+00 4.205804665789686396e+02 1.237981898680889792e-06 -3.932712121664232008e+00 1.342498394410475969e+09
9.417942747922427010e-04 -1.874662735928797730e+00 3.372085219727048298e+02 6.015983125003340024e-07 -4.806480215826080205e+00 1.342498394413816452e+09
8.973202028191646284e-04 -1.906769469396833561e+00 4.068254453928631733e+02 6.390337484744490780e-06 -2.933283090663239889e+00 1.342498394439684153e+09
9.290796412239593193e-04 -1.884259326401462209e+00 3.476837159572638143e+02 2.108626931518388863e-07 -5.461201671600038665e+00 1.342498394440887213e+09
8.760236254055294184e-04 -1.924952329193512890e+00 4.333705509271527490e+02 4.260309689261812372e-06 -3.188171363503307987e+00 1.342498394443463087e+09
9.261685077397033630e-04 -1.882235144425829398e+00 3.763800906935238118e+02 1.011334639006219906e-06 -4.452762610229837215e+00 1.342498394445541859e+09
8.911790355434480405e-04 -1.905607678241092229e+00 4.243056384990135257e+02 7.106915195535300730e-08 -6.311961107286427897e+00 1.342498394449393988e+09
8.452041551370105587e-04 -1.946497434546310634e+00 5.329947657445652567e+02 2.632497581817423013e-07 -5.329385960849950976e+00 1.342498394450716496e+09
8.905397055802498048e-04 -1.909374924785913752e+00 4.074145804987091992e+02 9.339120607391528039e-07 -4.552427713189633351e+00 1.342498394454771757e+09
9.243650639378526426e-04 -1.882229493751244931e+00 3.684717391010855181e+02 3.338299090985633011e-07 -5.231146622445253414e+00 1.342498394457356453e+09
8.517120712619557750e-04 -1.938051225929022792e+00 5.003574195036391643e+02 1.440808053385858951e-07 -5.888152454272271186e+00 1.342498394457909822e+09
9.217467789616287958e-04 -1.891819992675414230e+00 3.641036778696054625e+02 1.400259193418603898e-07 -5.570784661176292119e+00 1.342498394463874102e+09
8.781272543932449985e-04 -1.915959292374349587e+00 4.547081456016050538e+02 4.746133046247542825e-06 -3.078130657161903372e+00 1.342498394472250223e+09
8.850276990723634010e-04 -1.908814079074368841e+00 4.406440219278011909e+02 3.163964330601602822e-07 -4.992065900846609949e+00 1.342498394482686996e+09
8.775554332087163187e-04 -1.920407298155186071e+00 4.254288172048601950e+02 1.095006527664570759e-07 -6.003121516864219132e+00 1.342498394487741947e+09
8.550580217438026251e-04 -1.934108650836889876e+00 5.200416298958205061e+02 6.213471732707150162e-07 -4.828120861137455755e+00 1.342498394488932371e+09
8.684675823439770136e-04 -1.925791952263641083e+00 4.621039737989516425e+02 3.057675037832442319e-06 -3.246882675730462964e+00 1.342498394490348577e+09
8.444542303293052325e-04 -1.941212507008087229e+00 5.450890418168404494e+02 3.280708048256598745e-07 -5.155839408052932171e+00 1.342498394496104240e+09
8.922226125979218492e-04 -1.914477575901023521e+00 4.151048080950341728e+02 7.415795224487987796e-08 -6.218628432254179828e+00 1.342498394503394365e+09
9.317243167973671874e-04 -1.878773885282687850e+00 3.592991820951143040e+02 1.330775292187884590e-07 -5.846013495430804952e+00 1.342498394506625175e+09
8.916501492863813418e-04 -1.911104895078213683e+00 4.060391380142780235e+02 6.411008890616994008e-08 -6.440092792842472491e+00 1.342498394509358406e+09
9.252874851195232262e-04 -1.884741970103517517e+00 3.803551213093173828e+02 1.935475792665125210e-06 -3.904152927337066536e+00 1.342498394519361019e+09
9.071529823306383189e-04 -1.898782495818724936e+00 3.948511044445693301e+02 1.216239655034264451e-06 -4.431558163499287772e+00 1.342498394523248911e+09
8.705577274012396040e-04 -1.919464257672984786e+00 4.599323720263776636e+02 2.917607319669673248e-07 -5.131850422970856584e+00 1.342498394532574177e+09
8.623274412284092499e-04 -1.932861289369119495e+00 4.583818411439026477e+02 2.497906217658602891e-07 -5.506468069298938062e+00 1.342498394558346272e+09
8.942159782453562101e-04 -1.913991716363381501e+00 4.022100577464839262e+02 4.202032635230295206e-06 -3.120790792003234948e+00 1.342498394566011429e+09
8.846076043453845366e-04 -1.919137411121891956e+00 4.091089481643217596e+02 1.387148089493947984e-06 -3.949823735465587404e+00 1.342498394573337078e+09
8.932108663313332447e-04 -1.911676755033764330e+00 4.129585768471971505e+02 1.269045020122932101e-06 -3.861066793873138003e+00 1.342498394573820114e+09
8.748897570785050355e-04 -1.918291874031263111e+00 4.738402137209615717e+02 1.333914027253636824e-06 -4.237297667892526931e+00 1.342498394574855804e+09
8.635875141200009906e-04 -1.933865116089566794e+00 4.910938045935865262e+02 7.904288600344285658e-07 -4.563740787534106502e+00 1.342498394576750517e+09
8.788282221705224400e-04 -1.913823919180154487e+00 4.576765197320077618e+02 5.882688342781436682e-07 -4.540770780875854840e+00 1.342498394586318016e+09
8.696257886859121069e-04 -1.922285887094209222e+00 4.672709288654687612e+02 4.650125489470822401e-07 -4.658187750557344131e+00 1.342498394588603973e+09
8.594404491890732505e-04 -1.934259647745478761e+00 5.026752874055609936e+02 2.627642713853657047e-06 -3.574784468912340252e+00 1.342498394596923828e+09
9.367990171716343269e-04 -1.878616547007311954e+00 3.520502158938206776e+02 9.109089164294804134e-07 -4.152446992891523081e+00 1.342498394598219872e+09
8.491556361660172010e-04 -1.938530734221675100e+00 5.142643490763929321e+02 1.216789640941198708e-06 -4.314580003735979830e+00 1.342498394610557556e+09
8.661506396244123473e-04 -1.935802699501448121e+00 4.479993702107946092e+02 1.190678382103828265e-06 -4.210391518002285061e+00 1.342498394620695353e+09
8.751070471298473021e-04 -1.920214131912237665e+00 4.509925979775788960e+02 2.580696808403740778e-06 -3.336478089450677587e+00 1.342498394622038364e+09
9.057311019217829766e-04 -1.902095636999788564e+00 3.857842974778642997e+02 4.360652230865380168e-07 -5.186966563366218530e+00 1.342498394623599529e+09
8.639413212367490214e-04 -1.933976079683178861e+00 4.478297940080652779e+02 8.176954526353678205e-07 -4.568624074305606797e+00 1.342498394632431746e+09
8.838387501736769385e-04 -1.923100526045576908e+00 4.239501483434583520e+02 2.971165740949921140e-07 -5.390089505076382181e+00 1.342498394635066748e+09
8.806335663850201794e-04 -1.917363983195967236e+00 4.569992475870112116e+02 5.126792494923389439e-07 -4.697762205856699680e+00 1.342498394640648127e+09
8.863548810955594734e-04 -1.917926126462039083e+00 4.039192360940452318e+02 1.731269213319919759e-06 -3.946585735631120251e+00 1.342498394642009020e+09
8.790325259349827079e-04 -1.924514760128512192e+00 4.284944320570352261e+02 9.715742737616309822e-08 -6.150151756828874383e+00 1.342498394643177032e+09
9.568222718804761081e-04 -1.865076071938131186e+00 3.245757693368860259e+02 6.004909223934263778e-07 -4.735434001890399536e+00 1.342498394645429134e+09
9.150511932716780174e-04 -1.893922065375132746e+00 3.660978736686200818e+02 3.927906873977048016e-07 -5.160043061656802266e+00 1.342498394646360159e+09
8.408385231041939694e-04 -1.949257260737506048e+00 5.190669441213578921e+02 3.552286798204673050e-07 -5.102333089998683846e+00 1.342498394648805618e+09
9.036427822121803014e-04 -1.895645628117643255e+00 3.982739348318453949e+02 2.091135533871811909e-07 -5.524651790023125564e+00 1.342498394657914877e+09
9.504819118099159646e-04 -1.869439310138003574e+00 3.349285728181437776e+02 3.606665151987595128e-06 -3.241222327082764920e+00 1.342498394658948660e+09
9.126376215701418161e-04 -1.894686981612607735e+00 3.851868057909314302e+02 3.019807054588726062e-07 -4.934826011646343602e+00 1.342498394660951376e+09
8.903483333160075062e-04 -1.909110686487164976e+00 4.405789386455342651e+02 1.320575085051341680e-06 -4.000658842237311497e+00 1.342498394666800022e+09
8.667534840952770487e-04 -1.933823546042985786e+00 4.733674419920623109e+02 1.206603005575827622e-06 -4.326528615798236110e+00 1.342498394671243429e+09
9.414677911767317447e-04 -1.873953455134722113e+00 3.445573648202837376e+02 2.332117513825190911e-06 -3.783894804439664306e+00 1.342498394680053711e+09
9.367781025900676073e-04 -1.875355554613588049e+00 3.478927077806312127e+02 1.900334559082181616e-06 -3.777959414219773215e+00 1.342498394682723045e+09
8.589389020944731851e-04 -1.938046317836527477e+00 4.791380888764196015e+02 1.423054535477841263e-07 -5.684531916173602539e+00 1.342498394683541536e+09
8.480240181574266907e-04 -1.941539756366832847e+00 5.364308051121176959e+02 3.362452676830046399e-07 -5.188353144684150209e+00 1.342498394690986395e+09
8.800175780193082806e-04 -1.919715668793825714e+00 4.588005566325963400e+02 5.332569080404929450e-07 -4.782491813008286741e+00 1.342498394701381922e+09
9.064170364678269870e-04 -1.892828729766958595e+00 3.956644123398255601e+02 5.153907555323383934e-07 -4.813509839890313557e+00 1.342498394703504801e+09
8.377596870396241801e-04 -1.951053961828308481e+00 5.492500102657193111e+02 3.729440581573962507e-07 -5.047994762748905018e+00 1.342498394705838442e+09
8.400685419645306752e-04 -1.948919538287300801e+00 5.356920736600648070e+02 2.568906047082181571e-07 -5.463868837987000404e+00 1.342498394710133553e+09
8.935170450156274327e-04 -1.907994268767083224e+00 4.122903113804644590e+02 2.974136651156840223e-07 -5.454689687595856817e+00 1.342498394713300705e+09
9.073290790021360094e-04 -1.902645724058845023e+00 3.974598464909264521e+02 7.112781805696141087e-07 -4.801575676485500210e+00 1.342498394713444471e+09
8.906877014712193596e-04 -1.908982239225350153e+00 4.344241543666141752e+02 1.182076794314783938e-07 -5.795010397683507897e+00 1.342498394714574814e+09
8.568774552759119431e-04 -1.937294745126412199e+00 4.688971494692153783e+02 1.062534106160126752e-06 -4.262658708824275777e+00 1.342498394717375755e+09
9.323344655751525899e-04 -1.889395105257221541e+00 3.484119657986548191e+02 1.522463248627987175e-06 -4.131740687030795556e+00 1.342498394722334623e+09
8.845597924172020994e-04 -1.920683929103469856e+00 4.229891808714042440e+02 1.674454609015453169e-07 -5.818613855748496988e+00 1.342498394730963945e+09
9.223113325623131771e-04 -1.889467762507793136e+00 3.802047161272357130e+02 3.909461381657851099e-07 -4.957307888355201086e+00 1.342498394732720613e+09
8.870612978614588829e-04 -1.913012007468250619e+00 4.315895977639380021e+02 6.773706763017273769e-08 -6.113688038989002926e+00 1.342498394732749462e+09
9.200575759231608905e-04 -1.888818150397895579e+00 3.601915934903336733e+02 6.655468856330401882e-07 -4.540512677904740890e+00 1.342498394740924120e+09
8.932613355784659601e-04 -1.906637985137646929e+00 4.305696340742245525e+02 1.760386795250352310e-07 -5.725359004558759679e+00 1.342498394748289108e+09
9.143660485979713572e-04 -1.888321920541357946e+00 3.809158980648996931e+02 5.537429305895707928e-07 -4.822328324929308963e+00 1.342498394749841690e+09
9.125668025338768818e-04 -1.893944889345500204e+00 3.944953086433196745e+02 1.048439046832973673e-07 -5.937004630750500667e+00 1.342498394767206907e+09
8.440028849111430066e-04 -1.947046969913723835e+00 5.128557399023441121e+02 1.622296141966383482e-07 -5.717979026064699433e+00 1.342498394767353296e+09
8.416969629159445302e-04 -1.948590591758148305e+00 5.406135115782818730e+02 1.493499124048385458e-06 -4.099834388429432153e+00 1.342498394768410444e+09
8.587045892310793578e-04 -1.936778087079734867e+00 5.010350601944318214e+02 1.187421876722717313e-06 -4.360390615076051191e+00 1.342498394773176432e+09
8.539232185481901004e-04 -1.937081375583462384e+00 5.195447353922215825e+02 3.934704187927832098e-07 -5.160594258528807821e+00 1.342498394775832653e+09
8.854517338106092719e-04 -1.909939673144420702e+00 4.498489582282510924e+02 3.639014584100515260e-07 -4.980799091479684471e+00 1.342498394776093721e+09
9.091606781985608985e-04 -1.903911902727951411e+00 3.729851528714615370e+02 8.046160960450544641e-07 -4.694186838915225479e+00 1.342498394778681993e+09
8.903968264041725285e-04 -1.910812564010975212e+00 4.130960470378900595e+02 1.328131163519693153e-06 -3.808428376553774086e+00 1.342498394780416012e+09
9.392037858213604564e-04 -1.874645488672639582e+00 3.478494814316326256e+02 2.488138935475136295e-07 -5.431900145896674026e+00 1.342498394782328367e+09
8.974588733997938524e-04 -1.908299335685430975e+00 4.123846439861731028e+02 2.414251380266344996e-06 -3.420319151417831272e+00 1.342498394784024715e+09
8.823192163288365785e-04 -1.915187242126922484e+00 4.284180869085513450e+02 4.321595714392464103e-07 -4.680543864782896080e+00 1.342498394790721893e+09
8.798472318665165543e-04 -1.918440144117628421e+00 4.514928335397192427e+02 4.041544538714183203e-06 -3.371620590536537065e+00 1.342498394791205883e+09
8.762592876132435519e-04 -1.915737668460167686e+00 4.558305764645227782e+02 2.567948287666320952e-06 -3.501897949437161373e+00 1.342498394799954414e+09
9.306906589476058667e-04 -1.882040099446840919e+00 3.508325167677504623e+02 2.867881883814356246e-06 -3.399674972540539741e+00 1.342498394801054955e+09
8.637681864096752402e-04 -1.937754718990764458e+00 4.613074424298682175e+02 1.327543585257741348e-06 -4.230108750855348099e+00 1.342498394802316189e+09
9.140769019756134423e-04 -1.890325802598339600e+00 3.955870927513980746e+02 3.105239127090168762e-07 -5.094176408660869626e+00 1.342498394802532434e+09
9.225696503003102738e-04 -1.888377946757052062e+00 3.586587941255108376e+02 2.621856978273785026e-07 -5.441648406139155014e+00 1.342498394807288885e+09
9.083520341430799307e-04 -1.895759475169248365e+00 4.001203243213344081e+02 1.437216037236175681e-06 -4.253534262874273608e+00 1.342498394814073086e+09
8.545143809482651318e-04 -1.942953132638620017e+00 4.773148091417419892e+02 5.635675104825158955e-07 -4.900179318683500540e+00 1.342498394824105263e+09
9.568055095578028788e-04 -1.867188994800540458e+00 3.281781421433811943e+02 2.345809019822245218e-06 -3.636461616804187891e+00 1.342498394824620485e+09
8.724419575811165643e-04 -1.923831090890204543e+00 4.749274965057998088e+02 9.479711414236073121e-07 -4.265261204173216747e+00 1.342498394825790405e+09
8.747569273666456861e-04 -1.918251069078520610e+00 4.715667810878832142e+02 1.663360080733360767e-07 -5.651139174282333144e+00 1.342498394826775789e+09
9.370125899281669512e-04 -1.881333314676280732e+00 3.571103585878502145e+02 1.972131827058469071e-06 -3.910431380744949337e+00 1.342498394827468157e+09
9.085596066530927505e-04 -1.892317011952032724e+00 4.001446800472681389e+02 1.896581739719149145e-07 -5.461531324874307813e+00 1.342498394831734657e+09
9.076104838379375891e-04 -1.893911388365693726e+00 4.066705966606284619e+02 2.575516108622591491e-07 -5.375710209597370337e+00 1.342498394835550070e+09
9.459551821809566866e-04 -1.875727046506870277e+00 3.316654824922471789e+02 1.566866728659541983e-06 -4.106973515030092337e+00 1.342498394836672544e+09
8.756736271559319943e-04 -1.927866470180873426e+00 4.284286766298105249e+02 5.326443385592705468e-07 -4.991039251486739659e+00 1.342498394842154980e+09
8.847883687981769607e-04 -1.915288966048517727e+00 4.200707565275655497e+02 4.518020106052597008e-06 -3.079711205991042533e+00 1.342498394843240738e+09
8.534446351990911030e-04 -1.938272406687237659e+00 4.922733039790355178e+02 8.973275094929077608e-07 -4.243248704593785448e+00 1.342498394851078749e+09
8.423274097846467816e-04 -1.945013193758317271e+00 5.437107640988780304e+02 1.160115062192239549e-06 -4.328789958134292348e+00 1.342498394851184368e+09
9.135266029375171959e-04 -1.891968676186275511e+00 3.771340059402372162e+02 2.652660095136333141e-06 -3.655837113525083559e+00 1.342498394853858232e+09
9.241253572919687223e-04 -1.884824830561576015e+00 3.642138735707914634e+02 3.871868504790658915e-06 -3.154225687539958578e+00 1.342498394856448889e+09
8.690806550913356089e-04 -1.933417812388557699e+00 4.478398051265099866e+02 5.095386339794907018e-07 -4.779090957561380471e+00 1.342498394861646891e+09
8.798221565107843065e-04 -1.919821467709280860e+00 4.221474691088492932e+02 7.024619019771659463e-08 -6.211709669466653594e+00 1.342498394872196913e+09
8.952384439200450610e-04 -1.901886436414318204e+00 4.101194231206174550e+02 1.055007470286475069e-06 -4.147905041814763827e+00 1.342498394872521877e+09
9.310025675848945586e-04 -1.883376293425177428e+00 3.450914921117595213e+02 6.865246003015993089e-07 -4.670308204188614809e+00 1.342498394876411676e+09
8.860705078726237088e-04 -1.915211224746809382e+00 4.054252300419963717e+02 7.128186702264440338e-07 -4.615959524674870806e+00 1.342498394878692627e+09
8.893962929738200972e-04 -1.909512734530171896e+00 4.186169524445831485e+02 4.726235099307894052e-06 -3.105729598670913916e+00 1.342498394883060455e+09
8.825381628631786581e-04 -1.917433840747519991e+00 4.224377031396122106e+02 1.033356633444923510e-07 -5.794308340517581257e+00 1.342498394885071754e+09
9.116232702614491482e-04 -1.901534452290448485e+00 3.789829008518066757e+02 4.807675905815663813e-06 -3.155571962655971063e+00 1.342498394885293484e+09
8.439998355399638309e-04 -1.948350443787842501e+00 5.247824811243451677e+02 2.275889072710943977e-07 -5.460365701111289383e+00 1.342498394886442423e+09
8.999097288377800111e-04 -1.904446711537389092e+00 4.017336152600131527e+02 4.781012701253899276e-08 -6.358991406495585252e+00 1.342498394887426138e+09
8.624324603838558201e-04 -1.931261906919170546e+00 4.975833967688006396e+02 2.126910866449283795e-06 -3.862060366022680213e+00 1.342498394888075590e+09
9.038650996480766895e-04 -1.896369738629106738e+00 4.082015595423034711e+02 1.121336763284001192e-07 -5.927742226996726593e+00 1.342498394891418695e+09
9.006534233829861791e-04 -1.911752316293575449e+00 3.990952248142019698e+02 9.141916619120574422e-07 -4.514198257276546222e+00 1.342498394901993990e+09
8.779672469345067018e-04 -1.914844758568338134e+00 4.662546406308453584e+02 6.201187784742799367e-07 -4.604802573959704048e+00 1.342498394905223370e+09
8.991641054563792373e-04 -1.909712685347064731e+00 3.824063109542775010e+02 4.653128274011116714e-07 -4.837484570612527790e+00 1.342498394907739401e+09
9.299937963897982355e-04 -1.887360668080250825e+00 3.437822575449631586e+02 1.135426477780497426e-06 -4.179156706656465659e+00 1.342498394908505201e+09
8.946817808252816376e-04 -1.909348892003267739e+00 4.118803759595346605e+02 6.462151400903685510e-06 -2.735771925588575293e+00 1.342498394909831762e+09
9.043798351050237301e-04 -1.901828379336910846e+00 4.071718824593570503e+02 2.255872099384921822e-06 -3.897971075294176302e+00 1.342498394915079355e+09
8.641893537883662407e-04 -1.926294920780821318e+00 4.682516259572425383e+02 1.343051961119606153e-06 -4.012589971298707425e+00 1.342498394915777922e+09
8.966865436588729657e-04 -1.905175122618322892e+00 4.057099387545615627e+02 1.620167386716843165e-06 -3.652169173685415160e+00 1.342498394918089867e+09
8.751629207768096917e-04 -1.921864209848743954e+00 4.512592273172413684e+02 1.678443852301989835e-06 -3.662846007341729937e+00 1.342498394919614553e+09
8.622893667976769998e-04 -1.930337374249935678e+00 4.915773280487338752e+02 3.709969388276331341e-06 -3.293092457459300348e+00 1.342498394919696331e+09
8.751040662974143109e-04 -1.918427792936309606e+00 4.500603237287568277e+02 7.319379501819126106e-08 -6.086017837458619795e+00 1.342498394923851490e+09
9.053156968877694574e-04 -1.903554019775244521e+00 3.757982090699993591e+02 1.898783954228417426e-06 -3.901805360686637414e+00 1.342498394930989504e+09
8.847058506044317870e-04 -1.911575281380016644e+00 4.473361831477751593e+02 2.096368549279387572e-06 -3.582702536280639727e+00 1.342498394937654734e+09
8.597700677716219085e-04 -1.930316827485036191e+00 4.997273180924585745e+02 2.545076062950942058e-06 -3.680821344415173613e+00 1.342498394940235376e+09
9.429636002868410725e-04 -1.879345073015830536e+00 3.421178757305338536e+02 1.191152137248465513e-06 -4.115867018070637151e+00 1.342498394945199251e+09
8.585764910458774631e-04 -1.931693666564332723e+00 4.906640043597627709e+02 8.023856434229198427e-08 -6.070726731533027554e+00 1.342498394956818581e+09
8.992925033746989065e-04 -1.911095219889455743e+00 4.071504545847097916e+02 2.215071604677790778e-06 -3.762290024955581735e+00 1.342498394964353561e+09
8.962432815637627745e-04 -1.915365050763900179e+00 3.996201785856810034e+02 4.250541501388550413e-07 -5.027143292671413910e+00 1.342498394964907408e+09
9.100823265080170126e-04 -1.900702558296504918e+00 3.767570504243047935e+02 6.453722138758976020e-07 -4.415207129527581209e+00 1.342498394969533682e+09
8.593112906039606811e-04 -1.934635383854048207e+00 4.732488968170224553e+02 2.700525623815655571e-06 -3.606261289420764626e+00 1.342498394970654011e+09
8.755938436857690649e-04 -1.915316030307285367e+00 4.506949690943072255e+02 4.370938472464624311e-07 -4.886682925600311478e+00 1.342498394977499008e+09
9.009404103694488479e-04 -1.904540443763155677e+00 3.867129846205888271e+02 1.996285114157301908e-06 -3.921932331041535491e+00 1.342498394978465557e+09
8.781709084222069812e-04 -1.923639774628922883e+00 4.511225047516915083e+02 2.694855056222248572e-06 -3.715341115017624318e+00 1.342498394984635115e+09
8.697210798653939780e-04 -1.925031514228457530e+00 4.606709944700215260e+02 2.540542177366872912e-06 -3.389368742489370590e+00 1.342498394989083529e+09
8.537203084517919725e-04 -1.940006351661974104e+00 4.780820158961101356e+02 5.959668740628531254e-07 -4.666867853622758133e+00 1.342498394990245104e+09
8.714405484145754891e-04 -1.918776952900738131e+00 4.784898603212548664e+02 5.130787942557520216e-07 -4.777317729058212947e+00 1.342498394998593807e+09
8.615120236866797209e-04 -1.931947765595346311e+00 5.026334352169888007e+02 1.520605991117209373e-06 -4.078745210557483958e+00 1.342498395011142254e+09
8.903928028684807323e-04 -1.906758442518649677e+00 4.291787649245957255e+02 1.334787724317087266e-06 -4.289104364702067684e+00 1.342498395012444973e+09
8.582289593679268396e-04 -1.939972215259201160e+00 4.744349507854452099e+02 2.994523297559096483e-07 -5.378878773694119708e+00 1.342498395020007372e+09
8.566461616843584715e-04 -1.936563097680586099e+00 4.888686862635204307e+02 3.363546452981089054e-06 -3.409865470718408176e+00 1.342498395020169973e+09
8.794497901902473573e-04 -1.920873542473332529e+00 4.587459148194911336e+02 5.964907094448605333e-07 -4.764394412907440923e+00 1.342498395021926880e+09
8.475362936140080775e-04 -1.946299306913085392e+00 4.998190213953706120e+02 2.307275859824787597e-07 -5.448769543905864765e+00 1.342498395030132055e+09
9.123497907185942413e-04 -1.895054604590239666e+00 3.917534039280475895e+02 9.454188051684862725e-08 -6.107145232901737053e+00 1.342498395034425497e+09
8.723196387156311469e-04 -1.921951737545031236e+00 4.394080466535000369e+02 4.035051772609765876e-07 -4.944665779977169606e+00 1.342498395037234306e+09
8.631099503807845201e-04 -1.930279982267569361e+00 4.723358695796329698e+02 4.711265101393601900e-08 -6.480278717918618092e+00 1.342498395040651083e+09
8.618555404588822046e-04 -1.933945535726208753e+00 4.875326538856563161e+02 8.532807633045753030e-07 -4.667892505684767102e+00 1.342498395043091297e+09
8.866303871244518662e-04 -1.912484737708002314e+00 4.261383095303486357e+02 5.392521803945317156e-08 -6.543423152304654877e+00 1.342498395052567482e+09
8.901945815480879739e-04 -1.910815906684215637e+00 4.066091795967725488e+02 6.117834545442147764e-08 -6.355318328444855780e+00 1.342498395053250074e+09
8.680230394016269198e-04 -1.927160755515684887e+00 4.781166464530336953e+02 1.642701488263436627e-06 -4.152191156653915804e+00 1.342498395063434839e+09
8.422953295872474258e-04 -1.947239788248728454e+00 5.370669211588144663e+02 6.712640815735633549e-07 -4.570120044781994295e+00 1.342498395064352036e+09
8.425344292003474978e-04 -1.944592517231718887e+00 5.363348060207861181e+02 2.119536170578961117e-07 -5.447751392536124726e+00 1.342498395064386845e+09
8.914724641808974195e-04 -1.910199594576343474e+00 4.218131103794202659e+02 3.751952336358556200e-08 -6.639342199105415787e+00 1.342498395064387560e+09
8.687356077211529515e-04 -1.923124737735633971e+00 4.517842430503620790e+02 4.107857059916960881e-07 -4.990116626829111723e+00 1.342498395066759825e+09
9.444115472687670144e-04 -1.871991052803594346e+00 3.466846509156738421e+02 2.642505480361315540e-06 -3.634232076867441208e+00 1.342498395072559118e+09
9.036335415688832038e-04 -1.902264485400645633e+00 4.059909055095114923e+02 3.111125363225687641e-06 -3.244801006049534919e+00 1.342498395083839655e+09
8.690044005932869931e-04 -1.932287575767794863e+00 4.607005810975845748e+02 1.501347380801564489e-06 -3.967335530803358878e+00 1.342498395084124565e+09
8.720317397338558756e-04 -1.927137895799972966e+00 4.556435747197745059e+02 1.430301123099514447e-07 -5.617509738789523865e+00 1.342498395085921526e+09
8.770806105373290520e-04 -1.922879216294483218e+00 4.505318580707196361e+02 3.360259361603097735e-07 -4.962522167862257305e+00 1.342498395086108208e+09
9.091938860689187385e-04 -1.897486987975135708e+00 3.791100971097983461e+02 2.548778039226107733e-07 -5.505574838273206595e+00 1.342498395088019609e+09
8.900983689706175967e-04 -1.917189509819559490e+00 4.116757046411174201e+02 5.380937062522919592e-07 -5.022086579219131153e+00 1.342498395088301897e+09
8.489882484884172988e-04 -1.937443294367541924e+00 5.196502564548525243e+02 6.041464015986726575e-07 -4.635998971129154711e+00 1.342498395088775396e+09
8.670497530430203549e-04 -1.934009545335096059e+00 4.496134732271609664e+02 2.594242258994147383e-07 -5.286874243474483315e+00 1.342498395092201948e+09
8.653461826538034508e-04 -1.930555219161071978e+00 4.791030275167981927e+02 1.116745794004126672e-06 -4.073416653396490617e+00 1.342498395094299316e+09
8.949227296870698083e-04 -1.905567176339052482e+00 4.016406980841740619e+02 1.126890008099683050e-07 -5.792550299026073546e+00 1.342498395101553679e+09
8.833894255804967824e-04 -1.918833321389465940e+00 4.218627727744448634e+02 4.307805979392373591e-08 -6.620997119947787724e+00 1.342498395108489752e+09
9.372922737661342710e-04 -1.879344162799359896e+00 3.462254413033832634e+02 1.104193333913874365e-07 -5.944881233125689945e+00 1.342498395112647295e+09
8.856994608734779359e-04 -1.914869432540364791e+00 4.406127294442715652e+02 4.627818680289974503e-07 -4.732376799837792802e+00 1.342498395112899780e+09
8.948994517484836712e-04 -1.901282325967412756e+00 4.234504387618834471e+02 3.541570899790201272e-07 -5.167593593676821584e+00 1.342498395116232157e+09
8.581736604533195820e-04 -1.935719767516812073e+00 5.041753254582748696e+02 4.168949754246154630e-07 -5.129638900355029563e+00 1.342498395119752884e+09
9.320360382889497208e-04 -1.884851513278831936e+00 3.524232282292496166e+02 2.601020927677751991e-07 -5.161946272896397403e+00 1.342498395120038509e+09
9.320304554081974054e-04 -1.876708461958368712e+00 3.631140371956769286e+02 1.067648793344795584e-06 -4.227082026583858010e+00 1.342498395123815298e+09
8.935065854303541168e-04 -1.901635747053363801e+00 4.266120535209076934e+02 4.707349860966609267e-07 -4.869927617844861167e+00 1.342498395124909401e+09
9.028347327237646203e-04 -1.899435007198707392e+00 3.861465450953904224e+02 6.258018057413695990e-07 -4.676052487749517539e+00 1.342498395127067566e+09
8.788278232967473933e-04 -1.926646150758984044e+00 4.309213533873954134e+02 4.135249679150739705e-07 -5.157689889500788105e+00 1.342498395129546881e+09
9.145373964778451183e-04 -1.895468686498982036e+00 3.853456266522460965e+02 4.602304411271144542e-06 -2.960666801987410501e+00 1.342498395129707813e+09
9.185350525213963578e-04 -1.896169842730934585e+00 3.724857072661648090e+02 3.503790619472863639e-07 -5.290122212124265033e+00 1.342498395130337238e+09
9.098338575411995914e-04 -1.901823275754401132e+00 3.689504120130133060e+02 1.988110119318609208e-07 -5.502584384827668096e+00 1.342498395140814781e+09
9.076396530119849957e-04 -1.898651556068382984e+00 3.967839753726526055e+02 5.829557730694371201e-08 -6.386536067807909944e+00 1.342498395141167402e+09
9.087455085563415436e-04 -1.893190019472623442e+00 4.027856095088088750e+02 4.006152530239877437e-07 -4.878775546461826984e+00 1.342498395151226044e+09
8.893999416883619728e-04 -1.909173330871992924e+00 4.233604489772048396e+02 7.543229746512155620e-08 -6.316802077669315452e+00 1.342498395151757717e+09
8.757678170905868744e-04 -1.925671951979974317e+00 4.304867902746915433e+02 4.801540525318953478e-07 -4.716746647234658418e+00 1.342498395152788401e+09
8.761980696710630970e-04 -1.925236368754819516e+00 4.565471060899747044e+02 7.802274625488034966e-07 -4.701517013015960700e+00 1.342498395155019760e+09
8.893301243849403067e-04 -1.910491702279262238e+00 4.195371584944309689e+02 1.432836694420563276e-06 -4.275126368544165167e+00 1.342498395157070875e+09
9.058326629985910018e-04 -1.896760443389255313e+00 3.942922208227621468e+02 4.463732386247295174e-06 -3.038285127682232911e+00 1.342498395167114973e+09
8.954167787792327322e-04 -1.910578662835539232e+00 4.002346741650226818e+02 3.424430566167919525e-06 -3.188377244745373318e+00 1.342498395172808886e+09
9.265679364947229093e-04 -1.891404779521075774e+00 3.584233051810600159e+02 6.263301229920738300e-07 -4.866795806107607092e+00 1.342498395183928490e+09
8.867921006709856158e-04 -1.910244989922088354e+00 4.175387699953450351e+02 3.946870120087089376e-07 -4.856247614997654338e+00 1.342498395193253756e+09
8.701179839680967844e-04 -1.924683882529555801e+00 4.478578543301155150e+02 1.399517913677166870e-07 -5.883591279678990205e+00 1.342498395194709539e+09
8.781267030468661817e-04 -1.917628960443087838e+00 4.337432433087608956e+02 9.257103177128141519e-07 -4.190695204822810993e+00 1.342498395195984125e+09
9.036617335020696775e-04 -1.900823472756045796e+00 4.145239895875740217e+02 2.595569512892274377e-06 -3.568770112121567806e+00 1.342498395196880579e+09
8.888677747222895748e-04 -1.917669184106209901e+00 4.132154038329940704e+02 3.876433176886436837e-06 -3.225055362580462770e+00 1.342498395196946144e+09
8.465218650287116738e-04 -1.943949346446918636e+00 5.175394041724539420e+02 1.246528722745739932e-06 -4.074869669251997450e+00 1.342498395202789307e+09
8.453045406551136249e-04 -1.942422377572292191e+00 5.243502650364279134e+02 8.265282200624788759e-07 -4.605130191669967843e+00 1.342498395204016924e+09
9.394625361619729585e-04 -1.881768272321957980e+00 3.392572600006279799e+02 2.528485720041750562e-06 -3.545328950770329612e+00 1.342498395205130577e+09
8.833034334653155038e-04 -1.922447326742429574e+00 4.307668073228726371e+02 8.807918629883281202e-07 -4.630936033610494107e+00 1.342498395211025715e+09
9.246734207126896090e-04 -1.892026958059492170e+00 3.625770463108689796e+02 4.930273697806945445e-07 -5.046592058061530217e+00 1.342498395217291117e+09
8.447812843732407364e-04 -1.944201300205538496e+00 5.219038425658661708e+02 2.286296979904372027e-07 -5.351059435812305587e+00 1.342498395217675924e+09
9.038146813450803618e-04 -1.898864849182412495e+00 3.878520289738053748e+02 2.191411422422284494e-06 -3.683653604761281564e+00 1.342498395218252659e+09
8.671198271413903908e-04 -1.926454689056444680e+00 4.893471410630441483e+02 3.832578168748596446e-07 -5.146997213048547515e+00 1.342498395225951910e+09
9.190826252660478073e-04 -1.895837289300087658e+00 3.602628256674112777e+02 3.055756142630621504e-06 -3.496231227869354363e+00 1.342498395227460146e+09
8.769262387815121270e-04 -1.916164129663268767e+00 4.466224100857003805e+02 2.448160683747635235e-06 -3.575824885889611338e+00 1.342498395230782747e+09
8.543852852390436880e-04 -1.940563271775589849e+00 4.941422526713679986e+02 7.431631465981780248e-07 -4.438764458198482643e+00 1.342498395232687473e+09
8.744425489409238727e-04 -1.927985493412929463e+00 4.418006597982108588e+02 8.416885426197079059e-07 -4.689106947148056648e+00 1.342498395233656883e+09
9.447796585559583302e-04 -1.872226602222106351e+00 3.444641907028374703e+02 2.852576007807247504e-07 -5.214361943924334497e+00 1.342498395234467983e+09
8.590728877313710560e-04 -1.935284829083973701e+00 4.755590990109207610e+02 9.571255896247919185e-07 -4.566420992492242092e+00 1.342498395236176968e+09
8.597114558632965291e-04 -1.927625261498669307e+00 4.965555147457765202e+02 7.824868291253492287e-07 -4.520757913433325115e+00 1.342498395240071774e+09
9.227974021534292044e-04 -1.891402935993046874e+00 3.559481700238990243e+02 2.438531649684898412e-07 -5.492248189088749122e+00 1.342498395252179384e+09
8.792882602666772301e-04 -1.914407312870493705e+00 4.488064971164910162e+02 5.913509523730160752e-07 -4.507138495586545446e+00 1.342498395255578041e+09
8.848729950678514483e-04 -1.916341338834034680e+00 4.434120551200633713e+02 3.851443333755918086e-06 -3.264927336964368543e+00 1.342498395255626917e+09
8.690526353732207655e-04 -1.920782859791980490e+00 4.750346040843105015e+02 1.042417081485356429e-06 -4.386539406640467931e+00 1.342498395263004780e+09
8.606571113071181684e-04 -1.931203325800354254e+00 5.005480468978130375e+02 1.388247495238118457e-06 -4.233358893882190443e+00 1.342498395265809774e+09
8.975523935825668485e-04 -1.910273117293188827e+00 4.155174223985258664e+02 1.125587636213750574e-06 -4.408508549019325429e+00 1.342498395265861034e+09
9.032393592250454514e-04 -1.900526743057333823e+00 3.923989474281867160e+02 1.079358661594721167e-06 -3.992061095323830244e+00 1.342498395267430782e+09
9.014438058238136370e-04 -1.911536112784261165e+00 3.832895711863194492e+02 5.709633729618603615e-07 -4.831426111727633810e+00 1.342498395270976782e+09
9.287103608471991437e-04 -1.889737562830149153e+00 3.477975400264168115e+02 1.729561607781660523e-06 -4.020356950151469100e+00 1.342498395277340412e+09
9.087242552019117632e-04 -1.897916638836771419e+00 4.024521476084667597e+02 3.749477753907282331e-06 -3.231244456282636790e+00 1.342498395278483152e+09
8.449715859059714427e-04 -1.946488440299351197e+00 5.161066325046283509e+02 1.543395443791373568e-06 -4.073513340461223819e+00 1.342498395281632185e+09
8.495024330904408149e-04 -1.940549237025145590e+00 5.083750221280067763e+02 1.771332373579124789e-06 -3.824881679873146645e+00 1.342498395284368038e+09
8.536704513157455758e-04 -1.936424340371389663e+00 4.934452608128739257e+02 1.881367238102983382e-06 -3.866393031750321008e+00 1.342498395284965038e+09
9.003947525135158007e-04 -1.899618182910771891e+00 4.040129144951412741e+02 3.244014400805949648e-06 -3.437005656309288781e+00 1.342498395285776615e+09
8.471422082889340077e-04 -1.943022087282487265e+00 5.104877349818406742e+02 2.362390575889511108e-07 -5.315699215343643758e+00 1.342498395292318583e+09
9.052306163934023889e-04 -1.901165681091716575e+00 3.889922205570270535e+02 2.139442660409891909e-06 -3.948870652455674701e+00 1.342498395295386791e+09
8.920893436860699360e-04 -1.907015950943081073e+00 4.343799500560547813e+02 3.667422073014857860e-07 -4.958755338573634930e+00 1.342498395299222708e+09
8.612524714796867403e-04 -1.933458968161936076e+00 4.754442364583863991e+02 4.430268845333860601e-07 -4.743933067013971439e+00 1.342498395300137997e+09
8.967595225887019239e-04 -1.905507194294943307e+00 4.279064213720594694e+02 1.279038237637366307e-06 -4.096826847285284678e+00 1.342498395303336620e+09
8.524844746549870055e-04 -1.938152870449757259e+00 5.069228985533173955e+02 1.258866762827749027e-06 -4.332159904877526557e+00 1.342498395304224014e+09
8.880497621181785914e-04 -1.913889506659141482e+00 4.293997649877539970e+02 5.777111123622382456e-08 -6.368027936142088841e+00 1.342498395305129290e+09
8.602473904449628927e-04 -1.935552485263720479e+00 4.971094168650209326e+02 5.521011334156450571e-07 -4.782437407005060592e+00 1.342498395306558132e+09
8.907594444411454267e-04 -1.915861341889779190e+00 4.198938528312883705e+02 1.896935234118778120e-07 -5.524283258041030820e+00 1.342498395307084322e+09
9.505492890840616703e-04 -1.871286837068714570e+00 3.368512268733389305e+02 1.063979234189575876e-06 -4.218025032223215121e+00 1.342498395309462070e+09
9.058227817538765060e-04 -1.897818249080854391e+00 3.957960874895858865e+02 5.108441212891107537e-06 -2.887201736782049721e+00 1.342498395312051535e+09
8.917795184256571001e-04 -1.917133872621311630e+00 4.078168504329548227e+02 4.158610534651570643e-07 -5.164176600526042549e+00 1.342498395314906597e+09
9.343712476560790507e-04 -1.883042405855272383e+00 3.546100436957575539e+02 2.037601430597269752e-07 -5.574412663451476568e+00 1.342498395331892967e+09
9.319303597087959289e-04 -1.877389143080350875e+00 3.626953289766902344e+02 1.888903149857852438e-06 -3.805123736344940610e+00 1.342498395334696054e+09
8.844696716631048321e-04 -1.916569297664818983e+00 4.401074061386966605e+02 1.764217010238725712e-06 -3.707544234154899421e+00 1.342498395336966038e+09
8.892553172944402161e-04 -1.909630781226788088e+00 4.436829789565956048e+02 1.608932116482768540e-06 -4.037363948328449581e+00 1.342498395339754581e+09
9.273139265376255163e-04 -1.881574590541294612e+00 3.614327616395529503e+02 2.374714598841761561e-06 -3.641734042549495953e+00 1.342498395341562510e+09
8.970204526909438675e-04 -1.904581233729593537e+00 4.174189608769374331e+02 3.847511582638354405e-06 -3.073180552220975414e+00 1.342498395342802048e+09
9.068765340461954318e-04 -1.897050314065906518e+00 4.045575598949939717e+02 1.765438714588524691e-07 -5.691598563040949799e+00 1.342498395346485376e+09
9.151489224143776954e-04 -1.890820383106446512e+00 3.785061158367211078e+02 4.276320724148295391e-06 -3.117123831608309636e+00 1.342498395347803593e+09
9.245289056202480454e-04 -1.888297868407200042e+00 3.651475561410925366e+02 5.388445315141452912e-07 -5.000694301393826535e+00 1.342498395349263430e+09
8.648085124237678105e-04 -1.928190569418727351e+00 4.680594237090036245e+02 3.702765017889059637e-07 -5.259344472226162637e+00 1.342498395352681637e+09
8.769532486498927536e-04 -1.923806251358650687e+00 4.344501571727635110e+02 1.209382436673438246e-06 -3.975177501488533771e+00 1.342498395357238293e+09
9.293120949974473634e-04 -1.887582834656258424e+00 3.501363296001364347e+02 1.149959742107340117e-06 -4.399835991504147614e+00 1.342498395358145714e+09
8.840488290186524628e-04 -1.909093950760116343e+00 4.489406756011723019e+02 5.377484738418596148e-07 -4.825393013447509816e+00 1.342498395360074520e+09
9.153809280987613983e-04 -1.895386774230578997e+00 3.902354603612218966e+02 1.418742122118504547e-06 -4.205949932891563492e+00 1.342498395361858130e+09
9.360755227397663750e-04 -1.880901852076769520e+00 3.491140735337862111e+02 1.414704517583677920e-07 -5.687159295227035116e+00 1.342498395369856834e+09
9.184236450536456152e-04 -1.891681377332896652e+00 3.754842706771813141e+02 2.927725251730144680e-07 -5.429862336656285038e+00 1.342498395377228498e+09
8.848327969179812591e-04 -1.917251282816149871e+00 4.307629725525059143e+02 1.371168866613080784e-06 -4.338022941042818381e+00 1.342498395378389835e+09
8.833862492309332024e-04 -1.913438479677891824e+00 4.438148089792040878e+02 3.112211243465571503e-06 -3.579197358756687208e+00 1.342498395381058931e+09
8.930465454844589137e-04 -1.905606402199627070e+00 4.181022694207309769e+02 5.271699856777989674e-08 -6.376698432212240419e+00 1.342498395389369488e+09
9.019754463046651639e-04 -1.896999058503042512e+00 3.998032246186534735e+02 8.386635051791246804e-07 -4.368501849461749131e+00 1.342498395391369820e+09
8.773973984493291158e-04 -1.919077342723454205e+00 4.368581740004863718e+02 1.440159894068454065e-07 -5.893244024685200699e+00 1.342498395393357277e+09
9.023598376105408615e-04 -1.901622567415737208e+00 3.893363109499593975e+02 1.043463762047658219e-07 -6.060277358658598956e+00 1.342498395399034977e+09
8.534631824522153883e-04 -1.941081822380366528e+00 4.864261418169168678e+02 3.081101520453652777e-07 -5.122117933302423154e+00 1.342498395401041746e+09
9.303209387171204169e-04 -1.887272796729556834e+00 3.638838376958878484e+02 1.391758270070133892e-06 -4.166478502687016139e+00 1.342498395404273272e+09
9.042093329708812298e-04 -1.907173600944621628e+00 3.865293910475351140e+02 3.795463933075168086e-06 -3.356585871705953572e+00 1.342498395407901764e+09
9.329288995094243801e-04 -1.884578445893320353e+00 3.524298390211729384e+02 1.378166358836781555e-07 -5.802951100409668328e+00 1.342498395409113407e+09
8.764883537756421646e-04 -1.926184097849541921e+00 4.234252046015363931e+02 3.285569370113110976e-07 -5.264558131036956468e+00 1.342498395410956144e+09
8.699046569809160785e-04 -1.927784961627914129e+00 4.524796690954329961e+02 5.016514376755859417e-08 -6.492341370576328430e+00 1.342498395415686131e+09
8.639137299622935261e-04 -1.928590576929775757e+00 4.680081225173519215e+02 8.129433775634653682e-07 -4.299970880354011982e+00 1.342498395420835257e+09
9.212699521170572385e-04 -1.886657808256861024e+00 3.701081968473222901e+02 1.181947460275340093e-07 -5.760775390455012968e+00 1.342498395421011209e+09
9.104276127356919403e-04 -1.896316976014634559e+00 3.733844210348374872e+02 1.613922583106822066e-06 -3.891517333198013517e+00 1.342498395422223091e+09
9.092596599298928941e-04 -1.896647803211439109e+00 4.034027470988423261e+02 1.228452452494868484e-06 -4.318580228795218190e+00 1.342498395425039053e+09
8.572443917187335749e-04 -1.938999544847255230e+00 4.794296965340209908e+02 2.821391000404109640e-07 -5.436765581020503113e+00 1.342498395427052259e+09
8.621631161540560919e-04 -1.931499158149649675e+00 4.717961173700152813e+02 6.958662241047252850e-08 -6.328529316444146957e+00 1.342498395429865122e+09
9.128514813031300603e-04 -1.899101338860409882e+00 3.889009066325513118e+02 3.077565147223102093e-07 -5.255534451969465337e+00 1.342498395430269241e+09
8.759716557152025327e-04 -1.925979158179383699e+00 4.440403049576686954e+02 2.193760509974199557e-07 -5.626819891389703621e+00 1.342498395439260960e+09
9.051853101329134649e-04 -1.902816010198292496e+00 4.058975252861551439e+02 3.885275940471575068e-07 -5.138168988139820925e+00 1.342498395440991640e+09
9.054728044397922790e-04 -1.898886603749712965e+00 3.946397352828956286e+02 2.216058773465261330e-06 -3.904991969663917040e+00 1.342498395448214531e+09
9.138130125929467325e-04 -1.893890693288672100e+00 3.821578634773198928e+02 3.214953939249702792e-07 -5.366571660030031055e+00 1.342498395449999809e+09
8.611332367164666697e-04 -1.928729225997829477e+00 4.942594234390483052e+02 2.066698320301583531e-07 -5.598278283289584323e+00 1.342498395458762407e+09
8.705776500571463326e-04 -1.928952191771503566e+00 4.615980369415535165e+02 4.120120202912716185e-07 -5.197336197603755537e+00 1.342498395463552713e+09
9.152366144506757142e-04 -1.894500823498754372e+00 3.892293891139621564e+02 3.590569754153409688e-06 -3.431569722591228278e+00 1.342498395466857672e+09
8.506565231734333765e-04 -1.940064932649677942e+00 5.271961024587657221e+02 8.723082480552770041e-07 -4.480506980081308654e+00 1.342498395466881990e+09
8.757092341680599570e-04 -1.925154537297604662e+00 4.527293843279529710e+02 1.902535849958651473e-06 -4.037625647169221565e+00 1.342498395466896772e+09
9.209979236442331508e-04 -1.892172168652732189e+00 3.565492841924103118e+02 7.872329991669283981e-07 -4.388603859352458336e+00 1.342498395468281031e+09
8.498891765687642151e-04 -1.940076267363175067e+00 5.275107240371489752e+02 1.255562277429347186e-06 -4.243840112539437825e+00 1.342498395470930099e+09
8.653878623096015587e-04 -1.930719706904265420e+00 4.698774989976816414e+02 7.025171771845396770e-07 -4.394956408365085387e+00 1.342498395471230745e+09
8.704276731419494139e-04 -1.923965577034420837e+00 4.510531463361687088e+02 7.731446136143906148e-08 -6.099131234837356530e+00 1.342498395474259377e+09
9.216002701224134362e-04 -1.888307917756761434e+00 3.647432533970862210e+02 3.096866729062341899e-06 -3.526836363752375192e+00 1.342498395475122213e+09
9.032204582688687505e-04 -1.904835801405849738e+00 3.865657099999822321e+02 7.329468013378887993e-08 -6.131577094452680399e+00 1.342498395475128174e+09
9.396231727534747188e-04 -1.880549997338269108e+00 3.465462497005543128e+02 1.501992643812746401e-06 -4.174550136878922402e+00 1.342498395479597807e+09
9.355366251497518933e-04 -1.880164690589800180e+00 3.614073066553059448e+02 1.775981128648023364e-06 -3.883427997309110147e+00 1.342498395481411219e+09
8.932682866335513259e-04 -1.907112071652188101e+00 4.251053939385294598e+02 4.707594052612888964e-06 -2.982508641642888314e+00 1.342498395483456612e+09
9.032378642374950303e-04 -1.897639108494837856e+00 3.982304261780738557e+02 1.001548559992474836e-07 -6.031440692442330942e+00 1.342498395493418217e+09
8.620396474021121622e-04 -1.936217136180636178e+00 4.575319703616801235e+02 1.213953302375508924e-06 -4.182750346506079353e+00 1.342498395497159719e+09
8.698470763770766280e-04 -1.929415850664284449e+00 4.511695075692384762e+02 9.242020546981922287e-07 -4.211031229384617269e+00 1.342498395498148441e+09
9.170376999295000962e-04 -1.888749166482011965e+00 3.890400911969588265e+02 5.486557693135053122e-07 -4.894554647691805371e+00 1.342498395499380112e+09
9.347096970613641810e-04 -1.876566486127793754e+00 3.609356373355673782e+02 1.445016925155600397e-06 -4.109656738803855625e+00 1.342498395499679565e+09
8.839189845837408478e-04 -1.910586089828480993e+00 4.483156509987613845e+02 2.438995180780478340e-06 -3.610220511808391208e+00 1.342498395500211954e+09
8.652779419529155322e-04 -1.931399102294990788e+00 4.576612417582308581e+02 1.905781829388510376e-06 -3.984090758094360751e+00 1.342498395501288414e+09
9.261944093016212173e-04 -1.884914943002576893e+00 3.581409567005512145e+02 1.807539170902859252e-07 -5.450912694755286836e+00 1.342498395507800817e+09
8.732831559376757298e-04 -1.921919566477669150e+00 4.691523646547713611e+02 1.842022143021451551e-07 -5.486768076925624626e+00 1.342498395513788700e+09
8.908192261893889928e-04 -1.910678719461687436e+00 4.006679063675217662e+02 3.154736935454404685e-07 -5.225805866462263971e+00 1.342498395513823748e+09
8.647662262948719409e-04 -1.925107221155191173e+00 4.893300687260556856e+02 8.588021059455308617e-07 -4.562289664715491355e+00 1.342498395521622896e+09
8.551523751103358873e-04 -1.936142521416921003e+00 5.068002907599984042e+02 1.429736395408137785e-06 -4.220385533380905940e+00 1.342498395523554325e+09
9.148802421924927004e-04 -1.897642590467067514e+00 3.630903255631945967e+02 7.284918040096204015e-07 -4.467921578423177387e+00 1.342498395523779154e+09
8.839540635184042414e-04 -1.915342656967254698e+00 4.495276682077789587e+02 3.052129533234130972e-07 -5.310678882807732926e+00 1.342498395527179003e+09
8.922858177153623676e-04 -1.906922781045863768e+00 4.271690496823923695e+02 3.964678505769471602e-06 -3.331973817745664590e+00 1.342498395528238535e+09
9.379135525407057521e-04 -1.882505803994759308e+00 3.383818024768480086e+02 8.598500669705903195e-07 -4.554685627704094131e+00 1.342498395529618263e+09
8.988629141061571428e-04 -1.907104713958756026e+00 3.872714684196864710e+02 1.756539906832137404e-07 -5.529741244670230316e+00 1.342498395530895472e+09
8.718315284577428381e-04 -1.927108839840377064e+00 4.715957663919369338e+02 6.005849831668722326e-07 -4.755463305117408446e+00 1.342498395533053160e+09
9.443467593261883940e-04 -1.874641419148203259e+00 3.474517801299185180e+02 7.944337435820071106e-07 -4.540430018475960949e+00 1.342498395535608053e+09
8.790341142821396329e-04 -1.923020688093191710e+00 4.453322985793867588e+02 3.722204316574495124e-06 -3.369384927584506251e+00 1.342498395535801172e+09
9.138647426702940953e-04 -1.899145291502939648e+00 3.748740988256490709e+02 9.892615153645567820e-08 -6.031038627645840755e+00 1.342498395536953211e+09
8.619379066457665039e-04 -1.930825723849117992e+00 4.755725375117699514e+02 1.582423167707752519e-06 -3.809123894038149771e+00 1.342498395539482594e+09
8.387579814249524618e-04 -1.949410145975476016e+00 5.433509810062795395e+02 5.256428873699008011e-07 -4.874210279797521750e+00 1.342498395541192532e+09
8.766594198832958944e-04 -1.918582705318087722e+00 4.581740249777740814e+02 1.900707633734027973e-07 -5.393723241513500355e+00 1.342498395542779207e+09
8.754194670160540858e-04 -1.919971348567147684e+00 4.506796575247801684e+02 5.676728201886001436e-08 -6.467932316021046901e+00 1.342498395542805910e+09
9.050371245007305006e-04 -1.902082405068188153e+00 3.916410666933015818e+02 2.288964184779715970e-06 -3.904298180233984894e+00 1.342498395543822289e+09
8.838780221497008526e-04 -1.921804354589695008e+00 4.178127192983612304e+02 1.545841846421730084e-07 -5.797756776743208995e+00 1.342498395547442913e+09
8.804545947761299556e-04 -1.915960941505326920e+00 4.570576385404677353e+02 3.517688261723747606e-07 -5.240989502395723143e+00 1.342498395552634478e+09
8.845180928370771547e-04 -1.920909540409471372e+00 4.203822118118336562e+02 9.526270127678625129e-07 -4.591198361824453400e+00 1.342498395555172920e+09
8.636324806253181099e-04 -1.935317330912158074e+00 4.726541757300784639e+02 1.966111079133311304e-06 -3.954258455373164338e+00 1.342498395559924603e+09
8.568863740812414148e-04 -1.939281456549639016e+00 4.875191415607232557e+02 2.290359145852895949e-07 -5.558834979990647795e+00 1.342498395570014238e+09
8.896949275692480914e-04 -1.911807821334244650e+00 4.348921811519385869e+02 2.109270084104480006e-06 -3.623391355258929636e+00 1.342498395573014975e+09
8.599167986494052470e-04 -1.939082635459000503e+00 4.785011073362413754e+02 6.749827101587478015e-07 -4.771898888332006372e+00 1.342498395573330641e+09
8.861886066143367718e-04 -1.909129606868059437e+00 4.266649398025757591e+02 5.884052596073790239e-07 -4.836817055259603038e+00 1.342498395574326038e+09
8.628297846234265220e-04 -1.930114240141304283e+00 4.670461667003119146e+02 2.131502191573373809e-06 -3.780783400149219986e+00 1.342498395575451374e+09
8.579959982583535436e-04 -1.930967579779493182e+00 4.985664735944154700e+02 2.062296039081648009e-07 -5.406657880100318891e+00 1.342498395577594757e+09
9.265518638984663940e-04 -1.889521676047330567e+00 3.514543863302403111e+02 1.436924350837723614e-06 -4.190925636594935000e+00 1.342498395579394579e+09
8.952724832181023756e-04 -1.904968972003128647e+00 4.255947709521543061e+02 7.227265407823078868e-07 -4.751182772271478782e+00 1.342498395583084822e+09
8.543741774946693283e-04 -1.940099490897611245e+00 4.966000386511843203e+02 2.561962496743647283e-07 -5.266675096928263855e+00 1.342498395583579540e+09
8.772440069427883636e-04 -1.924252095354722414e+00 4.256379877315915792e+02 2.186409279158813417e-06 -3.747156258564839248e+00 1.342498395586583614e+09
9.440300023230166699e-04 -1.875680777150840584e+00 3.431771385387349937e+02 7.160671994460688677e-07 -4.471444633055308593e+00 1.342498395589590311e+09
8.891653589449662271e-04 -1.910353614212841888e+00 4.190179728495891709e+02 4.438068208491344166e-08 -6.481202857515834914e+00 1.342498395592134714e+09
8.926578694312876407e-04 -1.905615747132718196e+00 4.116790371794601242e+02 2.816662123377587590e-07 -5.385432657852285310e+00 1.342498395592610121e+09
9.039272782422737382e-04 -1.905358145986622231e+00 3.779585864992735083e+02 3.587201717340321449e-07 -5.007097322132320727e+00 1.342498395593441725e+09
9.305777223211479134e-04 -1.884969638844108175e+00 3.593678256827814153e+02 1.128162655796730421e-06 -4.044382292816138147e+00 1.342498395593728304e+09
9.376762619755822040e-04 -1.878474005296004279e+00 3.574390980458226750e+02 7.707965025953384934e-07 -4.489627243322972916e+00 1.342498395594974279e+09
8.644309523556880336e-04 -1.930252013425133306e+00 4.535893821750152028e+02 7.298763981958070495e-07 -4.641157474306918829e+00 1.342498395605479479e+09
8.707660118868780150e-04 -1.924841515982496976e+00 4.443978020318176050e+02 1.692239527676732522e-06 -4.003496915981381576e+00 1.342498395605860233e+09
9.233493888253697544e-04 -1.887409845411898823e+00 3.735364858556446848e+02 1.591040306338297478e-07 -5.576685620786301811e+00 1.342498395610208273e+09
9.117933521107454437e-04 -1.894113575507286429e+00 3.760608142821421893e+02 2.469324351621372087e-06 -3.579038035677850615e+00 1.342498395612889767e+09
8.603547727590782129e-04 -1.936403295298422478e+00 4.815290856580815557e+02 2.329552360084477967e-07 -5.339412701606716105e+00 1.342498395615952253e+09
8.556583050662298993e-04 -1.937443952686996873e+00 5.028052847728201300e+02 2.090942180242658556e-07 -5.611861514847717558e+00 1.342498395616463423e+09
9.042142026105675105e-04 -1.904658083903521870e+00 3.914075895326583350e+02 7.272952164375847294e-08 -6.297005212900361748e+00 1.342498395620027542e+09
8.722694683546808369e-04 -1.924502643653011269e+00 4.641112965822055685e+02 8.460605585270572314e-08 -6.181389399813806307e+00 1.342498395620430708e+09
8.678028062428465566e-04 -1.931214086145601083e+00 4.643516268459498519e+02 5.585258078519480108e-07 -4.982795322342186140e+00 1.342498395622653484e+09
8.575277711912632651e-04 -1.933713492283088087e+00 4.966029125662576575e+02 1.200738635290984473e-06 -4.369711845346072820e+00 1.342498395622946024e+09
8.556682002064836283e-04 -1.934394461764749940e+00 4.845914369398750523e+02 8.033351308590383241e-07 -4.444919121588426947e+00 1.342498395623830795e+09
9.000190750958637215e-04 -1.900557578087236799e+00 4.072154163233279860e+02 8.194463878534103033e-08 -6.030072473565367019e+00 1.342498395629122019e+09
9.221935885294901955e-04 -1.887689860426355448e+00 3.709539579251381838e+02 3.026027834714453951e-06 -3.244677386942639075e+00 1.342498395632863760e+09
9.103638318834136878e-04 -1.891091750115650338e+00 3.960346236148196226e+02 1.749259954487607354e-06 -3.900635939959181897e+00 1.342498395637498379e+09
8.606174452529497887e-04 -1.937563602309128719e+00 4.808604694969464504e+02 5.471544120732127000e-07 -4.748378244413407501e+00 1.342498395640591860e+09
9.124698268807437344e-04 -1.902385630207488632e+00 3.687792704861128072e+02 1.872912048348648474e-06 -3.837922631042638422e+00 1.342498395640873909e+09
8.478006036095416973e-04 -1.940274818350518737e+00 5.251104854700572560e+02 1.994055078572714752e-07 -5.525598993633987988e+00 1.342498395643642426e+09
9.222232061785461425e-04 -1.887857043411299784e+00 3.656729791997781831e+02 2.366670949934832575e-07 -5.195428360339548135e+00 1.342498395643750429e+09
8.764183933106188930e-04 -1.921898351257929072e+00 4.559647453557178665e+02 2.222978160019658907e-06 -3.551894458728604320e+00 1.342498395644361019e+09
8.920446730367685012e-04 -1.912366313642393401e+00 4.084158315851420298e+02 3.602250288050024911e-07 -4.858266182144298284e+00 1.342498395647752285e+09
8.936868768728439567e-04 -1.911187809859045128e+00 4.141096806494256271e+02 2.901430750562097657e-06 -3.298834590052928561e+00 1.342498395648703337e+09
8.731605296558106336e-04 -1.922948425187598342e+00 4.751259629701108906e+02 5.664851302073403794e-07 -4.771306399219603200e+00 1.342498395649135113e+09
9.146194934261990756e-04 -1.899321263633213963e+00 3.708248552764506485e+02 3.521927557515400508e-06 -3.430264229894945061e+00 1.342498395650379419e+09
8.952062998355836149e-04 -1.905078204619824467e+00 4.030983910383121724e+02 7.754390865230945475e-07 -4.325538421085935781e+00 1.342498395650926828e+09
9.163289553530167475e-04 -1.895994892283508371e+00 3.694019796533924591e+02 5.418402023738642276e-07 -4.576987680905425293e+00 1.342498395656615973e+09
9.358520583330779893e-04 -1.877025777200965972e+00 3.565003400545233490e+02 5.070458997034507285e-07 -4.704414213804337663e+00 1.342498395657234192e+09
8.914725970971232967e-04 -1.907866508092896041e+00 4.201278156722701738e+02 1.637161473358621283e-07 -5.440936915329791290e+00 1.342498395658874989e+09
8.531226321325361978e-04 -1.940863555252762662e+00 4.884463928944685449e+02 1.430364772895208056e-07 -5.781013392126778783e+00 1.342498395661154985e+09
9.031582043835473467e-04 -1.903327580290333998e+00 3.797298906721038065e+02 3.773053892136369932e-07 -5.012599488352011967e+00 1.342498395661155701e+09
8.588622343208988973e-04 -1.935115743348495565e+00 5.017581584539778987e+02 1.859887677080113704e-06 -3.904328490562019027e+00 1.342498395662565708e+09
9.234052161045444964e-04 -1.889600722599855676e+00 3.727357496998478155e+02 8.495989538683605997e-07 -4.286595669168463019e+00 1.342498395662905216e+09
9.033973737815591005e-04 -1.909668525510608061e+00 3.812361520787549125e+02 5.446192339708181695e-07 -4.803431592584686882e+00 1.342498395666177034e+09
8.466079376100844964e-04 -1.946211749866066931e+00 5.139234211679781765e+02 8.523931817376912869e-07 -4.593008381502704296e+00 1.342498395666918039e+09
8.837906356251430890e-04 -1.916768427904199656e+00 4.308801050097214329e+02 1.904089766896110933e-06 -4.059034754968461556e+00 1.342498395668169022e+09
8.898800881261258741e-04 -1.912205418403014168e+00 4.147142379915163133e+02 4.019153280841871023e-08 -6.586851885345740953e+00 1.342498395672757864e+09
8.535438171056507293e-04 -1.933903745158816356e+00 5.112454472576995386e+02 9.989811325944433212e-07 -4.302199706894944242e+00 1.342498395675979376e+09
9.002521495474817516e-04 -1.903398339889623037e+00 4.174426815012781162e+02 7.594820043559270947e-07 -4.417327129102424976e+00 1.342498395676381588e+09
9.033026420503159409e-04 -1.899748240632177954e+00 4.061406919248925647e+02 1.391242269285269349e-07 -5.627491048366508153e+00 1.342498395678496599e+09
8.760740417851827508e-04 -1.925344470527148966e+00 4.469650163141424741e+02 2.960799880257081889e-07 -5.115811950535871233e+00 1.342498395679016352e+09
8.651711051647316061e-04 -1.933779478169377564e+00 4.732409221664927372e+02 2.873881893226526667e-07 -5.384092469275953974e+00 1.342498395680339098e+09
8.994152813910069382e-04 -1.904464938808119845e+00 4.192349668440227219e+02 2.787767682985784134e-07 -5.296908466329021792e+00 1.342498395682194710e+09
8.868352570086430889e-04 -1.915439289077855545e+00 4.193432971896210120e+02 4.335536717750828221e-08 -6.564343923108172163e+00 1.342498395682959080e+09
8.756863745283981811e-04 -1.918638395306170086e+00 4.404422276772228884e+02 1.175559962675897822e-06 -4.302145756907820306e+00 1.342498395684069395e+09
8.734908367670606846e-04 -1.925631669900538689e+00 4.431923094265443979e+02 9.807008166556489323e-08 -5.906072111287216764e+00 1.342498395684299231e+09
8.684294247368241513e-04 -1.927033194334558441e+00 4.745413127547313934e+02 7.758855791673422096e-07 -4.354892342246291292e+00 1.342498395686560392e+09
8.615231477845236574e-04 -1.933473560362438448e+00 4.902654553558654129e+02 1.838355496929800321e-07 -5.560608519076332357e+00 1.342498395687692642e+09
8.974784664300143513e-04 -1.912420178436756713e+00 4.011714305953427129e+02 9.029622138251620414e-07 -4.303828239278173484e+00 1.342498395687968254e+09
8.897975393314307580e-04 -1.907874998436940972e+00 4.379352671380470383e+02 1.853189969052261807e-07 -5.568590967682645498e+00 1.342498395690723419e+09
8.709250190827148332e-04 -1.925384068808709381e+00 4.552497025204883698e+02 1.508105350833921873e-06 -3.797165151239568104e+00 1.342498395693289995e+09
8.869871001303859673e-04 -1.911387569313437673e+00 4.293722316144076103e+02 5.152872434775179426e-08 -6.379651018497199289e+00 1.342498395695261240e+09
8.478597657171550077e-04 -1.942748075767995131e+00 5.187298786997821480e+02 7.385125822792797951e-07 -4.472527427284640922e+00 1.342498395696840763e+09
8.764912785869895988e-04 -1.915280009976488840e+00 4.577020362939284155e+02 1.067285145903976154e-06 -4.357223489894673563e+00 1.342498395697406530e+09
8.991622589402614935e-04 -1.903139181155638848e+00 4.097992350073801617e+02 1.121203910002546979e-06 -3.975057586808295795e+00 1.342498395697624683e+09
9.442923122177651011e-04 -1.874222085827796480e+00 3.448536657524410884e+02 3.041812719088187897e-06 -3.432461600981152827e+00 1.342498395698291063e+09
8.751263329090572512e-04 -1.923805980907254298e+00 4.458640796144584897e+02 2.433318756000151957e-06 -3.451933989708093620e+00 1.342498395701677322e+09
8.957802375479057087e-04 -1.909940193531157515e+00 3.908412026308276381e+02 1.427884539710957157e-06 -4.010677116701799605e+00 1.342498395702534676e+09
9.281429301976383897e-04 -1.885154411086563453e+00 3.622725885748818087e+02 5.882647857059118532e-07 -4.514768861178074744e+00 1.342498395702986479e+09
8.882829457605224185e-04 -1.918003888302368454e+00 4.214938385439018589e+02 1.962308905337334893e-07 -5.510861277598742447e+00 1.342498395705796719e+09
8.927124824661496465e-04 -1.908801192142823622e+00 4.129975470136513991e+02 3.881374077531883857e-06 -3.071227791926778750e+00 1.342498395706076384e+09
9.006990066512961897e-04 -1.903605431618868193e+00 4.121135002895385924e+02 5.442089887825819016e-07 -4.982449545557038562e+00 1.342498395710347414e+09
9.111469258087148953e-04 -1.901555688166451263e+00 3.692105655033502103e+02 1.584935701540483544e-06 -3.901289221099627724e+00 1.342498395710634947e+09
8.737780186150239867e-04 -1.928125791259421629e+00 4.494267468969773063e+02 2.793967161536813108e-06 -3.641304955916859321e+00 1.342498395712293386e+09
8.531807539685840047e-04 -1.938846723836811226e+00 4.953896538826506912e+02 9.727877507696629015e-07 -4.525483503038502775e+00 1.342498395714698076e+09
8.982602008374525803e-04 -1.906552744224417895e+00 3.982855421490748427e+02 5.483260573267034575e-08 -6.325673835917812404e+00 1.342498395714882612e+09
8.805822632423592053e-04 -1.915230425769834044e+00 4.526248981405975655e+02 1.804359049959779845e-07 -5.701957211817394011e+00 1.342498395719930410e+09
9.216518254474974662e-04 -1.886256809522156797e+00 3.703876083257121650e+02 1.434916810926731345e-06 -4.190084789452984460e+00 1.342498395721403360e+09
9.292479109592220255e-04 -1.883499868601378413e+00 3.568144786767354617e+02 1.813790270968871137e-07 -5.681390960454006489e+00 1.342498395725204706e+09
9.128334740410300012e-04 -1.893757549730892498e+00 3.953200663762373210e+02 2.639396047984026806e-07 -5.257079657335775202e+00 1.342498395725534201e+09
8.730781907269907381e-04 -1.921652229765884901e+00 4.770723994574260587e+02 1.131544375572634951e-06 -4.273983704397398498e+00 1.342498395731123447e+09
8.648585613803748363e-04 -1.929933792906420642e+00 4.594808839741541533e+02 1.670197403993092043e-07 -5.525619415112825727e+00 1.342498395736144066e+09
8.476308355716833916e-04 -1.945476382806263782e+00 5.033904945899070071e+02 3.030291979027248141e-07 -5.305945135806052981e+00 1.342498395737908125e+09
8.978894490365186025e-04 -1.909938525174809110e+00 3.987675914552676772e+02 4.568351993223663270e-06 -3.111802504897816846e+00 1.342498395739037514e+09
9.201692575764452856e-04 -1.894936835307563516e+00 3.745211615252150068e+02 6.841871291726802151e-07 -4.765236662144100244e+00 1.342498395741235733e+09
8.514387881052733588e-04 -1.937503537231366479e+00 5.112167066075112416e+02 1.046479160811365086e-06 -4.428430350598235421e+00 1.342498395746437550e+09
9.302412726155074793e-04 -1.884828476735439295e+00 3.661870014266312978e+02 8.119780675771495872e-07 -4.608582560411520035e+00 1.342498395748066187e+09
8.649449095787388030e-04 -1.934525962502884777e+00 4.652888796730413787e+02 2.382436743680401908e-06 -3.740548152828194972e+00 1.342498395748428583e+09
8.817809560354693005e-04 -1.916990086574665408e+00 4.211042689186110124e+02 1.246437188119097173e-07 -5.770744600477470954e+00 1.342498395748495102e+09
9.302034007580710405e-04 -1.889028575686146239e+00 3.577941617656684343e+02 1.902817899984262069e-06 -3.852785247597720897e+00 1.342498395749574900e+09
8.961734343616327078e-04 -1.902701109830343462e+00 4.111559352154283715e+02 5.534925817753190688e-07 -4.555795483279812430e+00 1.342498395749935627e+09
8.655390492385304840e-04 -1.933961973447075433e+00 4.683471389382523853e+02 3.181481015050216038e-07 -5.147849568237396589e+00 1.342498395750575781e+09
8.532818597238543950e-04 -1.938693147839262387e+00 5.004611249243797602e+02 1.667519133852317609e-07 -5.770688203348066203e+00 1.342498395751019955e+09
9.061044854852064222e-04 -1.905232759508235674e+00 3.974442869600329118e+02 1.747365181298788965e-06 -3.905841682997177600e+00 1.342498395752078772e+09
9.234193714728116884e-04 -1.885978762315580148e+00 3.764479247055232918e+02 3.547376869190283480e-07 -5.214879600064698195e+00 1.342498395752889633e+09
9.010588916853489762e-04 -1.907817807306485092e+00 3.924703984153468355e+02 2.658313425524360427e-07 -5.145013133156536966e+00 1.342498395753553867e+09
9.287932442530115029e-04 -1.880066678517096967e+00 3.669178385132714197e+02 7.862102086777167361e-07 -4.384729820978797932e+00 1.342498395756715059e+09
9.062341216213707544e-04 -1.901251999768420520e+00 3.946547548654596085e+02 1.307205836651795611e-06 -3.877114553852367251e+00 1.342498395758160353e+09
8.634465814857922696e-04 -1.926000644177761956e+00 4.853812188173654363e+02 3.955372687939130192e-07 -5.128694377143302674e+00 1.342498395758610249e+09
8.658251410164648611e-04 -1.930885220696765714e+00 4.773267853541403838e+02 1.405383538944323917e-06 -4.267155287020079513e+00 1.342498395761709213e+09
9.274594393581039875e-04 -1.883195732537363165e+00 3.664388053584950740e+02 2.173719193313004134e-07 -5.321574481069642815e+00 1.342498395762543678e+09
9.053701813755647004e-04 -1.903033657370305498e+00 4.065818443692422193e+02 9.117275822486932034e-07 -4.442671064761753996e+00 1.342498395767009020e+09
9.424000516134411988e-04 -1.876042345591847793e+00 3.408248561660347491e+02 3.426975977509022614e-07 -5.019348646596184516e+00 1.342498395768709660e+09
8.612665531596657136e-04 -1.936841175228960488e+00 4.713611829783674807e+02 1.626433096763493681e-07 -5.728382220444526496e+00 1.342498395774505854e+09
8.774859637336638414e-04 -1.926236693609272299e+00 4.416233088245757585e+02 2.334087794115995448e-06 -3.789488848079290761e+00 1.342498395774606466e+09
8.885705657388358629e-04 -1.912939521619005045e+00 4.170725769080726195e+02 1.136262080115245066e-07 -5.728055366257736480e+00 1.342498395778841019e+09
9.404517423208664769e-04 -1.875132544063894624e+00 3.412936131152108601e+02 3.899470926799552821e-07 -5.004525187513708673e+00 1.342498395779241085e+09
9.093329259090779252e-04 -1.901246250026657147e+00 3.880085783940000397e+02 2.597264444137998692e-07 -5.192115295437449873e+00 1.342498395779752016e+09
8.761512208997810323e-04 -1.918530796622310852e+00 4.452524927685900025e+02 1.579514364974510230e-06 -4.124050584282329623e+00 1.342498395781651735e+09
9.451803976004270833e-04 -1.874004604409644337e+00 3.427652530688349088e+02 5.651148307131371623e-07 -4.681187647484334136e+00 1.342498395781845570e+09
8.703217427416921155e-04 -1.921215001035059267e+00 4.737498949303018208e+02 1.822539691059476540e-07 -5.649524134123678820e+00 1.342498395783457518e+09
8.787287169044645649e-04 -1.923003581972327458e+00 4.326948159224129427e+02 7.778961555908972508e-08 -6.135830215986095126e+00 1.342498395785474539e+09
8.923545663828212193e-04 -1.905361784176696549e+00 4.239225375204220541e+02 1.897717430769070946e-06 -3.641824823986940629e+00 1.342498395791449070e+09
8.815581563907434054e-04 -1.921778621201530424e+00 4.183793280187280175e+02 2.325652614057328331e-06 -3.666022143570776493e+00 1.342498395795351982e+09
8.881705219712492929e-04 -1.920412429992326864e+00 4.159251750640715954e+02 1.122960232539177168e-06 -4.366301710869432640e+00 1.342498395796174765e+09
8.746681501142196608e-04 -1.925653193976077038e+00 4.582138616486148521e+02 1.159654565033763078e-06 -4.131452868662231381e+00 1.342498395798185825e+09
9.293013061885253790e-04 -1.882989618994402203e+00 3.586520371449351501e+02 4.092186651075825899e-06 -3.135141104060732431e+00 1.342498395798763752e+09
9.188507571189325710e-04 -1.892807887236271913e+00 3.781874948499180391e+02 4.985215276349778945e-06 -3.093819231780912560e+00 1.342498395799606085e+09
8.689020274233020830e-04 -1.924034494830446640e+00 4.549799476326901981e+02 1.472060961660197602e-07 -5.649993127168059459e+00 1.342498395800142527e+09
8.644596328982522915e-04 -1.929179083452374766e+00 4.593314520396168632e+02 1.524717549090535342e-06 -3.993213651196156455e+00 1.342498395802137852e+09
8.425511617204398595e-04 -1.948244539722944424e+00 5.263801965941025855e+02 5.404010945856573134e-07 -4.895100220282401438e+00 1.342498395802730322e+09
8.990642538077481304e-04 -1.907651523515863090e+00 3.977989946102283625e+02 5.000649967963979101e-06 -3.013505495792574429e+00 1.342498395805150747e+09
8.946744863658850997e-04 -1.910132141516636572e+00 4.119063737975706090e+02 1.310605841474377317e-06 -3.884018561157196459e+00 1.342498395812285423e+09
8.653379337855437742e-04 -1.935626268857791210e+00 4.566528334916071117e+02 8.076862970578278549e-07 -4.487059731272621477e+00 1.342498395812288761e+09
9.067715887855846415e-04 -1.898336770549586383e+00 3.851719902192978680e+02 9.556243208481371911e-07 -4.127542106024418622e+00 1.342498395813589096e+09
8.467333719183725224e-04 -1.944187579274795574e+00 5.079854145561760674e+02 3.817332289912657978e-07 -5.160937487065019091e+00 1.342498395814475536e+09
8.825212199593113335e-04 -1.916902035770873702e+00 4.400476975426284980e+02 8.959662248151271047e-08 -5.974937401648316992e+00 1.342498395815978050e+09
8.574441201820515515e-04 -1.934014443954675144e+00 4.828147981987519870e+02 8.312193587447187804e-07 -4.620407424966700205e+00 1.342498395817096710e+09
9.395135069325522524e-04 -1.882149726796687350e+00 3.395944775965410827e+02 8.188833212238568991e-07 -4.591108211859483923e+00 1.342498395817332029e+09
9.039928274393340107e-04 -1.898999524867934774e+00 4.129010165280341766e+02 2.242110389187246360e-06 -3.638469103226379175e+00 1.342498395818355322e+09
9.112018323555378394e-04 -1.894193961830420214e+00 3.855229702523605511e+02 1.081666427860813783e-06 -4.011961423007651462e+00 1.342498395824047565e+09
9.090578623475956827e-04 -1.899528095083653056e+00 3.843394537126246178e+02 7.506942452221923598e-08 -6.095413367773797830e+00 1.342498395825136185e+09
8.757949903403626111e-04 -1.920724633424013117e+00 4.609909205417350790e+02 2.096351095539509698e-06 -3.611619159974702953e+00 1.342498395825241804e+09
8.689799433179251588e-04 -1.923158671801930453e+00 4.766664799455858770e+02 5.943463185156469330e-07 -4.567855118678140869e+00 1.342498395828170061e+09
8.682503403286501251e-04 -1.926210150978473923e+00 4.754794932727009495e+02 2.646575157157042642e-06 -3.464001869812333823e+00 1.342498395829453945e+09
8.937747103962819049e-04 -1.906164240603808180e+00 4.106364034342694254e+02 4.984987335732851668e-07 -5.030716248061648521e+00 1.342498395831704378e+09
8.924955573607401202e-04 -1.913140187926624991e+00 4.097409042913652115e+02 8.056812173220583573e-07 -4.276990249073460149e+00 1.342498395832921982e+09
8.667802543670409315e-04 -1.923700068309672551e+00 4.661424962597366175e+02 2.368242134365969473e-07 -5.347039633373530165e+00 1.342498395833835363e+09
9.188521723298720021e-04 -1.889168307812982395e+00 3.669710468668264411e+02 1.545707257418344429e-07 -5.686249533178537874e+00 1.342498395835013628e+09
9.064548010820842449e-04 -1.905004015629341296e+00 3.845401555914782534e+02 1.021841466087851260e-06 -4.530475804495248227e+00 1.342498395836482525e+09
8.610036999538008082e-04 -1.928901143186604994e+00 4.829303593300662669e+02 1.313983113363470289e-07 -5.781943369426638668e+00 1.342498395837206364e+09
9.262136860281523125e-04 -1.882080674057969860e+00 3.616417942476671783e+02 6.606187622587991161e-07 -4.652409191724009574e+00 1.342498395838671684e+09
8.548217625161801548e-04 -1.934962493961892127e+00 5.150421308348720686e+02 4.597594443891072196e-07 -4.875426407181470800e+00 1.342498395844192982e+09
8.781433006117083349e-04 -1.914882228973003198e+00 4.536261280223363315e+02 2.244091992581901470e-06 -3.645742664819779932e+00 1.342498395844983339e+09
9.433005822096100562e-04 -1.874492996687810775e+00 3.379770757678523410e+02 1.151485721145995749e-06 -4.110245044474925891e+00 1.342498395845919371e+09
9.043740940575811663e-04 -1.896448988412301251e+00 4.090920086210747399e+02 3.567754892113035295e-07 -4.991697038009460741e+00 1.342498395847305059e+09
9.314755082001268055e-04 -1.882850974636110841e+00 3.648736461774220743e+02 3.063641896020226854e-06 -3.422997217978483775e+00 1.342498395847735882e+09
8.901173510377215171e-04 -1.914345475536321839e+00 4.222485983559719784e+02 1.022262276215087256e-07 -6.063299341391198638e+00 1.342498395852960110e+09
8.686350177286326696e-04 -1.931196682284272548e+00 4.431237482180112011e+02 3.655482345189555277e-07 -5.213841411985084662e+00 1.342498395853122234e+09
8.986643857878511823e-04 -1.900961996446082214e+00 4.086262436206768598e+02 1.693177476747894492e-07 -5.729562925406185059e+00 1.342498395860155106e+09
8.875185750146348746e-04 -1.909496225378719991e+00 4.155869662860931726e+02 7.253874411961694894e-07 -4.530943123585578824e+00 1.342498395861129522e+09
9.009389512471959209e-04 -1.899772376681879926e+00 4.118936977249495612e+02 3.585348789634172782e-06 -3.225978050597168689e+00 1.342498395861747742e+09
8.906677441530186541e-04 -1.915262343507128984e+00 4.185503659653263071e+02 2.260182924796448006e-06 -3.570611475173544491e+00 1.342498395864315510e+09
8.647676680592759858e-04 -1.930024015787130232e+00 4.706098705059265512e+02 8.297712077984513021e-08 -6.228334960563976175e+00 1.342498395873525620e+09
9.057708976967483944e-04 -1.898862612438185549e+00 3.981117697639822381e+02 6.658251973036471715e-08 -6.221820307042935205e+00 1.342498395873848677e+09
8.799281563509024759e-04 -1.921388198781868173e+00 4.240081118656709691e+02 2.570246826653998589e-06 -3.679719227083609212e+00 1.342498395874051571e+09
8.973322421144366064e-04 -1.902155202915114307e+00 4.220308183656214851e+02 2.675234638484957170e-06 -3.469201145459364533e+00 1.342498395875405550e+09
8.703873009080709483e-04 -1.927262047582174231e+00 4.599413540387606645e+02 1.826828181651257613e-07 -5.438932753567146783e+00 1.342498395879861355e+09
9.228567181485601524e-04 -1.887989174479334675e+00 3.763748788955916211e+02 3.223412071420142826e-07 -5.286575726769428663e+00 1.342498395887593031e+09
8.694013196892276790e-04 -1.925307344712446245e+00 4.584401381195924046e+02 3.559456054871077894e-07 -4.893137205819936497e+00 1.342498395889795065e+09
8.645181652726447374e-04 -1.930115519075973340e+00 4.653645069887105592e+02 1.960811892850840441e-07 -5.378474532994984791e+00 1.342498395894139528e+09
8.740273957286182624e-04 -1.918005843149412915e+00 4.542541056826185013e+02 1.397968828290986100e-06 -3.988919422308522478e+00 1.342498395895296812e+09
8.659804133218209146e-04 -1.928672750401402514e+00 4.539665981532533010e+02 1.616280747324803970e-07 -5.622663581326469817e+00 1.342498395896424532e+09
8.920063664900811052e-04 -1.905749585736408402e+00 4.112615355620266655e+02 1.862923715755483599e-07 -5.555790450001187430e+00 1.342498395896502495e+09
9.327907294530383021e-04 -1.884349978790292646e+00 3.530494883700251876e+02 2.789455705319282163e-06 -3.666856701510211813e+00 1.342498395897659779e+09
8.904215825980328234e-04 -1.905053059112031821e+00 4.241646178461243721e+02 5.961424806651923770e-07 -4.610795763357401711e+00 1.342498395898619652e+09
8.677893951343841920e-04 -1.924510924679656121e+00 4.664099971434060876e+02 3.739209983691541337e-07 -4.882768408389169146e+00 1.342498395898684263e+09
8.727344982245562391e-04 -1.918598225745598018e+00 4.724615883872343716e+02 3.675123924165825377e-07 -5.116122503872721161e+00 1.342498395900521755e+09
9.196632632001567990e-04 -1.886543825493121496e+00 3.836528510856534240e+02 2.456230302825110360e-06 -3.658907502726465921e+00 1.342498395901164532e+09
8.742129550655760748e-04 -1.926291459063130374e+00 4.547217491121562034e+02 2.300630913352887324e-06 -3.608159339409279909e+00 1.342498395904366970e+09
8.611908947377841473e-04 -1.930797319058880301e+00 4.890466885438451072e+02 1.511893921015178357e-06 -3.873345195959228882e+00 1.342498395907535315e+09
8.580196203990382532e-04 -1.932418680628964047e+00 5.057620276291090136e+02 1.736469162395330779e-06 -3.911521911286995667e+00 1.342498395908340454e+09
9.390415259105867234e-04 -1.878136046835939155e+00 3.420760051073420982e+02 2.761305680304932596e-07 -5.340302056037998568e+00 1.342498395915999413e+09
8.758149697939557939e-04 -1.922841125324155520e+00 4.503564948984347893e+02 7.201064237738085922e-08 -6.189964433585900316e+00 1.342498395916037321e+09
8.954447649347188794e-04 -1.903183017998951954e+00 4.170663810172312651e+02 3.419586663478544659e-06 -3.296564047217527715e+00 1.342498395917099714e+09
8.855455364025955787e-04 -1.915459803451977194e+00 4.440814171581428695e+02 2.302895085742719853e-06 -3.662325706089357702e+00 1.342498395918771744e+09
8.665822316959670641e-04 -1.930998093773708568e+00 4.703018307309044985e+02 1.964972884645143205e-06 -3.703346369423790918e+00 1.342498395920233250e+09
8.794673999871891910e-04 -1.913563105986954671e+00 4.454543656374855800e+02 4.941300958631219861e-07 -4.721387786161377775e+00 1.342498395922118425e+09
8.806741520947792808e-04 -1.922097414267807336e+00 4.209755835573674290e+02 1.589081862502965640e-06 -4.129277024000344021e+00 1.342498395923320055e+09
8.798093343779872727e-04 -1.914489962606309437e+00 4.577464941385844668e+02 2.185628558297890504e-07 -5.461174678374593583e+00 1.342498395926772356e+09
8.647281883999861961e-04 -1.924643152417244707e+00 4.779597194481303859e+02 4.804110688034419929e-07 -4.946845768955848044e+00 1.342498395927677870e+09
8.733912198929493897e-04 -1.925024430046148538e+00 4.337398427469775015e+02 3.156416069595993264e-07 -5.301274093289838341e+00 1.342498395928248405e+09
9.151129587329880077e-04 -1.899660192451980700e+00 3.678636483158984447e+02 4.318420820577362171e-07 -4.870788318478846080e+00 1.342498395928450584e+09
8.919976897673004106e-04 -1.906899558061836863e+00 4.248460703811859389e+02 2.646950987149432284e-07 -5.472277302682126532e+00 1.342498395928809404e+09
8.702896549373318000e-04 -1.923261479956330344e+00 4.791317924713401339e+02 3.673849665549082902e-07 -5.184959123573262829e+00 1.342498395935478449e+09
8.540975938239406002e-04 -1.938198185616135660e+00 5.079123900175935091e+02 2.063463824000172243e-06 -3.791795650673183360e+00 1.342498395942760229e+09
8.994494445984783405e-04 -1.904849612771520651e+00 4.072683089070737310e+02 3.991570576306272740e-06 -3.382136531859186057e+00 1.342498395944242001e+09
8.889430542825281284e-04 -1.916612577568558962e+00 4.117282779756583864e+02 3.705925587066385067e-06 -3.290877667777483140e+00 1.342498395945545673e+09
9.394289063252513582e-04 -1.879482151998339567e+00 3.420947384950056289e+02 2.933655082613146689e-06 -3.538082587818930591e+00 1.342498395947114229e+09
9.291671615770949683e-04 -1.882862846155048508e+00 3.598595822553343737e+02 1.376992430913500176e-07 -5.819548019881161771e+00 1.342498395949950933e+09
9.257600584023701522e-04 -1.883280403658791124e+00 3.645976193332696766e+02 4.238972078250543584e-07 -4.808576067491295625e+00 1.342498395950967073e+09
9.176733253919284973e-04 -1.886356452038227660e+00 3.813323142989738699e+02 1.086551959789563255e-06 -4.202283536412227072e+00 1.342498395952583551e+09
8.987556534505619947e-04 -1.911215885141547055e+00 3.851125391531769537e+02 1.101819725604897631e-06 -4.315289359839387551e+00 1.342498395953605175e+09
9.044548289389271137e-04 -1.900640021524060419e+00 4.070560471942410459e+02 1.884067497858584712e-07 -5.635173860241486921e+00 1.342498395953912258e+09
8.594938861772668951e-04 -1.937713282699841111e+00 4.831858221313133868e+02 6.460743093803956423e-07 -4.836669184736635430e+00 1.342498395953947067e+09
9.023315472937599308e-04 -1.903667796569500581e+00 4.098953861457771950e+02 2.123032094715853641e-07 -5.467346918129610600e+00 1.342498395958006859e+09
8.792014254546591610e-04 -1.919182459121227646e+00 4.352688983240952894e+02 3.206221536930151959e-06 -3.530538258425585774e+00 1.342498395960165501e+09
9.312285005512619881e-04 -1.880629119357647205e+00 3.682325412372838400e+02 1.063553321794812354e-06 -4.255948035884761893e+00 1.342498395960703373e+09
9.083710665916957475e-04 -1.901252374052853966e+00 3.786440098367786504e+02 3.632227887587088461e-06 -3.250964475445106139e+00 1.342498395964461803e+09
9.149363908335038896e-04 -1.892827707968863793e+00 3.722647074483209053e+02 8.436054888306292668e-07 -4.254052323578890515e+00 1.342498395971914768e+09
9.247700954043226772e-04 -1.885889088698655014e+00 3.782865567063708454e+02 1.755162159821445774e-06 -3.900181723173076875e+00 1.342498395972753763e+09
9.285869280779087027e-04 -1.883857339256058472e+00 3.640184960958042097e+02 1.969035483197466866e-06 -3.611979903121161684e+00 1.342498395982652664e+09
8.813459486697899263e-04 -1.920000158083804642e+00 4.436996419025521732e+02 5.156151145580339530e-07 -5.028024676550494121e+00 1.342498395983752489e+09
8.865163835291023104e-04 -1.912199748336376626e+00 4.149527006376811187e+02 5.942820611728064840e-07 -4.843397496486453235e+00 1.342498395985637188e+09
8.633855895242343757e-04 -1.930692752693114578e+00 4.844316793661280940e+02 2.698617882942173965e-06 -3.496771921062273414e+00 1.342498395990531683e+09
8.915663873078964697e-04 -1.910980017761468863e+00 4.065521393367046130e+02 1.802072074314053448e-07 -5.410660640843981462e+00 1.342498395993386984e+09
8.907011559474436882e-04 -1.913820485288682871e+00 4.119556986250245814e+02 3.617246241384100845e-06 -3.453719690625083771e+00 1.342498395993524075e+09
8.633725234414484431e-04 -1.931473664582927574e+00 4.666442383671071070e+02 2.199221998360443876e-06 -3.635313244358676421e+00 1.342498395995723963e+09
9.090301139451270043e-04 -1.901392522611075053e+00 3.725552675030485830e+02 3.261741239206496287e-07 -5.066969756378044920e+00 1.342498395995860100e+09
8.895041940399147241e-04 -1.909811906387094416e+00 4.379744774333641999e+02 3.066045693673745573e-07 -5.138307925694052258e+00 1.342498395998548985e+09
8.785832279676376606e-04 -1.915003333491386073e+00 4.613001739238693517e+02 1.241529210929889889e-06 -4.241413083445191745e+00 1.342498396001057386e+09
8.663398012392186775e-04 -1.930821932209601410e+00 4.826929910456970561e+02 1.151241064915575250e-06 -4.248596502596008406e+00 1.342498396001226425e+09
8.997341618844539911e-04 -1.899909953901893100e+00 4.129703006506522343e+02 1.890692218640098084e-07 -5.441487949439343552e+00 1.342498396002340078e+09
8.920107001666431352e-04 -1.906756271696037341e+00 4.193409407884419124e+02 1.997664976577838896e-07 -5.317630035717224146e+00 1.342498396003578663e+09
9.188186289562064093e-04 -1.893423604000948668e+00 3.606677665534961079e+02 1.164660962744581450e-06 -4.098573262979615883e+00 1.342498396004547119e+09
8.703984652794392006e-04 -1.921978059935994132e+00 4.679796865337509644e+02 1.692421250335181040e-07 -5.514726196249676526e+00 1.342498396005187511e+09
8.675471590247651240e-04 -1.930391294808301517e+00 4.765669556537689573e+02 1.054255946217402524e-06 -4.257364659584837341e+00 1.342498396007368803e+09
8.718177159824711106e-04 -1.921771333771163714e+00 4.513571332367250193e+02 1.392548001943883714e-06 -3.943550526364139053e+00 1.342498396009743929e+09
8.913941283358255791e-04 -1.905809195956848612e+00 4.142144543302790680e+02 1.142592893012119164e-06 -4.259469602201930272e+00 1.342498396011940002e+09
8.873933810409362095e-04 -1.915983247151318736e+00 4.364525945468781742e+02 4.159472224860268667e-07 -5.091681138147107433e+00 1.342498396015443087e+09
8.645907244314997471e-04 -1.928413543849855749e+00 4.577480282785703025e+02 3.620516437247504208e-07 -5.106382480656932010e+00 1.342498396015853643e+09
8.592189582523192086e-04 -1.932477919101181385e+00 4.979920613726257557e+02 2.118996967593587049e-07 -5.410758578523211959e+00 1.342498396021906137e+09
8.481960465231877088e-04 -1.942268493838822607e+00 5.030401746344310823e+02 3.825142335036741178e-07 -5.124856609801028640e+00 1.342498396024282932e+09
9.014671954643109497e-04 -1.901816756185597646e+00 3.919656155179746406e+02 8.552826115956105279e-08 -6.089145022854306255e+00 1.342498396028848410e+09
8.835427900434631235e-04 -1.914091344734762723e+00 4.358550225080604150e+02 8.042622477758001779e-08 -6.031784789902323141e+00 1.342498396033440828e+09
8.712445748172705732e-04 -1.925927836530815007e+00 4.488348616188580991e+02 9.746242805655983784e-08 -6.133624711812830199e+00 1.342498396034960985e+09
8.955375151073449768e-04 -1.910507589951993435e+00 4.035116706824741755e+02 1.946278353563825194e-07 -5.364374520760925691e+00 1.342498396040273190e+09
9.091109506178239076e-04 -1.898878415682897725e+00 3.928485714943943208e+02 1.232955435750371196e-07 -5.774934642170450161e+00 1.342498396043771744e+09
9.285931633272139678e-04 -1.885566405406564838e+00 3.568981406172638344e+02 2.699572770651410333e-06 -3.387713805163877545e+00 1.342498396050448895e+09
9.036955812202280202e-04 -1.902490173840683196e+00 4.041333378078564351e+02 2.542261489330693260e-06 -3.432069815490224940e+00 1.342498396051419735e+09
8.721798496874481671e-04 -1.929115373346875328e+00 4.346046090949143945e+02 1.262628758462305413e-06 -4.189440157754968475e+00 1.342498396058048725e+09
9.250192769235475844e-04 -1.883216904449730000e+00 3.735517042718553284e+02 3.591791230346655770e-07 -5.009995408252581939e+00 1.342498396059963465e+09
8.861360318120160623e-04 -1.913753104093588675e+00 4.125834002232228386e+02 9.551337927755981537e-07 -4.246506833753381116e+00 1.342498396063760281e+09
8.865056844685918281e-04 -1.914902988065937173e+00 4.404876836226636101e+02 2.600492436445443626e-06 -3.550546002468957241e+00 1.342498396063840151e+09
8.691857700517613633e-04 -1.931974506829914340e+00 4.519120136870216129e+02 2.336066268679459014e-07 -5.512325602649987388e+00 1.342498396064552069e+09
8.531254638176264922e-04 -1.941555210404911413e+00 4.981019793603628614e+02 1.718249347509224863e-06 -3.967641597761017103e+00 1.342498396070022345e+09
8.724014022636647318e-04 -1.918423755328098057e+00 4.615036101923945466e+02 3.634067120121239867e-07 -5.111296625308247243e+00 1.342498396071934700e+09
8.930453566492846211e-04 -1.906291875378324674e+00 4.307855024609484076e+02 1.491783071640733577e-06 -3.893203799753873540e+00 1.342498396072442055e+09
9.291194823827800481e-04 -1.885152304162475811e+00 3.571071018982408987e+02 1.572221513221736088e-07 -5.765929891622233683e+00 1.342498396072835207e+09
8.932400107973736351e-04 -1.910968489088737066e+00 4.086498303088330317e+02 4.476086685212242839e-06 -3.053051551263811447e+00 1.342498396076220274e+09
9.057427126784230740e-04 -1.894487979594227323e+00 4.072915437675610519e+02 7.720120466708861455e-07 -4.512928532860206232e+00 1.342498396079528332e+09
8.655207933113865737e-04 -1.924217404335194503e+00 4.863843193924773232e+02 3.481692582293236705e-07 -5.146306566602139476e+00 1.342498396081672430e+09
8.475007794085009016e-04 -1.943137070722394277e+00 5.080458578388208934e+02 2.859372857373838204e-07 -5.343545312850463525e+00 1.342498396084743977e+09
8.475007794085009016e-04 -1.943137070722394277e+00 5.080458578388208934e+02 2.859372857373838204e-07 -5.343545312850463525e+00 1.342498396084743977e+09
8.986818560591194492e-04 -1.904969284798577744e+00 4.048363771163649290e+02 5.175789825341374872e-08 -6.490314764108377155e+00 1.342498396085386753e+09
8.830253943243118742e-04 -1.915152157595557680e+00 4.307940873912455686e+02 2.826390273228927836e-07 -5.041930203383369502e+00 1.342498396086659670e+09
8.783714906316312122e-04 -1.918585863268678748e+00 4.335637537343719714e+02 1.065992513551144449e-07 -5.852604886318980348e+00 1.342498396087123394e+09
9.200414267858331510e-04 -1.892315481985756165e+00 3.607558296192816556e+02 1.807098134802719607e-07 -5.644620918993498826e+00 1.342498396089796782e+09
9.297762809476226931e-04 -1.882663291481947443e+00 3.677177514502401436e+02 5.746021173137077841e-07 -4.663745731711838260e+00 1.342498396090946198e+09
8.861803501590707682e-04 -1.915681986164180506e+00 4.415362820621667765e+02 2.198100611151793772e-06 -3.816113978342091428e+00 1.342498396097216845e+09
8.829754542666305326e-04 -1.912713443427225490e+00 4.408010678298383027e+02 1.181064827930079448e-06 -4.000891276932419416e+00 1.342498396098864079e+09
8.758375790158062996e-04 -1.918999317224029610e+00 4.610205313761627508e+02 2.983231465115483817e-06 -3.404795458387376961e+00 1.342498396104667902e+09
8.581665297655308644e-04 -1.936731881990153781e+00 4.855184411322990741e+02 2.512953200698620467e-06 -3.633326991331097489e+00 1.342498396106228352e+09
9.095996028353585394e-04 -1.896433157249903134e+00 3.870250548805705648e+02 4.400690974036226475e-06 -3.210813828842558948e+00 1.342498396107339382e+09
9.095996028353585394e-04 -1.896433157249903134e+00 3.870250548805705648e+02 4.400690974036226475e-06 -3.210813828842558948e+00 1.342498396107339382e+09
8.895789565983591458e-04 -1.910501996651682743e+00 4.396034734524501459e+02 6.736937188096670219e-07 -4.736140645279994565e+00 1.342498396111649752e+09
9.200183767935752764e-04 -1.890260873143245091e+00 3.747454382181879282e+02 7.088471219963910444e-07 -4.784047539364978618e+00 1.342498396112903357e+09
8.875328527157962067e-04 -1.915496220947822126e+00 4.122037347924176061e+02 1.773878946411075506e-07 -5.752888177307296402e+00 1.342498396116912365e+09
8.871853617254826536e-04 -1.917090718351391221e+00 4.124172422183837057e+02 2.824325017552886266e-07 -5.116086751434200330e+00 1.342498396117859840e+09
8.991659881399939299e-04 -1.910170820470855624e+00 3.977308709062172625e+02 9.671205505539021912e-07 -4.212303193715539074e+00 1.342498396119358540e+09
9.145095580218336921e-04 -1.894074951296310205e+00 3.822063471451281771e+02 1.679696329094785485e-07 -5.773226787319578612e+00 1.342498396119440317e+09
9.468459617398665429e-04 -1.873267343433917986e+00 3.378870585416666472e+02 2.342385374310158373e-06 -3.693784488414513234e+00 1.342498396119680405e+09
8.935967425496811134e-04 -1.904395491073681335e+00 4.110708822999500853e+02 8.401452243703458352e-07 -4.544190615324865234e+00 1.342498396119801998e+09
8.828150637892112282e-04 -1.911884795589910535e+00 4.340186226452095752e+02 1.445996582429310490e-07 -5.750429050356444804e+00 1.342498396122625828e+09
8.775896120697252150e-04 -1.924633136022793511e+00 4.510315865331305645e+02 1.298081434614016408e-06 -4.128025879795695019e+00 1.342498396128165483e+09
8.775896120697252150e-04 -1.924633136022793511e+00 4.510315865331305645e+02 1.298081434614016408e-06 -4.128025879795695019e+00 1.342498396128165483e+09
9.022444012018477483e-04 -1.905346856234805708e+00 4.098068024575912887e+02 2.365806839041390055e-06 -3.705789684856709343e+00 1.342498396128560066e+09
8.734835279319907520e-04 -1.928473915301469610e+00 4.390462157867694373e+02 3.931893048906648374e-07 -4.942342585074403161e+00 1.342498396129715919e+09
8.643889075139639389e-04 -1.932720224309947721e+00 4.621490602366259282e+02 1.718400717364439408e-06 -4.068850903734012370e+00 1.342498396130492210e+09
9.250954804434112022e-04 -1.886277976112547883e+00 3.759861675723888652e+02 5.728151137473109352e-07 -4.719392078998456697e+00 1.342498396131182909e+09
8.827273065918969782e-04 -1.916704682150765393e+00 4.295331487101324797e+02 1.371580998559175812e-06 -3.853471924037185303e+00 1.342498396133377552e+09
8.827273065918969782e-04 -1.916704682150765393e+00 4.295331487101324797e+02 1.371580998559175812e-06 -3.853471924037185303e+00 1.342498396133377552e+09
8.947691329269122189e-04 -1.906101285046291505e+00 4.139476794535246995e+02 2.353263110129912615e-06 -3.831790635448952820e+00 1.342498396134106636e+09
9.040388263393401820e-04 -1.905158166374316897e+00 4.035567530782632844e+02 4.205478359600104915e-07 -5.042994144190747541e+00 1.342498396134206533e+09
8.597809576067390065e-04 -1.937814968822266781e+00 4.760196912169644747e+02 8.629632527659024744e-07 -4.386194733620556896e+00 1.342498396135311365e+09
8.597809576067390065e-04 -1.937814968822266781e+00 4.760196912169644747e+02 8.629632527659024744e-07 -4.386194733620556896e+00 1.342498396135311365e+09
8.683005384092266172e-04 -1.922212508886081306e+00 4.727595090654941146e+02 1.931561660412446341e-07 -5.540361337841359202e+00 1.342498396142185688e+09
8.584999278471050098e-04 -1.930647874308983880e+00 5.049687392748884349e+02 6.093243680093556068e-07 -4.776687973002117005e+00 1.342498396142963886e+09
9.332859359758204553e-04 -1.882756968689005106e+00 3.488092259560312414e+02 5.742035813237890510e-07 -4.889115451187555195e+00 1.342498396151570082e+09
9.207922790321868174e-04 -1.887757035820766038e+00 3.663089262260589862e+02 1.902696523243899323e-06 -3.706298373501408783e+00 1.342498396152010441e+09
8.886659520269003104e-04 -1.914943516150250158e+00 4.167852068373323391e+02 3.101355034068235926e-06 -3.289644872701837031e+00 1.342498396153041124e+09
9.388627799590371862e-04 -1.876928840438776280e+00 3.537182431443986843e+02 1.253112288865955892e-06 -4.253700626128042117e+00 1.342498396155844927e+09
8.689817568177962649e-04 -1.933044878666077881e+00 4.444666414018957425e+02 6.879172241318452545e-07 -4.663072378319891520e+00 1.342498396158024788e+09
8.503739930426568649e-04 -1.940810406776621200e+00 4.979964905111288545e+02 1.022586275953587615e-06 -4.390725257506570500e+00 1.342498396161005497e+09
8.962456617211659758e-04 -1.905778279032025901e+00 4.216153382959728333e+02 2.247311204583470385e-07 -5.336326855147037307e+00 1.342498396161304474e+09
9.145843123512205960e-04 -1.892181903934405662e+00 3.870262293030713181e+02 2.108219667596928124e-06 -3.555390737013535585e+00 1.342498396162954569e+09
9.156134064903884585e-04 -1.890703150153223877e+00 3.898414123590309828e+02 2.996496850897279292e-07 -5.292489669212633530e+00 1.342498396163152456e+09
8.482772930630643046e-04 -1.944845865800912676e+00 5.129082754028288491e+02 1.071264289229546954e-06 -4.363441029105645796e+00 1.342498396164638996e+09
8.593769306823699494e-04 -1.932303916183389259e+00 4.882733602697624065e+02 1.200448663272286841e-07 -5.954021491255282683e+00 1.342498396166660309e+09
8.998273282537622413e-04 -1.903064649613572801e+00 4.095494267586207684e+02 8.626322634046729743e-08 -6.027608259476446406e+00 1.342498396167061329e+09
8.974477613356565209e-04 -1.904907188786141514e+00 4.173120584873813641e+02 1.175972266762815878e-06 -4.007380853365412499e+00 1.342498396169510365e+09
9.096445837087361111e-04 -1.895039555699981282e+00 3.955950718784466176e+02 1.273799993930472851e-07 -5.766042144458753960e+00 1.342498396173381090e+09
8.790044973571050062e-04 -1.923683793952676968e+00 4.383449114047078865e+02 3.376722637908128647e-06 -3.410829668775357426e+00 1.342498396173629045e+09
8.921287835657330844e-04 -1.910174729466956656e+00 4.327049414001102150e+02 5.135461534408512782e-07 -4.916129515281300044e+00 1.342498396173977137e+09
9.065832880513446891e-04 -1.903839584843672217e+00 3.842220188168888058e+02 9.999208640310235152e-08 -6.026167822530664075e+00 1.342498396176285744e+09
9.406187297765511999e-04 -1.877696487066888409e+00 3.383983085886751496e+02 5.231872200851481349e-07 -4.871514322606738112e+00 1.342498396176311493e+09
9.406187297765511999e-04 -1.877696487066888409e+00 3.383983085886751496e+02 5.231872200851481349e-07 -4.871514322606738112e+00 1.342498396176311493e+09
8.855860968086156498e-04 -1.919092933731487260e+00 4.312094559321576526e+02 4.458314789401130046e-07 -4.877557751989957779e+00 1.342498396176659584e+09
9.037991205611470551e-04 -1.905292780651800300e+00 3.896818060812885847e+02 4.475028422960840092e-07 -5.138742572523700147e+00 1.342498396176912546e+09
9.155791087326823870e-04 -1.896978513122282273e+00 3.670548445537522184e+02 3.026709355582822531e-06 -3.488786778318192283e+00 1.342498396177884579e+09
8.811745165873745246e-04 -1.916693177682963434e+00 4.371955858819147238e+02 5.418136406740781911e-08 -6.461875320106141629e+00 1.342498396179830790e+09
8.815557351798922366e-04 -1.922114781231886171e+00 4.208186277838112801e+02 2.803612827342795168e-07 -5.176086775310832166e+00 1.342498396179899931e+09
8.651016393039636732e-04 -1.927923123859397458e+00 4.710040950438050800e+02 1.606484033493665242e-07 -5.540652707198118421e+00 1.342498396180759668e+09
9.174833732509105099e-04 -1.894564616746898578e+00 3.766106275229118978e+02 3.093149656738726447e-06 -3.297711174926171829e+00 1.342498396180991650e+09
8.965285887819570603e-04 -1.904165546971189782e+00 4.171252484778283929e+02 5.972895561069836503e-07 -4.501332105061768729e+00 1.342498396183467865e+09
8.684752971446524795e-04 -1.928172796074019590e+00 4.765697793790697006e+02 1.902653950620413983e-06 -3.797336882615587328e+00 1.342498396184496880e+09
8.684752971446524795e-04 -1.928172796074019590e+00 4.765697793790697006e+02 1.902653950620413983e-06 -3.797336882615587328e+00 1.342498396184496880e+09
8.972126357541531944e-04 -1.911916892584859085e+00 4.037258804045382021e+02 1.389587074414452286e-06 -3.981066421026679514e+00 1.342498396185444593e+09
8.972126357541531944e-04 -1.911916892584859085e+00 4.037258804045382021e+02 1.389587074414452286e-06 -3.981066421026679514e+00 1.342498396185444593e+09
8.588588316537787166e-04 -1.933301933705242170e+00 4.826657957571272277e+02 7.159655010750002246e-07 -4.437224474133486751e+00 1.342498396188855410e+09
9.052736647844129066e-04 -1.903977090965696561e+00 3.987450974390710030e+02 1.346426965854702217e-06 -4.298245705279901685e+00 1.342498396189474583e+09
8.619493476305711225e-04 -1.931779738370320576e+00 4.717611192854340061e+02 3.071681541664935811e-07 -5.369733352279207672e+00 1.342498396191446066e+09
9.043943706884069325e-04 -1.906488324533966328e+00 4.000284251943373306e+02 1.260098845124817035e-06 -4.240774507660773907e+00 1.342498396191680908e+09
8.873595091321846533e-04 -1.920098609769469888e+00 4.187319005391828455e+02 4.187499798142262404e-07 -4.999254294899619033e+00 1.342498396194154024e+09
8.559299816119309099e-04 -1.938673965997454784e+00 4.836653817813377145e+02 1.512540086991585589e-07 -5.741251321878420910e+00 1.342498396204742908e+09
9.341994396630012420e-04 -1.878544996045768745e+00 3.555487233421094970e+02 2.338072195838242326e-07 -5.375861361579757691e+00 1.342498396207843304e+09
9.236807153929615238e-04 -1.893096629448236978e+00 3.630605525335824382e+02 2.493542845811575536e-06 -3.737473805967266749e+00 1.342498396208630085e+09
9.313928746319919023e-04 -1.878437796525216141e+00 3.627732630852993907e+02 6.566409976545018810e-07 -4.652054304708050481e+00 1.342498396209375858e+09
8.811774541061996070e-04 -1.916269728808880357e+00 4.227769082846797346e+02 2.933165282244016201e-07 -5.183850421082015103e+00 1.342498396214227438e+09
9.104819325119853672e-04 -1.898508555367519390e+00 3.704351338827721634e+02 8.540444828410042919e-07 -4.401058292082607792e+00 1.342498396217235327e+09
8.707807746636703769e-04 -1.919805466466535382e+00 4.711357945606937392e+02 3.321338029264188052e-07 -5.148668748454384492e+00 1.342498396218863249e+09
8.809292615229477423e-04 -1.919126564689718206e+00 4.481715756035309255e+02 2.487192737754063354e-06 -3.537183343810205827e+00 1.342498396219410419e+09
9.187496806047961090e-04 -1.891404544916805319e+00 3.756446188953744354e+02 2.279820817591559117e-06 -3.478401872966061070e+00 1.342498396220726728e+09
9.162923245186039125e-04 -1.892538654940596032e+00 3.823655148428255188e+02 4.721767838879804500e-06 -3.015453818808039976e+00 1.342498396221495152e+09
8.662141236259548755e-04 -1.933167610902405853e+00 4.481575095699871554e+02 9.699102320248556281e-07 -4.383867835543823865e+00 1.342498396224117041e+09
8.641820849260238016e-04 -1.931357546778258216e+00 4.813756877264017930e+02 2.619765830360806628e-06 -3.673315081127680237e+00 1.342498396224529743e+09
8.727134944582932161e-04 -1.927591951856296504e+00 4.456123954410275019e+02 1.639758481510141589e-07 -5.576410100745360587e+00 1.342498396226089239e+09
8.988937629703240735e-04 -1.904843688014337566e+00 4.168629548330267198e+02 1.267191632454219774e-06 -4.328046367111273440e+00 1.342498396228573084e+09
8.873831674085849849e-04 -1.909451017726171873e+00 4.344006885724879794e+02 4.451274904692750101e-07 -4.749473977644221634e+00 1.342498396231573820e+09
9.232573320487251316e-04 -1.889662370545726944e+00 3.558714771578361251e+02 2.633390800368113360e-07 -5.339587480664861552e+00 1.342498396232145309e+09
8.581105942229112554e-04 -1.937132274481433658e+00 4.818347984140929725e+02 1.447449521916948387e-06 -4.206135643781381717e+00 1.342498396233413219e+09
8.658580356373590066e-04 -1.924539200372904713e+00 4.741791550954002901e+02 1.214689400501505630e-06 -4.238759432085101864e+00 1.342498396233799458e+09
8.530469961359127880e-04 -1.936513472446289796e+00 5.139862611240459955e+02 1.023739999305023953e-06 -4.267814445305523563e+00 1.342498396234157562e+09
8.987011176320780287e-04 -1.909595824079864279e+00 4.112924390229707683e+02 5.216527821211155960e-07 -4.849931473272366844e+00 1.342498396234401941e+09
9.002949169784476516e-04 -1.905043316260549124e+00 4.062253737204098343e+02 3.247521446161005621e-06 -3.231478610728017564e+00 1.342498396239149809e+09
9.002949169784476516e-04 -1.905043316260549124e+00 4.062253737204098343e+02 3.247521446161005621e-06 -3.231478610728017564e+00 1.342498396239149809e+09
8.896270812794194321e-04 -1.908341150528423125e+00 4.149765732467689077e+02 7.389770462509247178e-07 -4.405778759204501682e+00 1.342498396239638567e+09
9.068074661579407329e-04 -1.894061098717762182e+00 4.034202190697766355e+02 3.812244049970931017e-07 -5.037633695103558296e+00 1.342498396241325140e+09
9.313825827139618485e-04 -1.883878877853848000e+00 3.580268137347470656e+02 1.859317821652230179e-07 -5.606327903144690872e+00 1.342498396242440939e+09
8.917306959856039763e-04 -1.914951355353940343e+00 4.037487820279233119e+02 1.607313469912229386e-07 -5.612216665793899217e+00 1.342498396249140263e+09
9.218883682718853655e-04 -1.886543954117630983e+00 3.654014027172937631e+02 2.312684420526479072e-07 -5.331568104617456783e+00 1.342498396249249935e+09
8.602460022002170626e-04 -1.928644372821623154e+00 4.948178973258065412e+02 6.438806867263682528e-07 -4.734748236010046796e+00 1.342498396252321005e+09
8.769668164786652417e-04 -1.922852800078318269e+00 4.484948225691421726e+02 3.734283974054953877e-06 -3.253082997976614266e+00 1.342498396252529860e+09
9.040434121904720663e-04 -1.906062683451704487e+00 3.952947529387459440e+02 3.758240258929814746e-06 -3.349853712358228819e+00 1.342498396252792597e+09
8.819791075054419062e-04 -1.918951364407788240e+00 4.379751211601534919e+02 1.037423389733138587e-07 -6.079205777870716254e+00 1.342498396258115768e+09
9.225575756774722280e-04 -1.893121274798838183e+00 3.692595511135572224e+02 8.225325095015042164e-07 -4.406212782173999365e+00 1.342498396259882450e+09
9.388091263779385805e-04 -1.878898947846083800e+00 3.430954048576238051e+02 6.727295169883894656e-07 -4.501105859849618085e+00 1.342498396260351896e+09
9.469787963488609985e-04 -1.872489399271312305e+00 3.413781772686629665e+02 9.590591936365600273e-07 -4.363220644356555766e+00 1.342498396261228800e+09
8.809760203070203912e-04 -1.913167582912137732e+00 4.461985873546248058e+02 5.648117992270546999e-07 -4.887901741529234734e+00 1.342498396261704206e+09
9.293750864288632778e-04 -1.884198220313472172e+00 3.689642647836078595e+02 1.142337726850818874e-06 -4.309196126604244448e+00 1.342498396263733864e+09
9.017446063605940101e-04 -1.900366661982757943e+00 4.169514987225093705e+02 1.214939876678961942e-06 -4.121481886485593549e+00 1.342498396265389681e+09
9.184007407294330749e-04 -1.892341356252290163e+00 3.710772171913764623e+02 8.676346176400508252e-08 -6.053377439313600838e+00 1.342498396268015146e+09
8.567959353346800812e-04 -1.934870044924055454e+00 5.050836744238998222e+02 6.495668946705314725e-07 -4.585329780290010149e+00 1.342498396269919634e+09
9.242256683504100449e-04 -1.889199414376703245e+00 3.578495940463723741e+02 2.138241805130752133e-07 -5.362327372666086944e+00 1.342498396272907972e+09
9.242256683504100449e-04 -1.889199414376703245e+00 3.578495940463723741e+02 2.138241805130752133e-07 -5.362327372666086944e+00 1.342498396272907972e+09
9.065961898136908797e-04 -1.897117357735575549e+00 4.092059530277512636e+02 1.035839742914923757e-06 -4.310390192152109279e+00 1.342498396274788380e+09
9.006990539586063856e-04 -1.901414232358397349e+00 3.999893267417232892e+02 3.396942738574206767e-07 -4.915886277105540714e+00 1.342498396275012255e+09
9.006990539586063856e-04 -1.901414232358397349e+00 3.999893267417232892e+02 3.396942738574206767e-07 -4.915886277105540714e+00 1.342498396275012255e+09
8.765315698972326501e-04 -1.915907080665385287e+00 4.557588669817189384e+02 1.320887754171189987e-06 -4.177226123782151745e+00 1.342498396275782347e+09
9.086241470570240219e-04 -1.897661964624716369e+00 3.968064600925308127e+02 4.110440713248344394e-06 -3.107470273722081622e+00 1.342498396275962591e+09
9.086241470570240219e-04 -1.897661964624716369e+00 3.968064600925308127e+02 4.110440713248344394e-06 -3.107470273722081622e+00 1.342498396275962591e+09
8.820882166811733855e-04 -1.918069056888243917e+00 4.470239176560239684e+02 3.071711682461243303e-06 -3.429774690138156501e+00 1.342498396283196449e+09
8.629227809530836844e-04 -1.930605036472792246e+00 4.861250004984828479e+02 1.895215306566901912e-06 -3.744843318408844546e+00 1.342498396283669949e+09
8.654703602009337698e-04 -1.929976342752310670e+00 4.543651171681752885e+02 2.739075551216518980e-07 -5.218980339791604806e+00 1.342498396283930779e+09
9.181300434575102344e-04 -1.895570656685698019e+00 3.645491403526604017e+02 1.502031994805320589e-06 -3.878044690791854876e+00 1.342498396284389734e+09
8.689457424312069895e-04 -1.923093394882563922e+00 4.780430642718802119e+02 1.267980919420631798e-06 -4.053895563814332803e+00 1.342498396285519123e+09
8.787580161243697344e-04 -1.916188801948619513e+00 4.575478915316260213e+02 2.250683887701385631e-06 -3.776500213712532528e+00 1.342498396289302349e+09
8.787580161243697344e-04 -1.916188801948619513e+00 4.575478915316260213e+02 2.250683887701385631e-06 -3.776500213712532528e+00 1.342498396289302349e+09
9.396123915261023803e-04 -1.880882475519487507e+00 3.441569283784321556e+02 4.563302154018116213e-07 -4.924926915589826315e+00 1.342498396290354967e+09
8.778096930478608648e-04 -1.920038275307607734e+00 4.562884791138931178e+02 2.089089972870228182e-06 -3.650512647589865267e+00 1.342498396292487621e+09
8.778096930478608648e-04 -1.920038275307607734e+00 4.562884791138931178e+02 2.089089972870228182e-06 -3.650512647589865267e+00 1.342498396292487621e+09
8.957297495753339337e-04 -1.912613835903373971e+00 4.137921087836463698e+02 5.746403106747290572e-07 -4.807046537036577583e+00 1.342498396292896032e+09
8.549831648477034364e-04 -1.935632300370081715e+00 4.881537635766023300e+02 2.182837999148147040e-07 -5.441920404259546373e+00 1.342498396293977261e+09
8.969542483416207508e-04 -1.906615597728286371e+00 3.926039528869163178e+02 1.278895368731017891e-06 -4.117178135373373848e+00 1.342498396294789076e+09
8.969542483416207508e-04 -1.906615597728286371e+00 3.926039528869163178e+02 1.278895368731017891e-06 -4.117178135373373848e+00 1.342498396294789076e+09
8.989149230650823842e-04 -1.907535355351473116e+00 4.153525467228605521e+02 9.121782693649920824e-07 -4.543681694108379077e+00 1.342498396295575142e+09
9.316615765089565366e-04 -1.881092593429122717e+00 3.621198334080610834e+02 2.211126827778659076e-06 -3.589007710539581453e+00 1.342498396296504021e+09
9.316615765089565366e-04 -1.881092593429122717e+00 3.621198334080610834e+02 2.211126827778659076e-06 -3.589007710539581453e+00 1.342498396296504021e+09
9.110092058137121609e-04 -1.894421917116543064e+00 3.879588699086995121e+02 4.253422605542870569e-06 -3.094659979534739591e+00 1.342498396296562195e+09
9.226688411669791388e-04 -1.892940719017158102e+00 3.614380608650961335e+02 7.987284524099064034e-07 -4.678685549181531123e+00 1.342498396299276352e+09
8.560608004253572470e-04 -1.936086184633110552e+00 5.096674347118853348e+02 1.064589870562840513e-06 -4.364735914300589492e+00 1.342498396299745560e+09
8.992610989804721965e-04 -1.905103759633644644e+00 4.192027587678717282e+02 1.884076035301578547e-06 -3.832007577700970558e+00 1.342498396302578926e+09
8.940425182053832838e-04 -1.907584687241902666e+00 4.148305966197453358e+02 1.382958913150020617e-06 -3.833327554680278304e+00 1.342498396303136110e+09
8.801466877392659805e-04 -1.920867074671299690e+00 4.441583332111454183e+02 2.926097269125172063e-07 -5.134690321666588453e+00 1.342498396304218054e+09
9.011135169418923313e-04 -1.900222173939223769e+00 4.174204805195942072e+02 5.782398937611303637e-07 -4.678217337694364097e+00 1.342498396304477692e+09
9.389313441439933045e-04 -1.880064483281910892e+00 3.472417747517770295e+02 2.960827943794941189e-06 -3.507732528562014451e+00 1.342498396304807425e+09
8.618748416869221945e-04 -1.934012494644254065e+00 4.633839045550211608e+02 1.553360521661501674e-06 -3.993357203023808921e+00 1.342498396305223703e+09
9.279537462952233435e-04 -1.881683561943279015e+00 3.669886049922428128e+02 2.723298851087553350e-07 -5.256216538449091757e+00 1.342498396306985855e+09
8.547995090090260628e-04 -1.937357082696101296e+00 5.094849419991441550e+02 1.277759503825486148e-06 -4.248073095937153099e+00 1.342498396307359219e+09
8.794262259265179377e-04 -1.922505278272022666e+00 4.283049790509061268e+02 6.359734186158687166e-07 -4.876158068613096752e+00 1.342498396307449818e+09
8.833293439988081433e-04 -1.918958195288545054e+00 4.124858515215487387e+02 5.742486096044870550e-07 -4.689945193020237824e+00 1.342498396309056997e+09
8.833293439988081433e-04 -1.918958195288545054e+00 4.124858515215487387e+02 5.742486096044870550e-07 -4.689945193020237824e+00 1.342498396309056997e+09
8.820456279926324264e-04 -1.918433566221283915e+00 4.341786571468097691e+02 6.551140892423685824e-08 -6.259773620374666336e+00 1.342498396312561274e+09
8.795704967718679821e-04 -1.919362970424041137e+00 4.538037123189596400e+02 2.100626840517401720e-07 -5.508268702535501937e+00 1.342498396312826872e+09
9.098546918140923206e-04 -1.899812949033905074e+00 3.797648487519699643e+02 9.507740270070351177e-07 -4.153231432647975119e+00 1.342498396313307524e+09
9.151624177636124039e-04 -1.889854303793080392e+00 3.767539675897729694e+02 5.154219595736431156e-07 -4.709034841148763917e+00 1.342498396315636873e+09
8.635732281150662994e-04 -1.927915139562886626e+00 4.748121857458890531e+02 2.422931058255839768e-07 -5.259494232830656202e+00 1.342498396316748142e+09
8.554564817132247461e-04 -1.937468318626070385e+00 5.028994549170280948e+02 1.375210965172978154e-06 -4.224481401277339288e+00 1.342498396317231655e+09
8.782342048715506945e-04 -1.919352325951857230e+00 4.362415347115855297e+02 1.139666328814214319e-07 -6.028833014525455170e+00 1.342498396317854643e+09
9.020023648131353768e-04 -1.905421448999951028e+00 4.003047605211298787e+02 4.075452344374775247e-07 -5.201804275042635872e+00 1.342498396319102764e+09
9.020023648131353768e-04 -1.905421448999951028e+00 4.003047605211298787e+02 4.075452344374775247e-07 -5.201804275042635872e+00 1.342498396319102764e+09
8.797611525942011183e-04 -1.919756178451825779e+00 4.461061318801765765e+02 9.555911391624115249e-08 -6.057155708523271898e+00 1.342498396319422960e+09
8.797611525942011183e-04 -1.919756178451825779e+00 4.461061318801765765e+02 9.555911391624115249e-08 -6.057155708523271898e+00 1.342498396319422960e+09
8.921212208631860898e-04 -1.905779666510472037e+00 4.174399498462973952e+02 2.477946963631863945e-06 -3.625428258840635465e+00 1.342498396320586443e+09
9.283078737584156241e-04 -1.886444549931962200e+00 3.609817846116558258e+02 1.908886398270357722e-06 -3.663359272244812281e+00 1.342498396321073055e+09
9.056824547684913041e-04 -1.902288161194530591e+00 3.885293318679104573e+02 7.794245603328122135e-07 -4.287939867543181904e+00 1.342498396322472572e+09
9.056824547684913041e-04 -1.902288161194530591e+00 3.885293318679104573e+02 7.794245603328122135e-07 -4.287939867543181904e+00 1.342498396322472572e+09
9.011052471416246832e-04 -1.905592130105355331e+00 3.961607007708013839e+02 1.022426442469421148e-06 -4.538319734271562211e+00 1.342498396323358297e+09
9.082011101377456853e-04 -1.896241534366780890e+00 3.966579983223271597e+02 5.976731551932617248e-07 -4.890169486535876686e+00 1.342498396326012373e+09
9.082011101377456853e-04 -1.896241534366780890e+00 3.966579983223271597e+02 5.976731551932617248e-07 -4.890169486535876686e+00 1.342498396326012373e+09
8.766119507934831299e-04 -1.919480126690773059e+00 4.328640353377413135e+02 2.213031506524062906e-07 -5.418457785774030810e+00 1.342498396326867104e+09
8.842385555411079890e-04 -1.913866949890914659e+00 4.340954163950805764e+02 9.868853425233173189e-08 -6.120012953580403980e+00 1.342498396327692509e+09
9.012023961525150164e-04 -1.898666098452454598e+00 4.134456541126987759e+02 1.873646894909231220e-06 -3.760343834972632138e+00 1.342498396330755234e+09
8.744981095900598205e-04 -1.927298266097288160e+00 4.340236259589680685e+02 1.888779548589299196e-07 -5.551195333311812696e+00 1.342498396330878019e+09
8.653752043865891837e-04 -1.927786875993736437e+00 4.658844089873791745e+02 1.612341509703066269e-06 -3.853137790459608247e+00 1.342498396332017899e+09
8.855157558672239766e-04 -1.915833485952474158e+00 4.198847981989616756e+02 6.016089069071961098e-08 -6.339305689105213304e+00 1.342498396332458496e+09
9.353242515892211005e-04 -1.881001122353575861e+00 3.449913166708284393e+02 3.586844761733015816e-07 -5.015369440916000343e+00 1.342498396333418369e+09
9.153996963016968651e-04 -1.895584650441053842e+00 3.845942939303039338e+02 2.980915944176266859e-07 -5.166774606112336521e+00 1.342498396333626747e+09
8.525348265222458879e-04 -1.940601428002340700e+00 5.128639535590918968e+02 7.499812583548877536e-07 -4.619989301287804828e+00 1.342498396335496664e+09
8.762552202658139893e-04 -1.924295794647025382e+00 4.290707974263859796e+02 6.763282815210968726e-07 -4.780707787307756362e+00 1.342498396336299658e+09
8.987796569273095830e-04 -1.906540526189703044e+00 4.165168865373868243e+02 9.093276850160035993e-07 -4.320167421872048052e+00 1.342498396337268353e+09
8.664380323808743229e-04 -1.930229280120730140e+00 4.788174234354906957e+02 4.414681749206464520e-07 -4.890987055445767950e+00 1.342498396337337494e+09
8.966705051642395599e-04 -1.906232226807763164e+00 3.950670725813653235e+02 1.372988304667688070e-06 -4.006052238341267113e+00 1.342498396338054180e+09
8.949399447059161201e-04 -1.908703631348126040e+00 4.129224109690413229e+02 6.576544364881445190e-08 -6.328499079512613257e+00 1.342498396344620466e+09
8.712300678574799078e-04 -1.927502189005420474e+00 4.516742840199635793e+02 2.869506091035494471e-06 -3.438726928299528751e+00 1.342498396345515728e+09
8.851332188422789040e-04 -1.914906886179615242e+00 4.398682622909013276e+02 7.869854915784879641e-07 -4.348589294957363016e+00 1.342498396347424507e+09
8.851332188422789040e-04 -1.914906886179615242e+00 4.398682622909013276e+02 7.869854915784879641e-07 -4.348589294957363016e+00 1.342498396347424507e+09
8.611330501056505687e-04 -1.935071566100399654e+00 4.673682005945108813e+02 4.478890101621336779e-07 -5.091367253542906646e+00 1.342498396352396488e+09
9.103814892342677184e-04 -1.898297973499932567e+00 3.752095320861855612e+02 1.468449366295360045e-07 -5.645634919090264603e+00 1.342498396353126287e+09
8.780211597638155549e-04 -1.919506041579279954e+00 4.563160454267550676e+02 3.884184661005826485e-07 -4.919094563984399038e+00 1.342498396353240252e+09
9.036593993007474308e-04 -1.898236105013843211e+00 3.954131578606827588e+02 1.906436841949984924e-06 -3.910507164293315796e+00 1.342498396354829073e+09
8.805046113239394390e-04 -1.924292479755931318e+00 4.213654433419962402e+02 1.116587594913942332e-06 -4.383491023680739396e+00 1.342498396355744362e+09
9.075685294348747201e-04 -1.898808849133310162e+00 3.935910931508564090e+02 2.975523372314305771e-06 -3.638846345236919078e+00 1.342498396356570721e+09
9.075685294348747201e-04 -1.898808849133310162e+00 3.935910931508564090e+02 2.975523372314305771e-06 -3.638846345236919078e+00 1.342498396356570721e+09
9.061310623178916394e-04 -1.902136501864219786e+00 3.980583204170694103e+02 1.341654442125036800e-06 -4.307588124237998528e+00 1.342498396358276367e+09
8.690202285730966184e-04 -1.926503176518637117e+00 4.589048153017834011e+02 2.230986121369948474e-07 -5.603417488244692990e+00 1.342498396359662533e+09
8.775543805782108804e-04 -1.920231950267635712e+00 4.350279279668176855e+02 6.841068708674756417e-07 -4.422465982646389904e+00 1.342498396361817598e+09
8.775543805782108804e-04 -1.920231950267635712e+00 4.350279279668176855e+02 6.841068708674756417e-07 -4.422465982646389904e+00 1.342498396361817598e+09
8.697281758499660499e-04 -1.930484410687494101e+00 4.422166192014618673e+02 4.091795901361018465e-07 -4.953294381844711047e+00 1.342498396364522934e+09
9.271951148868419175e-04 -1.882244409492359827e+00 3.725526946298921871e+02 1.028326461427112047e-06 -4.251532153573759132e+00 1.342498396367793083e+09
8.689047472568364738e-04 -1.926820962189521813e+00 4.556586440576322161e+02 8.230818069086389727e-08 -6.192181177630965649e+00 1.342498396370913029e+09
8.971824575345209614e-04 -1.903429985651797995e+00 4.194637307391886907e+02 3.644398845622801451e-06 -3.302869181574518365e+00 1.342498396371148586e+09
8.884569589120740185e-04 -1.911101217542465980e+00 4.381179835249657231e+02 5.130116633597935067e-07 -4.978924021022931967e+00 1.342498396371864796e+09
9.026578122564883752e-04 -1.900582627321637741e+00 4.043158781366582843e+02 6.651278527183400728e-07 -4.828816794872637708e+00 1.342498396373370409e+09
8.835566175790420191e-04 -1.914968585791197331e+00 4.271483953354862706e+02 1.699305293681211226e-06 -3.725235440635742634e+00 1.342498396373461962e+09
9.046379193623588309e-04 -1.902612225838645532e+00 3.845314573977342434e+02 3.150342944760971505e-06 -3.472883425183816541e+00 1.342498396374704123e+09
9.175237419986233007e-04 -1.888890703247931624e+00 3.780758271906768755e+02 1.382801134082175807e-07 -5.770909773116761343e+00 1.342498396378093719e+09
8.696508772177541889e-04 -1.928280380788797821e+00 4.654248862738558614e+02 3.007379585129251885e-06 -3.551623794934124945e+00 1.342498396378645658e+09
8.773301731758338662e-04 -1.920806442546204362e+00 4.443726311087593785e+02 8.016273067111145800e-08 -6.071844993723486184e+00 1.342498396383107662e+09
8.773301731758338662e-04 -1.920806442546204362e+00 4.443726311087593785e+02 8.016273067111145800e-08 -6.071844993723486184e+00 1.342498396383107662e+09
8.965578576607080531e-04 -1.908763641306693293e+00 4.026161083734237423e+02 2.835859085042115484e-07 -5.065696387933855682e+00 1.342498396392275810e+09
8.561178698106715031e-04 -1.934297475897083007e+00 4.954891814238129086e+02 1.498773544659772026e-07 -5.763522512549553056e+00 1.342498396393219709e+09
8.669515740804855427e-04 -1.927340590622483418e+00 4.813706685502411915e+02 1.928149093920847590e-07 -5.550337707331544301e+00 1.342498396393435001e+09
8.770352922786656472e-04 -1.918870592682634824e+00 4.567973644097768897e+02 1.326753952626986051e-06 -3.949932396781816735e+00 1.342498396396667480e+09
8.953862072130480123e-04 -1.904568063863910865e+00 4.171343810328726249e+02 2.902319161396166930e-07 -5.396945828161058500e+00 1.342498396399371386e+09
8.953862072130480123e-04 -1.904568063863910865e+00 4.171343810328726249e+02 2.902319161396166930e-07 -5.396945828161058500e+00 1.342498396399371386e+09
8.729352495384817053e-04 -1.924956116079809654e+00 4.690369816505948393e+02 4.820661231673525806e-07 -4.973429193224448319e+00 1.342498396403591394e+09
9.212960923532006585e-04 -1.885947977772436168e+00 3.785546168289110369e+02 1.148319401393069715e-06 -4.088241525331634207e+00 1.342498396403907776e+09
8.744355447939433689e-04 -1.917218149783895154e+00 4.637734580874104608e+02 3.368922804373848977e-07 -5.126538065640166231e+00 1.342498396404255867e+09
8.893455275250087460e-04 -1.910326102496053613e+00 4.239790912339411193e+02 1.219645884157225876e-07 -5.990293909830294083e+00 1.342498396404459715e+09
9.026350022480367653e-04 -1.897503177594188184e+00 4.023054401832330882e+02 2.042195624741825808e-07 -5.517071197252702675e+00 1.342498396404944181e+09
8.846417632780033315e-04 -1.914564529821654926e+00 4.280656347473999972e+02 7.089932371612191300e-08 -6.145246274458523672e+00 1.342498396406655312e+09
9.232804723991874319e-04 -1.887545275912850151e+00 3.750547519100831551e+02 1.270649468018147299e-06 -3.998657204745364346e+00 1.342498396408266068e+09
8.889578869797639489e-04 -1.919108454216788662e+00 4.085732501066185591e+02 1.622800294649010574e-06 -4.035265330223664293e+00 1.342498396412296295e+09
9.365569011934251785e-04 -1.883727328605037110e+00 3.470594485909549007e+02 6.614271594026464074e-07 -4.728240702205569690e+00 1.342498396414003611e+09
9.174761682211276430e-04 -1.894193512745545149e+00 3.690889198357050418e+02 5.373217044684255091e-07 -4.603021780438129262e+00 1.342498396414623499e+09
9.033130446177052445e-04 -1.902121908193843858e+00 3.909424916418947760e+02 1.493253492864559140e-06 -3.800406588516626272e+00 1.342498396418856621e+09
9.200851874492055283e-04 -1.892859975361279590e+00 3.737465761929640848e+02 1.233519893568421344e-06 -4.361332071687639811e+00 1.342498396419844866e+09
9.200851874492055283e-04 -1.892859975361279590e+00 3.737465761929640848e+02 1.233519893568421344e-06 -4.361332071687639811e+00 1.342498396419844866e+09
9.259164215581138727e-04 -1.882422076823105694e+00 3.725262656199165008e+02 5.142469713116118934e-07 -4.788500210240453470e+00 1.342498396422872066e+09
9.259164215581138727e-04 -1.882422076823105694e+00 3.725262656199165008e+02 5.142469713116118934e-07 -4.788500210240453470e+00 1.342498396422872066e+09
8.611328566805243924e-04 -1.934519305708511716e+00 4.688207278173273949e+02 1.836051768185795606e-07 -5.524981138340345765e+00 1.342498396426908493e+09
8.890162384415437047e-04 -1.913341039813305056e+00 4.254386326216545626e+02 1.756342695387102314e-06 -3.700826487160326472e+00 1.342498396430197477e+09
9.189350712880180877e-04 -1.886674542408445454e+00 3.809912546666398043e+02 3.423442723907156179e-07 -5.065873520728366053e+00 1.342498396435451746e+09
9.322541136038810586e-04 -1.879449209330548820e+00 3.595330215420522677e+02 1.622579063983387997e-06 -4.037549931853547491e+00 1.342498396445250511e+09
9.322541136038810586e-04 -1.879449209330548820e+00 3.595330215420522677e+02 1.622579063983387997e-06 -4.037549931853547491e+00 1.342498396445250511e+09
8.786158634389907868e-04 -1.917133181253687368e+00 4.603532939735475225e+02 1.881998659659251087e-06 -3.813372826053805120e+00 1.342498396448370934e+09
8.786158634389907868e-04 -1.917133181253687368e+00 4.603532939735475225e+02 1.881998659659251087e-06 -3.813372826053805120e+00 1.342498396448370934e+09
9.200413021626520187e-04 -1.889019723007410612e+00 3.710307010657195406e+02 3.749331325408255229e-07 -4.870383286937073564e+00 1.342498396449014425e+09
8.583536399577279367e-04 -1.932911317604300017e+00 4.888893710333862259e+02 1.466685552398208371e-06 -3.950461657575733199e+00 1.342498396453073025e+09
9.103853031767305658e-04 -1.901531141390755852e+00 3.765228339982003263e+02 1.891904497925751638e-07 -5.659024646467649688e+00 1.342498396453163862e+09
8.613874581597770691e-04 -1.934003477482606925e+00 4.692605330054202568e+02 1.859329466219340911e-07 -5.681768318058697531e+00 1.342498396454339504e+09
8.933562019152969718e-04 -1.913026382664843705e+00 4.193418621443126995e+02 9.658043640804241710e-07 -4.291515776222474265e+00 1.342498396456431866e+09
8.933562019152969718e-04 -1.913026382664843705e+00 4.193418621443126995e+02 9.658043640804241710e-07 -4.291515776222474265e+00 1.342498396456431866e+09
8.823167062895109942e-04 -1.914452466676261899e+00 4.501299529598448999e+02 1.056447142075764420e-06 -4.159760178796135577e+00 1.342498396457484722e+09
9.069632830928933079e-04 -1.899260596006430601e+00 3.823921324825992656e+02 2.607200148858045971e-06 -3.498168821210252410e+00 1.342498396460479498e+09
8.854613876286004806e-04 -1.914742573553799065e+00 4.367630212910067371e+02 1.011422937150040399e-07 -5.991809363066277427e+00 1.342498396463063002e+09
8.854613876286004806e-04 -1.914742573553799065e+00 4.367630212910067371e+02 1.011422937150040399e-07 -5.991809363066277427e+00 1.342498396463063002e+09
8.699739629947217390e-04 -1.926875723281134878e+00 4.598742466697552231e+02 2.559410741940716917e-07 -5.187134542897215539e+00 1.342498396463472605e+09
9.134717909791820103e-04 -1.893306531067039167e+00 3.872121184998742933e+02 3.821020822461857277e-06 -3.152240249592779264e+00 1.342498396464334488e+09
9.200269345664439848e-04 -1.893142041408747644e+00 3.672376996956489847e+02 1.329175975989612897e-07 -5.863036775110303189e+00 1.342498396466511011e+09
9.200269345664439848e-04 -1.893142041408747644e+00 3.672376996956489847e+02 1.329175975989612897e-07 -5.863036775110303189e+00 1.342498396466511011e+09
8.611261132681042414e-04 -1.934407642898749558e+00 4.825714240859618371e+02 1.604604640667905442e-07 -5.751714005178204303e+00 1.342498396468992472e+09
8.799592698615353896e-04 -1.917694218530402894e+00 4.469187755702433833e+02 2.056637004991743348e-07 -5.349096142288907174e+00 1.342498396469214678e+09
8.799592698615353896e-04 -1.917694218530402894e+00 4.469187755702433833e+02 2.056637004991743348e-07 -5.349096142288907174e+00 1.342498396469214678e+09
8.930790876277791297e-04 -1.909218926212559175e+00 4.087441722398409070e+02 2.107507177398626973e-07 -5.282402620217289346e+00 1.342498396470389366e+09
9.020878525732519988e-04 -1.903203094978862753e+00 3.876454307989600352e+02 2.016038574870504502e-07 -5.388310665044572900e+00 1.342498396470563173e+09
8.685270268783322565e-04 -1.928651536324696769e+00 4.561501612873353224e+02 1.672671180067510380e-06 -3.801774878906193145e+00 1.342498396471940279e+09
8.692541245434388985e-04 -1.932000872092064503e+00 4.504367010565729856e+02 4.881491931562437747e-07 -4.839808235891505106e+00 1.342498396476801157e+09
9.024635669393255054e-04 -1.906206328981993270e+00 3.895825484951030830e+02 1.095970781411225748e-07 -6.011142021214904929e+00 1.342498396477235794e+09
8.721505253214504325e-04 -1.929739497947863702e+00 4.436785348827246480e+02 5.110109564917097147e-07 -4.779354439275599553e+00 1.342498396478511810e+09
8.640762693252208426e-04 -1.928137934366124462e+00 4.653253700067040768e+02 1.059807637132628488e-06 -4.333186203025453764e+00 1.342498396479183435e+09
8.537826669719367515e-04 -1.938107259400049909e+00 5.035652560131517816e+02 2.876354109642919792e-07 -5.195883518736540196e+00 1.342498396479353666e+09
8.537826669719367515e-04 -1.938107259400049909e+00 5.035652560131517816e+02 2.876354109642919792e-07 -5.195883518736540196e+00 1.342498396479353666e+09
8.469320538368561987e-04 -1.942261661291086572e+00 5.263611840851103807e+02 7.188615514936319363e-07 -4.604693120728668987e+00 1.342498396480342865e+09
9.245946488350240567e-04 -1.890962054064893927e+00 3.647367870433621988e+02 3.733392546730619358e-07 -4.988733600332716733e+00 1.342498396483028412e+09
8.789908243695594443e-04 -1.922645877018981597e+00 4.466804077908392401e+02 9.903646667854960240e-07 -4.250772173957820144e+00 1.342498396485108376e+09
8.789908243695594443e-04 -1.922645877018981597e+00 4.466804077908392401e+02 9.903646667854960240e-07 -4.250772173957820144e+00 1.342498396485108376e+09
9.024671538599708838e-04 -1.905421121316869915e+00 3.846716741727613567e+02 3.723288077104789671e-07 -5.212256901467561043e+00 1.342498396486115694e+09
8.967305934528570482e-04 -1.908612903836153674e+00 3.907246571435721876e+02 4.275278693005058125e-07 -5.046801963108545230e+00 1.342498396486223936e+09
8.965588250368868896e-04 -1.903871054291457199e+00 4.241857861433323365e+02 7.449456024614008605e-07 -4.676633646332120975e+00 1.342498396488400698e+09
8.987401838814991972e-04 -1.911198113388697051e+00 4.060197210002891097e+02 9.596872315907536531e-07 -4.434101049377186854e+00 1.342498396490333557e+09
8.987401838814991972e-04 -1.911198113388697051e+00 4.060197210002891097e+02 9.596872315907536531e-07 -4.434101049377186854e+00 1.342498396490333557e+09
8.613885721665024775e-04 -1.932279059592924231e+00 4.722534126458707533e+02 5.047823277365518674e-07 -4.710683974000396290e+00 1.342498396491904736e+09
9.366708289775114342e-04 -1.880519588309286450e+00 3.427654681920206485e+02 1.195505263161503095e-06 -4.117631028798908410e+00 1.342498396492314100e+09
8.845800796679918667e-04 -1.920938264588805122e+00 4.097238464133224056e+02 6.031115777555396860e-07 -4.746531356182490669e+00 1.342498396493705750e+09
9.084743951833446421e-04 -1.893491309186192684e+00 3.932810613162279765e+02 3.847118641242044583e-07 -4.928489185072120193e+00 1.342498396494255781e+09
9.031249334454065228e-04 -1.897389628564713604e+00 4.096628142489328184e+02 4.429791771126971439e-07 -5.012480306970989119e+00 1.342498396495830059e+09
9.031249334454065228e-04 -1.897389628564713604e+00 4.096628142489328184e+02 4.429791771126971439e-07 -5.012480306970989119e+00 1.342498396495830059e+09
8.939282566145820112e-04 -1.913593044179163538e+00 4.063158456300734542e+02 1.219651755196921773e-06 -4.384165113809634029e+00 1.342498396496539116e+09
8.816552571450724483e-04 -1.923079849905175331e+00 4.196751838700201915e+02 3.202217622056385600e-07 -5.149696295153890269e+00 1.342498396498690844e+09
9.036539673393121979e-04 -1.900668009416692783e+00 4.105141283590923535e+02 4.446768482701078318e-07 -5.040857528795688935e+00 1.342498396499438286e+09
9.036539673393121979e-04 -1.900668009416692783e+00 4.105141283590923535e+02 4.446768482701078318e-07 -5.040857528795688935e+00 1.342498396499438286e+09
8.762505695271686655e-04 -1.921530100116831452e+00 4.315907129127379562e+02 7.127325986181878899e-07 -4.481552441021827704e+00 1.342498396500620127e+09
8.963957202866345078e-04 -1.903402719148732380e+00 4.265280222864699340e+02 1.353921788554543276e-06 -4.066815922208232514e+00 1.342498396500929356e+09
8.761916701532346773e-04 -1.922860479989756843e+00 4.624102983469934429e+02 1.036921136398986600e-06 -4.326422583085578921e+00 1.342498396503534555e+09
8.761916701532346773e-04 -1.922860479989756843e+00 4.624102983469934429e+02 1.036921136398986600e-06 -4.326422583085578921e+00 1.342498396503534555e+09
8.732230923637751682e-04 -1.924311103864400074e+00 4.689244150799140129e+02 1.502323610672164360e-06 -4.016560102453712311e+00 1.342498396507095098e+09
8.638132113214677622e-04 -1.935005605851055854e+00 4.727321238308998090e+02 1.484592306759153684e-06 -4.136692941159718195e+00 1.342498396507913113e+09
8.699369492562373900e-04 -1.925534581750693253e+00 4.483092968652282480e+02 3.157468939703620666e-07 -5.070429982278385594e+00 1.342498396508821964e+09
8.604751287252356343e-04 -1.932608100161246512e+00 4.914117543626979909e+02 3.512024126843652290e-07 -5.257949410123940126e+00 1.342498396509882927e+09
8.600496898050223387e-04 -1.936105840422162272e+00 4.765767584753932056e+02 2.774487135236284917e-07 -5.424566027752051767e+00 1.342498396517378569e+09
8.600496898050223387e-04 -1.936105840422162272e+00 4.765767584753932056e+02 2.774487135236284917e-07 -5.424566027752051767e+00 1.342498396517378569e+09
8.869603407097676959e-04 -1.911920649200790745e+00 4.419417495206512854e+02 1.328681110504598451e-06 -4.252156461160513601e+00 1.342498396519157648e+09
9.295772479479897299e-04 -1.882781899010330662e+00 3.591341239120243358e+02 4.406433660677784528e-07 -5.065152975632492449e+00 1.342498396521874428e+09
8.638353694220988945e-04 -1.927418467515606304e+00 4.679638849834153120e+02 3.091677620560221665e-07 -5.211720246380608046e+00 1.342498396523288488e+09
9.159012485347708867e-04 -1.891191193895159106e+00 3.865016796643324710e+02 3.313993498722146702e-06 -3.300358871906142078e+00 1.342498396526161671e+09
8.657955718444847832e-04 -1.926125498789600821e+00 4.682866930307324651e+02 1.585739239146071311e-06 -3.922949041667301628e+00 1.342498396527523518e+09
8.863943542301916043e-04 -1.912423949151112357e+00 4.149879428229702398e+02 2.912939761333374714e-07 -5.318527333996711626e+00 1.342498396528206348e+09
8.863943542301916043e-04 -1.912423949151112357e+00 4.149879428229702398e+02 2.912939761333374714e-07 -5.318527333996711626e+00 1.342498396528206348e+09
9.210300612601636993e-04 -1.892402379003575996e+00 3.676262356326830059e+02 4.130140236797404982e-07 -4.836559265686982911e+00 1.342498396529289484e+09
8.714001274193396585e-04 -1.924536584775109915e+00 4.453554628523665997e+02 1.899748347365369555e-07 -5.459010995333972716e+00 1.342498396532045841e+09
9.003530382311815709e-04 -1.902427591492053427e+00 4.081287280660275769e+02 3.186037060831980579e-06 -3.545243354414825632e+00 1.342498396532736063e+09
9.003530382311815709e-04 -1.902427591492053427e+00 4.081287280660275769e+02 3.186037060831980579e-06 -3.545243354414825632e+00 1.342498396532736063e+09
8.611309442407542609e-04 -1.937256003868592646e+00 4.730407902565355585e+02 6.210958541852763521e-07 -4.829757938357513325e+00 1.342498396533715725e+09
9.071991836161225498e-04 -1.902907473374592318e+00 3.823561145526996938e+02 1.163089368170307811e-07 -5.865776825096812530e+00 1.342498396534406662e+09
9.127163101088854504e-04 -1.891909453300130828e+00 3.918569903270813484e+02 3.405710668697420468e-07 -5.017494650478498741e+00 1.342498396537015438e+09
8.980947059941103922e-04 -1.904648271997132714e+00 4.160074128286481141e+02 1.303790558614204305e-07 -5.830389163338442593e+00 1.342498396540044069e+09
8.627635108139462697e-04 -1.928488960163690757e+00 4.844638011277074270e+02 6.072579845311659359e-07 -4.578307716374260039e+00 1.342498396541532993e+09
8.937402935719383160e-04 -1.911086734689433353e+00 4.156566686441797174e+02 1.372052795265216321e-07 -5.714066954228512074e+00 1.342498396542320490e+09
8.771928149445675036e-04 -1.917593698349576936e+00 4.501466783116964052e+02 1.247527062481745103e-07 -5.928333538921529922e+00 1.342498396543154240e+09
9.046157936126878255e-04 -1.896838307428080794e+00 3.950651832671134116e+02 2.465809489500095215e-07 -5.262385015457631710e+00 1.342498396543187857e+09
8.596262111630697221e-04 -1.931301640249021068e+00 5.005027181563045247e+02 1.301743855186782957e-06 -4.195825048676658398e+00 1.342498396545035839e+09
8.782005916727407373e-04 -1.922487546929633861e+00 4.529017866630430831e+02 3.873010250687432813e-07 -5.037088772115518864e+00 1.342498396548646688e+09
8.782005916727407373e-04 -1.922487546929633861e+00 4.529017866630430831e+02 3.873010250687432813e-07 -5.037088772115518864e+00 1.342498396548646688e+09
9.387350344962503692e-04 -1.880496997453220853e+00 3.401953850759955458e+02 5.500484106466850728e-07 -4.746372963475479878e+00 1.342498396549098730e+09
8.782878563667786530e-04 -1.920437003548281174e+00 4.271246722285369515e+02 1.483170713102557060e-06 -3.995097291511372717e+00 1.342498396557156324e+09
8.697691975659640768e-04 -1.925306287265390548e+00 4.786852392612633480e+02 1.352753639549227444e-06 -4.194514021991574637e+00 1.342498396561038017e+09
8.583319001894470102e-04 -1.938821658377842816e+00 4.807816120657082024e+02 1.346679758563612343e-06 -4.153046811979127284e+00 1.342498396568605900e+09
9.345782156412226881e-04 -1.883697205353073167e+00 3.430965606562494372e+02 1.192912524607972036e-06 -4.244371474913675613e+00 1.342498396568708181e+09
9.202130488125752046e-04 -1.889653904628220804e+00 3.839151960742820506e+02 1.161381690095601727e-06 -4.278763006067029195e+00 1.342498396569470882e+09
8.653495056393256148e-04 -1.926605963415517042e+00 4.786665729519282309e+02 1.481397329197041214e-07 -5.789053019559635693e+00 1.342498396570071936e+09
8.653495056393256148e-04 -1.926605963415517042e+00 4.786665729519282309e+02 1.481397329197041214e-07 -5.789053019559635693e+00 1.342498396570071936e+09
8.630443349123222531e-04 -1.929950318135265963e+00 4.856772824214843354e+02 4.464166490487362810e-07 -4.816733492028520303e+00 1.342498396579226017e+09
9.190081761739609658e-04 -1.897198423257915989e+00 3.619840964876289036e+02 1.514275659766671921e-06 -4.026522606812973137e+00 1.342498396584696531e+09
9.190081761739609658e-04 -1.897198423257915989e+00 3.619840964876289036e+02 1.514275659766671921e-06 -4.026522606812973137e+00 1.342498396584696531e+09
9.447143954829186931e-04 -1.875319333810927969e+00 3.380394986606785892e+02 7.107067348434449162e-07 -4.541062106492607775e+00 1.342498396589241982e+09
9.292069455491452955e-04 -1.882915796000513842e+00 3.685924687157516360e+02 2.191039041228423954e-06 -3.711697352799745886e+00 1.342498396591206551e+09
8.788875124463764194e-04 -1.924007836739097366e+00 4.366997921039489938e+02 1.670936084449340167e-06 -4.115632304172942568e+00 1.342498396593247652e+09
8.880382402347773403e-04 -1.909714587820165566e+00 4.239742494821717855e+02 2.668145598464140961e-06 -3.608597789424480062e+00 1.342498396593713760e+09
9.095961701970644870e-04 -1.896939835045405420e+00 3.874519265907293857e+02 6.217584697066246716e-07 -4.458281462888731284e+00 1.342498396597383499e+09
9.105437050374075650e-04 -1.900441033060149998e+00 3.838769376354734391e+02 1.632493723260249743e-07 -5.607861746141230341e+00 1.342498396598949194e+09
9.201568491614248689e-04 -1.891469203343872696e+00 3.735205316872103936e+02 1.386271915076310518e-06 -3.892485823569902692e+00 1.342498396600412846e+09
8.936230611100429893e-04 -1.915319794706153544e+00 4.081651098042027570e+02 8.386340185439190867e-07 -4.617655198265786964e+00 1.342498396608582258e+09
8.829298821779313616e-04 -1.913382296253963499e+00 4.508314546018004876e+02 4.308317864532199809e-07 -5.051438971661326605e+00 1.342498396609783649e+09
8.902188761071661103e-04 -1.916741528439538600e+00 4.101595186608024619e+02 1.573722318476160978e-06 -4.157080242833285588e+00 1.342498396609919548e+09
8.858793760304953767e-04 -1.911301996538540715e+00 4.224359312013266390e+02 1.345460234772459671e-07 -5.778808742377149699e+00 1.342498396613314152e+09
8.970019033441631708e-04 -1.906518901013019462e+00 4.224349934722153534e+02 4.942929633674667840e-07 -4.940759435896137752e+00 1.342498396614342213e+09
8.970019033441631708e-04 -1.906518901013019462e+00 4.224349934722153534e+02 4.942929633674667840e-07 -4.940759435896137752e+00 1.342498396614342213e+09
8.744807665106220807e-04 -1.923575855354854980e+00 4.328542445008159802e+02 1.004428550320681680e-06 -4.314489865053470652e+00 1.342498396614504099e+09
8.554936499265419769e-04 -1.936943696811618709e+00 5.053484741705830174e+02 1.433329944466699794e-06 -4.139147956333804501e+00 1.342498396614802122e+09
8.761963783769533432e-04 -1.918099995187697360e+00 4.646406949318255215e+02 5.864125123598757928e-07 -4.837549114614899892e+00 1.342498396617824793e+09
8.761963783769533432e-04 -1.918099995187697360e+00 4.646406949318255215e+02 5.864125123598757928e-07 -4.837549114614899892e+00 1.342498396617824793e+09
9.218100834460527058e-04 -1.893658648802567068e+00 3.600895831047451452e+02 2.379996745058072025e-07 -5.395461238851350316e+00 1.342498396621862888e+09
8.837783726012564834e-04 -1.912106571997968185e+00 4.296691444496199779e+02 7.957675788688640438e-07 -4.361038509372489713e+00 1.342498396622685909e+09
8.667069522530181569e-04 -1.931370999418592138e+00 4.683572646050325829e+02 1.851736456351225592e-07 -5.577685027621766878e+00 1.342498396624987602e+09
8.904451388649099308e-04 -1.908658195776330224e+00 4.377879264360209390e+02 8.475389142060749193e-07 -4.423935659131428721e+00 1.342498396625932693e+09
8.630223717753281523e-04 -1.933627644883546104e+00 4.754720663173425237e+02 1.171106368606915534e-06 -4.119495454300925452e+00 1.342498396626994610e+09
8.822690575460380089e-04 -1.922382516874642899e+00 4.181043005930224012e+02 5.238166300942377548e-07 -4.960188814957817272e+00 1.342498396630649567e+09
8.738622823850191118e-04 -1.925148726959897916e+00 4.495926378534600758e+02 3.870215030849780841e-07 -5.236110932136568863e+00 1.342498396631064415e+09
9.093235287743283270e-04 -1.896384081514249198e+00 4.030032069805492938e+02 1.167975003002227418e-06 -4.239565018075257541e+00 1.342498396635801315e+09
8.790721543397799452e-04 -1.923952994066712607e+00 4.229531794651169321e+02 2.567113881861045002e-07 -5.335398812985324035e+00 1.342498396638772488e+09
8.983053242139519765e-04 -1.905888583238550815e+00 4.071286140776644515e+02 7.145043997613568302e-08 -6.251745543192368970e+00 1.342498396638944149e+09
9.257011496164871877e-04 -1.884934111120098343e+00 3.618894961025899875e+02 1.190877975422643123e-06 -4.313425367291205959e+00 1.342498396639187813e+09
8.658034797608494875e-04 -1.930846514110680978e+00 4.625476754610954799e+02 2.566453870060872517e-06 -3.647054696794928219e+00 1.342498396644800186e+09
8.658034797608494875e-04 -1.930846514110680978e+00 4.625476754610954799e+02 2.566453870060872517e-06 -3.647054696794928219e+00 1.342498396644800186e+09
9.157605843510683479e-04 -1.897522924715878023e+00 3.662100523522270805e+02 1.894203890658018746e-06 -3.775011128578745101e+00 1.342498396647535801e+09
9.157605843510683479e-04 -1.897522924715878023e+00 3.662100523522270805e+02 1.894203890658018746e-06 -3.775011128578745101e+00 1.342498396647535801e+09
8.927856166747721173e-04 -1.912487691513225840e+00 4.057562035562496590e+02 8.895331753647521350e-08 -6.125949617026146043e+00 1.342498396647683859e+09
8.925400363800720669e-04 -1.909706547415456868e+00 3.993704354164085544e+02 6.548117911430229527e-07 -4.657836092018245111e+00 1.342498396648545027e+09
8.938225467931391497e-04 -1.909060447046155407e+00 4.034868083916797445e+02 8.693612056673849892e-08 -6.131495794089749651e+00 1.342498396649197102e+09
8.872096712907722327e-04 -1.911092843990277235e+00 4.365702322456378965e+02 6.157112507928451068e-07 -4.527636000198950406e+00 1.342498396653014421e+09
8.872096712907722327e-04 -1.911092843990277235e+00 4.365702322456378965e+02 6.157112507928451068e-07 -4.527636000198950406e+00 1.342498396653014421e+09
9.092681968723773100e-04 -1.898345229141324975e+00 3.852030557428121824e+02 7.976194019859335019e-08 -6.190918210932244037e+00 1.342498396658127308e+09
9.092681968723773100e-04 -1.898345229141324975e+00 3.852030557428121824e+02 7.976194019859335019e-08 -6.190918210932244037e+00 1.342498396658127308e+09
8.912539553534447366e-04 -1.909662313445244841e+00 4.053133463421680744e+02 1.771657913935514614e-07 -5.582528821330977387e+00 1.342498396659296036e+09
8.899761924901567400e-04 -1.916749427509131021e+00 4.007656431523828928e+02 4.354862033998631658e-07 -5.002699993082055485e+00 1.342498396663073540e+09
8.899761924901567400e-04 -1.916749427509131021e+00 4.007656431523828928e+02 4.354862033998631658e-07 -5.002699993082055485e+00 1.342498396663073540e+09
8.883297231853461194e-04 -1.917226934208345224e+00 4.169993835241661486e+02 2.583335682597548660e-07 -5.247068285129055099e+00 1.342498396665946007e+09
8.628937842486470279e-04 -1.936174297255055521e+00 4.688656395320948604e+02 7.554486972605331896e-07 -4.676129794896967340e+00 1.342498396666409492e+09
8.628937842486470279e-04 -1.936174297255055521e+00 4.688656395320948604e+02 7.554486972605331896e-07 -4.676129794896967340e+00 1.342498396666409492e+09
8.773837990335124496e-04 -1.925828813833299513e+00 4.408708141048410880e+02 4.790252842992853417e-07 -4.850310169630921209e+00 1.342498396667208433e+09
8.871207913223302845e-04 -1.910231572071196426e+00 4.404479301678397860e+02 2.699502200437676838e-07 -5.372433661797268556e+00 1.342498396670142651e+09
9.193422533011848989e-04 -1.889264332252469369e+00 3.727603104979953059e+02 2.226245990036051978e-06 -3.540312462780846658e+00 1.342498396673013926e+09
9.303233935085899065e-04 -1.882164076877496317e+00 3.563307446479457212e+02 2.453462883249996510e-07 -5.411243677936659502e+00 1.342498396674798965e+09
8.870540101129194754e-04 -1.911145214389266878e+00 4.187563622788456996e+02 1.804118924290354264e-06 -3.798673801627817426e+00 1.342498396676216602e+09
8.870540101129194754e-04 -1.911145214389266878e+00 4.187563622788456996e+02 1.804118924290354264e-06 -3.798673801627817426e+00 1.342498396676216602e+09
9.117046529288562158e-04 -1.898013315016299440e+00 3.741372939357342489e+02 2.966938760438250101e-06 -3.478580915647562222e+00 1.342498396676227331e+09
8.841995278841220576e-04 -1.914678169494137716e+00 4.338615782376995185e+02 1.078350959703908099e-06 -4.055086366190927549e+00 1.342498396679426432e+09
8.841995278841220576e-04 -1.914678169494137716e+00 4.338615782376995185e+02 1.078350959703908099e-06 -4.055086366190927549e+00 1.342498396679426432e+09
8.895902112357394025e-04 -1.907500461786983514e+00 4.259058927520550242e+02 8.771056505538770612e-07 -4.259850926630433854e+00 1.342498396680078983e+09
8.710463813617373230e-04 -1.925276731667579622e+00 4.725652239718321539e+02 3.924013889520882721e-07 -5.139984770620229071e+00 1.342498396680242300e+09
9.272741810338861910e-04 -1.890360385855083258e+00 3.610581615794076242e+02 8.248544658197651848e-07 -4.469002594103704595e+00 1.342498396684568167e+09
9.053703630770425659e-04 -1.898919113587752783e+00 4.072173044878212522e+02 5.085428993466747636e-07 -4.757287733669130603e+00 1.342498396684828043e+09
9.053703630770425659e-04 -1.898919113587752783e+00 4.072173044878212522e+02 5.085428993466747636e-07 -4.757287733669130603e+00 1.342498396684828043e+09
8.677669056614255869e-04 -1.931679501462767679e+00 4.610047948239629250e+02 8.687615937061822340e-07 -4.364289564926709275e+00 1.342498396686882973e+09
8.523876988803277648e-04 -1.939219743616148017e+00 5.144854251773083433e+02 8.649476604266933316e-07 -4.512685739333470281e+00 1.342498396689275503e+09
9.208356316906097074e-04 -1.894832858941168929e+00 3.589496056936976629e+02 9.378567985961346284e-07 -4.324610484741294059e+00 1.342498396689472437e+09
9.208356316906097074e-04 -1.894832858941168929e+00 3.589496056936976629e+02 9.378567985961346284e-07 -4.324610484741294059e+00 1.342498396689472437e+09
9.030212771097601053e-04 -1.907323596949923594e+00 3.873954854570221187e+02 2.544066681801649842e-06 -3.564985949265430776e+00 1.342498396690526724e+09
9.030212771097601053e-04 -1.907323596949923594e+00 3.873954854570221187e+02 2.544066681801649842e-06 -3.564985949265430776e+00 1.342498396690526724e+09
9.130322226619080449e-04 -1.890640011478005311e+00 3.874219245280453947e+02 1.567670192605258950e-06 -4.025727090436493683e+00 1.342498396691696167e+09
8.857240503291101885e-04 -1.912688633564424645e+00 4.209753702940301423e+02 1.375330684736574094e-07 -5.852003908488915940e+00 1.342498396692992449e+09
8.857240503291101885e-04 -1.912688633564424645e+00 4.209753702940301423e+02 1.375330684736574094e-07 -5.852003908488915940e+00 1.342498396692992449e+09
8.766453820471204004e-04 -1.926767433603563617e+00 4.444226645085055338e+02 1.298268948040688008e-06 -4.187779295629709075e+00 1.342498396693241119e+09
8.766453820471204004e-04 -1.926767433603563617e+00 4.444226645085055338e+02 1.298268948040688008e-06 -4.187779295629709075e+00 1.342498396693241119e+09
9.314030597294533980e-04 -1.887158232022315030e+00 3.486951685808537036e+02 7.260438357932401048e-07 -4.676567486982730060e+00 1.342498396703065634e+09
9.220123311831764177e-04 -1.884548167066746327e+00 3.729686086778640970e+02 7.273567651668501256e-07 -4.587726423948593535e+00 1.342498396706084251e+09
9.197175335280155127e-04 -1.893314246045750826e+00 3.712914598373864123e+02 2.044728259398273731e-07 -5.597454009474071235e+00 1.342498396706439972e+09
8.858193714306565603e-04 -1.914670985457403996e+00 4.318766999911561584e+02 7.985807954353137566e-08 -6.174851002136085398e+00 1.342498396706739426e+09
8.858193714306565603e-04 -1.914670985457403996e+00 4.318766999911561584e+02 7.985807954353137566e-08 -6.174851002136085398e+00 1.342498396706739426e+09
9.223541571978934950e-04 -1.891070461848490147e+00 3.696440986814180292e+02 1.020409403028162279e-06 -4.161666675943227034e+00 1.342498396709020615e+09
9.091898967927593278e-04 -1.900529775661774501e+00 3.973175023542896724e+02 1.227589820445401931e-06 -4.260704921079115692e+00 1.342498396721347332e+09
9.407149404638704554e-04 -1.877511471070382854e+00 3.431508992283244766e+02 2.260959802876882508e-06 -3.675059609358928725e+00 1.342498396722164154e+09
8.886084587947461590e-04 -1.910407563448726531e+00 4.284902925917300536e+02 1.384759530890921333e-06 -4.261394437445597205e+00 1.342498396724804878e+09
8.985366839215904941e-04 -1.903342606561791550e+00 3.943847808166719915e+02 6.694405156676002470e-07 -4.587333288599786840e+00 1.342498396725289822e+09
8.715696974873923765e-04 -1.929288183617202890e+00 4.401672771312798886e+02 9.502377808381790818e-07 -4.328059025104153079e+00 1.342498396725467920e+09
8.715696974873923765e-04 -1.929288183617202890e+00 4.401672771312798886e+02 9.502377808381790818e-07 -4.328059025104153079e+00 1.342498396725467920e+09
8.598013614725307169e-04 -1.937256236860728897e+00 4.720452306887726763e+02 4.638782898539343956e-07 -4.874770831181348463e+00 1.342498396725922585e+09
8.993569672786601906e-04 -1.903451728200750148e+00 4.175273378006572784e+02 2.830512182226276150e-06 -3.507588688875709515e+00 1.342498396728866339e+09
8.733795395734714889e-04 -1.921784168236973844e+00 4.445946534729127961e+02 2.116066596704839947e-07 -5.566928872594851363e+00 1.342498396729851246e+09
9.012609577063470344e-04 -1.902866202077951430e+00 3.989845742220321654e+02 4.162687845585809500e-07 -5.170356728392027534e+00 1.342498396732949495e+09
8.562908938169149073e-04 -1.935980737130508000e+00 4.801653793152460139e+02 4.174657642004339142e-07 -4.977995265765584598e+00 1.342498396736824989e+09
8.893149051564915248e-04 -1.915417761115718598e+00 4.117444359399742666e+02 1.605894974447218235e-07 -5.579317645640340828e+00 1.342498396738348722e+09
8.893149051564915248e-04 -1.915417761115718598e+00 4.117444359399742666e+02 1.605894974447218235e-07 -5.579317645640340828e+00 1.342498396738348722e+09
8.780715024416420192e-04 -1.926535037381954307e+00 4.323371683069701703e+02 4.675718677337328080e-07 -4.954354204313326626e+00 1.342498396741149902e+09
8.792593404013640708e-04 -1.919561369223717673e+00 4.262041033455951720e+02 1.129906792409108702e-06 -4.148982926837113894e+00 1.342498396742500305e+09
8.999209562210562377e-04 -1.899010392056168506e+00 4.060883416120925631e+02 9.519530691883986165e-07 -4.359321893126331560e+00 1.342498396743494272e+09
8.999209562210562377e-04 -1.899010392056168506e+00 4.060883416120925631e+02 9.519530691883986165e-07 -4.359321893126331560e+00 1.342498396743494272e+09
8.983228154349050471e-04 -1.903960928985888534e+00 3.996304939001186085e+02 5.536164323137358994e-07 -4.927889827528296074e+00 1.342498396744930029e+09
8.983228154349050471e-04 -1.903960928985888534e+00 3.996304939001186085e+02 5.536164323137358994e-07 -4.927889827528296074e+00 1.342498396744930029e+09
9.281601987602253233e-04 -1.885022055192532520e+00 3.560990816164930379e+02 1.501073920617183952e-06 -4.134504323866880604e+00 1.342498396745249033e+09
8.958930779595847878e-04 -1.907463408376590230e+00 4.028645193283827552e+02 1.703703849353205303e-06 -4.087590224403113481e+00 1.342498396745469570e+09
9.156577329757649951e-04 -1.895144306615498930e+00 3.779806462440799919e+02 2.524375521367379320e-06 -3.445923292583111142e+00 1.342498396746427774e+09
8.984226668413456632e-04 -1.908125435782880075e+00 4.111736304876830559e+02 2.420897935824416221e-07 -5.467493860300630004e+00 1.342498396747211218e+09
8.984226668413456632e-04 -1.908125435782880075e+00 4.111736304876830559e+02 2.420897935824416221e-07 -5.467493860300630004e+00 1.342498396747211218e+09
8.813950808602308241e-04 -1.913441407566075725e+00 4.528493790040904514e+02 5.370440194155642279e-07 -4.730567341760012035e+00 1.342498396750082970e+09
8.630712135057910404e-04 -1.936219696366218379e+00 4.685907722829043678e+02 5.027774937028657868e-07 -4.927152972752359972e+00 1.342498396751773119e+09
8.738236416096019539e-04 -1.920219191253873525e+00 4.529002720287633679e+02 2.003408744521331958e-06 -3.705423823435538111e+00 1.342498396752180099e+09
8.556309088323183409e-04 -1.938993549238483549e+00 4.847290506048892098e+02 1.093672973585824831e-06 -4.378518610565791391e+00 1.342498396753913403e+09
8.556309088323183409e-04 -1.938993549238483549e+00 4.847290506048892098e+02 1.093672973585824831e-06 -4.378518610565791391e+00 1.342498396753913403e+09
8.925994076727209901e-04 -1.909886294750350544e+00 4.081141487005920112e+02 5.672420822481373732e-07 -4.945685361597930374e+00 1.342498396756129742e+09
9.132180834096869640e-04 -1.896179918914675078e+00 3.891393404961053193e+02 1.647803902913698561e-06 -4.107706310294444663e+00 1.342498396758766890e+09
9.132180834096869640e-04 -1.896179918914675078e+00 3.891393404961053193e+02 1.647803902913698561e-06 -4.107706310294444663e+00 1.342498396758766890e+09
9.107305182534305163e-04 -1.895013131806821516e+00 3.875226993793679071e+02 1.081976692169935054e-06 -4.441537981928821210e+00 1.342498396761294365e+09
9.081304124684859555e-04 -1.893292467147331681e+00 3.950137015940702554e+02 9.073834914988300117e-07 -4.410784334991534550e+00 1.342498396770759344e+09
8.881347018917112607e-04 -1.912514328500229066e+00 4.313043511423816767e+02 1.189392910463729475e-06 -4.396474637741587088e+00 1.342498396771109581e+09
8.881347018917112607e-04 -1.912514328500229066e+00 4.313043511423816767e+02 1.189392910463729475e-06 -4.396474637741587088e+00 1.342498396771109581e+09
8.550916998929615010e-04 -1.936330117313944221e+00 4.987345024306681580e+02 1.675446036277114033e-06 -3.940609919450692722e+00 1.342498396771906376e+09
8.921735660990873229e-04 -1.915231219796906803e+00 4.065129944525756969e+02 1.512278612734930923e-06 -4.185629410404661854e+00 1.342498396773011923e+09
8.981316741162406227e-04 -1.908885844372164797e+00 3.888967344848108496e+02 7.258446504202346178e-07 -4.685485229820885777e+00 1.342498396773963928e+09
8.981316741162406227e-04 -1.908885844372164797e+00 3.888967344848108496e+02 7.258446504202346178e-07 -4.685485229820885777e+00 1.342498396773963928e+09
8.701661955637843672e-04 -1.928488221615709985e+00 4.550708643194183196e+02 5.283630262535305330e-07 -4.676184737227846000e+00 1.342498396774918556e+09
8.701661955637843672e-04 -1.928488221615709985e+00 4.550708643194183196e+02 5.283630262535305330e-07 -4.676184737227846000e+00 1.342498396774918556e+09
8.869916158070477756e-04 -1.912981616327501744e+00 4.343766004503568183e+02 3.474336785618241148e-06 -3.273347265252960270e+00 1.342498396776190758e+09
8.869916158070477756e-04 -1.912981616327501744e+00 4.343766004503568183e+02 3.474336785618241148e-06 -3.273347265252960270e+00 1.342498396776190758e+09
9.156035569999978509e-04 -1.893975253549136539e+00 3.778474776363632941e+02 4.107184418407438571e-07 -5.167116880627420805e+00 1.342498396779744387e+09
9.111965658352720512e-04 -1.896194825432276687e+00 3.865468745259865386e+02 2.246431348042729158e-07 -5.270560512041456036e+00 1.342498396780263424e+09
9.111965658352720512e-04 -1.896194825432276687e+00 3.865468745259865386e+02 2.246431348042729158e-07 -5.270560512041456036e+00 1.342498396780263424e+09
8.582058145054814128e-04 -1.936263647057121062e+00 4.892736245791822967e+02 9.039853810464466913e-07 -4.572476812852059425e+00 1.342498396780439138e+09
8.559225210915563610e-04 -1.934572822585868268e+00 4.946717380725065709e+02 3.308629651595172100e-07 -5.083941140636474287e+00 1.342498396782598734e+09
8.864374439038952063e-04 -1.919636882426151825e+00 4.077941614345784274e+02 9.325356301662545030e-07 -4.441770807221681494e+00 1.342498396782606125e+09
8.864374439038952063e-04 -1.919636882426151825e+00 4.077941614345784274e+02 9.325356301662545030e-07 -4.441770807221681494e+00 1.342498396782606125e+09
8.522355523301852927e-04 -1.937816476457766779e+00 5.134195812738339555e+02 8.996647273157021946e-07 -4.404471874899143380e+00 1.342498396783042431e+09
8.944224721269083923e-04 -1.909911116841028322e+00 4.047064980274057575e+02 3.435003040198728915e-07 -4.935935507860999216e+00 1.342498396784189463e+09
9.073077366212858787e-04 -1.900466752842182805e+00 4.014669413742534516e+02 1.907874829476500970e-06 -3.793289779440033982e+00 1.342498396784236908e+09
9.073077366212858787e-04 -1.900466752842182805e+00 4.014669413742534516e+02 1.907874829476500970e-06 -3.793289779440033982e+00 1.342498396784236908e+09
9.199146015761992031e-04 -1.892985887026581882e+00 3.675669679470717597e+02 8.249712881117699894e-07 -4.302729694155044804e+00 1.342498396787360668e+09
8.590482150072603195e-04 -1.936638920766169836e+00 4.812644170193952391e+02 2.129787071649898024e-07 -5.464880667722610497e+00 1.342498396787555218e+09
9.305382187544236064e-04 -1.886834500510747414e+00 3.472438960340923586e+02 8.487042652146945121e-07 -4.436712313930907925e+00 1.342498396788133860e+09
9.042102221537738019e-04 -1.904446563424413430e+00 3.829674798247699528e+02 9.282131032250001722e-07 -4.248070992253206057e+00 1.342498396790250778e+09
8.858964078854033534e-04 -1.920063663586444314e+00 4.155719084945457666e+02 2.070397431108984138e-06 -3.848226291632525609e+00 1.342498396791044474e+09
9.369431634434513502e-04 -1.877277710401260347e+00 3.493153459777201419e+02 9.245048815269512907e-07 -4.449848236504145405e+00 1.342498396792884111e+09
9.369431634434513502e-04 -1.877277710401260347e+00 3.493153459777201419e+02 9.245048815269512907e-07 -4.449848236504145405e+00 1.342498396792884111e+09
8.864532836193652352e-04 -1.917667716103598874e+00 4.128437751412154171e+02 1.801624983954293926e-07 -5.527680283509099013e+00 1.342498396796852827e+09
8.680713357039624486e-04 -1.928257646985661822e+00 4.626844881398293410e+02 1.464441692098636510e-06 -3.898613493797205010e+00 1.342498396797678947e+09
8.558450575015959759e-04 -1.934959729721953625e+00 5.025794538329184320e+02 3.090544183942594958e-07 -5.297653773947232025e+00 1.342498396803882122e+09
8.558450575015959759e-04 -1.934959729721953625e+00 5.025794538329184320e+02 3.090544183942594958e-07 -5.297653773947232025e+00 1.342498396803882122e+09
8.837147028982865211e-04 -1.911179911895403816e+00 4.449964749327176605e+02 1.587298005581342530e-06 -3.939624134641980469e+00 1.342498396803911209e+09
8.818741920990097070e-04 -1.914245602683213976e+00 4.338571896926305271e+02 2.227608503373365131e-07 -5.302722645624907472e+00 1.342498396804489374e+09
8.788800764778522236e-04 -1.923428734504213367e+00 4.217292298264029000e+02 3.415267902645145366e-07 -5.152761794831065778e+00 1.342498396807435989e+09
8.786150120833908367e-04 -1.922661698181177492e+00 4.384462777681077910e+02 1.113636760512104431e-06 -4.099469747890156057e+00 1.342498396807772636e+09
8.786150120833908367e-04 -1.922661698181177492e+00 4.384462777681077910e+02 1.113636760512104431e-06 -4.099469747890156057e+00 1.342498396807772636e+09
8.753472245068895938e-04 -1.926575751072157949e+00 4.302303565349315591e+02 4.564448430464386557e-07 -4.894343187210573376e+00 1.342498396808563232e+09
9.049321685182517639e-04 -1.900111580851812754e+00 4.017913953872244974e+02 4.662402489874130652e-07 -5.070664481964925585e+00 1.342498396808791399e+09
9.049321685182517639e-04 -1.900111580851812754e+00 4.017913953872244974e+02 4.662402489874130652e-07 -5.070664481964925585e+00 1.342498396808791399e+09
8.777733907716232711e-04 -1.918025058368279190e+00 4.397139493410234081e+02 7.449703089119488496e-07 -4.701483628365567213e+00 1.342498396810545444e+09
8.983673575998669947e-04 -1.909133274862650831e+00 3.957728096659892003e+02 5.743756567900979904e-07 -4.940296711045458977e+00 1.342498396811110973e+09
9.146204222359672134e-04 -1.894895228252879260e+00 3.822069888106449866e+02 1.300670909486171370e-07 -5.782747279854057787e+00 1.342498396811296940e+09
8.592491153494045877e-04 -1.931008374046623954e+00 4.896348474221550191e+02 3.631764575928922646e-07 -5.012128889773453722e+00 1.342498396812428713e+09
9.395217666442517903e-04 -1.877361673410519849e+00 3.476430335977005370e+02 1.477108664753536280e-06 -3.941157148779181441e+00 1.342498396814227581e+09
9.395217666442517903e-04 -1.877361673410519849e+00 3.476430335977005370e+02 1.477108664753536280e-06 -3.941157148779181441e+00 1.342498396814227581e+09
9.161464179887223629e-04 -1.896121666622053947e+00 3.678433172905832862e+02 1.597913458781881016e-07 -5.676349601172371528e+00 1.342498396814467192e+09
8.698383273290319915e-04 -1.925737332562853510e+00 4.780793061580101266e+02 5.802010170426623536e-07 -4.783151370323270868e+00 1.342498396815194130e+09
9.242060914832770160e-04 -1.883679199148325711e+00 3.691655700084679665e+02 5.272240576796720797e-07 -4.735898685509329908e+00 1.342498396817599773e+09
9.154266157322267072e-04 -1.896243477608083872e+00 3.640625986350701169e+02 6.085485210369140282e-07 -4.742086952837917480e+00 1.342498396818361998e+09
9.154266157322267072e-04 -1.896243477608083872e+00 3.640625986350701169e+02 6.085485210369140282e-07 -4.742086952837917480e+00 1.342498396818361998e+09
8.863068891885183967e-04 -1.917132019700929835e+00 4.351219674878304318e+02 7.046800450460954656e-07 -4.557978070407974869e+00 1.342498396818856955e+09
9.303742714975017604e-04 -1.883367900393183358e+00 3.614058862421668437e+02 2.907646029527598732e-07 -5.306725158696202094e+00 1.342498396819169760e+09
9.329420157251836062e-04 -1.879773285957747841e+00 3.590666718570105900e+02 3.926941046268616772e-07 -4.978795361767457628e+00 1.342498396819252968e+09
9.329420157251836062e-04 -1.879773285957747841e+00 3.590666718570105900e+02 3.926941046268616772e-07 -4.978795361767457628e+00 1.342498396819252968e+09
8.633823325178008323e-04 -1.931681078488316494e+00 4.884874295751467912e+02 7.835812232817674907e-07 -4.504119654248999183e+00 1.342498396819260120e+09
8.730130915180615327e-04 -1.925830103464211351e+00 4.656825253573465488e+02 1.362713798561945762e-06 -4.183583910996856225e+00 1.342498396819485426e+09
8.939633288466331982e-04 -1.911196331270862636e+00 3.951483980927523021e+02 3.845540875144123087e-07 -5.011283915690549762e+00 1.342498396821529150e+09
8.939633288466331982e-04 -1.911196331270862636e+00 3.951483980927523021e+02 3.845540875144123087e-07 -5.011283915690549762e+00 1.342498396821529150e+09
9.274716501795616901e-04 -1.884704499760161633e+00 3.692718698396371906e+02 2.178689280835874206e-06 -3.659915499193580501e+00 1.342498396821598768e+09
9.237499167074665228e-04 -1.890192234927802861e+00 3.576720770488873313e+02 3.346592836523930876e-07 -5.239361460752919086e+00 1.342498396822291136e+09
8.619978934823176262e-04 -1.929633852280927542e+00 4.736069218406576624e+02 2.187522894863012441e-07 -5.424725340975487420e+00 1.342498396822500229e+09
8.619978934823176262e-04 -1.929633852280927542e+00 4.736069218406576624e+02 2.187522894863012441e-07 -5.424725340975487420e+00 1.342498396822500229e+09
8.829452435019664175e-04 -1.913342012652861746e+00 4.263410720197902606e+02 3.597628391434873963e-07 -5.015569772137198790e+00 1.342498396822796822e+09
8.829452435019664175e-04 -1.913342012652861746e+00 4.263410720197902606e+02 3.597628391434873963e-07 -5.015569772137198790e+00 1.342498396822796822e+09
8.933664597080008714e-04 -1.907418019580604529e+00 4.239534689195401711e+02 1.391556919012723807e-07 -5.729177895826232714e+00 1.342498396823240519e+09
8.933664597080008714e-04 -1.907418019580604529e+00 4.239534689195401711e+02 1.391556919012723807e-07 -5.729177895826232714e+00 1.342498396823240519e+09
8.665249309743759589e-04 -1.931661465903373287e+00 4.578071243791766847e+02 1.115167054544727371e-06 -4.160458012205292988e+00 1.342498396824140072e+09
8.979579149351701699e-04 -1.907264586255274841e+00 3.935114438822292868e+02 1.653487723993799369e-06 -4.060318369929964533e+00 1.342498396824775696e+09
9.210606574543082469e-04 -1.890155323126410547e+00 3.672663649263064372e+02 4.197814218474452245e-07 -4.804746657924790831e+00 1.342498396825394154e+09
8.914782693331139898e-04 -1.913993102566248883e+00 4.091544778235771105e+02 1.093694967382258518e-07 -5.997177188748819887e+00 1.342498396825822353e+09
8.748673294992636868e-04 -1.927865168581710087e+00 4.353791865912798471e+02 1.508236417338047551e-06 -4.084923046150068515e+00 1.342498396828639984e+09
9.109627926877665247e-04 -1.898277874398603959e+00 3.927172800206078591e+02 2.826191007808698596e-06 -3.616890326373118469e+00 1.342498396828918457e+09
9.109627926877665247e-04 -1.898277874398603959e+00 3.927172800206078591e+02 2.826191007808698596e-06 -3.616890326373118469e+00 1.342498396828918457e+09
8.795565653129226464e-04 -1.923652067493591300e+00 4.418140113676093392e+02 1.017461821630463029e-06 -4.294876516315074610e+00 1.342498396829087496e+09
8.941054200490033575e-04 -1.910333597546951978e+00 4.011650589293668645e+02 2.396579593958000235e-06 -3.745253352935248081e+00 1.342498396830029488e+09
8.831509275489199135e-04 -1.921148747928653755e+00 4.130389458777825666e+02 6.555643247683982106e-07 -4.717129993318524228e+00 1.342498396832171917e+09
9.018447558737879930e-04 -1.902482679746884342e+00 3.901934477925124156e+02 1.300453145431921848e-06 -3.985683727750265248e+00 1.342498396832512617e+09
9.358745037351951087e-04 -1.879166270924201410e+00 3.566551579422450118e+02 1.184259303244261754e-06 -4.280787277346580488e+00 1.342498396832627296e+09
9.198231644330214039e-04 -1.891549312105661240e+00 3.788946022118778387e+02 1.393608189864466836e-06 -4.226567470063072207e+00 1.342498396832636118e+09
8.641342111887524843e-04 -1.930694983868985748e+00 4.850451529688791652e+02 9.016061291163834635e-07 -4.558643075870507211e+00 1.342498396833130836e+09
9.193339599981177179e-04 -1.888076703043135351e+00 3.848701705897278771e+02 1.020407748043449773e-06 -4.366075704202322605e+00 1.342498396834139824e+09
9.193339599981177179e-04 -1.888076703043135351e+00 3.848701705897278771e+02 1.020407748043449773e-06 -4.366075704202322605e+00 1.342498396834139824e+09
9.087135721898655961e-04 -1.902352295034804630e+00 3.754676408250219879e+02 1.536114501935126681e-06 -3.925624256796924172e+00 1.342498396837928057e+09
8.914793161767610224e-04 -1.913988146105658039e+00 4.059782449343434223e+02 1.158524133245142040e-07 -5.903673963314190587e+00 1.342498396838810205e+09
8.591760335773096762e-04 -1.935028117527866298e+00 4.727923423854364273e+02 4.748056941260152606e-07 -4.828012324482742201e+00 1.342498396838979959e+09
8.749705684790572103e-04 -1.922118283186730281e+00 4.563896353374458386e+02 2.092673495105182311e-07 -5.375220458018910463e+00 1.342498396840309858e+09
8.653488578051336160e-04 -1.928500023978257927e+00 4.737136378655374642e+02 2.541855622267916017e-06 -3.581796781491069837e+00 1.342498396840522528e+09
9.264869167931128000e-04 -1.883253447896246158e+00 3.677630857986313799e+02 2.875493472755611170e-07 -5.216474276929847775e+00 1.342498396840954781e+09
9.425663986976512160e-04 -1.876061807581861807e+00 3.448899067131766287e+02 1.002985410198048356e-06 -4.387046012282755036e+00 1.342498396841760159e+09
8.641164835598561704e-04 -1.928795182310233614e+00 4.746671277036120955e+02 3.819909485711797727e-07 -4.913931420100935199e+00 1.342498396842614412e+09
9.197881680360510534e-04 -1.886942667649716077e+00 3.727349721603956141e+02 1.290784698689538570e-06 -4.042025391458622607e+00 1.342498396843838453e+09
9.197881680360510534e-04 -1.886942667649716077e+00 3.727349721603956141e+02 1.290784698689538570e-06 -4.042025391458622607e+00 1.342498396843838453e+09
8.846275311760282102e-04 -1.913008796375830212e+00 4.454100842969783685e+02 2.447950648425365885e-07 -5.361485775439462031e+00 1.342498396847250223e+09
8.846275311760282102e-04 -1.913008796375830212e+00 4.454100842969783685e+02 2.447950648425365885e-07 -5.361485775439462031e+00 1.342498396847250223e+09
9.242955432634689323e-04 -1.891654476457194756e+00 3.546413646566626312e+02 1.326584470517313435e-06 -4.091380422630992442e+00 1.342498396847821236e+09
8.875417312112006841e-04 -1.910583196281599339e+00 4.209343443878967150e+02 1.929555509316825463e-06 -3.712989791976085030e+00 1.342498396848406315e+09
8.836464908663850580e-04 -1.916874882530782198e+00 4.335354547611206613e+02 4.248427118762440151e-07 -4.786725903719050379e+00 1.342498396849643707e+09
8.836464908663850580e-04 -1.916874882530782198e+00 4.335354547611206613e+02 4.248427118762440151e-07 -4.786725903719050379e+00 1.342498396849643707e+09
8.771577390134704727e-04 -1.921743326324879098e+00 4.472261977984333612e+02 4.518492032426068924e-07 -4.760924176667112206e+00 1.342498396850531101e+09
9.100124685355511509e-04 -1.892150806040278077e+00 3.918295246017224258e+02 5.258953667213199595e-07 -4.771779960184014513e+00 1.342498396851106167e+09
9.100124685355511509e-04 -1.892150806040278077e+00 3.918295246017224258e+02 5.258953667213199595e-07 -4.771779960184014513e+00 1.342498396851106167e+09
8.700642804448599716e-04 -1.924164698374054350e+00 4.558605426087656838e+02 4.595775343262292782e-07 -4.763958440762051438e+00 1.342498396852219582e+09
9.140443766197610181e-04 -1.892926655788869983e+00 3.835728397707270574e+02 2.759593245772051230e-07 -5.411262803521692533e+00 1.342498396855424881e+09
8.632402413944748661e-04 -1.935123000041653274e+00 4.769375840392441432e+02 6.128960987943062275e-07 -4.764295929937548024e+00 1.342498396855929375e+09
8.658455141959382848e-04 -1.931548742940988994e+00 4.615527901753626452e+02 9.765181101080872654e-07 -4.527006604877024998e+00 1.342498396856289387e+09
8.740484130642505465e-04 -1.927672772212456476e+00 4.335330330650356245e+02 3.669381463126907623e-07 -5.077427779980386191e+00 1.342498396859360218e+09
8.872359141361141344e-04 -1.913744443016750729e+00 4.172884376632183603e+02 1.604071143935183038e-07 -5.532246193417390323e+00 1.342498396860389948e+09
8.872359141361141344e-04 -1.913744443016750729e+00 4.172884376632183603e+02 1.604071143935183038e-07 -5.532246193417390323e+00 1.342498396860389948e+09
8.855054208231281617e-04 -1.918681549422109001e+00 4.185908192350213426e+02 1.465312789739913603e-07 -5.828484043214937849e+00 1.342498396861118555e+09
8.891012911617004327e-04 -1.913363406863506810e+00 4.051144892389808092e+02 1.065409769974489136e-06 -4.245515360793169712e+00 1.342498396861665010e+09
9.156580709567569299e-04 -1.889124528693984395e+00 3.821790013823485879e+02 1.232816455732707801e-06 -4.068536227542900896e+00 1.342498396863148689e+09
8.782512680186008343e-04 -1.921967019119538156e+00 4.551789909729445185e+02 8.809138961777548561e-07 -4.435368678514267415e+00 1.342498396863229036e+09
9.080130832458489570e-04 -1.898382010667960529e+00 3.905536180184438990e+02 3.154761617575802254e-06 -3.268741159236768112e+00 1.342498396869471788e+09
9.080130832458489570e-04 -1.898382010667960529e+00 3.905536180184438990e+02 3.154761617575802254e-06 -3.268741159236768112e+00 1.342498396869471788e+09
8.774831231400695127e-04 -1.920701449435024966e+00 4.323763869575760168e+02 2.026079818358470931e-06 -3.793632709331772546e+00 1.342498396870388508e+09
8.767568789400688586e-04 -1.922217966578239068e+00 4.442117519113040203e+02 2.488073713954921850e-07 -5.210770844348186159e+00 1.342498396870391130e+09
8.726418012090121764e-04 -1.926309274687455275e+00 4.541819609761987522e+02 3.082791605076613161e-06 -3.474781843607397391e+00 1.342498396871289492e+09
9.081605593241492578e-04 -1.899408805451362481e+00 3.807606508308554112e+02 2.621046025087193110e-06 -3.644620963288340398e+00 1.342498396872142792e+09
8.809398199282499325e-04 -1.921254069874357207e+00 4.444630997980021903e+02 4.529817135747120570e-07 -5.038601150839996379e+00 1.342498396874252319e+09
8.997900741453483111e-04 -1.909147983558955319e+00 3.959586672174209525e+02 1.535709067237871980e-06 -3.881224976225906786e+00 1.342498396874405622e+09
9.077026519335707443e-04 -1.901272223852636056e+00 3.979978874623548677e+02 1.205748101621260180e-06 -4.121541715156347152e+00 1.342498396874540329e+09
9.096376460511631200e-04 -1.901161122453060237e+00 3.859468445454593279e+02 4.847070928234479402e-07 -4.747988657123229927e+00 1.342498396876591206e+09
9.057356690217887750e-04 -1.900973858971042763e+00 3.996383194355016713e+02 1.779900049621601655e-06 -3.728215548867915174e+00 1.342498396878291368e+09
9.101100405813519712e-04 -1.894507584930246402e+00 3.876335809960236247e+02 1.238734732732666018e-07 -5.823693689944945184e+00 1.342498396880490303e+09
9.003567082687221517e-04 -1.905009600053539476e+00 3.958029485048965626e+02 7.747431184993963277e-08 -6.187758614641706956e+00 1.342498396881215572e+09
9.003567082687221517e-04 -1.905009600053539476e+00 3.958029485048965626e+02 7.747431184993963277e-08 -6.187758614641706956e+00 1.342498396881215572e+09
8.842466720962213322e-04 -1.913089005151218380e+00 4.209741626328656139e+02 5.752244837436574413e-07 -4.789745055577463440e+00 1.342498396881636143e+09
8.901111893416872563e-04 -1.909986629573794836e+00 4.275723620508456406e+02 1.093304495337914771e-06 -4.450617441148819964e+00 1.342498396882626057e+09
9.371919083198354495e-04 -1.880353287226848691e+00 3.524838963913454108e+02 6.318031740722122112e-07 -4.676220341939834491e+00 1.342498396887143373e+09
9.217786690142248203e-04 -1.887190974110258157e+00 3.745236038444275550e+02 9.885642656537512706e-07 -4.177196494095172241e+00 1.342498396887773514e+09
9.217786690142248203e-04 -1.887190974110258157e+00 3.745236038444275550e+02 9.885642656537512706e-07 -4.177196494095172241e+00 1.342498396887773514e+09
8.612254532166686979e-04 -1.935214930872367844e+00 4.759755452866481278e+02 1.914854895444616057e-07 -5.609084265958108162e+00 1.342498396889037848e+09
8.823548318809080332e-04 -1.916928942844456696e+00 4.488607131213607886e+02 2.292754689932923943e-06 -3.742207763718399249e+00 1.342498396890787601e+09
8.865186388138975981e-04 -1.915043213666373312e+00 4.275391092817665708e+02 4.762336427979103829e-07 -4.698739843906927227e+00 1.342498396891235352e+09
8.865186388138975981e-04 -1.915043213666373312e+00 4.275391092817665708e+02 4.762336427979103829e-07 -4.698739843906927227e+00 1.342498396891235352e+09
8.870305652819488774e-04 -1.916525143771682815e+00 4.070221813401722670e+02 4.681030286237386926e-07 -4.856655477281361044e+00 1.342498396891404629e+09
8.722219457333894518e-04 -1.920933872890700833e+00 4.497568606138739824e+02 6.080909513521429857e-07 -4.741869269444279666e+00 1.342498396892984390e+09
8.722219457333894518e-04 -1.920933872890700833e+00 4.497568606138739824e+02 6.080909513521429857e-07 -4.741869269444279666e+00 1.342498396892984390e+09
8.598425570150702293e-04 -1.930754516988578695e+00 4.937197518241064813e+02 5.724466527448102043e-07 -4.861828047924385388e+00 1.342498396894110203e+09
8.598425570150702293e-04 -1.930754516988578695e+00 4.937197518241064813e+02 5.724466527448102043e-07 -4.861828047924385388e+00 1.342498396894110203e+09
9.077015486238098089e-04 -1.898072084984252950e+00 4.006377048118173434e+02 1.857673919069866837e-06 -3.734271592967820297e+00 1.342498396894466877e+09
9.077015486238098089e-04 -1.898072084984252950e+00 4.006377048118173434e+02 1.857673919069866837e-06 -3.734271592967820297e+00 1.342498396894466877e+09
9.118657676858692857e-04 -1.897407194989152890e+00 3.760673591339697737e+02 3.856072625397307082e-07 -4.874262384950522886e+00 1.342498396896613121e+09
9.373452641071080551e-04 -1.881300920388613740e+00 3.471995930898692109e+02 1.302648135457134833e-06 -4.053713258612719805e+00 1.342498396896850348e+09
9.373452641071080551e-04 -1.881300920388613740e+00 3.471995930898692109e+02 1.302648135457134833e-06 -4.053713258612719805e+00 1.342498396896850348e+09
8.938295889051642816e-04 -1.903300133714419307e+00 4.185408374315658762e+02 4.928302260183611588e-07 -4.794474116954237530e+00 1.342498396897187471e+09
9.136365818721904099e-04 -1.890586077087918593e+00 3.816671800737832427e+02 9.537440572657916484e-07 -4.398871213286371429e+00 1.342498396898046255e+09
9.136365818721904099e-04 -1.890586077087918593e+00 3.816671800737832427e+02 9.537440572657916484e-07 -4.398871213286371429e+00 1.342498396898046255e+09
8.776322262708609236e-04 -1.918791824124261858e+00 4.622128881584231408e+02 1.019236829671028605e-06 -4.406569951390572726e+00 1.342498396898893595e+09
8.953140203025812581e-04 -1.906445404616044392e+00 4.186481258020303926e+02 2.591963041704754702e-06 -3.726093854414929574e+00 1.342498396898918152e+09
8.953140203025812581e-04 -1.906445404616044392e+00 4.186481258020303926e+02 2.591963041704754702e-06 -3.726093854414929574e+00 1.342498396898918152e+09
9.277977147805331094e-04 -1.889051559075551889e+00 3.512340037915174662e+02 1.393437416473992715e-06 -4.056171296739444543e+00 1.342498396899065495e+09
9.277977147805331094e-04 -1.889051559075551889e+00 3.512340037915174662e+02 1.393437416473992715e-06 -4.056171296739444543e+00 1.342498396899065495e+09
8.898390405258312964e-04 -1.908287407623566079e+00 4.332731775650484565e+02 1.272027336023833085e-06 -4.018399091580444171e+00 1.342498396899607658e+09
8.648442451813101797e-04 -1.927975134466603846e+00 4.768083898524786264e+02 2.263294833544230734e-06 -3.688831435569150052e+00 1.342498396903553724e+09
9.174819442777362374e-04 -1.897186122735412539e+00 3.622528114303244138e+02 6.217906110709029616e-07 -4.761950644976087332e+00 1.342498396907921076e+09
8.894470246555672170e-04 -1.912003362284145247e+00 4.176146438834949777e+02 9.912330535706669280e-07 -4.120468805904426546e+00 1.342498396909636736e+09
8.894470246555672170e-04 -1.912003362284145247e+00 4.176146438834949777e+02 9.912330535706669280e-07 -4.120468805904426546e+00 1.342498396909636736e+09
9.073333184968175374e-04 -1.903812149291840505e+00 3.938578750762231380e+02 1.406465099105022057e-06 -4.065039625975608750e+00 1.342498396910997629e+09
8.657483625599220320e-04 -1.931537407501580539e+00 4.619047512958123320e+02 3.028738127672311368e-07 -5.370654897018644292e+00 1.342498396911558867e+09
8.657483625599220320e-04 -1.931537407501580539e+00 4.619047512958123320e+02 3.028738127672311368e-07 -5.370654897018644292e+00 1.342498396911558867e+09
9.049285521199529943e-04 -1.898441654397960088e+00 3.948847848131313754e+02 1.668568876562494004e-06 -4.068755957346423813e+00 1.342498396912477255e+09
9.049285521199529943e-04 -1.898441654397960088e+00 3.948847848131313754e+02 1.668568876562494004e-06 -4.068755957346423813e+00 1.342498396912477255e+09
9.098525713814531674e-04 -1.896682589080958437e+00 4.001170826600919099e+02 1.630388258110247966e-06 -3.933456216428171004e+00 1.342498396912822962e+09
9.152264862641711768e-04 -1.895485640622603718e+00 3.688602880160886457e+02 1.237292732139244058e-06 -4.032921408964757148e+00 1.342498396914694309e+09
8.958453504653731249e-04 -1.910611118465920466e+00 3.985309394280671427e+02 9.862730283928104463e-07 -4.527327952615680218e+00 1.342498396915194273e+09
8.706202897668905046e-04 -1.924831294201082343e+00 4.694334971043058999e+02 1.682746334250427296e-07 -5.632285004017925978e+00 1.342498396915825605e+09
8.647621841526636436e-04 -1.929872908619983729e+00 4.597592411662003542e+02 2.967275500888891106e-07 -5.327461588154545957e+00 1.342498396917420626e+09
9.075497897611764942e-04 -1.900111905271997248e+00 3.833876162760256534e+02 1.650983560230680768e-07 -5.761756700826207833e+00 1.342498396917486429e+09
9.138905315214806849e-04 -1.898823664576047454e+00 3.715696808045518651e+02 1.939779631311054964e-07 -5.525759079787074590e+00 1.342498396917532444e+09
9.414360566512154334e-04 -1.875421839162854543e+00 3.442198598441722197e+02 1.016753151605691387e-06 -4.370821308671169803e+00 1.342498396917750597e+09
8.971140230117957736e-04 -1.912295688710866859e+00 3.916637017877610560e+02 1.183086516472086351e-06 -4.292270770476518393e+00 1.342498396923284292e+09
8.624861714899989410e-04 -1.934374522743171010e+00 4.680604686327612853e+02 2.515224434535107966e-07 -5.467425810993184143e+00 1.342498396923339367e+09
9.113234831458591652e-04 -1.897830538760131969e+00 3.799019081037238266e+02 3.654400661786685101e-06 -3.371056353634287461e+00 1.342498396924325943e+09
9.141246194071763658e-04 -1.892564110809948241e+00 3.843846670035585475e+02 2.593472692271207952e-06 -3.693073470008941150e+00 1.342498396924938440e+09
8.607009553035723003e-04 -1.931393904539886464e+00 4.840231382863790941e+02 1.861845975109779358e-07 -5.510240777134641554e+00 1.342498396925339222e+09
8.607009553035723003e-04 -1.931393904539886464e+00 4.840231382863790941e+02 1.861845975109779358e-07 -5.510240777134641554e+00 1.342498396925339222e+09
8.688849077159870081e-04 -1.929725272001703740e+00 4.637233476187828956e+02 2.340561256618051506e-07 -5.384101641592284437e+00 1.342498396925955057e+09
8.688849077159870081e-04 -1.929725272001703740e+00 4.637233476187828956e+02 2.340561256618051506e-07 -5.384101641592284437e+00 1.342498396925955057e+09
9.008629605638080688e-04 -1.907226886473691430e+00 4.066162754525740297e+02 1.373218858571340078e-06 -4.031697393011296704e+00 1.342498396925964594e+09
9.008629605638080688e-04 -1.907226886473691430e+00 4.066162754525740297e+02 1.373218858571340078e-06 -4.031697393011296704e+00 1.342498396925964594e+09
9.095352896912612664e-04 -1.898610110258550865e+00 3.859958458281166713e+02 1.898983017256274543e-07 -5.685913924477238091e+00 1.342498396927952766e+09
8.921830675980696717e-04 -1.915034134456963688e+00 4.103015697704884133e+02 4.294746698410382731e-07 -5.126188786381652207e+00 1.342498396927964449e+09
9.322393652053636345e-04 -1.881283347471891743e+00 3.499087754527404854e+02 6.713355470164178492e-07 -4.611785846712520787e+00 1.342498396928346872e+09
8.925880065732048028e-04 -1.909067441861646675e+00 4.065328103014778662e+02 3.819803960614129496e-07 -4.880624830679180626e+00 1.342498396929711819e+09
9.132502799579960209e-04 -1.890879541653099682e+00 3.881962902596937965e+02 1.902474817776882756e-06 -3.854651112781990463e+00 1.342498396933129787e+09
9.035861118213069391e-04 -1.899738858358350768e+00 4.079529861374451798e+02 1.380607628901059141e-06 -4.224762610397329254e+00 1.342498396933844090e+09
9.035861118213069391e-04 -1.899738858358350768e+00 4.079529861374451798e+02 1.380607628901059141e-06 -4.224762610397329254e+00 1.342498396933844090e+09
8.872458513539562388e-04 -1.914859124587764860e+00 4.110004755169667874e+02 4.046043095309723674e-07 -5.143224948831767840e+00 1.342498396934103489e+09
8.681876619473418571e-04 -1.928225453341423590e+00 4.522567716991488282e+02 9.922751647214595939e-07 -4.235810808666103711e+00 1.342498396936708450e+09
8.681876619473418571e-04 -1.928225453341423590e+00 4.522567716991488282e+02 9.922751647214595939e-07 -4.235810808666103711e+00 1.342498396936708450e+09
8.709530891809813330e-04 -1.925631379698334200e+00 4.529868287197290329e+02 9.556757526247293763e-08 -6.081771242285802792e+00 1.342498396937517405e+09
9.094863240508637651e-04 -1.901828687162498088e+00 3.733080701397765324e+02 1.612316732234705555e-06 -3.950259291375000537e+00 1.342498396938168764e+09
8.638518231630463052e-04 -1.932111079748649818e+00 4.579355076513531912e+02 2.849111910458628180e-07 -5.303635631078234880e+00 1.342498396940047979e+09
8.638518231630463052e-04 -1.932111079748649818e+00 4.579355076513531912e+02 2.849111910458628180e-07 -5.303635631078234880e+00 1.342498396940047979e+09
8.685560990870375489e-04 -1.927193830236858307e+00 4.568504522286196448e+02 2.311500719958618930e-06 -3.734086692987708567e+00 1.342498396940943003e+09
8.685560990870375489e-04 -1.927193830236858307e+00 4.568504522286196448e+02 2.311500719958618930e-06 -3.734086692987708567e+00 1.342498396940943003e+09
8.787776525861188976e-04 -1.915772778822645961e+00 4.576225857450917829e+02 9.064599088622720914e-07 -4.333729788535183758e+00 1.342498396943441868e+09
8.915065639100769714e-04 -1.908960827881945654e+00 4.219114882343291697e+02 1.034847317724440850e-06 -4.095616836523450210e+00 1.342498396946576834e+09
8.839951514464354119e-04 -1.911145454599191940e+00 4.347435085552077112e+02 2.373621294174999949e-07 -5.428963281205192892e+00 1.342498396947960854e+09
8.691146344142239950e-04 -1.927726106800599082e+00 4.578266781791511448e+02 2.161556769310135151e-06 -3.646464319570716484e+00 1.342498396949151278e+09
9.287264086288596430e-04 -1.885809800986744111e+00 3.584021937433819289e+02 2.982083223136235532e-06 -3.399403244738312679e+00 1.342498396950977802e+09
9.287264086288596430e-04 -1.885809800986744111e+00 3.584021937433819289e+02 2.982083223136235532e-06 -3.399403244738312679e+00 1.342498396950977802e+09
8.607863815612726982e-04 -1.935469024053910525e+00 4.838607409622431987e+02 1.274521755014540241e-06 -4.274031009060405673e+00 1.342498396951092720e+09
8.788099682144173133e-04 -1.924515855615649418e+00 4.244993018205578892e+02 1.155099470977702123e-06 -4.217728904254573585e+00 1.342498396952795982e+09
8.755439586730502351e-04 -1.923059931081111174e+00 4.472212721354661653e+02 1.596577967772392090e-06 -4.158574436863615276e+00 1.342498396952910185e+09
9.164325864153788316e-04 -1.889805836614319112e+00 3.803541992450664111e+02 5.954742627157319082e-07 -4.836539423411404748e+00 1.342498396953095198e+09
8.535902644422357867e-04 -1.938195984610545208e+00 4.925846092066782376e+02 3.576697439135432647e-07 -5.183382339876311917e+00 1.342498396953974247e+09
8.824609544647456878e-04 -1.916350347511000196e+00 4.281430583607386779e+02 1.578712114285373895e-07 -5.551276260632749704e+00 1.342498396953979731e+09
8.824609544647456878e-04 -1.916350347511000196e+00 4.281430583607386779e+02 1.578712114285373895e-07 -5.551276260632749704e+00 1.342498396953979731e+09
9.253756332342360797e-04 -1.886338562719147571e+00 3.602407165727209986e+02 8.047564000978612419e-07 -4.343680293058175934e+00 1.342498396954239130e+09
8.585293893117702324e-04 -1.933157004059771644e+00 4.807922276166122515e+02 4.019860967283282028e-07 -5.105639732866078973e+00 1.342498396958436012e+09
9.127092124101195960e-04 -1.900365471857858424e+00 3.687510493467257788e+02 4.359884474883271530e-07 -4.938833835685871421e+00 1.342498396958589792e+09
9.127092124101195960e-04 -1.900365471857858424e+00 3.687510493467257788e+02 4.359884474883271530e-07 -4.938833835685871421e+00 1.342498396958589792e+09
8.836992666848861398e-04 -1.912499570437964147e+00 4.418141332874459977e+02 1.752841950950784634e-06 -3.777400936727377534e+00 1.342498396958944798e+09
9.060666586951635938e-04 -1.898035717801016986e+00 3.976210022025405806e+02 1.815454856185085547e-06 -3.684457924415647234e+00 1.342498396964635611e+09
8.633672238747953052e-04 -1.931699897487920481e+00 4.689754568645900008e+02 1.882016912326312331e-06 -3.798738956913957132e+00 1.342498396967177391e+09
8.982865060621876910e-04 -1.904451743680714904e+00 3.938656331934757304e+02 8.636075863801342718e-07 -4.489409892495542564e+00 1.342498396974460125e+09
8.970062259624484021e-04 -1.911962742204265542e+00 4.064559858273718760e+02 1.629839615954909232e-06 -3.949422690337582864e+00 1.342498396975867510e+09
8.883021345818189899e-04 -1.909799797090658613e+00 4.363548053066818966e+02 2.705364270345861503e-07 -5.224958183134791767e+00 1.342498396975893021e+09
8.954974931828530446e-04 -1.906166235608417470e+00 4.160114271129727967e+02 9.158944705943409365e-07 -4.194454908356232359e+00 1.342498396979074955e+09
8.816238560226811235e-04 -1.920026447769549005e+00 4.262933537255572674e+02 9.988691875178367546e-08 -6.019351507291633041e+00 1.342498396979121923e+09
8.816238560226811235e-04 -1.920026447769549005e+00 4.262933537255572674e+02 9.988691875178367546e-08 -6.019351507291633041e+00 1.342498396979121923e+09
8.652123391675566391e-04 -1.932883362585143594e+00 4.719270624936804097e+02 4.799571988632027181e-07 -4.852824192516785651e+00 1.342498396979876757e+09
8.652123391675566391e-04 -1.932883362585143594e+00 4.719270624936804097e+02 4.799571988632027181e-07 -4.852824192516785651e+00 1.342498396979876757e+09
8.763384761467613937e-04 -1.926826050123027434e+00 4.287137388693584512e+02 5.907337142351488621e-07 -4.769586790423878675e+00 1.342498396981308460e+09
8.763384761467613937e-04 -1.926826050123027434e+00 4.287137388693584512e+02 5.907337142351488621e-07 -4.769586790423878675e+00 1.342498396981308460e+09
8.574410900311609310e-04 -1.934727458443747938e+00 4.953866779908822764e+02 2.202436392419332139e-07 -5.522081339654864252e+00 1.342498396982699156e+09
8.834014247954707390e-04 -1.912663671536356080e+00 4.378478695720563678e+02 6.237341515328589613e-07 -4.519945768014247633e+00 1.342498396986589670e+09
8.808801380717166127e-04 -1.920354876323669968e+00 4.420352233358679541e+02 1.345097063684758886e-06 -3.992507240659200818e+00 1.342498396989286184e+09
8.999052341180399477e-04 -1.904361092701799318e+00 4.080223434547456804e+02 2.910362969730189351e-06 -3.350939334369125611e+00 1.342498396989610910e+09
8.647455230628153799e-04 -1.932355481727981550e+00 4.557478505657193182e+02 1.003774312335755197e-06 -4.325394728268786793e+00 1.342498396989772797e+09
8.971693937502597891e-04 -1.903669888496472673e+00 4.188831814288128044e+02 2.470718300111497712e-06 -3.536444230820241508e+00 1.342498396990187883e+09
8.610329607820569600e-04 -1.933542456426463385e+00 4.813633347866912686e+02 2.855695083335390199e-07 -5.182676539457488296e+00 1.342498396991467953e+09
8.610329607820569600e-04 -1.933542456426463385e+00 4.813633347866912686e+02 2.855695083335390199e-07 -5.182676539457488296e+00 1.342498396991467953e+09
9.036572712890844974e-04 -1.901802295484613659e+00 3.841932508108606044e+02 4.663111749811264370e-07 -4.979453112349722765e+00 1.342498396992400169e+09
9.058041598033156165e-04 -1.897471782702138565e+00 3.961873883464706978e+02 1.910612536396730454e-07 -5.423152892797414637e+00 1.342498396995414972e+09
8.586648342551687213e-04 -1.932249446823552042e+00 4.812832671841355250e+02 3.725922492159819488e-07 -5.103370620933652901e+00 1.342498396997117758e+09
8.586648342551687213e-04 -1.932249446823552042e+00 4.812832671841355250e+02 3.725922492159819488e-07 -5.103370620933652901e+00 1.342498396997117758e+09
9.047355380909575780e-04 -1.901867347817510989e+00 4.029887592895535136e+02 3.610278373380746584e-07 -5.006108742416847335e+00 1.342498396997478008e+09
8.581257484212106946e-04 -1.933787028244078332e+00 4.835469111569883580e+02 7.390269211373217974e-07 -4.482120774499021465e+00 1.342498396998496532e+09
8.581257484212106946e-04 -1.933787028244078332e+00 4.835469111569883580e+02 7.390269211373217974e-07 -4.482120774499021465e+00 1.342498396998496532e+09
9.114439097424589450e-04 -1.896166318990653910e+00 3.731424070062157625e+02 3.487078028734340357e-07 -5.116561506410210569e+00 1.342498396999718666e+09
9.260912615748962719e-04 -1.884330573789283925e+00 3.650037991681251697e+02 3.849164867789146568e-07 -4.924929636135708222e+00 1.342498397001115561e+09
9.260912615748962719e-04 -1.884330573789283925e+00 3.650037991681251697e+02 3.849164867789146568e-07 -4.924929636135708222e+00 1.342498397001115561e+09
8.924437037625375380e-04 -1.910890474807861006e+00 4.096590859696684106e+02 1.614856139367640376e-07 -5.804192166870256742e+00 1.342498397003772259e+09
8.934825067993886101e-04 -1.907871157004136231e+00 4.176937065974320831e+02 4.715121635178117575e-07 -4.693726650969012759e+00 1.342498397004301786e+09
8.934825067993886101e-04 -1.907871157004136231e+00 4.176937065974320831e+02 4.715121635178117575e-07 -4.693726650969012759e+00 1.342498397004301786e+09
8.865180279154975893e-04 -1.916787212181958910e+00 4.306616458396946427e+02 2.647548832321734942e-07 -5.266918825783657887e+00 1.342498397005395651e+09
8.865180279154975893e-04 -1.916787212181958910e+00 4.306616458396946427e+02 2.647548832321734942e-07 -5.266918825783657887e+00 1.342498397005395651e+09
8.994044550189363987e-04 -1.905559823656338025e+00 4.090859461705089188e+02 1.503226425587630692e-06 -4.209028217670857330e+00 1.342498397006006718e+09
9.327174750802851239e-04 -1.883924544864722161e+00 3.537961306929375951e+02 2.731282079766029394e-06 -3.595592339381417979e+00 1.342498397008369684e+09
9.327174750802851239e-04 -1.883924544864722161e+00 3.537961306929375951e+02 2.731282079766029394e-06 -3.595592339381417979e+00 1.342498397008369684e+09
9.145844299996196483e-04 -1.898653051455055252e+00 3.748099478532471380e+02 3.022311223321982639e-06 -3.507044849611806292e+00 1.342498397009977818e+09
8.770169712404921047e-04 -1.918111198614713908e+00 4.632729472185067152e+02 4.559375102770173728e-07 -4.947661529691394833e+00 1.342498397011619806e+09
8.770169712404921047e-04 -1.918111198614713908e+00 4.632729472185067152e+02 4.559375102770173728e-07 -4.947661529691394833e+00 1.342498397011619806e+09
9.035579211545251982e-04 -1.904583420295139717e+00 3.992710072991245625e+02 4.907513836912191831e-07 -5.038486291354020707e+00 1.342498397012966871e+09
8.583055114468580256e-04 -1.938067019075379704e+00 4.799166766170962433e+02 5.782189433968468234e-07 -4.725181146358146123e+00 1.342498397015517473e+09
8.902309408823723316e-04 -1.909470897185309601e+00 4.150816812315520110e+02 1.229658982433830239e-07 -5.921325480717487544e+00 1.342498397016094446e+09
8.902309408823723316e-04 -1.909470897185309601e+00 4.150816812315520110e+02 1.229658982433830239e-07 -5.921325480717487544e+00 1.342498397016094446e+09
9.259860392448195868e-04 -1.891012738160293694e+00 3.580176576388280409e+02 1.121823900048663189e-06 -4.180347304210789261e+00 1.342498397018771172e+09
9.259860392448195868e-04 -1.891012738160293694e+00 3.580176576388280409e+02 1.121823900048663189e-06 -4.180347304210789261e+00 1.342498397018771172e+09
8.863848250098806591e-04 -1.911473843388387106e+00 4.344481899435415357e+02 1.043354283423677523e-06 -4.463485117661779356e+00 1.342498397020181417e+09
8.625248084855964342e-04 -1.932136178621816525e+00 4.848770629576947044e+02 2.706049953884645713e-07 -5.270973939272256104e+00 1.342498397020203829e+09
8.873976399182835657e-04 -1.912011583185583063e+00 4.143640696329518391e+02 1.133270725503676726e-06 -4.312424522237009228e+00 1.342498397022150993e+09
9.062439607700253225e-04 -1.898991021558762649e+00 3.867234548952304181e+02 2.569404223064536378e-06 -3.509434355553629814e+00 1.342498397022795439e+09
9.225500525773610390e-04 -1.892466801830638756e+00 3.561032158814969648e+02 1.069642987294053917e-06 -4.294663882316511305e+00 1.342498397024478674e+09
9.225500525773610390e-04 -1.892466801830638756e+00 3.561032158814969648e+02 1.069642987294053917e-06 -4.294663882316511305e+00 1.342498397024478674e+09
8.662050992166830379e-04 -1.932659979684165030e+00 4.588646050813173929e+02 6.500286249526709684e-07 -4.595242572471294196e+00 1.342498397027374506e+09
8.780951733735725120e-04 -1.923955818453368272e+00 4.402741868947632042e+02 1.567012478527809883e-06 -4.158722897765187554e+00 1.342498397029030085e+09
8.924269923531721665e-04 -1.907974160892483173e+00 4.115537017596395231e+02 1.074375908955423196e-07 -5.880617068614811593e+00 1.342498397029706717e+09
8.707183360933950112e-04 -1.928227807836553120e+00 4.427131990320399950e+02 7.690494040787045309e-07 -4.463135796260941035e+00 1.342498397032273293e+09
8.881934342711856473e-04 -1.910878622737091082e+00 4.119663887758501346e+02 5.706092567255839868e-07 -4.772332679836901903e+00 1.342498397032285929e+09
9.126782987023077803e-04 -1.894537581116197966e+00 3.797120829931803314e+02 3.632780205405776167e-07 -5.224057187041910133e+00 1.342498397034325361e+09
8.661948644608658812e-04 -1.929063293372981214e+00 4.796215490914531188e+02 1.753853380459983707e-06 -3.878152163025461618e+00 1.342498397035340548e+09
8.704989066342750737e-04 -1.928359512927840802e+00 4.458146466567741300e+02 1.463729607705672038e-06 -3.985858069210268084e+00 1.342498397037721872e+09
8.969638067488848975e-04 -1.906665205461064883e+00 3.954365110539500847e+02 1.745451659801052861e-07 -5.623970255899127579e+00 1.342498397038288832e+09
8.969638067488848975e-04 -1.906665205461064883e+00 3.954365110539500847e+02 1.745451659801052861e-07 -5.623970255899127579e+00 1.342498397038288832e+09
8.930806936018178882e-04 -1.911265986995749344e+00 4.253031118570173703e+02 9.976339010463731842e-07 -4.305343661010896383e+00 1.342498397044359207e+09
8.930806936018178882e-04 -1.911265986995749344e+00 4.253031118570173703e+02 9.976339010463731842e-07 -4.305343661010896383e+00 1.342498397044359207e+09
8.695567548841448384e-04 -1.926136139098916900e+00 4.609958646108685798e+02 2.819266531769995388e-06 -3.518672791229721319e+00 1.342498397044732571e+09
8.695567548841448384e-04 -1.926136139098916900e+00 4.609958646108685798e+02 2.819266531769995388e-06 -3.518672791229721319e+00 1.342498397044732571e+09
8.902847016880728560e-04 -1.915378379406514231e+00 4.083526485860339221e+02 1.575231281432685704e-07 -5.664073495127500912e+00 1.342498397045279741e+09
8.902847016880728560e-04 -1.915378379406514231e+00 4.083526485860339221e+02 1.575231281432685704e-07 -5.664073495127500912e+00 1.342498397045279741e+09
9.177612664079577709e-04 -1.889353115157852869e+00 3.766888027361791842e+02 6.613340155353496639e-07 -4.480958915589005720e+00 1.342498397045978785e+09
8.570562171931389367e-04 -1.932305027216726145e+00 4.970919237245654472e+02 4.938323209645448660e-07 -4.867656101264131507e+00 1.342498397047072649e+09
8.736607478946437381e-04 -1.921120779521678035e+00 4.648255684654221795e+02 1.742163301352880690e-06 -4.010901316600719468e+00 1.342498397048084259e+09
9.018270189681359917e-04 -1.907636073178394120e+00 3.848699124623254875e+02 2.632414675008037247e-07 -5.326085215576171095e+00 1.342498397048379660e+09
9.027709861847244910e-04 -1.905976638000573153e+00 3.964470904584424602e+02 2.691992271957495294e-07 -5.215715370525938255e+00 1.342498397048424006e+09
9.027709861847244910e-04 -1.905976638000573153e+00 3.964470904584424602e+02 2.691992271957495294e-07 -5.215715370525938255e+00 1.342498397048424006e+09
8.881300159090996628e-04 -1.912700679316350350e+00 4.190093265733239036e+02 2.138369107900861831e-07 -5.301388551981995434e+00 1.342498397048512220e+09
9.087495101527951532e-04 -1.893691705394431102e+00 3.894822341595458965e+02 1.013364732879780594e-06 -4.294887426311747802e+00 1.342498397048801422e+09
8.788389155189401227e-04 -1.916330101441890310e+00 4.571067324272156611e+02 1.633228031629828314e-06 -4.015249122480406108e+00 1.342498397052182674e+09
9.238871718811042652e-04 -1.887978829032634254e+00 3.670540428810656408e+02 3.513515733942952346e-06 -3.375123793090832436e+00 1.342498397055971622e+09
9.238871718811042652e-04 -1.887978829032634254e+00 3.670540428810656408e+02 3.513515733942952346e-06 -3.375123793090832436e+00 1.342498397055971622e+09
8.711124249651877724e-04 -1.925507411467950680e+00 4.431174757617754949e+02 2.946805193960578549e-07 -5.193212992419145912e+00 1.342498397056297064e+09
8.847005508405590213e-04 -1.914996260738826006e+00 4.189624978742008921e+02 4.955802814439936092e-07 -4.994155519227872375e+00 1.342498397056344748e+09
8.847005508405590213e-04 -1.914996260738826006e+00 4.189624978742008921e+02 4.955802814439936092e-07 -4.994155519227872375e+00 1.342498397056344748e+09
8.766956500530631710e-04 -1.921581857684907302e+00 4.606040868096462759e+02 5.706906113342237722e-07 -4.846442909191460480e+00 1.342498397057116270e+09
8.766956500530631710e-04 -1.921581857684907302e+00 4.606040868096462759e+02 5.706906113342237722e-07 -4.846442909191460480e+00 1.342498397057116270e+09
8.817536062560058863e-04 -1.917456429616867686e+00 4.305033401593182703e+02 1.594725058378068927e-06 -3.802729649768213704e+00 1.342498397057706118e+09
9.055691926740603572e-04 -1.900229103571027478e+00 4.002722876395626486e+02 1.204292569504365445e-06 -4.018593039994312832e+00 1.342498397058335304e+09
9.055691926740603572e-04 -1.900229103571027478e+00 4.002722876395626486e+02 1.204292569504365445e-06 -4.018593039994312832e+00 1.342498397058335304e+09
8.780656759806938685e-04 -1.917083815763822141e+00 4.550687609595090066e+02 2.341596345304707748e-06 -3.657230014235134163e+00 1.342498397058666229e+09
8.635702928871491317e-04 -1.930767399699820031e+00 4.832082721198680133e+02 2.390619046455125290e-07 -5.480972355131035201e+00 1.342498397061600924e+09
8.635702928871491317e-04 -1.930767399699820031e+00 4.832082721198680133e+02 2.390619046455125290e-07 -5.480972355131035201e+00 1.342498397061600924e+09
8.825514458145408562e-04 -1.915298911859297792e+00 4.334903394702491823e+02 4.043906581480868641e-07 -5.175623705722912860e+00 1.342498397062215567e+09
8.825514458145408562e-04 -1.915298911859297792e+00 4.334903394702491823e+02 4.043906581480868641e-07 -5.175623705722912860e+00 1.342498397062215567e+09
9.040798217895264178e-04 -1.907144179053177124e+00 3.830328451026082348e+02 1.136087013990313886e-06 -4.360709492283751487e+00 1.342498397062927723e+09
9.040798217895264178e-04 -1.907144179053177124e+00 3.830328451026082348e+02 1.136087013990313886e-06 -4.360709492283751487e+00 1.342498397062927723e+09
8.746719604284626049e-04 -1.920645028235624885e+00 4.597510996497263136e+02 3.167419112476772642e-07 -5.067570377310726570e+00 1.342498397065226555e+09
8.746719604284626049e-04 -1.920645028235624885e+00 4.597510996497263136e+02 3.167419112476772642e-07 -5.067570377310726570e+00 1.342498397065226555e+09
8.798674509380994668e-04 -1.917652345371598788e+00 4.574044734122834370e+02 8.829084103895513645e-07 -4.449123049642476957e+00 1.342498397065778732e+09
8.798674509380994668e-04 -1.917652345371598788e+00 4.574044734122834370e+02 8.829084103895513645e-07 -4.449123049642476957e+00 1.342498397065778732e+09
8.930770394376807021e-04 -1.909336070805203844e+00 4.229728840668602743e+02 9.045786978332523590e-07 -4.253604594862321342e+00 1.342498397067605734e+09
8.930770394376807021e-04 -1.909336070805203844e+00 4.229728840668602743e+02 9.045786978332523590e-07 -4.253604594862321342e+00 1.342498397067605734e+09
9.096929060636692191e-04 -1.897218555189903233e+00 3.812070841686336280e+02 1.775823046195153599e-06 -4.010822832126583748e+00 1.342498397071646929e+09
8.871388682819319116e-04 -1.909833008071699867e+00 4.424873122692476386e+02 6.051656979256304249e-07 -4.751027189948816343e+00 1.342498397073139906e+09
8.573999286972744729e-04 -1.934177918330507007e+00 4.904948371012529833e+02 6.160035073620751652e-07 -4.611317327238390718e+00 1.342498397077362776e+09
8.892174144775440636e-04 -1.914851737199121384e+00 4.046735296154748198e+02 1.260960045980328075e-06 -4.229891821783862582e+00 1.342498397077969313e+09
9.303939142523289614e-04 -1.886368924878172093e+00 3.595334470841572170e+02 2.171929845469781480e-06 -3.753283061975231760e+00 1.342498397078579426e+09
8.522209673833845483e-04 -1.940298041170595678e+00 4.965732197266152070e+02 7.881757009385457251e-07 -4.599218017598486696e+00 1.342498397080055714e+09
8.887589743993300120e-04 -1.911379646108361641e+00 4.307858117794033319e+02 1.349388668204260858e-06 -4.279085968763192582e+00 1.342498397082049608e+09
8.548861282349417764e-04 -1.940320078066070097e+00 4.929072522028021694e+02 5.673460328675233762e-07 -4.838113395411619777e+00 1.342498397082574606e+09
8.548861282349417764e-04 -1.940320078066070097e+00 4.929072522028021694e+02 5.673460328675233762e-07 -4.838113395411619777e+00 1.342498397082574606e+09
8.636040596703546159e-04 -1.933499010746660973e+00 4.647772960947717706e+02 2.277770639316285156e-07 -5.403507544198123291e+00 1.342498397085916996e+09
8.982997401456101379e-04 -1.907474519652388567e+00 4.003256410298934611e+02 1.048562689992728412e-06 -4.099331544152373219e+00 1.342498397090693951e+09
9.190107625570163906e-04 -1.895992834333787957e+00 3.710617215242257316e+02 1.570782078770094041e-06 -4.110538058101380621e+00 1.342498397092185497e+09
9.190107625570163906e-04 -1.895992834333787957e+00 3.710617215242257316e+02 1.570782078770094041e-06 -4.110538058101380621e+00 1.342498397092185497e+09
8.933052658669128491e-04 -1.909100519254463002e+00 4.147612377030159223e+02 9.843618155234256517e-08 -6.091796355532290264e+00 1.342498397094268560e+09
8.903435599415465088e-04 -1.909073779078867217e+00 4.247329492916033473e+02 1.001964848093198787e-07 -6.020288975444048063e+00 1.342498397094490767e+09
9.036323842874456396e-04 -1.905257306362841074e+00 3.835166713955892988e+02 1.353684857012665127e-06 -4.228089691214757195e+00 1.342498397095794678e+09
8.870538836111530566e-04 -1.912037054670699288e+00 4.215661806322151506e+02 9.095875979328788356e-07 -4.564563576240175280e+00 1.342498397096742868e+09
8.870538836111530566e-04 -1.912037054670699288e+00 4.215661806322151506e+02 9.095875979328788356e-07 -4.564563576240175280e+00 1.342498397096742868e+09
8.778998772165548395e-04 -1.919106961071298079e+00 4.317221259098345740e+02 8.165463819281944173e-07 -4.566799393236758320e+00 1.342498397098573923e+09
8.778998772165548395e-04 -1.919106961071298079e+00 4.317221259098345740e+02 8.165463819281944173e-07 -4.566799393236758320e+00 1.342498397098573923e+09
8.649224296508406865e-04 -1.927774532424839649e+00 4.873853127709022601e+02 1.299351125234918714e-06 -4.160727346365120205e+00 1.342498397098803997e+09
8.727196727708111650e-04 -1.927798438867007302e+00 4.588601491031876094e+02 6.965179784031014080e-07 -4.719431278562208121e+00 1.342498397099947691e+09
8.978935326226894194e-04 -1.902202336818025863e+00 4.039833593603005397e+02 8.174619571656725183e-07 -4.360976520525071898e+00 1.342498397103235245e+09
8.704242492649445816e-04 -1.923399148896605126e+00 4.599568125134605339e+02 1.250035103268045759e-07 -5.824333645402621329e+00 1.342498397103465557e+09
8.762558829101676572e-04 -1.923780610938922164e+00 4.365562750087697736e+02 1.543362672137401108e-07 -5.800121456180730384e+00 1.342498397104177952e+09
8.720178915215614319e-04 -1.920821956449636048e+00 4.674293414978445185e+02 6.966053356395702336e-07 -4.713209298564152050e+00 1.342498397104992390e+09
8.720178915215614319e-04 -1.920821956449636048e+00 4.674293414978445185e+02 6.966053356395702336e-07 -4.713209298564152050e+00 1.342498397104992390e+09
8.786257980447532848e-04 -1.921016627702004209e+00 4.418053918252666676e+02 2.530656272234772076e-06 -3.750176591395447012e+00 1.342498397105314255e+09
8.786257980447532848e-04 -1.921016627702004209e+00 4.418053918252666676e+02 2.530656272234772076e-06 -3.750176591395447012e+00 1.342498397105314255e+09
8.565094903880134895e-04 -1.938913413835836819e+00 4.923262965715303494e+02 6.318848620554567019e-07 -4.775228572109800673e+00 1.342498397106492043e+09
8.916904795093898725e-04 -1.908211070243334806e+00 4.186429024437236990e+02 2.016233130013023682e-07 -5.635616478514814176e+00 1.342498397108105659e+09
8.916904795093898725e-04 -1.908211070243334806e+00 4.186429024437236990e+02 2.016233130013023682e-07 -5.635616478514814176e+00 1.342498397108105659e+09
9.137994926562227529e-04 -1.898145856493842043e+00 3.773912170659329490e+02 8.817973674788291537e-07 -4.283284562350006652e+00 1.342498397111005306e+09
9.176731092389681663e-04 -1.895213153071472867e+00 3.625566622032061446e+02 6.554849940043709027e-07 -4.599667336741214640e+00 1.342498397111165285e+09
9.176731092389681663e-04 -1.895213153071472867e+00 3.625566622032061446e+02 6.554849940043709027e-07 -4.599667336741214640e+00 1.342498397111165285e+09
8.967678322843487815e-04 -1.904490005052903445e+00 4.072756416013101557e+02 2.051907966722453130e-06 -3.886958606643989178e+00 1.342498397113170624e+09
8.915435166040832542e-04 -1.915059163521730889e+00 4.097805307618739903e+02 1.944102333527011608e-07 -5.622915758056468150e+00 1.342498397113242388e+09
8.915435166040832542e-04 -1.915059163521730889e+00 4.097805307618739903e+02 1.944102333527011608e-07 -5.622915758056468150e+00 1.342498397113242388e+09
8.929393591155876733e-04 -1.910271203059889178e+00 4.107152751081762858e+02 1.071106107639136837e-07 -5.863477202038703595e+00 1.342498397113924980e+09
8.594028401430201447e-04 -1.935202811912085874e+00 4.717973113694594645e+02 6.811228914077281556e-07 -4.719631244864896935e+00 1.342498397116783619e+09
8.709298485346106270e-04 -1.923272488745064734e+00 4.630181770115898416e+02 9.258067065276013300e-07 -4.242440133623825105e+00 1.342498397116784811e+09
8.709298485346106270e-04 -1.923272488745064734e+00 4.630181770115898416e+02 9.258067065276013300e-07 -4.242440133623825105e+00 1.342498397116784811e+09
8.926277465037249417e-04 -1.913635184640021247e+00 4.197339812437479054e+02 2.019542407566494881e-06 -3.821654134623988952e+00 1.342498397117010832e+09
9.248374486494567465e-04 -1.890912288096073812e+00 3.619979886217920466e+02 2.352958048600833961e-06 -3.762159612303745071e+00 1.342498397117318153e+09
8.702817271042045206e-04 -1.923780231770497950e+00 4.565895087641757186e+02 3.578950200399986785e-07 -4.969210361818927169e+00 1.342498397121586561e+09
9.211274735714877889e-04 -1.889390606595888755e+00 3.806733640180802354e+02 8.895596753218184869e-07 -4.462028958275611856e+00 1.342498397122555256e+09
8.923240841269368655e-04 -1.914877857133486128e+00 4.181039763679583530e+02 1.245377332400103750e-06 -4.256057230203622588e+00 1.342498397122574806e+09
9.179425061490219338e-04 -1.892159418655115388e+00 3.770722573666670314e+02 1.704281843830796517e-07 -5.571476813913211146e+00 1.342498397125597715e+09
9.179425061490219338e-04 -1.892159418655115388e+00 3.770722573666670314e+02 1.704281843830796517e-07 -5.571476813913211146e+00 1.342498397125597715e+09
8.894594442873924624e-04 -1.909329723219401753e+00 4.135173481486368132e+02 1.279629386217189704e-06 -4.112066528202687365e+00 1.342498397127039194e+09
8.894594442873924624e-04 -1.909329723219401753e+00 4.135173481486368132e+02 1.279629386217189704e-06 -4.112066528202687365e+00 1.342498397127039194e+09
8.927336973475025975e-04 -1.910893822683456866e+00 4.080396731945299393e+02 1.640185971310336376e-06 -3.777263536561354940e+00 1.342498397129260063e+09
8.927336973475025975e-04 -1.910893822683456866e+00 4.080396731945299393e+02 1.640185971310336376e-06 -3.777263536561354940e+00 1.342498397129260063e+09
8.970581847892371372e-04 -1.910675824323881500e+00 4.060336885645792790e+02 2.110048776824899214e-07 -5.487992220728256321e+00 1.342498397129784346e+09
9.175732177417668693e-04 -1.897964258025976347e+00 3.674845295461278170e+02 1.609291465567638547e-06 -4.028816684143270876e+00 1.342498397129897594e+09
9.091999450589407930e-04 -1.903371192184142080e+00 3.763122328978576547e+02 1.727138285073066139e-06 -3.908691918195162707e+00 1.342498397131091595e+09
8.647558426033807692e-04 -1.927386966561375647e+00 4.787660653861722722e+02 1.739493170114576485e-06 -3.954887026932921046e+00 1.342498397134246111e+09
9.165994716509225657e-04 -1.891395835137267500e+00 3.688424071288678761e+02 9.256775439578306228e-07 -4.384720104768376814e+00 1.342498397135218859e+09
8.778663726285714864e-04 -1.921525417883782838e+00 4.430761647688779590e+02 7.946816637978828714e-07 -4.337698502671793577e+00 1.342498397136334181e+09
8.778663726285714864e-04 -1.921525417883782838e+00 4.430761647688779590e+02 7.946816637978828714e-07 -4.337698502671793577e+00 1.342498397136334181e+09
9.118472700961243122e-04 -1.893421259777658738e+00 3.902026358562405335e+02 1.880224734257663880e-07 -5.514227950742760065e+00 1.342498397136551142e+09
8.564496791201895668e-04 -1.933889531858927535e+00 4.941826035365535290e+02 2.777888974786510893e-07 -5.309930096284378287e+00 1.342498397138652563e+09
8.571650064634837298e-04 -1.933221112660115981e+00 4.953513403780401063e+02 1.100782556059169005e-06 -4.249085594375549668e+00 1.342498397138969421e+09
8.803554077337925670e-04 -1.917939295299167402e+00 4.543876280047890646e+02 4.677415035634719699e-07 -4.929177772528112733e+00 1.342498397142220259e+09
9.022457128432414446e-04 -1.903258696589105625e+00 3.971048640172439264e+02 3.039662405801334552e-07 -5.382595506501734128e+00 1.342498397142614841e+09
9.073534859711148695e-04 -1.905002447157726486e+00 3.876359968714514252e+02 9.062686987624512713e-07 -4.398365748678738640e+00 1.342498397143263102e+09
8.674823061422239166e-04 -1.924983327382283838e+00 4.820844070387322517e+02 4.328676006661113818e-07 -4.990054270326568897e+00 1.342498397146218777e+09
8.674823061422239166e-04 -1.924983327382283838e+00 4.820844070387322517e+02 4.328676006661113818e-07 -4.990054270326568897e+00 1.342498397146218777e+09
8.792434851342136558e-04 -1.922756327585454450e+00 4.482290515196635852e+02 9.698299635575634289e-07 -4.408127712425006450e+00 1.342498397149403095e+09
8.568616216461673709e-04 -1.934413626261356045e+00 5.018188754553404465e+02 3.545995268009816055e-07 -5.111949314748335027e+00 1.342498397152988434e+09
9.130574951557165553e-04 -1.895556855928650419e+00 3.850778809600979571e+02 3.421369469455176100e-06 -3.263108775751954127e+00 1.342498397153481245e+09
8.966103872345964352e-04 -1.909439164939899403e+00 4.165108859670324932e+02 5.557089977990483776e-07 -4.762222681285888548e+00 1.342498397154857159e+09
8.899793816419289405e-04 -1.908397743666532032e+00 4.241668725548490215e+02 6.434899041547090552e-07 -4.484281709031362695e+00 1.342498397154955864e+09
8.947179171807126234e-04 -1.911378594101921236e+00 4.196440983611094566e+02 6.683284517136308653e-07 -4.701744587005479481e+00 1.342498397155214310e+09
8.881511949364930556e-04 -1.912990670394620452e+00 4.168345288571819083e+02 7.800038086652206001e-07 -4.327419354079310665e+00 1.342498397155307531e+09
8.881511949364930556e-04 -1.912990670394620452e+00 4.168345288571819083e+02 7.800038086652206001e-07 -4.327419354079310665e+00 1.342498397155307531e+09
8.911632992767031837e-04 -1.916483667238153998e+00 4.033197102054737684e+02 1.062521124925730105e-06 -4.273756159184994630e+00 1.342498397158066988e+09
8.911632992767031837e-04 -1.916483667238153998e+00 4.033197102054737684e+02 1.062521124925730105e-06 -4.273756159184994630e+00 1.342498397158066988e+09
9.175549474134640912e-04 -1.891793133484179101e+00 3.848833647963655835e+02 5.757524431267253653e-07 -4.834506770419958244e+00 1.342498397159217358e+09
8.811887781060515762e-04 -1.915889198107304292e+00 4.478487791063871555e+02 4.609335577073566032e-07 -5.057834227091111856e+00 1.342498397161355257e+09
8.811887781060515762e-04 -1.915889198107304292e+00 4.478487791063871555e+02 4.609335577073566032e-07 -5.057834227091111856e+00 1.342498397161355257e+09
8.975660152178657368e-04 -1.904345642497822899e+00 4.041292828440602420e+02 1.607422622733154197e-06 -3.792309532789554183e+00 1.342498397164800882e+09
8.927664988729659646e-04 -1.911674258883313549e+00 4.132283086570672026e+02 1.027069596813834035e-07 -5.979842652961766092e+00 1.342498397165079355e+09
9.114017811557682683e-04 -1.895700957464313330e+00 3.743973593189800226e+02 3.660390558885617292e-07 -5.065925121430367994e+00 1.342498397167595387e+09
9.207863757900263107e-04 -1.895089843548381170e+00 3.629485915850272022e+02 1.799621405247670877e-06 -3.884659620893492260e+00 1.342498397171290636e+09
9.207863757900263107e-04 -1.895089843548381170e+00 3.629485915850272022e+02 1.799621405247670877e-06 -3.884659620893492260e+00 1.342498397171290636e+09
8.795326267917026684e-04 -1.914982662110657818e+00 4.456673361368948463e+02 5.468739959030729769e-07 -4.658943259067728881e+00 1.342498397172305584e+09
8.680436863797542316e-04 -1.923811587824195257e+00 4.704762991077934657e+02 7.607105082648378512e-07 -4.449177993404108911e+00 1.342498397172433615e+09
8.859426147752873411e-04 -1.919764147462157844e+00 4.138562485379686109e+02 9.355824344488222238e-07 -4.524993481629730141e+00 1.342498397174648046e+09
9.158401572035144338e-04 -1.894540916416362908e+00 3.827395474276406730e+02 2.441689328261429301e-07 -5.430960230317223747e+00 1.342498397174972057e+09
9.139964279324329062e-04 -1.891690597956279918e+00 3.879159650820328125e+02 2.454226688957038364e-06 -3.556216709519632424e+00 1.342498397175932884e+09
9.139964279324329062e-04 -1.891690597956279918e+00 3.879159650820328125e+02 2.454226688957038364e-06 -3.556216709519632424e+00 1.342498397175932884e+09
8.978662661272554177e-04 -1.904253692157729105e+00 4.005213974663921022e+02 2.551116924949647179e-07 -5.202330801279976491e+00 1.342498397176021814e+09
8.978662661272554177e-04 -1.904253692157729105e+00 4.005213974663921022e+02 2.551116924949647179e-07 -5.202330801279976491e+00 1.342498397176021814e+09
8.761276920092389564e-04 -1.917379216561263977e+00 4.507913245700021321e+02 8.022519498392247888e-07 -4.586301862894124781e+00 1.342498397178203821e+09
8.761276920092389564e-04 -1.917379216561263977e+00 4.507913245700021321e+02 8.022519498392247888e-07 -4.586301862894124781e+00 1.342498397178203821e+09
8.669034929421679100e-04 -1.924671661407550527e+00 4.726798965270110102e+02 2.594350583063985700e-07 -5.290636129333032400e+00 1.342498397178809643e+09
8.669034929421679100e-04 -1.924671661407550527e+00 4.726798965270110102e+02 2.594350583063985700e-07 -5.290636129333032400e+00 1.342498397178809643e+09
8.784083521404017006e-04 -1.918287492884429124e+00 4.440617410441316224e+02 3.338868144848593582e-07 -5.305022664129584342e+00 1.342498397179358721e+09
8.784083521404017006e-04 -1.918287492884429124e+00 4.440617410441316224e+02 3.338868144848593582e-07 -5.305022664129584342e+00 1.342498397179358721e+09
9.335047138912926914e-04 -1.881367867321962484e+00 3.563129777199080763e+02 1.144719208079775927e-06 -4.125824430889716510e+00 1.342498397180104256e+09
8.574868675817279989e-04 -1.934858233424166851e+00 5.014053592038353031e+02 7.770874791668569600e-07 -4.523196951424794499e+00 1.342498397180820942e+09
9.021569884092606748e-04 -1.905698523544748557e+00 3.895665384938511693e+02 1.172703365794265802e-06 -4.384661818511789377e+00 1.342498397182728767e+09
9.021569884092606748e-04 -1.905698523544748557e+00 3.895665384938511693e+02 1.172703365794265802e-06 -4.384661818511789377e+00 1.342498397182728767e+09
9.323128946107755695e-04 -1.881376560190781255e+00 3.533396183547166629e+02 3.220152241993002951e-07 -5.173203614807025730e+00 1.342498397183543921e+09
9.323128946107755695e-04 -1.881376560190781255e+00 3.533396183547166629e+02 3.220152241993002951e-07 -5.173203614807025730e+00 1.342498397183543921e+09
9.088058588002519925e-04 -1.900547484957542332e+00 3.854069288103306690e+02 2.439776966400627743e-07 -5.513348319315787727e+00 1.342498397183814526e+09
9.088058588002519925e-04 -1.900547484957542332e+00 3.854069288103306690e+02 2.439776966400627743e-07 -5.513348319315787727e+00 1.342498397183814526e+09
8.804910429075807647e-04 -1.922023314446391407e+00 4.365090344124381545e+02 3.699627789976797464e-07 -4.996616554207143679e+00 1.342498397183868647e+09
8.804910429075807647e-04 -1.922023314446391407e+00 4.365090344124381545e+02 3.699627789976797464e-07 -4.996616554207143679e+00 1.342498397183868647e+09
8.640031062716199911e-04 -1.929997249377499724e+00 4.610149348662082502e+02 3.985699125325975883e-07 -5.022242266831259627e+00 1.342498397187651157e+09
9.357844461245979273e-04 -1.882069545535674404e+00 3.459877070067478826e+02 1.646943677021785899e-06 -3.995494916216682846e+00 1.342498397189348459e+09
9.357844461245979273e-04 -1.882069545535674404e+00 3.459877070067478826e+02 1.646943677021785899e-06 -3.995494916216682846e+00 1.342498397189348459e+09
8.707659044052322526e-04 -1.926259478527017066e+00 4.568837428786093824e+02 2.213109261661600986e-06 -3.838540569569904193e+00 1.342498397190915346e+09
8.707659044052322526e-04 -1.926259478527017066e+00 4.568837428786093824e+02 2.213109261661600986e-06 -3.838540569569904193e+00 1.342498397190915346e+09
8.925774447167837732e-04 -1.912248903957409318e+00 4.040844962088513057e+02 3.310593459499694807e-07 -5.306101631763774584e+00 1.342498397192075491e+09
8.925774447167837732e-04 -1.912248903957409318e+00 4.040844962088513057e+02 3.310593459499694807e-07 -5.306101631763774584e+00 1.342498397192075491e+09
8.738055192861664353e-04 -1.928369787078608066e+00 4.429558713672550425e+02 4.327963678038765798e-07 -4.953511525643349955e+00 1.342498397192187548e+09
9.034206344934164051e-04 -1.906396181892263453e+00 3.964913051611555943e+02 8.736990667177755029e-07 -4.355510692347496438e+00 1.342498397192762375e+09
9.034206344934164051e-04 -1.906396181892263453e+00 3.964913051611555943e+02 8.736990667177755029e-07 -4.355510692347496438e+00 1.342498397192762375e+09
9.232857500139031231e-04 -1.889026226283520682e+00 3.715906607999892799e+02 6.471539503214576358e-07 -4.794886982955487653e+00 1.342498397194561243e+09
8.998222305555426395e-04 -1.901481456715705898e+00 4.056256785577187429e+02 2.435927794132358712e-06 -3.528397663287026198e+00 1.342498397194770813e+09
8.998222305555426395e-04 -1.901481456715705898e+00 4.056256785577187429e+02 2.435927794132358712e-06 -3.528397663287026198e+00 1.342498397194770813e+09
8.893735622073265347e-04 -1.912092755574106295e+00 4.213869318210596475e+02 2.060981503151300171e-06 -3.596552774311126299e+00 1.342498397197388172e+09
9.348135484642784926e-04 -1.880823964745467425e+00 3.500589977482733843e+02 1.942303139459410844e-06 -3.870162918549975295e+00 1.342498397197925806e+09
9.348135484642784926e-04 -1.880823964745467425e+00 3.500589977482733843e+02 1.942303139459410844e-06 -3.870162918549975295e+00 1.342498397197925806e+09
8.565071817276631409e-04 -1.936170748702113364e+00 4.837755783830676251e+02 5.608596744644904645e-07 -4.726827894077739067e+00 1.342498397201629877e+09
8.565071817276631409e-04 -1.936170748702113364e+00 4.837755783830676251e+02 5.608596744644904645e-07 -4.726827894077739067e+00 1.342498397201629877e+09
8.646178030332252358e-04 -1.930477891131577195e+00 4.769512363795739134e+02 1.697781048558753161e-07 -5.652716091141590127e+00 1.342498397205836058e+09
8.982489856714743820e-04 -1.907925602894482431e+00 4.003268719232582384e+02 3.332790862808866679e-06 -3.474832829112571631e+00 1.342498397206534624e+09
8.691938054584660758e-04 -1.922939846592208513e+00 4.656415912699745263e+02 1.159682420262385035e-06 -4.164724658940541779e+00 1.342498397207328081e+09
8.990233985154224726e-04 -1.908215838825511934e+00 4.121908845542786253e+02 7.380808208010840161e-07 -4.604682033367264893e+00 1.342498397210651159e+09
8.907459565165936569e-04 -1.910755925611935080e+00 4.204691645515628124e+02 6.436161451449843871e-07 -4.859315196096479994e+00 1.342498397211464167e+09
8.885653491112377629e-04 -1.912652909229734188e+00 4.247561765216133267e+02 1.209656909332270595e-07 -5.786987199635714063e+00 1.342498397212213755e+09
8.740406309985376820e-04 -1.919408420082757694e+00 4.526043172044968514e+02 5.715077176505046710e-07 -4.851004320044324913e+00 1.342498397212494135e+09
8.740406309985376820e-04 -1.919408420082757694e+00 4.526043172044968514e+02 5.715077176505046710e-07 -4.851004320044324913e+00 1.342498397212494135e+09
9.047059795133107450e-04 -1.899593602111710133e+00 3.938448945185041907e+02 3.039790148291034530e-07 -5.041854321675082851e+00 1.342498397213064432e+09
9.040581128722113705e-04 -1.900781414109000700e+00 4.000943578942940917e+02 2.055061542514504821e-06 -3.930902023278111557e+00 1.342498397214715481e+09
9.027596505629229169e-04 -1.903498452939646146e+00 3.996783677114530633e+02 6.118364174212035219e-07 -4.520390159257983598e+00 1.342498397215942383e+09
8.584586487151484252e-04 -1.936288739432945771e+00 4.839143228126394547e+02 1.360833922060099505e-06 -4.075753086018650606e+00 1.342498397216167450e+09
8.860082993963562092e-04 -1.917909466685595365e+00 4.208695894345449346e+02 1.453948385852680630e-07 -5.721368549896608258e+00 1.342498397217180729e+09
8.574357313079201785e-04 -1.934483405241568477e+00 4.979825361538598827e+02 2.884019950836796015e-07 -5.260786543756910127e+00 1.342498397217513561e+09
9.188491523429980368e-04 -1.893187716440883683e+00 3.669564526082213547e+02 1.208546380856070210e-06 -4.337821614813627491e+00 1.342498397225953102e+09
9.188491523429980368e-04 -1.893187716440883683e+00 3.669564526082213547e+02 1.208546380856070210e-06 -4.337821614813627491e+00 1.342498397225953102e+09
9.161964873316954866e-04 -1.895914137268534194e+00 3.708577238866989774e+02 6.707551319362333239e-07 -4.488212991411271169e+00 1.342498397226405859e+09
9.161964873316954866e-04 -1.895914137268534194e+00 3.708577238866989774e+02 6.707551319362333239e-07 -4.488212991411271169e+00 1.342498397226405859e+09
8.841396764533099653e-04 -1.917512572532662718e+00 4.237683028796963640e+02 3.996848249950500146e-07 -5.196769208949092445e+00 1.342498397227721214e+09
8.841396764533099653e-04 -1.917512572532662718e+00 4.237683028796963640e+02 3.996848249950500146e-07 -5.196769208949092445e+00 1.342498397227721214e+09
8.791547651437078793e-04 -1.917444285372928103e+00 4.469886552070112771e+02 5.528166364367137989e-07 -4.943804572513786688e+00 1.342498397229437828e+09
8.826284737918190307e-04 -1.918116866735063208e+00 4.329233836174108205e+02 4.657971474477187749e-07 -4.735972151326443225e+00 1.342498397231516361e+09
8.826284737918190307e-04 -1.918116866735063208e+00 4.329233836174108205e+02 4.657971474477187749e-07 -4.735972151326443225e+00 1.342498397231516361e+09
8.968321422606176417e-04 -1.902592137268687145e+00 4.090685309354889228e+02 2.557049913023468152e-07 -5.385979558060475014e+00 1.342498397233622074e+09
8.552689986711441107e-04 -1.936217284723479315e+00 4.993238199601124165e+02 5.298831779644142050e-07 -4.759568079468588842e+00 1.342498397235103846e+09
8.552689986711441107e-04 -1.936217284723479315e+00 4.993238199601124165e+02 5.298831779644142050e-07 -4.759568079468588842e+00 1.342498397235103846e+09
8.908318397384300735e-04 -1.907966513407551190e+00 4.208700568605761987e+02 2.210204134338955050e-06 -3.599516329091732914e+00 1.342498397235979319e+09
9.239035821898418073e-04 -1.891642843667696194e+00 3.674182998920347814e+02 2.005812226033916907e-06 -3.847269951996898030e+00 1.342498397236128569e+09
8.977827762661514744e-04 -1.903986014667960136e+00 4.161110042033591299e+02 2.348971585058039573e-06 -3.773745813374592473e+00 1.342498397236508369e+09
9.154252667575411709e-04 -1.896656453523080543e+00 3.782873403704628572e+02 7.797674617232665593e-07 -4.398504168013759319e+00 1.342498397236944914e+09
8.784694636525569892e-04 -1.919853610227145513e+00 4.450841089838227163e+02 7.171130371915686233e-07 -4.775819971399408281e+00 1.342498397237624168e+09
9.194286305090516734e-04 -1.891877768267591797e+00 3.723660744405357832e+02 3.722598867780776721e-06 -3.294201443886564995e+00 1.342498397238378525e+09
8.586916707473678809e-04 -1.933157243789305202e+00 4.844367226575304244e+02 1.327154793540141255e-06 -4.124692935612955580e+00 1.342498397239898920e+09
8.586916707473678809e-04 -1.933157243789305202e+00 4.844367226575304244e+02 1.327154793540141255e-06 -4.124692935612955580e+00 1.342498397239898920e+09
8.679239723873721649e-04 -1.931230319906473980e+00 4.685892704202140635e+02 7.723842464903377732e-07 -4.582546108833237319e+00 1.342498397240170956e+09
9.233786840475245511e-04 -1.892118304544258667e+00 3.638786258215110934e+02 9.112634075808368486e-07 -4.318189770469546218e+00 1.342498397241053343e+09
9.091435999118509421e-04 -1.897791357742373064e+00 3.997053728211171233e+02 8.220472647592944759e-07 -4.572442960852637128e+00 1.342498397241261721e+09
8.876294690177124937e-04 -1.916947673778434336e+00 4.202285503147001577e+02 2.315096479261113269e-06 -3.606842859489265862e+00 1.342498397241815090e+09
8.835560536529349276e-04 -1.915976620171909062e+00 4.307403183981494976e+02 2.485522207003903495e-06 -3.489244944193091058e+00 1.342498397242538691e+09
8.831110018420665472e-04 -1.916158355831250937e+00 4.404201722963710495e+02 3.702165157801081329e-07 -4.938586739192125208e+00 1.342498397242844582e+09
8.831110018420665472e-04 -1.916158355831250937e+00 4.404201722963710495e+02 3.702165157801081329e-07 -4.938586739192125208e+00 1.342498397242844582e+09
8.719654886258465347e-04 -1.921643717942328244e+00 4.541969715089397823e+02 2.757066155057995585e-07 -5.199131778559034522e+00 1.342498397242981672e+09
8.889022624343896574e-04 -1.909055881574162949e+00 4.316660188974685752e+02 2.551551031241084406e-06 -3.557046141643439796e+00 1.342498397244470119e+09
8.688681848171601278e-04 -1.926005346295172060e+00 4.549323343324064695e+02 1.515583874691064476e-07 -5.729518707836037450e+00 1.342498397245036840e+09
8.900513916516812401e-04 -1.909420653495544240e+00 4.137734337064368333e+02 1.943845061743120014e-06 -3.799575603872991536e+00 1.342498397247459412e+09
9.093616786889483806e-04 -1.901791896171752594e+00 3.892815468910129084e+02 2.500697300693781809e-06 -3.689147762082824578e+00 1.342498397248242617e+09
9.106090443282866421e-04 -1.900109703512641746e+00 3.844547211693780469e+02 7.216964794325805167e-07 -4.757863753485802150e+00 1.342498397248253345e+09
9.322523314818677298e-04 -1.881321784041922518e+00 3.535420664659428667e+02 3.597106276184569053e-07 -5.057756302773734447e+00 1.342498397250011921e+09
8.618687191085510355e-04 -1.933127734047505708e+00 4.760635747946571428e+02 1.940736043809397042e-06 -3.879045639397968870e+00 1.342498397251562357e+09
8.618687191085510355e-04 -1.933127734047505708e+00 4.760635747946571428e+02 1.940736043809397042e-06 -3.879045639397968870e+00 1.342498397251562357e+09
8.793128553762222591e-04 -1.917480608549505749e+00 4.410327430446167796e+02 4.853739950250259565e-07 -5.037135132337597909e+00 1.342498397255635738e+09
8.773158828803857010e-04 -1.920747962901460992e+00 4.459845963684925891e+02 1.617893704028563202e-07 -5.566151299428767629e+00 1.342498397255750656e+09
8.773158828803857010e-04 -1.920747962901460992e+00 4.459845963684925891e+02 1.617893704028563202e-07 -5.566151299428767629e+00 1.342498397255750656e+09
8.821241076274951047e-04 -1.916125842023975068e+00 4.251295715024918991e+02 1.696328867663437990e-07 -5.590138972277848950e+00 1.342498397255801201e+09
8.893106575460839151e-04 -1.911488405321104311e+00 4.142729535857866949e+02 2.446040283527630877e-06 -3.559778918265541492e+00 1.342498397255847692e+09
8.588478818437311063e-04 -1.936558384727203874e+00 4.882688227054421759e+02 4.836360566166688327e-07 -4.873062052318310577e+00 1.342498397256353140e+09
8.588478818437311063e-04 -1.936558384727203874e+00 4.882688227054421759e+02 4.836360566166688327e-07 -4.873062052318310577e+00 1.342498397256353140e+09
8.773469309937130967e-04 -1.920292586383274269e+00 4.336470028185444789e+02 1.571552420009531348e-07 -5.717840868347128236e+00 1.342498397256694078e+09
8.773469309937130967e-04 -1.920292586383274269e+00 4.336470028185444789e+02 1.571552420009531348e-07 -5.717840868347128236e+00 1.342498397256694078e+09
8.562948176898706317e-04 -1.934270474848681420e+00 4.938914553359987849e+02 3.496373899913437547e-07 -5.092603107982919042e+00 1.342498397258001566e+09
9.002074621056920184e-04 -1.905545886588413396e+00 3.885779897064510919e+02 4.282232437956134057e-07 -5.057810145543108149e+00 1.342498397259731054e+09
9.065671823792597478e-04 -1.897360077960029034e+00 3.871128827254001976e+02 1.517186310107888655e-06 -4.048000502531395206e+00 1.342498397261766672e+09
9.065671823792597478e-04 -1.897360077960029034e+00 3.871128827254001976e+02 1.517186310107888655e-06 -4.048000502531395206e+00 1.342498397261766672e+09
9.099428650005197353e-04 -1.901271927608729762e+00 3.874202277087878201e+02 2.966684450416872489e-07 -5.260818886782677950e+00 1.342498397262718201e+09
9.099428650005197353e-04 -1.901271927608729762e+00 3.874202277087878201e+02 2.966684450416872489e-07 -5.260818886782677950e+00 1.342498397262718201e+09
8.925676220502959651e-04 -1.908100607336545185e+00 4.275250679783086980e+02 2.218548135589439463e-07 -5.455279765968700900e+00 1.342498397263833284e+09
8.911513754296890386e-04 -1.908229561340389679e+00 4.276768444503062483e+02 3.375940890078565521e-07 -5.014869783545464088e+00 1.342498397264249086e+09
8.911513754296890386e-04 -1.908229561340389679e+00 4.276768444503062483e+02 3.375940890078565521e-07 -5.014869783545464088e+00 1.342498397264249086e+09
8.847051661398451072e-04 -1.914234845238787397e+00 4.295010401117024799e+02 3.416627267925439983e-07 -5.294901667143699697e+00 1.342498397265109062e+09
8.847051661398451072e-04 -1.914234845238787397e+00 4.295010401117024799e+02 3.416627267925439983e-07 -5.294901667143699697e+00 1.342498397265109062e+09
8.586928534585790748e-04 -1.933955931864372868e+00 4.904526803389011320e+02 1.106719730134694676e-06 -4.378188286586918387e+00 1.342498397265751362e+09
8.586928534585790748e-04 -1.933955931864372868e+00 4.904526803389011320e+02 1.106719730134694676e-06 -4.378188286586918387e+00 1.342498397265751362e+09
8.802050062459085278e-04 -1.917302778065680835e+00 4.329500381738769761e+02 1.572270227189500606e-06 -3.863452831962508327e+00 1.342498397266785622e+09
8.577723256422644825e-04 -1.933368134954712048e+00 4.865743823744733731e+02 9.772117317849257712e-07 -4.348100825438007355e+00 1.342498397267719269e+09
9.185021699002681936e-04 -1.889385092421150159e+00 3.705099536835667777e+02 6.941803174522492322e-07 -4.491102671831212589e+00 1.342498397268715143e+09
8.940521883891260199e-04 -1.906894459157954413e+00 4.269705952448736070e+02 5.574544227570805949e-07 -4.872579264329351290e+00 1.342498397269560337e+09
8.940521883891260199e-04 -1.906894459157954413e+00 4.269705952448736070e+02 5.574544227570805949e-07 -4.872579264329351290e+00 1.342498397269560337e+09
9.105361988522534412e-04 -1.898672537139968641e+00 3.787573171238851728e+02 3.153730197988687916e-06 -3.424242936967800688e+00 1.342498397270033598e+09
9.105361988522534412e-04 -1.898672537139968641e+00 3.787573171238851728e+02 3.153730197988687916e-06 -3.424242936967800688e+00 1.342498397270033598e+09
9.017273300405065969e-04 -1.906675265921021323e+00 3.986131891132529859e+02 1.408992873023664048e-06 -4.253636725906241089e+00 1.342498397270074129e+09
8.794619831109280620e-04 -1.917512068002486414e+00 4.511200573778552325e+02 1.734228936372566744e-07 -5.653321375493649548e+00 1.342498397270554781e+09
8.794619831109280620e-04 -1.917512068002486414e+00 4.511200573778552325e+02 1.734228936372566744e-07 -5.653321375493649548e+00 1.342498397270554781e+09
9.061813542175563719e-04 -1.903749865374402939e+00 3.983690074746651817e+02 1.202754390416095707e-06 -4.244528119273393685e+00 1.342498397272289038e+09
9.075585300574013324e-04 -1.898471031753784732e+00 4.011775546129179020e+02 3.381833664355421270e-07 -5.173116535549882933e+00 1.342498397275850773e+09
8.810778230299567623e-04 -1.916799792269803460e+00 4.303005330943836952e+02 1.748389070604928183e-07 -5.702048034363656370e+00 1.342498397276166201e+09
8.709799201973796902e-04 -1.925699940773000884e+00 4.671808074816813132e+02 2.137828082853954904e-07 -5.505088558448090197e+00 1.342498397277081966e+09
8.664851448278381536e-04 -1.927387908044266407e+00 4.579391173643211914e+02 3.936638670223259268e-07 -5.089570083166199410e+00 1.342498397277194262e+09
8.664851448278381536e-04 -1.927387908044266407e+00 4.579391173643211914e+02 3.936638670223259268e-07 -5.089570083166199410e+00 1.342498397277194262e+09
8.553783093027516595e-04 -1.939857631202536625e+00 4.890341268685550631e+02 5.830999725740710523e-07 -4.795462143992537563e+00 1.342498397277426243e+09
8.900106116191321831e-04 -1.909428989230143481e+00 4.189158036478464737e+02 1.611714231952803824e-07 -5.762460982802926068e+00 1.342498397277915001e+09
8.809391532472890616e-04 -1.917708905597171221e+00 4.418867835116930110e+02 2.956360231622991914e-06 -3.404622833608767607e+00 1.342498397278002501e+09
8.809391532472890616e-04 -1.917708905597171221e+00 4.418867835116930110e+02 2.956360231622991914e-06 -3.404622833608767607e+00 1.342498397278002501e+09
8.842407647061833629e-04 -1.916780665113538618e+00 4.370050760978606377e+02 3.114926565188573292e-07 -5.102635387901758079e+00 1.342498397278318405e+09
9.243956089094046164e-04 -1.888218598835767148e+00 3.655012285407202057e+02 3.269374361225367141e-06 -3.362361393727379522e+00 1.342498397279028893e+09
8.727891589143546656e-04 -1.919437508567521711e+00 4.632306223484315524e+02 7.917914005256643269e-07 -4.463921698474907274e+00 1.342498397279538870e+09
9.186071923681089595e-04 -1.891680485903768139e+00 3.771013864707614403e+02 3.083295763288171796e-06 -3.533093344575494399e+00 1.342498397279731989e+09
8.670176345834290817e-04 -1.930984531674511118e+00 4.736371396027311675e+02 1.118906646780821614e-06 -4.314191615017262116e+00 1.342498397280405521e+09
8.872765435190841168e-04 -1.913510852469629153e+00 4.329908575443646441e+02 5.538996196260155793e-07 -4.637482645239963119e+00 1.342498397280620098e+09
8.872765435190841168e-04 -1.913510852469629153e+00 4.329908575443646441e+02 5.538996196260155793e-07 -4.637482645239963119e+00 1.342498397280620098e+09
8.755256735490322397e-04 -1.925459153114172484e+00 4.402344370568513909e+02 4.723219246082387701e-07 -4.794641103802621096e+00 1.342498397282312870e+09
8.755256735490322397e-04 -1.925459153114172484e+00 4.402344370568513909e+02 4.723219246082387701e-07 -4.794641103802621096e+00 1.342498397282312870e+09
8.839209417252147979e-04 -1.922221380495123810e+00 4.218887357228491055e+02 7.514973634405905295e-07 -4.610804155069818222e+00 1.342498397282844543e+09
8.839209417252147979e-04 -1.922221380495123810e+00 4.218887357228491055e+02 7.514973634405905295e-07 -4.610804155069818222e+00 1.342498397282844543e+09
8.943255080053575745e-04 -1.907682749525250410e+00 4.098453752004314197e+02 1.298622401265645830e-06 -4.303296107990960628e+00 1.342498397283652306e+09
8.943255080053575745e-04 -1.907682749525250410e+00 4.098453752004314197e+02 1.298622401265645830e-06 -4.303296107990960628e+00 1.342498397283652306e+09
8.866560192041327395e-04 -1.914867897149134413e+00 4.312144432056614392e+02 2.130823300375271407e-07 -5.384742281318086299e+00 1.342498397285085201e+09
8.628732557539288894e-04 -1.934374677535954046e+00 4.646975420452288859e+02 6.584857541000232806e-07 -4.774789515671574058e+00 1.342498397286008120e+09
9.296387091444138643e-04 -1.883327698281118678e+00 3.568363042600420272e+02 4.490350211384959688e-07 -4.832045008068948100e+00 1.342498397289924383e+09
8.599133221848613822e-04 -1.932415649765695687e+00 4.848377055799454070e+02 4.444695119207317308e-07 -4.852204804166339258e+00 1.342498397294442654e+09
8.669725110736411231e-04 -1.926652482539444433e+00 4.802569107962665385e+02 6.702302622537121337e-07 -4.751924247046647842e+00 1.342498397296094656e+09
9.207717159394891411e-04 -1.891991177705171889e+00 3.627917165451704591e+02 2.999482941067242336e-07 -5.307411294468248997e+00 1.342498397299680948e+09
8.832883883662926610e-04 -1.917266338041558882e+00 4.208304775324043021e+02 2.332163142711308685e-07 -5.307480831442124014e+00 1.342498397300423384e+09
8.962291923603441391e-04 -1.910526818136589311e+00 4.032110533625098014e+02 9.010610219036715997e-07 -4.605905716729506771e+00 1.342498397301845551e+09
9.035613704014883348e-04 -1.898384466366061840e+00 3.942841565436344240e+02 1.028936382416427713e-06 -4.221870541232641827e+00 1.342498397302103996e+09
8.904880296672949228e-04 -1.916022736925520054e+00 4.032887468483694988e+02 4.998575793464479466e-07 -4.820575427449512951e+00 1.342498397302129030e+09
8.652184817506292525e-04 -1.931471373768511413e+00 4.608391883681380250e+02 3.285100381871583358e-07 -5.287095854290145169e+00 1.342498397303202391e+09
9.033896967783346761e-04 -1.904369241064893581e+00 3.896538683317397158e+02 9.392917867748973010e-07 -4.563228139604357025e+00 1.342498397303692818e+09
8.684334060600804690e-04 -1.925297296370364286e+00 4.569112789107293224e+02 6.690890014870489148e-07 -4.727790401502985240e+00 1.342498397303851366e+09
8.684334060600804690e-04 -1.925297296370364286e+00 4.569112789107293224e+02 6.690890014870489148e-07 -4.727790401502985240e+00 1.342498397303851366e+09
8.601670311561927578e-04 -1.936657590457696365e+00 4.722488511331334848e+02 6.440917082986253774e-07 -4.661187100589594401e+00 1.342498397304055929e+09
9.365711545271294567e-04 -1.880549442400148763e+00 3.444863920588260839e+02 7.346367459526462203e-07 -4.561574045636635155e+00 1.342498397304616928e+09
8.925171482328741156e-04 -1.912888593834220163e+00 4.078684522333032874e+02 1.674154167600307993e-07 -5.573979182351355810e+00 1.342498397304849863e+09
8.925171482328741156e-04 -1.912888593834220163e+00 4.078684522333032874e+02 1.674154167600307993e-07 -5.573979182351355810e+00 1.342498397304849863e+09
8.862660536568828934e-04 -1.914657077126193485e+00 4.213020746170989241e+02 6.858526908651735154e-07 -4.802415018949085734e+00 1.342498397304884672e+09
8.979078230161948891e-04 -1.903057701318608963e+00 4.070894643023692083e+02 2.471364254826552850e-06 -3.670357883970017276e+00 1.342498397306903124e+09
8.979078230161948891e-04 -1.903057701318608963e+00 4.070894643023692083e+02 2.471364254826552850e-06 -3.670357883970017276e+00 1.342498397306903124e+09
8.853830971007823876e-04 -1.909654463200033625e+00 4.374245950986222624e+02 6.215927359190833873e-07 -4.717739923342578301e+00 1.342498397310313702e+09
8.730227790225179255e-04 -1.923038606822837782e+00 4.580235329580567623e+02 1.299213707154809087e-06 -3.992098052431528821e+00 1.342498397312317610e+09
8.641210008169454993e-04 -1.933075163119470918e+00 4.657718307249875238e+02 3.893399771480157652e-07 -5.173055172919338141e+00 1.342498397312362432e+09
9.097544365346576286e-04 -1.893834632689666231e+00 3.982223972614928584e+02 1.303645039781069099e-06 -4.173494512409561707e+00 1.342498397312695980e+09
9.097544365346576286e-04 -1.893834632689666231e+00 3.982223972614928584e+02 1.303645039781069099e-06 -4.173494512409561707e+00 1.342498397312695980e+09
8.842376158986385787e-04 -1.914317246684555052e+00 4.275787960328589179e+02 2.121059323379435868e-06 -3.630343901152802033e+00 1.342498397313444138e+09
8.916760805602801186e-04 -1.911428395264893609e+00 4.164481956405817300e+02 1.037887243215834784e-07 -6.038248461015440327e+00 1.342498397313849449e+09
8.651574167518607476e-04 -1.928069929951904626e+00 4.642712592086245991e+02 1.158599291203775250e-06 -4.216931306752444542e+00 1.342498397317651033e+09
8.651574167518607476e-04 -1.928069929951904626e+00 4.642712592086245991e+02 1.158599291203775250e-06 -4.216931306752444542e+00 1.342498397317651033e+09
8.838535521491610106e-04 -1.918820855079973242e+00 4.266617065485476132e+02 1.487204247642690884e-06 -4.210817624017321847e+00 1.342498397318756819e+09
8.593999714938018028e-04 -1.934676791377425875e+00 4.872354842211697701e+02 1.023306149452205456e-06 -4.257803572841332596e+00 1.342498397320231438e+09
8.593999714938018028e-04 -1.934676791377425875e+00 4.872354842211697701e+02 1.023306149452205456e-06 -4.257803572841332596e+00 1.342498397320231438e+09
8.947667125211140144e-04 -1.904314484530701179e+00 4.094381089581854098e+02 4.744722789307884562e-07 -4.951854908561113433e+00 1.342498397320669174e+09
9.299004076443403728e-04 -1.882268118507468113e+00 3.592185482544992965e+02 2.122792706709416604e-06 -3.713801828676757566e+00 1.342498397320883274e+09
8.873184307980069721e-04 -1.918415281419425744e+00 4.095329625725499341e+02 7.487292892689116493e-07 -4.513133639780328110e+00 1.342498397320930004e+09
8.873184307980069721e-04 -1.918415281419425744e+00 4.095329625725499341e+02 7.487292892689116493e-07 -4.513133639780328110e+00 1.342498397320930004e+09
9.075356513394970985e-04 -1.902641998439989379e+00 3.817740555763765542e+02 1.646957355469673164e-07 -5.669329458165803359e+00 1.342498397321276188e+09
9.075356513394970985e-04 -1.902641998439989379e+00 3.817740555763765542e+02 1.646957355469673164e-07 -5.669329458165803359e+00 1.342498397321276188e+09
8.916614600978795815e-04 -1.913336605442783167e+00 4.071197243175224685e+02 2.283499832958817214e-06 -3.613135029083588634e+00 1.342498397323258162e+09
9.039510717279131656e-04 -1.903982524670477350e+00 3.822034115883071195e+02 6.730785996748680373e-07 -4.735374068750227039e+00 1.342498397328525543e+09
8.661137374680147761e-04 -1.927058865015915279e+00 4.642445203397350610e+02 2.572535245246656301e-07 -5.276351225899221120e+00 1.342498397328968763e+09
9.032801179983342057e-04 -1.898986812873324492e+00 3.950033825149458835e+02 3.728423341350087849e-07 -5.146303247850224416e+00 1.342498397329969883e+09
9.032801179983342057e-04 -1.898986812873324492e+00 3.950033825149458835e+02 3.728423341350087849e-07 -5.146303247850224416e+00 1.342498397329969883e+09
9.094956552578140107e-04 -1.897292777764438609e+00 3.822349799109167066e+02 1.665379498439482177e-07 -5.713788082963276338e+00 1.342498397332269669e+09
9.197802194695979105e-04 -1.889532594516506236e+00 3.734712636385456790e+02 3.187505354334158436e-06 -3.422692982401477124e+00 1.342498397334449530e+09
9.197802194695979105e-04 -1.889532594516506236e+00 3.734712636385456790e+02 3.187505354334158436e-06 -3.422692982401477124e+00 1.342498397334449530e+09
9.193964874096905750e-04 -1.890099070503590717e+00 3.818480099648982673e+02 6.795340811747061351e-07 -4.709136088657285057e+00 1.342498397334991932e+09
9.104309769021123140e-04 -1.900338208352614799e+00 3.761418813785643920e+02 1.985075583919729447e-06 -3.907074456786146399e+00 1.342498397335685492e+09
9.100539792372625350e-04 -1.901895912446949888e+00 3.754812125451900897e+02 1.036127928903611574e-06 -4.228009645687852647e+00 1.342498397336194515e+09
9.111257080717814804e-04 -1.897353858801494209e+00 3.849097943470600853e+02 1.449889406129419419e-07 -5.811726576826684365e+00 1.342498397337020874e+09
9.111257080717814804e-04 -1.897353858801494209e+00 3.849097943470600853e+02 1.449889406129419419e-07 -5.811726576826684365e+00 1.342498397337020874e+09
8.618494643027897186e-04 -1.928726877201415668e+00 4.873740789641369133e+02 4.738355439927568580e-07 -4.866176987749776472e+00 1.342498397338520527e+09
8.916536848426027213e-04 -1.913555666518372389e+00 4.122906156171384850e+02 1.328393709786926861e-07 -5.853334052937846366e+00 1.342498397340502262e+09
8.916536848426027213e-04 -1.913555666518372389e+00 4.122906156171384850e+02 1.328393709786926861e-07 -5.853334052937846366e+00 1.342498397340502262e+09
9.247753992759097201e-04 -1.890855311741954647e+00 3.616385851160759444e+02 1.406339508208180734e-06 -3.989408462995049476e+00 1.342498397341793537e+09
8.612451260401886603e-04 -1.934605061187195663e+00 4.759116082847638154e+02 2.161291415222191827e-07 -5.510140436285107413e+00 1.342498397344307184e+09
8.966681144826042652e-04 -1.905592314311919777e+00 4.188736673475600583e+02 5.556289025834621753e-07 -4.657394676708591419e+00 1.342498397345021963e+09
8.860595838827083721e-04 -1.916484416419159897e+00 4.111864637815701826e+02 4.048394697392807712e-07 -4.949707860954697836e+00 1.342498397345973253e+09
8.860595838827083721e-04 -1.916484416419159897e+00 4.111864637815701826e+02 4.048394697392807712e-07 -4.949707860954697836e+00 1.342498397345973253e+09
9.031504446650209751e-04 -1.900268334688467453e+00 3.995525846060494928e+02 8.445689113680779739e-07 -4.266758092928238710e+00 1.342498397346176624e+09
9.031504446650209751e-04 -1.900268334688467453e+00 3.995525846060494928e+02 8.445689113680779739e-07 -4.266758092928238710e+00 1.342498397346176624e+09
9.131980134751466107e-04 -1.893462543453099611e+00 3.856178057256450984e+02 3.334717545215630693e-07 -5.010863346083628045e+00 1.342498397347260475e+09
9.131980134751466107e-04 -1.893462543453099611e+00 3.856178057256450984e+02 3.334717545215630693e-07 -5.010863346083628045e+00 1.342498397347260475e+09
9.010434937032912742e-04 -1.906461024450341046e+00 4.036807482366722866e+02 2.550271074070971895e-06 -3.539144509459806187e+00 1.342498397347360849e+09
8.966991088274496981e-04 -1.902707132912771826e+00 4.224723770893822348e+02 9.896925631717647786e-07 -4.378465950669898632e+00 1.342498397348352671e+09
8.535589993236609605e-04 -1.937769793066498991e+00 4.973484685598543251e+02 8.448998446925420969e-07 -4.469805429470183000e+00 1.342498397350700617e+09
8.535589993236609605e-04 -1.937769793066498991e+00 4.973484685598543251e+02 8.448998446925420969e-07 -4.469805429470183000e+00 1.342498397350700617e+09
9.127250283248256393e-04 -1.899797566231213430e+00 3.739628558447251976e+02 2.380938604107016051e-06 -3.652055936668842762e+00 1.342498397351490974e+09
9.127250283248256393e-04 -1.899797566231213430e+00 3.739628558447251976e+02 2.380938604107016051e-06 -3.652055936668842762e+00 1.342498397351490974e+09
9.005519453546933758e-04 -1.902498568630317965e+00 4.106222743695150257e+02 6.456760793113433309e-07 -4.813158103534362908e+00 1.342498397353335619e+09
8.867117503339091425e-04 -1.913444867661540982e+00 4.313152789372327334e+02 1.765923431915663453e-07 -5.717739690284806997e+00 1.342498397353396416e+09
8.791261033999515093e-04 -1.924917521766844608e+00 4.297185799471679388e+02 5.566016237200865898e-07 -4.889251377023557943e+00 1.342498397354517221e+09
8.791261033999515093e-04 -1.924917521766844608e+00 4.297185799471679388e+02 5.566016237200865898e-07 -4.889251377023557943e+00 1.342498397354517221e+09
9.239045213674158428e-04 -1.888333259263689667e+00 3.704984340105033311e+02 3.418459884743783260e-07 -5.077974958705453012e+00 1.342498397355514050e+09
9.239045213674158428e-04 -1.888333259263689667e+00 3.704984340105033311e+02 3.418459884743783260e-07 -5.077974958705453012e+00 1.342498397355514050e+09
9.335569909102195375e-04 -1.883261466545850027e+00 3.563148537540751022e+02 1.235079219205198117e-06 -4.151513235005495517e+00 1.342498397355695724e+09
8.740777399300260096e-04 -1.923631396738866073e+00 4.522940881536593452e+02 2.144400415289373224e-06 -3.642320642674674147e+00 1.342498397360850096e+09
8.740777399300260096e-04 -1.923631396738866073e+00 4.522940881536593452e+02 2.144400415289373224e-06 -3.642320642674674147e+00 1.342498397360850096e+09
9.113078161870721188e-04 -1.895709518478567501e+00 3.968247017731363826e+02 1.304757534851391878e-06 -4.126435600863680442e+00 1.342498397361989975e+09
9.113078161870721188e-04 -1.895709518478567501e+00 3.968247017731363826e+02 1.304757534851391878e-06 -4.126435600863680442e+00 1.342498397361989975e+09
8.667300286175160353e-04 -1.930789656634613882e+00 4.645837781819229804e+02 2.119166005824125580e-06 -3.807226978601705447e+00 1.342498397362251759e+09
8.974762573412938069e-04 -1.912284445962113999e+00 3.978307125704605482e+02 4.533999400510668397e-07 -5.004473446844553308e+00 1.342498397362560511e+09
8.974762573412938069e-04 -1.912284445962113999e+00 3.978307125704605482e+02 4.533999400510668397e-07 -5.004473446844553308e+00 1.342498397362560511e+09
8.769002507190435183e-04 -1.917434215166315736e+00 4.442719789473910623e+02 1.251900774172484583e-06 -4.138454523926614392e+00 1.342498397362635612e+09
8.796999350097634701e-04 -1.917272216977956134e+00 4.418812754016655617e+02 1.664901831403141212e-06 -4.079435001873347844e+00 1.342498397364117622e+09
8.970148097849130761e-04 -1.911945297579728642e+00 4.015668286621892662e+02 2.148024209728810926e-06 -3.786655973185922619e+00 1.342498397367906570e+09
8.970148097849130761e-04 -1.911945297579728642e+00 4.015668286621892662e+02 2.148024209728810926e-06 -3.786655973185922619e+00 1.342498397367906570e+09
8.854831406712086826e-04 -1.915898289629494045e+00 4.342128824252641834e+02 7.396409546157960139e-07 -4.427339627057725657e+00 1.342498397369684935e+09
8.880682683875106703e-04 -1.911657210814778463e+00 4.275578518398066308e+02 1.241899208542391627e-06 -4.341521327654787932e+00 1.342498397369747162e+09
9.004078704706239538e-04 -1.910457082777055504e+00 3.899351487078749301e+02 8.704540098188584078e-07 -4.519962335026739275e+00 1.342498397371399879e+09
9.004078704706239538e-04 -1.910457082777055504e+00 3.899351487078749301e+02 8.704540098188584078e-07 -4.519962335026739275e+00 1.342498397371399879e+09
8.781068808841373599e-04 -1.920445257030511055e+00 4.314055590388127257e+02 7.879513940028418874e-07 -4.644789407828883832e+00 1.342498397372772455e+09
8.781068808841373599e-04 -1.920445257030511055e+00 4.314055590388127257e+02 7.879513940028418874e-07 -4.644789407828883832e+00 1.342498397372772455e+09
8.805839354943854023e-04 -1.915655336650722518e+00 4.299044875059241235e+02 6.721043464389446283e-07 -4.645823641146439975e+00 1.342498397376819134e+09
8.689342627161595082e-04 -1.928356278430240822e+00 4.604784490056590585e+02 1.670075354049418514e-07 -5.732493865875333050e+00 1.342498397376825571e+09
9.224345158945679215e-04 -1.890901913934252221e+00 3.608887127999107634e+02 4.356634502446862648e-07 -4.859218722297015347e+00 1.342498397377537251e+09
8.726632638256686444e-04 -1.923167346509744524e+00 4.572631310326456173e+02 3.149934493616880526e-07 -5.058700632993534896e+00 1.342498397377712488e+09
8.726632638256686444e-04 -1.923167346509744524e+00 4.572631310326456173e+02 3.149934493616880526e-07 -5.058700632993534896e+00 1.342498397377712488e+09
8.726583861238932814e-04 -1.926872791845069433e+00 4.401679803605400707e+02 3.931378606507346545e-07 -5.151804474825490310e+00 1.342498397378246069e+09
8.726583861238932814e-04 -1.926872791845069433e+00 4.401679803605400707e+02 3.931378606507346545e-07 -5.151804474825490310e+00 1.342498397378246069e+09
8.827316698929991339e-04 -1.915304923654134850e+00 4.316817673960572392e+02 3.274691263310686635e-07 -4.999811877720230058e+00 1.342498397379565954e+09
9.222980504199836159e-04 -1.892588104578371233e+00 3.653990075748671416e+02 8.998384585606822439e-07 -4.321319707461675819e+00 1.342498397380540371e+09
9.252284978245822831e-04 -1.888886036618985464e+00 3.588686478191701212e+02 1.430940707786027620e-06 -4.175320833389186248e+00 1.342498397380814791e+09
9.252284978245822831e-04 -1.888886036618985464e+00 3.588686478191701212e+02 1.430940707786027620e-06 -4.175320833389186248e+00 1.342498397380814791e+09
8.738392487806070702e-04 -1.924619218284153943e+00 4.356581145960718118e+02 6.772002412689983707e-07 -4.594463989940796189e+00 1.342498397381479979e+09
9.027195583920088074e-04 -1.903911777008881367e+00 4.063597892735381265e+02 1.406658047853082861e-06 -3.994222034845781977e+00 1.342498397381652594e+09
9.086766437287405315e-04 -1.895382874709175436e+00 3.946391702483153381e+02 5.797180996441395904e-07 -4.595924411979870783e+00 1.342498397381768942e+09
8.704050157068135476e-04 -1.924857837017001305e+00 4.688812206867607415e+02 2.111813772373000521e-06 -3.731232290663555773e+00 1.342498397382410526e+09
8.707280007428002191e-04 -1.924241856414025120e+00 4.604177063557247038e+02 2.431941068611116762e-06 -3.655052329520499299e+00 1.342498397382686138e+09
8.707280007428002191e-04 -1.924241856414025120e+00 4.604177063557247038e+02 2.431941068611116762e-06 -3.655052329520499299e+00 1.342498397382686138e+09
8.766438401790114078e-04 -1.918129337101491805e+00 4.429088084867903490e+02 2.945822881620529897e-07 -5.158775923170326294e+00 1.342498397383362770e+09
8.766438401790114078e-04 -1.918129337101491805e+00 4.429088084867903490e+02 2.945822881620529897e-07 -5.158775923170326294e+00 1.342498397383362770e+09
8.554727358628314146e-04 -1.937837391797389897e+00 4.971229138453326755e+02 1.035144953019720579e-06 -4.313364279014693103e+00 1.342498397384062290e+09
9.242443815947414378e-04 -1.888424141941422940e+00 3.731935885890199529e+02 9.006228516674473440e-07 -4.483774733463773643e+00 1.342498397386480331e+09
9.242443815947414378e-04 -1.888424141941422940e+00 3.731935885890199529e+02 9.006228516674473440e-07 -4.483774733463773643e+00 1.342498397386480331e+09
9.049286271488923275e-04 -1.897004515187780349e+00 3.960320316753071097e+02 8.624868577135837236e-07 -4.518254750345533033e+00 1.342498397387658834e+09
9.298860962328234616e-04 -1.885911325491476553e+00 3.562843964431825157e+02 3.304960015849218316e-07 -5.204791085988993871e+00 1.342498397388243437e+09
9.298860962328234616e-04 -1.885911325491476553e+00 3.562843964431825157e+02 3.304960015849218316e-07 -5.204791085988993871e+00 1.342498397388243437e+09
9.091907502685991340e-04 -1.894117980449954830e+00 3.940833948941682934e+02 6.254265007281281218e-07 -4.771895592142215037e+00 1.342498397388520002e+09
9.246994462765494244e-04 -1.885079877663733416e+00 3.711032087184922830e+02 5.069731939866920918e-07 -4.904680104429107956e+00 1.342498397389453411e+09
9.246994462765494244e-04 -1.885079877663733416e+00 3.711032087184922830e+02 5.069731939866920918e-07 -4.904680104429107956e+00 1.342498397389453411e+09
8.896160066762271454e-04 -1.910605425802236912e+00 4.202559371573864269e+02 9.644675917707337840e-08 -5.983675222480191458e+00 1.342498397390583277e+09
8.989751742068756955e-04 -1.905895159142791062e+00 4.155853309491557184e+02 2.089890058541101409e-06 -3.798847993404669054e+00 1.342498397391440153e+09
8.989751742068756955e-04 -1.905895159142791062e+00 4.155853309491557184e+02 2.089890058541101409e-06 -3.798847993404669054e+00 1.342498397391440153e+09
8.865543791361037065e-04 -1.911618593075791184e+00 4.226848109213677844e+02 1.441446707550570991e-07 -5.775925109794536993e+00 1.342498397391478539e+09
8.865543791361037065e-04 -1.911618593075791184e+00 4.226848109213677844e+02 1.441446707550570991e-07 -5.775925109794536993e+00 1.342498397391478539e+09
8.745726676164884607e-04 -1.924887730747218306e+00 4.382040578989217465e+02 2.085308575123025867e-07 -5.435546047548958981e+00 1.342498397391778946e+09
8.745726676164884607e-04 -1.924887730747218306e+00 4.382040578989217465e+02 2.085308575123025867e-07 -5.435546047548958981e+00 1.342498397391778946e+09
8.914224214114952220e-04 -1.914260152071647347e+00 4.128809055253583438e+02 1.602701606444338000e-07 -5.712071771574505519e+00 1.342498397392316818e+09
8.852342198634359852e-04 -1.917394202265112257e+00 4.159949202254694569e+02 6.310237705538566454e-07 -4.834218904128268157e+00 1.342498397392340183e+09
8.762011882260155662e-04 -1.921692566953176584e+00 4.522067135901573920e+02 1.805670679221945578e-07 -5.688791761463500407e+00 1.342498397396376848e+09
8.861639330753304667e-04 -1.915373177925023374e+00 4.394993018298002880e+02 1.441949391919604856e-06 -4.057153111674934642e+00 1.342498397396624088e+09
8.947359425266903938e-04 -1.905697222472447105e+00 4.206499716002950890e+02 1.665447481178853331e-07 -5.635735537692238672e+00 1.342498397398348808e+09
9.075843407637882972e-04 -1.901853886542877348e+00 3.857134865109230759e+02 1.717914762751949976e-06 -3.772234554702098563e+00 1.342498397404001713e+09
8.898757681403393540e-04 -1.917043384790682037e+00 4.157940261767546986e+02 8.242614077676370209e-07 -4.453240190476525306e+00 1.342498397406085014e+09
9.139437459423373732e-04 -1.894984818064115561e+00 3.872645705566633296e+02 3.795406385209587807e-07 -5.156644772979293023e+00 1.342498397407400608e+09
8.851738426031192800e-04 -1.913513641800339116e+00 4.405914039637464725e+02 3.298750246612037011e-07 -5.267252010768030956e+00 1.342498397410293341e+09
8.851738426031192800e-04 -1.913513641800339116e+00 4.405914039637464725e+02 3.298750246612037011e-07 -5.267252010768030956e+00 1.342498397410293341e+09
8.959389338085018643e-04 -1.909502821932850480e+00 4.123072238243447032e+02 4.227143787150023787e-07 -5.138848405317497203e+00 1.342498397411355257e+09
8.864025631104593050e-04 -1.910370868478179052e+00 4.335549264762167354e+02 1.823615946018712895e-07 -5.542933344521159711e+00 1.342498397411949396e+09
9.045355190453958959e-04 -1.896890062997668824e+00 3.966054697549446360e+02 4.192075206940219609e-07 -4.924415212631117811e+00 1.342498397412163496e+09
9.045355190453958959e-04 -1.896890062997668824e+00 3.966054697549446360e+02 4.192075206940219609e-07 -4.924415212631117811e+00 1.342498397412163496e+09
8.831965296011723161e-04 -1.914798449026781757e+00 4.466980698777904308e+02 1.285759609716484793e-06 -4.257771756764443083e+00 1.342498397412429094e+09
8.905202303506558727e-04 -1.908477375579588298e+00 4.270740463215905720e+02 7.595848215045834504e-07 -4.382008706415785326e+00 1.342498397412469387e+09
8.665950543921344118e-04 -1.931763310813359835e+00 4.672144912226850124e+02 3.684146918527052337e-07 -5.074742518921800283e+00 1.342498397413341522e+09
8.947016533634476795e-04 -1.910271418963258139e+00 4.061372806655486443e+02 2.558345768396585309e-07 -5.204879442789724031e+00 1.342498397413770676e+09
9.217452733118551003e-04 -1.886026529224914761e+00 3.729379790374570121e+02 1.374150024258219358e-06 -4.122715052009388259e+00 1.342498397414275885e+09
9.223200320051053993e-04 -1.887730440251723429e+00 3.637650568711147230e+02 3.275794808283995381e-07 -5.175207741563853325e+00 1.342498397414309502e+09
9.095353217661359237e-04 -1.894924370769663247e+00 3.944432425294728546e+02 2.140628693160779977e-07 -5.455472458609301967e+00 1.342498397415992498e+09
8.923529584182003909e-04 -1.913809878017262323e+00 4.073939375270567780e+02 1.611287300895946847e-07 -5.696248281392414903e+00 1.342498397417037010e+09
8.923529584182003909e-04 -1.913809878017262323e+00 4.073939375270567780e+02 1.611287300895946847e-07 -5.696248281392414903e+00 1.342498397417037010e+09
9.217531173078808392e-04 -1.888611809470189140e+00 3.738870383849057362e+02 3.930984723435923064e-07 -4.931945018732419861e+00 1.342498397417628050e+09
9.226154925074933405e-04 -1.889795026447267823e+00 3.657610123682221115e+02 1.200474222322370223e-06 -4.042262616232743966e+00 1.342498397418003559e+09
8.821714979146008878e-04 -1.916428999323496640e+00 4.258936105535684078e+02 2.486541786291487645e-07 -5.460932286300832494e+00 1.342498397418538570e+09
8.900057413863604258e-04 -1.912137038778626286e+00 4.307379540576435488e+02 4.046878325189239651e-07 -5.114260458430172740e+00 1.342498397418571472e+09
8.844514818505980159e-04 -1.915147145551693741e+00 4.337680199821063525e+02 1.234595168450607498e-07 -5.798464301136785792e+00 1.342498397419790983e+09
9.133980133110585799e-04 -1.894098555250517180e+00 3.908753350008871621e+02 3.568020179084844760e-07 -5.134452804869630071e+00 1.342498397420071602e+09
9.133980133110585799e-04 -1.894098555250517180e+00 3.908753350008871621e+02 3.568020179084844760e-07 -5.134452804869630071e+00 1.342498397420071602e+09
8.861877315067308173e-04 -1.915878243940254855e+00 4.277641917122132327e+02 1.298400171369506071e-06 -3.977911935543809285e+00 1.342498397422000170e+09
8.861877315067308173e-04 -1.915878243940254855e+00 4.277641917122132327e+02 1.298400171369506071e-06 -3.977911935543809285e+00 1.342498397422000170e+09
8.586477998359452312e-04 -1.937346658372320007e+00 4.810833345615150733e+02 8.258978585211290428e-07 -4.585068387893246999e+00 1.342498397422004700e+09
8.586477998359452312e-04 -1.937346658372320007e+00 4.810833345615150733e+02 8.258978585211290428e-07 -4.585068387893246999e+00 1.342498397422004700e+09
8.819981095103165535e-04 -1.916598228005938154e+00 4.342490612406074888e+02 8.874210143688116585e-07 -4.241110602699694532e+00 1.342498397424291849e+09
8.871156819711230801e-04 -1.915838206831968149e+00 4.336181026224442689e+02 4.027260098627837188e-07 -5.094602846282549891e+00 1.342498397424436569e+09
9.264698936043540018e-04 -1.887541000885206266e+00 3.556102065386929212e+02 1.739736932999182274e-06 -3.917398830030389689e+00 1.342498397424884558e+09
8.775761022325764913e-04 -1.924279011758297298e+00 4.406616684777550290e+02 2.320738968592496135e-06 -3.734808360061183663e+00 1.342498397425257206e+09
8.930908197493009132e-04 -1.905646723499701434e+00 4.181114136175451677e+02 2.744354286077744089e-07 -5.371462150658961043e+00 1.342498397425279856e+09
8.908045585540140532e-04 -1.912698488581580980e+00 4.266919020888086038e+02 5.535482252109810810e-07 -4.714552855164897416e+00 1.342498397426088810e+09
9.145824639125663949e-04 -1.896302167461686228e+00 3.765837388049013725e+02 6.576090053462326722e-07 -4.492794345002291578e+00 1.342498397426331997e+09
9.145824639125663949e-04 -1.896302167461686228e+00 3.765837388049013725e+02 6.576090053462326722e-07 -4.492794345002291578e+00 1.342498397426331997e+09
9.048269356815504287e-04 -1.902618739536232173e+00 3.819882673033255855e+02 3.233927268989044787e-07 -5.240504432258990875e+00 1.342498397428639174e+09
9.315193869488192424e-04 -1.886480963486395712e+00 3.529586226481716835e+02 1.515738421215036554e-06 -4.023444488144512832e+00 1.342498397429110765e+09
9.017732328216245289e-04 -1.905307812819509117e+00 3.907879763117279595e+02 2.878224182503376941e-06 -3.505180382722733690e+00 1.342498397429703236e+09
9.017732328216245289e-04 -1.905307812819509117e+00 3.907879763117279595e+02 2.878224182503376941e-06 -3.505180382722733690e+00 1.342498397429703236e+09
9.215751105376002303e-04 -1.892154640948547462e+00 3.659667434130908532e+02 2.556186755169002663e-06 -3.686873257672898418e+00 1.342498397430092096e+09
9.215751105376002303e-04 -1.892154640948547462e+00 3.659667434130908532e+02 2.556186755169002663e-06 -3.686873257672898418e+00 1.342498397430092096e+09
9.061229437787916450e-04 -1.895695077210417967e+00 3.964303069053378863e+02 4.724989359078649779e-07 -4.931675689274403140e+00 1.342498397430973053e+09
8.804775771327682859e-04 -1.918347468151862190e+00 4.314415157589381238e+02 2.816795028211368324e-07 -5.131446091507562812e+00 1.342498397431304932e+09
8.916323384333883599e-04 -1.911853717842413758e+00 4.186801766510341167e+02 3.668731365979518937e-06 -3.310491846072056710e+00 1.342498397432381868e+09
8.992953664167049627e-04 -1.903954326914246487e+00 3.992740594421805440e+02 2.082964393933507506e-06 -3.863696969293760830e+00 1.342498397436413288e+09
8.801172872866877420e-04 -1.919212360544973350e+00 4.318333245096986843e+02 1.285456660668554984e-06 -3.994716978312967015e+00 1.342498397438035965e+09
8.938826071623128628e-04 -1.908243224347874634e+00 4.276362755555662147e+02 1.417784023169946324e-06 -4.097981536240110856e+00 1.342498397438055277e+09
8.938826071623128628e-04 -1.908243224347874634e+00 4.276362755555662147e+02 1.417784023169946324e-06 -4.097981536240110856e+00 1.342498397438055277e+09
9.053750467894647021e-04 -1.900470656309307671e+00 3.987535121944752063e+02 6.069658509273959083e-07 -4.547557181397252180e+00 1.342498397439173698e+09
9.053750467894647021e-04 -1.900470656309307671e+00 3.987535121944752063e+02 6.069658509273959083e-07 -4.547557181397252180e+00 1.342498397439173698e+09
8.664243376966208540e-04 -1.925497553098041159e+00 4.784343032384570620e+02 9.557989928850574924e-07 -4.319553183458667789e+00 1.342498397443797588e+09
9.120954145564961471e-04 -1.897780397708294764e+00 3.808393346827026562e+02 3.214840320551552124e-06 -3.496260164855172548e+00 1.342498397444391489e+09
9.120954145564961471e-04 -1.897780397708294764e+00 3.808393346827026562e+02 3.214840320551552124e-06 -3.496260164855172548e+00 1.342498397444391489e+09
8.625797886101112776e-04 -1.932541458971878567e+00 4.764354473163692774e+02 1.198479650409872172e-06 -4.124912031970794146e+00 1.342498397444965363e+09
8.752366332460852823e-04 -1.926931037644631139e+00 4.365107945935748148e+02 4.128134793235549616e-07 -5.102303734219283626e+00 1.342498397445551872e+09
9.132796115129118361e-04 -1.891943429611322891e+00 3.835430514402728477e+02 1.405924643169455175e-06 -3.957041397122357473e+00 1.342498397450968027e+09
9.132796115129118361e-04 -1.891943429611322891e+00 3.835430514402728477e+02 1.405924643169455175e-06 -3.957041397122357473e+00 1.342498397450968027e+09
8.903306513557332881e-04 -1.914623371059623658e+00 4.213817363531590559e+02 2.528222922982454485e-07 -5.425223811898820081e+00 1.342498397455726862e+09
8.787106609961820459e-04 -1.921635764056762952e+00 4.467227649779109129e+02 2.141226734541977235e-07 -5.525148281675511086e+00 1.342498397456852436e+09
8.866916019120256454e-04 -1.911091779599631391e+00 4.391488711052926419e+02 4.198075684751376963e-07 -4.904787972016315223e+00 1.342498397457028627e+09
8.779800890150005503e-04 -1.922826995138710249e+00 4.292369158569171077e+02 1.681158573691614113e-06 -3.945188037836302897e+00 1.342498397462984800e+09
8.919856625436737652e-04 -1.908601465573719125e+00 4.113815070779446614e+02 2.268283373630266297e-06 -3.637426317328919190e+00 1.342498397467851877e+09
8.766117583288744264e-04 -1.922645902915468552e+00 4.377982834573513742e+02 1.082186073837580668e-06 -4.140857492759645098e+00 1.342498397471358776e+09
8.766117583288744264e-04 -1.922645902915468552e+00 4.377982834573513742e+02 1.082186073837580668e-06 -4.140857492759645098e+00 1.342498397471358776e+09
8.543509344445368624e-04 -1.937592613042386391e+00 5.005252342220311448e+02 3.727310331518116685e-07 -5.090324363296845789e+00 1.342498397472446442e+09
9.090993565337744187e-04 -1.902611246949329260e+00 3.789548542636670732e+02 3.577421805781406368e-07 -5.050291670219760221e+00 1.342498397472881794e+09
9.090993565337744187e-04 -1.902611246949329260e+00 3.789548542636670732e+02 3.577421805781406368e-07 -5.050291670219760221e+00 1.342498397472881794e+09
8.599045675546398808e-04 -1.934259846468087574e+00 4.717731561598410508e+02 5.127396962797413988e-07 -4.897419283874234530e+00 1.342498397475326777e+09
8.599045675546398808e-04 -1.934259846468087574e+00 4.717731561598410508e+02 5.127396962797413988e-07 -4.897419283874234530e+00 1.342498397475326777e+09
8.582747297339345365e-04 -1.934341475505984231e+00 4.973580721220268401e+02 4.736698334034757357e-07 -4.959787721253812620e+00 1.342498397477607965e+09
8.937848265938813479e-04 -1.910253782846014881e+00 4.219197663625479890e+02 4.960235182612163520e-07 -4.804630634203097550e+00 1.342498397480771542e+09
8.714771689158213848e-04 -1.929257015241709006e+00 4.488371366322487006e+02 2.948576623883084081e-07 -5.276332263369839737e+00 1.342498397483264446e+09
8.714771689158213848e-04 -1.929257015241709006e+00 4.488371366322487006e+02 2.948576623883084081e-07 -5.276332263369839737e+00 1.342498397483264446e+09
8.683947155017714180e-04 -1.928282938128963675e+00 4.544757156910856679e+02 4.116520600165218194e-07 -4.898295532609902914e+00 1.342498397483331203e+09
8.683947155017714180e-04 -1.928282938128963675e+00 4.544757156910856679e+02 4.116520600165218194e-07 -4.898295532609902914e+00 1.342498397483331203e+09
8.729313082803304841e-04 -1.924519762751130347e+00 4.567875212310746633e+02 2.709080117180888767e-06 -3.588720224383736834e+00 1.342498397485702276e+09
8.729313082803304841e-04 -1.924519762751130347e+00 4.567875212310746633e+02 2.709080117180888767e-06 -3.588720224383736834e+00 1.342498397485702276e+09
9.012053610789210779e-04 -1.902659990441316840e+00 4.104841081417888518e+02 2.046190872132721507e-06 -3.890966680876579709e+00 1.342498397486430645e+09
8.747287034228615893e-04 -1.924615471816255363e+00 4.340105070652529662e+02 8.441007636317966969e-07 -4.547827405608025231e+00 1.342498397486466646e+09
8.712396271447785980e-04 -1.925065494797462140e+00 4.526309323909914042e+02 9.118617237192891198e-07 -4.560297604286668971e+00 1.342498397486799479e+09
8.886256728677990055e-04 -1.913815457737290338e+00 4.272957011998317967e+02 1.615671257298290879e-07 -5.672115371059287092e+00 1.342498397487527370e+09
8.936647983901219866e-04 -1.907916985800704790e+00 4.084687695217568262e+02 1.312100038435693296e-07 -5.739437397851801848e+00 1.342498397489008904e+09
8.737819561745805005e-04 -1.921921456486047397e+00 4.548059961964906392e+02 1.261309140367023201e-07 -5.875040882027322553e+00 1.342498397491287231e+09
9.203106181242880039e-04 -1.892577788934906025e+00 3.682666975193998269e+02 2.995756843611107923e-07 -5.329265670845934721e+00 1.342498397491523981e+09
8.808341171582600255e-04 -1.915618643316947534e+00 4.485501259817309574e+02 2.886979287642272038e-07 -5.343817920466491955e+00 1.342498397492537498e+09
8.639874110391665505e-04 -1.927538404914905579e+00 4.779240481928471809e+02 2.725584131878853151e-07 -5.293146026413241501e+00 1.342498397496175289e+09
8.825792080565956956e-04 -1.917240023434421126e+00 4.403014866989340135e+02 3.815545646093865887e-07 -5.206612790731738549e+00 1.342498397496447325e+09
8.825792080565956956e-04 -1.917240023434421126e+00 4.403014866989340135e+02 3.815545646093865887e-07 -5.206612790731738549e+00 1.342498397496447325e+09
8.702716135007078531e-04 -1.927849387848753482e+00 4.676688823037647467e+02 4.756980507197881888e-07 -4.973391032500917852e+00 1.342498397497380972e+09
8.911818014814597635e-04 -1.914593955829322791e+00 4.022577527432782176e+02 8.139117612708090817e-07 -4.600966576177484946e+00 1.342498397498618841e+09
8.652604386465513392e-04 -1.928927901774238451e+00 4.786299964671934504e+02 1.450032220323524526e-06 -4.158053827851900586e+00 1.342498397499009609e+09
8.652604386465513392e-04 -1.928927901774238451e+00 4.786299964671934504e+02 1.450032220323524526e-06 -4.158053827851900586e+00 1.342498397499009609e+09
8.654785542234271715e-04 -1.932134252224849913e+00 4.578384470039731582e+02 1.022286934331585632e-06 -4.417261259455127487e+00 1.342498397499700785e+09
8.654785542234271715e-04 -1.932134252224849913e+00 4.578384470039731582e+02 1.022286934331585632e-06 -4.417261259455127487e+00 1.342498397499700785e+09
9.056103747372628654e-04 -1.900642038745876228e+00 3.949166625945523492e+02 5.478705150844040378e-07 -4.957373418021007616e+00 1.342498397501228571e+09
9.000957690496807703e-04 -1.908044590229457604e+00 3.863772131529123612e+02 5.083189548778241887e-07 -4.876727128562045266e+00 1.342498397501504183e+09
8.787503900124779077e-04 -1.921751528358326411e+00 4.326610328415829372e+02 1.608188553809567563e-07 -5.620623875812686521e+00 1.342498397501575708e+09
9.107165200190173214e-04 -1.895268664357268484e+00 3.814175109256026417e+02 2.104707345225870026e-06 -3.708214018697599812e+00 1.342498397502094507e+09
9.142993155985208774e-04 -1.896562159923754987e+00 3.675331465409802263e+02 5.318001456735344812e-07 -4.808801009344048083e+00 1.342498397502405405e+09
9.084179411178185636e-04 -1.902935257310816031e+00 3.840050494038524675e+02 2.530359588641490446e-07 -5.372400665127557318e+00 1.342498397504659414e+09
8.790155189166970733e-04 -1.920979759385039731e+00 4.369608566931873384e+02 1.160499785596575214e-07 -5.889813756748306872e+00 1.342498397505823612e+09
8.773627281415057695e-04 -1.921283260902005630e+00 4.359913211917927356e+02 2.130663438480370939e-06 -3.705699528126948472e+00 1.342498397506077290e+09
9.022737765242005038e-04 -1.898885994671575261e+00 4.000895390940181642e+02 8.069004532488703580e-07 -4.385500457945568087e+00 1.342498397507159948e+09
9.022737765242005038e-04 -1.898885994671575261e+00 4.000895390940181642e+02 8.069004532488703580e-07 -4.385500457945568087e+00 1.342498397507159948e+09
8.745077251051392971e-04 -1.920939082735605652e+00 4.521439746000242508e+02 4.570101952321676611e-07 -4.774591251508125467e+00 1.342498397508455753e+09
8.745077251051392971e-04 -1.920939082735605652e+00 4.521439746000242508e+02 4.570101952321676611e-07 -4.774591251508125467e+00 1.342498397508455753e+09
8.911681313144555281e-04 -1.909520437736613285e+00 4.073735695252624964e+02 2.656059930125386591e-07 -5.290304621895533188e+00 1.342498397508756399e+09
8.911681313144555281e-04 -1.909520437736613285e+00 4.073735695252624964e+02 2.656059930125386591e-07 -5.290304621895533188e+00 1.342498397508756399e+09
9.239651475885597622e-04 -1.889432136321978151e+00 3.692094789411910938e+02 6.279139667437753985e-07 -4.799610226846274585e+00 1.342498397508908272e+09
9.194058618017026839e-04 -1.887887136576585023e+00 3.799409811779283359e+02 8.765954988858121029e-07 -4.501032386405034558e+00 1.342498397509004831e+09
9.079689269489778529e-04 -1.897522390064422915e+00 3.876096333636965596e+02 2.905563071420375836e-06 -3.463443715583958138e+00 1.342498397511276722e+09
9.147303253085543916e-04 -1.893582413471724735e+00 3.792806704807981077e+02 1.436676803762651281e-07 -5.750640679555023560e+00 1.342498397511735916e+09
8.650926781774986732e-04 -1.927328751111987204e+00 4.744349523926738925e+02 2.343858649439518615e-07 -5.365146618707523629e+00 1.342498397512539625e+09
8.615833352613423094e-04 -1.933408414024506250e+00 4.835892555170565288e+02 4.460341582906774873e-07 -4.900207418474600729e+00 1.342498397513152361e+09
8.996745971698376062e-04 -1.908737363257947184e+00 3.933889365529176985e+02 2.461222757532433589e-06 -3.676817103195787695e+00 1.342498397513821602e+09
9.069787580193528148e-04 -1.899360814992167690e+00 3.937802136500696975e+02 4.997594381725477012e-07 -4.684411498335294688e+00 1.342498397514089108e+09
8.751309174863810365e-04 -1.923342034606160933e+00 4.424948766490290950e+02 2.432343551957203662e-06 -3.686182734579433351e+00 1.342498397514478683e+09
8.943945473436763121e-04 -1.909683262232343859e+00 4.240937444450912608e+02 9.747968005467985253e-07 -4.400934717294637366e+00 1.342498397514895678e+09
8.943945473436763121e-04 -1.909683262232343859e+00 4.240937444450912608e+02 9.747968005467985253e-07 -4.400934717294637366e+00 1.342498397514895678e+09
9.134904163858343241e-04 -1.897293247614283862e+00 3.820361360142488252e+02 3.299175754743124487e-06 -3.388931617917537054e+00 1.342498397517683744e+09
9.150652962341950056e-04 -1.890663764654703760e+00 3.828093772974632429e+02 3.287664270685457784e-07 -5.087365214781451428e+00 1.342498397518313885e+09
8.935241802997709142e-04 -1.904797792813346824e+00 4.218303745545179027e+02 1.193087918157272912e-06 -4.273065680014966006e+00 1.342498397518847942e+09
8.955629000182791172e-04 -1.911497739385537908e+00 4.122767756472652536e+02 4.512121059722935967e-07 -4.917553974780958903e+00 1.342498397520316362e+09
8.992448274465499698e-04 -1.905676315959193179e+00 4.091352155755267859e+02 2.844808532240120913e-07 -5.390870058389428010e+00 1.342498397520601511e+09
8.616353729258000764e-04 -1.932885649866870281e+00 4.700723204963150579e+02 2.484570265687939541e-07 -5.405538374016051861e+00 1.342498397522504091e+09
8.709301015361171992e-04 -1.921739054584937545e+00 4.617182177347839911e+02 6.268201658307319705e-07 -4.764756348678185205e+00 1.342498397523159504e+09
8.709301015361171992e-04 -1.921739054584937545e+00 4.617182177347839911e+02 6.268201658307319705e-07 -4.764756348678185205e+00 1.342498397523159504e+09
8.828087773808461188e-04 -1.918337398408303418e+00 4.345594500289856796e+02 2.846896447890607854e-06 -3.461473006876911285e+00 1.342498397523685455e+09
8.828087773808461188e-04 -1.918337398408303418e+00 4.345594500289856796e+02 2.846896447890607854e-06 -3.461473006876911285e+00 1.342498397523685455e+09
9.055718217162351830e-04 -1.904123924569632642e+00 3.886935910845369904e+02 2.037876591235779035e-07 -5.580799764729468038e+00 1.342498397523971558e+09
9.055718217162351830e-04 -1.904123924569632642e+00 3.886935910845369904e+02 2.037876591235779035e-07 -5.580799764729468038e+00 1.342498397523971558e+09
8.793805069384188957e-04 -1.919313766467246607e+00 4.283765763467892498e+02 1.068593340754446325e-06 -4.207618961025526794e+00 1.342498397524492502e+09
8.773802951818069273e-04 -1.922612686289309369e+00 4.468796133435548086e+02 1.126493770520828477e-06 -4.418370880213315033e+00 1.342498397525603056e+09
8.869561319690232168e-04 -1.911781295300874595e+00 4.399189314624815097e+02 8.447869616057995226e-07 -4.570235810501912077e+00 1.342498397526222706e+09
8.955399833865532785e-04 -1.910081702935647385e+00 4.001600640597998222e+02 1.397908654548695016e-07 -5.804599536056821663e+00 1.342498397528488398e+09
9.078348197427457385e-04 -1.902035897804376985e+00 3.875890551187831647e+02 2.590291262292318549e-07 -5.263350508854751197e+00 1.342498397528561831e+09
8.777418650936697929e-04 -1.921906596677219525e+00 4.451946861796619714e+02 3.096502097146385085e-07 -5.354573135024665476e+00 1.342498397529418945e+09
8.858876498515108437e-04 -1.916798128543625079e+00 4.139990908486398098e+02 2.928965515415313156e-07 -5.169406701255590875e+00 1.342498397533239841e+09
8.622597523763802585e-04 -1.928541791307319286e+00 4.836322327001861368e+02 6.587514906141927464e-07 -4.690555873967389822e+00 1.342498397534006596e+09
9.148484569825004586e-04 -1.892701598555664111e+00 3.732762677808387934e+02 4.691831452422227791e-07 -4.962751511627772949e+00 1.342498397534129620e+09
9.080716660357690583e-04 -1.898932468287741759e+00 3.810887343447591888e+02 2.054459695968205239e-06 -3.791245093914534792e+00 1.342498397534283638e+09
9.080716660357690583e-04 -1.898932468287741759e+00 3.810887343447591888e+02 2.054459695968205239e-06 -3.791245093914534792e+00 1.342498397534283638e+09
9.094880555105536906e-04 -1.897952744701805639e+00 3.900793100371898277e+02 2.337808619720343567e-07 -5.301638662385729006e+00 1.342498397535210848e+09
8.580510341814371689e-04 -1.936284855526752668e+00 4.891260341420560849e+02 3.211565160257827429e-07 -5.234567355318439752e+00 1.342498397535903931e+09
8.765540037377144399e-04 -1.917457694208335672e+00 4.449943168853016573e+02 3.711130749274978211e-07 -5.044839517241330284e+00 1.342498397535964727e+09
9.192786272425985082e-04 -1.889935007053090921e+00 3.787545270186608946e+02 1.438007252500335249e-06 -3.934825216836340900e+00 1.342498397536692381e+09
8.658591528206818549e-04 -1.929353233061987360e+00 4.673387548909661859e+02 1.125636341463334091e-06 -4.143507965205119881e+00 1.342498397537734032e+09
9.031866817398249070e-04 -1.907309323813037860e+00 3.930560143130036863e+02 8.191000720251660559e-07 -4.436567819184360495e+00 1.342498397538060665e+09
8.951851329080196071e-04 -1.911107485539212725e+00 4.052152247023288965e+02 4.740224088517264152e-07 -4.762854289429553134e+00 1.342498397538192749e+09
8.951851329080196071e-04 -1.911107485539212725e+00 4.052152247023288965e+02 4.740224088517264152e-07 -4.762854289429553134e+00 1.342498397538192749e+09
9.117119179358511901e-04 -1.898023768914278930e+00 3.741589872437631925e+02 1.027278422964750798e-06 -4.198217459550292574e+00 1.342498397538988352e+09
9.042909271201333542e-04 -1.904294194658916251e+00 3.922428174954944211e+02 3.217441304175743464e-06 -3.382918691878785467e+00 1.342498397539689541e+09
9.042909271201333542e-04 -1.904294194658916251e+00 3.922428174954944211e+02 3.217441304175743464e-06 -3.382918691878785467e+00 1.342498397539689541e+09
8.659760451013644470e-04 -1.926742762468602876e+00 4.737698588147795817e+02 1.226625926394519424e-06 -4.269482061696351138e+00 1.342498397540068865e+09
9.102458765453423422e-04 -1.895753843138918704e+00 3.845652939670497972e+02 2.605459903843113942e-07 -5.422690975840175120e+00 1.342498397541163921e+09
8.910522148598027260e-04 -1.909560414360923941e+00 4.086583887381902969e+02 4.318277312557104035e-07 -5.047076081257410252e+00 1.342498397542209864e+09
8.777873621060777514e-04 -1.919150670231676958e+00 4.534277981591030198e+02 1.878010508652631854e-07 -5.565407138851062641e+00 1.342498397542402029e+09
8.777873621060777514e-04 -1.919150670231676958e+00 4.534277981591030198e+02 1.878010508652631854e-07 -5.565407138851062641e+00 1.342498397542402029e+09
9.238382645785824182e-04 -1.890117665653755719e+00 3.647653155533562881e+02 1.507178748507353609e-06 -3.907693311887971532e+00 1.342498397543560028e+09
9.238382645785824182e-04 -1.890117665653755719e+00 3.647653155533562881e+02 1.507178748507353609e-06 -3.907693311887971532e+00 1.342498397543560028e+09
9.111965301133270094e-04 -1.899731486762910260e+00 3.807784572039427076e+02 1.848353414731980727e-07 -5.585340077930825764e+00 1.342498397543658972e+09
9.226029229102071473e-04 -1.892345228348650377e+00 3.647817575600366808e+02 7.335759787282223390e-07 -4.490996243879500582e+00 1.342498397543832064e+09
8.861492421771160642e-04 -1.913620388067610811e+00 4.224836354810909143e+02 1.037206329032553891e-07 -5.983044382929481486e+00 1.342498397545351982e+09
9.124052073502366203e-04 -1.895039448503885726e+00 3.797785034763217595e+02 2.077379593569629118e-07 -5.388161627599806103e+00 1.342498397545695543e+09
9.124052073502366203e-04 -1.895039448503885726e+00 3.797785034763217595e+02 2.077379593569629118e-07 -5.388161627599806103e+00 1.342498397545695543e+09
8.857835545009039736e-04 -1.916335519848682001e+00 4.173468805518035083e+02 2.512133692181786170e-07 -5.250006074219333740e+00 1.342498397549928665e+09
8.841792147091895749e-04 -1.915020200482633328e+00 4.407290345402289518e+02 1.926574736244900995e-07 -5.567024286446363490e+00 1.342498397551275730e+09
8.581652156329639932e-04 -1.932773405563508851e+00 4.951802650822065175e+02 3.915446568123650792e-07 -5.055402227379863334e+00 1.342498397551839113e+09
8.991405450779523792e-04 -1.901142033162777523e+00 4.048145724050198737e+02 2.749205311078706483e-07 -5.233507570241105356e+00 1.342498397553144932e+09
9.018549803314038389e-04 -1.907400053651707506e+00 4.008925023534844740e+02 1.277219133175047911e-06 -4.276531812677444755e+00 1.342498397553524494e+09
9.056632466322997801e-04 -1.897947104404275720e+00 3.888221447107659401e+02 6.058804543198306698e-07 -4.783683807148256584e+00 1.342498397555087566e+09
9.056632466322997801e-04 -1.897947104404275720e+00 3.888221447107659401e+02 6.058804543198306698e-07 -4.783683807148256584e+00 1.342498397555087566e+09
8.949080536281363600e-04 -1.909673664840152219e+00 4.203306209351682696e+02 1.950305046002515768e-06 -3.907102723962580626e+00 1.342498397555288553e+09
8.895625694349645592e-04 -1.911457446841262175e+00 4.086994962676104137e+02 4.696158633138595558e-07 -4.823701118309397629e+00 1.342498397555417776e+09
9.047023419635035878e-04 -1.902863564484516212e+00 3.934424630579518407e+02 3.385430088886431523e-06 -3.312122985311074075e+00 1.342498397555509567e+09
9.053669022684361850e-04 -1.904303320371010466e+00 3.863679169447765958e+02 1.981663361314728314e-07 -5.498596478506637020e+00 1.342498397556304932e+09
9.143430243215869236e-04 -1.898936640611644577e+00 3.675291868070967212e+02 7.079181674048552494e-07 -4.644365969548287509e+00 1.342498397557656050e+09
9.003435074833445817e-04 -1.903706476243447909e+00 4.155006879074481958e+02 9.998005406388385943e-07 -4.342520878508794979e+00 1.342498397558667421e+09
9.003435074833445817e-04 -1.903706476243447909e+00 4.155006879074481958e+02 9.998005406388385943e-07 -4.342520878508794979e+00 1.342498397558667421e+09
8.792407814288121654e-04 -1.921346320657354445e+00 4.453556295117630839e+02 3.922393560381974970e-07 -4.968349960840138024e+00 1.342498397561481714e+09
8.792407814288121654e-04 -1.921346320657354445e+00 4.453556295117630839e+02 3.922393560381974970e-07 -4.968349960840138024e+00 1.342498397561481714e+09
8.662252184102488522e-04 -1.930175607506429358e+00 4.772512549227930663e+02 4.622295740145115475e-07 -4.930870866415016707e+00 1.342498397565993071e+09
8.662252184102488522e-04 -1.930175607506429358e+00 4.772512549227930663e+02 4.622295740145115475e-07 -4.930870866415016707e+00 1.342498397565993071e+09
9.306377050584821930e-04 -1.884483648505285380e+00 3.540507499092723833e+02 1.586763521997738230e-06 -3.902363173977768440e+00 1.342498397566190243e+09
8.935479630784525602e-04 -1.909456149124276303e+00 4.221786817077933165e+02 4.784307422255528780e-07 -4.792180011078762014e+00 1.342498397566678762e+09
9.158064369283320768e-04 -1.898648433000783786e+00 3.693810503319639338e+02 6.699428638269853566e-07 -4.726712034965739662e+00 1.342498397568582296e+09
8.885748128009112595e-04 -1.913838340824559836e+00 4.294841016454320197e+02 6.712123540880985757e-07 -4.797876680192405985e+00 1.342498397573353291e+09
8.885748128009112595e-04 -1.913838340824559836e+00 4.294841016454320197e+02 6.712123540880985757e-07 -4.797876680192405985e+00 1.342498397573353291e+09
9.093078670172862399e-04 -1.898608135393114793e+00 3.808363916706979353e+02 2.798556388138193280e-07 -5.387007630433122252e+00 1.342498397575571060e+09
9.093078670172862399e-04 -1.898608135393114793e+00 3.808363916706979353e+02 2.798556388138193280e-07 -5.387007630433122252e+00 1.342498397575571060e+09
8.904225552614864012e-04 -1.909262507900036265e+00 4.169370235509535405e+02 2.256773502181367915e-06 -3.624188506695941392e+00 1.342498397577139854e+09
8.904225552614864012e-04 -1.909262507900036265e+00 4.169370235509535405e+02 2.256773502181367915e-06 -3.624188506695941392e+00 1.342498397577139854e+09
8.945633000542972928e-04 -1.910454352567740877e+00 4.208585478576637797e+02 5.644650072081111955e-07 -4.817623282105211402e+00 1.342498397579589605e+09
9.072676823551928697e-04 -1.904088046465555184e+00 3.832101652882743679e+02 2.025873448711600196e-06 -3.880065250126950360e+00 1.342498397580122709e+09
9.275795053342447086e-04 -1.886694497956034056e+00 3.632675527670353972e+02 2.251950728656906859e-06 -3.657306572846392712e+00 1.342498397580563068e+09
9.275795053342447086e-04 -1.886694497956034056e+00 3.632675527670353972e+02 2.251950728656906859e-06 -3.657306572846392712e+00 1.342498397580563068e+09
8.844767382576163147e-04 -1.917418809143255576e+00 4.346093434125116914e+02 1.997019807909909962e-06 -3.722523494235516317e+00 1.342498397580655813e+09
8.844767382576163147e-04 -1.917418809143255576e+00 4.346093434125116914e+02 1.997019807909909962e-06 -3.722523494235516317e+00 1.342498397580655813e+09
8.958388809109977223e-04 -1.905975781053190765e+00 3.999731500312106505e+02 4.022062093518917503e-07 -5.059395722034423670e+00 1.342498397582854748e+09
8.841991981386138153e-04 -1.913472653926237665e+00 4.233085340744448217e+02 4.912064440153931634e-07 -4.933559886972203934e+00 1.342498397582924128e+09
8.810774249726407038e-04 -1.916760084756234050e+00 4.293711226878102707e+02 1.349888084241561472e-06 -4.017469828259160991e+00 1.342498397582926512e+09
8.774191702051705377e-04 -1.919331845319338647e+00 4.336033177774251044e+02 3.138710306589196036e-07 -5.192586356667969305e+00 1.342498397583698750e+09
9.025659120558984999e-04 -1.903823689415767628e+00 3.925938481873105843e+02 1.158004674997081241e-07 -5.912442678030025434e+00 1.342498397586124182e+09
8.938325310987428954e-04 -1.908212002874896562e+00 4.247984227425063182e+02 1.041548794757300896e-06 -4.434639958826541495e+00 1.342498397589279890e+09
9.007232860285851236e-04 -1.899858956302182378e+00 4.132550445137710540e+02 1.005543469777343497e-06 -4.369645798507033163e+00 1.342498397590168476e+09
9.007232860285851236e-04 -1.899858956302182378e+00 4.132550445137710540e+02 1.005543469777343497e-06 -4.369645798507033163e+00 1.342498397590168476e+09
8.977575775519732642e-04 -1.903838572044611155e+00 4.067109791279558522e+02 8.077658928504171222e-07 -4.317996065163266728e+00 1.342498397593254566e+09
8.977575775519732642e-04 -1.903838572044611155e+00 4.067109791279558522e+02 8.077658928504171222e-07 -4.317996065163266728e+00 1.342498397593254566e+09
9.124494502033126363e-04 -1.896220637445388046e+00 3.920235927859883986e+02 1.939127402516638296e-06 -3.872359943087868572e+00 1.342498397594728708e+09
9.299425631355470994e-04 -1.882957275926875340e+00 3.545885524277433660e+02 9.527660412256231732e-07 -4.392108262096707350e+00 1.342498397594866276e+09
8.873949237999525586e-04 -1.911759938153226202e+00 4.241494386972050279e+02 6.293727450889642759e-07 -4.505781416796422967e+00 1.342498397595103025e+09
8.873949237999525586e-04 -1.911759938153226202e+00 4.241494386972050279e+02 6.293727450889642759e-07 -4.505781416796422967e+00 1.342498397595103025e+09
9.291002409567388062e-04 -1.886468777933175023e+00 3.611105966932806837e+02 1.811487855503867532e-06 -3.943756517388342431e+00 1.342498397598395824e+09
9.291002409567388062e-04 -1.886468777933175023e+00 3.611105966932806837e+02 1.811487855503867532e-06 -3.943756517388342431e+00 1.342498397598395824e+09
8.618172869044880878e-04 -1.932607986506843512e+00 4.841171282292781370e+02 1.159212738352534154e-06 -4.185703896960550452e+00 1.342498397598650455e+09
8.609810528456357743e-04 -1.933971287780343662e+00 4.751939824969738879e+02 3.720854592308192677e-07 -5.022013511482992243e+00 1.342498397599317789e+09
8.609810528456357743e-04 -1.933971287780343662e+00 4.751939824969738879e+02 3.720854592308192677e-07 -5.022013511482992243e+00 1.342498397599317789e+09
8.808201018756962875e-04 -1.916640547899634006e+00 4.444951644113685347e+02 1.532706233863525643e-07 -5.674873607022078659e+00 1.342498397601315022e+09
8.909935809586095332e-04 -1.913633391121766447e+00 4.201689697529525915e+02 3.937662619632116695e-07 -5.174449382195482450e+00 1.342498397601506948e+09
9.101594520383555435e-04 -1.893820370477045323e+00 3.875533816288141793e+02 1.523436859287872700e-06 -3.949666831464241135e+00 1.342498397601857185e+09
8.735412511998058875e-04 -1.920286505125001764e+00 4.544025897650169554e+02 1.430128432839002742e-06 -4.092571170786403201e+00 1.342498397603549719e+09
8.983893316930515859e-04 -1.903819906879242296e+00 4.038512886844032437e+02 7.089938516929587572e-07 -4.414594714614150206e+00 1.342498397605607986e+09
9.037577089425151942e-04 -1.905677523712471455e+00 3.865253077952370404e+02 2.240587314728921004e-07 -5.419927053762160440e+00 1.342498397607065201e+09
9.096717879015903509e-04 -1.900611778697041565e+00 3.889554444976029686e+02 6.154131317058586593e-07 -4.619503736983850750e+00 1.342498397609899044e+09
8.669389460063584669e-04 -1.931149874539006550e+00 4.693797572305439303e+02 1.022278093096536117e-06 -4.435159547853567474e+00 1.342498397611929655e+09
8.839023124563024714e-04 -1.914238707468600031e+00 4.212989720420540607e+02 7.757067852925319206e-07 -4.534073170313988044e+00 1.342498397612831354e+09
8.839023124563024714e-04 -1.914238707468600031e+00 4.212989720420540607e+02 7.757067852925319206e-07 -4.534073170313988044e+00 1.342498397612831354e+09
8.864288770982892661e-04 -1.911088098466148022e+00 4.256718216503190888e+02 2.748894395434869628e-07 -5.184533412242053885e+00 1.342498397612844229e+09
8.862805060683332133e-04 -1.919795606726613979e+00 4.214812614601897280e+02 5.715224469273557620e-07 -4.838000464137410361e+00 1.342498397613499641e+09
9.069079903161173959e-04 -1.901400842985504713e+00 3.819758243469751733e+02 2.090077127565096594e-06 -3.697765726034651479e+00 1.342498397613781452e+09
9.296635649041621371e-04 -1.882075860654925936e+00 3.581632073224033093e+02 1.145172194306984005e-06 -4.208019066254747642e+00 1.342498397614197254e+09
9.296635649041621371e-04 -1.882075860654925936e+00 3.581632073224033093e+02 1.145172194306984005e-06 -4.208019066254747642e+00 1.342498397614197254e+09
8.735788428088136961e-04 -1.924858775533403232e+00 4.480087169473331983e+02 2.053904020492670797e-07 -5.615599497112071958e+00 1.342498397615167618e+09
8.735788428088136961e-04 -1.924858775533403232e+00 4.480087169473331983e+02 2.053904020492670797e-07 -5.615599497112071958e+00 1.342498397615167618e+09
9.030389296935053363e-04 -1.902566623202345486e+00 4.049442873541100880e+02 4.782513494042308644e-07 -5.020763113025774160e+00 1.342498397615313768e+09
9.030389296935053363e-04 -1.902566623202345486e+00 4.049442873541100880e+02 4.782513494042308644e-07 -5.020763113025774160e+00 1.342498397615313768e+09
8.812740118631811519e-04 -1.919238454439131658e+00 4.447397703254699763e+02 5.017562993151912126e-07 -4.983524424099410766e+00 1.342498397615902185e+09
8.894533379748414828e-04 -1.915751087405555442e+00 4.100371436624079138e+02 2.908190792231104375e-07 -5.184917674322602643e+00 1.342498397616509676e+09
8.788620073792647366e-04 -1.918530891517819192e+00 4.403562561933727011e+02 1.180080878661356997e-06 -4.054935985212381411e+00 1.342498397622342348e+09
8.788620073792647366e-04 -1.918530891517819192e+00 4.403562561933727011e+02 1.180080878661356997e-06 -4.054935985212381411e+00 1.342498397622342348e+09
8.910259564302188112e-04 -1.910271909502566423e+00 4.123850483940970548e+02 3.031667215899925917e-07 -5.351161837300639768e+00 1.342498397623575449e+09
8.812925525815413878e-04 -1.921970995008547289e+00 4.334600653782590030e+02 5.605738095788592948e-07 -4.715557706205949273e+00 1.342498397625243664e+09
9.156300873585453788e-04 -1.892803721216910429e+00 3.806001091994357353e+02 3.213602763335778678e-06 -3.381557275633884529e+00 1.342498397625846863e+09
9.156300873585453788e-04 -1.892803721216910429e+00 3.806001091994357353e+02 3.213602763335778678e-06 -3.381557275633884529e+00 1.342498397625846863e+09
8.974175485146774350e-04 -1.904486704400899733e+00 4.046666774743302426e+02 1.808422516925247504e-07 -5.665975796928401920e+00 1.342498397626066685e+09
8.709319679581197177e-04 -1.923502940191581079e+00 4.630066359436619905e+02 2.207236067764774438e-07 -5.378638841828561112e+00 1.342498397626876116e+09
8.709319679581197177e-04 -1.923502940191581079e+00 4.630066359436619905e+02 2.207236067764774438e-07 -5.378638841828561112e+00 1.342498397626876116e+09
9.322535267755976095e-04 -1.881836296803678144e+00 3.525025852628949110e+02 5.079319006285088557e-07 -4.838069392041361105e+00 1.342498397627672911e+09
9.322535267755976095e-04 -1.881836296803678144e+00 3.525025852628949110e+02 5.079319006285088557e-07 -4.838069392041361105e+00 1.342498397627672911e+09
8.666871696032200229e-04 -1.927676398734744279e+00 4.788102736143875404e+02 9.331592994564263218e-07 -4.342057995823962457e+00 1.342498397627840042e+09
9.031484660209247511e-04 -1.902014254841550622e+00 3.936035819976039534e+02 2.842703521813528001e-06 -3.572159195750835181e+00 1.342498397628682375e+09
9.031484660209247511e-04 -1.902014254841550622e+00 3.936035819976039534e+02 2.842703521813528001e-06 -3.572159195750835181e+00 1.342498397628682375e+09
8.832607249698914888e-04 -1.918799688079895649e+00 4.303082161851289698e+02 1.051824595156684787e-06 -4.161962063904416809e+00 1.342498397630682468e+09
8.832607249698914888e-04 -1.918799688079895649e+00 4.303082161851289698e+02 1.051824595156684787e-06 -4.161962063904416809e+00 1.342498397630682468e+09
9.004015523077252715e-04 -1.900759092897474023e+00 4.015122789118797755e+02 1.567640947342220390e-06 -4.010355550030704208e+00 1.342498397631141424e+09
8.723856655037837441e-04 -1.925634226665377646e+00 4.659316991450567116e+02 7.865476692505001741e-07 -4.539583902726382902e+00 1.342498397632865429e+09
8.723856655037837441e-04 -1.925634226665377646e+00 4.659316991450567116e+02 7.865476692505001741e-07 -4.539583902726382902e+00 1.342498397632865429e+09
8.912464868476089371e-04 -1.906341037256072735e+00 4.238276562198593638e+02 1.188696400285770719e-06 -4.255813410308919131e+00 1.342498397634994030e+09
8.912464868476089371e-04 -1.906341037256072735e+00 4.238276562198593638e+02 1.188696400285770719e-06 -4.255813410308919131e+00 1.342498397634994030e+09
9.344760821581160875e-04 -1.879631446424174346e+00 3.547637186009370680e+02 7.145887497139502639e-07 -4.587783565407466568e+00 1.342498397635406256e+09
8.986588060686019359e-04 -1.902241580355858108e+00 4.100064490431647073e+02 2.948185112496103268e-07 -5.125833881961613159e+00 1.342498397635569096e+09
8.676225824580607003e-04 -1.929530793787618492e+00 4.547505603052911738e+02 1.205153485709228579e-06 -4.150087488557304027e+00 1.342498397635729074e+09
8.676225824580607003e-04 -1.929530793787618492e+00 4.547505603052911738e+02 1.205153485709228579e-06 -4.150087488557304027e+00 1.342498397635729074e+09
8.973250249189964776e-04 -1.902866676728963702e+00 4.103195755621172225e+02 2.039833670599793447e-07 -5.535028093194164001e+00 1.342498397636255503e+09
9.280294049573631354e-04 -1.884498885846229932e+00 3.603599190602138265e+02 1.139559061773363848e-06 -4.122056739637191214e+00 1.342498397636740208e+09
9.280294049573631354e-04 -1.884498885846229932e+00 3.603599190602138265e+02 1.139559061773363848e-06 -4.122056739637191214e+00 1.342498397636740208e+09
8.900442566058567803e-04 -1.913627335473925273e+00 4.275094302535217707e+02 1.088146941419366575e-06 -4.409146868509856709e+00 1.342498397638695478e+09
8.676422440930391415e-04 -1.931470152103685223e+00 4.548161407726649941e+02 7.890280410983889709e-07 -4.634116890560249225e+00 1.342498397639230967e+09
8.676422440930391415e-04 -1.931470152103685223e+00 4.548161407726649941e+02 7.890280410983889709e-07 -4.634116890560249225e+00 1.342498397639230967e+09
8.667529064987649799e-04 -1.929850518428492645e+00 4.555552460439420770e+02 2.693008734543373024e-07 -5.370122312715132296e+00 1.342498397639353514e+09
8.667529064987649799e-04 -1.929850518428492645e+00 4.555552460439420770e+02 2.693008734543373024e-07 -5.370122312715132296e+00 1.342498397639353514e+09
9.183270119167933222e-04 -1.894334437204852506e+00 3.767233498676307590e+02 2.147511231507960533e-06 -3.826717026636243801e+00 1.342498397641435862e+09
9.183270119167933222e-04 -1.894334437204852506e+00 3.767233498676307590e+02 2.147511231507960533e-06 -3.826717026636243801e+00 1.342498397641435862e+09
9.039186227360937855e-04 -1.906720297477885850e+00 3.867500750218658823e+02 3.198552658666014560e-07 -5.199872589527567257e+00 1.342498397642071009e+09
9.080840152546440936e-04 -1.902113702318122934e+00 3.802704916653327132e+02 3.227790188573729634e-07 -5.096551459755777280e+00 1.342498397642575264e+09
8.712531510351277653e-04 -1.927537220688671837e+00 4.446603640135825231e+02 2.450053685505851013e-07 -5.364323735864504172e+00 1.342498397647497177e+09
9.132508513507083545e-04 -1.900186671185159604e+00 3.730773692534417023e+02 7.270364628946042312e-07 -4.537351716052312689e+00 1.342498397647739649e+09
9.132508513507083545e-04 -1.900186671185159604e+00 3.730773692534417023e+02 7.270364628946042312e-07 -4.537351716052312689e+00 1.342498397647739649e+09
8.700029215704968176e-04 -1.929209391782171545e+00 4.620464900840248106e+02 6.743005457371725767e-07 -4.617374937029627979e+00 1.342498397647809744e+09
8.700029215704968176e-04 -1.929209391782171545e+00 4.620464900840248106e+02 6.743005457371725767e-07 -4.617374937029627979e+00 1.342498397647809744e+09
8.731169003886576820e-04 -1.921043708855165288e+00 4.563250426865486133e+02 2.168195308050301660e-07 -5.522779603848637642e+00 1.342498397648766279e+09
8.731169003886576820e-04 -1.921043708855165288e+00 4.563250426865486133e+02 2.168195308050301660e-07 -5.522779603848637642e+00 1.342498397648766279e+09
8.977092775730149271e-04 -1.904028799095052626e+00 4.049982038600712144e+02 6.905008186589412329e-07 -4.751380138379076357e+00 1.342498397652611017e+09
8.848683329637867766e-04 -1.914690570991783636e+00 4.296038846408727068e+02 1.146448089162983090e-07 -5.963022567862714673e+00 1.342498397654672861e+09
8.848683329637867766e-04 -1.914690570991783636e+00 4.296038846408727068e+02 1.146448089162983090e-07 -5.963022567862714673e+00 1.342498397654672861e+09
9.024297620649689112e-04 -1.903111399283107463e+00 3.874412457246185113e+02 2.768910364227539182e-07 -5.326183805128003712e+00 1.342498397655500889e+09
9.024297620649689112e-04 -1.903111399283107463e+00 3.874412457246185113e+02 2.768910364227539182e-07 -5.326183805128003712e+00 1.342498397655500889e+09
8.906348104381787631e-04 -1.910343220905042827e+00 4.203993336503746718e+02 1.207383829758578854e-07 -5.815957949114235248e+00 1.342498397656330347e+09
8.948192113777345830e-04 -1.908821881824268596e+00 3.975142476862537251e+02 5.878047097491652169e-07 -4.690309627121425962e+00 1.342498397657693148e+09
9.032333967467300094e-04 -1.900940688957014402e+00 4.045984946374080096e+02 1.896443737099730940e-07 -5.553027378818127247e+00 1.342498397658289671e+09
9.032333967467300094e-04 -1.900940688957014402e+00 4.045984946374080096e+02 1.896443737099730940e-07 -5.553027378818127247e+00 1.342498397658289671e+09
9.265220536357956106e-04 -1.888291614546219854e+00 3.632751796596610347e+02 8.810499082886223493e-07 -4.548257838396912334e+00 1.342498397659121037e+09
9.265220536357956106e-04 -1.888291614546219854e+00 3.632751796596610347e+02 8.810499082886223493e-07 -4.548257838396912334e+00 1.342498397659121037e+09
8.805383789850410948e-04 -1.916419766072944064e+00 4.519653606233482037e+02 1.542841133809454010e-06 -3.974519540909520643e+00 1.342498397659574747e+09
8.805383789850410948e-04 -1.916419766072944064e+00 4.519653606233482037e+02 1.542841133809454010e-06 -3.974519540909520643e+00 1.342498397659574747e+09
8.979078130213003286e-04 -1.909825037636652123e+00 3.939727860108181972e+02 4.419324195289245632e-07 -5.069815266258007824e+00 1.342498397661872625e+09
8.979078130213003286e-04 -1.909825037636652123e+00 3.939727860108181972e+02 4.419324195289245632e-07 -5.069815266258007824e+00 1.342498397661872625e+09
9.005830541850517838e-04 -1.905874615366704772e+00 4.042889126770629105e+02 1.659053114156840740e-06 -4.108997978216684110e+00 1.342498397664115667e+09
8.856806675719490181e-04 -1.910482258634558672e+00 4.296233004629737593e+02 9.574017651161895015e-07 -4.399808879694047548e+00 1.342498397666343927e+09
9.340801863050994958e-04 -1.881501215470868127e+00 3.552138616011197314e+02 6.355708962411321621e-07 -4.704181768169341638e+00 1.342498397666675806e+09
9.340801863050994958e-04 -1.881501215470868127e+00 3.552138616011197314e+02 6.355708962411321621e-07 -4.704181768169341638e+00 1.342498397666675806e+09
8.576403152704749908e-04 -1.934019731529208919e+00 4.905736962752708337e+02 6.481741412335394770e-07 -4.627947778572206516e+00 1.342498397667475700e+09
8.841241911831328225e-04 -1.919932332982006162e+00 4.228363750335187774e+02 1.459986788014254434e-06 -4.186637793355467707e+00 1.342498397668904781e+09
9.227204926709403144e-04 -1.888225190575404389e+00 3.668764298046796171e+02 4.216052547589805543e-07 -4.863800893660696900e+00 1.342498397670122623e+09
8.776741239909184979e-04 -1.925736678768043442e+00 4.350398466669327604e+02 5.169242630135828134e-07 -4.901613951764446142e+00 1.342498397670232773e+09
9.310235647780893201e-04 -1.883669740895571820e+00 3.532525305669988143e+02 4.561834162547763961e-07 -4.879409898297057957e+00 1.342498397670557737e+09
9.156901206934459428e-04 -1.894960776165425020e+00 3.709042166106831360e+02 2.181337202094576719e-07 -5.502236784053270213e+00 1.342498397670566797e+09
8.796720617484467047e-04 -1.918707258864603027e+00 4.474144414362455677e+02 1.911036422871899064e-06 -3.747048082861750729e+00 1.342498397672664165e+09
9.158753898600997378e-04 -1.894439185502558409e+00 3.794634093600068354e+02 2.025470093680914021e-07 -5.521963521926539720e+00 1.342498397677714348e+09
8.689493458467168700e-04 -1.927113023391696878e+00 4.604833869047214989e+02 2.077585149412871853e-06 -3.744107207335036769e+00 1.342498397680927515e+09
8.689493458467168700e-04 -1.927113023391696878e+00 4.604833869047214989e+02 2.077585149412871853e-06 -3.744107207335036769e+00 1.342498397680927515e+09
8.863070089106734380e-04 -1.917313192394988874e+00 4.203457821687445630e+02 1.260563175774617330e-06 -4.328483319039570176e+00 1.342498397682627439e+09
8.863070089106734380e-04 -1.917313192394988874e+00 4.203457821687445630e+02 1.260563175774617330e-06 -4.328483319039570176e+00 1.342498397682627439e+09
8.608906467123992419e-04 -1.931680674396176745e+00 4.822519503732510771e+02 3.069994523218539979e-07 -5.170594109788888559e+00 1.342498397683166265e+09
8.827500730796412594e-04 -1.920684280410921652e+00 4.235346082243588626e+02 2.682770818023288943e-07 -5.271776048891130273e+00 1.342498397683659792e+09
8.671062802445692790e-04 -1.931478481573887240e+00 4.643951234344999648e+02 1.310060789514523516e-06 -4.137793820227013697e+00 1.342498397684854269e+09
8.671062802445692790e-04 -1.931478481573887240e+00 4.643951234344999648e+02 1.310060789514523516e-06 -4.137793820227013697e+00 1.342498397684854269e+09
9.235884693720041892e-04 -1.889294908613165624e+00 3.606951105468223204e+02 6.207995609486187127e-07 -4.593479067757980872e+00 1.342498397687484264e+09
9.017581108382773667e-04 -1.903798052869286384e+00 4.044321126745495576e+02 1.745863190636852755e-07 -5.616384882347278840e+00 1.342498397688650608e+09
9.017581108382773667e-04 -1.903798052869286384e+00 4.044321126745495576e+02 1.745863190636852755e-07 -5.616384882347278840e+00 1.342498397688650608e+09
9.029560301141090206e-04 -1.903089382234612215e+00 3.868875219866683892e+02 2.401858689634472780e-07 -5.344102875833133481e+00 1.342498397690248251e+09
9.094507681492100537e-04 -1.902388017889582006e+00 3.799358300052455775e+02 7.435389659274673585e-07 -4.484840477014062188e+00 1.342498397691152811e+09
8.918695228628787481e-04 -1.912499515044464804e+00 4.005882378337798286e+02 5.313116324224801835e-07 -4.797701907883736183e+00 1.342498397693876743e+09
8.918695228628787481e-04 -1.912499515044464804e+00 4.005882378337798286e+02 5.313116324224801835e-07 -4.797701907883736183e+00 1.342498397693876743e+09
8.876678323383131513e-04 -1.918752968708419271e+00 4.203240000679880382e+02 8.456744682969498822e-07 -4.544188919810022043e+00 1.342498397695855856e+09
8.775920808754982027e-04 -1.923862017666765567e+00 4.324451253298872757e+02 7.084488526118008192e-07 -4.742375232158528853e+00 1.342498397696379662e+09
8.700271653367220659e-04 -1.922511789233011470e+00 4.671821001293915288e+02 3.065418446725064237e-07 -5.218101519377103870e+00 1.342498397696528196e+09
8.913716144247870506e-04 -1.911143900325121603e+00 4.198897290342841302e+02 1.401711487124304908e-07 -5.834475037438280332e+00 1.342498397697031975e+09
8.665857718735261528e-04 -1.927798876265939931e+00 4.727927298565959973e+02 4.189895245223641487e-07 -4.896248394774975310e+00 1.342498397697285891e+09
9.125683198773866175e-04 -1.893726672074481865e+00 3.859795842496687897e+02 2.849967145254931680e-07 -5.161123773322320751e+00 1.342498397697524309e+09
9.003741124851627952e-04 -1.909545288114773864e+00 3.913195857853015127e+02 1.592749343674052478e-06 -4.016352660014641529e+00 1.342498397701150894e+09
9.003741124851627952e-04 -1.909545288114773864e+00 3.913195857853015127e+02 1.592749343674052478e-06 -4.016352660014641529e+00 1.342498397701150894e+09
8.674589388619621203e-04 -1.926836365330087952e+00 4.628716653880948684e+02 5.920636694139765969e-07 -4.623629068876785375e+00 1.342498397701582670e+09
8.937457700076117516e-04 -1.908390867598740215e+00 4.197462214753857097e+02 3.240035126859015547e-06 -3.433082739789134585e+00 1.342498397703104734e+09
8.937457700076117516e-04 -1.908390867598740215e+00 4.197462214753857097e+02 3.240035126859015547e-06 -3.433082739789134585e+00 1.342498397703104734e+09
9.145683629534629008e-04 -1.899427629229418324e+00 3.745139851731360636e+02 7.115642823942850710e-07 -4.683041110042990951e+00 1.342498397706686020e+09
9.145683629534629008e-04 -1.899427629229418324e+00 3.745139851731360636e+02 7.115642823942850710e-07 -4.683041110042990951e+00 1.342498397706686020e+09
9.013658776261199981e-04 -1.901471993431236740e+00 3.978671616673548783e+02 9.428675205340143852e-07 -4.223299395716774818e+00 1.342498397707122564e+09
9.097626315480964202e-04 -1.895974268357270009e+00 3.815618591102996788e+02 2.575464809666850493e-07 -5.350832339954799899e+00 1.342498397709647417e+09
8.991640129795535610e-04 -1.904609736463104497e+00 4.042475680347812954e+02 2.979377152943730579e-06 -3.558393901706342177e+00 1.342498397709813356e+09
9.229452635164571298e-04 -1.887668559261727275e+00 3.656823804682258583e+02 4.010733869284117748e-07 -5.090674535900403086e+00 1.342498397709982634e+09
8.823446423734650429e-04 -1.918001709302943336e+00 4.241824582828321581e+02 1.608049859849079294e-07 -5.638267859790632386e+00 1.342498397710792542e+09
8.567094326419172866e-04 -1.936613434769035358e+00 4.852398608956099224e+02 6.760100980636484523e-07 -4.700644068892445127e+00 1.342498397711151361e+09
8.567094326419172866e-04 -1.936613434769035358e+00 4.852398608956099224e+02 6.760100980636484523e-07 -4.700644068892445127e+00 1.342498397711151361e+09
8.803204764885520393e-04 -1.916767472621609958e+00 4.382329650152686895e+02 2.236434596180537468e-06 -3.652999586240974317e+00 1.342498397713479280e+09
8.893340127125222037e-04 -1.914422728269956853e+00 4.293513680436695381e+02 1.630195967623137106e-06 -4.012472440200673063e+00 1.342498397715111494e+09
8.893340127125222037e-04 -1.914422728269956853e+00 4.293513680436695381e+02 1.630195967623137106e-06 -4.012472440200673063e+00 1.342498397715111494e+09
9.096815976019036925e-04 -1.897112633662591641e+00 3.838893239986981598e+02 1.756457276084220974e-07 -5.667614828484808243e+00 1.342498397719641924e+09
9.096815976019036925e-04 -1.897112633662591641e+00 3.838893239986981598e+02 1.756457276084220974e-07 -5.667614828484808243e+00 1.342498397719641924e+09
8.562259590919456828e-04 -1.936344310425072601e+00 4.941502629247414120e+02 3.698937923064122396e-07 -5.117561674847008746e+00 1.342498397720330715e+09
8.683416088149497475e-04 -1.924504695565022239e+00 4.714516621497103301e+02 1.296960313335925179e-06 -4.189078623335575458e+00 1.342498397723993778e+09
8.683416088149497475e-04 -1.924504695565022239e+00 4.714516621497103301e+02 1.296960313335925179e-06 -4.189078623335575458e+00 1.342498397723993778e+09
9.082740282301449315e-04 -1.903407325669739247e+00 3.885550599572381998e+02 1.547333033188528004e-06 -4.044860794756349520e+00 1.342498397725450039e+09
8.675171869632285855e-04 -1.926993101660663177e+00 4.560326239987661552e+02 7.289408671882001690e-07 -4.558805527235454846e+00 1.342498397726921558e+09
8.675171869632285855e-04 -1.926993101660663177e+00 4.560326239987661552e+02 7.289408671882001690e-07 -4.558805527235454846e+00 1.342498397726921558e+09
8.647973505836362802e-04 -1.931566809732635281e+00 4.638607392374336769e+02 8.039468460057690782e-07 -4.436362420715179056e+00 1.342498397729657412e+09
8.728079658201258820e-04 -1.923646633410966533e+00 4.608105130706366594e+02 4.757235589627983333e-07 -4.790905574126067989e+00 1.342498397729668140e+09
9.291686362454483266e-04 -1.882921510806502274e+00 3.574168300180775759e+02 8.067382571569721589e-07 -4.451941947287473056e+00 1.342498397729856968e+09
9.291686362454483266e-04 -1.882921510806502274e+00 3.574168300180775759e+02 8.067382571569721589e-07 -4.451941947287473056e+00 1.342498397729856968e+09
8.796514172061195439e-04 -1.915671281040594476e+00 4.398426721213691053e+02 8.115870738714038852e-07 -4.573387464930094737e+00 1.342498397730533600e+09
9.055280912402045813e-04 -1.902146428422201829e+00 3.895969918232473219e+02 1.236520269030280032e-06 -4.342064537341313368e+00 1.342498397730608702e+09
9.055280912402045813e-04 -1.902146428422201829e+00 3.895969918232473219e+02 1.236520269030280032e-06 -4.342064537341313368e+00 1.342498397730608702e+09
8.765178615665134964e-04 -1.921122409109046192e+00 4.381789060753739591e+02 2.323895445443683472e-07 -5.327120360276778044e+00 1.342498397732977390e+09
9.191829209862306888e-04 -1.895311722414796396e+00 3.712395212990115851e+02 1.750899315840766166e-06 -3.967063259810485576e+00 1.342498397733483553e+09
8.964588945038686960e-04 -1.905298022907312649e+00 4.010513456008849289e+02 1.368659261178264484e-06 -4.107693657744283300e+00 1.342498397734166622e+09
9.179786623457343153e-04 -1.893804324146338924e+00 3.686471195261772777e+02 2.773796974756114076e-07 -5.361251718150989554e+00 1.342498397734240770e+09
8.972179016309236345e-04 -1.905812599980942323e+00 3.986639610457113463e+02 1.030001787828637836e-06 -4.412635394032271563e+00 1.342498397735162258e+09
8.972179016309236345e-04 -1.905812599980942323e+00 3.986639610457113463e+02 1.030001787828637836e-06 -4.412635394032271563e+00 1.342498397735162258e+09
9.279787917811728373e-04 -1.884233564886122814e+00 3.585627422325333669e+02 1.577630741608600545e-06 -3.984987039625004002e+00 1.342498397736925125e+09
9.279787917811728373e-04 -1.884233564886122814e+00 3.585627422325333669e+02 1.577630741608600545e-06 -3.984987039625004002e+00 1.342498397736925125e+09
9.018186230275970468e-04 -1.899607032840306076e+00 4.066885310578769008e+02 6.732372530130232373e-07 -4.727849246472157319e+00 1.342498397738700390e+09
9.018186230275970468e-04 -1.899607032840306076e+00 4.066885310578769008e+02 6.732372530130232373e-07 -4.727849246472157319e+00 1.342498397738700390e+09
9.237015004413070716e-04 -1.889857640751372081e+00 3.665755648822916442e+02 2.578162752436992056e-06 -3.570565930607934035e+00 1.342498397739870548e+09
8.810300865497726515e-04 -1.917431043690436487e+00 4.410848178362801946e+02 1.386752181041168631e-06 -3.942831483108253821e+00 1.342498397740591526e+09
8.810300865497726515e-04 -1.917431043690436487e+00 4.410848178362801946e+02 1.386752181041168631e-06 -3.942831483108253821e+00 1.342498397740591526e+09
8.797406714897813710e-04 -1.917196777519132311e+00 4.352705103795743753e+02 1.369689368876215100e-06 -4.000231322766414799e+00 1.342498397741034985e+09
8.767232162219367733e-04 -1.925307590789722356e+00 4.432470963949395468e+02 3.827736268054931315e-07 -5.133281531360289307e+00 1.342498397741600275e+09
8.767232162219367733e-04 -1.925307590789722356e+00 4.432470963949395468e+02 3.827736268054931315e-07 -5.133281531360289307e+00 1.342498397741600275e+09
8.763004400428363663e-04 -1.924944920104395996e+00 4.341624300801958611e+02 3.254427776016066824e-07 -5.268256700373749268e+00 1.342498397741843224e+09
8.851816186868148540e-04 -1.918007608293187172e+00 4.237885318542821551e+02 2.682363757315189498e-06 -3.614825022644698294e+00 1.342498397743653536e+09
9.103158943252353695e-04 -1.897104721541581052e+00 3.865466160922551353e+02 1.772140058784727782e-07 -5.671289634126363666e+00 1.342498397744174480e+09
8.740156030821509634e-04 -1.927442038215125386e+00 4.480539110623454349e+02 1.194694467341047140e-06 -4.215605674132261171e+00 1.342498397744174719e+09
8.728817748768969613e-04 -1.924453426757638086e+00 4.492394434376158756e+02 2.230738488060891872e-06 -3.748697635349440560e+00 1.342498397744956732e+09
8.728817748768969613e-04 -1.924453426757638086e+00 4.492394434376158756e+02 2.230738488060891872e-06 -3.748697635349440560e+00 1.342498397744956732e+09
8.650312050762468292e-04 -1.926507629467216098e+00 4.782389758286923325e+02 6.822277965684864147e-07 -4.669097014093477327e+00 1.342498397745298862e+09
8.817539679298145184e-04 -1.918401836443682118e+00 4.258614477697585130e+02 1.933689520851289293e-07 -5.473842473451799862e+00 1.342498397745561838e+09
8.639217549173036073e-04 -1.932424668342220375e+00 4.762627909008041343e+02 1.268093193483171056e-06 -4.252600482312244523e+00 1.342498397745699883e+09
9.115839594650914594e-04 -1.901123533264674315e+00 3.776273718211173218e+02 3.701641188436610511e-07 -5.115173627157421521e+00 1.342498397746600389e+09
8.572405230954212524e-04 -1.936901012543979173e+00 4.908129261634656473e+02 4.587046611841592744e-07 -4.979251833237574587e+00 1.342498397747480631e+09
8.743551959333500023e-04 -1.923717198566646580e+00 4.367648007526793208e+02 7.324539082456744543e-07 -4.534395800877421223e+00 1.342498397748511076e+09
8.994963237278350747e-04 -1.903888132357557605e+00 4.128813207419541982e+02 1.133793141124073653e-06 -4.126714409251965421e+00 1.342498397749284744e+09
8.949561286836961059e-04 -1.904769923360225548e+00 4.227614420018767873e+02 4.222713324979580136e-07 -4.923037741073923002e+00 1.342498397750397921e+09
8.800730106568807479e-04 -1.919719416182769312e+00 4.438435062622791634e+02 2.001072476382341930e-07 -5.498238016182417809e+00 1.342498397751429558e+09
8.800730106568807479e-04 -1.919719416182769312e+00 4.438435062622791634e+02 2.001072476382341930e-07 -5.498238016182417809e+00 1.342498397751429558e+09
8.901247932303008384e-04 -1.909911368318317093e+00 4.108190527323154129e+02 3.516562176188118861e-07 -5.158807297039964546e+00 1.342498397753036976e+09
8.693306045176923871e-04 -1.925994894439529759e+00 4.658782992764054711e+02 6.754986846309016095e-07 -4.780197519205488632e+00 1.342498397755201578e+09
8.955661300896743679e-04 -1.904056690688655351e+00 4.130104753762099108e+02 2.557580383631831491e-07 -5.392081950071361263e+00 1.342498397756557465e+09
8.838739783564063864e-04 -1.917084843989116827e+00 4.212117636571049388e+02 4.391084885308949333e-07 -4.827697161107096235e+00 1.342498397758148670e+09
8.838739783564063864e-04 -1.917084843989116827e+00 4.212117636571049388e+02 4.391084885308949333e-07 -4.827697161107096235e+00 1.342498397758148670e+09
8.938435946795280198e-04 -1.912208604093470043e+00 4.068735342075218568e+02 1.894594312290968997e-07 -5.634293115443637312e+00 1.342498397760110140e+09
8.633946224836017407e-04 -1.930809610466471149e+00 4.785791833068504957e+02 1.496616565522440867e-06 -4.108800624314137728e+00 1.342498397763835907e+09
8.811211997034587486e-04 -1.919699068683217824e+00 4.269182672841716339e+02 1.998997464904757771e-06 -3.867687870186198751e+00 1.342498397765687227e+09
9.054957025422828969e-04 -1.903866933242216231e+00 3.884825038716445533e+02 3.329322738710849679e-07 -5.280948067688877146e+00 1.342498397768436432e+09
8.630276335523276139e-04 -1.934065880259649095e+00 4.697802772732415519e+02 1.014231349334673802e-06 -4.423420588946044063e+00 1.342498397769797087e+09
8.630276335523276139e-04 -1.934065880259649095e+00 4.697802772732415519e+02 1.014231349334673802e-06 -4.423420588946044063e+00 1.342498397769797087e+09
9.193151102230002992e-04 -1.892488853646389746e+00 3.653058371273787088e+02 1.446091579079268583e-06 -3.971868377308794607e+00 1.342498397770279169e+09
9.035647895866875208e-04 -1.904129670364103522e+00 3.957210948905402574e+02 2.051697050458390065e-07 -5.591605938672897125e+00 1.342498397770605087e+09
8.648589302019257189e-04 -1.932737258953056259e+00 4.647279620889696616e+02 5.414886196179692251e-07 -4.763327101473432634e+00 1.342498397770979404e+09
8.648589302019257189e-04 -1.932737258953056259e+00 4.647279620889696616e+02 5.414886196179692251e-07 -4.763327101473432634e+00 1.342498397770979404e+09
8.683076086840503397e-04 -1.928337335817912779e+00 4.500522664394496246e+02 4.727136140746006629e-07 -4.947443543108413166e+00 1.342498397771843433e+09
8.892687380808890745e-04 -1.908908844279774364e+00 4.331254103966246589e+02 3.054976342128322443e-07 -5.214309255424781853e+00 1.342498397772615194e+09
8.892687380808890745e-04 -1.908908844279774364e+00 4.331254103966246589e+02 3.054976342128322443e-07 -5.214309255424781853e+00 1.342498397772615194e+09
8.612534152726113038e-04 -1.931621293111083659e+00 4.897850566468476927e+02 5.067047051736409852e-07 -4.839714695785941601e+00 1.342498397772901773e+09
8.911075944016899012e-04 -1.909368753066459146e+00 4.089455885023797350e+02 1.135006041008875988e-06 -4.262444785940353142e+00 1.342498397774734497e+09
8.922281194874940192e-04 -1.913125074596505826e+00 3.998708063721283565e+02 5.479552963056760065e-07 -4.782274750251427342e+00 1.342498397776180983e+09
8.604658577839463399e-04 -1.934629698013891508e+00 4.842660500433327115e+02 1.151006301345188329e-06 -4.304286333345289428e+00 1.342498397776974201e+09
8.604658577839463399e-04 -1.934629698013891508e+00 4.842660500433327115e+02 1.151006301345188329e-06 -4.304286333345289428e+00 1.342498397776974201e+09
8.709709248505313273e-04 -1.929802649581999097e+00 4.523678317769837918e+02 8.103681275763693972e-07 -4.592540857674862309e+00 1.342498397777405262e+09
8.650283582510890582e-04 -1.930284175654188639e+00 4.675534558632103881e+02 5.555594933726850143e-07 -4.914512498202125990e+00 1.342498397777560949e+09
8.920560132523916008e-04 -1.907776120337252301e+00 4.136272048699376001e+02 2.016618281038031382e-06 -3.773426166662567915e+00 1.342498397778314114e+09
8.920560132523916008e-04 -1.907776120337252301e+00 4.136272048699376001e+02 2.016618281038031382e-06 -3.773426166662567915e+00 1.342498397778314114e+09
8.848587519044244423e-04 -1.917080358400780504e+00 4.267717749804301093e+02 2.192672580069351982e-07 -5.578900747199727839e+00 1.342498397781456232e+09
8.987588019575379642e-04 -1.904257623291037094e+00 4.047398744419527929e+02 2.894588777006059295e-06 -3.555018677896416790e+00 1.342498397781540155e+09
8.987588019575379642e-04 -1.904257623291037094e+00 4.047398744419527929e+02 2.894588777006059295e-06 -3.555018677896416790e+00 1.342498397781540155e+09
9.308257178211754718e-04 -1.885454335678578897e+00 3.567966343171038375e+02 6.494634581564532230e-07 -4.641497159191176003e+00 1.342498397783892393e+09
8.777224398214174012e-04 -1.923764495766286498e+00 4.406035353463252022e+02 5.401805421937448812e-07 -4.724772860104475392e+00 1.342498397785118103e+09
8.772471451232340123e-04 -1.917662614384623820e+00 4.536875220133445055e+02 2.386014870353096007e-07 -5.382380521753871605e+00 1.342498397786020756e+09
8.882190349675016467e-04 -1.916333621665355036e+00 4.065979961704838388e+02 6.685054520115115101e-07 -4.675324649957278034e+00 1.342498397788754702e+09
9.254434757386673961e-04 -1.888559496365179058e+00 3.626836936511566591e+02 1.269811815256409029e-06 -4.050149870635310734e+00 1.342498397790123224e+09
9.077020236424605251e-04 -1.898614833862104501e+00 3.917741119545849529e+02 1.678749563948918011e-07 -5.700040410016374182e+00 1.342498397790589571e+09
8.874380377704844903e-04 -1.912543405763647897e+00 4.160777351226671499e+02 2.738006587130004468e-07 -5.206699269303566524e+00 1.342498397792802572e+09
8.874380377704844903e-04 -1.912543405763647897e+00 4.160777351226671499e+02 2.738006587130004468e-07 -5.206699269303566524e+00 1.342498397792802572e+09
8.695969176957703273e-04 -1.927371515984416250e+00 4.513857787602144640e+02 4.290227766098657050e-07 -4.886841479639653762e+00 1.342498397793910742e+09
9.214018876806615846e-04 -1.886440601255335636e+00 3.720005726122017222e+02 8.470546484180004137e-07 -4.421275586522425805e+00 1.342498397794092894e+09
8.847769833796261972e-04 -1.912960779715491721e+00 4.270400065644611800e+02 1.510487099632537609e-06 -3.933958224731869180e+00 1.342498397794596195e+09
8.721745225231586135e-04 -1.923253028410670584e+00 4.667341827172334661e+02 1.142741545450356956e-06 -4.339757373528555284e+00 1.342498397795106888e+09
8.721745225231586135e-04 -1.923253028410670584e+00 4.667341827172334661e+02 1.142741545450356956e-06 -4.339757373528555284e+00 1.342498397795106888e+09
8.814145320686319523e-04 -1.921257055045873408e+00 4.197991121603764668e+02 4.630826501267040248e-07 -4.948289472432940705e+00 1.342498397797790766e+09
8.814145320686319523e-04 -1.921257055045873408e+00 4.197991121603764668e+02 4.630826501267040248e-07 -4.948289472432940705e+00 1.342498397797790766e+09
9.136660929038429744e-04 -1.895454168721173893e+00 3.715999299870561572e+02 1.160710501885599456e-06 -4.264361178091855997e+00 1.342498397797871113e+09
8.854678025878603455e-04 -1.919926981983213432e+00 4.216185557607056467e+02 3.927842451011947025e-07 -5.079707651514786093e+00 1.342498397798917294e+09
8.854678025878603455e-04 -1.919926981983213432e+00 4.216185557607056467e+02 3.927842451011947025e-07 -5.079707651514786093e+00 1.342498397798917294e+09
9.275395075732298768e-04 -1.885183768623500011e+00 3.673081422161569662e+02 7.886840844053013844e-07 -4.552571717525830230e+00 1.342498397800610065e+09
8.882162146890629087e-04 -1.913035747607033210e+00 4.207754049250647768e+02 2.094164462079182432e-07 -5.609782448077105244e+00 1.342498397801301956e+09
8.794925355935764898e-04 -1.918044496019611245e+00 4.447251660464404495e+02 1.545721113527898369e-06 -3.876240602795824941e+00 1.342498397803456783e+09
8.939531791979138430e-04 -1.904984267317223257e+00 4.151133351490995551e+02 9.149492814149079285e-07 -4.477902353081219644e+00 1.342498397809911251e+09
9.257460530646689474e-04 -1.886436084063336960e+00 3.698098568799629220e+02 9.296418992563353688e-07 -4.347670249001833298e+00 1.342498397811051130e+09
8.866681492167647737e-04 -1.918819663365654460e+00 4.248212627166846005e+02 8.781465973057177511e-07 -4.455219041089948817e+00 1.342498397813601017e+09
8.753137370415128501e-04 -1.919950478138080063e+00 4.449171781821488025e+02 8.649472940036830089e-07 -4.357606163897864704e+00 1.342498397814003944e+09
8.854759810249978247e-04 -1.910775996403607735e+00 4.283511032841078077e+02 6.038423865783700433e-07 -4.673993044608243608e+00 1.342498397814220428e+09
8.854759810249978247e-04 -1.910775996403607735e+00 4.283511032841078077e+02 6.038423865783700433e-07 -4.673993044608243608e+00 1.342498397814220428e+09
9.129549815016963247e-04 -1.897215555167125478e+00 3.812753145903327550e+02 2.437520164762470939e-06 -3.752254266184020359e+00 1.342498397814311504e+09
8.847078227900216467e-04 -1.917749457285961245e+00 4.352387594341258819e+02 2.113367422869966943e-06 -3.822529177578362081e+00 1.342498397814619780e+09
9.054897346533790281e-04 -1.901620555382492750e+00 3.829487719215715060e+02 2.441133158656169441e-07 -5.378221509536377454e+00 1.342498397815568447e+09
8.976477514580866266e-04 -1.907432293502463683e+00 4.030412172650009666e+02 9.726259866941873797e-07 -4.186376331735717216e+00 1.342498397815636158e+09
8.741702703929653566e-04 -1.922884395933092350e+00 4.558103543630697914e+02 4.031864331344662988e-07 -4.907726579907158992e+00 1.342498397819078684e+09
8.741702703929653566e-04 -1.922884395933092350e+00 4.558103543630697914e+02 4.031864331344662988e-07 -4.907726579907158992e+00 1.342498397819078684e+09
9.085927387163801171e-04 -1.898298773997505906e+00 3.851470646867080063e+02 2.250692822927779498e-07 -5.326841663662538195e+00 1.342498397819808245e+09
9.085927387163801171e-04 -1.898298773997505906e+00 3.851470646867080063e+02 2.250692822927779498e-07 -5.326841663662538195e+00 1.342498397819808245e+09
8.962513739380362785e-04 -1.903106840848142189e+00 4.202764810222649885e+02 1.131466306211012477e-06 -4.268997204637611453e+00 1.342498397819963217e+09
8.865008660973496815e-04 -1.913015677400758285e+00 4.203101925331295661e+02 1.656515438781861737e-07 -5.699367632994718491e+00 1.342498397820427656e+09
8.989948533082240669e-04 -1.908897200338300681e+00 4.029997079234838111e+02 9.842495277814851112e-07 -4.261226480907065017e+00 1.342498397821552515e+09
9.210935517808952790e-04 -1.890466610854504736e+00 3.705791485346383070e+02 5.389005088937576979e-07 -4.681454241581668008e+00 1.342498397822658300e+09
8.875071781210511646e-04 -1.909590526127490140e+00 4.303003675877100704e+02 4.445539071013988750e-07 -4.838876991282899276e+00 1.342498397822706699e+09
8.875071781210511646e-04 -1.909590526127490140e+00 4.303003675877100704e+02 4.445539071013988750e-07 -4.838876991282899276e+00 1.342498397822706699e+09
8.682781456230359790e-04 -1.925541593174034061e+00 4.738421301104534109e+02 7.602290585994579185e-07 -4.477755755768626500e+00 1.342498397823069811e+09
8.740564697055252423e-04 -1.926085354410905115e+00 4.475643897769860473e+02 5.210531402920220520e-07 -4.974372270615719849e+00 1.342498397825886965e+09
9.296084406581464274e-04 -1.885590705075344875e+00 3.564850157144101104e+02 3.911239125119260940e-07 -5.041243583445837118e+00 1.342498397826536417e+09
9.197824520951990157e-04 -1.891557503848482646e+00 3.791200004871319607e+02 1.282669954946636480e-06 -4.209440444970506512e+00 1.342498397827957630e+09
9.053738731782354525e-04 -1.896344241171232792e+00 3.990516180662128249e+02 8.083502732001483730e-07 -4.515259227982585166e+00 1.342498397828140020e+09
8.764862937670708874e-04 -1.919214262218008615e+00 4.581532995949075939e+02 8.455134805090253791e-07 -4.388005326154261532e+00 1.342498397831270456e+09
8.974039770181594777e-04 -1.909585473270090983e+00 4.067045328716326367e+02 2.305246987993401777e-06 -3.795261870585882491e+00 1.342498397834421635e+09
9.279620485949766247e-04 -1.883218991417934696e+00 3.661604664378124880e+02 8.882114439241050350e-07 -4.432219055397018437e+00 1.342498397835078001e+09
9.184231477398091276e-04 -1.895929532194714273e+00 3.726803413398390603e+02 1.351094721173506530e-06 -4.178630604160021633e+00 1.342498397836611748e+09
8.963678517739039238e-04 -1.906109027797810551e+00 4.123510975232379678e+02 3.050557352515372059e-06 -3.397016181157193060e+00 1.342498397838767529e+09
8.963678517739039238e-04 -1.906109027797810551e+00 4.123510975232379678e+02 3.050557352515372059e-06 -3.397016181157193060e+00 1.342498397838767529e+09
8.762578122666346732e-04 -1.920456386453970099e+00 4.513500048290886753e+02 8.279437473012215664e-07 -4.344434856277331392e+00 1.342498397839015007e+09
9.002574621052269240e-04 -1.900677581650330739e+00 4.011926461208285559e+02 1.131589238941942379e-06 -4.223603838409919042e+00 1.342498397842467070e+09
8.900062986284491611e-04 -1.909632792062177398e+00 4.339723095697309532e+02 6.563332328071434388e-07 -4.723518316435875164e+00 1.342498397842550755e+09
8.900062986284491611e-04 -1.909632792062177398e+00 4.339723095697309532e+02 6.563332328071434388e-07 -4.723518316435875164e+00 1.342498397842550755e+09
9.152873623678448034e-04 -1.892672351476568871e+00 3.759118145293903694e+02 2.464978282429225372e-07 -5.300123534944832571e+00 1.342498397842903137e+09
8.865337539968991005e-04 -1.913379237258549859e+00 4.290529894259534558e+02 7.261565426394209780e-07 -4.411722517676349931e+00 1.342498397843300819e+09
8.975644129804615694e-04 -1.903253799387327305e+00 4.048231073132181450e+02 2.677895741030771145e-07 -5.235638469205121659e+00 1.342498397843798399e+09
8.679069218015052385e-04 -1.928932073648538470e+00 4.668416856415970528e+02 1.884282788020989408e-06 -3.866533807573235393e+00 1.342498397844770432e+09
8.679069218015052385e-04 -1.928932073648538470e+00 4.668416856415970528e+02 1.884282788020989408e-06 -3.866533807573235393e+00 1.342498397844770432e+09
9.031505817513900327e-04 -1.902043888279441486e+00 3.873205172744608262e+02 2.904838018459469601e-07 -5.248325198376422307e+00 1.342498397846006393e+09
9.043214049895655689e-04 -1.901868482031560781e+00 3.925655505638277987e+02 5.443104409618907104e-07 -4.623880370429555242e+00 1.342498397846120119e+09
8.765403825057143652e-04 -1.925492825044258449e+00 4.463942566228529358e+02 8.995643168807016358e-07 -4.468333693240011506e+00 1.342498397846152306e+09
9.125509008320681565e-04 -1.894380056501453691e+00 3.772489920632601184e+02 5.146691637432813342e-07 -4.736189100082176751e+00 1.342498397846849918e+09
9.244101510976696079e-04 -1.888942612111478958e+00 3.634585835527636846e+02 5.129720235798146458e-07 -4.941697563936502391e+00 1.342498397847420692e+09
8.748143494805509608e-04 -1.922795442101669305e+00 4.410372886128739083e+02 7.309998080305191391e-07 -4.702221500693536171e+00 1.342498397848042250e+09
8.681506734654860025e-04 -1.929827300674421764e+00 4.562307396588976758e+02 2.410841988864876562e-07 -5.391379954244773565e+00 1.342498397848628044e+09
9.017817747192157993e-04 -1.901697315061338767e+00 4.005834405035836880e+02 8.653461025831204016e-07 -4.271724541900632666e+00 1.342498397849570751e+09
8.933523860145484857e-04 -1.908886701208078573e+00 4.024811393288956083e+02 6.227640305787967308e-07 -4.626550184509720332e+00 1.342498397850961924e+09
9.121017653266277154e-04 -1.896671621116309492e+00 3.854239283729808676e+02 5.174871365605750309e-07 -4.971518613742809123e+00 1.342498397851461172e+09
9.096570909958581145e-04 -1.900586320311893784e+00 3.790474765069169507e+02 2.378631767584588645e-07 -5.458628702922451836e+00 1.342498397852396250e+09
8.806058342710728140e-04 -1.916134848244209099e+00 4.314468098943657992e+02 6.128510583360791799e-07 -4.629678324296040870e+00 1.342498397855038643e+09
8.806058342710728140e-04 -1.916134848244209099e+00 4.314468098943657992e+02 6.128510583360791799e-07 -4.629678324296040870e+00 1.342498397855038643e+09
8.973549941475097037e-04 -1.904200318514996271e+00 4.159556724684326241e+02 2.393752327841866286e-07 -5.427006179155543286e+00 1.342498397857878447e+09
8.973549941475097037e-04 -1.904200318514996271e+00 4.159556724684326241e+02 2.393752327841866286e-07 -5.427006179155543286e+00 1.342498397857878447e+09
9.029708969558247278e-04 -1.899359519527406004e+00 3.953569160095913730e+02 8.104608728443262064e-07 -4.399986534214884948e+00 1.342498397859702349e+09
8.633206031667217499e-04 -1.930154079906577724e+00 4.704737165080060208e+02 3.518534622009374728e-07 -5.183193112821847137e+00 1.342498397860901356e+09
9.323958253995712079e-04 -1.882583792057028749e+00 3.520777933662831742e+02 1.312993856586056714e-06 -4.130388399740712480e+00 1.342498397861453295e+09
9.216606292702113866e-04 -1.890425635205279953e+00 3.662481745775169202e+02 1.835605362362219261e-06 -3.769216365015338965e+00 1.342498397862374544e+09
8.663966726778963125e-04 -1.928575136777876509e+00 4.623144730111064860e+02 6.873369819607100293e-07 -4.736824651965755528e+00 1.342498397863452673e+09
8.872889977249380066e-04 -1.914812266425637732e+00 4.292042674726366727e+02 2.686792489370571001e-06 -3.534350927229272799e+00 1.342498397863636732e+09
8.948341699082116912e-04 -1.907750895194828988e+00 4.193588198537385665e+02 1.076093854303575868e-06 -4.429831689681787310e+00 1.342498397863860369e+09
8.710332240588407153e-04 -1.923537318552758002e+00 4.590812980724172121e+02 1.810570081911420708e-07 -5.621765429075669118e+00 1.342498397864670753e+09
8.852575975490934021e-04 -1.910642107591308037e+00 4.400307904141783979e+02 8.046669066229169412e-07 -4.516229003605706893e+00 1.342498397865337133e+09
8.720237495735390712e-04 -1.928588235229311110e+00 4.529284623427960810e+02 1.019353045092703270e-06 -4.334174226404468477e+00 1.342498397865649462e+09
8.720237495735390712e-04 -1.928588235229311110e+00 4.529284623427960810e+02 1.019353045092703270e-06 -4.334174226404468477e+00 1.342498397865649462e+09
8.767483069686054847e-04 -1.917977488623148430e+00 4.464468380233874996e+02 1.325970561128183962e-06 -4.107074192775237442e+00 1.342498397866218090e+09
8.946694487665718181e-04 -1.909282788200433956e+00 4.123238732289745485e+02 5.683684202340744175e-07 -4.933120668622055227e+00 1.342498397866305590e+09
8.816433671270084696e-04 -1.917272507398781300e+00 4.403091282806454387e+02 1.273862328931044772e-06 -4.015654799971473565e+00 1.342498397866486073e+09
8.634894110213221742e-04 -1.931661408249118583e+00 4.741959277050427772e+02 2.652169615955414827e-07 -5.396078876608150665e+00 1.342498397866571426e+09
8.726350544755458963e-04 -1.926508803571062245e+00 4.500919917668584844e+02 8.506382871361409906e-07 -4.616616559617825466e+00 1.342498397866691828e+09
8.904725815848214343e-04 -1.910296082061349043e+00 4.274541932087039982e+02 1.992439389058047988e-07 -5.552292505873973383e+00 1.342498397867507935e+09
8.904725815848214343e-04 -1.910296082061349043e+00 4.274541932087039982e+02 1.992439389058047988e-07 -5.552292505873973383e+00 1.342498397867507935e+09
9.180962531317659551e-04 -1.894052474919732498e+00 3.641276667340042650e+02 8.163029673733921211e-07 -4.534319075627462503e+00 1.342498397869320393e+09
9.047917857660401839e-04 -1.904256754655744732e+00 3.811528534298854538e+02 1.055436423729352517e-06 -4.337980651459966808e+00 1.342498397871035337e+09
9.047917857660401839e-04 -1.904256754655744732e+00 3.811528534298854538e+02 1.055436423729352517e-06 -4.337980651459966808e+00 1.342498397871035337e+09
8.954525601785942980e-04 -1.909788533597754023e+00 4.048722058666401722e+02 4.548874758264084541e-07 -5.087129699754489920e+00 1.342498397874797106e+09
8.954525601785942980e-04 -1.909788533597754023e+00 4.048722058666401722e+02 4.548874758264084541e-07 -5.087129699754489920e+00 1.342498397874797106e+09
9.033346248560930776e-04 -1.904168707610304212e+00 3.936699127993103957e+02 2.441262259077071025e-07 -5.492284784374879436e+00 1.342498397876311779e+09
9.033346248560930776e-04 -1.904168707610304212e+00 3.936699127993103957e+02 2.441262259077071025e-07 -5.492284784374879436e+00 1.342498397876311779e+09
9.053431631786754011e-04 -1.900740385504456675e+00 3.867523374562529739e+02 2.046989385955689044e-06 -3.820259612869278065e+00 1.342498397877847910e+09
8.793023468818424691e-04 -1.916383955116372828e+00 4.405265973100769088e+02 6.047039013529281073e-07 -4.813092640366543051e+00 1.342498397878110647e+09
8.752841419727014349e-04 -1.918944840833170851e+00 4.570337953417470089e+02 1.441496573626448673e-06 -4.076152277432074200e+00 1.342498397878291845e+09
8.752841419727014349e-04 -1.918944840833170851e+00 4.570337953417470089e+02 1.441496573626448673e-06 -4.076152277432074200e+00 1.342498397878291845e+09
8.716592800505888359e-04 -1.922135993735684778e+00 4.608622036900782177e+02 1.428249691381079791e-06 -4.104945923796429419e+00 1.342498397880245209e+09
8.721948639409430552e-04 -1.922729716955399848e+00 4.537485135264528822e+02 1.063228258880262744e-06 -4.392489997666583434e+00 1.342498397882056713e+09
8.721948639409430552e-04 -1.922729716955399848e+00 4.537485135264528822e+02 1.063228258880262744e-06 -4.392489997666583434e+00 1.342498397882056713e+09
8.702455089529645849e-04 -1.926912061838969681e+00 4.577805379682074545e+02 1.847392808169102342e-06 -3.818975556764478085e+00 1.342498397882471800e+09
8.702455089529645849e-04 -1.926912061838969681e+00 4.577805379682074545e+02 1.847392808169102342e-06 -3.818975556764478085e+00 1.342498397882471800e+09
8.758846887478776919e-04 -1.923899636673844782e+00 4.466799930545076336e+02 2.294731950151529841e-06 -3.694331968729173354e+00 1.342498397882499456e+09
8.758846887478776919e-04 -1.923899636673844782e+00 4.466799930545076336e+02 2.294731950151529841e-06 -3.694331968729173354e+00 1.342498397882499456e+09
8.804571877441351967e-04 -1.918619284177029538e+00 4.413709122098010198e+02 3.531987457714981620e-07 -4.992149378863836695e+00 1.342498397883638382e+09
8.804571877441351967e-04 -1.918619284177029538e+00 4.413709122098010198e+02 3.531987457714981620e-07 -4.992149378863836695e+00 1.342498397883638382e+09
8.638532754961271432e-04 -1.932254787074305646e+00 4.659046588155368909e+02 2.888360628390392257e-07 -5.316793877068533902e+00 1.342498397885848761e+09
9.259556855161872255e-04 -1.886010224012718117e+00 3.674601476097133741e+02 7.025848274404356082e-07 -4.527319170921262348e+00 1.342498397885852098e+09
8.973603214201272089e-04 -1.908710695665456480e+00 4.139587385954438332e+02 1.152686112047723966e-06 -4.335742961140117480e+00 1.342498397886184216e+09
8.973603214201272089e-04 -1.908710695665456480e+00 4.139587385954438332e+02 1.152686112047723966e-06 -4.335742961140117480e+00 1.342498397886184216e+09
8.676520878379750728e-04 -1.927195387330205900e+00 4.760774049545821072e+02 6.035145579046805231e-07 -4.811436354184314368e+00 1.342498397886416674e+09
8.904989947501468217e-04 -1.907454773223914657e+00 4.233891416176015241e+02 1.590880882834083281e-06 -3.937987968679383499e+00 1.342498397887121201e+09
8.885621561509696176e-04 -1.915942742807737131e+00 4.187693945564385558e+02 2.867908328658918079e-07 -5.380605649521069900e+00 1.342498397887320995e+09
8.998152414206320648e-04 -1.904789388363746783e+00 4.118600434068366667e+02 7.010894020391661032e-07 -4.525822432903276571e+00 1.342498397887707949e+09
8.998152414206320648e-04 -1.904789388363746783e+00 4.118600434068366667e+02 7.010894020391661032e-07 -4.525822432903276571e+00 1.342498397887707949e+09
9.056434888415536375e-04 -1.900354544224137854e+00 3.985733801521603823e+02 2.161112160826839795e-07 -5.428374491686676961e+00 1.342498397889304638e+09
8.900591175256888444e-04 -1.910556766939142115e+00 4.167756386381965967e+02 2.500170719738256541e-06 -3.651560634064898281e+00 1.342498397889713049e+09
8.862409952201512429e-04 -1.912946764391853627e+00 4.246869264552493632e+02 4.531058424633512852e-07 -5.066421178470946529e+00 1.342498397891165972e+09
8.625595110568412072e-04 -1.930164903938323739e+00 4.874471017276274551e+02 7.990034704604744093e-07 -4.510425283691745335e+00 1.342498397891303301e+09
8.625595110568412072e-04 -1.930164903938323739e+00 4.874471017276274551e+02 7.990034704604744093e-07 -4.510425283691745335e+00 1.342498397891303301e+09
8.701317744348913315e-04 -1.926374526218254779e+00 4.469733810476830058e+02 6.265347902176759772e-07 -4.685518324454223560e+00 1.342498397892212391e+09
8.964774676964364997e-04 -1.907448660308277422e+00 4.010259557293695707e+02 1.094394462551446911e-06 -4.122503951125381150e+00 1.342498397892310619e+09
9.255486886842727995e-04 -1.887150082790000738e+00 3.649937098888018454e+02 4.463487327048172033e-07 -4.865208591257486503e+00 1.342498397894103050e+09
8.961572047309317168e-04 -1.906670303360720187e+00 4.014934454358534026e+02 1.690173944242787449e-06 -3.853670758993288814e+00 1.342498397894186020e+09
8.961572047309317168e-04 -1.906670303360720187e+00 4.014934454358534026e+02 1.690173944242787449e-06 -3.853670758993288814e+00 1.342498397894186020e+09
8.816010221356296783e-04 -1.921601719809488795e+00 4.340514979332011762e+02 4.565724269437435466e-07 -4.903980979949660757e+00 1.342498397895606995e+09
9.057817266250039068e-04 -1.901396748064120956e+00 3.863174604752595087e+02 2.263120326337614862e-06 -3.628451428754456032e+00 1.342498397896135807e+09
9.057817266250039068e-04 -1.901396748064120956e+00 3.863174604752595087e+02 2.263120326337614862e-06 -3.628451428754456032e+00 1.342498397896135807e+09
9.050309418421745907e-04 -1.900637475744618055e+00 3.851390750137611576e+02 2.810536115753157512e-07 -5.279510232186815699e+00 1.342498397898420334e+09
8.818595724101548940e-04 -1.918747894705719270e+00 4.267569517217240787e+02 2.957071205319276125e-07 -5.364321087807516264e+00 1.342498397900124788e+09
8.922359119781504526e-04 -1.912662099092741652e+00 4.096898659259173883e+02 3.887032101295949597e-07 -4.923364527071647956e+00 1.342498397900452375e+09
8.626338541090531426e-04 -1.931508550510403932e+00 4.715333189394900728e+02 5.153027717926429055e-07 -4.777747240615946467e+00 1.342498397900760174e+09
8.670407866394189882e-04 -1.927040817674686934e+00 4.607338341483364275e+02 2.841569949141113651e-07 -5.299817547667513118e+00 1.342498397901936293e+09
8.975026452720404448e-04 -1.907266941861615717e+00 4.093757703423535190e+02 2.585167340084466912e-06 -3.706418775699837909e+00 1.342498397903433084e+09
9.198247298128579006e-04 -1.890507659146369646e+00 3.702661170833474671e+02 1.106148099563168041e-06 -4.123920978796439485e+00 1.342498397903686047e+09
9.092817199987278040e-04 -1.894624320082305413e+00 3.871161439955465084e+02 6.164168011992785822e-07 -4.730549262550086453e+00 1.342498397903964996e+09
9.203471364260452274e-04 -1.888005468405260290e+00 3.710905345691784305e+02 1.348224672591411737e-06 -4.053644771126352353e+00 1.342498397903976679e+09
8.987587905836822225e-04 -1.903091371151083067e+00 3.995945539685419590e+02 2.679868365622700162e-07 -5.327419106160579787e+00 1.342498397904435158e+09
8.629536979746234814e-04 -1.929173648683212061e+00 4.784191780361110773e+02 5.415758995803821672e-07 -4.753549788397964271e+00 1.342498397904547691e+09
8.777035855510475050e-04 -1.920922271259120073e+00 4.382048261731167713e+02 6.912150074950094009e-07 -4.477359285296420133e+00 1.342498397904666662e+09
8.914837161185135443e-04 -1.908140256066518159e+00 4.298065004246771537e+02 1.122865581723989401e-06 -4.335846505487106484e+00 1.342498397905852318e+09
8.914837161185135443e-04 -1.908140256066518159e+00 4.298065004246771537e+02 1.122865581723989401e-06 -4.335846505487106484e+00 1.342498397905852318e+09
8.783722881332148638e-04 -1.922323063196661463e+00 4.489604173261337792e+02 1.253093626192462063e-06 -4.261654157491658879e+00 1.342498397905998707e+09
8.911900182597949725e-04 -1.910963347418008773e+00 4.172659944629147049e+02 2.849267670866293432e-06 -3.440358545589283779e+00 1.342498397906469822e+09
8.911900182597949725e-04 -1.910963347418008773e+00 4.172659944629147049e+02 2.849267670866293432e-06 -3.440358545589283779e+00 1.342498397906469822e+09
8.799841996870623462e-04 -1.920081376889366087e+00 4.271359541652972212e+02 1.238620812149451331e-06 -4.116153533148812826e+00 1.342498397907799244e+09
8.865221871690023500e-04 -1.914643926520318118e+00 4.146330823106293906e+02 8.418802590727583354e-07 -4.379937000347471354e+00 1.342498397909262180e+09
8.865221871690023500e-04 -1.914643926520318118e+00 4.146330823106293906e+02 8.418802590727583354e-07 -4.379937000347471354e+00 1.342498397909262180e+09
8.856780347453758334e-04 -1.915129937252426640e+00 4.379908845125553398e+02 8.346407479712027078e-07 -4.409049617773702856e+00 1.342498397910572529e+09
8.856780347453758334e-04 -1.915129937252426640e+00 4.379908845125553398e+02 8.346407479712027078e-07 -4.409049617773702856e+00 1.342498397910572529e+09
9.121356667725072235e-04 -1.898921872356282847e+00 3.866681096336882888e+02 6.205891144486538067e-07 -4.776611591055550221e+00 1.342498397910665989e+09
9.121356667725072235e-04 -1.898921872356282847e+00 3.866681096336882888e+02 6.205891144486538067e-07 -4.776611591055550221e+00 1.342498397910665989e+09
9.028452131896021410e-04 -1.903179766794473426e+00 3.939226447171059249e+02 1.331851302358460601e-07 -5.787540247778075297e+00 1.342498397911442757e+09
8.645453289697226486e-04 -1.933311690343553213e+00 4.669464307907380203e+02 6.647164808921520915e-07 -4.743003103844876556e+00 1.342498397912109375e+09
9.254084681268918110e-04 -1.886785738423603309e+00 3.639505369203145051e+02 2.262758713712794117e-06 -3.674209784963435865e+00 1.342498397913357019e+09
8.708309193999673545e-04 -1.922904556692513589e+00 4.550521970017665581e+02 8.299331232643025166e-07 -4.462027015624824067e+00 1.342498397914144754e+09
9.154772771463947452e-04 -1.893806846373298214e+00 3.696868023606291445e+02 4.554382924151339762e-07 -4.902270060349665393e+00 1.342498397915001392e+09
8.773912300813436690e-04 -1.921929014082548015e+00 4.536340329824312789e+02 6.480744846364075829e-07 -4.645225425547176101e+00 1.342498397915228367e+09
8.773912300813436690e-04 -1.921929014082548015e+00 4.536340329824312789e+02 6.480744846364075829e-07 -4.645225425547176101e+00 1.342498397915228367e+09
8.799986683900674683e-04 -1.923443573368672332e+00 4.321174733922902647e+02 3.919541092572912758e-07 -5.105580626103446207e+00 1.342498397915637493e+09
8.838727796872892974e-04 -1.913479121584528597e+00 4.298116611467321491e+02 1.170444298971095339e-06 -4.110762157293697427e+00 1.342498397915757418e+09
9.245167872471126693e-04 -1.888175956316656467e+00 3.625585060425935353e+02 2.922935955186401231e-07 -5.226713617565099668e+00 1.342498397916583538e+09
9.245167872471126693e-04 -1.888175956316656467e+00 3.625585060425935353e+02 2.922935955186401231e-07 -5.226713617565099668e+00 1.342498397916583538e+09
9.150232788840531638e-04 -1.895404172244654628e+00 3.738821773943098492e+02 1.832148236898182367e-06 -3.763780127090273098e+00 1.342498397916718721e+09
9.150232788840531638e-04 -1.895404172244654628e+00 3.738821773943098492e+02 1.832148236898182367e-06 -3.763780127090273098e+00 1.342498397916718721e+09
8.997654058343126232e-04 -1.908009335616309698e+00 3.958403759355024363e+02 2.571407517373129145e-06 -3.615368478940689911e+00 1.342498397917265177e+09
9.129270602482697072e-04 -1.896348250311323813e+00 3.765855661552870970e+02 2.625900221407289105e-07 -5.237352961366763537e+00 1.342498397917520046e+09
8.650115638493444418e-04 -1.929748073775227724e+00 4.760261826169866595e+02 2.779313195969851897e-07 -5.273889472137625489e+00 1.342498397919541836e+09
9.029521922435048038e-04 -1.901311597536964548e+00 3.952461316942590202e+02 2.368606677770507380e-06 -3.718351332475516635e+00 1.342498397921422720e+09
8.974857428805448978e-04 -1.906427118827493050e+00 4.171045432324721673e+02 5.839793437728476489e-07 -4.702675247408648396e+00 1.342498397921730280e+09
8.974857428805448978e-04 -1.906427118827493050e+00 4.171045432324721673e+02 5.839793437728476489e-07 -4.702675247408648396e+00 1.342498397921730280e+09
8.941922699427540559e-04 -1.912818233509154364e+00 4.001808638147188617e+02 1.412068632781296340e-06 -4.158618037110176857e+00 1.342498397922281027e+09
8.941922699427540559e-04 -1.912818233509154364e+00 4.001808638147188617e+02 1.412068632781296340e-06 -4.158618037110176857e+00 1.342498397922281027e+09
8.846755015414425145e-04 -1.911843999468136879e+00 4.307825562819440961e+02 1.210321476636444312e-06 -4.216571710867563993e+00 1.342498397922811508e+09
9.167093566577098028e-04 -1.891058464699684416e+00 3.807767967876846456e+02 4.738267438335082059e-07 -4.981764270423123975e+00 1.342498397923254728e+09
9.167093566577098028e-04 -1.891058464699684416e+00 3.807767967876846456e+02 4.738267438335082059e-07 -4.981764270423123975e+00 1.342498397923254728e+09
8.661751761494598800e-04 -1.930680171675391854e+00 4.631047141865255412e+02 6.099023462160108868e-07 -4.841983761168157763e+00 1.342498397924122572e+09
9.089142938255640640e-04 -1.895775089163351801e+00 3.844148159684133361e+02 3.916137183486050764e-07 -5.047352406635651434e+00 1.342498397925449610e+09
9.010866438384311896e-04 -1.902299548079425584e+00 4.000729803306102781e+02 3.516041296341136345e-07 -4.966659944293642326e+00 1.342498397925632477e+09
8.818566703040494432e-04 -1.916845140291207894e+00 4.438872386207291925e+02 2.739523399703262185e-07 -5.382622201639406967e+00 1.342498397925743818e+09
9.123686168072204150e-04 -1.893955894463839940e+00 3.772698725399994260e+02 6.133345149970496455e-07 -4.686150332629555493e+00 1.342498397927279472e+09
8.784200627126585075e-04 -1.923648127709093325e+00 4.449707685009648230e+02 9.636118073750318059e-07 -4.418394239144677549e+00 1.342498397927403927e+09
8.784200627126585075e-04 -1.923648127709093325e+00 4.449707685009648230e+02 9.636118073750318059e-07 -4.418394239144677549e+00 1.342498397927403927e+09
8.896122338911189491e-04 -1.911016374298819098e+00 4.343565178805915252e+02 6.533226300481530696e-07 -4.672295349273614562e+00 1.342498397928043842e+09
9.029787342851051859e-04 -1.898798097904771831e+00 4.014514627095169885e+02 6.076725111913908441e-07 -4.602113723360421460e+00 1.342498397928356171e+09
8.764142971943887292e-04 -1.922492314967950033e+00 4.440774261750916025e+02 2.061470809591029487e-06 -3.710891118971867186e+00 1.342498397929044724e+09
9.225235285462002593e-04 -1.886792591372255412e+00 3.745795167417375069e+02 5.686022847534212709e-07 -4.758484860038278974e+00 1.342498397929320335e+09
8.794582760359938214e-04 -1.921760032511354632e+00 4.370519386543089126e+02 4.356616750663407977e-07 -4.864429612693193405e+00 1.342498397930042267e+09
9.176621668312500649e-04 -1.894723469687631390e+00 3.758184083431315230e+02 2.355895681345374371e-06 -3.729970240921461233e+00 1.342498397930470705e+09
8.774460215205302999e-04 -1.922840111414348296e+00 4.343522201135415344e+02 2.077600052104291831e-07 -5.466046507021196987e+00 1.342498397930792570e+09
8.788859232456634448e-04 -1.921723921712047867e+00 4.497048473178722929e+02 8.009382473107642828e-07 -4.535226460637278301e+00 1.342498397931033611e+09
8.788859232456634448e-04 -1.921723921712047867e+00 4.497048473178722929e+02 8.009382473107642828e-07 -4.535226460637278301e+00 1.342498397931033611e+09
8.816425528948228880e-04 -1.913328146187432299e+00 4.424950650129106293e+02 4.918649879339526592e-07 -4.826883682550505483e+00 1.342498397931600571e+09
9.071865341096474987e-04 -1.902628395444932563e+00 3.819012462733637108e+02 3.820244568885682070e-07 -4.976682028500179378e+00 1.342498397931769609e+09
9.071865341096474987e-04 -1.902628395444932563e+00 3.819012462733637108e+02 3.820244568885682070e-07 -4.976682028500179378e+00 1.342498397931769609e+09
8.923906017513766591e-04 -1.909118985577962002e+00 4.288972194378349627e+02 1.243398412778138239e-06 -4.169470031569382229e+00 1.342498397932057858e+09
8.801365423218595165e-04 -1.922186703923878470e+00 4.296360358115110216e+02 6.209909614066809486e-07 -4.616360194007960160e+00 1.342498397933762550e+09
8.784624537057205557e-04 -1.917007910044849606e+00 4.396554896714980600e+02 8.432971243023289128e-07 -4.399573615305030216e+00 1.342498397933881760e+09
8.784624537057205557e-04 -1.917007910044849606e+00 4.396554896714980600e+02 8.432971243023289128e-07 -4.399573615305030216e+00 1.342498397933881760e+09
9.282593983011463686e-04 -1.886504827112954974e+00 3.616659172941023712e+02 1.292253966406925832e-06 -4.086639102500949861e+00 1.342498397935394287e+09
8.827145243524192782e-04 -1.914152704326098409e+00 4.291820710025493781e+02 2.839151316137386168e-07 -5.274666542655434220e+00 1.342498397935613632e+09
9.181004870071240087e-04 -1.893624146430630262e+00 3.661813196076258805e+02 1.516831054469450458e-06 -3.977867164069219363e+00 1.342498397937342405e+09
9.033709064126973056e-04 -1.901115712341000963e+00 3.893813705017576581e+02 3.202755223915636001e-07 -5.113468126493630805e+00 1.342498397939808846e+09
9.033709064126973056e-04 -1.901115712341000963e+00 3.893813705017576581e+02 3.202755223915636001e-07 -5.113468126493630805e+00 1.342498397939808846e+09
8.711663675171825265e-04 -1.924691833966020837e+00 4.623980547469041085e+02 2.341232648859355190e-07 -5.487655053916492776e+00 1.342498397942706585e+09
8.711663675171825265e-04 -1.924691833966020837e+00 4.623980547469041085e+02 2.341232648859355190e-07 -5.487655053916492776e+00 1.342498397942706585e+09
8.861278814317492120e-04 -1.912964180054093299e+00 4.414143512933117677e+02 1.006481455131606455e-06 -4.324155376607288659e+00 1.342498397942916393e+09
8.861278814317492120e-04 -1.912964180054093299e+00 4.414143512933117677e+02 1.006481455131606455e-06 -4.324155376607288659e+00 1.342498397942916393e+09
8.859754832473663855e-04 -1.916585320406616777e+00 4.234738438852999138e+02 2.259874745138756682e-07 -5.549161829285038650e+00 1.342498397944573879e+09
8.859754832473663855e-04 -1.916585320406616777e+00 4.234738438852999138e+02 2.259874745138756682e-07 -5.549161829285038650e+00 1.342498397944573879e+09
9.235330350825068143e-04 -1.887047238095733714e+00 3.665081407484767624e+02 4.161242756606119998e-07 -4.915801438853192096e+00 1.342498397946242571e+09
9.006877647705220343e-04 -1.905985913057206105e+00 3.969559137594644653e+02 2.281593352005263378e-07 -5.334763032462728205e+00 1.342498397946414709e+09
9.021963244291912685e-04 -1.905991103146219334e+00 3.860140500646702435e+02 3.278905834402270081e-07 -5.191197772676710898e+00 1.342498397947129011e+09
8.954683317873620828e-04 -1.913100588305346239e+00 4.045406666220396232e+02 1.290182019663160988e-06 -4.184063269409569408e+00 1.342498397948340893e+09
8.907849063242950609e-04 -1.912456074744861123e+00 4.248953096852201270e+02 3.215471130959267727e-07 -5.152718465116052471e+00 1.342498397948656321e+09
8.737747840427525017e-04 -1.926851786066138938e+00 4.399956336463228013e+02 5.014455222831540506e-07 -4.960966933451010696e+00 1.342498397948873043e+09
8.737747840427525017e-04 -1.926851786066138938e+00 4.399956336463228013e+02 5.014455222831540506e-07 -4.960966933451010696e+00 1.342498397948873043e+09
8.864033313455426007e-04 -1.918133030772243064e+00 4.224636934200034375e+02 1.776748290394748180e-06 -4.006326448045690825e+00 1.342498397948896885e+09
9.256621482574100938e-04 -1.884719971609220668e+00 3.641288639171057184e+02 5.810395778638144908e-07 -4.748736845256321892e+00 1.342498397950812340e+09
8.994923203150236371e-04 -1.907382764938422515e+00 4.097918708285286016e+02 9.248606633167107615e-07 -4.495148731767564243e+00 1.342498397953608513e+09
9.010799022015193813e-04 -1.903162125895935475e+00 3.952194132065768031e+02 1.585819051365367973e-07 -5.698371732465185246e+00 1.342498397954383373e+09
9.105124873465859784e-04 -1.897703887847350668e+00 3.776928593382131112e+02 2.561423078601697072e-07 -5.297898337965734505e+00 1.342498397954536200e+09
8.815205126917189434e-04 -1.920375584369059307e+00 4.242668935372402075e+02 4.888341242989741438e-07 -4.790636263503779801e+00 1.342498397954851389e+09
8.815205126917189434e-04 -1.920375584369059307e+00 4.242668935372402075e+02 4.888341242989741438e-07 -4.790636263503779801e+00 1.342498397954851389e+09
8.681734397737555760e-04 -1.926081730800934810e+00 4.689923521872055403e+02 1.428464253982389649e-06 -4.013298717743682076e+00 1.342498397955491066e+09
8.781335133653494877e-04 -1.923995674274369128e+00 4.354078132597382478e+02 1.195251711077964802e-06 -4.330414631049015028e+00 1.342498397955992937e+09
8.781335133653494877e-04 -1.923995674274369128e+00 4.354078132597382478e+02 1.195251711077964802e-06 -4.330414631049015028e+00 1.342498397955992937e+09
8.988414929955237942e-04 -1.905855586868158591e+00 3.993552845653306917e+02 2.715691152070163746e-06 -3.594450495826729153e+00 1.342498397956364155e+09
8.879920677261542118e-04 -1.914017422245669398e+00 4.292079051428327716e+02 1.099777078536194838e-06 -4.154217608258439220e+00 1.342498397959649324e+09
8.852051787072995207e-04 -1.913383543516679275e+00 4.285473591860315992e+02 6.971628892051896302e-07 -4.453651876004262711e+00 1.342498397959729671e+09
8.878336746670310994e-04 -1.911997047812544093e+00 4.191007505117555638e+02 1.454001063529865339e-07 -5.741589788722165189e+00 1.342498397959739208e+09
8.878336746670310994e-04 -1.911997047812544093e+00 4.191007505117555638e+02 1.454001063529865339e-07 -5.741589788722165189e+00 1.342498397959739208e+09
8.923121271924728398e-04 -1.910780778608261565e+00 4.038828426256031889e+02 3.207933124761096488e-07 -5.118463492594656827e+00 1.342498397959994316e+09
8.763885127626723547e-04 -1.924116929130931464e+00 4.430855718397449436e+02 2.722937249699435367e-07 -5.260187391095249687e+00 1.342498397961786032e+09
8.813164520634100786e-04 -1.917878999164608800e+00 4.408685198658895388e+02 2.653319994659720898e-06 -3.559093152510612867e+00 1.342498397963192225e+09
8.775072771007026533e-04 -1.918731220559701356e+00 4.360025475697083266e+02 6.702434888757838380e-07 -4.630265222666026581e+00 1.342498397963901758e+09
8.954422083192779347e-04 -1.905544958148595258e+00 4.137546204982285758e+02 2.567490819376136657e-06 -3.551277507378809872e+00 1.342498397964307308e+09
9.192297777742993153e-04 -1.891447727569832704e+00 3.751754162261879628e+02 2.749446514693932854e-06 -3.560560979705467588e+00 1.342498397964613199e+09
9.192297777742993153e-04 -1.891447727569832704e+00 3.751754162261879628e+02 2.749446514693932854e-06 -3.560560979705467588e+00 1.342498397964613199e+09
8.884145017543552091e-04 -1.912763597825716477e+00 4.166381028653077010e+02 1.818934458077804550e-06 -3.773573640526221240e+00 1.342498397965832949e+09
8.918697949754437592e-04 -1.915297511863053526e+00 4.071355743148414490e+02 5.433029877081479034e-07 -4.902462279065783690e+00 1.342498397967616558e+09
9.130329964184226346e-04 -1.899296190013165520e+00 3.823476670040120098e+02 9.499662092360941700e-07 -4.470697564993984408e+00 1.342498397968422174e+09
8.936193413884426992e-04 -1.913342569319948172e+00 4.023375178093702971e+02 8.395976122143533279e-07 -4.408221732263174708e+00 1.342498397970043659e+09
8.860179049256579646e-04 -1.917157672550824810e+00 4.182427514503509087e+02 2.442645725039194943e-07 -5.479731412091997100e+00 1.342498397970676184e+09
9.231643035033873252e-04 -1.888373172886030460e+00 3.616546923150408475e+02 9.540490968550203617e-07 -4.315417516471677040e+00 1.342498397972311497e+09
9.071708055697501241e-04 -1.898051966923031575e+00 3.994133884277072184e+02 1.567564193976573143e-06 -3.902583523126947895e+00 1.342498397973065615e+09
9.263963560275419867e-04 -1.889365545142318581e+00 3.612592153523598881e+02 1.430494492373835062e-06 -4.053479283484124451e+00 1.342498397973124027e+09
9.263963560275419867e-04 -1.889365545142318581e+00 3.612592153523598881e+02 1.430494492373835062e-06 -4.053479283484124451e+00 1.342498397973124027e+09
8.877505237675050375e-04 -1.910590592016094602e+00 4.304109033600896623e+02 2.090964574683694925e-06 -3.704001802518954278e+00 1.342498397974246740e+09
9.057683387402061786e-04 -1.898591769419542219e+00 4.041780869574490680e+02 9.150031801957680767e-07 -4.352634690376775417e+00 1.342498397974986315e+09
8.776673427571608137e-04 -1.919970677039354534e+00 4.395346632418400645e+02 1.918572925393835251e-06 -3.894882579593631711e+00 1.342498397976886988e+09
9.065132582528314048e-04 -1.903515086134431211e+00 3.936857607704302495e+02 1.711376259302622847e-06 -3.923925406647221337e+00 1.342498397978235245e+09
9.084414572375585370e-04 -1.895952376962090957e+00 3.955946982883424994e+02 2.072685137643986287e-06 -3.721399241251824641e+00 1.342498397978499889e+09
8.698618738648302004e-04 -1.926786977761512087e+00 4.497346281240455141e+02 4.469666211219596250e-07 -4.885951570237020647e+00 1.342498397980162382e+09
9.114448852094524751e-04 -1.896796123482917373e+00 3.762045207001743279e+02 3.424401622147838847e-07 -5.188042548519852915e+00 1.342498397980426788e+09
8.639432649751875625e-04 -1.930246760748359769e+00 4.660361886271073786e+02 3.909803625842358541e-07 -5.025762073293468468e+00 1.342498397981021881e+09
8.888190498906054296e-04 -1.913611444697028041e+00 4.136840286540565330e+02 1.934155839352703722e-06 -3.912517281803742364e+00 1.342498397983159542e+09
8.782500394356509412e-04 -1.921701264615559346e+00 4.351711410573897751e+02 1.946765697467710116e-06 -3.779894648249376488e+00 1.342498397985692501e+09
8.720745776140684724e-04 -1.925160512442557703e+00 4.563788537418958526e+02 2.194328244347330802e-06 -3.763258309062831763e+00 1.342498397985784769e+09
8.906557987270771705e-04 -1.911786935753902572e+00 4.068740600341179174e+02 4.072046838035065585e-07 -4.932232640779139921e+00 1.342498397986058950e+09
8.749223650874564514e-04 -1.921616860932948700e+00 4.393327523037715423e+02 3.867280086791049561e-07 -5.075779728285543690e+00 1.342498397986440182e+09
9.041327120971452301e-04 -1.906406715810832875e+00 3.859119955517344920e+02 1.183584479278219310e-06 -4.183623696316835172e+00 1.342498397988522768e+09
9.010433146396472619e-04 -1.904639053500009505e+00 3.931325417887528602e+02 2.299096997053699929e-06 -3.655791399408960807e+00 1.342498397989914656e+09
9.103501297220510094e-04 -1.894742754887931868e+00 3.825346159415851730e+02 1.024118569372173133e-06 -4.317488497423724425e+00 1.342498397992055893e+09
9.115513352751827532e-04 -1.900275092196514137e+00 3.817670858191590924e+02 1.729388049429822495e-06 -4.018842801480223770e+00 1.342498397995507956e+09
8.809063560716685545e-04 -1.920484322273279698e+00 4.222759336246022599e+02 3.605928261223669414e-07 -5.125527459279087594e+00 1.342498397996009588e+09
8.851261388965598036e-04 -1.911949390016399075e+00 4.334700701511146690e+02 2.017068374420199996e-07 -5.512018566227084193e+00 1.342498397996259928e+09
9.149816344003046820e-04 -1.892326559610338910e+00 3.887707064349159509e+02 9.183677605993761948e-07 -4.428070192048045861e+00 1.342498397996748209e+09
9.057779674308965396e-04 -1.902740157425381273e+00 3.830960811599563272e+02 8.170174929609024461e-07 -4.387208516632115085e+00 1.342498397999578953e+09
9.057779674308965396e-04 -1.902740157425381273e+00 3.830960811599563272e+02 8.170174929609024461e-07 -4.387208516632115085e+00 1.342498397999578953e+09
8.860974126609672159e-04 -1.910202553072630538e+00 4.367337710116520384e+02 1.044455348195527322e-06 -4.295787188960274783e+00 1.342498398000596285e+09
9.134092713373535280e-04 -1.896374303623412860e+00 3.772451687535956353e+02 2.863908045247090816e-07 -5.357027301275980591e+00 1.342498398001336098e+09
9.134092713373535280e-04 -1.896374303623412860e+00 3.772451687535956353e+02 2.863908045247090816e-07 -5.357027301275980591e+00 1.342498398001336098e+09
8.854351322619173018e-04 -1.915084236282804442e+00 4.310124910392526658e+02 1.592487639669384462e-06 -3.849513740740829526e+00 1.342498398001734495e+09
8.854351322619173018e-04 -1.915084236282804442e+00 4.310124910392526658e+02 1.592487639669384462e-06 -3.849513740740829526e+00 1.342498398001734495e+09
9.168259120302193772e-04 -1.893400047047186341e+00 3.711106646817440264e+02 2.426631853976401894e-07 -5.410827984128260937e+00 1.342498398001803875e+09
8.880712901269765223e-04 -1.913678481099887474e+00 4.279994711844170183e+02 2.957500705893955684e-07 -5.156378422111650650e+00 1.342498398002592087e+09
9.130552838082555073e-04 -1.897055144893194489e+00 3.722434169885166853e+02 1.082639518076854910e-06 -4.209812140480781117e+00 1.342498398004453421e+09
8.967236377759895587e-04 -1.903668472946834278e+00 4.137098567507803182e+02 2.258973807344307197e-07 -5.400391633208470488e+00 1.342498398005301714e+09
8.953859102959432856e-04 -1.912632234858539837e+00 4.083772900901399225e+02 6.187507488277672543e-07 -4.749787952888533837e+00 1.342498398005426168e+09
8.834642123717282051e-04 -1.919236808402586147e+00 4.377969349599125053e+02 1.230051691310920463e-06 -4.211566027178769822e+00 1.342498398005645990e+09
8.775263514812883022e-04 -1.918139639638420491e+00 4.535982609393787470e+02 1.052544008091571734e-06 -4.398633536245879938e+00 1.342498398006713152e+09
8.847840715973184647e-04 -1.913742744198585033e+00 4.352588544813004319e+02 1.152577214344163800e-06 -4.092698727390612135e+00 1.342498398007849932e+09
8.710483400955864848e-04 -1.929097190788805927e+00 4.541069212855584851e+02 4.538818531029457211e-07 -4.989410461452030709e+00 1.342498398008197546e+09
8.721814188707836292e-04 -1.922857232700894592e+00 4.665087370301574765e+02 4.294746539476689693e-07 -4.938064990720420155e+00 1.342498398010232210e+09
8.938365917721857908e-04 -1.908123621688923910e+00 4.096287570039585262e+02 2.318178044736714339e-07 -5.516092459226884515e+00 1.342498398011590004e+09
8.938365917721857908e-04 -1.908123621688923910e+00 4.096287570039585262e+02 2.318178044736714339e-07 -5.516092459226884515e+00 1.342498398011590004e+09
9.233574482299061834e-04 -1.891163010029196734e+00 3.596451420494549325e+02 5.503887654705793849e-07 -4.768500963795713865e+00 1.342498398012820005e+09
8.805895559574160444e-04 -1.921454953547695910e+00 4.414223833064849600e+02 4.514082851680596113e-07 -4.985360197386338399e+00 1.342498398012909412e+09
8.978576916267691542e-04 -1.906005858057828739e+00 4.012007022562034422e+02 1.971043886129593090e-06 -3.909540797478076257e+00 1.342498398014563799e+09
9.257589568529691953e-04 -1.885318433745428512e+00 3.663692542728998092e+02 4.530898250453521985e-07 -4.947108634196642818e+00 1.342498398015371799e+09
9.154817583540567419e-04 -1.893555238929787166e+00 3.835877144495213429e+02 5.973811813170831994e-07 -4.831297667830272147e+00 1.342498398016183853e+09
9.303566307703323634e-04 -1.884655315992102453e+00 3.536593493651060385e+02 1.084090531571074042e-06 -4.241779558052217070e+00 1.342498398016474724e+09
9.137196385796781881e-04 -1.892136849401791610e+00 3.812750401657806378e+02 9.082216814246840281e-07 -4.467338192850299095e+00 1.342498398018203735e+09
9.137196385796781881e-04 -1.892136849401791610e+00 3.812750401657806378e+02 9.082216814246840281e-07 -4.467338192850299095e+00 1.342498398018203735e+09
8.835875211440087206e-04 -1.918659634107529488e+00 4.198849276116185933e+02 1.625523396147172501e-06 -3.963686124218964935e+00 1.342498398022351980e+09
9.009939123653866889e-04 -1.905931127463130537e+00 3.892708462559363625e+02 1.469232241974706658e-06 -4.101768295424793820e+00 1.342498398023656130e+09
8.700718346744069952e-04 -1.926818204203364582e+00 4.483819846626638537e+02 7.737502735687834060e-07 -4.498605699727115770e+00 1.342498398025620222e+09
8.880120173112090879e-04 -1.915681693130430130e+00 4.080048465097638086e+02 7.201174281677548814e-07 -4.603488904143797633e+00 1.342498398026467562e+09
8.880120173112090879e-04 -1.915681693130430130e+00 4.080048465097638086e+02 7.201174281677548814e-07 -4.603488904143797633e+00 1.342498398026467562e+09
8.609255911073541599e-04 -1.933247192792556746e+00 4.862421109571124589e+02 5.446060830953937866e-07 -4.800074735557721795e+00 1.342498398028942585e+09
9.170015290429052663e-04 -1.892581297849746935e+00 3.682470379576200230e+02 7.378569253241834179e-07 -4.591703197183589324e+00 1.342498398029215813e+09
8.852301467305388315e-04 -1.913043779748503592e+00 4.212356180113983442e+02 3.597743170014138977e-07 -5.097655907522145924e+00 1.342498398031657457e+09
8.878766225209268510e-04 -1.910149229886239031e+00 4.228605456546472965e+02 5.344702871682913941e-07 -4.698710671053136778e+00 1.342498398033105135e+09
9.040031461970069859e-04 -1.903601959032104718e+00 3.911289952005981831e+02 2.142606320092305983e-07 -5.559281839709430351e+00 1.342498398033457041e+09
8.839469297379028059e-04 -1.918564707685725956e+00 4.299257090134485679e+02 4.736786439053468160e-07 -4.805222809594051903e+00 1.342498398035002947e+09
9.109586073848994440e-04 -1.898388005879573015e+00 3.809220963773456106e+02 6.434348466451324151e-07 -4.530559042579461071e+00 1.342498398035919666e+09
8.710843303639322251e-04 -1.926791190106856844e+00 4.639316495816539145e+02 4.105957114700204254e-07 -5.016561497882907616e+00 1.342498398038433790e+09
8.710843303639322251e-04 -1.926791190106856844e+00 4.639316495816539145e+02 4.105957114700204254e-07 -5.016561497882907616e+00 1.342498398038433790e+09
8.683957283902205308e-04 -1.925399319507720364e+00 4.594114539773511865e+02 3.634317674260733716e-07 -5.071250465760646087e+00 1.342498398040418863e+09
8.939787347665802868e-04 -1.906214092953962602e+00 4.187372383413374450e+02 1.959139519965497607e-06 -3.885351733402430341e+00 1.342498398041181803e+09
8.596378990865694188e-04 -1.933351118852465245e+00 4.806556143635258991e+02 4.529312807361322512e-07 -4.931304719551759419e+00 1.342498398041454315e+09
8.734553397453316721e-04 -1.923076113366090745e+00 4.429284266251714257e+02 9.838894526845142991e-07 -4.390057890920945560e+00 1.342498398042659044e+09
9.012454325527331691e-04 -1.904173869971853117e+00 3.993060144959573563e+02 1.885823534637585036e-06 -3.983545669032196201e+00 1.342498398042997360e+09
8.815933946943860754e-04 -1.919436449748760154e+00 4.319679747030922954e+02 2.505138651737812788e-06 -3.666090901196035645e+00 1.342498398043228149e+09
8.700608585769393361e-04 -1.925378346722631751e+00 4.553773602374218967e+02 4.426959199056433719e-07 -4.856473395192953291e+00 1.342498398043590546e+09
8.700608585769393361e-04 -1.925378346722631751e+00 4.553773602374218967e+02 4.426959199056433719e-07 -4.856473395192953291e+00 1.342498398043590546e+09
8.582132824352969695e-04 -1.935443224143275742e+00 4.868246566768829098e+02 8.202303852926309312e-07 -4.508452656086817001e+00 1.342498398044764996e+09
9.222726392420336778e-04 -1.890287592806942252e+00 3.635491657095318487e+02 9.676099350474855101e-07 -4.461458470302154922e+00 1.342498398046898603e+09
8.922118624398621065e-04 -1.909865896595746904e+00 4.262667161804859006e+02 4.002759163583283846e-07 -5.003692981611488122e+00 1.342498398047524929e+09
8.736711829814125920e-04 -1.922643249799424581e+00 4.478527062500862712e+02 1.879333403268172951e-07 -5.609674601609871303e+00 1.342498398048102856e+09
8.736711829814125920e-04 -1.922643249799424581e+00 4.478527062500862712e+02 1.879333403268172951e-07 -5.609674601609871303e+00 1.342498398048102856e+09
8.858504429561458136e-04 -1.912254436145732317e+00 4.410373710888855499e+02 1.241552163892802063e-06 -4.221373617154527302e+00 1.342498398048683643e+09
8.858504429561458136e-04 -1.912254436145732317e+00 4.410373710888855499e+02 1.241552163892802063e-06 -4.221373617154527302e+00 1.342498398048683643e+09
9.101386951081320842e-04 -1.899873648152936356e+00 3.875207288763365909e+02 1.903625460594979132e-06 -3.954167029998137295e+00 1.342498398048779964e+09
8.941632610792633624e-04 -1.910095440213279261e+00 4.021934007559307815e+02 1.882447904839707322e-07 -5.581026463597645204e+00 1.342498398048953772e+09
9.125005601484085680e-04 -1.896059438910269623e+00 3.895116292172643853e+02 1.428583906822411214e-06 -3.994684646522653537e+00 1.342498398049545765e+09
8.863028236960889287e-04 -1.913058420858700259e+00 4.259390287842380189e+02 1.204757591531057357e-06 -4.048939795984858314e+00 1.342498398052775860e+09
9.193787210648395568e-04 -1.889373393585823457e+00 3.738859592704035890e+02 8.296982804648322848e-07 -4.364171313781150197e+00 1.342498398052844763e+09
8.829833181324520759e-04 -1.916323297348759169e+00 4.365354990714583892e+02 5.668328061764447072e-07 -4.919472091800204616e+00 1.342498398053127527e+09
8.829833181324520759e-04 -1.916323297348759169e+00 4.365354990714583892e+02 5.668328061764447072e-07 -4.919472091800204616e+00 1.342498398053127527e+09
8.869081695135785752e-04 -1.916467419022980234e+00 4.167606510381137355e+02 1.899451264460110796e-07 -5.541252353585291779e+00 1.342498398053637981e+09
8.869081695135785752e-04 -1.916467419022980234e+00 4.167606510381137355e+02 1.899451264460110796e-07 -5.541252353585291779e+00 1.342498398053637981e+09
8.817209361736555321e-04 -1.914906770453532081e+00 4.413206784893832832e+02 1.714755928528836427e-06 -3.981811084366633224e+00 1.342498398054753542e+09
8.817209361736555321e-04 -1.914906770453532081e+00 4.413206784893832832e+02 1.714755928528836427e-06 -3.981811084366633224e+00 1.342498398054753542e+09
9.025327378524948671e-04 -1.901767934217633016e+00 3.952567575706291336e+02 7.681281118423655972e-07 -4.669147422009385373e+00 1.342498398055039644e+09
9.025327378524948671e-04 -1.901767934217633016e+00 3.952567575706291336e+02 7.681281118423655972e-07 -4.669147422009385373e+00 1.342498398055039644e+09
9.063302409157449318e-04 -1.900965323659711714e+00 3.819005997238632517e+02 3.177260291713494928e-07 -5.214254699322848019e+00 1.342498398055336714e+09
9.063302409157449318e-04 -1.900965323659711714e+00 3.819005997238632517e+02 3.177260291713494928e-07 -5.214254699322848019e+00 1.342498398055336714e+09
8.606653668076207769e-04 -1.932672218775670192e+00 4.879212706633274479e+02 9.268825983214513855e-07 -4.425628607530835090e+00 1.342498398056880236e+09
8.952607123270163187e-04 -1.907376876762487239e+00 4.083171077184344426e+02 1.612671398443388386e-07 -5.740347202315737363e+00 1.342498398057905436e+09
8.952607123270163187e-04 -1.907376876762487239e+00 4.083171077184344426e+02 1.612671398443388386e-07 -5.740347202315737363e+00 1.342498398057905436e+09
9.192197845729818684e-04 -1.892469415739961303e+00 3.667234659141747670e+02 2.973192594277343571e-07 -5.260929907207513523e+00 1.342498398057925940e+09
9.192197845729818684e-04 -1.892469415739961303e+00 3.667234659141747670e+02 2.973192594277343571e-07 -5.260929907207513523e+00 1.342498398057925940e+09
9.017512953328500874e-04 -1.905178994047375785e+00 3.916196031170153447e+02 6.252775762366237819e-07 -4.560454689009948659e+00 1.342498398058316231e+09
9.114654971455130993e-04 -1.895071061106864629e+00 3.791443644940174522e+02 3.464619291975481503e-07 -5.077187288748262972e+00 1.342498398059370279e+09
9.114654971455130993e-04 -1.895071061106864629e+00 3.791443644940174522e+02 3.464619291975481503e-07 -5.077187288748262972e+00 1.342498398059370279e+09
8.741625538710563834e-04 -1.925233642970966219e+00 4.473300660811077023e+02 9.637548490587790023e-07 -4.515745818001866141e+00 1.342498398059587955e+09
8.799605676445218256e-04 -1.918133081794314077e+00 4.342303643549723233e+02 4.293317449388244987e-07 -5.094093999757387081e+00 1.342498398061754227e+09
8.999805037473438459e-04 -1.908291970289629047e+00 4.003040540010380255e+02 1.261556043680372036e-06 -4.302260772412354939e+00 1.342498398062391996e+09
8.738436621437674573e-04 -1.923791521976400798e+00 4.481172220197935872e+02 2.242673535136595619e-07 -5.371684310366232395e+00 1.342498398062497139e+09
8.870868551806021518e-04 -1.915776947779756378e+00 4.217129027973897450e+02 1.828892274390631218e-07 -5.541695573661077567e+00 1.342498398062563181e+09
8.891128814262169071e-04 -1.914666826138789579e+00 4.202170980820595219e+02 2.502497483230476656e-07 -5.303246644635682294e+00 1.342498398062725782e+09
9.201372773781088879e-04 -1.890503482811928926e+00 3.774039854004216181e+02 9.814468139042806453e-07 -4.439364312095587906e+00 1.342498398063359022e+09
8.942032781609596422e-04 -1.910637950592651624e+00 4.149830982486926132e+02 2.725287351673527082e-06 -3.565245237932239242e+00 1.342498398063550949e+09
8.720335445146704719e-04 -1.927734460634544567e+00 4.547904864928243569e+02 4.307166488765857135e-07 -4.972019169863767019e+00 1.342498398064236879e+09
8.720335445146704719e-04 -1.927734460634544567e+00 4.547904864928243569e+02 4.307166488765857135e-07 -4.972019169863767019e+00 1.342498398064236879e+09
8.737745117789067015e-04 -1.924119876631487092e+00 4.517034761091789505e+02 4.344044540988441218e-07 -5.103313958560624641e+00 1.342498398064611197e+09
9.059517701108779544e-04 -1.903524926129075423e+00 3.816395970809749087e+02 1.006398968214308733e-06 -4.271413715175134129e+00 1.342498398064959526e+09
8.956850355157185270e-04 -1.905821919111975848e+00 4.194617051937137262e+02 1.534744077845729797e-06 -4.106619464459698499e+00 1.342498398065107822e+09
8.962985871675096172e-04 -1.905030710328596388e+00 4.209854107129144722e+02 1.478677413496979048e-06 -4.080530110748066264e+00 1.342498398065476179e+09
9.198490602607613687e-04 -1.890138632222213122e+00 3.657624680021715449e+02 6.728010895869734730e-07 -4.632569429959931817e+00 1.342498398069382191e+09
9.198490602607613687e-04 -1.890138632222213122e+00 3.657624680021715449e+02 6.728010895869734730e-07 -4.632569429959931817e+00 1.342498398069382191e+09
9.183310295595838255e-04 -1.892719131107880148e+00 3.761082920494250175e+02 9.342535524031530194e-07 -4.280256831117439376e+00 1.342498398069398880e+09
8.853001143943213785e-04 -1.914631469952651432e+00 4.273484094998434557e+02 3.989767811280839410e-07 -4.877590608638836756e+00 1.342498398069711208e+09
8.833644256900340932e-04 -1.915352627018484633e+00 4.220149423591021218e+02 6.276706097962188523e-07 -4.664316600395433277e+00 1.342498398071968317e+09
8.618175596654259474e-04 -1.930683279604258562e+00 4.805661513275408652e+02 6.171954501510409100e-07 -4.668917750788312837e+00 1.342498398072844982e+09
8.823963259553409787e-04 -1.919026022338227833e+00 4.227443648767726927e+02 4.965692393017828551e-07 -4.775298027321809080e+00 1.342498398073549986e+09
9.060675862802879729e-04 -1.901678115755690790e+00 3.897759865153229271e+02 2.023060088840425044e-07 -5.447226176583091828e+00 1.342498398074145555e+09
9.060675862802879729e-04 -1.901678115755690790e+00 3.897759865153229271e+02 2.023060088840425044e-07 -5.447226176583091828e+00 1.342498398074145555e+09
8.845941783254413762e-04 -1.914804574958141270e+00 4.409692075439248811e+02 4.446576635730735925e-07 -5.031034362670671278e+00 1.342498398076376200e+09
8.757020585245881830e-04 -1.925499485324430271e+00 4.352824948213763037e+02 8.859647045741073289e-07 -4.414381819133495810e+00 1.342498398076849699e+09
8.757020585245881830e-04 -1.925499485324430271e+00 4.352824948213763037e+02 8.859647045741073289e-07 -4.414381819133495810e+00 1.342498398076849699e+09
8.796650437116861412e-04 -1.920570913279186165e+00 4.290077578945714549e+02 8.829520444935851085e-07 -4.343064604870630063e+00 1.342498398078281403e+09
8.939447099522387398e-04 -1.908222933901727369e+00 4.177722675676212134e+02 1.471950793528285304e-06 -3.904561061938635724e+00 1.342498398078827143e+09
8.891734012626842593e-04 -1.915176629354006899e+00 4.065672539196935418e+02 9.512564136495483480e-07 -4.382616200298237175e+00 1.342498398079436779e+09
8.891734012626842593e-04 -1.915176629354006899e+00 4.065672539196935418e+02 9.512564136495483480e-07 -4.382616200298237175e+00 1.342498398079436779e+09
8.750145690474661793e-04 -1.923265186764803847e+00 4.357416963882303662e+02 5.739830811221380892e-07 -4.793414416306734260e+00 1.342498398080876827e+09
8.750145690474661793e-04 -1.923265186764803847e+00 4.357416963882303662e+02 5.739830811221380892e-07 -4.793414416306734260e+00 1.342498398080876827e+09
9.030136076795857239e-04 -1.905173822078057189e+00 3.976876019043791075e+02 3.446560251737690182e-07 -5.080434978344566588e+00 1.342498398081970692e+09
9.111834369709022590e-04 -1.895796488604444274e+00 3.793623687352788352e+02 2.753329292485135392e-07 -5.312756983272418410e+00 1.342498398083589315e+09
9.111834369709022590e-04 -1.895796488604444274e+00 3.793623687352788352e+02 2.753329292485135392e-07 -5.312756983272418410e+00 1.342498398083589315e+09
8.736125719389586063e-04 -1.924384412093848251e+00 4.497326070302748917e+02 2.123865145671010809e-06 -3.797307302104254489e+00 1.342498398083982229e+09
8.736125719389586063e-04 -1.924384412093848251e+00 4.497326070302748917e+02 2.123865145671010809e-06 -3.797307302104254489e+00 1.342498398083982229e+09
9.071494410533561615e-04 -1.895967995293395880e+00 4.000880064917876098e+02 1.071349031639477370e-06 -4.261006923167807159e+00 1.342498398085118771e+09
9.071494410533561615e-04 -1.895967995293395880e+00 4.000880064917876098e+02 1.071349031639477370e-06 -4.261006923167807159e+00 1.342498398085118771e+09
8.863835600759170956e-04 -1.913880077524790835e+00 4.246846258848795514e+02 1.500452071587410693e-07 -5.785024851546223701e+00 1.342498398087049246e+09
8.996402220243235673e-04 -1.901409173106392458e+00 4.078441133871336319e+02 1.601162283085635556e-06 -3.904776832783412033e+00 1.342498398087446451e+09
9.113716198652998353e-04 -1.899373571752601242e+00 3.727451598024879900e+02 8.874692085398466858e-07 -4.420606400502594013e+00 1.342498398087952852e+09
9.193832114497180489e-04 -1.888327309772075635e+00 3.771332425480769075e+02 1.056899542697610010e-06 -4.332629712784083154e+00 1.342498398088538170e+09
8.915776524255921267e-04 -1.906189143684411613e+00 4.249073669209891477e+02 4.911568518966630669e-07 -4.854296249885957870e+00 1.342498398091290951e+09
8.915776524255921267e-04 -1.906189143684411613e+00 4.249073669209891477e+02 4.911568518966630669e-07 -4.854296249885957870e+00 1.342498398091290951e+09
9.004440007021936474e-04 -1.905341233458416994e+00 3.894975608682879056e+02 8.175910132469682578e-07 -4.448566592219669324e+00 1.342498398091855526e+09
9.028826324736008695e-04 -1.901674288735931251e+00 3.964027425750735460e+02 2.271280153622531172e-06 -3.599138706746844107e+00 1.342498398092178106e+09
8.870971773163944174e-04 -1.916311893484254902e+00 4.254531833358166182e+02 2.285463394732877584e-07 -5.475300039940791841e+00 1.342498398092537642e+09
9.023330788993878457e-04 -1.907030911204241619e+00 3.871485896826111457e+02 9.500554568871420808e-07 -4.475096845958400849e+00 1.342498398092833996e+09
9.194064132925246604e-04 -1.894696924825960860e+00 3.670374783314696288e+02 9.083726667923798503e-07 -4.362302146541437331e+00 1.342498398092905998e+09
8.881878687534776025e-04 -1.915009587639426414e+00 4.279552164779432815e+02 7.340813660279489620e-07 -4.710718858856838054e+00 1.342498398093786240e+09
8.881878687534776025e-04 -1.915009587639426414e+00 4.279552164779432815e+02 7.340813660279489620e-07 -4.710718858856838054e+00 1.342498398093786240e+09
9.110610902154755086e-04 -1.898638569729406367e+00 3.895724717317859813e+02 2.124431013063143018e-06 -3.773821465770544670e+00 1.342498398093868017e+09
8.784564025906344475e-04 -1.923312476610908872e+00 4.374093422153042070e+02 4.519283400859315565e-07 -4.880233679534828006e+00 1.342498398095083714e+09
8.870140343238679548e-04 -1.910202411308386861e+00 4.297211917428486458e+02 3.269712986185915685e-07 -5.099094855581256525e+00 1.342498398095265150e+09
8.958515206386464787e-04 -1.906619866929143647e+00 4.032064979668874116e+02 9.606044826999601996e-07 -4.476655634106457171e+00 1.342498398095784426e+09
9.241166706885135156e-04 -1.886910280889601665e+00 3.656782300765207765e+02 4.876744197831917178e-07 -4.932562499900618569e+00 1.342498398096332312e+09
9.241166706885135156e-04 -1.886910280889601665e+00 3.656782300765207765e+02 4.876744197831917178e-07 -4.932562499900618569e+00 1.342498398096332312e+09
9.135159142776165574e-04 -1.896665040566950955e+00 3.857153843113715652e+02 4.303671367364591441e-07 -5.004011233318411911e+00 1.342498398096431494e+09
9.053795474265907044e-04 -1.904502508580187214e+00 3.958818977762734903e+02 9.169518883092343995e-07 -4.479371298612318419e+00 1.342498398096711636e+09
9.053795474265907044e-04 -1.904502508580187214e+00 3.958818977762734903e+02 9.169518883092343995e-07 -4.479371298612318419e+00 1.342498398096711636e+09
8.848263042916779163e-04 -1.917225072195279711e+00 4.225329891490362115e+02 2.672065314579764055e-07 -5.430710147882702898e+00 1.342498398096897125e+09
8.890795543109419581e-04 -1.912670335074191375e+00 4.291396783889870221e+02 1.358418699066749322e-06 -4.236574081756288024e+00 1.342498398097062588e+09
9.078412054987404717e-04 -1.898252275248552223e+00 3.828310577132971844e+02 5.523913850438106417e-07 -4.691752775266465392e+00 1.342498398098366976e+09
9.075547999209874995e-04 -1.895994587033853485e+00 3.982504728389114348e+02 6.697129369463978950e-07 -4.697175557487480724e+00 1.342498398099579811e+09
8.892391907702012870e-04 -1.908141857849334766e+00 4.270688194487692044e+02 1.059609945756482328e-06 -4.328574740215174188e+00 1.342498398099936485e+09
9.101992101991738127e-04 -1.894174448976062797e+00 3.926748926061340512e+02 4.194142888678826751e-07 -5.000060591004611865e+00 1.342498398099996805e+09
9.100831797264417444e-04 -1.896489142942032302e+00 3.850372027097606065e+02 1.095975208619198904e-06 -4.389084701250183684e+00 1.342498398100071192e+09
8.886543589386496425e-04 -1.909314583335376625e+00 4.297275730847545674e+02 2.626443510540429605e-07 -5.349795676863439375e+00 1.342498398100272179e+09
9.071570705409830095e-04 -1.895553549361369550e+00 3.962615585490805188e+02 5.469410981138923796e-07 -4.769746414847653604e+00 1.342498398101277590e+09
9.071570705409830095e-04 -1.895553549361369550e+00 3.962615585490805188e+02 5.469410981138923796e-07 -4.769746414847653604e+00 1.342498398101277590e+09
9.173958157486231590e-04 -1.894224717502331234e+00 3.759247797315755406e+02 3.576439208220573310e-07 -5.060332700913184212e+00 1.342498398102301836e+09
9.069040026352722522e-04 -1.897623922094185067e+00 4.020819216127009668e+02 1.423004886923881189e-06 -4.068343487415479132e+00 1.342498398102587700e+09
8.765987578097544268e-04 -1.920393855663379057e+00 4.381622053335388500e+02 1.266115700493206775e-06 -4.173539726233636671e+00 1.342498398104156256e+09
8.765987578097544268e-04 -1.920393855663379057e+00 4.381622053335388500e+02 1.266115700493206775e-06 -4.173539726233636671e+00 1.342498398104156256e+09
9.056623174450019291e-04 -1.904353562303966685e+00 3.903483375772869408e+02 2.084537903658878627e-06 -3.756827293937025303e+00 1.342498398104933023e+09
8.745036095730628154e-04 -1.922705848939351814e+00 4.465667361375589621e+02 8.540251284351371175e-07 -4.340164160567980822e+00 1.342498398105281115e+09
8.842480093668315510e-04 -1.915107714247271442e+00 4.271488358758919048e+02 4.759089441412535027e-07 -4.751288883673185914e+00 1.342498398105613708e+09
8.963027129412931039e-04 -1.905829218446940754e+00 4.033646041149632424e+02 1.817512997197976369e-06 -3.845317734602820003e+00 1.342498398105787516e+09
9.032288434831468871e-04 -1.900485271610321547e+00 4.077254245586360639e+02 1.721922951743011280e-06 -3.955295827740505921e+00 1.342498398106171608e+09
9.032288434831468871e-04 -1.900485271610321547e+00 4.077254245586360639e+02 1.721922951743011280e-06 -3.955295827740505921e+00 1.342498398106171608e+09
8.935838122436860331e-04 -1.905301719695262186e+00 4.243124914829572845e+02 1.166406758520921788e-06 -4.215789217372035935e+00 1.342498398107237101e+09
8.882661196650489975e-04 -1.917654070948764389e+00 4.205385582375625972e+02 7.083477360080108204e-07 -4.638605970325495598e+00 1.342498398107543707e+09
8.873841697581453256e-04 -1.911805210650898701e+00 4.160748159391617378e+02 6.536794283802845511e-07 -4.655067761674358984e+00 1.342498398108516455e+09
9.068022265428115920e-04 -1.896636742869405978e+00 3.952941260547964930e+02 1.742923869324583182e-06 -3.861191039595315289e+00 1.342498398108878613e+09
9.014630917158386169e-04 -1.902675075673757377e+00 4.070461390232758276e+02 1.820917836747614058e-06 -3.982914576298536957e+00 1.342498398109187365e+09
9.111544780250561276e-04 -1.894860549093197566e+00 3.947483431809210401e+02 7.162574218644681125e-07 -4.581980193242015886e+00 1.342498398111263514e+09
9.176179393800495705e-04 -1.892088370338215864e+00 3.681040495718403349e+02 4.835484443916253448e-07 -4.868922098774812746e+00 1.342498398111421347e+09
9.176179393800495705e-04 -1.892088370338215864e+00 3.681040495718403349e+02 4.835484443916253448e-07 -4.868922098774812746e+00 1.342498398111421347e+09
9.073235116341707126e-04 -1.900580259822140849e+00 3.829563034428342689e+02 4.764628374510950067e-07 -5.006509527213804489e+00 1.342498398112174273e+09
9.265698860189562538e-04 -1.888590392614334590e+00 3.567064730253833886e+02 1.235578569417286282e-06 -4.193446801351358388e+00 1.342498398112354755e+09
8.921080805490280230e-04 -1.911876187113680903e+00 4.108461596247635157e+02 1.300547168069193148e-06 -4.003679124454878391e+00 1.342498398113820553e+09
8.740934024422927556e-04 -1.923545404380277546e+00 4.504615917221810264e+02 2.017817561958098653e-07 -5.468865293788795157e+00 1.342498398114467144e+09
9.135627293866368419e-04 -1.896550243122105739e+00 3.813191005309987531e+02 1.097665947161534606e-06 -4.144254802536989857e+00 1.342498398114508867e+09
9.273771066075871868e-04 -1.884924295029283936e+00 3.617170209100833631e+02 1.421544881807201150e-06 -4.108906601012304982e+00 1.342498398114643574e+09
9.126524653792725695e-04 -1.899596615609394412e+00 3.816545704308202858e+02 8.434431507150421116e-07 -4.448833571840930645e+00 1.342498398114911079e+09
8.842492876904692496e-04 -1.917477723420805136e+00 4.303405652478731440e+02 2.903864924037242535e-07 -5.172328560713079781e+00 1.342498398116362095e+09
8.783467203059621298e-04 -1.919459030775005903e+00 4.447270666515142352e+02 2.258349196968875452e-06 -3.763269510898918924e+00 1.342498398116948366e+09
8.772051661783260247e-04 -1.922435802192754117e+00 4.505382657596452987e+02 1.342716630278423171e-06 -4.080275096489004660e+00 1.342498398120376110e+09
8.876208948827106742e-04 -1.916050989506907776e+00 4.255208651969055609e+02 8.897071283508837708e-07 -4.578700331814003377e+00 1.342498398120614290e+09
8.974897544812966785e-04 -1.903665532946658523e+00 4.066056877191154513e+02 2.698622641076689680e-07 -5.362994541688712147e+00 1.342498398121215343e+09
8.809102583753338715e-04 -1.917242760287950709e+00 4.301641068644349275e+02 5.313481252486083832e-07 -4.916055475756818893e+00 1.342498398121235371e+09
8.660173886907868721e-04 -1.929567864584707415e+00 4.693920607373985945e+02 1.421250040773732500e-06 -4.044716078209620314e+00 1.342498398121688843e+09
8.779021311408490057e-04 -1.923574234863745680e+00 4.468021200143093665e+02 9.160195707468730430e-07 -4.463987363009763953e+00 1.342498398121767998e+09
8.943594947878464978e-04 -1.911405729109083573e+00 4.130555798846806965e+02 3.449953139184775000e-07 -5.095921812488045433e+00 1.342498398122709274e+09
9.070542558960089383e-04 -1.901274063206510156e+00 3.951689771833268310e+02 1.279969533099097077e-06 -4.066607985906069089e+00 1.342498398122838736e+09
9.072688638547858012e-04 -1.897907225657544217e+00 3.985492770730883763e+02 2.282656367370992791e-06 -3.682944616447166197e+00 1.342498398124232054e+09
9.072688638547858012e-04 -1.897907225657544217e+00 3.985492770730883763e+02 2.282656367370992791e-06 -3.682944616447166197e+00 1.342498398124232054e+09
8.886897987911503193e-04 -1.916917508135991266e+00 4.148733407920440754e+02 3.398233881406242937e-07 -5.142372702200805890e+00 1.342498398124495745e+09
8.886897987911503193e-04 -1.916917508135991266e+00 4.148733407920440754e+02 3.398233881406242937e-07 -5.142372702200805890e+00 1.342498398124495745e+09
8.761572923506803605e-04 -1.924416144149130981e+00 4.386818246423381993e+02 5.728915594057254274e-07 -4.682303977351686797e+00 1.342498398124615431e+09
8.981133982506062921e-04 -1.907433090045440816e+00 3.986853669206392397e+02 2.623549325395398842e-07 -5.230593352481127667e+00 1.342498398124697924e+09
8.929585105390499579e-04 -1.913763401685681487e+00 4.024171297727634169e+02 1.085337278971598170e-06 -4.369312018806596143e+00 1.342498398125892878e+09
8.929585105390499579e-04 -1.913763401685681487e+00 4.024171297727634169e+02 1.085337278971598170e-06 -4.369312018806596143e+00 1.342498398125892878e+09
9.166016468757740444e-04 -1.891364633716102084e+00 3.806718300490041429e+02 1.900443638904856238e-06 -3.767492383581939386e+00 1.342498398126156807e+09
8.941557229619493058e-04 -1.908771541058006838e+00 4.051394196063733943e+02 1.639906438341128141e-07 -5.649993530238957007e+00 1.342498398126969576e+09
8.993192626016761762e-04 -1.905881028989443893e+00 3.995435167683005488e+02 2.508060296734941413e-06 -3.695928047657522697e+00 1.342498398127146721e+09
8.810314600740807222e-04 -1.918156466063838383e+00 4.465404981741358483e+02 1.403062207751562782e-06 -4.034898184127308163e+00 1.342498398127945900e+09
8.909792688250398876e-04 -1.906568459703331442e+00 4.247189452874675908e+02 7.699154665073607897e-07 -4.543056162602301384e+00 1.342498398131298542e+09
8.723637982191011914e-04 -1.924826020163424634e+00 4.581635141005909304e+02 4.496428659601169924e-07 -5.065599517868690782e+00 1.342498398131686926e+09
8.827184506549154040e-04 -1.915894152460953404e+00 4.368231055857785350e+02 1.547310558358321528e-07 -5.724034770157537366e+00 1.342498398131758690e+09
8.894473611584794489e-04 -1.913760236887075639e+00 4.100190482857783536e+02 1.266847043313696705e-06 -4.079451061134900414e+00 1.342498398131847858e+09
8.894473611584794489e-04 -1.913760236887075639e+00 4.100190482857783536e+02 1.266847043313696705e-06 -4.079451061134900414e+00 1.342498398131847858e+09
8.920207771227564326e-04 -1.914766863688513343e+00 4.131973325231434728e+02 1.564652630575928547e-06 -4.042613276170992975e+00 1.342498398132932663e+09
8.954266802529636067e-04 -1.907139522573168211e+00 4.125945077169230899e+02 5.891663656323936042e-07 -4.887370342337449713e+00 1.342498398132940054e+09
8.991579760364649043e-04 -1.905320056433327025e+00 4.137042843567828641e+02 5.472860294983403670e-07 -4.857567930813231349e+00 1.342498398133376360e+09
8.874165937374933364e-04 -1.914664025064754860e+00 4.133989739163770878e+02 6.998656941605268553e-07 -4.513383207987173407e+00 1.342498398134656906e+09
8.874165937374933364e-04 -1.914664025064754860e+00 4.133989739163770878e+02 6.998656941605268553e-07 -4.513383207987173407e+00 1.342498398134656906e+09
9.102954509748162858e-04 -1.901063434565323007e+00 3.785905397376932910e+02 1.111499077565632727e-06 -4.188730501521130023e+00 1.342498398136072636e+09
8.803346620211340706e-04 -1.920553118701198603e+00 4.434379920173815890e+02 3.423418328635657154e-07 -5.185840377448046823e+00 1.342498398136204958e+09
8.929400732421993595e-04 -1.908698056096349793e+00 4.172716869306687499e+02 2.845101183102691240e-07 -5.149251536394961803e+00 1.342498398136855364e+09
8.672449710776623799e-04 -1.927729137146569460e+00 4.596901465035200545e+02 4.258851834553418907e-07 -5.055039667646475721e+00 1.342498398139413118e+09
8.787106023890855480e-04 -1.918689335324125889e+00 4.375183808725558379e+02 1.718165411592573360e-06 -3.880906530690746870e+00 1.342498398140670300e+09
9.120877770586469308e-04 -1.900877594236608514e+00 3.771202866245553764e+02 9.454218375409664836e-07 -4.459914026288292810e+00 1.342498398141516447e+09
8.873561546296619999e-04 -1.914448243782329584e+00 4.341944065836934783e+02 8.315232033630646810e-07 -4.583893574410518923e+00 1.342498398141589880e+09
8.824767330061563005e-04 -1.919256736474460601e+00 4.196485220073258233e+02 6.991428350482133927e-07 -4.583759623074414868e+00 1.342498398142251492e+09
8.752656780744165650e-04 -1.919016658694363775e+00 4.500045848850108428e+02 7.938820871208013632e-07 -4.469847541505600930e+00 1.342498398142647743e+09
9.077304386829930733e-04 -1.896315424463804744e+00 3.873870284666879229e+02 8.954555419476318979e-07 -4.383902929634064805e+00 1.342498398144040108e+09
9.097183852931309571e-04 -1.900057032677070268e+00 3.777630753562552854e+02 4.964738465734918359e-07 -4.961167307801242821e+00 1.342498398144253492e+09
8.930357178870447629e-04 -1.914474876986758778e+00 4.109619975111529016e+02 9.510644485388487802e-07 -4.414767000916311801e+00 1.342498398144367933e+09
8.988253882012271464e-04 -1.905594946013954072e+00 4.152518505027933884e+02 1.270821505515701981e-06 -4.199677673695449087e+00 1.342498398144986629e+09
8.763995213211065458e-04 -1.917920064196853680e+00 4.568190412612335081e+02 8.392882315133009422e-07 -4.494191808648466235e+00 1.342498398146157265e+09
8.862009324882497759e-04 -1.916748127929824630e+00 4.182119222861452954e+02 2.120618019335874722e-06 -3.768698428826612101e+00 1.342498398146613598e+09
9.100426845052988090e-04 -1.896779078791903661e+00 3.866140325674546716e+02 2.385723086484095399e-06 -3.576541660963009406e+00 1.342498398147705555e+09
8.737629202377083419e-04 -1.924438695426359924e+00 4.507709929173980186e+02 1.628550899524261130e-06 -3.897871548021138111e+00 1.342498398147837162e+09
8.737629202377083419e-04 -1.924438695426359924e+00 4.507709929173980186e+02 1.628550899524261130e-06 -3.897871548021138111e+00 1.342498398147837162e+09
9.024731370741619074e-04 -1.901021511937991848e+00 4.033988814337122335e+02 9.816974719133106223e-07 -4.211336494821976473e+00 1.342498398148383856e+09
9.085092756878693958e-04 -1.899640039375107836e+00 3.820621174371506754e+02 2.816494493809283954e-07 -5.194909857731196290e+00 1.342498398149558544e+09
8.752858079707474424e-04 -1.918798113121533255e+00 4.547026288560437592e+02 6.628708355335720110e-07 -4.592895255241870700e+00 1.342498398149725676e+09
8.756762621156881322e-04 -1.918894320052573210e+00 4.506151274670608586e+02 2.892620954769366846e-07 -5.277116910028296637e+00 1.342498398150919437e+09
9.182564650108774587e-04 -1.889083142028452844e+00 3.785301611277860729e+02 5.001292727125537335e-07 -4.849113336845187305e+00 1.342498398153882980e+09
9.041981628302246101e-04 -1.900866827922994329e+00 3.931210132054742985e+02 5.220641419130814968e-07 -4.676054249133372309e+00 1.342498398154240847e+09
9.004479294067381685e-04 -1.906628881141120502e+00 4.071502635179788854e+02 5.659434184312235289e-07 -4.772433004443914051e+00 1.342498398154872656e+09
9.209244346885844378e-04 -1.888807915823271344e+00 3.741093410876634948e+02 2.014309645842729674e-06 -3.813124966756930689e+00 1.342498398155344486e+09
8.595980445306532994e-04 -1.934150961128860091e+00 4.853644973831713401e+02 4.489920506248808989e-07 -4.977259325065926276e+00 1.342498398155543327e+09
8.773219949285504873e-04 -1.920282652615916463e+00 4.334306141142755564e+02 5.224276289263281733e-07 -4.809259532729482700e+00 1.342498398155588150e+09
8.885511619079549360e-04 -1.916609481448292573e+00 4.158194703508561929e+02 8.159892301037430097e-07 -4.421775984405615922e+00 1.342498398156107426e+09
9.054180765602879051e-04 -1.897177568394566860e+00 4.019788406514027201e+02 5.585321743336270715e-07 -4.738514976177326865e+00 1.342498398157885075e+09
8.689485000795094073e-04 -1.926756390518981066e+00 4.719700600013206895e+02 1.172276075518972761e-06 -4.236773553487741317e+00 1.342498398157897711e+09
8.611799105799537810e-04 -1.931495881331791065e+00 4.825234325100657884e+02 7.420747277292725721e-07 -4.625057122365096696e+00 1.342498398158447027e+09
8.823761484953530953e-04 -1.920289603474677032e+00 4.310320020421677896e+02 2.870954385910029898e-07 -5.243660324434282316e+00 1.342498398160290480e+09
8.861914301549669165e-04 -1.914386876302700102e+00 4.371843816806876362e+02 4.204372764330652779e-07 -4.973753023634840176e+00 1.342498398160547495e+09
9.007969500362246430e-04 -1.904174254764547047e+00 4.100871183998314109e+02 4.198391327683506347e-07 -4.999504828020788771e+00 1.342498398161317825e+09
8.781845987430893490e-04 -1.922504086208615792e+00 4.304630639667493597e+02 2.704562312292406138e-07 -5.336445192614868382e+00 1.342498398161703587e+09
8.691019140910616857e-04 -1.925023009305081301e+00 4.627156453300405019e+02 2.639302810691982724e-07 -5.367919955838501345e+00 1.342498398163457632e+09
8.682257639371691958e-04 -1.925270939374186252e+00 4.668626361604556223e+02 1.185656742596079244e-06 -4.194922764675824922e+00 1.342498398165085793e+09
9.006343566450566778e-04 -1.908254674721480360e+00 4.016364729878652042e+02 8.994804192428444944e-07 -4.422921154965077761e+00 1.342498398169073343e+09
8.799051016474436623e-04 -1.921981406304062778e+00 4.394909620004092403e+02 1.680277883406295187e-06 -4.022470126760294917e+00 1.342498398169947386e+09
9.028798066273006385e-04 -1.904591451825412562e+00 3.922958293766135967e+02 1.127351353227226360e-06 -4.115716488052118649e+00 1.342498398171765566e+09
9.028798066273006385e-04 -1.904591451825412562e+00 3.922958293766135967e+02 1.127351353227226360e-06 -4.115716488052118649e+00 1.342498398171765566e+09
9.251488703094049330e-04 -1.886259891506368636e+00 3.619935454146338998e+02 5.768954927928055703e-07 -4.767113315079489766e+00 1.342498398172271252e+09
9.245099546315668380e-04 -1.887336686568797939e+00 3.704530526611561072e+02 9.748232594712638862e-07 -4.320918029197550858e+00 1.342498398174083948e+09
9.022450566153331682e-04 -1.904002671362251320e+00 3.923428567342555766e+02 1.252883896699640245e-06 -4.296408814272652421e+00 1.342498398175464869e+09
8.745626171689843817e-04 -1.919736032685160243e+00 4.519309630899422814e+02 3.246623859944152699e-07 -5.194391970821913951e+00 1.342498398175799131e+09
9.018265228090022482e-04 -1.904282892403478922e+00 3.939854199403583834e+02 6.096376010506247021e-07 -4.565794636827908093e+00 1.342498398178116083e+09
9.110452476747470064e-04 -1.894023956713708490e+00 3.858721913849605016e+02 5.302196163876630802e-07 -4.724581291137322836e+00 1.342498398178949833e+09
9.186654036983481209e-04 -1.891353978515963874e+00 3.757086414010587987e+02 4.412166711525858094e-07 -5.036787180509708861e+00 1.342498398179108620e+09
8.642972388662899024e-04 -1.931778379142141899e+00 4.654542237639122959e+02 4.229620080173562362e-07 -4.966570352028691460e+00 1.342498398179438353e+09
9.147116428666876358e-04 -1.894266119416736061e+00 3.778470384707174503e+02 6.730744674434887519e-07 -4.500763527037824119e+00 1.342498398179997921e+09
8.883310276562745309e-04 -1.911535009261209117e+00 4.258397424057337162e+02 2.405865429941095504e-06 -3.592504029218384076e+00 1.342498398180227518e+09
8.728735200487337071e-04 -1.924180168818060199e+00 4.618039136520332590e+02 5.646162528944404739e-07 -4.876620422528611165e+00 1.342498398180315495e+09
9.188812597441119341e-04 -1.889881574139802289e+00 3.783913909764596610e+02 6.891045464970702436e-07 -4.539095389227900235e+00 1.342498398181141853e+09
8.987135629948713031e-04 -1.904353989808015513e+00 3.962111836324612000e+02 9.988233979117893910e-07 -4.352579282337875277e+00 1.342498398185020208e+09
8.985365115169589075e-04 -1.904455278404632690e+00 4.159974095938301843e+02 7.872183547773606118e-07 -4.602529965892673935e+00 1.342498398185799122e+09
8.882970812469033256e-04 -1.912902663892050548e+00 4.204622982397063424e+02 2.103376124431315424e-07 -5.388400391564413638e+00 1.342498398186259508e+09
8.830764961771404983e-04 -1.916845401604785337e+00 4.436088884670437551e+02 6.765446797317385028e-07 -4.724298451712066971e+00 1.342498398186331511e+09
9.012563460108039036e-04 -1.905081319949030849e+00 3.958597064914818020e+02 2.367461554585953118e-06 -3.591278479785129818e+00 1.342498398187408924e+09
9.035593715555349965e-04 -1.900330839308815190e+00 3.997882523765877067e+02 5.364334672801423002e-07 -4.925958398620146284e+00 1.342498398187855721e+09
9.235665820929461235e-04 -1.889108291455436017e+00 3.665646624875113844e+02 2.151838522689609402e-06 -3.774728713038266292e+00 1.342498398187911987e+09
8.859970653914770854e-04 -1.913624779053202829e+00 4.272781559990394840e+02 2.472267936679000430e-06 -3.663307244604346202e+00 1.342498398187961578e+09
9.188085228085502657e-04 -1.891809648684502410e+00 3.751764901145135696e+02 3.091747462924228975e-07 -5.178541111100921412e+00 1.342498398189760208e+09
8.978728700469247766e-04 -1.901966386872560477e+00 4.129059089402759355e+02 7.486389018554795558e-07 -4.589541539789811608e+00 1.342498398193032265e+09
8.674530590335575737e-04 -1.929262201612799599e+00 4.584858333046406074e+02 7.465954153082264678e-07 -4.669665934394321205e+00 1.342498398193156004e+09
8.890202086329563116e-04 -1.915245660876486511e+00 4.126083203182686248e+02 4.297483433905520338e-07 -4.882800358296551124e+00 1.342498398193307638e+09
8.791838833822319087e-04 -1.915720087677779349e+00 4.501443006608211022e+02 4.862365981379094435e-07 -4.872174983715973795e+00 1.342498398194247484e+09
8.894172115442452141e-04 -1.912078924897145926e+00 4.270885129081755736e+02 2.489037112065251883e-07 -5.438715964267057501e+00 1.342498398194937229e+09
8.894172115442452141e-04 -1.912078924897145926e+00 4.270885129081755736e+02 2.489037112065251883e-07 -5.438715964267057501e+00 1.342498398194937229e+09
8.808689896964016922e-04 -1.917470183081519952e+00 4.371691713483063495e+02 4.184234860071523496e-07 -5.123470619227949996e+00 1.342498398195196390e+09
8.985102884443970988e-04 -1.902778544045499176e+00 4.064490378203708474e+02 1.682573849525060792e-06 -3.976911782163586651e+00 1.342498398195393801e+09
8.838664215119186552e-04 -1.914923373035063880e+00 4.387589661029766148e+02 4.186243554341522372e-07 -4.892148643291585941e+00 1.342498398196519375e+09
8.801245251215482736e-04 -1.915678407786089998e+00 4.390445355197471713e+02 3.596339656154466038e-07 -5.146962196345707063e+00 1.342498398197165489e+09
8.965494705419370771e-04 -1.903180972368921697e+00 4.146212713721679961e+02 1.381376634977056493e-06 -4.088166678653958996e+00 1.342498398198107958e+09
8.787984817092680395e-04 -1.917821957055957816e+00 4.515498070115643827e+02 1.691454781326332149e-06 -3.951620436075403475e+00 1.342498398198884487e+09
8.821843892699799067e-04 -1.915375674508862147e+00 4.297302799049597866e+02 3.853665379445888026e-07 -5.120903693466409834e+00 1.342498398200474977e+09
8.670689464392128355e-04 -1.929223917223703122e+00 4.595221920423382471e+02 2.702503434651135749e-07 -5.313260163464078367e+00 1.342498398201142788e+09
8.945178302762222871e-04 -1.911020773603093970e+00 4.036957419402714322e+02 1.776935117283211286e-06 -3.998968573395909942e+00 1.342498398201571703e+09
9.241157639237796871e-04 -1.886852404738969424e+00 3.658400013756961471e+02 5.379534581734560621e-07 -4.736276390485100407e+00 1.342498398201574564e+09
9.133085413722057903e-04 -1.893290439231077205e+00 3.792515820350487274e+02 3.273569523399527515e-07 -5.154749516654709041e+00 1.342498398202172041e+09
8.697730371819285518e-04 -1.926355622819210023e+00 4.571637286432909946e+02 8.920486931622159357e-07 -4.338550096768939213e+00 1.342498398202183485e+09
8.690569165532799909e-04 -1.926447464506671814e+00 4.696753045812561140e+02 7.618652387041841920e-07 -4.493969031496838795e+00 1.342498398203393221e+09
8.690569165532799909e-04 -1.926447464506671814e+00 4.696753045812561140e+02 7.618652387041841920e-07 -4.493969031496838795e+00 1.342498398203393221e+09
9.201825423223403220e-04 -1.888113190291870414e+00 3.775210610953488981e+02 1.093827881265141255e-06 -4.258389553733197275e+00 1.342498398203804016e+09
8.840795888730660496e-04 -1.917971135900632618e+00 4.287663780342780910e+02 1.835583209963509106e-07 -5.594576646684158661e+00 1.342498398203934908e+09
9.149778392125048048e-04 -1.896382631259070584e+00 3.801675787518635161e+02 4.019004810177305338e-07 -5.076699666553246004e+00 1.342498398205113173e+09
8.928462735353547225e-04 -1.909108771930391857e+00 4.088658794210854239e+02 1.677563087754227646e-06 -4.014365557932427109e+00 1.342498398206214666e+09
8.686999510501955315e-04 -1.926171589917222704e+00 4.552020230460602193e+02 4.922610606690309015e-07 -4.902743003019165435e+00 1.342498398206345797e+09
8.817147927534017913e-04 -1.916084465775606649e+00 4.417727040051810263e+02 5.097716114749726783e-07 -4.729967140945825932e+00 1.342498398208169460e+09
8.876650845197153836e-04 -1.913382375238906752e+00 4.156388650032371856e+02 1.601071400456879856e-06 -4.024572318049529862e+00 1.342498398208992958e+09
9.042911878549723470e-04 -1.901956722612236250e+00 3.903337333214303726e+02 2.403603175923090927e-06 -3.681539478769405349e+00 1.342498398211022377e+09
9.187253112840023826e-04 -1.890462776226643271e+00 3.702608988963880279e+02 1.318412321073154914e-06 -4.068438619378524024e+00 1.342498398212424040e+09
8.951925905748504744e-04 -1.909425350836222446e+00 4.136686475568988612e+02 1.171635474096129632e-06 -4.107280798032409308e+00 1.342498398213330269e+09
9.016754644349493772e-04 -1.901871920308027430e+00 4.024046929537349229e+02 5.779791218169578570e-07 -4.604696594204469307e+00 1.342498398214174747e+09
8.837218028276089352e-04 -1.919013367030564909e+00 4.263594687753285370e+02 2.180082545236127895e-07 -5.517291420153383363e+00 1.342498398215032578e+09
8.902311373950859853e-04 -1.914589863097106326e+00 4.058823053305263784e+02 7.128740968966125771e-07 -4.555751787363272243e+00 1.342498398216703892e+09
8.920830548978716254e-04 -1.909448231686653674e+00 4.109203024708195358e+02 3.743292597700551782e-07 -5.180680031975951394e+00 1.342498398217390537e+09
9.085728432249689764e-04 -1.896659119475652133e+00 3.918551444227892944e+02 1.846535578322979926e-06 -3.766948977003409027e+00 1.342498398220608711e+09
9.123642372208133405e-04 -1.897951993239900048e+00 3.828788052374412132e+02 9.030943533645036188e-07 -4.311995378359416264e+00 1.342498398220645666e+09
8.758332635481511997e-04 -1.920934863249933233e+00 4.505777081156728059e+02 9.601520242228522127e-07 -4.502652126109786046e+00 1.342498398220757961e+09
9.100686985491344321e-04 -1.898469707138574991e+00 3.829460990776216818e+02 2.906789143176033523e-07 -5.347532784969539321e+00 1.342498398221376181e+09
8.732660178265903936e-04 -1.922173904645533504e+00 4.646638707095903555e+02 1.113026695451066786e-06 -4.302080049743527645e+00 1.342498398221590757e+09
8.979969445706942029e-04 -1.907935893548961204e+00 4.073045428641924559e+02 2.818686325402708957e-07 -5.364310178037985821e+00 1.342498398223253250e+09
8.902404264957879468e-04 -1.910819197065487307e+00 4.221521270296091188e+02 1.437560097956165093e-06 -3.923230675898120801e+00 1.342498398226762533e+09
8.962550008390385726e-04 -1.908953545515509553e+00 3.995798387948349273e+02 1.321136193814216394e-06 -4.237068152193559811e+00 1.342498398227447033e+09
8.777316130492197627e-04 -1.923981018037013602e+00 4.431865653230561861e+02 1.333220857859376925e-06 -4.149772055727543929e+00 1.342498398228810787e+09
9.074406002238233609e-04 -1.898047263428779496e+00 3.961084530853026422e+02 2.596166744835782531e-07 -5.316042797562872124e+00 1.342498398229509354e+09
8.684327627287011979e-04 -1.929687591367613475e+00 4.535304247008778020e+02 3.929910592165009900e-07 -5.096189301627855883e+00 1.342498398230407000e+09
9.034983219885249018e-04 -1.899447132564924701e+00 3.967813261972379451e+02 2.692894360269533462e-07 -5.330320287322951600e+00 1.342498398231568813e+09
8.921704055465315419e-04 -1.911068990093902409e+00 4.137665974800013942e+02 6.396877389022434874e-07 -4.527174911018076564e+00 1.342498398231804609e+09
8.812469988080032365e-04 -1.918850116452361920e+00 4.280871529443737131e+02 3.134774724571636002e-07 -5.113822610090359433e+00 1.342498398233751535e+09
9.148700099825926883e-04 -1.896371046069907473e+00 3.746901229317462594e+02 2.045904960481020233e-06 -3.856665248771335541e+00 1.342498398234197140e+09
9.119158020298255953e-04 -1.893228718590540760e+00 3.880423911989269641e+02 4.170771858952680648e-07 -4.951886382001585929e+00 1.342498398234543800e+09
8.967904489009610649e-04 -1.903215984173446174e+00 4.091246773983053799e+02 6.248776744818517923e-07 -4.737083743842610772e+00 1.342498398235492468e+09
9.106741563326785621e-04 -1.898805864646263997e+00 3.891596795673665383e+02 4.742374720151379395e-07 -4.863535485480672271e+00 1.342498398235537291e+09
9.203974257686816946e-04 -1.891213993119698067e+00 3.745330403962155401e+02 1.703975695306681133e-06 -4.000554415472608483e+00 1.342498398236734629e+09
9.159502308806656166e-04 -1.892718866708672731e+00 3.730996667348169353e+02 3.750629032582589365e-07 -5.106101513166854566e+00 1.342498398238567352e+09
8.727972176464485242e-04 -1.923143115290360861e+00 4.642207936687214556e+02 1.243428079679254703e-06 -4.161382144382303139e+00 1.342498398238828421e+09
8.740295703614926444e-04 -1.926354975932434765e+00 4.411375796499518742e+02 3.668557403806158921e-07 -5.156033466120113928e+00 1.342498398239701986e+09
9.144588919897758163e-04 -1.895568522999616867e+00 3.730065775351722550e+02 1.850797970573702586e-06 -3.858081057125202662e+00 1.342498398240721941e+09
8.974937909315374622e-04 -1.905085713134957448e+00 4.101126761189440799e+02 3.945851692522517455e-07 -4.902670637099304507e+00 1.342498398241256714e+09
8.863028454461195247e-04 -1.917044745541095052e+00 4.312204573711240414e+02 8.353779541197316504e-07 -4.461097506246479938e+00 1.342498398242795706e+09
9.130213663045001586e-04 -1.897150669823534308e+00 3.752608174667369099e+02 2.552626040044234115e-07 -5.344428630430376970e+00 1.342498398242845535e+09
9.130213663045001586e-04 -1.897150669823534308e+00 3.752608174667369099e+02 2.552626040044234115e-07 -5.344428630430376970e+00 1.342498398242845535e+09
9.124977187874922695e-04 -1.893255379846218167e+00 3.843113706934443030e+02 3.495759123469324444e-07 -5.072579054142883237e+00 1.342498398245611429e+09
9.212834287745198586e-04 -1.890062538120470759e+00 3.755859653477660345e+02 7.749660065780714267e-07 -4.568179917054674632e+00 1.342498398245802164e+09
9.083025759594393674e-04 -1.900980118905191141e+00 3.854830626810672243e+02 2.175981166211019017e-07 -5.470676312393587537e+00 1.342498398249518871e+09
8.811329403124727082e-04 -1.918554300570540105e+00 4.456145616550140289e+02 4.865194388615547095e-07 -4.853950464190560865e+00 1.342498398249943733e+09
8.932249132752788324e-04 -1.908453566332709794e+00 4.058004611342375938e+02 3.984329821585616222e-07 -4.952594288975378234e+00 1.342498398251587629e+09
9.151648811329165167e-04 -1.895901563325863792e+00 3.720937966960694894e+02 1.372571647256432403e-06 -4.187625640472818489e+00 1.342498398251983881e+09
8.770934058592394587e-04 -1.924768566040759854e+00 4.353677869982819857e+02 3.738834759767754879e-07 -5.100625110582208244e+00 1.342498398252043486e+09
8.770934058592394587e-04 -1.924768566040759854e+00 4.353677869982819857e+02 3.738834759767754879e-07 -5.100625110582208244e+00 1.342498398252043486e+09
8.772418891825214081e-04 -1.917969751934014866e+00 4.428381896818307268e+02 5.316216279302448462e-07 -4.851546033137309699e+00 1.342498398253951073e+09
8.859154508971669659e-04 -1.913690165548985966e+00 4.288791151108786153e+02 1.619692087336381844e-07 -5.713582163780608347e+00 1.342498398256772995e+09
9.231823934010051705e-04 -1.887033462912020454e+00 3.663867515238101760e+02 7.626520083649059178e-07 -4.482823654716815653e+00 1.342498398257288218e+09
8.844965610018133868e-04 -1.911880223477246066e+00 4.309580498611354642e+02 6.699591705393803687e-07 -4.635400163656978378e+00 1.342498398257781267e+09
8.905043236329993842e-04 -1.914904266560974122e+00 4.103591754111424734e+02 1.903634386565068473e-06 -3.871264186547760389e+00 1.342498398258687258e+09
8.708900658579096527e-04 -1.925012524218802312e+00 4.536389031047886533e+02 3.795088689568249457e-07 -4.986041399078517955e+00 1.342498398259080887e+09
8.797358604660963574e-04 -1.920980489205438291e+00 4.260669129918690032e+02 3.678613091702572721e-07 -5.088130138949278347e+00 1.342498398259405136e+09
8.737106286944076048e-04 -1.926811187467022179e+00 4.418692991233601788e+02 4.577923900543021830e-07 -5.006123689357922402e+00 1.342498398259544611e+09
8.822489534048410511e-04 -1.917236864448917277e+00 4.326369968305210705e+02 4.464440131682541132e-07 -5.082984950330353691e+00 1.342498398261024475e+09
8.781291152735511835e-04 -1.918312668101008089e+00 4.374343803968642419e+02 3.436038485818225528e-07 -5.091544070407910461e+00 1.342498398261066198e+09
8.825500746859594146e-04 -1.914822621881687503e+00 4.425731798831327524e+02 4.068340250816225697e-07 -4.934499461367865436e+00 1.342498398261358976e+09
8.757911822926947240e-04 -1.922021525041216705e+00 4.457433217664017207e+02 1.859980043419728337e-07 -5.541963304532758983e+00 1.342498398262105465e+09
9.092558046844249767e-04 -1.896211349118901657e+00 3.856307068692115081e+02 1.658286217873361640e-06 -3.895303523032318083e+00 1.342498398263216734e+09
9.146627877792011443e-04 -1.897063131456501850e+00 3.717262379303021476e+02 1.058536541937935888e-06 -4.392013610348349140e+00 1.342498398263226271e+09
9.212717745809588174e-04 -1.890686985442521895e+00 3.734779026958840973e+02 1.838561765103681667e-06 -3.906143972324000124e+00 1.342498398263402224e+09
8.717243211864386014e-04 -1.927177716954559195e+00 4.569880568238270371e+02 3.543292152959196770e-07 -5.135651121385867768e+00 1.342498398263602972e+09
8.956809457518252054e-04 -1.911725260711840013e+00 4.010865281484497018e+02 8.466165547758918016e-07 -4.405549353982920024e+00 1.342498398264736652e+09
8.760311944006815218e-04 -1.921094806167371605e+00 4.582323856465159224e+02 7.618861323823899002e-07 -4.629556417377505007e+00 1.342498398265043497e+09
8.808792752690854056e-04 -1.918997663449513169e+00 4.473998101832196426e+02 8.801886858447623596e-07 -4.444097262683238014e+00 1.342498398265524149e+09
9.138216545837216358e-04 -1.894851080272741406e+00 3.751624973836061940e+02 1.734574706841479401e-06 -3.923822767688501578e+00 1.342498398266314983e+09
9.073749952560151511e-04 -1.898234508218020533e+00 3.842708052309521918e+02 3.508047852525173411e-07 -5.087198939963438526e+00 1.342498398266648293e+09
8.978563607573364835e-04 -1.902452525889932966e+00 4.095489698840315214e+02 1.356743092599929406e-06 -4.088084187176376894e+00 1.342498398267190456e+09
8.811124517506501016e-04 -1.915241673888128826e+00 4.420421744514983970e+02 3.080971156912412771e-07 -5.273234315251009718e+00 1.342498398267744541e+09
9.148940537915347835e-04 -1.895737108129477599e+00 3.839423722652794595e+02 1.705168639037357595e-06 -3.958072305653070444e+00 1.342498398269622564e+09
9.128377231682608447e-04 -1.894595259373086593e+00 3.833836909401994717e+02 1.241364579450070143e-06 -4.044227813064102506e+00 1.342498398269652367e+09
9.024241812549974257e-04 -1.906116044468879167e+00 3.893923311901390889e+02 9.476450416617687922e-07 -4.297730681876148040e+00 1.342498398270331860e+09
8.878372474776834644e-04 -1.910792938449122680e+00 4.230479602890305841e+02 7.217002952334325611e-07 -4.684625433379089543e+00 1.342498398270999432e+09
9.206352593883712935e-04 -1.892408844034766391e+00 3.672096806153802504e+02 8.510829923174899938e-07 -4.379421074226535815e+00 1.342498398271574020e+09
8.900625804386884908e-04 -1.912339403595225473e+00 4.247650253087858232e+02 6.520395594532343028e-07 -4.557181675184331482e+00 1.342498398274053574e+09
9.082987578156242548e-04 -1.895455017846424450e+00 3.942980199040864591e+02 4.890196439433103081e-07 -4.818518221319053829e+00 1.342498398274446726e+09
8.823861308220429548e-04 -1.918094788123113181e+00 4.242293610356535396e+02 7.168122886445010822e-07 -4.497994757280046940e+00 1.342498398274785757e+09
8.844186211901993106e-04 -1.913644595699480977e+00 4.252809768640252628e+02 4.118473934177566940e-07 -4.926655554206917031e+00 1.342498398276132584e+09
8.881239834055231321e-04 -1.912075258131679556e+00 4.232850637244529821e+02 7.382340840410372162e-07 -4.712421121269754209e+00 1.342498398278876543e+09
8.829613471667319179e-04 -1.914478098634756043e+00 4.413419639155011964e+02 2.787803413183292538e-07 -5.331286990113246915e+00 1.342498398280621767e+09
8.772987973212692178e-04 -1.917534152351636045e+00 4.499178763760353945e+02 1.138371480699631709e-06 -4.221259375837784766e+00 1.342498398280772686e+09
8.693371100097147452e-04 -1.924718118417843460e+00 4.673310408608231796e+02 3.533726453188451777e-07 -5.169903303174068654e+00 1.342498398282351971e+09
8.984455199819662251e-04 -1.906541468283635687e+00 4.124979094414975407e+02 4.655549839959454753e-07 -4.986889615450321500e+00 1.342498398282534599e+09
9.173770457270298377e-04 -1.895517190058392698e+00 3.759375577688357453e+02 1.569615096148340133e-06 -4.037401613943311318e+00 1.342498398283439159e+09
9.173770457270298377e-04 -1.895517190058392698e+00 3.759375577688357453e+02 1.569615096148340133e-06 -4.037401613943311318e+00 1.342498398283439159e+09
8.759024599437828388e-04 -1.920827954973704621e+00 4.429246137676684612e+02 1.268673977945800977e-06 -4.229143950082872472e+00 1.342498398284394741e+09
8.769667506822963459e-04 -1.918622924189513856e+00 4.577976932087616433e+02 6.804316154292714215e-07 -4.638613788940338267e+00 1.342498398284945011e+09
8.722799295009154739e-04 -1.927430936973413944e+00 4.439279427538875211e+02 8.130220035324178819e-07 -4.579666059318497240e+00 1.342498398284986734e+09
8.966290126158139081e-04 -1.909199396291893169e+00 4.106571475788759358e+02 5.980333439673432497e-07 -4.857581915346283807e+00 1.342498398285224676e+09
8.747373727829273540e-04 -1.924049709157870991e+00 4.561558279145270376e+02 1.455760536927239019e-06 -4.089947192116614616e+00 1.342498398285907269e+09
8.842986495579076203e-04 -1.914634699071078305e+00 4.309109790097521113e+02 8.650529392315286749e-07 -4.308172257497998814e+00 1.342498398286052942e+09
8.716963871455004828e-04 -1.926623397187730902e+00 4.467185247299790944e+02 3.626096952734799870e-07 -5.176780252310807739e+00 1.342498398287069798e+09
8.907854370133420213e-04 -1.913797628824917219e+00 4.172209409346387474e+02 1.828215266048054536e-06 -3.991752985853455726e+00 1.342498398287237406e+09
8.923480980933377622e-04 -1.909892326208319169e+00 4.085246573692826928e+02 1.873516158456745255e-06 -3.878576153005704796e+00 1.342498398289160490e+09
8.641103157531341075e-04 -1.931518658376483621e+00 4.757965684488373768e+02 5.782201998719236782e-07 -4.741479399894629410e+00 1.342498398291244984e+09
9.093688951304243441e-04 -1.897280738827580526e+00 3.806564643719439687e+02 7.307530980747260576e-07 -4.501218087421746894e+00 1.342498398292590857e+09
8.936168009746984229e-04 -1.907948505025872876e+00 4.224616063891131716e+02 4.284877384549736306e-07 -5.059459022805230966e+00 1.342498398292825460e+09
9.010326743484664601e-04 -1.901302922668909101e+00 3.975302661470066710e+02 4.544609649476068442e-07 -4.966413454017606810e+00 1.342498398293615818e+09
8.936478854490299785e-04 -1.908246109595416851e+00 4.241409768677303305e+02 4.505943896925890356e-07 -4.939045259314667646e+00 1.342498398293964624e+09
9.121690191227326949e-04 -1.895431322062514301e+00 3.869792551294115697e+02 5.042779206330573223e-07 -4.749868476862463496e+00 1.342498398295194864e+09
8.849249898592267440e-04 -1.916093976021425949e+00 4.177013686688496250e+02 5.937260789049588543e-07 -4.814317863374266260e+00 1.342498398296628237e+09
8.667552140340280004e-04 -1.926102939728290053e+00 4.740603566107706115e+02 6.708333069389846278e-07 -4.636884723674781661e+00 1.342498398296777010e+09
9.081031499692350040e-04 -1.902076246992825403e+00 3.824624877320558198e+02 1.286588290550123732e-06 -4.070649769657455508e+00 1.342498398297185421e+09
9.042986326142287909e-04 -1.902051124913537894e+00 3.982628974803046731e+02 2.023092245292474849e-06 -3.903696995016419535e+00 1.342498398299059153e+09
8.972903623392929247e-04 -1.904266080632995628e+00 4.037028825324065338e+02 1.257805547677416034e-06 -4.092738169444817942e+00 1.342498398301389456e+09
8.943393070540382999e-04 -1.905556020471118162e+00 4.118994512706923956e+02 6.583587007551730940e-07 -4.724694855601611287e+00 1.342498398302750349e+09
9.145523747905535267e-04 -1.892649734707383846e+00 3.855345085046131430e+02 1.239748777526782473e-06 -4.094324546007327648e+00 1.342498398303053379e+09
9.096709977595731061e-04 -1.901588909131449734e+00 3.765872513261584800e+02 6.582013773187772729e-07 -4.715803517139474543e+00 1.342498398305240870e+09
8.736452673515891516e-04 -1.923290286925650072e+00 4.605626283767334712e+02 1.016686322623195682e-06 -4.428088517247298128e+00 1.342498398309005260e+09
8.953950523012545832e-04 -1.909820891368267715e+00 4.084463602526942623e+02 1.244522927570051433e-06 -4.325729206199875776e+00 1.342498398309924364e+09
8.841707175912483447e-04 -1.916569473010133251e+00 4.259702789800923028e+02 5.336144440607551840e-07 -4.954672070591529476e+00 1.342498398310914755e+09
8.969995823652304702e-04 -1.903551071253417160e+00 4.134041884470981927e+02 1.635820702009517896e-06 -3.907438995957241978e+00 1.342498398312199116e+09
9.129223205487249724e-04 -1.892384040846937676e+00 3.874042083064112489e+02 7.385606874775994425e-07 -4.519821282810504215e+00 1.342498398312617302e+09
9.013668120134813192e-04 -1.902899077057879307e+00 4.014968783261667795e+02 2.850538664838399595e-07 -5.367427113999064581e+00 1.342498398313385725e+09
8.785208000842742622e-04 -1.916707564041783218e+00 4.454286314651913585e+02 3.418502399333833246e-07 -5.103434050307898318e+00 1.342498398313943863e+09
8.970019152616185831e-04 -1.904140741103138801e+00 4.156267743228773384e+02 3.354602900260973042e-07 -5.102757450820162965e+00 1.342498398314310312e+09
9.010237975500074098e-04 -1.903958398453832190e+00 4.046165386331720697e+02 1.415110319890725517e-06 -4.208599767135039471e+00 1.342498398314578295e+09
8.923816007688060471e-04 -1.911478872905095550e+00 4.055010607345927269e+02 1.332104829499270618e-06 -4.208731176267108687e+00 1.342498398315997839e+09
8.998348508859266770e-04 -1.908952229249754495e+00 3.955203159457363995e+02 6.933689210347920084e-07 -4.568098914730112092e+00 1.342498398317099810e+09
9.026997547218815329e-04 -1.902046611116570141e+00 4.087348358364010323e+02 8.677405733680081553e-07 -4.479992753000942685e+00 1.342498398318508387e+09
8.676538871795740765e-04 -1.926122289390538311e+00 4.672842639560128077e+02 1.158514697727477695e-06 -4.252486546719441485e+00 1.342498398319286585e+09
9.046623276082559322e-04 -1.903414086650260462e+00 3.947087108765680341e+02 5.119895162751071016e-07 -4.971485654851374392e+00 1.342498398319816828e+09
8.881343085038653079e-04 -1.909072684294756295e+00 4.319448646584641551e+02 8.312290948932370675e-07 -4.501055347556345509e+00 1.342498398320961475e+09
9.122998353077475461e-04 -1.897585031955955293e+00 3.868192625979345962e+02 5.817129777491154472e-07 -4.708715211611512075e+00 1.342498398322965860e+09
8.762092086031249803e-04 -1.925282820611280421e+00 4.367922147044808980e+02 1.139842944593191156e-06 -4.265916436574826776e+00 1.342498398323246002e+09
8.762092086031249803e-04 -1.925282820611280421e+00 4.367922147044808980e+02 1.139842944593191156e-06 -4.265916436574826776e+00 1.342498398323246002e+09
8.803698075700344856e-04 -1.918844624324954840e+00 4.341912182823363082e+02 1.581827666406551702e-06 -4.090508735222218917e+00 1.342498398323563814e+09
8.848748457959557459e-04 -1.912419897878109509e+00 4.358913487034777745e+02 3.420061026564290124e-07 -5.069509363420849013e+00 1.342498398324384212e+09
8.956260964964465280e-04 -1.912525999382936881e+00 3.989652317373784740e+02 7.570862189830943945e-07 -4.610224819444942668e+00 1.342498398326038599e+09
8.812596088308041449e-04 -1.920649689385168113e+00 4.254427348128334643e+02 4.540433435327885527e-07 -4.875703815439878852e+00 1.342498398326615810e+09
8.854793671437667744e-04 -1.915037978231141746e+00 4.387583571147815746e+02 1.472184027532462527e-06 -4.070132427811655518e+00 1.342498398326730967e+09
8.716315037728473211e-04 -1.925938448070061648e+00 4.470761266965790810e+02 3.282607445525896850e-07 -5.141473321763935900e+00 1.342498398328449965e+09
8.692021279756460481e-04 -1.927514123371134591e+00 4.586204257324853302e+02 7.061174207756428771e-07 -4.526132111934106028e+00 1.342498398329352617e+09
8.964633817132867510e-04 -1.903817125921765108e+00 4.125202978013084589e+02 6.821415801496401820e-07 -4.706788912194335595e+00 1.342498398329737425e+09
8.887166961093833587e-04 -1.911630038216191263e+00 4.187117890519599541e+02 6.461860926440560098e-07 -4.530754361116816398e+00 1.342498398329931736e+09
8.887166961093833587e-04 -1.911630038216191263e+00 4.187117890519599541e+02 6.461860926440560098e-07 -4.530754361116816398e+00 1.342498398329931736e+09
8.720152000874010394e-04 -1.926057187190304720e+00 4.540910585453489148e+02 3.681834330584048453e-07 -5.026737176000830587e+00 1.342498398331992149e+09
9.175351361301112285e-04 -1.891582125731059660e+00 3.820328522480665470e+02 9.663713483813238666e-07 -4.424716047906872340e+00 1.342498398332325935e+09
9.012108625043260433e-04 -1.907709041200546185e+00 4.010379525230583795e+02 8.461487881389328725e-07 -4.520542997777702965e+00 1.342498398335685730e+09
8.977424871036755218e-04 -1.906595744618976962e+00 4.139238438412285745e+02 1.301610534885976397e-06 -4.072812435227858963e+00 1.342498398335722923e+09
9.075588849679415253e-04 -1.902378835447745331e+00 3.912250677807986676e+02 1.599510393583757323e-06 -3.959707284998429166e+00 1.342498398335838079e+09
9.220532705877097258e-04 -1.888147256144466768e+00 3.696884215750118301e+02 8.831806833598689230e-07 -4.347395836436866112e+00 1.342498398335955381e+09
9.082116316966855427e-04 -1.902559903710306699e+00 3.896115466092680890e+02 7.343406449583240272e-07 -4.602518799394741400e+00 1.342498398335960865e+09
9.046586313611495837e-04 -1.902473376105856318e+00 3.928103755537431425e+02 2.619818391416532055e-06 -3.539580522526296846e+00 1.342498398337037802e+09
9.287881925616006153e-04 -1.884234646594304952e+00 3.600406547948313118e+02 1.115689838614416896e-06 -4.257042205683335467e+00 1.342498398337441921e+09
8.956663440415793369e-04 -1.910345965290275672e+00 4.069417668323784483e+02 2.046530656600836515e-06 -3.887594433016229978e+00 1.342498398337806225e+09
8.712830873461638705e-04 -1.923486761919842802e+00 4.656718297236710669e+02 5.484324789192230083e-07 -4.871082469088316991e+00 1.342498398338205099e+09
8.889705318157381433e-04 -1.908380505601181554e+00 4.291634041610366239e+02 6.927046210557862082e-07 -4.637176488418066178e+00 1.342498398338320017e+09
9.128807742235432688e-04 -1.898077007735955668e+00 3.809562225870955672e+02 7.563374132246483255e-07 -4.674332222217812749e+00 1.342498398338834524e+09
9.180995396656695942e-04 -1.891703077380682663e+00 3.782080333746337715e+02 2.112632092802989620e-06 -3.734645793346276221e+00 1.342498398339122772e+09
8.745689664431448513e-04 -1.924713573664189381e+00 4.387918021648852687e+02 1.148729591919195273e-06 -4.253976266299019926e+00 1.342498398340330362e+09
8.884109199470189124e-04 -1.915557860688127390e+00 4.277509763761665909e+02 6.747322861355194366e-07 -4.671733991913917805e+00 1.342498398340467453e+09
8.744257664920134865e-04 -1.923347263022301856e+00 4.548088378909685048e+02 9.364141233845964011e-07 -4.311734488824651379e+00 1.342498398340742588e+09
9.194031740324013977e-04 -1.889731351150120364e+00 3.736937247834431446e+02 3.516843916618007416e-07 -5.115350608903368901e+00 1.342498398340982437e+09
9.037475095105230657e-04 -1.898517214677930998e+00 4.025813049593400024e+02 6.286300667309248599e-07 -4.737622483900789661e+00 1.342498398341172934e+09
8.990740191529323104e-04 -1.903386541121147690e+00 4.076028749791094015e+02 6.433215519844665651e-07 -4.534991388907435805e+00 1.342498398341928482e+09
8.833521344744950246e-04 -1.915835777795884765e+00 4.297092186760077084e+02 5.041150448576030834e-07 -4.721611225082261498e+00 1.342498398343664169e+09
8.806363162341135104e-04 -1.922798967259492731e+00 4.313694426712133350e+02 1.091326138722162065e-06 -4.324625180833828964e+00 1.342498398343718290e+09
8.782662176118500317e-04 -1.924216516669134514e+00 4.322509580587724258e+02 5.218247465520696127e-07 -4.891181316269619828e+00 1.342498398344115257e+09
8.760790433903856709e-04 -1.919699974858002145e+00 4.463985826570232121e+02 4.508533475517396416e-07 -4.847099223565260573e+00 1.342498398345000029e+09
9.045175813483511589e-04 -1.899309639662131843e+00 3.927142647011375516e+02 1.279442932480671791e-06 -4.069376245056657737e+00 1.342498398345000982e+09
8.956445539022895056e-04 -1.905533912627904947e+00 4.128391864356836436e+02 1.264813998843292984e-06 -4.033959712506844042e+00 1.342498398350141287e+09
8.860945998058055318e-04 -1.916354622288390486e+00 4.259545361184362946e+02 1.950579213491601714e-06 -3.759064426754370913e+00 1.342498398350893497e+09
9.118419464609272499e-04 -1.897238601125616153e+00 3.808368478776737902e+02 2.498324747116653333e-06 -3.644628710563400986e+00 1.342498398353565931e+09
8.927967210271066812e-04 -1.912254569303628582e+00 4.170312425224429376e+02 9.817911134173976329e-07 -4.288695384051742110e+00 1.342498398354262590e+09
8.936168182466847814e-04 -1.907379125599737435e+00 4.090991764174401055e+02 1.562045543956056219e-06 -4.007262725072893161e+00 1.342498398354402065e+09
8.936168182466847814e-04 -1.907379125599737435e+00 4.090991764174401055e+02 1.562045543956056219e-06 -4.007262725072893161e+00 1.342498398354402065e+09
9.118444940459977761e-04 -1.895214710147329340e+00 3.883936526410970487e+02 9.110034561257015767e-07 -4.517725086928171763e+00 1.342498398354422569e+09
8.893807257443800103e-04 -1.910300786756541358e+00 4.240705882412144092e+02 5.667776496431104454e-07 -4.889980336905525249e+00 1.342498398354918718e+09
8.754989168290391735e-04 -1.922933253563806844e+00 4.517680080355254404e+02 1.936918299472880739e-06 -3.851421734108086525e+00 1.342498398355410814e+09
9.020399143803498531e-04 -1.903356455050673635e+00 4.066082217260432117e+02 5.779438753827333461e-07 -4.697099354449194131e+00 1.342498398356318951e+09
8.990827178416347081e-04 -1.908119987256571282e+00 4.051050892814783992e+02 5.511249116818107550e-07 -4.740780833749454359e+00 1.342498398357872486e+09
9.033713642714011642e-04 -1.901946474695824341e+00 3.992896893620815035e+02 2.740041189621719896e-06 -3.517880869220983087e+00 1.342498398358589649e+09
9.284395677529125876e-04 -1.885195574536628671e+00 3.578317025186721594e+02 7.328094964773820849e-07 -4.579360344071444544e+00 1.342498398358737707e+09
9.181630561136451410e-04 -1.894829675844948547e+00 3.664507576916051335e+02 5.409494935386277719e-07 -4.829928906190350091e+00 1.342498398358886242e+09
8.963947976487424227e-04 -1.904515926903772804e+00 4.078674871287074666e+02 2.476697029856874476e-07 -5.339752517052492209e+00 1.342498398359240055e+09
8.973485014460122781e-04 -1.908933567898159378e+00 4.044707926975767123e+02 1.773077330363161718e-06 -4.021794388969533784e+00 1.342498398360087633e+09
9.204604756649530702e-04 -1.889602569574598823e+00 3.695363860639122322e+02 6.664220332187670877e-07 -4.556879072408095865e+00 1.342498398363121986e+09
9.228088508326459877e-04 -1.889292366917067145e+00 3.647842297133421994e+02 1.333584015288652060e-06 -4.183561763880241813e+00 1.342498398363618612e+09
8.891609745513861553e-04 -1.916564002684593149e+00 4.110257853101841761e+02 8.609296513782167001e-07 -4.552932023287920238e+00 1.342498398364298820e+09
9.022885727518553884e-04 -1.904783456738044389e+00 3.946676871069345793e+02 2.196754507913336798e-07 -5.521621767231024158e+00 1.342498398364388466e+09
8.984280021098555282e-04 -1.909326652776853539e+00 3.989181102297236521e+02 7.436355950277075222e-07 -4.487211298111194679e+00 1.342498398365196943e+09
8.728782943184976335e-04 -1.925047534512607683e+00 4.534121397544310526e+02 6.492770257314277292e-07 -4.579562275475713484e+00 1.342498398365355492e+09
8.881164522233728903e-04 -1.914096666056660290e+00 4.239551858261738744e+02 7.522346753896988664e-07 -4.711208452671338698e+00 1.342498398365424156e+09
8.767193560680349535e-04 -1.923730657817684708e+00 4.470695112756534400e+02 4.032579987377683602e-07 -5.020323857872074136e+00 1.342498398366838694e+09
9.014791317419309016e-04 -1.907158089318335970e+00 3.895558802231309983e+02 3.857771793798508018e-07 -5.042288879520901546e+00 1.342498398368986368e+09
8.764989162476481428e-04 -1.918074097593142513e+00 4.518123454206760812e+02 5.304657999660450656e-07 -4.775979805523002497e+00 1.342498398371723413e+09
9.103679827967825749e-04 -1.897118036206237868e+00 3.933863405643213014e+02 1.791413833197258098e-06 -3.891231985635236867e+00 1.342498398372150898e+09
8.931557242832313410e-04 -1.912827304350769531e+00 4.088349520361113036e+02 2.030600747434884868e-06 -3.855738140722204221e+00 1.342498398372375011e+09
8.927873417018153098e-04 -1.912662887762572872e+00 4.082049084830368884e+02 1.605551844971480450e-06 -3.909665054767990533e+00 1.342498398374356031e+09
8.658475619771369104e-04 -1.929986678625856156e+00 4.703087331794866941e+02 1.281291734759193511e-06 -4.166117170110146262e+00 1.342498398375274420e+09
8.781962331846294078e-04 -1.919544180781678655e+00 4.509318356568655872e+02 8.750178226588662160e-07 -4.369377562760417888e+00 1.342498398375819921e+09
8.959837670433241918e-04 -1.905948681282208401e+00 4.167681171906506847e+02 9.070330479874871878e-07 -4.304090276178443197e+00 1.342498398375995874e+09
8.788926984920901637e-04 -1.917678776959952813e+00 4.513046351935783491e+02 1.423368987645994810e-06 -4.105946697484613495e+00 1.342498398377401352e+09
8.722025009782205865e-04 -1.924055583303353023e+00 4.566531990611613310e+02 3.618917806546570129e-07 -5.199180378110115797e+00 1.342498398379377365e+09
9.150289876727445018e-04 -1.894578617520845665e+00 3.827310783076084704e+02 1.945243998172231197e-06 -3.891981391442861593e+00 1.342498398381012917e+09
8.856688831662026503e-04 -1.912729204847782416e+00 4.373878198865875220e+02 4.564483490671999221e-07 -4.861672480308874000e+00 1.342498398381968737e+09
8.942424902924383297e-04 -1.909603763707819590e+00 4.032348161247253415e+02 1.700295790711268415e-06 -3.968110842501786806e+00 1.342498398382305384e+09
8.763421200104294434e-04 -1.923813427875455284e+00 4.381595142657581050e+02 1.502331694654550412e-06 -4.091414151837499347e+00 1.342498398382791281e+09
9.068124243208885429e-04 -1.903234850783949828e+00 3.898791353383957130e+02 1.276768167375809287e-06 -4.104850451764132657e+00 1.342498398383235693e+09
9.120159536677159388e-04 -1.899801874646692035e+00 3.787481239273106439e+02 7.306623513666464278e-07 -4.681342613524429375e+00 1.342498398384282589e+09
9.098186314739489322e-04 -1.896506846826500947e+00 3.945956222712565022e+02 1.505238449054470819e-06 -3.978768394531298824e+00 1.342498398385412931e+09
9.044851343568506346e-04 -1.901888566202460051e+00 3.863161929212466248e+02 3.020806433354953696e-07 -5.211246965704623868e+00 1.342498398385976791e+09
8.781313556119079615e-04 -1.918297357863749664e+00 4.460492962206321295e+02 9.531494085858306494e-07 -4.482770641975617032e+00 1.342498398386630058e+09
8.998290354611534298e-04 -1.908344759245635736e+00 4.023828571076584808e+02 5.900910089765943283e-07 -4.830149900240343186e+00 1.342498398387446880e+09
9.057710560260383943e-04 -1.903683878977759925e+00 3.858301546082846585e+02 1.289807975931823850e-06 -4.073594508257293967e+00 1.342498398388703108e+09
9.079811731274110408e-04 -1.900164722190404332e+00 3.894535617449720917e+02 2.211818156646295294e-07 -5.460393714617956640e+00 1.342498398388903618e+09
8.831461141147218131e-04 -1.916945600805248784e+00 4.274564332333685002e+02 1.315601620871284032e-06 -4.027048765056079560e+00 1.342498398388993740e+09
9.177051067747042006e-04 -1.890109242658828181e+00 3.753277032320315811e+02 5.300263708022966405e-07 -4.767424408748727416e+00 1.342498398389344931e+09
8.807522472142158406e-04 -1.917398018553091443e+00 4.465730446586733251e+02 5.133470807174484702e-07 -4.937194430068782225e+00 1.342498398389588594e+09
8.830809983062185703e-04 -1.913324632518727864e+00 4.356309467033960914e+02 3.656816734159745023e-07 -5.044007692760192896e+00 1.342498398390320063e+09
8.806757474866796836e-04 -1.916192745145239851e+00 4.327032165047897934e+02 6.798941387103042115e-07 -4.588464075191460267e+00 1.342498398391186237e+09
8.949078622886688693e-04 -1.909295704148514794e+00 4.096215916680907299e+02 2.813875925763231302e-07 -5.183335214494533716e+00 1.342498398391249657e+09
8.691513962689674825e-04 -1.925874621793161712e+00 4.569793071663742126e+02 5.603805753774107900e-07 -4.846672615387838334e+00 1.342498398391891241e+09
8.819971027125938882e-04 -1.914950834156697201e+00 4.321239953285179354e+02 5.709185009582776931e-07 -4.819507659119260268e+00 1.342498398393443823e+09
8.791922971510461680e-04 -1.922985695567580144e+00 4.295394941193177374e+02 9.551025414166548470e-07 -4.458900083487987942e+00 1.342498398393822193e+09
9.050775472436492757e-04 -1.900344624245535519e+00 3.864837452957647770e+02 4.015293649986621601e-07 -5.034649882281782673e+00 1.342498398393950939e+09
8.805738960250679990e-04 -1.920518276174475458e+00 4.271471743889559889e+02 8.825061185234748111e-07 -4.371655275920881323e+00 1.342498398395473242e+09
9.191158820534451202e-04 -1.891667128904261030e+00 3.664372877655065963e+02 9.800296056868563350e-07 -4.336388433358115080e+00 1.342498398396092892e+09
9.122849929604055991e-04 -1.897169310747665261e+00 3.771275686188503187e+02 2.903133227533297591e-07 -5.302955790190838847e+00 1.342498398396854162e+09
9.082387494800109448e-04 -1.899497079510437558e+00 3.826470286852198228e+02 9.117220033608950902e-07 -4.298794509987230228e+00 1.342498398396920681e+09
9.045882953393338333e-04 -1.901591401367062284e+00 3.874348954844643913e+02 3.921074086355782687e-07 -5.112164554309164721e+00 1.342498398397611856e+09
8.763688441262298349e-04 -1.918520280037495418e+00 4.518290109722665306e+02 3.672396892184363852e-07 -5.055355766872427381e+00 1.342498398397977591e+09
8.996590157882051889e-04 -1.902255341380994391e+00 4.122595682924913376e+02 5.831079699969833779e-07 -4.684958891373645073e+00 1.342498398398376703e+09
8.903963104475444120e-04 -1.914078732296023988e+00 4.076411529159027509e+02 9.945679044951394736e-07 -4.288074514538902982e+00 1.342498398398874044e+09
8.826646194464355701e-04 -1.917993991941971066e+00 4.416933013020550334e+02 4.757086237604395487e-07 -4.910632307758796777e+00 1.342498398399293184e+09
8.817530035844099896e-04 -1.915390770618299099e+00 4.410398469191350159e+02 2.597908365656806181e-07 -5.383775274749828199e+00 1.342498398399770260e+09
9.217805570931135841e-04 -1.890657141859593882e+00 3.651317608496692060e+02 1.121447861669909302e-06 -4.180623790225295622e+00 1.342498398402036190e+09
9.217805570931135841e-04 -1.890657141859593882e+00 3.651317608496692060e+02 1.121447861669909302e-06 -4.180623790225295622e+00 1.342498398402036190e+09
9.140725035002129168e-04 -1.897631936386443563e+00 3.800083415097843726e+02 1.105217880939314095e-06 -4.367636050407158521e+00 1.342498398402333736e+09
9.140725035002129168e-04 -1.897631936386443563e+00 3.800083415097843726e+02 1.105217880939314095e-06 -4.367636050407158521e+00 1.342498398402333736e+09
9.024037803440076999e-04 -1.903036730626932238e+00 4.042713898586729897e+02 1.442987178448773156e-06 -3.968556878932171017e+00 1.342498398404430389e+09
9.175856004464857767e-04 -1.895246330689302372e+00 3.698874825183441430e+02 8.479299789902377069e-07 -4.406163254365910831e+00 1.342498398405379295e+09
8.758221198350403872e-04 -1.919855518923809790e+00 4.514856747393295109e+02 3.321281925773683647e-07 -5.231125175777361136e+00 1.342498398406338215e+09
9.025060909286354658e-04 -1.904663464071144841e+00 3.990481105849681853e+02 2.752258381849924195e-07 -5.266000434512209338e+00 1.342498398406881094e+09
9.025060909286354658e-04 -1.904663464071144841e+00 3.990481105849681853e+02 2.752258381849924195e-07 -5.266000434512209338e+00 1.342498398406881094e+09
8.786930562652037029e-04 -1.918352400185732165e+00 4.501739262836416628e+02 9.427199736081590897e-07 -4.310527295701084505e+00 1.342498398407622337e+09
8.998146808760100609e-04 -1.903644255635044136e+00 4.065262216341303088e+02 1.930613147618591690e-06 -3.730785096529868561e+00 1.342498398408412457e+09
8.849799440959459909e-04 -1.913504096109436725e+00 4.280587783068604040e+02 1.334454048817664470e-06 -4.025362447380324227e+00 1.342498398408591509e+09
9.025871243916559891e-04 -1.900570586155780450e+00 3.988070082611295675e+02 7.564276180025928666e-07 -4.425021792116684338e+00 1.342498398409156561e+09
9.021921423447085142e-04 -1.904799487781741352e+00 3.943773802546354545e+02 2.608022525643001481e-07 -5.263331865460601833e+00 1.342498398409348965e+09
8.691008658329483442e-04 -1.924642792005078151e+00 4.656708177961937167e+02 3.798783982871183840e-07 -5.096915932204819200e+00 1.342498398409435272e+09
8.836503832838959798e-04 -1.919438469851646012e+00 4.336811524479892910e+02 5.486092180959457605e-07 -4.850171398765151132e+00 1.342498398409510374e+09
9.028794630059268789e-04 -1.902746729755020239e+00 3.904650991671626343e+02 2.458389775889369041e-07 -5.401618080967208968e+00 1.342498398410460949e+09
8.693881779133293781e-04 -1.925939150976422098e+00 4.670906535419228476e+02 3.376272964887845161e-07 -5.137455956362726006e+00 1.342498398410609961e+09
8.873598316996491459e-04 -1.917148493712130142e+00 4.226510786954894456e+02 6.081706940391290594e-07 -4.678469230449479710e+00 1.342498398410632372e+09
8.645690156754824328e-04 -1.930103882897558965e+00 4.744108805622657883e+02 5.128830245203428565e-07 -4.923329749315369597e+00 1.342498398410896778e+09
8.710735588738744654e-04 -1.924453272901208045e+00 4.507165966355007640e+02 7.655842066964195980e-07 -4.571869297694632905e+00 1.342498398412886143e+09
8.753464266914144512e-04 -1.925044522668861280e+00 4.377329739495345962e+02 9.800172815575145914e-07 -4.343585375096541412e+00 1.342498398414077520e+09
8.947066329984535620e-04 -1.905744142609778979e+00 4.106573092939205480e+02 1.527898358432052226e-06 -3.984310692131065146e+00 1.342498398415326357e+09
8.994294992047275608e-04 -1.903867745826789637e+00 3.991518124946054513e+02 6.285775074619450256e-07 -4.792254696030205707e+00 1.342498398416440010e+09
9.098841146473528275e-04 -1.899122772205087628e+00 3.863834758627074280e+02 5.785650638825550307e-07 -4.877298648242011758e+00 1.342498398416766644e+09
9.153505192650047972e-04 -1.893584361858247966e+00 3.782630507790220804e+02 2.309079318488983427e-06 -3.671942264744240347e+00 1.342498398416853905e+09
9.082831283056057954e-04 -1.898980794104585312e+00 3.815598226851037680e+02 3.513602519691286718e-07 -5.071409887638820280e+00 1.342498398418252707e+09
8.884267831128253405e-04 -1.913036642522503383e+00 4.146877441423031883e+02 4.190030691767282318e-07 -5.090655884416195320e+00 1.342498398418847561e+09
8.959908472537021383e-04 -1.908767544600208588e+00 4.102696669226393169e+02 3.301860398441117940e-07 -5.081833390551210528e+00 1.342498398420138597e+09
9.012838217122033906e-04 -1.901037001811565208e+00 4.104008529013763109e+02 9.528500399572528398e-07 -4.421985212864797177e+00 1.342498398420249939e+09
8.900707566993631839e-04 -1.914069967920451809e+00 4.254809752740807767e+02 9.930948414138447259e-07 -4.414554618073862180e+00 1.342498398420854092e+09
8.975566529722016828e-04 -1.905849799122480093e+00 4.021955907397846772e+02 9.210919803458577207e-07 -4.523514454035003851e+00 1.342498398421319008e+09
9.076938330989528861e-04 -1.898934693406709506e+00 3.825265691607005465e+02 4.734359692007258693e-07 -4.838675335846648551e+00 1.342498398422590971e+09
8.826789808224569118e-04 -1.917674949738244372e+00 4.367511657329270633e+02 5.122234974837452243e-07 -4.746161707957674558e+00 1.342498398423284054e+09
9.029388525250377001e-04 -1.901002098603047807e+00 3.923790664688464744e+02 5.228607117489535164e-07 -4.883608207037879900e+00 1.342498398423718691e+09
8.847585991108313950e-04 -1.914160477783935832e+00 4.397892024369674004e+02 3.817437599835712764e-07 -5.104315109708929654e+00 1.342498398424309254e+09
9.246336925665586898e-04 -1.886900034901292322e+00 3.634083064301138393e+02 6.034951679422105079e-07 -4.693617176004698521e+00 1.342498398424314976e+09
9.003707270023568075e-04 -1.907856946340648285e+00 4.012377061825260967e+02 9.089959808447299995e-07 -4.372478644564790962e+00 1.342498398425183058e+09
8.966221637591912340e-04 -1.908402238587711297e+00 4.129423956711126493e+02 6.122614134372308321e-07 -4.642376092089601336e+00 1.342498398425672054e+09
9.092359337366202410e-04 -1.895817646601669626e+00 3.914828558759302268e+02 4.017529116381677836e-07 -4.947128143994439675e+00 1.342498398427548170e+09
9.042177006642864844e-04 -1.902687527832705339e+00 3.846181181548183758e+02 6.472178327226455419e-07 -4.698812963138112586e+00 1.342498398428069353e+09
8.969888616291891515e-04 -1.905722486324568532e+00 4.165553769306123399e+02 1.314290584118540143e-06 -4.063856324750300786e+00 1.342498398428962469e+09
8.810566780459360911e-04 -1.919886748548618849e+00 4.396559938662736613e+02 1.690781219476689528e-06 -4.026934676506320088e+00 1.342498398430354357e+09
8.831049299978067446e-04 -1.919742038203651857e+00 4.283004776291935514e+02 1.862057001720663585e-06 -3.901276320436376288e+00 1.342498398431924582e+09
9.142010042059860479e-04 -1.895573451898016959e+00 3.823944239350233829e+02 2.270174573640526603e-06 -3.744412933240671038e+00 1.342498398432191610e+09
8.747236033252900030e-04 -1.922564636462862353e+00 4.598251054700057807e+02 1.007223543731233197e-06 -4.342126037350898748e+00 1.342498398433668852e+09
9.108675480863966806e-04 -1.899035308160998303e+00 3.897946057929011090e+02 9.064948522069371215e-07 -4.469462386514248209e+00 1.342498398434604883e+09
9.102734893324985295e-04 -1.895881383781901075e+00 3.895804840209229383e+02 6.233747230410262885e-07 -4.793740450035332223e+00 1.342498398434967756e+09
8.857842487813077578e-04 -1.915985649681042791e+00 4.337743599208784531e+02 1.609896571274686206e-06 -3.951122703407117243e+00 1.342498398435096025e+09
8.781043189820012885e-04 -1.919967907789692063e+00 4.354193439350075323e+02 2.497833134960701970e-07 -5.396736621693664304e+00 1.342498398438865185e+09
8.943792780750160808e-04 -1.910793270342539873e+00 4.142006273306688513e+02 1.384992459737702741e-06 -4.024097982054797740e+00 1.342498398439600468e+09
9.181812935893432764e-04 -1.892235972813856915e+00 3.741654365162110594e+02 1.989114462247859934e-06 -3.750564162985179806e+00 1.342498398440460920e+09
8.800909237451490967e-04 -1.915414281263508656e+00 4.434995914603791789e+02 8.170339897849107259e-07 -4.447501777726690086e+00 1.342498398441571951e+09
8.866586241275276753e-04 -1.911812623885245088e+00 4.240225548116786172e+02 9.800980044604021187e-07 -4.266603324677914699e+00 1.342498398441584110e+09
9.106738775201949363e-04 -1.898757307661161686e+00 3.860683718912769677e+02 1.087384569652861434e-06 -4.405058625556778296e+00 1.342498398442499161e+09
8.775313809235148156e-04 -1.922827339802603008e+00 4.466805010511317278e+02 4.177601287896951077e-07 -5.066214236775532953e+00 1.342498398442516565e+09
8.781109260058453337e-04 -1.921324044727338087e+00 4.438982848722248491e+02 5.846361868065283160e-07 -4.880791829727234798e+00 1.342498398443238497e+09
8.712621545633627944e-04 -1.926936259017359987e+00 4.538678266817157692e+02 5.219186537736348309e-07 -4.944227406825769222e+00 1.342498398443981171e+09
8.680484454846141033e-04 -1.926637132896958926e+00 4.626862931002958703e+02 6.387770556965063159e-07 -4.763438471610788483e+00 1.342498398444043159e+09
8.783274574950358142e-04 -1.920578971217753894e+00 4.511942555887247295e+02 5.080939218682221395e-07 -4.903826871578018221e+00 1.342498398445147753e+09
9.062830026902683874e-04 -1.903841186037871669e+00 3.875947196072552288e+02 1.898305790263148081e-06 -3.876212655808201291e+00 1.342498398445542574e+09
8.902327822944829062e-04 -1.912140541208521949e+00 4.225835662816888885e+02 2.356586812005289758e-06 -3.634656786823239116e+00 1.342498398446333647e+09
8.911518584119940134e-04 -1.915603317645952597e+00 4.112293753135676297e+02 8.112260713040826910e-07 -4.514889930601147405e+00 1.342498398446667910e+09
8.990538478194924805e-04 -1.907953605390824370e+00 4.040105804111852308e+02 3.179934065066587109e-07 -5.248970825176305866e+00 1.342498398448322773e+09
8.861712366173772181e-04 -1.913278306899294900e+00 4.344900196426227694e+02 2.624588373434079609e-07 -5.362536440592544196e+00 1.342498398449387312e+09
8.720878604575117883e-04 -1.925230989194135489e+00 4.598490895395049733e+02 1.450717544925283381e-06 -4.044701337950979969e+00 1.342498398451925516e+09
8.965095423780471834e-04 -1.905352337156765774e+00 4.157559471878942077e+02 2.060047975558185223e-06 -3.812399680186901563e+00 1.342498398454186440e+09
8.828259385711575936e-04 -1.914552666231041034e+00 4.331460530023455249e+02 5.638247638725281577e-07 -4.861580539941007473e+00 1.342498398457413435e+09
8.799417182984506369e-04 -1.918399675608659205e+00 4.299577271981707440e+02 3.734708726242104569e-07 -5.048618894631958121e+00 1.342498398458159447e+09
8.909617073742301645e-04 -1.912056227712011225e+00 4.140481139120202556e+02 1.841751437342830665e-06 -3.778361492305924330e+00 1.342498398458569050e+09
8.828027399367974030e-04 -1.916163114248135235e+00 4.398238546703905740e+02 2.026767925890642677e-06 -3.838412049107853719e+00 1.342498398458750725e+09
8.696062928856586327e-04 -1.924632308626328392e+00 4.644673110735205910e+02 1.074659804838082078e-06 -4.259888443416073756e+00 1.342498398459250927e+09
8.756573185128727153e-04 -1.922371890578244535e+00 4.405911011574598888e+02 3.265540916693725905e-07 -5.113558506220115873e+00 1.342498398461265326e+09
8.905142928715577538e-04 -1.913697688277995912e+00 4.108550025544242317e+02 2.487517346896164177e-07 -5.333872319921460381e+00 1.342498398462001801e+09
8.685923611318576614e-04 -1.928253256672917137e+00 4.601471352297455724e+02 3.687583745701161244e-07 -5.168977095955918699e+00 1.342498398462508678e+09
9.219608192657115751e-04 -1.890741980765853647e+00 3.625633718431236048e+02 6.666302996851021717e-07 -4.642277300525914363e+00 1.342498398463663578e+09
9.086207128494120516e-04 -1.898053681349325394e+00 3.956320454203889199e+02 1.826774665191274360e-06 -3.848785626017557249e+00 1.342498398464454174e+09
8.936206192276377252e-04 -1.910718926766493908e+00 4.109968283357210339e+02 2.652801438780907798e-07 -5.248325270863686498e+00 1.342498398466628075e+09
8.994969625379379803e-04 -1.903943954944302019e+00 4.017512665568078774e+02 1.861097881738440781e-07 -5.591016188295677480e+00 1.342498398467240095e+09
8.890545563084404105e-04 -1.913930537098213369e+00 4.201451923873348733e+02 1.921424888846291905e-07 -5.582764952464485120e+00 1.342498398468960285e+09
8.952134017423540738e-04 -1.907162270538898419e+00 4.207420645714519765e+02 1.360277704213345296e-06 -4.076389025132621136e+00 1.342498398470859528e+09
9.019215817313209647e-04 -1.902834335010614275e+00 4.003303496338511422e+02 2.264897944754772284e-06 -3.777080584673289110e+00 1.342498398471379995e+09
8.891232889747833568e-04 -1.914462813766696581e+00 4.140939851920552428e+02 1.172555819235388907e-06 -4.125126726115395215e+00 1.342498398471733093e+09
8.811412495443888410e-04 -1.916265835620176494e+00 4.411554848953006740e+02 2.681635999491690994e-07 -5.256528026879622395e+00 1.342498398472154379e+09
8.940637686759881578e-04 -1.911979497207590750e+00 4.024235655115454620e+02 4.646173586074254704e-07 -4.861083376951849999e+00 1.342498398472525597e+09
9.228539154665611277e-04 -1.890079415571832344e+00 3.695537369153986447e+02 8.288299128150051386e-07 -4.454643593977690053e+00 1.342498398473478556e+09
8.866872144596241482e-04 -1.911426185000520972e+00 4.344910786660161648e+02 6.454718752531343613e-07 -4.590751143387764799e+00 1.342498398474899054e+09
8.857868526168841648e-04 -1.913526966971926591e+00 4.316300864522791585e+02 1.057112316752893287e-06 -4.177367130767399850e+00 1.342498398475228310e+09
9.116658054894935526e-04 -1.897733175204877831e+00 3.749108747089964595e+02 1.021378101698900806e-06 -4.297344881338894140e+00 1.342498398476884604e+09
9.064578109780111435e-04 -1.900881593195713037e+00 3.951134545244345304e+02 5.798989089959579697e-07 -4.867895566132562912e+00 1.342498398477347851e+09
9.101148842169434327e-04 -1.897516968555005512e+00 3.875172321470758448e+02 2.531549596406679733e-06 -3.593738557705187908e+00 1.342498398477389336e+09
9.042151265681501546e-04 -1.904848613538515867e+00 3.940831709429506304e+02 9.693037900118419057e-07 -4.487417461352508852e+00 1.342498398477847815e+09
8.776880923729795487e-04 -1.919421624443029328e+00 4.441313444673767776e+02 9.249515828352683499e-07 -4.293774689186623306e+00 1.342498398478080988e+09
8.667841791677999546e-04 -1.928945469533758006e+00 4.684519889998383064e+02 1.080254841698550652e-06 -4.363193264587404308e+00 1.342498398479461432e+09
8.802583216788885780e-04 -1.919884541408411138e+00 4.407614484590353641e+02 7.042815134674470300e-07 -4.518131002684977915e+00 1.342498398479525805e+09
9.053100513485416202e-04 -1.900959452076036671e+00 3.880156176709855913e+02 1.857223029006577614e-06 -3.886862954758641742e+00 1.342498398479758978e+09
9.015420031513914426e-04 -1.903148989722340367e+00 4.044698144963406321e+02 6.427539857366014086e-07 -4.558869394800077579e+00 1.342498398480032206e+09
8.787098186570337435e-04 -1.918927976468511432e+00 4.408185494760165284e+02 2.226818089721591954e-07 -5.396049719272563827e+00 1.342498398482187033e+09
9.062942235014725175e-04 -1.901098055144535559e+00 3.936981097461148238e+02 2.684083993767266600e-07 -5.369285256792839967e+00 1.342498398482806683e+09
8.816077906092035024e-04 -1.917641954154117201e+00 4.256213691064855880e+02 3.677966217208397780e-07 -5.111673362376492946e+00 1.342498398483235121e+09
9.147914324577377824e-04 -1.897275544905618672e+00 3.786692110253701458e+02 1.405203341314247165e-06 -4.154956673928146493e+00 1.342498398483978033e+09
8.789770470181166922e-04 -1.916650061999216614e+00 4.414678795880990378e+02 3.826861018170531016e-07 -5.048951087643962943e+00 1.342498398484168053e+09
8.835215209271538028e-04 -1.915554308889771296e+00 4.295595510065390954e+02 2.372100505259446613e-07 -5.475956731739080041e+00 1.342498398484244108e+09
8.873734850695108199e-04 -1.913166683694728309e+00 4.334080115731703700e+02 7.999335232172155757e-07 -4.439903328030636587e+00 1.342498398485102177e+09
9.091190318051244057e-04 -1.899715059662608230e+00 3.921411743780059851e+02 1.784088930256045003e-06 -3.881725447848690891e+00 1.342498398485595226e+09
9.140515762223801752e-04 -1.894245648952369354e+00 3.751164189528591919e+02 6.680048104511712299e-07 -4.698414167985099255e+00 1.342498398488767862e+09
9.061235638037212639e-04 -1.899189533151841580e+00 3.895686690519038962e+02 1.606222430049902330e-06 -3.897382943786112719e+00 1.342498398491965532e+09
9.260098482249145592e-04 -1.888765226308092515e+00 3.613567539606942205e+02 8.426548424039232052e-07 -4.487829535933302694e+00 1.342498398492481947e+09
8.971930414731531592e-04 -1.910492975263281767e+00 4.069144428391097676e+02 1.223082290965249855e-06 -4.243282227542868768e+00 1.342498398493170738e+09
9.064145735271610105e-04 -1.900198564481012209e+00 3.857889074523803856e+02 4.755233305931740182e-07 -4.799431442259787239e+00 1.342498398494765759e+09
8.962744237205293304e-04 -1.906929961883889746e+00 4.169325772666574608e+02 6.475403842864211241e-07 -4.602668247533369339e+00 1.342498398495218515e+09
9.116146603015388592e-04 -1.893812379454943295e+00 3.864459857855429732e+02 8.007321367150443725e-07 -4.558178519872627454e+00 1.342498398495224476e+09
9.141932585080222735e-04 -1.893391480902907320e+00 3.840854698429449172e+02 8.960655860136402798e-07 -4.512842358228143169e+00 1.342498398495296478e+09
8.830659347498322686e-04 -1.914863417124388789e+00 4.425851415986768416e+02 1.385752642537558746e-06 -4.149478164974605754e+00 1.342498398496108055e+09
8.958941461513514901e-04 -1.908624689496031479e+00 4.108589916020532655e+02 2.994735932077126798e-07 -5.165903198394738105e+00 1.342498398496651888e+09
8.995957247606891759e-04 -1.907800417382483849e+00 3.965044488015992101e+02 8.663980737653828625e-07 -4.581804044177570034e+00 1.342498398497023344e+09
8.818413577864296768e-04 -1.915911032352215271e+00 4.296498324176887991e+02 3.312873896770003496e-07 -5.133806008599224313e+00 1.342498398497477293e+09
8.877902558120400172e-04 -1.912961414102996027e+00 4.267793474408795760e+02 1.932540970759016156e-07 -5.583466725925046781e+00 1.342498398497578382e+09
8.691467778037365683e-04 -1.924429527102436310e+00 4.658506341691401076e+02 4.934765436952064759e-07 -4.861054946731391269e+00 1.342498398498866796e+09
8.845300131370391079e-04 -1.913387780738445176e+00 4.393029594934050692e+02 3.675056440858247277e-07 -5.127621320403182636e+00 1.342498398500031471e+09
8.812299683954792325e-04 -1.918331788241231406e+00 4.347308317438098015e+02 1.908001480974077256e-07 -5.528917474542818233e+00 1.342498398501019955e+09
9.009346779120044630e-04 -1.904747721117596715e+00 3.972101076887000772e+02 1.877039081192717498e-07 -5.545510946593857682e+00 1.342498398501421690e+09
9.180439073517553681e-04 -1.889947106564895174e+00 3.782277766588840677e+02 5.836972916508197095e-07 -4.764001296200127022e+00 1.342498398501706362e+09
8.819261716337086551e-04 -1.915051917278986160e+00 4.430085641445495526e+02 3.075472469715787528e-07 -5.216146703252893424e+00 1.342498398502078295e+09
8.884544048175124125e-04 -1.913747632254486852e+00 4.108651519416261522e+02 4.773598197223522513e-07 -4.861458495395181600e+00 1.342498398502970457e+09
8.986102084390579963e-04 -1.906167516828734199e+00 4.005642325483003106e+02 2.354222176426613040e-06 -3.645898645486145284e+00 1.342498398504035711e+09
9.045522969183351697e-04 -1.902377613804141721e+00 3.961483688314664278e+02 9.502455445998491039e-07 -4.259204196164933620e+00 1.342498398504920721e+09
9.010857265091607024e-04 -1.903773292748720314e+00 3.969646831367489312e+02 1.955641837844934000e-06 -3.889364417454677536e+00 1.342498398505327463e+09
8.921312588108057948e-04 -1.908597449000020596e+00 4.141350955770812448e+02 1.040728476514976557e-06 -4.411360840675788708e+00 1.342498398505998850e+09
8.709116796949405593e-04 -1.924969163603542643e+00 4.502830551135351698e+02 5.830571587627972099e-07 -4.735533347915787949e+00 1.342498398506255388e+09
8.997771537082433326e-04 -1.905220228764846979e+00 4.013491660875301363e+02 1.191398733754472467e-06 -4.345183517186317346e+00 1.342498398507123232e+09
8.849009319474761010e-04 -1.916365196747966904e+00 4.273303058639985466e+02 1.948161645137365379e-06 -3.759701139273814441e+00 1.342498398509161949e+09
8.861280041681465379e-04 -1.916808934275905152e+00 4.188585407944019039e+02 2.712745690203818598e-07 -5.378895428212675967e+00 1.342498398510801554e+09
8.779276759545050690e-04 -1.923206202733243497e+00 4.401523296294988086e+02 1.604215856537267655e-06 -4.005042677954367747e+00 1.342498398511224031e+09
9.006388127025565567e-04 -1.906586746714927116e+00 3.923123892368245720e+02 8.665899177924185355e-07 -4.560960808345330797e+00 1.342498398511691332e+09
8.949416227403745759e-04 -1.912515089508348254e+00 4.008691577057767859e+02 7.479514522432642066e-07 -4.640132626677194949e+00 1.342498398514730930e+09
9.017782344218870649e-04 -1.906593560449743041e+00 3.904983243970596050e+02 1.139034552180991033e-06 -4.339647575244972799e+00 1.342498398515986681e+09
8.870910381479262322e-04 -1.915028763681817736e+00 4.199217839875775553e+02 2.135465003913513521e-06 -3.734853596845418622e+00 1.342498398516889095e+09
8.845762318556759166e-04 -1.915363432489587181e+00 4.365346056683225129e+02 1.460411483387421718e-06 -4.154672575852362826e+00 1.342498398517150640e+09
8.816313809723864666e-04 -1.916444742525193590e+00 4.410330537156694390e+02 3.190721425366230055e-07 -5.271810542878852424e+00 1.342498398517290115e+09
8.933955031521146522e-04 -1.908209133515861966e+00 4.239011970150049819e+02 1.605817072719432974e-06 -3.990101867267211055e+00 1.342498398518870354e+09
9.030284156226925677e-04 -1.899617341679808113e+00 4.005513623107743229e+02 3.444814398282656654e-07 -5.154975045385922883e+00 1.342498398519360781e+09
8.992305087251254965e-04 -1.907804152541812570e+00 4.059960013818821380e+02 4.443239359589817230e-07 -4.961025609727697017e+00 1.342498398519661903e+09
8.845863879233621923e-04 -1.919110643199461785e+00 4.178713420412992150e+02 9.562963129059756630e-07 -4.432374715897269724e+00 1.342498398519732714e+09
9.036958702173049406e-04 -1.899682607874573881e+00 4.016991819617286410e+02 4.189603728639097217e-07 -5.052537782545623024e+00 1.342498398520333290e+09
8.778149771131793034e-04 -1.918816956142287644e+00 4.535519867989405043e+02 5.401449973371490630e-07 -4.865895040293406915e+00 1.342498398520348549e+09
8.925713454593559894e-04 -1.909710631229424527e+00 4.168001246540898137e+02 2.554016628533237091e-06 -3.588171407007666680e+00 1.342498398521007299e+09
8.792652476141550426e-04 -1.918191205576101899e+00 4.332264590363372463e+02 5.131888735268744973e-07 -4.884407096810448934e+00 1.342498398521346331e+09
8.840957139212812484e-04 -1.918764357111792052e+00 4.259819906528603042e+02 1.432602946193492974e-06 -4.016039858242032246e+00 1.342498398522484779e+09
8.867941045313950353e-04 -1.912922573540930760e+00 4.235504431025230474e+02 2.307438522497257580e-07 -5.485279495658554438e+00 1.342498398523281097e+09
9.043328031761802823e-04 -1.900689522648001395e+00 3.992723875519463945e+02 2.416675206026099665e-07 -5.383020062532407835e+00 1.342498398524248600e+09
9.014462070115348419e-04 -1.902059648375451273e+00 3.971091002648450967e+02 2.789924968100300354e-07 -5.222619250973139060e+00 1.342498398525525093e+09
8.851777136736940473e-04 -1.914315551203188637e+00 4.318456914607251633e+02 4.299274420699711924e-07 -4.860132897249426875e+00 1.342498398525748253e+09
8.809001139953446299e-04 -1.918290551775820640e+00 4.265559083183390499e+02 7.510608548896740459e-07 -4.541551081992965422e+00 1.342498398525789022e+09
8.969823802637959817e-04 -1.908225382326838027e+00 4.134462454343058084e+02 5.339109250292748498e-07 -4.886158688425854102e+00 1.342498398526203394e+09
8.964338034682217248e-04 -1.906415647658785906e+00 4.031695108858547201e+02 3.321641660416417302e-07 -5.068329685264020945e+00 1.342498398527625561e+09
8.965349878193209620e-04 -1.906807310223794349e+00 3.999488486479119160e+02 7.019500764725991412e-07 -4.682456951771696296e+00 1.342498398528698206e+09
8.846648280138480914e-04 -1.918495191462618932e+00 4.196883158713928879e+02 3.043088813252436256e-07 -5.240955582387307743e+00 1.342498398530025244e+09
9.165787715956043909e-04 -1.894095051196740931e+00 3.698300122032848094e+02 1.105972639609175760e-06 -4.308716246706131514e+00 1.342498398531200647e+09
8.800768599320919327e-04 -1.922510041945720172e+00 4.358299734910402776e+02 7.230498818428613078e-07 -4.677116766551057125e+00 1.342498398531719446e+09
9.042028263303356463e-04 -1.899911159372475566e+00 4.005276200773839150e+02 2.738428790629442725e-07 -5.295394526812617464e+00 1.342498398531740904e+09
9.105682972832157855e-04 -1.897102782581389313e+00 3.926194891941558467e+02 6.001284655059363841e-07 -4.714755746335383080e+00 1.342498398532166243e+09
9.070142343536841774e-04 -1.898751795865588399e+00 3.864700279522512005e+02 1.566492238870042133e-06 -3.995528231346069603e+00 1.342498398533290625e+09
9.137681473525031614e-04 -1.895768153311146342e+00 3.800683098322356273e+02 1.986947564154240616e-06 -3.881286762519789768e+00 1.342498398534506559e+09
8.882177137709329397e-04 -1.911585640956247056e+00 4.307881657373582129e+02 4.811566638126503648e-07 -4.985489425140235298e+00 1.342498398534905195e+09
8.859920907491352542e-04 -1.913138661003217944e+00 4.294861996631258876e+02 1.719780955804730092e-06 -3.842709264509094780e+00 1.342498398536003828e+09
8.679771900346852816e-04 -1.925645738429797804e+00 4.666105233106293895e+02 5.207189461004915207e-07 -4.864757312209420093e+00 1.342498398536557198e+09
9.054642935636465122e-04 -1.898653767983365936e+00 3.991895650129717410e+02 4.640840576848981986e-07 -4.838571742776693441e+00 1.342498398538178205e+09
8.827159695663764662e-04 -1.918290286701044511e+00 4.229823534341971367e+02 2.834277763488980292e-07 -5.279718844979521819e+00 1.342498398538290262e+09
9.097550208842030512e-04 -1.895612735474224042e+00 3.935301570156354387e+02 5.473776372050767613e-07 -4.835114141346362970e+00 1.342498398538658619e+09
8.926777247296841748e-04 -1.907757025590050670e+00 4.199248030801948630e+02 6.855449456186790332e-07 -4.507982598901444149e+00 1.342498398542294741e+09
8.839893680544154593e-04 -1.913132084781298037e+00 4.293999633892433963e+02 6.355094508379705097e-07 -4.706541974591301525e+00 1.342498398542702913e+09
9.014716434941658736e-04 -1.905486540447598243e+00 3.998387805698215516e+02 2.261023480131535406e-06 -3.671537667426790108e+00 1.342498398543192625e+09
8.835250803743146478e-04 -1.917946759703319293e+00 4.234763755272312551e+02 5.534804286520109378e-07 -4.902816317731478968e+00 1.342498398544220924e+09
8.748582532470994570e-04 -1.920099723041484463e+00 4.504380944654950554e+02 9.949980588718587937e-07 -4.347805213260762969e+00 1.342498398544945478e+09
8.718843925827463297e-04 -1.925130932971542030e+00 4.465556501455715193e+02 4.208611144182761875e-07 -4.991678665311898300e+00 1.342498398544992208e+09
8.950061211836079101e-04 -1.905651264153310098e+00 4.132254203472024869e+02 2.617921763555962590e-07 -5.282389515283577808e+00 1.342498398545162201e+09
8.992897574859682122e-04 -1.903020311348783133e+00 4.103318019911463921e+02 2.988702232152499089e-07 -5.231141856380096655e+00 1.342498398545885563e+09
9.111581154378556920e-04 -1.897843400604780628e+00 3.780582693338776608e+02 1.705642172669321103e-06 -3.932190599972593681e+00 1.342498398546383142e+09
9.005061890347152093e-04 -1.901021975943796960e+00 4.024542625058449516e+02 5.562051558053643555e-07 -4.805815089099437998e+00 1.342498398548001051e+09
9.057316319608075834e-04 -1.899309909548572817e+00 3.883523649907101003e+02 7.702679858369529087e-07 -4.452347223712873614e+00 1.342498398549103022e+09
9.071622315199433934e-04 -1.897056602461252517e+00 3.960086863852316128e+02 4.340300528044257138e-07 -4.909355039493526363e+00 1.342498398549681187e+09
9.113490538730995493e-04 -1.898125868576790998e+00 3.752427168675779967e+02 5.049026380052866125e-07 -4.860590316031036195e+00 1.342498398550350189e+09
8.970123082459515330e-04 -1.904668506176607323e+00 4.023420258517040793e+02 7.469098482320861148e-07 -4.520678342369695457e+00 1.342498398551364660e+09
9.143554884099525061e-04 -1.896259492307646122e+00 3.779624091008948881e+02 1.300632467580198745e-06 -4.248538180429179967e+00 1.342498398551389933e+09
8.896054099736130190e-04 -1.909892389709274330e+00 4.314012430368944138e+02 1.328119116195229586e-06 -4.124498946104621311e+00 1.342498398551908255e+09
8.778282000428299422e-04 -1.921352145243518050e+00 4.440747965775284456e+02 2.910535642295966052e-07 -5.341529591242600183e+00 1.342498398551911592e+09
8.807756652343513111e-04 -1.920885018675789535e+00 4.361229417975849287e+02 4.643595108045985352e-07 -4.872470568105666366e+00 1.342498398552692652e+09
8.766600663497527580e-04 -1.921234538318783880e+00 4.446900135478043126e+02 3.422766471539208468e-07 -5.056494292694366344e+00 1.342498398553177118e+09
8.984253881921114900e-04 -1.904665780016876697e+00 4.034114658914387519e+02 1.970710414021920169e-07 -5.501941989855942516e+00 1.342498398554449081e+09
8.981836260249552797e-04 -1.907637705751900281e+00 3.958435105206120852e+02 8.759409246733465756e-07 -4.360625641177860778e+00 1.342498398555139065e+09
8.928110488002682704e-04 -1.909166250038743629e+00 4.233419694211078195e+02 3.996989860893901796e-07 -5.004578002276590887e+00 1.342498398555787802e+09
8.988707057235125787e-04 -1.903315253505780902e+00 4.082452308182309366e+02 1.356927525229941583e-06 -4.194156976103569079e+00 1.342498398555943489e+09
8.768649937718400863e-04 -1.922117071265921684e+00 4.529785558275494282e+02 8.638112674461903751e-07 -4.524565316508261326e+00 1.342498398556461811e+09
8.634885467136025955e-04 -1.931237359187489178e+00 4.756232502472817032e+02 5.037076173925572474e-07 -4.875162123858753027e+00 1.342498398556702375e+09
9.043518645438271145e-04 -1.903957179737458372e+00 3.985626841583459168e+02 1.498680349249968865e-06 -4.100102431334303077e+00 1.342498398556790829e+09
8.800698099925127662e-04 -1.920454926324618894e+00 4.266118964183627327e+02 4.442287111910137489e-07 -4.942373463013625567e+00 1.342498398556818485e+09
8.855832799748821534e-04 -1.915398177075033903e+00 4.167547502008064839e+02 7.651430934355248905e-07 -4.584521006492336959e+00 1.342498398556943417e+09
9.076777309134677341e-04 -1.899000497470062498e+00 3.961872449816691528e+02 2.019974330714814478e-06 -3.820508296365503043e+00 1.342498398558102369e+09
8.952227348929442299e-04 -1.909338830638333651e+00 3.989771822479938805e+02 6.562318209967724690e-07 -4.716069899086658523e+00 1.342498398558696747e+09
9.081412942759012862e-04 -1.898047576218790056e+00 3.971572824978684935e+02 6.454943591779624443e-07 -4.636121028074212447e+00 1.342498398558922291e+09
8.721650442229892525e-04 -1.924764042596465607e+00 4.557442397680965200e+02 8.725895832185046720e-07 -4.561002424607980110e+00 1.342498398559590101e+09
9.062290484680752970e-04 -1.898703208796589159e+00 3.870407960327010528e+02 4.786990343823696858e-07 -4.885394311148704816e+00 1.342498398561096430e+09
9.007668777851371130e-04 -1.907248170048507552e+00 3.930574475227230096e+02 8.825825759907371982e-07 -4.364643533490295546e+00 1.342498398561906338e+09
8.905561691308194056e-04 -1.914279978857391429e+00 4.222919298392249630e+02 1.004173982027198351e-06 -4.390170015249673874e+00 1.342498398563262463e+09
8.942739351802263433e-04 -1.909507302140108997e+00 4.067734419273027697e+02 3.024816067143530133e-07 -5.325979851972437729e+00 1.342498398564987659e+09
8.996535991806423179e-04 -1.906782769994279203e+00 3.964792208457513425e+02 1.814188795717980957e-06 -3.822545757579870696e+00 1.342498398565259695e+09
9.068470781758667266e-04 -1.903942388362439342e+00 3.883879436378786636e+02 8.806940632189514010e-07 -4.502403738841922909e+00 1.342498398566227913e+09
8.713338002889907440e-04 -1.925796182894103259e+00 4.546948199464017648e+02 8.131802480130276110e-07 -4.427109744794808677e+00 1.342498398566543818e+09
8.768355648727306929e-04 -1.921634349313002366e+00 4.379081398238370184e+02 5.649025501436198575e-07 -4.692891987858242686e+00 1.342498398566722393e+09
8.992466814757325367e-04 -1.905703146736943410e+00 4.070357599395072157e+02 4.119227571019725436e-07 -5.109778428979391940e+00 1.342498398566993952e+09
8.773104836719495658e-04 -1.920053835300287837e+00 4.526001513259305966e+02 3.512673678332414767e-07 -5.131145885436605880e+00 1.342498398567676306e+09
9.035430041563005535e-04 -1.899677206182460498e+00 3.997093728761333864e+02 9.090826705032276033e-07 -4.306989441604174296e+00 1.342498398569238424e+09
8.974712965179017579e-04 -1.910229138637897783e+00 4.036030729798134189e+02 9.354483545893213071e-07 -4.501876059982075517e+00 1.342498398569807291e+09
9.108811660544637945e-04 -1.900261403680558292e+00 3.853120768976779686e+02 9.627845209516373680e-07 -4.372192361933569416e+00 1.342498398570539236e+09
8.803110582443267286e-04 -1.917203979839219752e+00 4.471121334532616061e+02 3.605956243981428020e-07 -5.086548633255763896e+00 1.342498398570868969e+09
9.136874898625538905e-04 -1.894058790268515757e+00 3.783728094283749783e+02 1.622481840189079047e-06 -3.965813079024002263e+00 1.342498398572163582e+09
8.967588749766818154e-04 -1.906259959611581012e+00 4.051088247097184762e+02 2.205530218501888065e-07 -5.390077217307268853e+00 1.342498398573570728e+09
8.729847378704742910e-04 -1.925639780130203649e+00 4.528233108303411996e+02 5.556637287054847002e-07 -4.732868976750331136e+00 1.342498398573637486e+09
8.926695769777209322e-04 -1.912040520213513339e+00 4.135788392924804384e+02 9.183682350864214354e-07 -4.308173641920088670e+00 1.342498398574216843e+09
9.018021269527471935e-04 -1.907326428527987616e+00 3.975927248587043437e+02 9.911819043333728289e-07 -4.429436455152933050e+00 1.342498398574719429e+09
9.142951367874447340e-04 -1.897637931393276967e+00 3.721339356157056386e+02 6.676059196532156623e-07 -4.704334694244876047e+00 1.342498398575586557e+09
8.826975491146155355e-04 -1.916056448447154059e+00 4.339792491146766338e+02 1.875551314202289135e-07 -5.573386031945317676e+00 1.342498398575995445e+09
9.114126115973617383e-04 -1.897670923676727739e+00 3.772350273161379164e+02 6.857240088522678316e-07 -4.707295932382707271e+00 1.342498398576550961e+09
9.106573764243223144e-04 -1.898215147344674669e+00 3.815959686985237340e+02 3.339587594195367477e-07 -5.230041072402469737e+00 1.342498398576562881e+09
8.965577613191877881e-04 -1.906738645644291630e+00 4.045957958377017007e+02 8.873574499239223469e-07 -4.554710306324767366e+00 1.342498398576635122e+09
8.819328340368393603e-04 -1.919917875727798151e+00 4.300211959442873990e+02 2.625627346648105454e-07 -5.386783890421296128e+00 1.342498398576754093e+09
9.216897831617611950e-04 -1.890717103036481550e+00 3.675112251032342101e+02 4.717439609489438017e-07 -4.874490205100062035e+00 1.342498398577828884e+09
8.873188515498392189e-04 -1.915759344959473642e+00 4.119655023388793893e+02 6.100241593593279509e-07 -4.765514943426834904e+00 1.342498398579336643e+09
8.743378654461095127e-04 -1.926068346809465481e+00 4.498546790339511858e+02 8.051371924527729388e-07 -4.545907253135942128e+00 1.342498398579525709e+09
8.843678885098101581e-04 -1.915904257320204529e+00 4.361907186577817015e+02 1.152130636367303250e-06 -4.154122760505691403e+00 1.342498398580080509e+09
8.921864286489137805e-04 -1.910995342378383643e+00 4.201559421499421774e+02 8.758998071562505693e-07 -4.348035743364103922e+00 1.342498398580630064e+09
9.008150546320938933e-04 -1.906219822874902770e+00 3.911976897619700253e+02 3.305679717068712025e-07 -5.148440563208565024e+00 1.342498398581784725e+09
9.109353822550073565e-04 -1.895546174801126860e+00 3.819067429754377372e+02 9.351240451523994723e-07 -4.445030088149760417e+00 1.342498398582681656e+09
8.808833963202973832e-04 -1.920445007509699931e+00 4.333939260465030543e+02 1.867471654337498369e-06 -3.866906362353302207e+00 1.342498398583998919e+09
8.914914426855234447e-04 -1.911404805988509148e+00 4.172987789423547724e+02 1.929535616071492371e-07 -5.544169587763311036e+00 1.342498398584944963e+09
8.808815248994326464e-04 -1.918841150049809041e+00 4.309517237549914626e+02 1.638935158274397536e-06 -3.931839493040603983e+00 1.342498398585434437e+09
8.833707873241134238e-04 -1.916807562409545529e+00 4.225037194517239527e+02 3.092682019448025738e-07 -5.232933158456891221e+00 1.342498398585657835e+09
8.815651457322515230e-04 -1.919205757006808621e+00 4.271438018937064385e+02 9.558871220100599002e-07 -4.302429591784791896e+00 1.342498398586749792e+09
8.810335268956755606e-04 -1.918014655775346355e+00 4.366884241179108699e+02 7.546211923907953258e-07 -4.437069936000431980e+00 1.342498398587045670e+09
8.717222924848519981e-04 -1.926821437627751266e+00 4.478610864532863047e+02 3.788840374023096754e-07 -5.063889002628327418e+00 1.342498398587329626e+09
8.845298616711930574e-04 -1.914195608124921844e+00 4.251986666850170309e+02 2.864330750425837232e-07 -5.227169559341170668e+00 1.342498398588138580e+09
9.246520612660991643e-04 -1.886733291982744198e+00 3.669510834263554671e+02 1.031974900765271857e-06 -4.332217342487714618e+00 1.342498398588254690e+09
9.078755523412809390e-04 -1.899958183113836796e+00 3.879304592052916405e+02 1.266190595415701455e-06 -4.283042182753604266e+00 1.342498398590808153e+09
8.947734788841922495e-04 -1.907599160049381126e+00 4.115619893450365225e+02 1.070921002095754684e-06 -4.153986451115358136e+00 1.342498398592785120e+09
9.106178019516126057e-04 -1.895461192386804328e+00 3.882034032417950584e+02 3.636671054297825127e-07 -5.035912999384979827e+00 1.342498398593007803e+09
8.809942404065535665e-04 -1.919409865763412437e+00 4.371459019444642422e+02 6.695056253818531226e-07 -4.780778972312472064e+00 1.342498398593219519e+09
8.802664137682293059e-04 -1.915921383355598362e+00 4.439425572328976841e+02 1.256837620202606329e-06 -4.185250744914657872e+00 1.342498398593579531e+09
9.081406714739074983e-04 -1.900189789086529357e+00 3.830143264449680487e+02 6.226482778651182425e-07 -4.802310795764012319e+00 1.342498398593700171e+09
8.790299275996013269e-04 -1.920742156221983743e+00 4.428869252268244168e+02 9.233331346032112674e-07 -4.324304900857675271e+00 1.342498398595474720e+09
8.801280605603196581e-04 -1.920589505655253326e+00 4.406355019795456656e+02 1.343274469805553687e-06 -4.075680066119700129e+00 1.342498398598322868e+09
8.846657362691104321e-04 -1.914571145157133891e+00 4.270899442855310895e+02 1.079809585479181953e-06 -4.176998201049105575e+00 1.342498398598768950e+09
8.726052878173879085e-04 -1.924384678962783646e+00 4.520436104560164381e+02 3.310824253853596307e-07 -5.109401077628358046e+00 1.342498398600286245e+09
9.017110397794263080e-04 -1.902935011794707920e+00 4.024989358614259345e+02 8.289843742917551918e-07 -4.611490169426168073e+00 1.342498398600591898e+09
8.973408198710348298e-04 -1.906886181567306826e+00 4.143533253068565045e+02 1.442192975000496749e-06 -4.141799854800271241e+00 1.342498398601244926e+09
9.086222090270784039e-04 -1.898517311278553832e+00 3.910282530187560042e+02 1.456062219780998026e-06 -4.159274181399549519e+00 1.342498398607409954e+09
8.741945269315659931e-04 -1.923436426479087302e+00 4.556692923052792139e+02 1.502045436530475818e-06 -4.027663483621632068e+00 1.342498398607585192e+09
8.923828138439738157e-04 -1.914334823000807706e+00 4.103738876396226374e+02 6.197167114208265355e-07 -4.716397756387046059e+00 1.342498398607648611e+09
9.124237535125321978e-04 -1.896064260610696328e+00 3.792285691107317120e+02 9.530496855286844513e-07 -4.475446697706503940e+00 1.342498398607728958e+09
9.089953224129317545e-04 -1.896224412470768339e+00 3.964411540370580838e+02 9.003026444651599394e-07 -4.413973322273928801e+00 1.342498398607799768e+09
9.005212362321342702e-04 -1.904203867972376063e+00 3.995745323747856901e+02 2.032268334577742662e-06 -3.863541160704300204e+00 1.342498398608338594e+09
8.704137157698715443e-04 -1.927443000859595301e+00 4.558057086194076533e+02 3.199453684463429879e-07 -5.221037158656994137e+00 1.342498398608442783e+09
9.065895405355464069e-04 -1.900845055367711645e+00 3.968469004671119933e+02 1.871408212516185398e-06 -3.906181191857867496e+00 1.342498398609202385e+09
8.972452450098419158e-04 -1.909359019508908961e+00 3.987692362998478188e+02 5.076570502030335595e-07 -4.778654079598839033e+00 1.342498398609528303e+09
9.201222716899836590e-04 -1.893520459597436867e+00 3.694750445685922955e+02 7.927502430248925872e-07 -4.554189252572600211e+00 1.342498398610231400e+09
8.788357241315439099e-04 -1.921692579076000884e+00 4.401339879138649849e+02 4.658718591979540836e-07 -4.855105071153897001e+00 1.342498398610569477e+09
8.750283984619230959e-04 -1.920382288326749620e+00 4.467372019461669765e+02 7.910416711206137806e-07 -4.533058484462842763e+00 1.342498398610669136e+09
8.970652640662373596e-04 -1.907657584452035593e+00 4.080071084002754560e+02 3.273930841152030313e-07 -5.090024830859845473e+00 1.342498398612283945e+09
8.811157862388859776e-04 -1.917335159801864197e+00 4.357977726384392554e+02 1.440976845328440645e-06 -4.149949556676759244e+00 1.342498398614542961e+09
9.074366323509747145e-04 -1.899468749501204812e+00 3.963353890716379055e+02 8.727737414336632574e-07 -4.375935070736694854e+00 1.342498398614642859e+09
9.224221609094260818e-04 -1.890154128963163371e+00 3.631264640071638041e+02 7.780983065836579076e-07 -4.520557416652451366e+00 1.342498398615552664e+09
9.013230613343899220e-04 -1.901365917004791406e+00 3.975672058583539865e+02 3.834568744250302373e-07 -5.050600657885680356e+00 1.342498398615891218e+09
8.875073220284782636e-04 -1.911873267612265170e+00 4.249845659073658908e+02 4.624524809193333088e-07 -5.022037859258777992e+00 1.342498398616219521e+09
8.779911333005681242e-04 -1.920397245530177877e+00 4.330833935518507474e+02 7.827757530769540798e-07 -4.537513359678402303e+00 1.342498398616549730e+09
8.939964935692746272e-04 -1.910782670504886482e+00 4.099057724681122750e+02 2.245124400594028179e-07 -5.428780119236697566e+00 1.342498398617579937e+09
8.781228463537276135e-04 -1.918828394274800342e+00 4.448923420295413962e+02 1.161072785502868265e-06 -4.318867545015909748e+00 1.342498398618414640e+09
8.985483810094527105e-04 -1.905413057905505747e+00 4.100969623576106073e+02 9.330511944723478144e-07 -4.289903538283924789e+00 1.342498398618548632e+09
8.771496291593327329e-04 -1.923208381368707975e+00 4.439081094093569391e+02 6.535712857216224117e-07 -4.778660195736447847e+00 1.342498398619707108e+09
8.749896158597792514e-04 -1.919969549473002246e+00 4.499469010518818095e+02 4.250075262745847790e-07 -4.989087832885625851e+00 1.342498398620003939e+09
8.803254713761038928e-04 -1.922463356112178001e+00 4.326479141478698693e+02 8.519387528022373087e-07 -4.548079565685820391e+00 1.342498398620243549e+09
8.936517443953894855e-04 -1.908480300410645647e+00 4.075124957294091246e+02 4.060383911009809269e-07 -5.096923327251946745e+00 1.342498398621124506e+09
9.015348953575056442e-04 -1.902879121952790964e+00 3.934401848394026615e+02 1.231680767038692258e-06 -4.131642530838324667e+00 1.342498398622467041e+09
8.749575940377066034e-04 -1.923415197272913879e+00 4.429683735315975355e+02 1.171884683984373175e-06 -4.303843730139139012e+00 1.342498398622674465e+09
8.825340935034308321e-04 -1.917008127135860773e+00 4.393997887518661969e+02 1.856219745029223122e-06 -3.921694432776650530e+00 1.342498398624180555e+09
9.066569274054001298e-04 -1.900706748750630171e+00 3.963367411545099799e+02 3.907767093913630855e-07 -5.060297722220024497e+00 1.342498398624201536e+09
8.937422080220055413e-04 -1.908901033277980552e+00 4.165011439120132195e+02 1.677020753396576587e-06 -3.847997214901646146e+00 1.342498398625144005e+09
8.849750031524185150e-04 -1.913024655190270984e+00 4.254129254699768694e+02 8.736789340250057062e-07 -4.434655001085902271e+00 1.342498398625538588e+09
8.998461097450018674e-04 -1.906060932695387455e+00 3.944619494454859705e+02 4.136318957101955925e-07 -5.087639620189841949e+00 1.342498398625894070e+09
8.771024407045239189e-04 -1.919749227887825427e+00 4.550770323730642417e+02 9.319081133857402026e-07 -4.447781052184271111e+00 1.342498398626569510e+09
9.079473436064513289e-04 -1.901654961684416723e+00 3.913938041135943990e+02 5.569925884666286816e-07 -4.818131310747827634e+00 1.342498398627757549e+09
8.821995371582527345e-04 -1.914549186699489258e+00 4.418556818195682467e+02 9.849899635161397439e-07 -4.299180310824271878e+00 1.342498398628365517e+09
8.764530003804317081e-04 -1.919394331056660574e+00 4.556216823937115805e+02 7.985712382896684605e-07 -4.566229472889864915e+00 1.342498398628492117e+09
8.650582945042772313e-04 -1.928844256641305765e+00 4.718322414025379317e+02 7.145854631441500800e-07 -4.622101048831697589e+00 1.342498398629239798e+09
8.853164151905888648e-04 -1.917292086278753471e+00 4.193890735100624738e+02 1.049474835814084374e-06 -4.242581834488810877e+00 1.342498398629404306e+09
8.753732965754917406e-04 -1.922532844241809702e+00 4.511532060716920682e+02 2.774433680150941964e-07 -5.340567918372332024e+00 1.342498398629784822e+09
8.962140416969829925e-04 -1.906551612329942635e+00 4.042308144288329572e+02 2.219661092743942211e-07 -5.463457915618135985e+00 1.342498398630670547e+09
8.724110690334916166e-04 -1.926145493658604213e+00 4.480985091476446200e+02 7.635878004715287203e-07 -4.500342873784539677e+00 1.342498398633008242e+09
8.973416192262313393e-04 -1.906065823926216041e+00 4.086374982053338272e+02 7.911086746964092626e-07 -4.385888106124726349e+00 1.342498398633019686e+09
9.034852013192968320e-04 -1.900760026779514167e+00 3.997459494834123461e+02 4.746325980828515848e-07 -4.792906951031509877e+00 1.342498398633671522e+09
9.041637412961233723e-04 -1.901060204922330632e+00 3.905318752250805687e+02 1.055591143475965450e-06 -4.207546953490259867e+00 1.342498398634187937e+09
8.697979812943753544e-04 -1.926748612468407673e+00 4.644252015767945636e+02 1.144147759533863805e-06 -4.235975768789987939e+00 1.342498398635225296e+09
9.069181911963074228e-04 -1.896742001002316158e+00 3.932723856230581418e+02 5.969704831420755194e-07 -4.683120872577018368e+00 1.342498398635399103e+09
8.865609285434618422e-04 -1.915749646914773230e+00 4.263587866675669034e+02 8.441414738189093194e-07 -4.610296640910460653e+00 1.342498398635759592e+09
9.112248889584739732e-04 -1.900602988832753582e+00 3.782585406142997613e+02 6.056934342190549844e-07 -4.750614260803407873e+00 1.342498398636493206e+09
8.987071912568982308e-04 -1.909383253116944790e+00 3.969758865897495070e+02 1.338546545598476150e-06 -4.106554455747887467e+00 1.342498398637160540e+09
8.856461206067235258e-04 -1.914934896213950966e+00 4.305038174321738893e+02 2.358543227940087035e-07 -5.465319017815743585e+00 1.342498398638466120e+09
9.060647376195974994e-04 -1.898539288671230008e+00 3.951366007165631231e+02 1.976592627004079622e-06 -3.806263750595448414e+00 1.342498398638547897e+09
8.899032275139079351e-04 -1.909653325489992337e+00 4.201531279060726547e+02 2.337218207036746481e-07 -5.398656948057714899e+00 1.342498398639274836e+09
8.969355547402091356e-04 -1.905523431600110396e+00 4.114443812414419881e+02 5.428029106871954854e-07 -4.911737093802768683e+00 1.342498398639433384e+09
8.973539864700299422e-04 -1.907067978128082153e+00 4.038110590125012891e+02 6.630855858180348431e-07 -4.520162934426464219e+00 1.342498398642193556e+09
9.129388160184695586e-04 -1.896564619544607755e+00 3.850892047205058475e+02 4.477376806473751710e-07 -4.929537250017819616e+00 1.342498398642204762e+09
8.863583641861950491e-04 -1.914968110964549775e+00 4.239754870640347235e+02 2.140319883015263418e-06 -3.796584956684290191e+00 1.342498398642909288e+09
8.906771681578607748e-04 -1.910527131950878754e+00 4.209467593246388901e+02 2.031766271483603787e-07 -5.543297005415098511e+00 1.342498398643533707e+09
9.023994486292911781e-04 -1.905862074096014824e+00 3.944238560228953929e+02 3.197820486886887005e-07 -5.239672047911711594e+00 1.342498398644648552e+09
8.761534484738610871e-04 -1.921655015048632231e+00 4.447774935564109455e+02 8.473681623672079996e-07 -4.584489613157739285e+00 1.342498398644662380e+09
8.952321357039983146e-04 -1.907787229467346801e+00 4.055194600460009156e+02 4.941043775632381115e-07 -4.754454712880866296e+00 1.342498398644905567e+09
9.017186843599098080e-04 -1.904179441451682386e+00 3.934314840348080793e+02 1.634124830638304993e-06 -4.033445782659338619e+00 1.342498398645233393e+09
8.999436674020391781e-04 -1.907085133071523941e+00 4.056979401207706815e+02 8.364835136247109074e-07 -4.451950348287019743e+00 1.342498398645551682e+09
8.874598370690406574e-04 -1.916035370683869754e+00 4.187082536850851398e+02 5.511658486428809652e-07 -4.914792333908140520e+00 1.342498398647308826e+09
8.757870211866789802e-04 -1.920823813150345449e+00 4.524187235070286306e+02 3.001767034331303338e-07 -5.210627204399970402e+00 1.342498398647952318e+09
9.006491764496402748e-04 -1.905092063863741192e+00 3.995115708174167821e+02 4.324191148120397587e-07 -4.858128047120660042e+00 1.342498398649013281e+09
8.839814731488284316e-04 -1.918852050368315521e+00 4.267582204398697172e+02 1.708608932962580565e-06 -3.990085412814462273e+00 1.342498398650985241e+09
8.727075712865325300e-04 -1.921996309508949174e+00 4.536663841578932761e+02 4.627101834883024446e-07 -4.916286177076343300e+00 1.342498398651019573e+09
8.859297789130642911e-04 -1.912829592011598301e+00 4.288372993610589106e+02 4.915827420931655302e-07 -4.765637679459775455e+00 1.342498398651265860e+09
9.036758467809388219e-04 -1.902445075778712136e+00 3.962493132218479559e+02 3.132658308160057197e-07 -5.290126756043628475e+00 1.342498398652522802e+09
8.768249312158775269e-04 -1.921290665883464310e+00 4.504222504554790589e+02 3.088591897745021484e-07 -5.215077470350907518e+00 1.342498398653706551e+09
9.160246238664653071e-04 -1.896171518137710565e+00 3.739619326304583069e+02 1.437894918101924341e-06 -4.036885164576494489e+00 1.342498398653745413e+09
9.059004126030538928e-04 -1.898545439279460290e+00 3.892218574193405516e+02 8.597799173303456057e-07 -4.412444815329549463e+00 1.342498398654623032e+09
8.761241862555420659e-04 -1.923869039111107515e+00 4.450265089701679813e+02 5.176603787140787243e-07 -4.942405126546637106e+00 1.342498398654760122e+09
8.905136308478054210e-04 -1.911687961764439336e+00 4.194987317839296566e+02 2.425555059137872233e-06 -3.660334154861974554e+00 1.342498398655486345e+09
8.860437435526697259e-04 -1.913889625941439299e+00 4.233467566973637304e+02 1.124022614272583708e-06 -4.152418556143627093e+00 1.342498398655602932e+09
9.096654650907073057e-04 -1.899313631761975874e+00 3.862085200977941213e+02 6.551416414379930599e-07 -4.777656703966320251e+00 1.342498398656043053e+09
8.797093652152357694e-04 -1.917156720934448000e+00 4.429837064809274239e+02 1.194331030335490115e-06 -4.136965491265269357e+00 1.342498398656159401e+09
9.082722459259280666e-04 -1.896327779871871844e+00 3.932597348551597065e+02 1.062218726052819839e-06 -4.221172321801624605e+00 1.342498398657741070e+09
8.994248222916515585e-04 -1.902286195769705923e+00 4.033129761098278436e+02 3.583910266532735629e-07 -5.079671338529704983e+00 1.342498398658924341e+09
8.841672699575629703e-04 -1.918636289861224142e+00 4.198543739179391423e+02 3.590601377319313418e-07 -5.128281495356875830e+00 1.342498398659733772e+09
9.118729624163616522e-04 -1.897745529922276075e+00 3.807454040994349498e+02 2.127152916262501892e-06 -3.784344259133234800e+00 1.342498398660672665e+09
8.985331183586089086e-04 -1.903627190590770901e+00 4.052124812038377968e+02 1.536969990392856893e-06 -3.937815967617410706e+00 1.342498398661134481e+09
9.007571884801360892e-04 -1.904091676161583369e+00 3.962563910257730413e+02 3.078671467440533154e-07 -5.133761176348970778e+00 1.342498398661484957e+09
8.955568223638275772e-04 -1.908838088267197586e+00 4.144577692455268334e+02 3.276907332643559158e-07 -5.189776394446289132e+00 1.342498398662273884e+09
9.046153065275255823e-04 -1.904708021021362052e+00 3.934142305087769955e+02 1.147556332990414683e-06 -4.204885902694460498e+00 1.342498398662498474e+09
8.869767491713262527e-04 -1.918127355007398727e+00 4.184270078782680571e+02 5.928629921477214645e-07 -4.770171945365079047e+00 1.342498398663292885e+09
8.875942049257094443e-04 -1.915007667737957497e+00 4.177369650350726147e+02 5.986413540064118877e-07 -4.626437940458784759e+00 1.342498398663905144e+09
8.894280417621193121e-04 -1.913879358962865318e+00 4.140731596959337253e+02 2.288070530363305392e-07 -5.413220372565366034e+00 1.342498398664968967e+09
8.943941051481991370e-04 -1.906250833400205291e+00 4.209770386573371752e+02 1.070596542754390539e-06 -4.351255447845251645e+00 1.342498398666269064e+09
9.038276070106460169e-04 -1.904779787892806331e+00 3.987122211187224821e+02 8.351494868961637158e-07 -4.528052134992389455e+00 1.342498398667298079e+09
8.963312464631610719e-04 -1.907013910288493097e+00 4.044011679831162382e+02 2.098167040869908299e-07 -5.456090552676920780e+00 1.342498398667627096e+09
8.655758717844341853e-04 -1.929022700489556374e+00 4.741517842237292939e+02 6.038202590203491754e-07 -4.743434740088398271e+00 1.342498398667645931e+09
8.829933081134949983e-04 -1.918961034829382406e+00 4.262404712943130676e+02 5.127468282334924837e-07 -4.769002144368990059e+00 1.342498398667702436e+09
8.959183443679036556e-04 -1.909638708654136430e+00 4.112671211271442075e+02 1.174534132550400186e-06 -4.156389090626721128e+00 1.342498398668077946e+09
9.051468573312045204e-04 -1.904744329657997781e+00 3.898536246332513997e+02 5.858662828435987089e-07 -4.822362465320104263e+00 1.342498398668807268e+09
8.778499784750880535e-04 -1.919373073191743106e+00 4.482819345639960034e+02 8.513992237138881040e-07 -4.380867643472624806e+00 1.342498398668892622e+09
8.799396996974236367e-04 -1.917370455394618034e+00 4.433972833022961595e+02 1.626157831459545673e-06 -4.006098820613114952e+00 1.342498398669082880e+09
9.035969840250830968e-04 -1.902374321545329927e+00 3.911190124095829788e+02 3.257823871265815825e-07 -5.098093512146105510e+00 1.342498398669297218e+09
8.929420150436557504e-04 -1.909549454563089999e+00 4.098273425589911767e+02 3.903248335266718774e-07 -5.144906461272666043e+00 1.342498398670587540e+09
8.959309674737027905e-04 -1.907122462149073439e+00 4.193243259241014016e+02 1.023863683591931324e-06 -4.341873769061788124e+00 1.342498398671481609e+09
9.110974416984066182e-04 -1.897179630466591771e+00 3.789571943425857512e+02 6.521646035409653270e-07 -4.739619578934752830e+00 1.342498398672294140e+09
8.801105790162810222e-04 -1.916725994007779876e+00 4.493029855608120329e+02 6.485427120573703357e-07 -4.700022379531162642e+00 1.342498398674633503e+09
8.864209637477079001e-04 -1.915544177645743140e+00 4.171464371915061520e+02 4.411019370012217238e-07 -5.042918112352919202e+00 1.342498398674712181e+09
9.235316862039993349e-04 -1.888080664418848809e+00 3.661556103326386733e+02 1.030298333705837527e-06 -4.278079166190149607e+00 1.342498398674920082e+09
8.995032850805919017e-04 -1.908562403801698393e+00 3.983751557936005270e+02 5.164415870156537219e-07 -4.805257434104108327e+00 1.342498398675110102e+09
8.902563204273791515e-04 -1.909663227879127678e+00 4.239396247857878848e+02 2.500524549841833579e-07 -5.338217187783026674e+00 1.342498398675671577e+09
8.961923302691440383e-04 -1.904652890928679065e+00 4.117225527228779924e+02 1.025700647019563811e-06 -4.230713452721346357e+00 1.342498398676752090e+09
8.790035739028341641e-04 -1.916717499494736909e+00 4.460143332635664137e+02 7.997360218812847944e-07 -4.555783481564201765e+00 1.342498398676842690e+09
9.226625843515805616e-04 -1.888834455347247587e+00 3.691744892863854943e+02 9.656649179848805995e-07 -4.317820085846195255e+00 1.342498398677131891e+09
8.918335383424976122e-04 -1.908852259045203503e+00 4.186695828141151310e+02 2.050365249193869252e-06 -3.800447512136612360e+00 1.342498398677446604e+09
9.082931551568427901e-04 -1.898225174436577234e+00 3.880984515676309456e+02 2.136001507687405383e-06 -3.751278947920166473e+00 1.342498398678306818e+09
8.975269313564776703e-04 -1.906094414063701947e+00 4.043280372969210816e+02 5.658441307961770257e-07 -4.640433755457834764e+00 1.342498398678319216e+09
9.070855012684887059e-04 -1.902931022764937197e+00 3.815151187168461888e+02 6.347581254164770760e-07 -4.738102355327056259e+00 1.342498398679910660e+09
8.746104928220826795e-04 -1.924925687653754824e+00 4.411519341113000792e+02 3.670534540949022898e-07 -5.128334449852949284e+00 1.342498398680490732e+09
8.798823183452982727e-04 -1.919966335009208436e+00 4.371693144747889050e+02 1.848079365948942593e-06 -3.925045130294877893e+00 1.342498398681782722e+09
8.807404776588533078e-04 -1.919921701636945199e+00 4.414345927017122904e+02 3.897508980191800364e-07 -5.073734727715404347e+00 1.342498398683865070e+09
8.980877662416242909e-04 -1.907063341933936673e+00 4.071967191199500462e+02 2.489420664050323432e-07 -5.374002839226015737e+00 1.342498398685467720e+09
8.752989099799163373e-04 -1.924677016195024848e+00 4.384263551105561305e+02 7.159782480255034013e-07 -4.665448130091657930e+00 1.342498398685934782e+09
8.854397520339229999e-04 -1.914411165617686983e+00 4.198841400743215786e+02 3.673315779097358292e-07 -5.092228094839274632e+00 1.342498398686591148e+09
8.771233294729551553e-04 -1.922968987655932382e+00 4.343017883430271127e+02 6.617922650531076517e-07 -4.729501158609666689e+00 1.342498398687015295e+09
8.992483772861702487e-04 -1.908285378458700610e+00 3.964596323068109882e+02 6.993900315251567988e-07 -4.724514154267693833e+00 1.342498398687414885e+09
8.873186301886726258e-04 -1.913122711344909632e+00 4.312896680890058292e+02 9.162605435688596360e-07 -4.321446554331549450e+00 1.342498398687478781e+09
9.009158150654814328e-04 -1.907051476464638906e+00 3.930199250490660461e+02 3.514252219548391644e-07 -5.109146003579091655e+00 1.342498398687667847e+09
9.094136339802053309e-04 -1.897513392353876505e+00 3.833917157029308669e+02 4.377853278566137839e-07 -5.022811845052684632e+00 1.342498398687863350e+09
8.802871916480445444e-04 -1.918695952026614915e+00 4.398690026830915940e+02 1.018413357142244493e-06 -4.452134320659983047e+00 1.342498398688527584e+09
8.714098258337146363e-04 -1.925573495895763543e+00 4.602002138999985164e+02 1.096501939762699327e-06 -4.245063298951874842e+00 1.342498398688600063e+09
9.115926657158056378e-04 -1.898430758732364776e+00 3.750925976605944925e+02 6.397810112390904450e-07 -4.664231125777798859e+00 1.342498398689560890e+09
8.784176269834815609e-04 -1.923348100852841691e+00 4.328132130874499239e+02 5.103870811022210533e-07 -4.857623574385820930e+00 1.342498398690196753e+09
8.894001059212441494e-04 -1.913438623471190869e+00 4.095978969292841043e+02 1.001738348727813760e-06 -4.347308858174665502e+00 1.342498398690796614e+09
8.841458311272093994e-04 -1.915847957449049233e+00 4.381529434269649528e+02 6.358561163535771453e-07 -4.782961346568647798e+00 1.342498398690842867e+09
8.960355589221829457e-04 -1.910527296301768763e+00 4.007181730271232141e+02 4.341059419265723658e-07 -5.051424537267680925e+00 1.342498398691030025e+09
8.969602505553589357e-04 -1.906941911296208492e+00 4.068366154060842064e+02 2.413371538016677163e-06 -3.634624751745439752e+00 1.342498398691662788e+09
9.152324497593634142e-04 -1.893406819570601751e+00 3.820628283902594831e+02 1.024632681326214803e-06 -4.404442991674883956e+00 1.342498398693117619e+09
8.947065793627392025e-04 -1.909358131502910005e+00 4.171490647578547168e+02 1.753708552439852920e-06 -3.968826581995249292e+00 1.342498398697645664e+09
9.080284424497041132e-04 -1.899852707563065568e+00 3.936388432196246754e+02 1.077679035479324450e-06 -4.218697924965399970e+00 1.342498398697839737e+09
8.904541336855905341e-04 -1.910557111197571434e+00 4.248600430286982146e+02 1.984855332090881137e-06 -3.780309805310007931e+00 1.342498398698249578e+09
8.976801347125323459e-04 -1.907607951759537901e+00 3.984051218127785887e+02 3.655273238425637319e-07 -5.020635277070381264e+00 1.342498398698338747e+09
8.675626638167496145e-04 -1.926574170312650658e+00 4.658485229971938111e+02 5.016289020396353318e-07 -4.872234549544116611e+00 1.342498398698928833e+09
8.765482281178184690e-04 -1.924282887576244994e+00 4.356053797373110115e+02 6.567231702430211426e-07 -4.721558158070354949e+00 1.342498398699408770e+09
8.842568184764447534e-04 -1.916461995538120355e+00 4.250105509598790832e+02 1.313161477755065814e-06 -4.230797240859273778e+00 1.342498398701174259e+09
8.885725000102203102e-04 -1.913044222567741315e+00 4.226044838181203431e+02 1.493500312289418499e-06 -4.149974951570436055e+00 1.342498398701629877e+09
9.152506547955200451e-04 -1.893610003097011329e+00 3.835190524764489624e+02 1.508420740472372369e-06 -4.062144820595682049e+00 1.342498398701707125e+09
8.689717569904355709e-04 -1.926687839362033472e+00 4.625786602624003194e+02 4.687800160652285760e-07 -4.868978138507817022e+00 1.342498398702289581e+09
8.805123438504203204e-04 -1.917997244869084295e+00 4.327185488242063229e+02 2.699787466433184431e-07 -5.273877171032996358e+00 1.342498398702871084e+09
8.928776516156517731e-04 -1.908862226615720248e+00 4.135606747574236692e+02 2.056290063456963861e-06 -3.814527985610517646e+00 1.342498398703892231e+09
9.060395673899301547e-04 -1.900587653312785452e+00 3.969978293456556457e+02 4.117191015829570899e-07 -4.959630742541811799e+00 1.342498398705743074e+09
9.045779466199508788e-04 -1.904209782241967241e+00 3.930774935163337318e+02 3.693457346510726610e-07 -5.128685302279869518e+00 1.342498398706235409e+09
8.834589526987879663e-04 -1.918594012685681527e+00 4.341904285370613934e+02 4.139952783396920268e-07 -5.063249756547966385e+00 1.342498398706514359e+09
8.989937878515689811e-04 -1.902714735745635988e+00 4.110186001268470477e+02 1.037491941000756302e-06 -4.374466074261781579e+00 1.342498398706658363e+09
8.973169926791680316e-04 -1.904154845503433169e+00 4.097848348393113724e+02 2.750084771946869294e-07 -5.275864884417102552e+00 1.342498398707446814e+09
9.072743878925916506e-04 -1.899699493256364224e+00 3.945776107555736303e+02 1.510394595776125020e-06 -4.118145141879577587e+00 1.342498398708654642e+09
8.849713200753157741e-04 -1.917112287152870964e+00 4.340229062085421106e+02 6.118656908789505995e-07 -4.793461499604717346e+00 1.342498398709603310e+09
9.005320999082945315e-04 -1.906070151186099348e+00 4.046357079346233832e+02 1.266703359294887839e-06 -4.265906085425966054e+00 1.342498398709847450e+09
9.041972942509768048e-04 -1.904748383155992153e+00 3.971262387324517817e+02 8.287800355339110271e-07 -4.518405135138507944e+00 1.342498398710119724e+09
8.869168222575881527e-04 -1.912523866719552768e+00 4.210778858184228852e+02 1.239310800150585029e-06 -4.137180661780309521e+00 1.342498398710435390e+09
9.161231520728921720e-04 -1.892796141559664802e+00 3.739015216365531273e+02 4.394921983828159640e-07 -4.957884004543381629e+00 1.342498398712201595e+09
9.153110466844908326e-04 -1.895572863729509061e+00 3.815336373207836687e+02 1.234789165148925541e-06 -4.182149820634321280e+00 1.342498398712759733e+09
9.084293748983567019e-04 -1.898879441906164756e+00 3.904252137367292903e+02 1.876439769806250741e-06 -3.782182942398639725e+00 1.342498398712965250e+09
8.879489390572379518e-04 -1.911955085999987425e+00 4.300149798714272720e+02 1.498641296879618114e-06 -3.964943864499304915e+00 1.342498398716082811e+09
8.780064525632823910e-04 -1.921404413989687088e+00 4.480842474320194810e+02 4.164750289758409276e-07 -5.032163671399769278e+00 1.342498398716451645e+09
8.826329682341863513e-04 -1.917778642067316408e+00 4.335521873129968640e+02 4.203092007784479412e-07 -4.902477374073001215e+00 1.342498398716689348e+09
9.034663752864923250e-04 -1.901564817899777715e+00 4.033920076856595642e+02 6.468409476998656128e-07 -4.604765180039353645e+00 1.342498398716699600e+09
8.892779579894445575e-04 -1.915280264790352183e+00 4.215450712536589322e+02 4.790867173954038600e-07 -4.919047200916496720e+00 1.342498398716982841e+09
9.005143988772443221e-04 -1.903425130236454876e+00 3.976541246693748803e+02 2.672225509131278998e-07 -5.269496507058297752e+00 1.342498398717145205e+09
8.893312469761041053e-04 -1.912496375896512557e+00 4.144706075501700298e+02 8.935793335860802024e-07 -4.533579350559956644e+00 1.342498398717195034e+09
9.073943380599518377e-04 -1.902430185959657294e+00 3.900524317572147766e+02 9.061644262951019615e-07 -4.385059651613316234e+00 1.342498398719145298e+09
8.992099408841817531e-04 -1.905364766972295509e+00 4.036674842715313503e+02 3.027091055759773994e-07 -5.143761050371590926e+00 1.342498398719851255e+09
8.876136162736888600e-04 -1.913774668136101420e+00 4.215539630603362298e+02 6.870681538991825896e-07 -4.504056511297537924e+00 1.342498398721299887e+09
8.801147992755228118e-04 -1.920037830425996850e+00 4.320232780383027489e+02 2.701544925234210547e-07 -5.282970205808999786e+00 1.342498398721505165e+09
9.074286055497991603e-04 -1.899468986562551365e+00 3.852648973053336476e+02 3.188386132910009876e-07 -5.228831199364517346e+00 1.342498398722130060e+09
9.013424536710714849e-04 -1.904893128281012871e+00 4.021678104576894270e+02 3.425908896754345489e-07 -5.097430417514992484e+00 1.342498398722276926e+09
8.866817848599267823e-04 -1.914175632519333092e+00 4.221859532086068612e+02 3.992850146362899749e-07 -4.923902816875463273e+00 1.342498398723122597e+09
8.976653685304245662e-04 -1.909151296432950673e+00 3.998577909040910185e+02 1.570969389623625359e-06 -3.955438408294854824e+00 1.342498398723170042e+09
8.724383670035065893e-04 -1.923773347206951367e+00 4.550173711149199676e+02 1.206845884303987454e-06 -4.161249930752879855e+00 1.342498398725283623e+09
9.147637215743440820e-04 -1.896640710012079456e+00 3.807392813663901734e+02 1.037301620063110047e-06 -4.370100383224491125e+00 1.342498398725321293e+09
8.862320297111041635e-04 -1.915247650862882400e+00 4.202733746301042288e+02 1.348440641519168323e-06 -4.202047807110464106e+00 1.342498398726352215e+09
8.806542443561465655e-04 -1.917134238830673576e+00 4.446939855173968681e+02 7.569820590483476321e-07 -4.480897353386369630e+00 1.342498398726947546e+09
9.150641977573103570e-04 -1.897467765682425256e+00 3.742872636106999948e+02 9.832682091537309256e-07 -4.349666048785401529e+00 1.342498398727413177e+09
9.183195369290180800e-04 -1.893432562059361723e+00 3.683725902746355132e+02 8.896893578320259237e-07 -4.391227110108976817e+00 1.342498398727658510e+09
9.116110448681317762e-04 -1.897277175676227445e+00 3.846987888100177884e+02 2.081858768634750251e-06 -3.740219957799276074e+00 1.342498398728542805e+09
9.013100328159041842e-04 -1.902171703306954287e+00 4.005161753806899014e+02 4.261874671443121828e-07 -4.876889506857656542e+00 1.342498398730537891e+09
8.737256439539083184e-04 -1.923608836288287272e+00 4.468305142713808209e+02 3.167095797941437765e-07 -5.248717827613587517e+00 1.342498398731765509e+09
8.995883486872930084e-04 -1.906776497373415813e+00 4.073812489800419030e+02 1.572608585639289753e-06 -4.002377778047878643e+00 1.342498398731810093e+09
8.778014624320612785e-04 -1.919574562291980202e+00 4.409975215916992397e+02 1.003119348148478592e-06 -4.265210220929987806e+00 1.342498398731957197e+09
8.991132352652945461e-04 -1.906848301716279170e+00 4.064047472499879632e+02 5.598700345206457029e-07 -4.714655810954558213e+00 1.342498398733079433e+09
8.768640691521771341e-04 -1.922953258040745128e+00 4.423300457467587989e+02 9.934067594659794484e-07 -4.288732044996945270e+00 1.342498398733274698e+09
8.682115727037847041e-04 -1.927892506362684166e+00 4.600815002010745616e+02 4.092756076967803357e-07 -5.000943590762423341e+00 1.342498398734333754e+09
8.734253740141965060e-04 -1.922501840403001871e+00 4.562724986517778802e+02 8.389342544173268679e-07 -4.414575479919782275e+00 1.342498398734532118e+09
8.885238804073489162e-04 -1.911294910106711598e+00 4.253297633942341918e+02 1.977119371573330086e-06 -3.801798749105641306e+00 1.342498398735000849e+09
8.771058496578939406e-04 -1.921999407377076086e+00 4.403638978550484353e+02 3.120671525335541598e-07 -5.161236772199975675e+00 1.342498398737956047e+09
8.678969754370097558e-04 -1.928802849793057161e+00 4.634640576255493443e+02 5.324321199933759091e-07 -4.887941702004923172e+00 1.342498398738156796e+09
8.895547233232770079e-04 -1.910762364323172369e+00 4.240438614314150527e+02 1.861784288237993259e-06 -3.806175914347806888e+00 1.342498398738194227e+09
8.896075440217672461e-04 -1.911902423973516951e+00 4.155861221236792744e+02 5.674374652395988534e-07 -4.656572391735640082e+00 1.342498398738779783e+09
9.082094998609377889e-04 -1.898368114922955874e+00 3.893575174549999929e+02 2.633499420656137533e-07 -5.348559927697680294e+00 1.342498398740861177e+09
8.820385864215032901e-04 -1.915675491608953340e+00 4.453624818014876610e+02 9.965365724320549969e-07 -4.351797030041628211e+00 1.342498398740877628e+09
9.110492676428478100e-04 -1.895925525486442886e+00 3.859804304715406715e+02 3.354862134677055694e-07 -5.189491469706508653e+00 1.342498398741740704e+09
8.787488483978096298e-04 -1.921917669230939651e+00 4.414907307151594296e+02 7.774405378454060562e-07 -4.645784201153501769e+00 1.342498398742963314e+09
9.141011928740516452e-04 -1.893763072197649056e+00 3.809388988975181292e+02 1.722433111810019256e-06 -3.886446912491690497e+00 1.342498398743368149e+09
9.075392593514621398e-04 -1.902961456256461625e+00 3.844535691219524551e+02 6.895071707937659992e-07 -4.701902114158702517e+00 1.342498398744121075e+09
9.178163565798791316e-04 -1.890562626088612364e+00 3.775542809646164528e+02 7.815823106871875101e-07 -4.484270608321865303e+00 1.342498398744449854e+09
9.033771909469895780e-04 -1.904634977324261236e+00 3.880823611385685012e+02 1.124455992327606739e-06 -4.328976691717826952e+00 1.342498398744713545e+09
8.844885644138750181e-04 -1.917942570971594485e+00 4.204636497597745688e+02 1.209496232722348970e-06 -4.263510018748930541e+00 1.342498398746107578e+09
8.731130034899938983e-04 -1.922272251541167654e+00 4.545637497843808319e+02 3.988268572083362361e-07 -4.990771383351761514e+00 1.342498398746547699e+09
8.899200754158752497e-04 -1.913567572388155558e+00 4.205976718568073238e+02 3.964150071809894924e-07 -4.978280014651485175e+00 1.342498398746991873e+09
8.794024838285946413e-04 -1.917689647134608322e+00 4.459237328205436484e+02 3.203614069493493487e-07 -5.165566325750741150e+00 1.342498398747154236e+09
8.841427449566341195e-04 -1.914640642561245887e+00 4.287845579016146758e+02 2.401223770641107083e-07 -5.364224881595696992e+00 1.342498398747793436e+09
8.814242436927954448e-04 -1.919695244043311266e+00 4.291494212977501093e+02 2.625361583767443796e-07 -5.364557051103006735e+00 1.342498398748603582e+09
8.961696350654469985e-04 -1.904714526404791108e+00 4.177426576330646526e+02 9.552627768392496180e-07 -4.338126053444016250e+00 1.342498398749082804e+09
8.936523427879324672e-04 -1.906933818505688771e+00 4.198765241222041595e+02 5.051921663049220225e-07 -4.778833562432368787e+00 1.342498398749092102e+09
9.095588975804490750e-04 -1.901092657919613016e+00 3.806190718051336717e+02 8.428028000459747204e-07 -4.557874249894414476e+00 1.342498398750387907e+09
9.116095852360378733e-04 -1.898448338827424919e+00 3.810611400831430728e+02 1.834771791880169560e-06 -3.930390390375436027e+00 1.342498398751654387e+09
8.835308366523544855e-04 -1.917919242495996546e+00 4.207186721027649696e+02 4.064291940706026396e-07 -5.022326256185261073e+00 1.342498398751751423e+09
8.760215850405289823e-04 -1.923979704584393158e+00 4.378055585790442592e+02 5.456148498610866935e-07 -4.873734033282095979e+00 1.342498398753394842e+09
9.237213359927823851e-04 -1.889496111225168029e+00 3.637959165113768449e+02 1.060878002402256700e-06 -4.312784569757327269e+00 1.342498398754148960e+09
8.952813726427902644e-04 -1.909694587518762088e+00 4.118123107863012820e+02 2.124295617299090106e-06 -3.762238477252722646e+00 1.342498398754161119e+09
9.197761711017649966e-04 -1.892249779306785396e+00 3.721369871681490054e+02 9.468153293549268167e-07 -4.338054273280896211e+00 1.342498398756950378e+09
8.696921459877856968e-04 -1.926645465250515832e+00 4.635558939704310433e+02 4.793240384767970332e-07 -4.876290504160557759e+00 1.342498398757484674e+09
8.767350845092583295e-04 -1.923179895100808556e+00 4.423090421920102813e+02 1.002301967426862423e-06 -4.289166955990255659e+00 1.342498398757546425e+09
8.873431885556824252e-04 -1.910365233441224220e+00 4.297651939839440729e+02 1.008496871387914769e-06 -4.329357125228483483e+00 1.342498398757659435e+09
8.947211191195168908e-04 -1.910938374099574899e+00 4.037363149340363861e+02 4.487896703700106245e-07 -4.879059455208079932e+00 1.342498398758629560e+09
9.141296405867967850e-04 -1.895106905749330828e+00 3.778790660432015898e+02 1.863191080205363188e-06 -3.836204950664285462e+00 1.342498398758717775e+09
9.220720372798767942e-04 -1.888708081217042256e+00 3.685531473185603204e+02 6.518799376396254102e-07 -4.643537000349569510e+00 1.342498398758901834e+09
8.964766005686810495e-04 -1.907328940636976444e+00 4.004046450362754968e+02 5.965906822599026461e-07 -4.809005187006462734e+00 1.342498398760066986e+09
8.930372624739851004e-04 -1.911813947524165780e+00 4.082174530505422467e+02 7.537707205533716772e-07 -4.646431464082949603e+00 1.342498399252619982e+09
8.911178103985786195e-04 -1.912447197423037260e+00 4.129504103376405624e+02 6.539943006716946681e-07 -4.606190588107960338e+00 1.342498399347169876e+09
8.914264227719951054e-04 -1.911384396461390800e+00 4.125222428541018758e+02 4.351817703735569598e-07 -4.971481945187692375e+00 1.342498399580077648e+09
8.914264227719951054e-04 -1.911384396461390800e+00 4.125222428541018758e+02 4.351817703735569598e-07 -4.971481945187692375e+00 1.342498399580077648e+09
8.927459740384139633e-04 -1.913141877166396387e+00 4.054662465887299163e+02 5.629439550390276093e-07 -4.799579317854066218e+00 1.342498399002173901e+09
8.911209759077817977e-04 -1.911501432602791484e+00 4.101332451443603873e+02 4.075771339505846078e-07 -4.972929748072945522e+00 1.342498399079702139e+09
8.908554278630809783e-04 -1.908702654613499972e+00 4.206188741402156097e+02 4.590538204650951616e-07 -4.959395296512847828e+00 1.342498399076905251e+09
8.919850429041905953e-04 -1.911078281079130914e+00 4.147778426988010665e+02 4.758064212153353208e-07 -4.947572503374348507e+00 1.342498399644170284e+09
8.919850429041905953e-04 -1.911078281079130914e+00 4.147778426988010665e+02 4.758064212153353208e-07 -4.947572503374348507e+00 1.342498399644170284e+09
8.906257833738928046e-04 -1.915112702977074255e+00 4.135325248251426160e+02 5.174384342774823723e-07 -4.848180540549675399e+00 1.342498398787682533e+09
8.907754755154527601e-04 -1.910401515013676166e+00 4.257101802345924852e+02 5.946868669555927135e-07 -4.822775906490727849e+00 1.342498398828799486e+09
8.870177645581713661e-04 -1.913558155094073676e+00 4.177356458518455611e+02 5.982380152774735820e-07 -4.800010548656771903e+00 1.342498398806699276e+09
8.913116718508466490e-04 -1.911527016872455631e+00 4.190329764811290261e+02 6.131725358180969401e-07 -4.693803471817506789e+00 1.342498399606468916e+09
8.913116718508466490e-04 -1.911527016872455631e+00 4.190329764811290261e+02 6.131725358180969401e-07 -4.693803471817506789e+00 1.342498399606468916e+09
8.909521131718078392e-04 -1.913540899492127245e+00 4.204187453024391061e+02 6.511270453753957467e-07 -4.719657039753982097e+00 1.342498398965185642e+09
8.943208535172675940e-04 -1.911364622881725372e+00 4.064344771591236167e+02 5.492285523860690315e-07 -4.819276958363011509e+00 1.342498399400609732e+09
8.926494143430250845e-04 -1.908748965890890270e+00 4.189078780115186191e+02 4.719208584744216140e-07 -5.005433178358103419e+00 1.342498398804759979e+09
8.939769081226582289e-04 -1.909892187373317896e+00 4.046776226035105424e+02 5.021059060178665316e-07 -4.839726308652903874e+00 1.342498399265670776e+09
8.927713244081688336e-04 -1.907720818891972758e+00 4.230732526289170323e+02 5.722279953744648111e-07 -4.795991052015200928e+00 1.342498398982764006e+09
8.876573088121757302e-04 -1.910383859825612429e+00 4.304947123077642459e+02 5.980800875122621444e-07 -4.703977832870237741e+00 1.342498398907297850e+09
8.920569124915978107e-04 -1.908470614598145598e+00 4.170150603120622463e+02 6.229186570891529912e-07 -4.708253233504152035e+00 1.342498399496458054e+09
8.920569124915978107e-04 -1.908470614598145598e+00 4.170150603120622463e+02 6.229186570891529912e-07 -4.708253233504152035e+00 1.342498399496458054e+09
8.933265507365688220e-04 -1.908980701431491012e+00 4.111019656064798369e+02 4.569960629358260724e-07 -4.892788292141641904e+00 1.342498399501921654e+09
8.933283947150682299e-04 -1.911941792083220015e+00 4.137086052568479886e+02 5.722106211749514683e-07 -4.788398665496702122e+00 1.342498399206190109e+09
8.899222412043439551e-04 -1.911482417178086424e+00 4.175797511281088532e+02 4.334490937500041574e-07 -4.982182542397421088e+00 1.342498399603084803e+09
8.899222412043439551e-04 -1.911482417178086424e+00 4.175797511281088532e+02 4.334490937500041574e-07 -4.982182542397421088e+00 1.342498399603084803e+09
8.920225442268501278e-04 -1.913547859377590088e+00 4.153378444687693332e+02 6.249551999254675172e-07 -4.721979897303409501e+00 1.342498398942212343e+09
8.925451942857857155e-04 -1.909799082734356723e+00 4.143316123635671602e+02 4.677697298111889833e-07 -4.915678792034120725e+00 1.342498399716709375e+09
8.925451942857857155e-04 -1.909799082734356723e+00 4.143316123635671602e+02 4.677697298111889833e-07 -4.915678792034120725e+00 1.342498399716709375e+09
8.920353838950467263e-04 -1.911269485819009573e+00 4.189075956311321534e+02 4.327452955282033795e-07 -5.044111237364357514e+00 1.342498399077583313e+09
8.929285566581440315e-04 -1.909141169524701143e+00 4.196654377899045585e+02 4.942760601186190805e-07 -4.830626596714971299e+00 1.342498399201181412e+09
8.902289540353004824e-04 -1.910505181592487833e+00 4.183718952007429266e+02 5.652972159270401542e-07 -4.733320900044427404e+00 1.342498399515753984e+09
8.902289540353004824e-04 -1.910505181592487833e+00 4.183718952007429266e+02 5.652972159270401542e-07 -4.733320900044427404e+00 1.342498399515753984e+09
8.919185516709291070e-04 -1.910808788164511274e+00 4.120105580951597517e+02 5.789152000703898709e-07 -4.685750812384541497e+00 1.342498399334308147e+09
8.947284355242576251e-04 -1.909933573889507130e+00 4.104620223501167402e+02 5.422646992017140528e-07 -4.910936901980909042e+00 1.342498399047989130e+09
8.959835481284227944e-04 -1.908887703170054184e+00 4.123698726770658141e+02 5.196689998303443493e-07 -4.876717190957958969e+00 1.342498399195699930e+09
8.890913209158402908e-04 -1.914203784824635601e+00 4.140199821053881237e+02 4.544526481690216328e-07 -4.968538097148940125e+00 1.342498399341943741e+09
8.917636607345395166e-04 -1.911200032415777184e+00 4.185170141846804768e+02 6.921885029067908291e-07 -4.669801073294953753e+00 1.342498399674417734e+09
8.917636607345395166e-04 -1.911200032415777184e+00 4.185170141846804768e+02 6.921885029067908291e-07 -4.669801073294953753e+00 1.342498399674417734e+09
8.878163543880627714e-04 -1.912259707097928807e+00 4.188995930703397335e+02 5.163744520325809244e-07 -4.856248268481971664e+00 1.342498399219393969e+09
8.946691273077194426e-04 -1.909482865136075791e+00 4.161040979926683008e+02 5.058377598091407750e-07 -4.841250490045569954e+00 1.342498399003420591e+09
8.924162196753062000e-04 -1.909319483121156846e+00 4.202866104768042419e+02 5.472022177336777291e-07 -4.770669777146226309e+00 1.342498399404836178e+09
8.933989114390868558e-04 -1.909663809537459400e+00 4.212043428571293475e+02 6.225904472809723151e-07 -4.736579844412847962e+00 1.342498398958783865e+09
8.909584130822865468e-04 -1.908856364057391897e+00 4.241830597325696885e+02 6.069856463271300463e-07 -4.663857805988849137e+00 1.342498399046102762e+09
8.940449047605802382e-04 -1.907866983989994880e+00 4.202177034043405683e+02 7.234251547396464383e-07 -4.604416498088050425e+00 1.342498399235505819e+09
8.899671314129429991e-04 -1.910934761552879113e+00 4.165889199570688106e+02 5.364596750787284432e-07 -4.736867498119478270e+00 1.342498399168277740e+09
8.879972260656223467e-04 -1.911963224076715040e+00 4.291259632133390483e+02 5.873628033298706717e-07 -4.775806028993914154e+00 1.342498399403996706e+09
8.879972260656223467e-04 -1.911963224076715040e+00 4.291259632133390483e+02 5.873628033298706717e-07 -4.775806028993914154e+00 1.342498399403996706e+09
8.912279772307489826e-04 -1.912430315378665924e+00 4.193284871040469852e+02 4.475048753652414067e-07 -4.928232883369291883e+00 1.342498399128440380e+09
8.915042267236562281e-04 -1.910635939094136315e+00 4.076273726479586230e+02 4.519368458161813065e-07 -4.944883634902169867e+00 1.342498398782994270e+09
8.914215218424898900e-04 -1.909838820096700918e+00 4.181170623127844692e+02 4.742382647647365952e-07 -4.916763930856674847e+00 1.342498399631186485e+09
8.914215218424898900e-04 -1.909838820096700918e+00 4.181170623127844692e+02 4.742382647647365952e-07 -4.916763930856674847e+00 1.342498399631186485e+09
8.888042769520951378e-04 -1.916127543207714723e+00 4.120092773510666575e+02 5.223636508653894540e-07 -4.880567927873787681e+00 1.342498398818563461e+09
8.945152398309032075e-04 -1.909550180653325935e+00 4.102478027473804900e+02 6.815883437564976473e-07 -4.701600053042500171e+00 1.342498399664434195e+09
8.945152398309032075e-04 -1.909550180653325935e+00 4.102478027473804900e+02 6.815883437564976473e-07 -4.701600053042500171e+00 1.342498399664434195e+09
8.968482388435270987e-04 -1.909209788046072109e+00 3.980870497191957043e+02 5.085578919523688215e-07 -4.910239643411186350e+00 1.342498398940017700e+09
8.964218503680068065e-04 -1.909683277938476031e+00 4.046858108421959059e+02 6.004883202098524056e-07 -4.795364122024341036e+00 1.342498399370453358e+09
8.921866258765686697e-04 -1.910146437239006900e+00 4.201246603111403033e+02 4.930555364421188547e-07 -4.810265874010267950e+00 1.342498399044796705e+09
8.959441068683208055e-04 -1.910627198743778621e+00 4.032630242108037919e+02 4.587251075184362207e-07 -4.931829822619143044e+00 1.342498399090244532e+09
8.923643759489802629e-04 -1.908505285288509379e+00 4.124047552061484225e+02 7.182307330621399834e-07 -4.662347101073668121e+00 1.342498398914054155e+09
8.945361443756251994e-04 -1.910224895832148384e+00 4.095432396443278549e+02 5.245845845742416539e-07 -4.825457433996613865e+00 1.342498399591636658e+09
8.945361443756251994e-04 -1.910224895832148384e+00 4.095432396443278549e+02 5.245845845742416539e-07 -4.825457433996613865e+00 1.342498399591636658e+09
8.966286892603943194e-04 -1.906244878752829219e+00 4.119340141328547134e+02 4.616476946128195567e-07 -4.889869409024201197e+00 1.342498399347017765e+09
8.947724572603661317e-04 -1.911858212206510199e+00 4.039842931384318945e+02 4.370262853931067865e-07 -4.982550712385975800e+00 1.342498398895067692e+09
8.914172639954212607e-04 -1.910725498876633344e+00 4.100041759516983007e+02 3.573963010573573517e-07 -5.059435877267040027e+00 1.342498398895356178e+09
8.928077112731497723e-04 -1.910807928512915144e+00 4.115671357025757402e+02 3.940559055085845660e-07 -5.082489333062113701e+00 1.342498399483221054e+09
8.928077112731497723e-04 -1.910807928512915144e+00 4.115671357025757402e+02 3.940559055085845660e-07 -5.082489333062113701e+00 1.342498399483221054e+09
8.946732327612674177e-04 -1.910966403477432962e+00 4.089554865838836122e+02 3.902561263378898380e-07 -5.109244243080896197e+00 1.342498398999665022e+09
8.904055998747366189e-04 -1.912107474369041604e+00 4.171838329709755726e+02 3.256792638074082847e-07 -5.166171157463830710e+00 1.342498399367626905e+09
8.920797710109415555e-04 -1.908584182527708784e+00 4.183658447106085987e+02 3.546567926161510727e-07 -5.099241754278814653e+00 1.342498399230583191e+09
8.944046114463887571e-04 -1.911230162600487947e+00 4.059051431932413152e+02 4.230894898792633033e-07 -5.062508843048891372e+00 1.342498399009106636e+09
8.948505947083252145e-04 -1.910926775076730699e+00 4.032530910026461015e+02 3.543993667215551012e-07 -5.117394512725139677e+00 1.342498398955033779e+09
8.897309127383488036e-04 -1.912992800533424242e+00 4.134036954637453505e+02 3.870294603152789429e-07 -5.128806468188083834e+00 1.342498398985083580e+09
8.934045926222653746e-04 -1.911688805165039584e+00 4.091806310010123298e+02 4.209871329532086186e-07 -5.022469971298726854e+00 1.342498399320980549e+09
8.934045926222653746e-04 -1.911688805165039584e+00 4.091806310010123298e+02 4.209871329532086186e-07 -5.022469971298726854e+00 1.342498399320980549e+09
8.917803485191830261e-04 -1.910036999837364746e+00 4.131167592131485549e+02 3.565571234993884480e-07 -5.053554721843691588e+00 1.342498399154216766e+09
8.892073871824869580e-04 -1.913756968826147098e+00 4.118859420185481781e+02 3.212005241864079560e-07 -5.187636054057351842e+00 1.342498398875710726e+09
8.942833304141439106e-04 -1.907769625054285489e+00 4.058134511890241924e+02 4.471125174300668008e-07 -4.995944181827592701e+00 1.342498398773982525e+09
8.905795320218275928e-04 -1.911276839520770432e+00 4.181894271584721423e+02 3.317776507053127636e-07 -5.168152542309305986e+00 1.342498399434051991e+09
8.924336527712391741e-04 -1.908084769546578574e+00 4.224832524912919212e+02 3.764077959106820888e-07 -5.046920533109160445e+00 1.342498398863938570e+09
8.963403273777384439e-04 -1.907260479275785015e+00 4.103289069493455941e+02 3.491257297022776324e-07 -5.113471496573962938e+00 1.342498399317943811e+09
8.938348297160403745e-04 -1.911863360341222950e+00 4.088082338331267920e+02 4.179010964683178017e-07 -4.982237756637665882e+00 1.342498399022345066e+09
8.946408217541597678e-04 -1.911376067612995833e+00 4.034245611309015089e+02 4.244500645525679116e-07 -5.055595917513700854e+00 1.342498398856928825e+09
8.940409645790636751e-04 -1.910694046707906102e+00 4.077609384236864116e+02 3.520759381811940015e-07 -5.056986921681826175e+00 1.342498398883186817e+09
8.953707843773772192e-04 -1.909545946500079250e+00 4.081864934265339571e+02 4.213505677868184237e-07 -5.041155090183133680e+00 1.342498399403444052e+09
8.953707843773772192e-04 -1.909545946500079250e+00 4.081864934265339571e+02 4.213505677868184237e-07 -5.041155090183133680e+00 1.342498399403444052e+09
8.976507604297519899e-04 -1.907720189448760095e+00 4.069897695512793803e+02 4.403419800588415990e-07 -5.050020727478207405e+00 1.342498398948877573e+09
8.951227226264958994e-04 -1.909942700932412585e+00 4.094874989530404150e+02 4.020378047779041469e-07 -5.068674035409149958e+00 1.342498399288290977e+09
8.980174412847659760e-04 -1.905580293505746869e+00 4.087240315328128304e+02 3.787616843349201681e-07 -5.044091356856396757e+00 1.342498399273147583e+09
8.980174412847659760e-04 -1.905580293505746869e+00 4.087240315328128304e+02 3.787616843349201681e-07 -5.044091356856396757e+00 1.342498399273147583e+09
8.928619758046877058e-04 -1.910443683725012054e+00 4.072658605514927217e+02 3.541359021941819101e-07 -5.108878093338539372e+00 1.342498399153756380e+09
8.969016285802368761e-04 -1.907915210532820982e+00 4.096553221832941745e+02 3.568418213494506414e-07 -5.112206324196213458e+00 1.342498399105070591e+09
8.973474568498814377e-04 -1.904983617529781625e+00 4.042740674148680000e+02 3.945626951027323276e-07 -5.011191149262882227e+00 1.342498399120560884e+09
8.897078193387818234e-04 -1.913849339230603963e+00 4.215736406352339145e+02 1.462783151616158416e-06 -4.097541541639201590e+00 1.342498399157109261e+09
8.871772014658811482e-04 -1.913254561699827772e+00 4.236018318803589864e+02 1.337787790614708850e-06 -4.027106001653478096e+00 1.342498398832147121e+09
8.862183231105831343e-04 -1.916662383422078175e+00 4.259944180031714041e+02 1.787693158855385337e-06 -3.923183597518241861e+00 1.342498398851986170e+09
8.892899783782894389e-04 -1.911343510586316352e+00 4.299233354647374767e+02 1.295018226193404656e-06 -4.193656457935039938e+00 1.342498398866603851e+09
8.881397726567240043e-04 -1.912354659135507617e+00 4.292289569154290234e+02 1.386469345132058637e-06 -4.029824387567678023e+00 1.342498398859056473e+09
8.884391129784201127e-04 -1.913909060173155208e+00 4.233507889232487855e+02 1.495733818179458746e-06 -3.992752104842435479e+00 1.342498399130105495e+09
8.872442807328378327e-04 -1.913132076287992422e+00 4.273414280014961832e+02 1.413737880864834289e-06 -4.100021189062073468e+00 1.342498399380903006e+09
8.901676218600707924e-04 -1.909820315880667918e+00 4.191089226334543696e+02 9.628874301510362014e-07 -4.310846620637756921e+00 1.342498399132487297e+09
8.978146903593610742e-04 -1.908372678113193999e+00 4.026774632884461198e+02 5.602798089698684774e-07 -4.837859762384676188e+00 1.342498399456633091e+09
8.978146903593610742e-04 -1.908372678113193999e+00 4.026774632884461198e+02 5.602798089698684774e-07 -4.837859762384676188e+00 1.342498399456633091e+09
8.959382458686570173e-04 -1.908732690516077524e+00 4.044492714784240093e+02 8.388455105723106639e-07 -4.529885965091098754e+00 1.342498399641983509e+09
8.967260200648352435e-04 -1.906751045122876409e+00 4.162988173559178904e+02 6.230654518157604338e-07 -4.686522179904570429e+00 1.342498398804203272e+09
8.985283937093045247e-04 -1.906480375256269788e+00 4.015247236481759501e+02 6.018658713871820221e-07 -4.637979646123902455e+00 1.342498399174435616e+09
8.964976252358543068e-04 -1.907756261047810709e+00 4.113861738520832318e+02 1.005994751658994703e-06 -4.413626241134768868e+00 1.342498399408687353e+09
8.922252708606437724e-04 -1.911886378362870342e+00 4.194428002973197636e+02 1.186064013326733397e-06 -4.179832977555005158e+00 1.342498398875290632e+09
8.988819728889492272e-04 -1.904851476521347120e+00 4.050597403217323631e+02 5.253708437430439691e-07 -4.893780012587257033e+00 1.342498399397302151e+09
8.993456149025264284e-04 -1.904411099825581655e+00 4.029663720144343415e+02 5.712330353874502459e-07 -4.854698045375800852e+00 1.342498399113618851e+09
8.997637331110149668e-04 -1.902846769289992856e+00 3.996837922829440117e+02 6.160549622946699651e-07 -4.720886807958220466e+00 1.342498398965384007e+09
8.988835000755003839e-04 -1.905264271205544091e+00 4.107203899015407274e+02 7.064828726654734992e-07 -4.675291853742764125e+00 1.342498399047083616e+09
9.100310176648985713e-04 -1.895892963143264165e+00 3.909592598305495130e+02 6.515316139636422124e-07 -4.657691247738416251e+00 1.342498399067850828e+09
9.030778958633874478e-04 -1.903673070457645444e+00 3.911738859048725772e+02 6.889289615730236174e-07 -4.559083790680356074e+00 1.342498399150100708e+09
9.024246714077017659e-04 -1.903368681243024607e+00 3.922821054225462944e+02 6.228962536903400701e-07 -4.602540251558043138e+00 1.342498398808602095e+09
9.034812801117554377e-04 -1.900197476777476302e+00 3.987147340723451521e+02 5.297249024904114322e-07 -4.827930308785265190e+00 1.342498399235739708e+09
8.966587320993590470e-04 -1.909164859728463171e+00 3.977651777792096368e+02 7.039568210642479992e-07 -4.673706349489188838e+00 1.342498398882839680e+09
9.011869384075623778e-04 -1.901757574003778650e+00 4.039479154980979843e+02 3.489888906904952240e-07 -5.101495531018053420e+00 1.342498398938199282e+09
8.970240065841995035e-04 -1.906464428001420242e+00 4.075194111197106395e+02 5.774785586830775612e-07 -4.755257984425737661e+00 1.342498399782864571e+09
8.970240065841995035e-04 -1.906464428001420242e+00 4.075194111197106395e+02 5.774785586830775612e-07 -4.755257984425737661e+00 1.342498399782864571e+09
9.045005513430705128e-04 -1.902569471372872467e+00 3.929157449160411488e+02 7.073438265065700013e-07 -4.603526720062822264e+00 1.342498399700686455e+09
9.045005513430705128e-04 -1.902569471372872467e+00 3.929157449160411488e+02 7.073438265065700013e-07 -4.603526720062822264e+00 1.342498399700686455e+09
9.020229176299927615e-04 -1.903003873828830628e+00 4.006255734285023209e+02 3.972224811841405748e-07 -5.030331389721764523e+00 1.342498399390466452e+09
8.990826984997983074e-04 -1.904501677515824554e+00 4.072148697642750790e+02 4.593301036516198795e-07 -4.953594200187474428e+00 1.342498399418092251e+09
8.973483100266489536e-04 -1.908895443978120943e+00 3.959492131142063158e+02 7.013442753228235809e-07 -4.608025533894795522e+00 1.342498398902663708e+09
9.171559746058886246e-04 -1.894008752679492869e+00 3.732662908594715532e+02 4.411714944450877482e-07 -4.960218126536830141e+00 1.342498398876760244e+09
9.110376426258440978e-04 -1.898022909454184726e+00 3.786900446598518784e+02 4.551038408937518422e-07 -4.899404030981940217e+00 1.342498398917442322e+09
9.080403153016765186e-04 -1.900733242273587642e+00 3.897228989599971101e+02 5.606069710042919814e-07 -4.874661134527658923e+00 1.342498398786937714e+09
9.091047133765463003e-04 -1.897853180786864824e+00 3.932795327510894481e+02 6.540020293492700733e-07 -4.658576054905593011e+00 1.342498399047961712e+09
9.028636138486343093e-04 -1.903026214424555995e+00 4.026154621893495573e+02 5.615207270802433006e-07 -4.808301438689343676e+00 1.342498399148842573e+09
9.045129502562267903e-04 -1.901922659334055465e+00 3.963012272364341584e+02 3.788718203113857111e-07 -5.033363531655768774e+00 1.342498399120231867e+09
9.122535411625718078e-04 -1.894697941932839358e+00 3.851298842521335928e+02 7.653200834903547946e-07 -4.479860549111238655e+00 1.342498398983785152e+09
9.100278848891580350e-04 -1.897016440936655890e+00 3.900778405204707155e+02 7.935060053273085425e-07 -4.514408121520177453e+00 1.342498399323229551e+09
9.184590153727674542e-04 -1.893840374774096169e+00 3.702253344779449549e+02 1.045301388651699237e-06 -4.377409949077115670e+00 1.342498398770968914e+09
9.084135519948252331e-04 -1.899554682951183349e+00 3.873807810847501401e+02 7.206548053794113597e-07 -4.520716706242021488e+00 1.342498399216230392e+09
9.046261576214072002e-04 -1.900337363868272123e+00 3.948984180752273687e+02 8.038353255660101385e-07 -4.393762647413008260e+00 1.342498398832829714e+09
9.123209656843810859e-04 -1.894658902119852328e+00 3.841944688061508373e+02 5.194885471527082068e-07 -4.822735953318987967e+00 1.342498399084251642e+09
9.050803385445583280e-04 -1.901849921146254951e+00 3.898410269596979560e+02 8.611086853835167792e-07 -4.516525919712886861e+00 1.342498399417880535e+09
9.050803385445583280e-04 -1.901849921146254951e+00 3.898410269596979560e+02 8.611086853835167792e-07 -4.516525919712886861e+00 1.342498399417880535e+09
9.073151566782758316e-04 -1.898925165996513620e+00 3.903829225976742805e+02 9.126495153657245777e-07 -4.371091917851613218e+00 1.342498399453184843e+09
9.128492349595168772e-04 -1.896560715262352925e+00 3.804633383872595118e+02 1.037849730241840631e-06 -4.287326053255014813e+00 1.342498399334616661e+09
9.128492349595168772e-04 -1.896560715262352925e+00 3.804633383872595118e+02 1.037849730241840631e-06 -4.287326053255014813e+00 1.342498399334616661e+09
9.150407972524266138e-04 -1.894652005639433812e+00 3.754609292851562827e+02 7.028783600653394182e-07 -4.662033880546343489e+00 1.342498399054346323e+09
9.163581336789508678e-04 -1.894797591197252773e+00 3.737816802706810790e+02 1.073272313505772268e-06 -4.324191075288729813e+00 1.342498399127901554e+09
9.032703929556146248e-04 -1.903291355468757384e+00 3.951853801682996732e+02 4.787248608788125004e-07 -4.909507923741037061e+00 1.342498399576401711e+09
9.058547522173117589e-04 -1.901468890765800612e+00 3.944962881331160816e+02 6.550181924523878077e-07 -4.590399319688410529e+00 1.342498398996777773e+09
9.051310804312287257e-04 -1.901053942991625778e+00 3.929275693667170231e+02 5.738500646540237192e-07 -4.847039867927350976e+00 1.342498399150276899e+09
9.076618846521252457e-04 -1.897690878574521900e+00 3.933383222054649764e+02 8.294349734353048132e-07 -4.429726162977353887e+00 1.342498399147281408e+09
9.159403073320982087e-04 -1.892953013838517773e+00 3.789995311224278112e+02 8.653172092170815833e-07 -4.427901409176706160e+00 1.342498399164400816e+09
9.129229354809497961e-04 -1.896790785319307115e+00 3.806269099887434777e+02 7.019365352953905393e-07 -4.683641970935624954e+00 1.342498399120792150e+09
8.971106740256062787e-04 -1.906799562028693273e+00 4.084638504879147831e+02 7.603658529003852894e-07 -4.553782256793331484e+00 1.342498399826554298e+09
8.971106740256062787e-04 -1.906799562028693273e+00 4.084638504879147831e+02 7.603658529003852894e-07 -4.553782256793331484e+00 1.342498399826554298e+09
8.947549382227719264e-04 -1.907767103720610535e+00 4.172892395328124167e+02 9.241411182021333430e-07 -4.381907826347408275e+00 1.342498399368485928e+09
8.963455573885273668e-04 -1.906693538560725543e+00 4.105809797413008937e+02 1.757143957513545889e-06 -3.848536857779174980e+00 1.342498399009944677e+09
9.039367275944946772e-04 -1.903815370093922210e+00 3.935754731265839155e+02 9.528767815129585632e-07 -4.438955573222169271e+00 1.342498399501610041e+09
9.039367275944946772e-04 -1.903815370093922210e+00 3.935754731265839155e+02 9.528767815129585632e-07 -4.438955573222169271e+00 1.342498399501610041e+09
8.953366774801521048e-04 -1.910136830084469661e+00 4.096750605748757152e+02 8.724770666315222875e-07 -4.500473897009936053e+00 1.342498399505002975e+09
8.953366774801521048e-04 -1.910136830084469661e+00 4.096750605748757152e+02 8.724770666315222875e-07 -4.500473897009936053e+00 1.342498399505002975e+09
9.104192557323681012e-04 -1.896796511807722130e+00 3.903850961816513063e+02 1.244225981311571538e-06 -4.105679192230239138e+00 1.342498398793456554e+09
8.944924035749700873e-04 -1.911453291728252735e+00 4.112593859588611167e+02 1.148237113799578059e-06 -4.270042187566016167e+00 1.342498399141768217e+09
8.977555747105961425e-04 -1.904085535595413603e+00 4.050791682219013410e+02 1.062092199449622598e-06 -4.344545712160190476e+00 1.342498398835374355e+09
9.075320238332011029e-04 -1.896929400042506542e+00 3.915094615384038548e+02 1.249433377199402468e-06 -4.167317236802851710e+00 1.342498398800231218e+09
9.105947754018998367e-04 -1.899560791897108025e+00 3.840129525619570927e+02 1.653435436533246338e-06 -3.944500591470681883e+00 1.342498398882883310e+09
9.038444337783562267e-04 -1.902541214212150944e+00 3.999544043429403359e+02 1.806989115574175923e-06 -3.894054652786331339e+00 1.342498398998248339e+09
8.952625908189460347e-04 -1.908442998384498157e+00 4.102300734925349843e+02 1.704562806697579409e-06 -3.979880060369135997e+00 1.342498399271305799e+09
8.898398195269767875e-04 -1.912626254632362244e+00 4.206577016802127105e+02 1.646895597971994950e-06 -3.936345182572339674e+00 1.342498399219581366e+09
8.952151139795449727e-04 -1.905925430884048755e+00 4.172107661491685917e+02 1.348305639248400979e-06 -4.069470854948267657e+00 1.342498398904505253e+09
8.942766649410834783e-04 -1.909676615812672562e+00 4.132458615693067827e+02 1.135254020431090671e-06 -4.365893256708647030e+00 1.342498398946904659e+09
9.055355064069603747e-04 -1.901178018396075586e+00 3.941751188221776943e+02 1.881003044347960605e-06 -3.927338562029800251e+00 1.342498398852369308e+09
8.934573187031392451e-04 -1.909688055786473715e+00 4.087281425905769083e+02 1.041262367722049058e-06 -4.387906449784551022e+00 1.342498399275439262e+09
8.949978379695825272e-04 -1.910369175285118626e+00 4.105632036722594194e+02 7.858931597268242840e-07 -4.516563663680488894e+00 1.342498399415266991e+09
8.949978379695825272e-04 -1.910369175285118626e+00 4.105632036722594194e+02 7.858931597268242840e-07 -4.516563663680488894e+00 1.342498399415266991e+09
8.965238243675081571e-04 -1.907081291022542091e+00 4.027008645693380231e+02 1.087097072703220841e-06 -4.304216386262289973e+00 1.342498399321132898e+09
8.947549193259670157e-04 -1.909177362701325098e+00 4.143960310704053995e+02 1.651311402573389674e-06 -4.012273526046449490e+00 1.342498399138473272e+09
8.951601195468870259e-04 -1.907655317451746324e+00 4.159287924670013581e+02 1.167245156582653137e-06 -4.137835443275610814e+00 1.342498398834958792e+09
9.088208185966362932e-04 -1.896211611321230173e+00 3.917568098173630915e+02 1.350388584268735717e-06 -4.084098713276215875e+00 1.342498398842119694e+09
9.103128332702205457e-04 -1.899666208886109153e+00 3.804106926662683463e+02 1.124790013384931260e-06 -4.223261293355671242e+00 1.342498399055757999e+09
9.122075931000104589e-04 -1.895384509909736392e+00 3.827791779259973168e+02 1.568894956732087023e-06 -4.020283187020664784e+00 1.342498398957360744e+09
8.931299138526607468e-04 -1.907335385895372104e+00 4.160876316613098993e+02 9.398597219763894833e-07 -4.303406887425524907e+00 1.342498398932935476e+09
9.006691826280290112e-04 -1.901790306931999464e+00 4.059855216890949237e+02 8.743279359647349994e-07 -4.491385068222690791e+00 1.342498399040083885e+09
8.963729136206792080e-04 -1.908869513742800006e+00 4.098751850776730521e+02 1.657177164318307308e-06 -3.929766393652341705e+00 1.342498399022037506e+09
9.023032460705900353e-04 -1.902022673867045155e+00 4.008584854516579981e+02 9.218201199570986716e-07 -4.368482584584642225e+00 1.342498399516094923e+09
9.013528796237509121e-04 -1.904925238617444894e+00 3.997696260271620758e+02 8.631131189448517916e-07 -4.352275210548121720e+00 1.342498398868082285e+09
8.984989501584857065e-04 -1.908771396572371160e+00 3.980198608903631339e+02 8.603544654714199407e-07 -4.404116258306910225e+00 1.342498398894616842e+09
8.908553134280726340e-04 -1.908576588914855821e+00 4.249725776663919419e+02 1.100014609819620425e-06 -4.245878315813286008e+00 1.342498398993473291e+09
8.947128339597023835e-04 -1.908601428761859342e+00 4.180151119615574657e+02 9.661531591429310694e-07 -4.454035785487171495e+00 1.342498398961456537e+09
8.912882553662888332e-04 -1.909104010546139207e+00 4.201519118135702797e+02 1.283753376159485460e-06 -4.190996168205884942e+00 1.342498399204727173e+09
8.912882553662888332e-04 -1.909104010546139207e+00 4.201519118135702797e+02 1.283753376159485460e-06 -4.190996168205884942e+00 1.342498399204727173e+09
8.961507632639897350e-04 -1.909642692125580909e+00 4.051303920715893128e+02 1.966730730958062063e-06 -3.817407117973579567e+00 1.342498398863625526e+09
8.968297929158147415e-04 -1.907025148168150608e+00 4.141815526670418421e+02 9.552767279239053700e-07 -4.461903477166151433e+00 1.342498398975805521e+09
9.035589321253499400e-04 -1.899976554741987123e+00 4.030975538522325792e+02 1.270697874406544137e-06 -4.133642725971426124e+00 1.342498398908428431e+09
8.949342569467820009e-04 -1.906716331017535460e+00 4.085971735881802260e+02 1.416214835776236044e-06 -4.073753922964458596e+00 1.342498398956705093e+09
9.057336235214912034e-04 -1.900420911663528223e+00 3.954751219200375658e+02 1.555173230872026599e-06 -3.925641865169692046e+00 1.342498398907654762e+09
9.012931421241952845e-04 -1.906278341269232790e+00 3.997793766692715280e+02 1.273540364118741371e-06 -4.153995690485308145e+00 1.342498399150568724e+09
9.103232255567497017e-04 -1.900133945040067829e+00 3.844744534650985770e+02 1.045491848644469313e-06 -4.285765052052169288e+00 1.342498398947689533e+09
8.962521454551921046e-04 -1.909733646448942279e+00 4.110193225501793677e+02 8.806983490297710223e-07 -4.491965042014340881e+00 1.342498399068819761e+09
8.902278953672005746e-04 -1.911264790949115611e+00 4.170404671700798076e+02 1.410241407831651281e-06 -4.088867912030591967e+00 1.342498399367718935e+09
8.902278953672005746e-04 -1.911264790949115611e+00 4.170404671700798076e+02 1.410241407831651281e-06 -4.088867912030591967e+00 1.342498399367718935e+09
9.082760555480877927e-04 -1.898365413010515423e+00 3.870696072459625157e+02 9.766753108911137216e-07 -4.258763450614483581e+00 1.342498398864055157e+09
9.062120762392859245e-04 -1.898907651949885977e+00 3.935295486002278835e+02 1.485392102069870838e-06 -3.973453398844773332e+00 1.342498398935205221e+09
8.980719623582690981e-04 -1.905118738526476285e+00 3.994219382981200965e+02 8.949512476489950301e-07 -4.456649887445767177e+00 1.342498398912226439e+09
8.933480076608652952e-04 -1.909086183359496758e+00 4.141110595767457312e+02 1.731660217045009083e-06 -3.908158876129234294e+00 1.342498399256071091e+09
8.997766652109951465e-04 -1.908163615440920058e+00 3.964068100415843219e+02 9.408225751408815904e-07 -4.421496784653999867e+00 1.342498399201503515e+09
8.946210426017112876e-04 -1.905287222856358653e+00 4.157939822977776316e+02 7.988048959045976783e-07 -4.488065767433653264e+00 1.342498398935393333e+09
8.996440325338125659e-04 -1.902030462114858711e+00 4.042515880086189100e+02 1.096549969913817156e-06 -4.250444805414050009e+00 1.342498398817996502e+09
9.025666818710069688e-04 -1.902969595321126750e+00 3.976370140127261834e+02 1.049845128822746927e-06 -4.396554370582871130e+00 1.342498399256576061e+09
8.965975013219157916e-04 -1.907722038969841272e+00 4.021355265145425051e+02 7.460886128306361101e-07 -4.505229660520683410e+00 1.342498399305137873e+09
8.971576597182114726e-04 -1.908680009761071661e+00 4.015825049323836424e+02 1.924051287436712331e-06 -3.818820208566997110e+00 1.342498398797666311e+09
9.123709471909143736e-04 -1.897285564441951511e+00 3.789403009878009243e+02 1.223363079213211973e-06 -4.134368635186054242e+00 1.342498399010308266e+09
8.946058535607946671e-04 -1.906728684965831366e+00 4.154142165246799436e+02 1.732036592189351955e-06 -3.924577075200925691e+00 1.342498398968544483e+09
8.989930969217655929e-04 -1.905449270383200666e+00 3.961568876342116710e+02 1.058864929805731706e-06 -4.299843780706551044e+00 1.342498398932159901e+09
9.114244714436657699e-04 -1.899011397912878429e+00 3.829059686426631970e+02 1.798116774968564660e-06 -3.892605030119028697e+00 1.342498398787924051e+09
8.970754786032590199e-04 -1.908982444785592758e+00 4.043154699771764626e+02 1.246655740100639822e-06 -4.182338792914126913e+00 1.342498399450337410e+09
8.954070389942425960e-04 -1.910680563127908016e+00 4.105067462755529846e+02 1.407599731057888622e-06 -4.121328182587889799e+00 1.342498398984342813e+09
9.004941962826558746e-04 -1.903973209347204154e+00 3.972143018616344534e+02 8.164960374988593757e-07 -4.568191204945012629e+00 1.342498399155114889e+09
8.915400672677184328e-04 -1.910717153997153250e+00 4.117287390842492414e+02 1.654059561533489857e-06 -3.975614239837858221e+00 1.342498398917026520e+09
9.074798696034119469e-04 -1.898882266451487943e+00 3.949647772499902203e+02 1.158556494083814076e-06 -4.312047373061091093e+00 1.342498398909137249e+09
9.008654682444436953e-04 -1.904232000155260174e+00 3.933448311184778277e+02 4.431867935493675703e-07 -4.905494088354405591e+00 1.342498398886115789e+09
9.100970843857258486e-04 -1.899343968738943733e+00 3.820399238290457902e+02 9.366453116217937547e-07 -4.410123824876717613e+00 1.342498399412192822e+09
9.100970843857258486e-04 -1.899343968738943733e+00 3.820399238290457902e+02 9.366453116217937547e-07 -4.410123824876717613e+00 1.342498399412192822e+09
8.982748626399599109e-04 -1.906625396198035283e+00 3.995335913574300548e+02 7.045190380565025132e-07 -4.556697539165354804e+00 1.342498399388201237e+09
9.080719583373777571e-04 -1.900560527326421667e+00 3.835400670967684391e+02 4.797809160346719831e-07 -4.863454039821111685e+00 1.342498399114105225e+09
9.016751877273965644e-04 -1.903403554465650238e+00 3.992686435562960128e+02 6.984961368930501565e-07 -4.697875255232471403e+00 1.342498399368611574e+09
9.016751877273965644e-04 -1.903403554465650238e+00 3.992686435562960128e+02 6.984961368930501565e-07 -4.697875255232471403e+00 1.342498399368611574e+09
9.124856489788353954e-04 -1.898212776668146251e+00 3.772521534737975344e+02 1.534599072118724279e-06 -4.030332662628879348e+00 1.342498398856083632e+09
9.044231576219513092e-04 -1.902494010484574449e+00 3.895269437350838757e+02 8.554143470950174568e-07 -4.384672736622206024e+00 1.342498399062854052e+09
9.101653995898832065e-04 -1.897391419156932768e+00 3.900564436799265877e+02 8.064804184852929557e-07 -4.480635063750041169e+00 1.342498399208151817e+09
9.063163647858621082e-04 -1.903113661698959458e+00 3.874570817390989532e+02 4.787566454943954887e-07 -4.950284588899283911e+00 1.342498398962451220e+09
8.981557225547406311e-04 -1.905167485240253367e+00 4.065171487077196844e+02 1.527812028559468245e-06 -4.046893731027029872e+00 1.342498399329141140e+09
8.999650641060944227e-04 -1.902400565171228575e+00 4.027605352462457518e+02 5.139041219417842590e-07 -4.853211166854836556e+00 1.342498399125948668e+09
9.012761203931535714e-04 -1.902088335640008898e+00 4.045456341760589680e+02 4.874365209334269247e-07 -4.846411281258747650e+00 1.342498399191704750e+09
9.061406855316310764e-04 -1.901263472339283389e+00 3.899921298626392172e+02 1.512426879100358904e-06 -4.006797082024967871e+00 1.342498399315911055e+09
9.160869942711975843e-04 -1.892339660438177473e+00 3.757229167571909443e+02 7.799491398030275668e-07 -4.494430792606383562e+00 1.342498398920615911e+09
9.186475543154964734e-04 -1.890770874201831875e+00 3.726491339133148131e+02 1.082640154853313896e-06 -4.245806982337677837e+00 1.342498398828185320e+09
9.169333290660395923e-04 -1.893345892408728526e+00 3.724607169749575633e+02 1.003941356409465597e-06 -4.373045652485302526e+00 1.342498399016432047e+09
8.930053254136006806e-04 -1.908173568080802962e+00 4.189986996137695314e+02 1.112882745248391937e-06 -4.241473890117323009e+00 1.342498399409838200e+09
8.927488664842179924e-04 -1.911487733483646423e+00 4.070167644401579423e+02 1.280314243020093256e-06 -4.170088894600071150e+00 1.342498399172729015e+09
8.979931617026359067e-04 -1.907037179597977250e+00 4.073885091898554265e+02 1.528651928450133398e-06 -4.006173978177018036e+00 1.342498399342597723e+09
8.982481583829257351e-04 -1.906674548753563680e+00 4.045542143288727175e+02 6.146114421305231306e-07 -4.824191066454066146e+00 1.342498399031218052e+09
8.945900583156068042e-04 -1.907105017649609824e+00 4.103884306627629144e+02 8.606190381049893011e-07 -4.441986144399811209e+00 1.342498399510321856e+09
8.945900583156068042e-04 -1.907105017649609824e+00 4.103884306627629144e+02 8.606190381049893011e-07 -4.441986144399811209e+00 1.342498399510321856e+09
9.046404443470398068e-04 -1.904101032340638433e+00 3.964417834890307972e+02 1.189580407120525360e-06 -4.208426197420686243e+00 1.342498398785242319e+09
8.950212832340986857e-04 -1.910164248441362567e+00 4.089762540358831302e+02 1.557461187271149053e-06 -4.104612708168207114e+00 1.342498398863461494e+09
8.910650614872219107e-04 -1.910278707565030709e+00 4.126249440134269548e+02 1.472997709519103899e-06 -4.044744786453202678e+00 1.342498398837907791e+09
8.927940256006605116e-04 -1.910040557970242192e+00 4.143821778637775992e+02 8.156875331020051783e-07 -4.514454269650301832e+00 1.342498399884142399e+09
8.927940256006605116e-04 -1.910040557970242192e+00 4.143821778637775992e+02 8.156875331020051783e-07 -4.514454269650301832e+00 1.342498399884142399e+09
9.026187740206494375e-04 -1.904626944720300141e+00 3.980151217758147482e+02 6.259953323714710915e-07 -4.780441749527550854e+00 1.342498399185219765e+09
9.052287049114750035e-04 -1.902754024833936963e+00 3.901798792019378652e+02 1.595052359453652701e-06 -4.012275497484626641e+00 1.342498399206423759e+09
8.934050784955581458e-04 -1.910813163063662667e+00 4.109935730789438821e+02 1.172462872268476616e-06 -4.302995715656333431e+00 1.342498399402794123e+09
8.934050784955581458e-04 -1.910813163063662667e+00 4.109935730789438821e+02 1.172462872268476616e-06 -4.302995715656333431e+00 1.342498399402794123e+09
8.975303098048240547e-04 -1.907181889134399011e+00 4.104384500919065317e+02 1.367404754893753500e-06 -4.201194791369053938e+00 1.342498398903606176e+09
9.058120950320551219e-04 -1.902101148511381901e+00 3.949695653492584597e+02 1.402625296615153645e-06 -4.133600980710120609e+00 1.342498399147007227e+09
8.907986448109750594e-04 -1.909888737954225313e+00 4.155325221079101539e+02 9.787120191734555380e-07 -4.437448668881287084e+00 1.342498398893838406e+09
9.100864234016782474e-04 -1.896930927475603434e+00 3.829804863265587755e+02 3.908192429825369949e-07 -5.023799465113043539e+00 1.342498398945873499e+09
9.066558692134372554e-04 -1.903460653765622679e+00 3.892210205734328952e+02 7.462824991772255461e-07 -4.626432053584366599e+00 1.342498398845181704e+09
8.976866999011299695e-04 -1.905992921343229618e+00 4.066871199321139443e+02 1.427610329961199422e-06 -4.130167326856048149e+00 1.342498399336800814e+09
9.108740540632139686e-04 -1.896868693375556969e+00 3.792651085790702723e+02 5.475739759486970102e-07 -4.833897118960915229e+00 1.342498398772619247e+09
9.113678540429965376e-04 -1.895628754724620890e+00 3.842783714027824544e+02 9.816564173836642514e-07 -4.371276487475547867e+00 1.342498399266572237e+09
8.999880164542334868e-04 -1.904830679699183626e+00 4.084803352353776518e+02 1.330491932289646481e-06 -4.087366410259234861e+00 1.342498398941276312e+09
9.140103778746625895e-04 -1.896072209507740469e+00 3.812600076801056730e+02 6.330368799411350953e-07 -4.678603151656465897e+00 1.342498399114350557e+09
9.028522286319336926e-04 -1.901227799082085834e+00 4.014404380317304231e+02 1.302100895588857262e-06 -4.094863229429302365e+00 1.342498399178920031e+09
9.115547369256834197e-04 -1.896905721530935285e+00 3.813000195297403820e+02 1.025781783309371452e-06 -4.248497939449149108e+00 1.342498399036471128e+09
8.958997222318329555e-04 -1.906574645542479018e+00 4.171949097131459325e+02 6.842950432769869450e-07 -4.618514412006655689e+00 1.342498399115428448e+09
8.940847631869841636e-04 -1.907490398072832383e+00 4.117232438895824771e+02 1.089741321545613722e-06 -4.183884275634584426e+00 1.342498398962756395e+09
9.042690834128568880e-04 -1.903262444769065365e+00 3.951361430804230395e+02 5.757160577970742691e-07 -4.860986436106186304e+00 1.342498398929768801e+09
9.204308337650589150e-04 -1.890037379771070558e+00 3.727451196420012138e+02 8.225735350975667590e-07 -4.499841769382135759e+00 1.342498398949012756e+09
8.906428538839288164e-04 -1.909816994224231346e+00 4.218733663462508616e+02 1.360895748626405638e-06 -4.157619796901450115e+00 1.342498399161790609e+09
8.956900910355645963e-04 -1.907786724027789038e+00 4.023421697474652774e+02 1.158888289260564709e-06 -4.243575519710962141e+00 1.342498399021651030e+09
9.072949911078693900e-04 -1.899655473853611998e+00 3.880496653128845423e+02 6.376448990752091878e-07 -4.752801164977174864e+00 1.342498399247654676e+09
8.936032725622256945e-04 -1.908863718245682461e+00 4.116178321148353234e+02 1.656000873173868331e-06 -3.881892891109226085e+00 1.342498398925166368e+09
8.977900420993178282e-04 -1.906577311721465051e+00 4.037401253349840431e+02 7.344246355463429344e-07 -4.637832227971999899e+00 1.342498399667076588e+09
8.977900420993178282e-04 -1.906577311721465051e+00 4.037401253349840431e+02 7.344246355463429344e-07 -4.637832227971999899e+00 1.342498399667076588e+09
8.934182964784257840e-04 -1.913057708773384213e+00 4.078458257859559808e+02 1.280091108208665262e-06 -4.147336926638065968e+00 1.342498398764310122e+09
8.928677185801815654e-04 -1.909357859791090295e+00 4.160678391508501477e+02 9.806098604241686485e-07 -4.309226665223107489e+00 1.342498399553693533e+09
8.928677185801815654e-04 -1.909357859791090295e+00 4.160678391508501477e+02 9.806098604241686485e-07 -4.309226665223107489e+00 1.342498399553693533e+09
9.006615925324891947e-04 -1.902862260708833020e+00 4.011357800905212798e+02 9.547085412889416842e-07 -4.363999930624311574e+00 1.342498399511732817e+09
9.006615925324891947e-04 -1.902862260708833020e+00 4.011357800905212798e+02 9.547085412889416842e-07 -4.363999930624311574e+00 1.342498399511732817e+09
8.956086451600490765e-04 -1.905173382168716234e+00 4.175135061974903579e+02 1.353838913517732245e-06 -4.134531922424304007e+00 1.342498398764529943e+09
9.058428330634273962e-04 -1.899993400571478475e+00 3.964449482065277834e+02 4.188750405915278508e-07 -4.958555551524501226e+00 1.342498399056634903e+09
9.085404872719182344e-04 -1.896605173779262632e+00 3.897732983505135849e+02 7.149814490818275939e-07 -4.577913616480802972e+00 1.342498399120748281e+09
8.965406277508108923e-04 -1.907586019312066838e+00 4.026231299922887956e+02 1.100796426238389657e-06 -4.295768413893542359e+00 1.342498399440565825e+09
9.076838134804619774e-04 -1.897909414659410210e+00 3.951102921038029194e+02 1.189099804747944602e-06 -4.220389663409928716e+00 1.342498399152495861e+09
8.918547386290786661e-04 -1.908775888699819179e+00 4.161515336366207407e+02 1.146573782017596829e-06 -4.193350344596338708e+00 1.342498399202446699e+09
9.209769264633516734e-04 -1.890400758048449426e+00 3.719699767891134456e+02 1.008860238490688051e-06 -4.314556121909455477e+00 1.342498398876555204e+09
9.070553026011788506e-04 -1.901973709984066563e+00 3.881196283097418132e+02 1.531396077420590953e-06 -3.974779953578390312e+00 1.342498398938534498e+09
9.061112297514382777e-04 -1.897780384063397996e+00 3.941322398079926757e+02 7.205859597884444473e-07 -4.559780619138348534e+00 1.342498398971267939e+09
9.139948174333214484e-04 -1.893660773449941770e+00 3.842128974540323156e+02 1.467986277273780159e-06 -4.014180801091467465e+00 1.342498398831182957e+09
9.073660542730514929e-04 -1.898522838450629191e+00 3.926954463423431321e+02 1.445845666986168321e-06 -4.058969203782169188e+00 1.342498399251864433e+09
8.960242687605992100e-04 -1.909673314084021856e+00 4.053976293574698957e+02 6.282189389134864494e-07 -4.636733715483254414e+00 1.342498399185294151e+09
8.884512010062219295e-04 -1.913141013921692446e+00 4.185147394202406304e+02 1.744768275432582282e-06 -3.903331907266134770e+00 1.342498398980072975e+09
9.089332330359362576e-04 -1.898804648234054593e+00 3.875969860984936872e+02 9.594995630626379661e-07 -4.298659789087109218e+00 1.342498399174389362e+09
8.966059263492036965e-04 -1.907112354188827519e+00 4.089949120371925346e+02 6.505572768313154985e-07 -4.630064801118482620e+00 1.342498399661998510e+09
8.966059263492036965e-04 -1.907112354188827519e+00 4.089949120371925346e+02 6.505572768313154985e-07 -4.630064801118482620e+00 1.342498399661998510e+09
8.924671510187818764e-04 -1.908434755999666610e+00 4.214473398662224781e+02 1.200232877354362482e-06 -4.150633310783867991e+00 1.342498399068195343e+09
9.076452219731200076e-04 -1.901140970426451249e+00 3.906825402052181175e+02 9.599083979202849713e-07 -4.427777685600538859e+00 1.342498399290531874e+09
9.076452219731200076e-04 -1.901140970426451249e+00 3.906825402052181175e+02 9.599083979202849713e-07 -4.427777685600538859e+00 1.342498399290531874e+09
9.081483784895715049e-04 -1.900017822773059750e+00 3.923807934503097385e+02 9.474225173966039814e-07 -4.368093782592565866e+00 1.342498399177933216e+09
8.905959817220565058e-04 -1.911661476249154168e+00 4.182779228255676571e+02 1.308543295202566107e-06 -4.192447099346964023e+00 1.342498399509922981e+09
8.905959817220565058e-04 -1.911661476249154168e+00 4.182779228255676571e+02 1.308543295202566107e-06 -4.192447099346964023e+00 1.342498399509922981e+09
9.088763780384344088e-04 -1.898765099167526005e+00 3.880248297013919796e+02 7.221585410929341297e-07 -4.538538711040608575e+00 1.342498399376653433e+09
9.063222632670360880e-04 -1.900246954934317500e+00 3.898467300931952195e+02 1.530438714168315431e-06 -3.927054307099528963e+00 1.342498398821394920e+09
9.035655973797648496e-04 -1.901209385547871999e+00 4.014651040682197731e+02 4.957290162626142902e-07 -4.945470473071193140e+00 1.342498398842992783e+09
8.940529517537708446e-04 -1.911002756016553894e+00 4.099472417942197353e+02 8.922481728178093034e-07 -4.411440555487841308e+00 1.342498399509668350e+09
9.056101050668493701e-04 -1.899360620061402383e+00 3.987647903729933319e+02 6.889616462345358909e-07 -4.706974983845410243e+00 1.342498398775312662e+09
8.977698697001267785e-04 -1.904293552663784972e+00 4.094929538505224969e+02 1.228669863582291565e-06 -4.240495661533632443e+00 1.342498399062643051e+09
9.109392073212293443e-04 -1.897595632540379773e+00 3.849797032132468644e+02 6.208754506753078670e-07 -4.692229786526215918e+00 1.342498399422085047e+09
9.109392073212293443e-04 -1.897595632540379773e+00 3.849797032132468644e+02 6.208754506753078670e-07 -4.692229786526215918e+00 1.342498399422085047e+09
9.048127012849187635e-04 -1.902727818145690586e+00 3.937820020507814434e+02 1.545255416121926901e-06 -3.945732959733946998e+00 1.342498398973570108e+09
8.967759626122183891e-04 -1.905393941520205914e+00 4.115861007801380538e+02 1.565987485263347776e-06 -3.921381001021820190e+00 1.342498398844080448e+09
9.016860649370733640e-04 -1.904168381876627514e+00 3.929611128677454985e+02 8.540367238771560997e-07 -4.538341412989023382e+00 1.342498399047306776e+09
8.942229488026791828e-04 -1.910814614010614143e+00 4.056505690728866966e+02 1.592103726175478902e-06 -4.016019826023277339e+00 1.342498399042009830e+09
8.917556756247059643e-04 -1.912000627708031919e+00 4.104222956641564224e+02 1.059045699956935273e-06 -4.401502640885437856e+00 1.342498398995876789e+09
9.117189677925458110e-04 -1.897016113730613185e+00 3.801740263583208730e+02 6.304290218246709169e-07 -4.626131047709977295e+00 1.342498399068648338e+09
9.070948906337344053e-04 -1.899998054535388059e+00 3.914995572250214195e+02 4.619234990596853131e-07 -4.998809241780238111e+00 1.342498399032580376e+09
9.025848785282194683e-04 -1.904662438139496317e+00 4.005466222754409955e+02 1.385542674128910913e-06 -4.110102692536807822e+00 1.342498399114035606e+09
8.946617407639251805e-04 -1.908351807191022154e+00 4.187398924569511109e+02 1.451644732337874726e-06 -4.055149492620868656e+00 1.342498398959153652e+09
9.078435712455211297e-04 -1.899247145402950032e+00 3.911917865203686802e+02 4.808722107675140372e-07 -4.853464592407085831e+00 1.342498399228784323e+09
8.929850675002522437e-04 -1.907465867839140516e+00 4.187991613897983711e+02 1.036773361893728181e-06 -4.250330272354259087e+00 1.342498399058332682e+09
8.934107603368665737e-04 -1.909559296851163879e+00 4.166857246758291353e+02 1.350972204691657916e-06 -4.190053246378177221e+00 1.342498399255212069e+09
8.972823626549804874e-04 -1.904873310936594510e+00 4.039264086094879076e+02 5.123327221859443353e-07 -4.896716875702807670e+00 1.342498398902638197e+09
9.180085301028106026e-04 -1.893855345976948268e+00 3.724911568788191971e+02 8.847721869815412396e-07 -4.494656358490892956e+00 1.342498398960041523e+09
8.960190012727667916e-04 -1.905738927698207963e+00 4.172872184200726906e+02 6.581562677530049545e-07 -4.614651315874038318e+00 1.342498398919592381e+09
8.970780801240479593e-04 -1.909074951172372359e+00 4.054398131074307798e+02 6.821897054022751485e-07 -4.686960025489203652e+00 1.342498399473634958e+09
8.992792897253847496e-04 -1.904754572538058355e+00 4.108015425369019908e+02 7.195635920379424432e-07 -4.612678717699301600e+00 1.342498399147228241e+09
8.990479095777669872e-04 -1.908414865352106249e+00 3.962803037774807535e+02 5.705558843099697416e-07 -4.726822883949846066e+00 1.342498398904906750e+09
8.957469546945461816e-04 -1.904993787951733797e+00 4.102238371064602234e+02 5.637017778994296502e-07 -4.720557237275785134e+00 1.342498398948690414e+09
9.063173810892567392e-04 -1.902481681201816599e+00 3.923146367198582425e+02 1.603999291366599974e-06 -4.028521089672159050e+00 1.342498398966796160e+09
8.925095735156916323e-04 -1.910941470001822129e+00 4.155194843685243313e+02 1.506895862017054954e-06 -4.004208119633931418e+00 1.342498399342452288e+09
8.925095735156916323e-04 -1.910941470001822129e+00 4.155194843685243313e+02 1.506895862017054954e-06 -4.004208119633931418e+00 1.342498399342452288e+09
8.884536205073944757e-04 -1.914609719698636470e+00 4.162249107004488451e+02 1.831961630737942447e-06 -3.890219189823854506e+00 1.342498398789963007e+09
9.098867468819997646e-04 -1.897908989965151338e+00 3.816324027558022749e+02 1.048448090249056011e-06 -4.340558616538001679e+00 1.342498399097394705e+09
9.075247104698575809e-04 -1.902620227796867791e+00 3.843205213259735729e+02 8.303186944488999999e-07 -4.537050829132986962e+00 1.342498399050099850e+09
8.917849973976965097e-04 -1.911203433271220664e+00 4.184173947068504162e+02 1.079600359706706413e-06 -4.373691141176260899e+00 1.342498399348705769e+09
9.180155814222487783e-04 -1.892470121470041455e+00 3.781650038821684348e+02 7.762630978149535351e-07 -4.523729336746569629e+00 1.342498398812217951e+09
9.012003794410219015e-04 -1.906125053341440445e+00 3.957747908911825903e+02 4.706872207146113255e-07 -5.008708987088756892e+00 1.342498398820710659e+09
8.968281241747314914e-04 -1.905192903024133688e+00 4.102341040573821829e+02 1.433221030184671760e-06 -4.019066978757981801e+00 1.342498399105501413e+09
9.006889452318605225e-04 -1.907386214084038967e+00 3.964493604018767883e+02 1.073768824455417834e-06 -4.273839788125830985e+00 1.342498399091027737e+09
9.113626935601608879e-04 -1.895265661787091993e+00 3.893045695616775674e+02 6.424548258494466918e-07 -4.711566400585445180e+00 1.342498398931000948e+09
9.020113156316310549e-04 -1.905161913835411891e+00 3.982238693201124420e+02 8.509518642917585582e-07 -4.490356865898492700e+00 1.342498399588764191e+09
9.020113156316310549e-04 -1.905161913835411891e+00 3.982238693201124420e+02 8.509518642917585582e-07 -4.490356865898492700e+00 1.342498399588764191e+09
9.003664428768323128e-04 -1.907352689118765543e+00 3.956571068827510658e+02 4.221856642830964549e-07 -5.014343935428529520e+00 1.342498399051088572e+09
9.212093577910863453e-04 -1.889813449886045937e+00 3.713136649806943979e+02 9.383452956029229891e-07 -4.439467793035865917e+00 1.342498398804327250e+09
8.921638955249442011e-04 -1.909157569724362791e+00 4.216889637657562275e+02 1.522750527372315509e-06 -3.990218516772181090e+00 1.342498399070591450e+09
9.081213977541636052e-04 -1.901732470961307708e+00 3.842255307614196340e+02 1.119193789731036694e-06 -4.222826443986695821e+00 1.342498398987440825e+09
9.175629992765069404e-04 -1.893252887491279068e+00 3.761716288388725502e+02 6.259907721204489358e-07 -4.652641333330188367e+00 1.342498398834796667e+09
8.968682127609328876e-04 -1.910211677667622787e+00 4.030955234244347025e+02 7.972599748582195444e-07 -4.562027121622901582e+00 1.342498399240072250e+09
9.074092126689354935e-04 -1.898348392089845627e+00 3.907521206338790876e+02 6.818946027237657161e-07 -4.616996396838747074e+00 1.342498399451137066e+09
9.042375603326702465e-04 -1.902408321920263656e+00 3.984364094991903471e+02 5.787917140902020014e-07 -4.712876257191618734e+00 1.342498399128231764e+09
9.091357409683094304e-04 -1.900943381628314111e+00 3.806861990679793735e+02 6.116088377086953925e-07 -4.683117722410309547e+00 1.342498398901288748e+09
9.158567755755548908e-04 -1.893711826534737241e+00 3.766636586509621338e+02 1.509363001378445471e-06 -4.011173886857858584e+00 1.342498399012063742e+09
9.034159597718896453e-04 -1.900544811749647511e+00 4.016280680837541581e+02 5.021908202352754537e-07 -4.785128533155509345e+00 1.342498398838907242e+09
9.070491982102617300e-04 -1.901112345109190027e+00 3.871411953994993382e+02 5.808938427137963813e-07 -4.840858899821464334e+00 1.342498399054296970e+09
9.040930883143315612e-04 -1.901097920324243962e+00 3.914741056476914309e+02 5.765802146056422429e-07 -4.726621583538206828e+00 1.342498399254382610e+09
9.001319083518155096e-04 -1.903787825588182603e+00 4.089297576306262840e+02 1.336517526065691725e-06 -4.182242529203580972e+00 1.342498398958460569e+09
9.006842441496656654e-04 -1.904213136074788704e+00 4.056172959347871370e+02 1.437548049374175873e-06 -4.015485186022818453e+00 1.342498399071926117e+09
8.977593083241223451e-04 -1.906573620166525762e+00 4.024443645509425664e+02 5.894121562287047927e-07 -4.783831251915425575e+00 1.342498399650706291e+09
8.977593083241223451e-04 -1.906573620166525762e+00 4.024443645509425664e+02 5.894121562287047927e-07 -4.783831251915425575e+00 1.342498399650706291e+09
9.179630519144082578e-04 -1.892295157182711351e+00 3.764281475616851935e+02 6.856660115009647265e-07 -4.635301299817816911e+00 1.342498399047009468e+09
8.888082227044508468e-04 -1.912875528380481249e+00 4.254994166866084129e+02 1.523758776402336297e-06 -4.023135137715089016e+00 1.342498399277135134e+09
9.026405871942433335e-04 -1.904112559924542092e+00 3.983162016420084228e+02 1.265625341361659271e-06 -4.277112447372424242e+00 1.342498398870032787e+09
8.887996814860316813e-04 -1.913828727342449465e+00 4.182119709702828914e+02 1.422468956933709805e-06 -3.989553607803427937e+00 1.342498398813326836e+09
8.984893760441153713e-04 -1.906234295077039009e+00 4.020010491351458768e+02 2.077719359674563119e-06 -3.791584598523896510e+00 1.342498398920542240e+09
9.029615591721576635e-04 -1.903695040430255281e+00 3.955935196344003657e+02 1.711037049525021133e-06 -3.944402381249336287e+00 1.342498399285609007e+09
9.084314983467991740e-04 -1.900204861119539901e+00 3.876216912629071771e+02 4.678476751115970479e-07 -4.887730953504282994e+00 1.342498399187771082e+09
8.997417342659349638e-04 -1.905438891500300436e+00 4.027381979200307001e+02 6.923881397302531439e-07 -4.580964453159907634e+00 1.342498399621087551e+09
8.997417342659349638e-04 -1.905438891500300436e+00 4.027381979200307001e+02 6.923881397302531439e-07 -4.580964453159907634e+00 1.342498399621087551e+09
9.139615102346074129e-04 -1.897215866578586319e+00 3.786246998135215449e+02 7.309261149813126898e-07 -4.533586005494344207e+00 1.342498398822970152e+09
8.877428311101064756e-04 -1.911514510589305438e+00 4.234186621414845035e+02 1.241172613692282508e-06 -4.135920217229792861e+00 1.342498398986997604e+09
9.027141633757011958e-04 -1.903398616829992784e+00 3.930062637097612992e+02 1.896423366643033762e-06 -3.882098203151926441e+00 1.342498398785551071e+09
9.028413186987090631e-04 -1.902793804364809827e+00 4.025402423744772022e+02 5.802646038102759566e-07 -4.714931017976667249e+00 1.342498399072966576e+09
9.026547957061227577e-04 -1.902581257434531992e+00 3.930668165915117811e+02 7.527058452247283599e-07 -4.597087698029950431e+00 1.342498399321773052e+09
9.119541030570303339e-04 -1.896386595211826176e+00 3.856300714642187586e+02 1.368773191405900705e-06 -4.155712607533063263e+00 1.342498399099807501e+09
9.005160502307358802e-04 -1.901922805397801897e+00 4.040835551057531347e+02 4.638424374713697611e-07 -4.869698077736500430e+00 1.342498399016124487e+09
8.916089439509824891e-04 -1.911751110687202271e+00 4.209067057579707125e+02 1.862411602287905546e-06 -3.856168800355668225e+00 1.342498398799551010e+09
9.049007403473436923e-04 -1.901712570973834726e+00 3.935723195394513141e+02 3.731315946101496670e-07 -5.012184982171477898e+00 1.342498398998070478e+09
9.028876205718405551e-04 -1.902576760641720766e+00 3.993362763167627350e+02 4.699647108206018600e-07 -4.832164518448137436e+00 1.342498399050009489e+09
9.137842446199594387e-04 -1.895648230414094026e+00 3.771232972739229012e+02 5.178779394180104061e-07 -4.860605997120034161e+00 1.342498399138844252e+09
9.046283587041944801e-04 -1.902387550545119765e+00 3.874421853729701866e+02 1.057894026011010580e-06 -4.299238045212190329e+00 1.342498399133151293e+09
8.883327947880891072e-04 -1.913208623106920747e+00 4.252226269303097865e+02 1.480790054503843570e-06 -4.045713141728539242e+00 1.342498399376384497e+09
8.883327947880891072e-04 -1.913208623106920747e+00 4.252226269303097865e+02 1.480790054503843570e-06 -4.045713141728539242e+00 1.342498399376384497e+09
9.149536110432761240e-04 -1.895426352601281561e+00 3.769251059756608129e+02 4.092143397438861053e-07 -5.029519217092369487e+00 1.342498398930727005e+09
8.979038505918041568e-04 -1.906436790333569054e+00 4.079688698740766881e+02 1.244750381831592203e-06 -4.123713444394580208e+00 1.342498399352476835e+09
8.979038505918041568e-04 -1.906436790333569054e+00 4.079688698740766881e+02 1.244750381831592203e-06 -4.123713444394580208e+00 1.342498399352476835e+09
8.998815620526674818e-04 -1.906128097975543056e+00 4.022699388039290511e+02 1.385870945131225410e-06 -4.011247227547974248e+00 1.342498398914739132e+09
8.876477652838291260e-04 -1.914516978395509827e+00 4.259574496181915606e+02 1.692821205778130487e-06 -3.946125168064583022e+00 1.342498399117259502e+09
9.001733472279333523e-04 -1.902238210009799868e+00 4.090667798578273278e+02 5.427323923958691973e-07 -4.813140580339599239e+00 1.342498398976838112e+09
9.001922938633714249e-04 -1.905109177453407243e+00 3.958660693212590331e+02 1.097770694636558910e-06 -4.221778987002230643e+00 1.342498399163192272e+09
8.929814345117690613e-04 -1.909640338031405760e+00 4.172634936786406570e+02 1.864084687647181990e-06 -3.836042129328615324e+00 1.342498399059532881e+09
9.048665086384935670e-04 -1.902919994303850615e+00 3.917405554743905327e+02 1.772039869228572085e-06 -3.952574117604436665e+00 1.342498399048182011e+09
9.123669086657689971e-04 -1.896838687389350797e+00 3.840116910651680087e+02 9.357072535139434283e-07 -4.412407848206511218e+00 1.342498399373810768e+09
9.123669086657689971e-04 -1.896838687389350797e+00 3.840116910651680087e+02 9.357072535139434283e-07 -4.412407848206511218e+00 1.342498399373810768e+09
8.969814067979203645e-04 -1.908723803250194528e+00 4.095784070102303076e+02 9.610296175611154511e-07 -4.378939416055957601e+00 1.342498399298022032e+09
8.942859880468645743e-04 -1.910586979680522157e+00 4.120983191860004240e+02 1.298941655195403068e-06 -4.208039189220119880e+00 1.342498399337733030e+09
9.128536175678378340e-04 -1.896889358923255609e+00 3.812142793179231717e+02 4.533473598693164467e-07 -4.901388856582067355e+00 1.342498398973677158e+09
9.029360095441720012e-04 -1.902927185363807228e+00 3.932955768018761660e+02 5.712315713293665331e-07 -4.706070789671830568e+00 1.342498399324609280e+09
9.089493640861734695e-04 -1.898938029563958407e+00 3.841782793985203739e+02 6.096160912363846445e-07 -4.678113340307087142e+00 1.342498399335398674e+09
9.019550234946183262e-04 -1.905390577933362861e+00 3.983288912919095992e+02 1.425035438436285630e-06 -4.012756844139332202e+00 1.342498398897788525e+09
9.004358721131747482e-04 -1.904993758227154999e+00 3.939582733118745637e+02 3.577700828368415393e-07 -5.099049821795768267e+00 1.342498398959348202e+09
9.113275578396811023e-04 -1.897701527165142732e+00 3.840027932106565913e+02 9.698740187436322528e-07 -4.442410172984891048e+00 1.342498399202316761e+09
9.129767851092081363e-04 -1.897645175686787589e+00 3.802526408138555780e+02 1.159683547826492631e-06 -4.230995123520895795e+00 1.342498399186005116e+09
9.041504506857355253e-04 -1.903162378083673056e+00 3.980476492511238007e+02 3.904589455107454104e-07 -5.039002640810754663e+00 1.342498398825581074e+09
8.878219067183335629e-04 -1.914014165205913276e+00 4.174498816570887243e+02 1.712727253722990689e-06 -3.926320171032743112e+00 1.342498398816453934e+09
8.918105875402526032e-04 -1.913349918464502863e+00 4.093937621758879573e+02 1.281387753281966538e-06 -4.229245046044115774e+00 1.342498398951539040e+09
9.075239775428797914e-04 -1.900083729802364285e+00 3.829462320987688031e+02 5.955988956531122463e-07 -4.683636346729352695e+00 1.342498398903143167e+09
9.030147641338558519e-04 -1.901499302177087847e+00 4.029591118066169884e+02 4.645074724727245449e-07 -4.951102079723343152e+00 1.342498399051774502e+09
8.970707649591541004e-04 -1.905647875919273648e+00 4.078929375234932877e+02 1.580312940574368242e-06 -4.041218490922302564e+00 1.342498399079116106e+09
9.036410561682972848e-04 -1.899912119075979344e+00 3.989874954114097250e+02 7.060755258795891349e-07 -4.676340770000122049e+00 1.342498398848230839e+09
9.032407418498172857e-04 -1.904307653821271762e+00 3.996644602831448196e+02 8.552021700966370543e-07 -4.466635708430517937e+00 1.342498399132636786e+09
9.085807129526354917e-04 -1.898349397767352675e+00 3.884499573861044155e+02 8.945720553021414558e-07 -4.405365719830167670e+00 1.342498399536839724e+09
9.085807129526354917e-04 -1.898349397767352675e+00 3.884499573861044155e+02 8.945720553021414558e-07 -4.405365719830167670e+00 1.342498399536839724e+09
9.124768964924354726e-04 -1.897514712522993641e+00 3.783811472293469933e+02 6.061285963325990055e-07 -4.691066639480476752e+00 1.342498399160288095e+09
8.994155263856633362e-04 -1.903438644962407444e+00 4.015371419919387108e+02 9.965476595095113793e-07 -4.373643978908627439e+00 1.342498399179312706e+09
9.023948394234974479e-04 -1.900855287427026141e+00 4.029507169199167720e+02 5.429026060260922687e-07 -4.751420260515104133e+00 1.342498399045464516e+09
9.093647682005695249e-04 -1.899400286646993674e+00 3.852175011383708920e+02 1.513577551118364584e-06 -4.012291896961934334e+00 1.342498399235931635e+09
9.148257983447467259e-04 -1.897172672902756263e+00 3.749295924918019978e+02 1.098537814057348048e-06 -4.335113637521883057e+00 1.342498398817111492e+09
8.971585584542507300e-04 -1.906609598706081155e+00 4.007815721210072297e+02 1.266566995300021925e-06 -4.213875677015587407e+00 1.342498398884299517e+09
9.056821202221093875e-04 -1.902517920759329906e+00 3.906144656666575656e+02 8.815252884116645634e-07 -4.350608790763099698e+00 1.342498398889115095e+09
9.048246076636506626e-04 -1.900656930965852309e+00 3.953468218970050430e+02 9.730460874962241288e-07 -4.451642964782339007e+00 1.342498399131097317e+09
9.124512238509176155e-04 -1.898754672720107894e+00 3.800265813446631569e+02 5.621459817794427031e-07 -4.822899475693475324e+00 1.342498398863816500e+09
8.975129222444582595e-04 -1.908051801266888114e+00 4.032714400594985023e+02 8.801165207377782418e-07 -4.343512627527927883e+00 1.342498398944876671e+09
9.043329583052412465e-04 -1.902668776879404611e+00 3.938319390834154774e+02 1.646976320336248085e-06 -3.995596590192396214e+00 1.342498399286116123e+09
9.043329583052412465e-04 -1.902668776879404611e+00 3.938319390834154774e+02 1.646976320336248085e-06 -3.995596590192396214e+00 1.342498399286116123e+09
8.979229730830921852e-04 -1.906321032095918522e+00 4.099709904784955938e+02 3.061985679091646854e-07 -5.200030233645153821e+00 1.342498398803200006e+09
8.957087619671952284e-04 -1.907913587718904846e+00 4.088428916130295647e+02 2.673326693083895482e-07 -5.281323948168072491e+00 1.342498399039861441e+09
8.919326228834530525e-04 -1.909134801612066834e+00 4.142707217429035040e+02 2.726317436422584936e-07 -5.352440051588466474e+00 1.342498398816689730e+09
8.971441942641788549e-04 -1.907115569971009617e+00 4.034565695266093144e+02 3.252390174213853391e-07 -5.087340079918459601e+00 1.342498398777141333e+09
8.937564230085164518e-04 -1.910344854002661075e+00 4.123315546430374638e+02 2.603107800398413098e-07 -5.347301160944847531e+00 1.342498398966553211e+09
8.970075806178432051e-04 -1.907686468070955321e+00 4.074000158090552191e+02 3.106997791384781229e-07 -5.229393307523114487e+00 1.342498399202395916e+09
8.964396707766580279e-04 -1.909124302763724135e+00 4.048450833163807943e+02 2.606285997968361587e-07 -5.384316813043814598e+00 1.342498398803434849e+09
8.985362247587612081e-04 -1.906722610069510271e+00 4.066611869921467814e+02 3.316260559721642200e-07 -5.148510982091847765e+00 1.342498398982572317e+09
8.999451384630699794e-04 -1.905230147550696973e+00 4.013675326279448541e+02 3.593844320859700483e-07 -5.051116003512742481e+00 1.342498399171414137e+09
9.025123537542740918e-04 -1.903383393751382435e+00 3.972442607384905386e+02 2.603999338106989901e-07 -5.364717560468873714e+00 1.342498398947762251e+09
8.987778622528923679e-04 -1.905241446442474951e+00 3.996764137314220875e+02 3.054605963214461199e-07 -5.254979699190700515e+00 1.342498398987024546e+09
8.973602268271790427e-04 -1.905986239467330812e+00 4.093423236009410289e+02 2.829211099817486615e-07 -5.234987299067519473e+00 1.342498398920021534e+09
8.975577172765720124e-04 -1.905888619955074859e+00 4.108401160985408183e+02 3.424558508649903547e-07 -5.164750311994104948e+00 1.342498399073700905e+09
8.903719006507177869e-04 -1.911571403418587334e+00 4.248496941084887339e+02 3.441487663790000135e-07 -5.155183331158626814e+00 1.342498398891703844e+09
8.860351488926881871e-04 -1.915448613268198264e+00 4.213860239491495463e+02 3.481857407739885862e-07 -5.175670617349611646e+00 1.342498399206774473e+09
8.860351488926881871e-04 -1.915448613268198264e+00 4.213860239491495463e+02 3.481857407739885862e-07 -5.175670617349611646e+00 1.342498399206774473e+09
8.855728230436305881e-04 -1.915475148624455892e+00 4.239582411324902864e+02 3.733259334156378884e-07 -5.116373144850776988e+00 1.342498399394734859e+09
8.884184293043415103e-04 -1.912171095167739310e+00 4.212548629416426706e+02 3.415325530064326443e-07 -5.233162357945054133e+00 1.342498398776245594e+09
8.886809809380751077e-04 -1.912259858640288801e+00 4.167472799880029015e+02 2.924478042781945543e-07 -5.292913596566311440e+00 1.342498398904254913e+09
8.873337014181617490e-04 -1.913891477919807516e+00 4.213200133553273758e+02 3.401972523463678391e-07 -5.092953185370122426e+00 1.342498399162424564e+09
8.873337014181617490e-04 -1.913891477919807516e+00 4.213200133553273758e+02 3.401972523463678391e-07 -5.092953185370122426e+00 1.342498399162424564e+09
8.851785646962959369e-04 -1.913761489271318617e+00 4.291105106278239987e+02 2.408917525195076845e-07 -5.382301732345283973e+00 1.342498398858518600e+09
8.834491519862795912e-04 -1.915979772227449418e+00 4.333982679324327592e+02 2.340639746521545243e-07 -5.446065525071901448e+00 1.342498398844855785e+09
8.860767196935926630e-04 -1.915479639990947280e+00 4.233714057800897308e+02 2.418223468816085849e-07 -5.410416814951716447e+00 1.342498398976197481e+09
8.839971839585794621e-04 -1.914018472192895004e+00 4.314110798675706064e+02 3.016008694600146765e-07 -5.215116683427348576e+00 1.342498398894583702e+09
8.844231219985823102e-04 -1.916513086028059920e+00 4.231484184927855949e+02 2.788844609823489475e-07 -5.304276841270060494e+00 1.342498398944210052e+09
8.846483939308345985e-04 -1.917225189256107187e+00 4.272090913042951570e+02 3.229033683090157786e-07 -5.164430697618902499e+00 1.342498399042145967e+09
8.840890484839642512e-04 -1.915889473942458121e+00 4.322633452122769313e+02 2.672127929455533463e-07 -5.287312407757088550e+00 1.342498398923288107e+09
8.880476053955567006e-04 -1.911766578307476649e+00 4.187727630367727443e+02 3.371052877133334376e-07 -5.186034262590932364e+00 1.342498398801507950e+09
8.878825660381952593e-04 -1.911103831869352510e+00 4.263370938799225200e+02 3.467908495218959687e-07 -5.079889867303609030e+00 1.342498398922299147e+09
8.854414579717503073e-04 -1.915167427812491496e+00 4.275453042625184708e+02 3.279217845434173759e-07 -5.141285507969842072e+00 1.342498399250015020e+09
8.854414579717503073e-04 -1.915167427812491496e+00 4.275453042625184708e+02 3.279217845434173759e-07 -5.141285507969842072e+00 1.342498399250015020e+09
8.849816429361732299e-04 -1.915715708688666474e+00 4.243938873678200139e+02 2.454517622616423398e-07 -5.365389093753067939e+00 1.342498398932351351e+09
8.886610006787427690e-04 -1.913387609067430217e+00 4.211538656032128642e+02 3.819883786371208059e-07 -5.115762186673144640e+00 1.342498399409506559e+09
8.901233060863832786e-04 -1.912344857703639711e+00 4.148796019667520341e+02 2.417113355882139145e-07 -5.434426866877698714e+00 1.342498398898680449e+09
8.864647731109087355e-04 -1.916090603304802631e+00 4.246147872876089764e+02 3.257564236079812654e-07 -5.211094989788453091e+00 1.342498399095960855e+09
8.870538347926327583e-04 -1.915158363746880532e+00 4.227665814462521894e+02 2.545251263779471515e-07 -5.314687054765734331e+00 1.342498398779245615e+09
8.896785367611838692e-04 -1.913437446553476473e+00 4.165645175110306013e+02 3.033315817711118173e-07 -5.205007724605837716e+00 1.342498399110260010e+09
8.868819451992100873e-04 -1.913526257008385745e+00 4.205558243335640327e+02 3.502000255860485277e-07 -5.099110487597172892e+00 1.342498399156935930e+09
9.018034829808397419e-04 -1.904995571671682875e+00 3.929038019129692429e+02 4.505405663632595008e-07 -5.001950279810225553e+00 1.342498399127066612e+09
8.977309824422959311e-04 -1.908126156230714354e+00 4.050391296472899398e+02 8.421825811198445545e-07 -4.578702420474316526e+00 1.342498399184119940e+09
9.092516090243197169e-04 -1.899146250661114088e+00 3.790804506376802578e+02 7.014105571479415447e-07 -4.632666542312473545e+00 1.342498398795180559e+09
9.048000481068482412e-04 -1.904532789476629517e+00 3.931552937790020223e+02 6.932960971923943465e-07 -4.663605403215270506e+00 1.342498398945867777e+09
8.927785805342552125e-04 -1.908686499456865748e+00 4.103527067522861103e+02 6.985497634840341774e-07 -4.531513679094753222e+00 1.342498398945454836e+09
8.914358621444844850e-04 -1.909301276131219360e+00 4.178824770338952703e+02 3.106306135638969080e-07 -5.173131100671554350e+00 1.342498399110378504e+09
9.033333621101756992e-04 -1.905427436376061490e+00 3.940868944948322223e+02 4.086218764322964909e-07 -5.051053210477506106e+00 1.342498398780544758e+09
9.119823936879439905e-04 -1.895982714226171151e+00 3.858335277286846576e+02 1.069936127892289484e-06 -4.321729315564194707e+00 1.342498399304664373e+09
8.980270649123461412e-04 -1.904321910689445341e+00 4.009310143567082605e+02 4.748162004653738168e-07 -4.889180481626477004e+00 1.342498398838019848e+09
8.999655287634522605e-04 -1.904655833443428925e+00 3.975133841794524869e+02 1.252984175020990527e-06 -4.238723866881278113e+00 1.342498398978326321e+09
8.999520598591872469e-04 -1.904563126026474151e+00 4.045648962331777057e+02 2.246111363877115542e-06 -3.723236143922933117e+00 1.342498398869889021e+09
9.004574639149135525e-04 -1.905230391461721240e+00 4.061172586861762852e+02 4.953133020732830870e-07 -4.886383239634807474e+00 1.342498399057893753e+09
8.953271247512342062e-04 -1.907067876235100545e+00 4.102464371265604655e+02 1.305344741111711794e-06 -4.237481727624357042e+00 1.342498398831727028e+09
8.967403448006854363e-04 -1.908736840749519548e+00 3.986301683269946921e+02 1.335800994475405490e-06 -4.141321622483936871e+00 1.342498398869726896e+09
8.929704764860710688e-04 -1.911144710695659166e+00 4.151823892043892101e+02 8.499802430970650257e-07 -4.421827346295598815e+00 1.342498399327047586e+09
8.945929516541926670e-04 -1.907900157246234185e+00 4.150471677297319388e+02 1.717212409802647004e-06 -3.886491693220567534e+00 1.342498399092144251e+09
9.055435623527568903e-04 -1.900475773281738112e+00 3.897897341425405102e+02 1.004689509158903432e-06 -4.385520993971987025e+00 1.342498399274552584e+09
8.920845936651641394e-04 -1.911149327533891107e+00 4.195203269788789839e+02 1.308726881878101965e-06 -4.167731614341034785e+00 1.342498399378828526e+09
8.920845936651641394e-04 -1.911149327533891107e+00 4.195203269788789839e+02 1.308726881878101965e-06 -4.167731614341034785e+00 1.342498399378828526e+09
9.066182649413552985e-04 -1.901340393757999792e+00 3.909663422680907274e+02 8.842254935454663283e-07 -4.533881240080561703e+00 1.342498399142358541e+09
8.963998754099079553e-04 -1.906911254212360740e+00 4.119108849118590570e+02 7.063641754407588724e-07 -4.723454069885610451e+00 1.342498398843259096e+09
8.970718520712433596e-04 -1.907348700569341027e+00 3.990294762952806877e+02 4.147011693227020098e-07 -5.000420470598867517e+00 1.342498399062153578e+09
8.903309775502179059e-04 -1.910293153844010439e+00 4.239260015894464573e+02 6.451988085629915633e-07 -4.659629488387237117e+00 1.342498399516023636e+09
8.903309775502179059e-04 -1.910293153844010439e+00 4.239260015894464573e+02 6.451988085629915633e-07 -4.659629488387237117e+00 1.342498399516023636e+09
8.991974949424300480e-04 -1.907410508135911620e+00 3.946842880952722226e+02 1.091310873555294882e-06 -4.233000040707063150e+00 1.342498398858807802e+09
8.999326815372091443e-04 -1.901733299861265936e+00 4.077021407000450495e+02 8.224190752563611999e-07 -4.450368669200807759e+00 1.342498398914455175e+09
9.080336372997535902e-04 -1.898615533629798735e+00 3.927754613091804572e+02 8.867337141131891444e-07 -4.474004793323238971e+00 1.342498399389779806e+09
8.963766259132659306e-04 -1.908507462824614365e+00 4.074759477364096938e+02 9.955605652839367073e-07 -4.467397055074768808e+00 1.342498399008859396e+09
9.037332377521535651e-04 -1.904341724216356280e+00 3.883199754100747896e+02 3.944196587005108431e-07 -5.015785659930696028e+00 1.342498398863390923e+09
9.123913621684081373e-04 -1.896494331730951277e+00 3.844611640429373551e+02 4.496256525975312272e-07 -4.893585971070063323e+00 1.342498398837124348e+09
8.888242159751867091e-04 -1.914942949023638707e+00 4.249939298377177010e+02 6.761758661011704586e-07 -4.674634000471003858e+00 1.342498398940122128e+09
9.068597216320596491e-04 -1.900395741732911592e+00 3.897881701322316985e+02 1.057707189189954742e-06 -4.311555383534380503e+00 1.342498399635174990e+09
9.068597216320596491e-04 -1.900395741732911592e+00 3.897881701322316985e+02 1.057707189189954742e-06 -4.311555383534380503e+00 1.342498399635174990e+09
8.876681467685827330e-04 -1.912625965318082599e+00 4.276485285289214175e+02 5.049635343923792231e-07 -4.944462515422952009e+00 1.342498399092521906e+09
8.823578215743932158e-04 -1.917088259492416791e+00 4.308978845918013576e+02 5.666901306140794009e-07 -4.697715843076433195e+00 1.342498399132817984e+09
8.809425640480063368e-04 -1.918827739872466465e+00 4.322461634755044884e+02 6.232587297534883547e-07 -4.801903795662983754e+00 1.342498398975403070e+09
8.855046922658303373e-04 -1.915474639927863043e+00 4.218883706836462011e+02 2.570601707671995443e-07 -5.350659310730588203e+00 1.342498398927375078e+09
8.944915430358525840e-04 -1.907969402303964612e+00 4.132099066881946214e+02 4.415043834093314713e-07 -4.948302137973346504e+00 1.342498399593311071e+09
8.944915430358525840e-04 -1.907969402303964612e+00 4.132099066881946214e+02 4.415043834093314713e-07 -4.948302137973346504e+00 1.342498399593311071e+09
8.911955131958150620e-04 -1.911970388342643545e+00 4.149204620619858588e+02 5.129571436125858423e-07 -4.741991077740497218e+00 1.342498398866493225e+09
8.906736464863486413e-04 -1.911688488343982861e+00 4.151400966589599193e+02 4.139455084584398356e-07 -5.031955218610925762e+00 1.342498399575361967e+09
8.906736464863486413e-04 -1.911688488343982861e+00 4.151400966589599193e+02 4.139455084584398356e-07 -5.031955218610925762e+00 1.342498399575361967e+09
8.888121212251726957e-04 -1.913284106206896373e+00 4.138375870894428203e+02 1.237602186431400345e-06 -4.163947716671586363e+00 1.342498398965093136e+09
8.948252477401562148e-04 -1.908631583550374877e+00 4.154848645283816495e+02 1.437234531875957201e-06 -3.993186861728333703e+00 1.342498398857126951e+09
8.896762986946056681e-04 -1.909506793970956018e+00 4.263884515420060097e+02 5.251242403755252890e-07 -4.838114284440646173e+00 1.342498399128069639e+09
9.087076891091163669e-04 -1.900080011303172167e+00 3.838330258243481694e+02 4.646247211284198961e-07 -4.944448287138818010e+00 1.342498399240277767e+09
9.087076891091163669e-04 -1.900080011303172167e+00 3.838330258243481694e+02 4.646247211284198961e-07 -4.944448287138818010e+00 1.342498399240277767e+09
9.001792205227401259e-04 -1.906477001713871244e+00 3.980096184963398969e+02 1.356456790497216401e-06 -4.074422525702895648e+00 1.342498399246520996e+09
9.073629849760205500e-04 -1.899124795723640347e+00 3.901807352105765858e+02 1.183083598361105556e-06 -4.165547102618570641e+00 1.342498399340640783e+09
8.941629239433671224e-04 -1.911355025905666416e+00 4.048856789791021811e+02 3.736480262561873914e-07 -5.100689169787782973e+00 1.342498399074445009e+09
9.124114966141828442e-04 -1.896105327532633611e+00 3.865767946841976936e+02 1.344462255090866502e-06 -4.062673811330585139e+00 1.342498398830786467e+09
8.844390055261471331e-04 -1.913568510052200633e+00 4.300703055241456809e+02 6.175604529015257838e-07 -4.720032553043194135e+00 1.342498399190529585e+09
8.844390055261471331e-04 -1.913568510052200633e+00 4.300703055241456809e+02 6.175604529015257838e-07 -4.720032553043194135e+00 1.342498399190529585e+09
9.117536467230546223e-04 -1.898722269776422777e+00 3.782577971426311478e+02 9.975580574089676105e-07 -4.309420260513974199e+00 1.342498399006392956e+09
9.076291695092216210e-04 -1.898831517051922990e+00 3.939436361747499404e+02 1.379842318476222772e-06 -4.109383132754667045e+00 1.342498399251555920e+09
9.076291695092216210e-04 -1.898831517051922990e+00 3.939436361747499404e+02 1.379842318476222772e-06 -4.109383132754667045e+00 1.342498399251555920e+09
9.101848312850334020e-04 -1.899153206176017683e+00 3.885202336776746961e+02 1.042506282814316824e-06 -4.325849836934685833e+00 1.342498399104938030e+09
8.887898789533280530e-04 -1.911969391016600017e+00 4.166008094998296087e+02 4.212296243758642859e-07 -5.065231471388797146e+00 1.342498398812350273e+09
9.004643850222262495e-04 -1.903594690941485146e+00 3.971076292110144550e+02 3.287841907664082375e-07 -5.129431289060081056e+00 1.342498398934674501e+09
8.894249092562516584e-04 -1.912404029964743568e+00 4.256071649199219564e+02 8.096240882889259815e-07 -4.483434769104730933e+00 1.342498399401980877e+09
9.042692803360053572e-04 -1.903248135462206836e+00 3.975063662852140283e+02 5.839343448854932161e-07 -4.803466137079069220e+00 1.342498399134928465e+09
9.002966623329500696e-04 -1.905227525519202825e+00 4.037620969290342714e+02 2.009663499412312184e-06 -3.811867659618744852e+00 1.342498399037696123e+09
9.018709740804063246e-04 -1.904544859158809444e+00 3.962318920316753861e+02 7.594386554774241065e-07 -4.544232871168757626e+00 1.342498399727805853e+09
9.018709740804063246e-04 -1.904544859158809444e+00 3.962318920316753861e+02 7.594386554774241065e-07 -4.544232871168757626e+00 1.342498399727805853e+09
9.013737439797440401e-04 -1.905223119477374993e+00 4.023987061015682229e+02 6.457219244954342616e-07 -4.631276689574034933e+00 1.342498399048412085e+09
8.824771573754119653e-04 -1.916252727279472712e+00 4.307779495338939455e+02 1.392013136078257562e-06 -4.113806216977702768e+00 1.342498398907109022e+09
8.968624052257188721e-04 -1.904441640655287538e+00 4.064845757510881867e+02 7.378024213556035390e-07 -4.581994790632411885e+00 1.342498399012134552e+09
8.965555201292040814e-04 -1.909557498401120768e+00 4.100485924097440034e+02 1.581882338052661665e-06 -4.049478287159034018e+00 1.342498398803368330e+09
9.086702114468401658e-04 -1.901223619000067533e+00 3.867151212053651079e+02 1.132396021407910124e-06 -4.282768295425572802e+00 1.342498399181874275e+09
9.042180615530980492e-04 -1.902927927390255070e+00 3.926144253647927940e+02 1.526229273601056788e-06 -4.087154137740914628e+00 1.342498399145172358e+09
8.889539072404480753e-04 -1.911789899798800541e+00 4.171472208519982132e+02 3.141022155733821998e-07 -5.174197402098350551e+00 1.342498399053084850e+09
8.955460920440464238e-04 -1.907295384782951242e+00 4.169843664199890441e+02 5.993191973631114783e-07 -4.751591448229941506e+00 1.342498399195357561e+09
9.094773857798951235e-04 -1.898145569646098707e+00 3.910249994417710582e+02 5.378915598196377296e-07 -4.796662398033387120e+00 1.342498399079392195e+09
8.930252058565120487e-04 -1.908855673559529453e+00 4.109825720461420815e+02 3.083326052642064991e-07 -5.181079292189874508e+00 1.342498399109456062e+09
8.855160579048288643e-04 -1.913021508727558384e+00 4.296564230032860223e+02 7.417719179026353893e-07 -4.466741571215159468e+00 1.342498398770179510e+09
8.888974130822295929e-04 -1.914767120528275690e+00 4.202112098280844066e+02 9.503701795236808396e-07 -4.465481578348118319e+00 1.342498399318046570e+09
8.888974130822295929e-04 -1.914767120528275690e+00 4.202112098280844066e+02 9.503701795236808396e-07 -4.465481578348118319e+00 1.342498399318046570e+09
9.161388436680768495e-04 -1.895366329492402357e+00 3.770558634018075281e+02 9.561425789270482508e-07 -4.349711295777000331e+00 1.342498398901055098e+09
8.798462949850428946e-04 -1.917843008173370389e+00 4.349715005700422239e+02 1.034082434532719132e-06 -4.283046791785388052e+00 1.342498398827729225e+09
8.919407275564157503e-04 -1.911261463810307371e+00 4.183108970702066358e+02 6.962714808152002802e-07 -4.644239379214375241e+00 1.342498399678878546e+09
8.919407275564157503e-04 -1.911261463810307371e+00 4.183108970702066358e+02 6.962714808152002802e-07 -4.644239379214375241e+00 1.342498399678878546e+09
8.836589215581637123e-04 -1.915548465647159970e+00 4.274815124637943313e+02 1.369993966852842893e-06 -4.078978944270759577e+00 1.342498398894143820e+09
8.923913172140558866e-04 -1.907999492597294955e+00 4.171302430577834457e+02 4.034266740485131886e-07 -4.944919578588494069e+00 1.342498398924671412e+09
8.935032951447436332e-04 -1.909505379827654448e+00 4.161198887024170858e+02 8.992780539793369736e-07 -4.478894299013108871e+00 1.342498399653463125e+09
8.935032951447436332e-04 -1.909505379827654448e+00 4.161198887024170858e+02 8.992780539793369736e-07 -4.478894299013108871e+00 1.342498399653463125e+09
9.006027899520355554e-04 -1.903815248636316015e+00 4.078865163179821707e+02 1.328694404970727401e-06 -4.130397229454742636e+00 1.342498399134136200e+09
8.984109723004541108e-04 -1.908442923286826964e+00 4.019552123280787441e+02 7.644644223722309094e-07 -4.476474835560096288e+00 1.342498398869357824e+09
9.025381987695526133e-04 -1.901422535683445547e+00 3.976507511712810015e+02 4.782574895480580500e-07 -4.976361940675447570e+00 1.342498398787835360e+09
9.105827853209947070e-04 -1.898519954221819184e+00 3.814199116070990385e+02 3.909878379791475591e-07 -5.071367248386679627e+00 1.342498399044006586e+09
9.227281450250554877e-04 -1.889601754170920689e+00 3.677806603259936082e+02 8.245911782038260767e-07 -4.498413001569369740e+00 1.342498398883306265e+09
8.977321239970943202e-04 -1.906551728504576104e+00 4.082429602935707749e+02 7.599513047499224109e-07 -4.548494111375198656e+00 1.342498399741839409e+09
8.977321239970943202e-04 -1.906551728504576104e+00 4.082429602935707749e+02 7.599513047499224109e-07 -4.548494111375198656e+00 1.342498399741839409e+09
8.935566898435804740e-04 -1.909039381138418090e+00 4.105186631210205519e+02 2.341507548875020617e-07 -5.360696484263792527e+00 1.342498398805993795e+09
8.881101591932282673e-04 -1.915365992001216711e+00 4.151351612318119351e+02 3.041255724091545425e-07 -5.281371167156311053e+00 1.342498398777025938e+09
9.077860076699806975e-04 -1.901809826689326854e+00 3.829974737023931084e+02 4.960894148598818373e-07 -4.858191858124609297e+00 1.342498398976627111e+09
8.919880939883167211e-04 -1.912642199807744081e+00 4.101483320409125213e+02 1.056563498113020151e-06 -4.375882659087720228e+00 1.342498399286088228e+09
8.919880939883167211e-04 -1.912642199807744081e+00 4.101483320409125213e+02 1.056563498113020151e-06 -4.375882659087720228e+00 1.342498399286088228e+09
9.083158679752499761e-04 -1.899358506042977623e+00 3.837344549606705755e+02 5.521992968752423956e-07 -4.842904316249919461e+00 1.342498399099825382e+09
9.061198858394185719e-04 -1.899740522439349766e+00 3.982711703901582041e+02 7.000473954616206200e-07 -4.554696032429597530e+00 1.342498398890433073e+09
8.962409209713396345e-04 -1.908896906173935371e+00 3.985007259504499189e+02 6.115402583723282791e-07 -4.706659766135603107e+00 1.342498399006518602e+09
8.919847285513612381e-04 -1.909391768768307518e+00 4.234431932226171398e+02 5.330837177503411088e-07 -4.800901217874797844e+00 1.342498399138823271e+09
9.040870272905782504e-04 -1.902795017588061910e+00 3.938157688574246436e+02 8.305452946839918215e-07 -4.527510250221334687e+00 1.342498399690054655e+09
9.021683015515036697e-04 -1.903529497768867706e+00 4.027730269334239779e+02 5.239671160273089973e-07 -4.880554298754706366e+00 1.342498399191786051e+09
9.041290801418203071e-04 -1.903863747097610304e+00 3.910738776883874834e+02 2.846468900189892006e-07 -5.291156298161527438e+00 1.342498398806991577e+09
8.984747277396001527e-04 -1.905457139755614815e+00 4.029783949069203004e+02 1.283762889814554792e-06 -4.067042263066484864e+00 1.342498399092446804e+09
8.872360995338555642e-04 -1.914917611602121594e+00 4.202305585111319601e+02 9.584740884501709447e-07 -4.328663072479976393e+00 1.342498399367758512e+09
8.874283179145469030e-04 -1.914220441871172351e+00 4.215287479705091300e+02 4.470481832861859062e-07 -4.992174881908621131e+00 1.342498399567982674e+09
8.867425479938811092e-04 -1.914246138171119771e+00 4.265533586238683483e+02 3.934595903938812516e-07 -4.963916970573228227e+00 1.342498399002794027e+09
8.863427766252942718e-04 -1.915085218791568789e+00 4.244003600937575129e+02 5.519267707912272162e-07 -4.785744082922150255e+00 1.342498399710321426e+09
8.863427766252942718e-04 -1.915085218791568789e+00 4.244003600937575129e+02 5.519267707912272162e-07 -4.785744082922150255e+00 1.342498399710321426e+09
8.881430826575601421e-04 -1.915119080610428792e+00 4.187994329722655493e+02 4.446509917224251854e-07 -4.957708168454503905e+00 1.342498399413629532e+09
8.842490303181997028e-04 -1.913671676228898555e+00 4.308558798332763331e+02 4.198939454323582271e-07 -5.012209592740440200e+00 1.342498399050962448e+09
8.834923972233972318e-04 -1.913992043913455898e+00 4.337263279646266483e+02 5.058144626020797413e-07 -4.796740471082511448e+00 1.342498398920809269e+09
8.875008814991277575e-04 -1.915969697544180672e+00 4.265342503697782490e+02 5.320848941553934904e-07 -4.873585160412057249e+00 1.342498398859746456e+09
8.824457603304018682e-04 -1.915184765066853423e+00 4.339583116398376887e+02 4.385255179731757808e-07 -4.938539701809446569e+00 1.342498399113463879e+09
8.813891392577463939e-04 -1.917535965680169152e+00 4.323271785457089322e+02 4.582080782946558568e-07 -4.940902450884379959e+00 1.342498399393504381e+09
8.825607396846573902e-04 -1.916728269915896732e+00 4.326003847618554801e+02 4.859709172749696003e-07 -4.961358906129475166e+00 1.342498399253623486e+09
8.825607396846573902e-04 -1.916728269915896732e+00 4.326003847618554801e+02 4.859709172749696003e-07 -4.961358906129475166e+00 1.342498399253623486e+09
8.843122965728538940e-04 -1.915913037829709786e+00 4.312740895527562657e+02 3.883772312600170936e-07 -5.099526105199831960e+00 1.342498399365034342e+09
8.828122645258292640e-04 -1.918548453757160877e+00 4.269016193602558360e+02 4.604635876409889771e-07 -4.863593679928771785e+00 1.342498398930221319e+09
8.828009450795848943e-04 -1.918330140968075970e+00 4.224983561156229257e+02 4.609084006289125223e-07 -4.936846184771916946e+00 1.342498398864553452e+09
8.841403787267485860e-04 -1.915693481403081044e+00 4.231820283237539115e+02 5.427498065743355046e-07 -4.800149387775506149e+00 1.342498399107302189e+09
8.840778633865842718e-04 -1.914991238761857506e+00 4.307557291025505037e+02 5.632521829497186904e-07 -4.860600394993914719e+00 1.342498399126719236e+09
8.840778633865842718e-04 -1.914991238761857506e+00 4.307557291025505037e+02 5.632521829497186904e-07 -4.860600394993914719e+00 1.342498399126719236e+09
8.843959619909992891e-04 -1.916110153246481485e+00 4.289323016454038111e+02 3.458635621576657651e-07 -5.057848396014117398e+00 1.342498398901045561e+09
8.875386901615725304e-04 -1.914141017504594977e+00 4.238932040238068453e+02 4.501400845153321648e-07 -4.980119820745094295e+00 1.342498399598088264e+09
8.875386901615725304e-04 -1.914141017504594977e+00 4.238932040238068453e+02 4.501400845153321648e-07 -4.980119820745094295e+00 1.342498399598088264e+09
8.853366181712273367e-04 -1.917232135275497296e+00 4.257965911088882081e+02 4.036084096272530418e-07 -4.983201625565452986e+00 1.342498398955683470e+09
8.825596615597893629e-04 -1.915630088251601082e+00 4.370627516260329344e+02 5.105876478121833739e-07 -4.851889926569000977e+00 1.342498399405936003e+09
8.847945484133241381e-04 -1.913986224699149252e+00 4.341218162586505400e+02 4.306736575109561700e-07 -4.974520749653930096e+00 1.342498399282029867e+09
8.869631581344461285e-04 -1.915231582591601089e+00 4.208621970288386365e+02 4.652974674304870658e-07 -4.937305945079942582e+00 1.342498399575505018e+09
8.844160907214135194e-04 -1.915630640423832576e+00 4.339126884957811967e+02 4.596805317456379333e-07 -4.913584577143119247e+00 1.342498399360151052e+09
8.844160907214135194e-04 -1.915630640423832576e+00 4.339126884957811967e+02 4.596805317456379333e-07 -4.913584577143119247e+00 1.342498399360151052e+09
8.859568010260663587e-04 -1.916711438180036309e+00 4.218708042849685285e+02 5.582133506870161907e-07 -4.743291248621388512e+00 1.342498399232208014e+09
8.856936475913291997e-04 -1.913931720311286888e+00 4.212698938767202321e+02 5.045167390547436832e-07 -4.843268689587420184e+00 1.342498399024749517e+09
8.873620462441830087e-04 -1.914016849569846190e+00 4.232786435748107579e+02 4.442422811796947331e-07 -4.954285065805207111e+00 1.342498399651463509e+09
8.757641519818437897e-04 -1.920520250288309860e+00 4.504982603046361760e+02 3.578972142931108286e-07 -5.154756326522829113e+00 1.342498398851373911e+09
8.805097126212196521e-04 -1.918132797247414034e+00 4.361741097680193207e+02 3.512591613949642211e-07 -5.073457423312558667e+00 1.342498399070603609e+09
8.794401034539007156e-04 -1.918197422029735311e+00 4.383007936519016994e+02 4.333009889220435177e-07 -5.018547536763690253e+00 1.342498399107987404e+09
8.789634888281120696e-04 -1.919101353739579796e+00 4.350127333244956276e+02 3.806480634642308313e-07 -5.059233614399601286e+00 1.342498398959673405e+09
8.750549032067215464e-04 -1.923638008990464776e+00 4.492528447884380967e+02 3.379685052624395315e-07 -5.152903195352447341e+00 1.342498398855212450e+09
8.760670212784753058e-04 -1.922325595771062101e+00 4.501818533509327267e+02 3.756634956341412638e-07 -5.062997323742948197e+00 1.342498398859645367e+09
8.726927153041770004e-04 -1.925510836294036743e+00 4.534204393075604003e+02 3.476381853856628775e-07 -5.159430532716500650e+00 1.342498398807914257e+09
8.783905712764933935e-04 -1.921613284359801499e+00 4.379113372423316264e+02 3.051255769480521869e-07 -5.203518856486750721e+00 1.342498398841347694e+09
8.757479115504249482e-04 -1.921020676805155869e+00 4.449858787795766943e+02 3.462937277069804230e-07 -5.142258735501970435e+00 1.342498398955447435e+09
8.743964205336591600e-04 -1.921340793569377592e+00 4.520584676795537575e+02 3.218073577123245221e-07 -5.172972797547126689e+00 1.342498398768276691e+09
8.842462366391754761e-04 -1.916892032236874321e+00 4.277550130542171587e+02 4.262580032842483905e-07 -4.998352433499599456e+00 1.342498399527848959e+09
8.799432639628072339e-04 -1.920237566390208706e+00 4.405191154251366470e+02 3.329786028697365195e-07 -5.179308677066497779e+00 1.342498398909815311e+09
8.896381785677214774e-04 -1.912726713168283688e+00 4.156380674008444771e+02 4.671162540598744630e-07 -4.846211135391237157e+00 1.342498399211685658e+09
8.864480331528515247e-04 -1.914659941059343451e+00 4.285000363784694741e+02 5.274597396478131199e-07 -4.735976264300311378e+00 1.342498398892577887e+09
8.792078987871592951e-04 -1.921667543113104504e+00 4.360115515428687445e+02 3.337417847548368874e-07 -5.184751219860771698e+00 1.342498398917351723e+09
8.921993136906487473e-04 -1.911804945611556672e+00 4.074332654909778171e+02 4.869712390638726570e-07 -4.892554636128041423e+00 1.342498399307984591e+09
8.840951552096745379e-04 -1.915664485453836718e+00 4.252434080994290753e+02 4.265400568413692064e-07 -5.045669404842300310e+00 1.342498399000865459e+09
8.834842637981456812e-04 -1.915830674469153116e+00 4.319430175985460210e+02 5.304271944804407980e-07 -4.791511672343911954e+00 1.342498399528259754e+09
8.834842637981456812e-04 -1.915830674469153116e+00 4.319430175985460210e+02 5.304271944804407980e-07 -4.791511672343911954e+00 1.342498399528259754e+09
8.832391614852774797e-04 -1.913996732590143246e+00 4.310526021887590673e+02 6.412182298063267161e-07 -4.677424497331045039e+00 1.342498398821066380e+09
8.843772444602389371e-04 -1.916862854179262499e+00 4.336459872661406507e+02 6.463097261030851608e-07 -4.738498529925200486e+00 1.342498399277167082e+09
8.862597028333139273e-04 -1.917063153567461153e+00 4.286952054682669768e+02 6.333748883858571864e-07 -4.724422135867249573e+00 1.342498398883281946e+09
8.897423150977212510e-04 -1.912240789006578012e+00 4.139547173934229818e+02 7.231000591775869280e-07 -4.617874047334846743e+00 1.342498399490627050e+09
8.899009102352650920e-04 -1.911475777415578170e+00 4.149802407856892046e+02 7.273108318604784465e-07 -4.525481438861406858e+00 1.342498399269105673e+09
8.901043628087172742e-04 -1.912140221859000233e+00 4.120198947130197098e+02 7.220012108593318410e-07 -4.583789907643113892e+00 1.342498399356955767e+09
8.901043628087172742e-04 -1.912140221859000233e+00 4.120198947130197098e+02 7.220012108593318410e-07 -4.583789907643113892e+00 1.342498399356955767e+09
8.888798067356110111e-04 -1.909594001549248521e+00 4.247941357237219222e+02 6.846970897460702316e-07 -4.636975785307260622e+00 1.342498399023614883e+09
8.900394799375366739e-04 -1.909023759439925971e+00 4.261919588960926717e+02 6.997828307544018797e-07 -4.580342854596102242e+00 1.342498399043820381e+09
8.881228490576864414e-04 -1.910633213284067988e+00 4.298831117493559759e+02 7.253042002038268901e-07 -4.643394497262912424e+00 1.342498398957393885e+09
8.821525878225473447e-04 -1.919153830675210948e+00 4.308738563219997104e+02 8.414583715126324782e-07 -4.424710130340103298e+00 1.342498399143378735e+09
8.826640854871747573e-04 -1.919210310963339605e+00 4.254207208030802576e+02 8.065694643272104323e-07 -4.566494898061780106e+00 1.342498399175979614e+09
8.869496954167764048e-04 -1.911561815775690176e+00 4.290837163784667609e+02 7.184486067439653465e-07 -4.594512677332614814e+00 1.342498399287707806e+09
8.869496954167764048e-04 -1.911561815775690176e+00 4.290837163784667609e+02 7.184486067439653465e-07 -4.594512677332614814e+00 1.342498399287707806e+09
8.882988474326008023e-04 -1.914382586480393611e+00 4.259123655201116208e+02 6.951842642511057938e-07 -4.726942188987034221e+00 1.342498398896451712e+09
8.751135196353579176e-04 -1.923465766828462709e+00 4.440195781945794806e+02 4.532643821668545164e-07 -4.946235081314849680e+00 1.342498399194264889e+09
8.871275054606642422e-04 -1.916020483337802949e+00 4.207374981360949278e+02 9.596041866300599861e-07 -4.296794000257014190e+00 1.342498398830521345e+09
8.870837784620035082e-04 -1.915603284895432079e+00 4.286774744214916382e+02 9.774906139735617762e-07 -4.442243466748619696e+00 1.342498399013648272e+09
8.817148076325527625e-04 -1.916813249178489498e+00 4.377315479949932637e+02 1.680835288787255465e-06 -3.922108675061116934e+00 1.342498398892444134e+09
8.818383289403449289e-04 -1.920191038114734683e+00 4.250503388078349758e+02 5.515462596260885529e-07 -4.785300140206286912e+00 1.342498398901248932e+09
8.824588552917998676e-04 -1.915496709626934191e+00 4.341167607800652490e+02 1.097680972932172356e-06 -4.323662574873504916e+00 1.342498399010221481e+09
8.839024331256558871e-04 -1.916043730361914221e+00 4.344570605396446581e+02 1.866220525984497967e-06 -3.874466951903061229e+00 1.342498398912612677e+09
8.874515673517081871e-04 -1.912579862161270849e+00 4.313569774295919501e+02 7.552438680177750730e-07 -4.552879161024657506e+00 1.342498399340825081e+09
8.900930393751728311e-04 -1.911255493592317389e+00 4.140365459608098035e+02 8.471471807843735261e-07 -4.456048624247994638e+00 1.342498399355287790e+09
8.900930393751728311e-04 -1.911255493592317389e+00 4.140365459608098035e+02 8.471471807843735261e-07 -4.456048624247994638e+00 1.342498399355287790e+09
8.895190132666326577e-04 -1.911766207720083655e+00 4.212298025366042680e+02 9.450670614261402750e-07 -4.301320700845136180e+00 1.342498399222061157e+09
8.801024387164185650e-04 -1.918346643847878674e+00 4.379836624035474983e+02 8.440299146779306284e-07 -4.533480216604352186e+00 1.342498399373962879e+09
8.904183906535150959e-04 -1.908651508400638797e+00 4.204555132723017437e+02 8.143553417815040249e-07 -4.490912638281809421e+00 1.342498399038568735e+09
8.823337457090996237e-04 -1.918228136687764263e+00 4.348865260162424420e+02 1.029632637266820645e-06 -4.298126663801068226e+00 1.342498399369291782e+09
8.822279732166556695e-04 -1.917822519810915338e+00 4.332405499157339932e+02 9.613091072298994723e-07 -4.455990816789256570e+00 1.342498399351079464e+09
8.822279732166556695e-04 -1.917822519810915338e+00 4.332405499157339932e+02 9.613091072298994723e-07 -4.455990816789256570e+00 1.342498399351079464e+09
8.831927787921263658e-04 -1.914955975570074242e+00 4.325349190294109007e+02 1.010834874546818006e-06 -4.276812634615026809e+00 1.342498399024191141e+09
8.802967214679792473e-04 -1.920105799289232085e+00 4.366141259526340832e+02 8.723283861611680807e-07 -4.478488006530754184e+00 1.342498399519475222e+09
8.911638691474364684e-04 -1.910972289977694416e+00 4.229839331724346607e+02 9.433225241993070672e-07 -4.502532385872378917e+00 1.342498398806993961e+09
8.801619939657854023e-04 -1.919189182634212232e+00 4.350146130608896442e+02 7.214348493458296650e-07 -4.614407095055396368e+00 1.342498399568933249e+09
8.801619939657854023e-04 -1.919189182634212232e+00 4.350146130608896442e+02 7.214348493458296650e-07 -4.614407095055396368e+00 1.342498399568933249e+09
8.844025748299755643e-04 -1.916996114091566339e+00 4.289920896366222109e+02 7.265553251676277121e-07 -4.678477950142609032e+00 1.342498399339304686e+09
8.844025748299755643e-04 -1.916996114091566339e+00 4.289920896366222109e+02 7.265553251676277121e-07 -4.678477950142609032e+00 1.342498399339304686e+09
8.795231382476165899e-04 -1.919254374258162255e+00 4.335293823547917782e+02 8.394677400328567718e-07 -4.500585954936731525e+00 1.342498399180541277e+09
8.849669886424311018e-04 -1.914242477883182136e+00 4.342724521288502046e+02 1.028447527160973639e-06 -4.328092096970502567e+00 1.342498399413433313e+09
8.849669886424311018e-04 -1.914242477883182136e+00 4.342724521288502046e+02 1.028447527160973639e-06 -4.328092096970502567e+00 1.342498399413433313e+09
8.838215975662465059e-04 -1.915658114889603691e+00 4.245499647912840828e+02 1.098146238003302722e-06 -4.244414282923399284e+00 1.342498398825100183e+09
8.876578593707587202e-04 -1.910589588467909827e+00 4.298993294072097910e+02 7.722283207711672973e-07 -4.472551533682946001e+00 1.342498398811256409e+09
8.825232818741840079e-04 -1.917896863435307075e+00 4.363489413919010076e+02 6.796184938324378082e-07 -4.603791865132062178e+00 1.342498399296073914e+09
8.867042823419859316e-04 -1.914978674156111893e+00 4.223675177531108034e+02 1.022500153665623878e-06 -4.283601550575413697e+00 1.342498399428895950e+09
8.834435651075654835e-04 -1.917042477305535009e+00 4.360437156413354955e+02 7.524480428051524445e-07 -4.575464280094284852e+00 1.342498399447453022e+09
8.858130890237708287e-04 -1.917082353182927967e+00 4.232688093754645138e+02 8.156951031431771580e-07 -4.589359478764730937e+00 1.342498399222443819e+09
8.773165454247829759e-04 -1.920471043734041761e+00 4.384594814719400802e+02 8.347143997676173193e-07 -4.468123200478711254e+00 1.342498399021934748e+09
8.806269212893396521e-04 -1.920673479851948251e+00 4.342790253039245272e+02 8.123408835486613635e-07 -4.587587954122915868e+00 1.342498399160526752e+09
8.805254505864937385e-04 -1.919484547386191897e+00 4.377239860440645316e+02 1.130748738137912434e-06 -4.296782366750774074e+00 1.342498399401702881e+09
8.882431075998113712e-04 -1.914540724868930344e+00 4.162076287081449095e+02 1.054992207585704501e-06 -4.232881637817428988e+00 1.342498398953697920e+09
8.824448512388457112e-04 -1.916560672290946510e+00 4.416792355513256894e+02 9.115825936404731073e-07 -4.401322568553590386e+00 1.342498399086498976e+09
8.879885504742041254e-04 -1.915897830769634158e+00 4.162299732944592279e+02 7.229256188701265214e-07 -4.581545043549228424e+00 1.342498399275413513e+09
8.837651077965270278e-04 -1.915839925367285534e+00 4.322010197580172530e+02 6.929699570231792090e-07 -4.741368905202852702e+00 1.342498398818506479e+09
8.787858875231194331e-04 -1.917974522551416428e+00 4.436382630423674414e+02 7.104789880385156750e-07 -4.544541690779931642e+00 1.342498398998980999e+09
8.877928393213563264e-04 -1.912912792501212378e+00 4.208194631666954137e+02 7.027454611915095058e-07 -4.679996151731215193e+00 1.342498399396226406e+09
8.877928393213563264e-04 -1.912912792501212378e+00 4.208194631666954137e+02 7.027454611915095058e-07 -4.679996151731215193e+00 1.342498399396226406e+09
8.780161477468421223e-04 -1.919501340588388061e+00 4.405098427247830841e+02 1.332922859242986431e-06 -4.164114527766330731e+00 1.342498398818134785e+09
8.767028091935774158e-04 -1.923364272191933733e+00 4.421229769322234802e+02 1.303871196909979816e-06 -4.192361451637435010e+00 1.342498398919499874e+09
8.745752302806126611e-04 -1.924624450035813616e+00 4.462260456906329296e+02 1.145193612022454393e-06 -4.239358394863126378e+00 1.342498398943492413e+09
8.833699924226253667e-04 -1.917715343512886639e+00 4.259521731405894229e+02 1.314937352506343667e-06 -4.137737793476215842e+00 1.342498399141278267e+09
8.820459752759268876e-04 -1.917943687725765844e+00 4.309366778428423572e+02 1.216861455001161272e-06 -4.138868245858411399e+00 1.342498399049787045e+09
8.817680688026620318e-04 -1.917721257406528768e+00 4.325210461419439980e+02 1.101446209499382639e-06 -4.243935412588076161e+00 1.342498399340327501e+09
8.835028945117636909e-04 -1.916144615557465514e+00 4.260553442194258764e+02 1.217222687927106568e-06 -4.230713067862641452e+00 1.342498398939259529e+09
8.840413316803191843e-04 -1.914130491838340609e+00 4.320195509264553380e+02 1.418925423121767426e-06 -4.055267219156140968e+00 1.342498398899962187e+09
8.852675459540881647e-04 -1.914477497653033655e+00 4.242599079203608881e+02 1.255484425213293723e-06 -4.204132312720839870e+00 1.342498399029647827e+09
8.805396228329120424e-04 -1.917638428659144578e+00 4.408490030717678678e+02 1.264181453944818307e-06 -4.177765544094812711e+00 1.342498399240139723e+09
8.826120705301950323e-04 -1.915478021140990528e+00 4.401927546677983401e+02 1.174547205342951747e-06 -4.208710681949940025e+00 1.342498399083933830e+09
8.838600266211581701e-04 -1.917566987107653720e+00 4.328994596352742974e+02 1.414822848431393530e-06 -4.041063305430093955e+00 1.342498398916792870e+09
8.795277617609077812e-04 -1.920921618275160947e+00 4.404393469610188276e+02 1.426186445933655046e-06 -4.055088097698375194e+00 1.342498398855739355e+09
8.800517058743098165e-04 -1.918118319829406948e+00 4.420754995199962423e+02 1.633685681996254069e-06 -4.018154529998836821e+00 1.342498398804228067e+09
8.749726755202455464e-04 -1.924775494731591596e+00 4.425198146318423369e+02 1.062889157792646414e-06 -4.345346360148264253e+00 1.342498398889315844e+09
8.760335113093948006e-04 -1.923893252660044739e+00 4.403359332977875624e+02 1.103184431992365843e-06 -4.253410631095936978e+00 1.342498398823677301e+09
8.748300990430640583e-04 -1.924406299256960828e+00 4.499045430020607341e+02 1.252102541356945456e-06 -4.175911653393429290e+00 1.342498398816967487e+09
8.788952078305317358e-04 -1.919370184143040170e+00 4.427728225007029437e+02 5.751187307942631947e-07 -4.717035326206190149e+00 1.342498399278605223e+09
8.777611251334826916e-04 -1.919576195692659804e+00 4.479815253709637659e+02 6.309947789359160140e-07 -4.669661982701768466e+00 1.342498399231530190e+09
8.790913926782774031e-04 -1.920505119374612990e+00 4.386511519992945409e+02 6.631407868999429529e-07 -4.657136436660851864e+00 1.342498399537050724e+09
8.790913926782774031e-04 -1.920505119374612990e+00 4.386511519992945409e+02 6.631407868999429529e-07 -4.657136436660851864e+00 1.342498399537050724e+09
8.782033308821537423e-04 -1.921017979971726186e+00 4.398208327230971690e+02 6.851066545713471327e-07 -4.687775988844355091e+00 1.342498399439235926e+09
8.768524895846116886e-04 -1.921594727136425540e+00 4.472664868166128826e+02 6.542883313893658506e-07 -4.634777021972931621e+00 1.342498399219536066e+09
8.776565667748776689e-04 -1.921513100309588440e+00 4.430611539684422269e+02 1.315509431704254062e-06 -4.224686565314429210e+00 1.342498398853390455e+09
8.709917550490368530e-04 -1.925381707654405972e+00 4.607466928171206177e+02 4.898998961243314195e-07 -4.893508259026237539e+00 1.342498399003611803e+09
8.667261771137237071e-04 -1.928515612414621216e+00 4.671469750092848017e+02 4.950304030759628535e-07 -4.900657433411293340e+00 1.342498398826552629e+09
8.661279333354855682e-04 -1.929191287242349784e+00 4.674805623518151947e+02 8.206372086892651250e-07 -4.517790177315555766e+00 1.342498398789577246e+09
8.721500405505327970e-04 -1.926671615069601939e+00 4.541348111276753343e+02 9.153259503690705232e-07 -4.413911536700000582e+00 1.342498398813532352e+09
8.724789821347668419e-04 -1.924947314886216176e+00 4.529436406754484210e+02 1.006580767736196814e-06 -4.301539311912645047e+00 1.342498398891574621e+09
8.718422931147881434e-04 -1.923428578215897300e+00 4.586327746080359020e+02 8.967243648567362392e-07 -4.464415707456623750e+00 1.342498398905273199e+09
8.694293871957320874e-04 -1.926736252990689513e+00 4.554558664373745955e+02 7.557088149252849424e-07 -4.592322034882660553e+00 1.342498398796314001e+09
8.734231493789615820e-04 -1.922453038494965405e+00 4.555565165678401058e+02 7.709168369045213723e-07 -4.619546332320282112e+00 1.342498398824856520e+09
8.762495381560283722e-04 -1.920418934801347177e+00 4.497221453697242737e+02 9.023046781488360258e-07 -4.385226834500697279e+00 1.342498399073369741e+09
8.778308629910462624e-04 -1.919507789809016263e+00 4.490177608348979561e+02 8.541598392459350816e-07 -4.496180767661671851e+00 1.342498399218080282e+09
8.770171110948161899e-04 -1.920943333243053441e+00 4.422631583083361875e+02 8.246624055826814980e-07 -4.490959044181702886e+00 1.342498399378321409e+09
8.741458238842106376e-04 -1.924440580766287212e+00 4.510798238920561971e+02 7.543505831074846948e-07 -4.570967873892828770e+00 1.342498399203404188e+09
8.806537759988758473e-04 -1.920172296253316535e+00 4.322487139578054212e+02 5.502227773252643324e-07 -4.716356321359444159e+00 1.342498398778444529e+09
8.800736372941770540e-04 -1.919907182180673022e+00 4.390362099402146896e+02 5.016669839407566989e-07 -4.843583690232630801e+00 1.342498399300013065e+09
8.769359402921863634e-04 -1.920768311560190789e+00 4.523165899254715896e+02 5.257094202887682233e-07 -4.893201751457621818e+00 1.342498398809062243e+09
8.762020183248436745e-04 -1.922646434068234100e+00 4.413793089618400813e+02 4.538722294253626477e-07 -4.911747420264660491e+00 1.342498399110411882e+09
8.789848797489269996e-04 -1.918179507477771661e+00 4.423032703421932865e+02 5.167034094213301155e-07 -4.812319071520350988e+00 1.342498399237483263e+09
8.753828355849821354e-04 -1.922130683660789874e+00 4.420091761423878438e+02 5.156897880436735541e-07 -4.804581653438738442e+00 1.342498398896489382e+09
8.771105794284108064e-04 -1.920078988159145128e+00 4.449448480882484773e+02 4.776037393981249662e-07 -4.874094893628871716e+00 1.342498399243179560e+09
8.819264996126541982e-04 -1.918398816748788871e+00 4.289347556961040482e+02 5.584296010492030191e-07 -4.771785223594203984e+00 1.342498399416030645e+09
8.741504457069866965e-04 -1.924181968217972383e+00 4.464870410109339218e+02 4.667809466117574680e-07 -4.948502774247916847e+00 1.342498399175794601e+09
8.791713825415499667e-04 -1.918110075936819481e+00 4.388775178881417105e+02 5.682180243154985646e-07 -4.730998925839848823e+00 1.342498399130623817e+09
8.822462051664120130e-04 -1.918991555246924774e+00 4.283704507959683383e+02 6.206012439182795298e-07 -4.812123977055187574e+00 1.342498398896560669e+09
8.816732153250494844e-04 -1.918105676108620594e+00 4.309316593082510281e+02 5.613069420989206497e-07 -4.725699223596823373e+00 1.342498399251506090e+09
8.795901679001770241e-04 -1.920338844745137719e+00 4.349870141481136443e+02 5.939741911229598821e-07 -4.785652693173540584e+00 1.342498399437173367e+09
8.795901679001770241e-04 -1.920338844745137719e+00 4.349870141481136443e+02 5.939741911229598821e-07 -4.785652693173540584e+00 1.342498399437173367e+09
8.803018506366470583e-04 -1.920633462747423525e+00 4.405006588937743572e+02 1.138247302527173003e-06 -4.286206117226339707e+00 1.342498399010324240e+09
8.794854313954578217e-04 -1.919250389455683159e+00 4.333832136139766362e+02 5.363225556003563377e-07 -4.875727406203048453e+00 1.342498398987397671e+09
8.856726974764507270e-04 -1.916658221706722731e+00 4.205986863572956622e+02 1.356759113926397280e-06 -4.068544751887524846e+00 1.342498398858749866e+09
8.786346909604557257e-04 -1.919649903835653593e+00 4.419644197411604409e+02 9.283889939726591205e-07 -4.339676819081929260e+00 1.342498399118349075e+09
8.892654947284306171e-04 -1.912775925225287832e+00 4.236611439268940558e+02 9.983496610333115598e-07 -4.293685476024786674e+00 1.342498399332798243e+09
8.790085007455733946e-04 -1.917896215391225567e+00 4.460357373338378579e+02 8.402777113958554075e-07 -4.450516853577404675e+00 1.342498399125712156e+09
8.842321245302416826e-04 -1.913606341795704102e+00 4.342561537260507407e+02 1.012114919430697438e-06 -4.298159920603348283e+00 1.342498399069097042e+09
8.778228163795082648e-04 -1.921330747608107181e+00 4.414934702433716325e+02 1.283833798373512190e-06 -4.101138640381932987e+00 1.342498398879696131e+09
8.778364892101042866e-04 -1.921112302886635259e+00 4.383071309672077973e+02 5.881894235591948459e-07 -4.706980112427476826e+00 1.342498399215783834e+09
8.900009936682836721e-04 -1.911446225749337202e+00 4.188673033165140964e+02 7.802918687238305303e-07 -4.637572925783411293e+00 1.342498399123711824e+09
8.749185039128954886e-04 -1.923770707654919754e+00 4.512914545575582679e+02 5.924981663653511010e-07 -4.835955025851806255e+00 1.342498398783177614e+09
8.848774649472747507e-04 -1.915897191290997448e+00 4.343245714431801048e+02 5.604907921869012337e-07 -4.787955798282107267e+00 1.342498399275845051e+09
8.802469540339610994e-04 -1.921607502500707110e+00 4.361849855032006076e+02 1.041054778475934197e-06 -4.364701248272123912e+00 1.342498398988145113e+09
8.889013154751883913e-04 -1.914935141850258038e+00 4.161130093485168686e+02 7.869746204919209377e-07 -4.630338673580004283e+00 1.342498399054963827e+09
8.792539132749305946e-04 -1.920043940199815058e+00 4.407146902452548716e+02 7.870179678499801980e-07 -4.504418274861497373e+00 1.342498399432988882e+09
8.697169880010081336e-04 -1.926212389074303033e+00 4.596514665245643982e+02 8.539091250435739723e-07 -4.425655231099682396e+00 1.342498398800710440e+09
8.822394319691469157e-04 -1.917633547851216314e+00 4.362315010660179837e+02 7.918422858470000775e-07 -4.513595813692535152e+00 1.342498399576666355e+09
8.822394319691469157e-04 -1.917633547851216314e+00 4.362315010660179837e+02 7.918422858470000775e-07 -4.513595813692535152e+00 1.342498399576666355e+09
8.854027726557281127e-04 -1.914372757675064207e+00 4.317269889242402314e+02 1.341481028562023926e-06 -4.110648943657033705e+00 1.342498399336337328e+09
8.854027726557281127e-04 -1.914372757675064207e+00 4.317269889242402314e+02 1.341481028562023926e-06 -4.110648943657033705e+00 1.342498399336337328e+09
8.785639076572130182e-04 -1.921957691933678714e+00 4.424333525172966688e+02 1.436398947282910079e-06 -4.106192830602375388e+00 1.342498398832122087e+09
8.776767075956630297e-04 -1.920090259628284723e+00 4.518365504993299737e+02 1.072877610081207400e-06 -4.313926918240521324e+00 1.342498398877073526e+09
8.810207321920878213e-04 -1.919730319969885635e+00 4.403378142812909459e+02 7.535339508756217718e-07 -4.534166811411392217e+00 1.342498398920624733e+09
8.888023167939086569e-04 -1.910077337367366512e+00 4.207530985185723580e+02 9.430563275908490955e-07 -4.346007692784930043e+00 1.342498398805029154e+09
8.765871459688305166e-04 -1.920693792100240049e+00 4.509116394056413242e+02 5.605123010797031699e-07 -4.865448917409429086e+00 1.342498398860366344e+09
8.749371986558837373e-04 -1.923219230050007056e+00 4.459171469791448317e+02 7.640206027612733974e-07 -4.535756168029986490e+00 1.342498399273463488e+09
8.794999339548635912e-04 -1.918717803743504646e+00 4.351366245391890288e+02 5.401867578893413532e-07 -4.736906251828116865e+00 1.342498398895539761e+09
8.866530349839230355e-04 -1.915024379943699007e+00 4.255167595331781740e+02 6.625372795575710098e-07 -4.559407252120433185e+00 1.342498398942754507e+09
8.709662354033539640e-04 -1.924556715166119591e+00 4.591325168813090158e+02 6.317970273052350407e-07 -4.641794857395177054e+00 1.342498398820542574e+09
8.717266058324908045e-04 -1.923372925144767098e+00 4.594008320735875373e+02 7.755140314981048170e-07 -4.517602339153824254e+00 1.342498398897746801e+09
8.777415116609486607e-04 -1.921700103820174199e+00 4.381847462731251994e+02 1.523791490047818365e-06 -4.044908374339651225e+00 1.342498398813472509e+09
8.808459276178093886e-04 -1.918875530996446255e+00 4.317051384508431511e+02 1.514609657631387525e-06 -4.074544127867792298e+00 1.342498398794946194e+09
8.832390205181723034e-04 -1.916207273405091005e+00 4.352625027369129498e+02 6.080559476907937183e-07 -4.791519787075456449e+00 1.342498399371558189e+09
8.769333364657324334e-04 -1.919990016063451765e+00 4.446798906524938957e+02 1.098729190259501638e-06 -4.335962579746769130e+00 1.342498398871238232e+09
8.759867705825213338e-04 -1.921894206940384375e+00 4.411647650386788655e+02 4.690407430101720370e-07 -4.925033583507985924e+00 1.342498399124907494e+09
8.821457271679831406e-04 -1.916037226812689065e+00 4.385166653132282022e+02 1.278489827834175798e-06 -4.198704304264687437e+00 1.342498399110369444e+09
8.793444883292557239e-04 -1.921364882986896117e+00 4.303555277802975638e+02 5.583173888986708158e-07 -4.760989495323949328e+00 1.342498398881770611e+09
8.905265526654805369e-04 -1.913669775559430963e+00 4.154625027434396998e+02 9.122656395854533030e-07 -4.364262832381771595e+00 1.342498399194117308e+09
8.742281730395844034e-04 -1.923614898103006343e+00 4.465421859576259180e+02 4.251939823808894378e-07 -4.962697653138747000e+00 1.342498399057915211e+09
8.681830416521137432e-04 -1.927580594066554021e+00 4.652176576885574946e+02 5.280902059665979096e-07 -4.798594790472776594e+00 1.342498398773915529e+09
8.847550627187712388e-04 -1.914805976336111382e+00 4.263754101051874272e+02 1.394247672985585786e-06 -4.035573255942171755e+00 1.342498398892203331e+09
8.864944692404249857e-04 -1.912994114220460506e+00 4.255531868990266275e+02 7.272919788997737960e-07 -4.658425815701315642e+00 1.342498399209805965e+09
8.864944692404249857e-04 -1.912994114220460506e+00 4.255531868990266275e+02 7.272919788997737960e-07 -4.658425815701315642e+00 1.342498399209805965e+09
8.909518824165052779e-04 -1.910676736641395257e+00 4.181579841560288173e+02 8.738837158195461098e-07 -4.483631437949480159e+00 1.342498399764267921e+09
8.909518824165052779e-04 -1.910676736641395257e+00 4.181579841560288173e+02 8.738837158195461098e-07 -4.483631437949480159e+00 1.342498399764267921e+09
8.824598694691249958e-04 -1.918086485206339731e+00 4.282208893914834107e+02 6.176182438961015924e-07 -4.695511547026624655e+00 1.342498399471271276e+09
8.713692860227551613e-04 -1.926336409944581440e+00 4.491606136221527663e+02 6.938472729930761312e-07 -4.603048317913384757e+00 1.342498398784634829e+09
8.837538062749806253e-04 -1.914670959689809937e+00 4.287820336883847290e+02 9.998283926867476491e-07 -4.344647540817732967e+00 1.342498399086561441e+09
8.783483549663405419e-04 -1.919082613543400262e+00 4.490811626904655327e+02 8.873496393484861121e-07 -4.422400640207322375e+00 1.342498399087233782e+09
8.864576206074143089e-04 -1.911994454238489904e+00 4.243660969016424929e+02 1.008119410817719712e-06 -4.356600233346163975e+00 1.342498398795546293e+09
8.839337329927299302e-04 -1.919192457342747682e+00 4.298231817084928821e+02 1.123435074534263151e-06 -4.269229605941135652e+00 1.342498398872865677e+09
8.785130897900356867e-04 -1.922012021697769857e+00 4.359066357936131340e+02 6.427035996951370007e-07 -4.658154368618484753e+00 1.342498399155296087e+09
8.863252495043134590e-04 -1.915210608009342064e+00 4.274809863676955501e+02 7.512738868974127112e-07 -4.545298102879224089e+00 1.342498399623451710e+09
8.863252495043134590e-04 -1.915210608009342064e+00 4.274809863676955501e+02 7.512738868974127112e-07 -4.545298102879224089e+00 1.342498399623451710e+09
8.807661658801921268e-04 -1.919653069911534393e+00 4.352971813195628101e+02 7.211159382392837075e-07 -4.547645109723736034e+00 1.342498399276134968e+09
8.781826307715425578e-04 -1.922715765048581105e+00 4.328625087310647359e+02 7.834954322049159520e-07 -4.600907609131425602e+00 1.342498398794054031e+09
8.738442020665662018e-04 -1.922216461382474595e+00 4.486878653189845068e+02 9.311677493967597417e-07 -4.387184351601374210e+00 1.342498398845892191e+09
8.775002862567699404e-04 -1.921758832837319853e+00 4.385955692478110564e+02 5.399546397441585797e-07 -4.817785875875717494e+00 1.342498399352878571e+09
8.880447388001393898e-04 -1.914913889728989460e+00 4.238920138807248463e+02 9.083180522609010745e-07 -4.476436131853460232e+00 1.342498399474633932e+09
8.875969093410210385e-04 -1.911235755971338213e+00 4.304361424188235219e+02 9.529279464945941424e-07 -4.305029933736545189e+00 1.342498398838276148e+09
8.772929413552021244e-04 -1.920006171412147467e+00 4.496805673801254670e+02 5.206933942817605493e-07 -4.891451892793122980e+00 1.342498399069316626e+09
8.864165766196824541e-04 -1.914251718660970436e+00 4.245240841252232258e+02 9.054215228627141535e-07 -4.369711454245260640e+00 1.342498399485098362e+09
8.741726504576895467e-04 -1.923652820727733914e+00 4.516464471834048595e+02 4.506473574980163796e-07 -4.952667243959465893e+00 1.342498399177110672e+09
8.799493125484433853e-04 -1.919759038754613290e+00 4.370581985627011363e+02 5.059007180532566218e-07 -4.784787521118162523e+00 1.342498399002354383e+09
8.750362771633048284e-04 -1.923286451066073877e+00 4.445307048743264318e+02 5.084444772618062966e-07 -4.891513060272707492e+00 1.342498399244142532e+09
8.902975393205485788e-04 -1.912758982810331965e+00 4.188630008752489289e+02 7.485808817952660158e-07 -4.533494649886986139e+00 1.342498399592670202e+09
8.902975393205485788e-04 -1.912758982810331965e+00 4.188630008752489289e+02 7.485808817952660158e-07 -4.533494649886986139e+00 1.342498399592670202e+09
8.900492260920251633e-04 -1.913129395220800832e+00 4.172581543771844395e+02 9.981602944725224054e-07 -4.416929527219048524e+00 1.342498399558507442e+09
8.848977522174775916e-04 -1.915038291616459887e+00 4.315840513047508011e+02 9.922238365245017190e-07 -4.412591065573369775e+00 1.342498399477392435e+09
8.903373413740098405e-04 -1.912412136207871871e+00 4.146662694879422020e+02 7.930312518399084867e-07 -4.415580384398889002e+00 1.342498398923999786e+09
8.893004183040790784e-04 -1.915890604004223619e+00 4.164179788185925304e+02 1.087240009832868564e-06 -4.361532236935262929e+00 1.342498398842398882e+09
8.737602451533043506e-04 -1.925119689375429211e+00 4.540929627188726840e+02 6.653929434826232132e-07 -4.726047997499124520e+00 1.342498398801082373e+09
8.724654404015625515e-04 -1.924115156082151890e+00 4.617189489931419644e+02 9.397125763970386099e-07 -4.437459697251817659e+00 1.342498398783499479e+09
8.707855463842801647e-04 -1.926266169828459773e+00 4.531801857991956126e+02 4.833933289190185103e-07 -4.927838185277084726e+00 1.342498398973108053e+09
8.833116265259285905e-04 -1.916866288275136387e+00 4.380492397755389220e+02 4.963345951098930392e-07 -4.868013722160952739e+00 1.342498399093899727e+09
8.899584039698095819e-04 -1.912365904732336475e+00 4.246816049145900820e+02 6.725145799233637103e-07 -4.588248654977989283e+00 1.342498399006672859e+09
8.765725785894981940e-04 -1.918611074684601681e+00 4.509787497445231566e+02 7.108101952069536173e-07 -4.606480021542878944e+00 1.342498398786839008e+09
8.748399481737543322e-04 -1.923817098858084051e+00 4.505942462560266222e+02 7.617808432686600277e-07 -4.644671403290449696e+00 1.342498398923375130e+09
8.817654108930814529e-04 -1.919252801290653565e+00 4.271359044998673085e+02 5.638631013624928258e-07 -4.745518970203920439e+00 1.342498399111579418e+09
8.863242191468408311e-04 -1.915745509763069787e+00 4.317569002051330926e+02 8.697284136083903680e-07 -4.494985122802605204e+00 1.342498399092264414e+09
8.744293603892093871e-04 -1.923971061114743808e+00 4.525384624468811694e+02 6.620320098892021001e-07 -4.674248263019567418e+00 1.342498399161086798e+09
8.878994557179424856e-04 -1.914062428395941096e+00 4.253793424129649452e+02 1.200290415977725717e-06 -4.282964978545814816e+00 1.342498399330877066e+09
8.888947463299411980e-04 -1.912324736338899545e+00 4.185848618726136010e+02 1.111488097843848938e-06 -4.190600299515272020e+00 1.342498399160971642e+09
8.716334054983108405e-04 -1.925518661720095226e+00 4.516378045765920319e+02 5.310747609601260456e-07 -4.828539091527124683e+00 1.342498399083154202e+09
8.890422511074986623e-04 -1.913681940785660895e+00 4.156994898260992386e+02 7.628405382220269361e-07 -4.643372629512670713e+00 1.342498399204504728e+09
8.912712000169951661e-04 -1.909064123083641373e+00 4.243877481194190295e+02 6.025665546318847474e-07 -4.740838506775908456e+00 1.342498399262454271e+09
8.912712000169951661e-04 -1.909064123083641373e+00 4.243877481194190295e+02 6.025665546318847474e-07 -4.740838506775908456e+00 1.342498399262454271e+09
8.867225599324421535e-04 -1.916793302419818934e+00 4.228067668041835532e+02 1.763990171337479307e-06 -3.938069283195228643e+00 1.342498398781707764e+09
8.935086722996377247e-04 -1.908749566491682259e+00 4.161332893362669552e+02 1.170547226145304325e-06 -4.185075733634112893e+00 1.342498399493042231e+09
8.743387979776776455e-04 -1.922717239128146405e+00 4.467924921922125350e+02 5.101088575432357292e-07 -4.888046948950621307e+00 1.342498399131697416e+09
8.785776962546996884e-04 -1.921560285150819114e+00 4.339308483530004423e+02 6.684458269944750523e-07 -4.681843433940400701e+00 1.342498399226089954e+09
8.846302064108307753e-04 -1.916368060409160190e+00 4.294459459791974041e+02 7.963281130561135191e-07 -4.533153239119172007e+00 1.342498399738933563e+09
8.846302064108307753e-04 -1.916368060409160190e+00 4.294459459791974041e+02 7.963281130561135191e-07 -4.533153239119172007e+00 1.342498399738933563e+09
8.726653548692429397e-04 -1.925258758408113113e+00 4.584037527655332269e+02 5.811488586104279775e-07 -4.768904491763122699e+00 1.342498398826281071e+09
8.729199892535400825e-04 -1.923114898254963290e+00 4.592094765718517237e+02 1.161055860213316737e-06 -4.235693757053454966e+00 1.342498398827262640e+09
8.739972272663399169e-04 -1.925019018637980306e+00 4.467432971873049041e+02 4.162294512586012061e-07 -5.038716982999453364e+00 1.342498398988529682e+09
8.815930228138357415e-04 -1.916009937190179979e+00 4.419397881524565150e+02 1.044707391748594326e-06 -4.301691704469320143e+00 1.342498399120655060e+09
8.916678973109761321e-04 -1.908396126401082249e+00 4.163491734606569707e+02 8.591357228658587262e-07 -4.427857613137557991e+00 1.342498399192722559e+09
8.837749663106481829e-04 -1.914718930362945937e+00 4.359994511253474911e+02 5.734582423390138496e-07 -4.855997898354869058e+00 1.342498398857435942e+09
8.955669808523854074e-04 -1.906630443838148725e+00 4.103613604218050455e+02 7.084630080971294121e-07 -4.593245722649854201e+00 1.342498399688943386e+09
8.955669808523854074e-04 -1.906630443838148725e+00 4.103613604218050455e+02 7.084630080971294121e-07 -4.593245722649854201e+00 1.342498399688943386e+09
8.748232991962271972e-04 -1.923289138324082881e+00 4.492053761926765674e+02 5.255060232677962672e-07 -4.827109075297480345e+00 1.342498399284000158e+09
8.748232991962271972e-04 -1.923289138324082881e+00 4.492053761926765674e+02 5.255060232677962672e-07 -4.827109075297480345e+00 1.342498399284000158e+09
8.797192425468083193e-04 -1.919149944795830010e+00 4.360908312268192617e+02 4.940141515450639389e-07 -4.872089869743779111e+00 1.342498399456764460e+09
8.797192425468083193e-04 -1.919149944795830010e+00 4.360908312268192617e+02 4.940141515450639389e-07 -4.872089869743779111e+00 1.342498399456764460e+09
8.939544186144611016e-04 -1.909685860358938392e+00 4.079806098541756114e+02 1.061627722201400830e-06 -4.255427192008037096e+00 1.342498399448598623e+09
8.784867956933885020e-04 -1.920410771253739046e+00 4.355754306992362217e+02 7.366423172101139851e-07 -4.666796709377144303e+00 1.342498398834652424e+09
8.785982230066661592e-04 -1.919534741053769755e+00 4.371566084423075722e+02 1.064902574230216971e-06 -4.292406691979433475e+00 1.342498399084093809e+09
8.872057336844664391e-04 -1.911964756476769445e+00 4.198953332980598816e+02 6.419166449460020460e-07 -4.693760975528887158e+00 1.342498398842628956e+09
8.879315279409543066e-04 -1.914779040847487401e+00 4.205646565142330360e+02 6.090967124350447563e-07 -4.630053908325587386e+00 1.342498398955573559e+09
8.798330939640406538e-04 -1.918982466879296966e+00 4.399733801638570867e+02 1.537619438374762633e-06 -3.986763459402176579e+00 1.342498398991086483e+09
