7.607929887797236154e-04 -1.983929975854771488e+00 9.363213324490039895e+02 1.394579341777796980e-07 -1.158775636774667106e-02 1.648839265665268421e+09
7.583413584592296882e-04 -1.999399586105129245e+00 8.062421757723598148e+02 6.532159739613289413e-15 -7.651312325095958045e-01 1.648839268158129454e+09
7.710894216181328519e-04 -1.979520280494008855e+00 9.624861211442394051e+02 4.736652937246878387e-14 -7.528007854392000375e+00 1.648839268335589647e+09
7.714034339222784666e-04 -1.985400591986962837e+00 7.266449294832950727e+02 2.117492894397315810e-10 -3.388016571717401781e+00 1.648839268693530083e+09
7.760734573301990551e-04 -1.991442619068308328e+00 6.758149551320454975e+02 2.846556663390538115e-13 -6.084887321458904097e+00 1.648839268789220572e+09
8.469371695489576364e-04 -1.939169339915008727e+00 4.556443674713957535e+02 4.569613496162643592e-15 -6.169263122387127041e+00 1.648839269042049170e+09
7.640808895558015134e-04 -1.989647086982688551e+00 7.997520730522655867e+02 2.459637616477789956e-11 -4.477414464994385668e+00 1.648839269080450296e+09
8.275495952849244502e-04 -1.932552017199135719e+00 5.911299246454130980e+02 4.388807240438478275e-07 -1.970702533690547043e-01 1.648839269114105940e+09
8.524597047420941816e-04 -1.935258741783894010e+00 4.478260036353104283e+02 3.743657456595470733e-10 -7.952074439840971287e+00 1.648839269155889511e+09
8.765244969788023484e-04 -1.909650185847046266e+00 4.268583105561717730e+02 2.748020031104358915e-11 -7.750568975259649385e+00 1.648839269281919241e+09
7.658539981228112232e-04 -1.989635669863143219e+00 9.996170384911853262e+02 2.455304013484798641e-07 -4.354633035635119498e+00 1.648839269282076597e+09
7.763181656455614118e-04 -1.989840152477921453e+00 8.128186300620398015e+02 4.493312451739423772e-14 -3.912020191902066735e+00 1.648839269309667349e+09
7.681407435467011531e-04 -1.980644006571660842e+00 9.560336136804120315e+02 1.239454682249529383e-07 -1.642040971663103477e+00 1.648839269311139584e+09
8.451696436492545528e-04 -1.928540477042840706e+00 5.232445036440024069e+02 8.766874057604349827e-13 -3.327249725525897261e+00 1.648839269392558336e+09
8.254196315347068873e-04 -1.955920861391550414e+00 5.038536026022878787e+02 2.756542851128745630e-14 -9.030932304473884287e-01 1.648839269394163132e+09
7.902570280417477904e-04 -1.978240391024262745e+00 7.262059916807910440e+02 2.580088994380595657e-13 -2.476742998228733228e+00 1.648839269500326872e+09
8.767593959480009073e-04 -1.908266665142340557e+00 4.277626736945871926e+02 5.919638542014748321e-13 -4.395969808452676375e+00 1.648839269669601202e+09
8.485488075831122213e-04 -1.932295901489959888e+00 4.908029407842257683e+02 2.904601591971519066e-11 -2.173175962852748277e+00 1.648839269686094522e+09
7.808716701924844471e-04 -1.977252704655937610e+00 8.523829129037214898e+02 3.697674744154118419e-14 -7.121961395052669452e+00 1.648839269831712961e+09
7.711812917471601910e-04 -1.985050726895146500e+00 9.351166684762240493e+02 1.118483453097880142e-08 -1.082925116350689443e+00 1.648839269845463753e+09
8.389885116864329549e-04 -1.931606507777627435e+00 5.453757401385021240e+02 6.222405892761752490e-11 -5.467129555193088741e+00 1.648839269891113758e+09
7.837012156933689105e-04 -1.970822604090151531e+00 8.362484089714646416e+02 4.054641257676541682e-07 -3.417375161668394057e+00 1.648839269909435749e+09
7.718037735125315296e-04 -1.979763227394353287e+00 9.315128687105381005e+02 3.548627484101865666e-14 -7.556755182755238387e+00 1.648839269982331753e+09
8.474480083854213667e-04 -1.937585508671870738e+00 4.595254869482827758e+02 4.411114118054165639e-13 -4.714041177608608635e+00 1.648839270087748766e+09
7.792605703694619910e-04 -1.974951168737620666e+00 8.698626277459756011e+02 1.347304618359215641e-15 -6.106140988050514196e+00 1.648839270142304659e+09
7.792539928520509415e-04 -1.981836460252445198e+00 6.742613678194776412e+02 4.601449923207405762e-15 -1.373940213647998121e+00 1.648839270194462299e+09
7.822350059537663911e-04 -1.986618855050785060e+00 7.391698982498623991e+02 1.794958439450541742e-14 -2.247572455210842257e+00 1.648839270327824831e+09
7.690625466862237867e-04 -1.982262372066369904e+00 8.108718853241073248e+02 7.965716014850952937e-15 -6.819329306259849233e-01 1.648839270346925974e+09
8.682823209934650496e-04 -1.905917308049362990e+00 4.345558393873402565e+02 3.049134397986539356e-08 -1.215825375583342804e+00 1.648839270348454475e+09
7.872259885724570885e-04 -1.975515149907902224e+00 7.835461123102577403e+02 4.775608390233150274e-07 -4.002011086023458120e-01 1.648839270369721889e+09
7.745058196781647378e-04 -1.974889473314508592e+00 8.443009454399619926e+02 6.086286089195012860e-15 -7.570650302898315864e+00 1.648839270385242701e+09
7.995171500604783890e-04 -1.968656337794140843e+00 6.876019544670468804e+02 2.378118199160551450e-08 -3.469374005574511699e+00 1.648839270393364191e+09
7.636315421246030969e-04 -1.998862897924877480e+00 9.149171586442619173e+02 1.782160188423460476e-07 -1.152336235628404815e+00 1.648839270420075655e+09
7.625934860688943304e-04 -1.999836361091053227e+00 9.199239576401204204e+02 1.994291291992423221e-14 -1.015202574426210091e+00 1.648839270465811491e+09
7.809200625333472586e-04 -1.978836560439419134e+00 6.767837134694710812e+02 1.281479402623597897e-06 -1.302298203338510874e+00 1.648839270543093681e+09
8.318183862573609588e-04 -1.940631007596254509e+00 4.829123800904098971e+02 3.718920294231900799e-07 -3.997471858928172139e+00 1.648839270552446842e+09
8.665238123650348444e-04 -1.906841055275194652e+00 4.428496714257954068e+02 4.755976393827748241e-15 -4.526592348259960374e+00 1.648839270573120117e+09
7.772381405144268909e-04 -1.991864710302495123e+00 7.274175913913098839e+02 9.448218380662695836e-15 -2.806078077294110962e+00 1.648839270578236818e+09
7.667855399971627330e-04 -1.985790491271237634e+00 9.707921117448287305e+02 2.460104768741827883e-14 -2.393021295938604354e-01 1.648839270596289873e+09
7.486577138910669327e-04 -2.009218644034374002e+00 9.457836089884191324e+02 2.536194272942540633e-15 -5.502174046785102135e+00 1.648839270597275257e+09
8.044365169729848818e-04 -1.950007941227100083e+00 6.494778243978222463e+02 4.606843184955272078e-09 -3.656246414463377725e+00 1.648839270614078283e+09
8.073437387144536195e-04 -1.952435375650354521e+00 6.819881897806324105e+02 1.414904245501810081e-14 -4.375231019643466723e+00 1.648839270658903599e+09
7.768683204770818326e-04 -1.973142033683157770e+00 8.356763476020244070e+02 2.384790904594758176e-13 -5.374685666229437331e+00 1.648839270687766552e+09
8.776034105836147620e-04 -1.907808300666230750e+00 3.977016313730932211e+02 5.563449753265739537e-11 -5.577875230772910697e-01 1.648839270706419706e+09
8.148241632699428300e-04 -1.943601246084279754e+00 5.777813663566854530e+02 1.807571606583287709e-14 -7.444174157671312742e+00 1.648839270789810419e+09
7.809058786498237212e-04 -1.973436518254600536e+00 7.146297574885524000e+02 1.969150639384028634e-14 -2.559208789377692028e+00 1.648839270842636824e+09
7.567230304961829971e-04 -1.995142446089273935e+00 9.103134314569769003e+02 1.109473121187349648e-13 -2.991901750384542424e+00 1.648839270921427965e+09
7.644581330968487328e-04 -1.994772828353165162e+00 7.811050096939745799e+02 1.405058004433070858e-12 -2.661992052417012644e-01 1.648839270959067345e+09
7.807128057227190419e-04 -1.985664220100703758e+00 7.721711149789983892e+02 4.340095128349814757e-15 -6.650342154265344696e+00 1.648839270959633827e+09
8.018674688165696026e-04 -1.959734615210798392e+00 5.870737324347684307e+02 8.839828035785641105e-13 -7.676313550803149255e+00 1.648839270961397886e+09
7.833866191242366437e-04 -1.978670021083047681e+00 8.019194096316142577e+02 5.360399854995782867e-15 -2.533618010906934614e+00 1.648839270972549677e+09
7.471948429810272834e-04 -2.011245809196976708e+00 9.599898237932484335e+02 3.830061414795819588e-08 -6.289271287793165577e+00 1.648839270984906912e+09
7.560469212969215830e-04 -1.996911270990328058e+00 9.027832159401583567e+02 5.964307584557043281e-15 -4.879031913029084677e+00 1.648839271015973330e+09
8.076626129508533833e-04 -1.950653890044282690e+00 5.929578464202547821e+02 4.617949920471210264e-13 -4.616830769778752952e+00 1.648839271024184227e+09
7.966131181658035829e-04 -1.970561749628276793e+00 7.059129042794075986e+02 2.856347738312047517e-10 -7.866283611753903671e+00 1.648839271035754204e+09
8.142848703546067164e-04 -1.943800638291052429e+00 5.843744543354115422e+02 3.541955521583761626e-08 -4.724646004593919812e+00 1.648839271050114155e+09
7.669141918481252188e-04 -1.992222075730208264e+00 7.640192155319514313e+02 1.421417127957727433e-12 -6.306723480071460664e+00 1.648839271056699038e+09
7.643611834154807969e-04 -1.996311762346338448e+00 9.344678409926978020e+02 1.131413405988354553e-07 -3.982702595403088353e+00 1.648839271073557138e+09
8.618668800768404829e-04 -1.914356771968453774e+00 4.329772363330833969e+02 4.138250447258811521e-07 -3.306988846731568898e+00 1.648839271082750797e+09
8.418834783457776775e-04 -1.937337741938352398e+00 5.040025447012994277e+02 2.362555527454522581e-11 -8.766789697085810573e-01 1.648839271083471060e+09
7.659527344214708778e-04 -1.991073357813502032e+00 8.283797933391454080e+02 4.190204886206207910e-06 -1.824711447097610240e+00 1.648839271089381218e+09
7.975807878904033008e-04 -1.973198485480853748e+00 6.725560930787888765e+02 8.294726074222421218e-09 -5.907527301136941134e+00 1.648839271098106861e+09
8.400588513466121033e-04 -1.931500970986516741e+00 4.691697182024412882e+02 1.313693725318446521e-12 -4.650964370332567377e+00 1.648839271101759672e+09
8.116811044091241109e-04 -1.944885012167294480e+00 6.141364281985588605e+02 1.897444575889597413e-09 -2.424132991478685994e+00 1.648839271123584986e+09
8.039699265826480380e-04 -1.968913713276774669e+00 6.262776833128949647e+02 2.183188663066794158e-12 -7.025178521391215902e+00 1.648839271148206234e+09
8.718822152122982167e-04 -1.906285827107379927e+00 4.396988667923729395e+02 2.949072409625437091e-07 -4.235021615478604673e-01 1.648839271149846315e+09
7.568892090996082438e-04 -1.999024198793406537e+00 8.679088396916698684e+02 1.095073034819693360e-11 -9.769383649714704632e-01 1.648839271187043190e+09
7.576417342806253223e-04 -1.994834845339178209e+00 8.979015314363350626e+02 7.342028776845891420e-14 -3.543077219340643680e+00 1.648839271206856012e+09
8.166571289995707209e-04 -1.942404254273796482e+00 6.246070024387854573e+02 2.536757388432566789e-11 -5.407966412284906710e+00 1.648839271207002640e+09
7.666518796809092002e-04 -1.991122508495809296e+00 9.408094029799095779e+02 1.384366363896570104e-09 -3.555821737437261376e-01 1.648839271227534056e+09
7.924275032056198129e-04 -1.967074722222368344e+00 6.310015877986323858e+02 3.951078936753788953e-15 -2.637110917534941201e+00 1.648839271239332914e+09
8.343563068317035644e-04 -1.935345763697046806e+00 4.843795718575240699e+02 4.279502758137124480e-10 -4.698058188051659201e-01 1.648839271270566702e+09
8.315744741704985104e-04 -1.937060136954942502e+00 4.925532930599263182e+02 4.064451391695395955e-12 -1.323457712165273747e+00 1.648839271275011301e+09
8.804983087964171054e-04 -1.904333973608057340e+00 3.927056221566244290e+02 2.932633812891876619e-09 -7.357992466830994616e+00 1.648839271278351068e+09
7.856709366418023442e-04 -1.968648735735605282e+00 8.044758054139168735e+02 6.413339561333427711e-12 -4.391918660215605286e+00 1.648839271300591946e+09
7.859766074100198218e-04 -1.967352539946666035e+00 7.962511431614210551e+02 3.119085334978304890e-13 -3.794809830731701972e+00 1.648839271306339025e+09
7.626902113269308937e-04 -1.997582477875999185e+00 9.478428416566196120e+02 1.968348720277692958e-06 -3.961110092530697457e-01 1.648839271311014891e+09
7.649535058423312037e-04 -1.987567586649065188e+00 8.369030218724760743e+02 3.815448054359548496e-11 -5.807019084083325566e+00 1.648839271327260017e+09
7.920998282872667839e-04 -1.979703139822401869e+00 6.280270605032492313e+02 5.072003361739175065e-07 -2.384158781009112715e+00 1.648839271338732481e+09
8.312432060860118184e-04 -1.943536384208031098e+00 5.470387285380722915e+02 2.327810552275692478e-12 -3.480542802722767171e+00 1.648839271341475010e+09
7.795334167533161072e-04 -1.988611472991022477e+00 6.772192865206233137e+02 1.749668563737837958e-08 -5.223313578223500286e+00 1.648839271380414248e+09
8.301418633229087733e-04 -1.949492482141824468e+00 5.151980738242521056e+02 6.341459692927000113e-15 -5.523300619700285630e+00 1.648839271395093203e+09
7.801332012631032086e-04 -1.974004753714611038e+00 7.264208285926498547e+02 1.710831316774652870e-10 -5.702048915582846433e+00 1.648839271395735502e+09
8.028275793079055634e-04 -1.955445777168678845e+00 7.077044791900083283e+02 1.846736667015440561e-09 -7.138305822520556454e+00 1.648839271417623520e+09
8.488462780157746785e-04 -1.918722338363967772e+00 4.906230262641313402e+02 2.546855871235318427e-12 -3.958752460762946512e+00 1.648839271430973291e+09
8.034108357701495468e-04 -1.961222953931881285e+00 6.845331971234836601e+02 2.177380180484107555e-12 -5.801825464012447142e+00 1.648839271448004007e+09
7.708609876102472201e-04 -1.982635219838967178e+00 9.187272599925255463e+02 3.447103053716567746e-14 -2.000241000055872576e+00 1.648839271457805634e+09
8.734637756852909512e-04 -1.907743081105104377e+00 4.114735868383963862e+02 5.420763502250725389e-15 -7.667899291423898589e+00 1.648839271470830202e+09
8.695306694646215201e-04 -1.911125102916835239e+00 4.421490214810723955e+02 8.466038318272852678e-13 -6.740030083519930493e+00 1.648839271483960867e+09
7.571418056305192395e-04 -1.995973973998901752e+00 9.001219793249789518e+02 1.413514453166236799e-11 -2.030971247394773194e+00 1.648839271499726534e+09
8.058730319398785041e-04 -1.949640215308886315e+00 6.377064252547369279e+02 1.278711094604402981e-10 -7.882533441305097810e+00 1.648839271503371000e+09
8.680891245906082864e-04 -1.909365660413956611e+00 4.253358973346206540e+02 7.460984454988459425e-13 -3.940565246557925505e+00 1.648839271509661674e+09
8.261627758619918089e-04 -1.942744760655106484e+00 5.027664805689573200e+02 3.921564403622814620e-11 -6.194385625808569884e+00 1.648839271526266813e+09
8.466599288031207175e-04 -1.929736592925198169e+00 5.032609414394326564e+02 1.225294261721172557e-14 -3.481904105478918154e+00 1.648839271532236099e+09
8.599661461199784073e-04 -1.915065149705591274e+00 4.380118863182677842e+02 1.495189943340991669e-14 -6.632707358773875406e+00 1.648839271535269260e+09
7.833740891923338416e-04 -1.985990770912360981e+00 7.040817428806191174e+02 1.060008905576454428e-15 -5.059657331634436872e+00 1.648839271539884090e+09
8.449458336183461680e-04 -1.925758178307731772e+00 5.184691859034105619e+02 3.763855579860947720e-14 -6.443872242757156421e+00 1.648839271553155661e+09
7.525599637993396832e-04 -1.999683379534608285e+00 9.687020293188742244e+02 3.920901480094729578e-11 -6.081937418071016843e+00 1.648839271555263042e+09
7.993464146198991102e-04 -1.972848748042191680e+00 6.386994118726579472e+02 5.001563233905524296e-15 -6.311123974785572521e+00 1.648839271556130171e+09
7.761730502975527001e-04 -1.985709008385424967e+00 6.995769424018689051e+02 2.859726945346901683e-12 -7.207824075414484888e+00 1.648839271559963226e+09
7.864241965826215775e-04 -1.968029145542268932e+00 6.967483052882948869e+02 7.473619997877174947e-11 -7.828892592961369523e+00 1.648839271566723347e+09
7.632635067998088524e-04 -2.000126063358763862e+00 8.090958006391128947e+02 1.082782788743565563e-15 -7.595965570901769937e+00 1.648839271567334175e+09
7.534824889597129764e-04 -2.006855582027773810e+00 9.541686688499763704e+02 2.257817641438343997e-14 -3.666003560388810811e+00 1.648839271582343578e+09
7.973621233765405651e-04 -1.974308112743751842e+00 6.487914878976857835e+02 8.058552577481081093e-11 -3.794637824860948250e+00 1.648839271590871096e+09
7.832877720762498538e-04 -1.971648363859661579e+00 8.228315941199623467e+02 1.565916851781800036e-08 -4.915642259588274499e+00 1.648839271594838858e+09
8.379543706339356727e-04 -1.940635513679033419e+00 5.121995071306419050e+02 3.831471786385265925e-10 -6.469816334681517844e+00 1.648839271595899582e+09
7.620978455420731983e-04 -1.989512002734420637e+00 9.860795661568350852e+02 2.513704771875115532e-09 -1.397956296260110420e+00 1.648839271598454475e+09
8.526984553064205366e-04 -1.924310756640146725e+00 4.871293115606462152e+02 7.691620135306228133e-12 -3.854706489129402947e+00 1.648839271608288527e+09
7.842265679289462310e-04 -1.968119162819938817e+00 7.436467384446264077e+02 2.815549783249858643e-15 -6.152087703551975650e+00 1.648839271608788490e+09
7.872322269033759853e-04 -1.983208850723689354e+00 6.561787245546087206e+02 9.241223071914385927e-13 -6.750541840866549848e+00 1.648839271624629259e+09
7.843767585395262617e-04 -1.972304897671463220e+00 6.853425979244921109e+02 2.930550825134464368e-11 -4.694592283008356404e+00 1.648839271650126219e+09
7.537202811374725010e-04 -2.000706989384571699e+00 9.252326994144394803e+02 1.046148872611976414e-14 -4.869126139220909977e+00 1.648839271651907921e+09
7.855194880222020077e-04 -1.982736355724329158e+00 7.214696339495177426e+02 2.055576320007511413e-14 -4.274893716303186153e+00 1.648839271672150612e+09
8.721944799712443540e-04 -1.910471633340163011e+00 4.314619848365970824e+02 3.563513881526277889e-11 -7.401797084314842401e+00 1.648839271675599337e+09
7.554529843070005883e-04 -2.001867773145704188e+00 8.850942186728329943e+02 1.356627467037287108e-15 -3.997608245046857967e+00 1.648839271680085659e+09
7.579895903697520367e-04 -1.998992349414754122e+00 8.589518018534528210e+02 3.156485667734027293e-09 -4.429673023643141860e+00 1.648839271689723730e+09
7.742235181374119805e-04 -1.983558634215586203e+00 7.296586470471517032e+02 2.793248756593884792e-09 -3.764792527515645304e+00 1.648839271689895868e+09
7.648322433521485570e-04 -1.988952722795659600e+00 9.662982994433017438e+02 9.119347783961020736e-14 -6.076090956280597588e+00 1.648839271690344095e+09
7.520323359611600679e-04 -2.007173048304157881e+00 9.410942937625941340e+02 1.474787903297078895e-14 -2.832606800426357374e+00 1.648839271694956779e+09
7.745355234031701128e-04 -1.976778630509996137e+00 8.606667384289672782e+02 2.757934660335933563e-12 -6.732920006910966926e+00 1.648839271696427107e+09
7.581987868356449998e-04 -1.997894770135196341e+00 8.629732026574340580e+02 1.018583221129103620e-13 -4.654506722594409673e+00 1.648839271699762583e+09
7.559956208823288143e-04 -1.997930953904841322e+00 9.062835701322242130e+02 9.426203687756358711e-14 -4.478069129805868798e+00 1.648839271701227427e+09
7.721225162255408074e-04 -1.978848572461735067e+00 8.350432025845443604e+02 1.113494429141120181e-11 -6.483346427392399747e+00 1.648839271717983484e+09
7.972067388052688722e-04 -1.956860393486813177e+00 6.840430927639647507e+02 5.573600363829213253e-09 -5.096890777304386333e+00 1.648839271721490383e+09
7.872597694855782346e-04 -1.984528021104676077e+00 6.910014559697408458e+02 1.619682556034760845e-08 -6.238788631363087589e+00 1.648839271732227087e+09
8.321199973922491742e-04 -1.935333329970580163e+00 5.630201049688598687e+02 1.922686473028852285e-15 -7.589012790299872968e+00 1.648839271743364811e+09
8.156591269065470570e-04 -1.956647641523043601e+00 5.981480920142364539e+02 1.040392617809718479e-15 -3.363343219052648436e+00 1.648839271743636131e+09
8.166315008305851829e-04 -1.949487480617291268e+00 6.230110227739584161e+02 3.554321700431097028e-13 -2.432001299182819487e+00 1.648839271746164799e+09
7.930989930737978926e-04 -1.960677712387977500e+00 6.937809075515297081e+02 1.526408642720766964e-10 -1.807377044473676975e+00 1.648839271756219625e+09
7.817950543807429152e-04 -1.974699979237615644e+00 8.287214803314766414e+02 1.426947512842632636e-09 -3.010716058900524850e+00 1.648839271765635729e+09
8.084155231712191738e-04 -1.948208628443563573e+00 6.231559888937007372e+02 2.633824064733893007e-14 -1.120613088209334585e+00 1.648839271775415659e+09
7.744388338334002361e-04 -1.989164279263272217e+00 7.109103466004534084e+02 7.078912526118142106e-09 -1.689074909338968311e+00 1.648839271777103424e+09
8.430187632669828863e-04 -1.923594055903532718e+00 5.173679905459971451e+02 1.405358648378242593e-10 -6.201402334818332918e+00 1.648839271780053616e+09
7.898654212017101753e-04 -1.963168043364536874e+00 7.445912289016509931e+02 3.503225279788197275e-09 -2.532464937954917339e+00 1.648839271784300804e+09
7.843161851430688076e-04 -1.975355152303276407e+00 8.024853237576243146e+02 1.849705434884904973e-07 -1.571061270358774742e+00 1.648839271786960125e+09
8.114101973573185694e-04 -1.948291377139899083e+00 6.505082736789554474e+02 8.130751838757555692e-11 -1.792367398956143276e+00 1.648839271796878099e+09
7.867267189689429365e-04 -1.968964396307181897e+00 6.858317557643412101e+02 4.528115891080876529e-12 -6.117368141308228147e+00 1.648839271801399231e+09
8.159762697885542850e-04 -1.960082360874468854e+00 5.642176399251054590e+02 5.910698403389919922e-09 -4.933807352070740393e-01 1.648839271819907427e+09
7.943840293246324331e-04 -1.973220266200605977e+00 6.991359033373217926e+02 2.881109101967982839e-10 -1.563028828975552287e-01 1.648839271829162598e+09
7.660196381896445215e-04 -1.987966394941259374e+00 9.585267030577454079e+02 7.865025834329546785e-10 -6.724395340894092854e+00 1.648839271833841801e+09
8.643670991852253540e-04 -1.920433446371552666e+00 4.344208547083454732e+02 1.927327177226270004e-10 -5.517315926004854099e+00 1.648839271850328445e+09
7.996556758995350444e-04 -1.957505090288989891e+00 7.111855822310456006e+02 2.432994395684070639e-09 -3.957317087911972564e+00 1.648839271855531931e+09
8.027834643426468540e-04 -1.960340815250190882e+00 6.187132911815949683e+02 7.726661698823990941e-06 -4.813157680269259941e-01 1.648839271858151197e+09
7.816299621656374675e-04 -1.975245442706020427e+00 6.982794444406144976e+02 6.468992044432431789e-15 -5.757935884445346986e+00 1.648839271858699799e+09
7.775717469539706944e-04 -1.973855920918939910e+00 8.091130548509472646e+02 2.807905486171701107e-14 -3.126442366491819058e+00 1.648839271868686199e+09
7.642622405405647161e-04 -1.996168921019597420e+00 7.926857648391174962e+02 9.647282660771462714e-13 -8.727452262598873745e-01 1.648839271880394459e+09
7.737177384062614207e-04 -1.992491558502894389e+00 7.328871624536205900e+02 2.555909815995534114e-07 -1.000670822222925693e+00 1.648839271918606043e+09
7.997694926274976929e-04 -1.955438689086614446e+00 6.580744608139046932e+02 7.072170610291392920e-08 -7.843118117066012474e-01 1.648839271943376780e+09
7.546517646821933887e-04 -1.998715765017416768e+00 9.278908353869200027e+02 8.362550261904013677e-08 -4.524938620650990728e+00 1.648839271944067240e+09
7.721944987366999693e-04 -1.990964597013355597e+00 7.285363370128242195e+02 5.467741831100604197e-10 -5.602995475743831832e+00 1.648839271951918125e+09
8.628461660803272374e-04 -1.919004414436124684e+00 4.501635241882941045e+02 4.136228253436300943e-07 -3.643074036401081628e+00 1.648839271953025103e+09
8.243359103248557940e-04 -1.945136017802948425e+00 5.843317307182066997e+02 6.295341530092650112e-13 -4.628120442851288985e+00 1.648839271966399431e+09
7.706825477780959591e-04 -1.981977964412108051e+00 9.055652271306728380e+02 2.106771476029775403e-14 -2.931245490437725643e+00 1.648839271973348141e+09
7.622963396078966895e-04 -1.988580887362479954e+00 9.211816191015954018e+02 6.107092167630999338e-13 -1.726379477529035533e+00 1.648839271977324963e+09
7.789432728960322006e-04 -1.976777149416885537e+00 7.225041604040508219e+02 1.767523025611947234e-15 -4.358369850033938064e+00 1.648839271977751017e+09
7.763134964047509017e-04 -1.990966212517105038e+00 7.337812411934390866e+02 1.076481997562954680e-13 -2.787448323302306186e+00 1.648839271977989912e+09
7.939602338324908267e-04 -1.969984306043378375e+00 7.261934645656625662e+02 3.280533812892829100e-11 -2.224385193364852853e-02 1.648839272005548716e+09
7.845819960718295252e-04 -1.967819282869575748e+00 7.647539286187276275e+02 6.199776567408846091e-12 -4.484384458928483141e+00 1.648839272006144047e+09
7.985388336862836401e-04 -1.961015297646949707e+00 6.152129730791908742e+02 1.895535791774475365e-13 -4.147761281004520129e+00 1.648839272027909279e+09
8.696138527696975051e-04 -1.909000737200420295e+00 4.389537645893890954e+02 7.935780012038725180e-13 -4.201765745558977194e+00 1.648839272028885365e+09
7.597348584052284913e-04 -1.999349349520502805e+00 9.767193631936668226e+02 1.557102677102447480e-08 -5.565227122005165228e+00 1.648839272043084621e+09
7.678148817419016246e-04 -1.986409522496594082e+00 9.330152891102897001e+02 2.709612455578610260e-12 -1.826914548440547570e+00 1.648839272045571089e+09
7.949201820957635563e-04 -1.959559741569219637e+00 7.208879154648006988e+02 1.231648381859136108e-11 -2.325103399936994109e+00 1.648839272049505472e+09
7.696266037272044393e-04 -1.989714254864941800e+00 7.554074655094675563e+02 1.015094824781336893e-11 -4.684497960428983809e+00 1.648839272059907198e+09
8.325459824711659105e-04 -1.930510309938630265e+00 5.418616786734162361e+02 3.341993282760451242e-14 -1.930344486923529779e+00 1.648839272082561493e+09
7.964601397625093197e-04 -1.974407112444684476e+00 5.985812989306772351e+02 3.175859641715430192e-09 -5.257159971824177269e+00 1.648839272084210873e+09
7.565076497470693117e-04 -1.994781333401513201e+00 9.942047978842722387e+02 1.476537118203427343e-09 -5.024478637351492694e-02 1.648839272084710121e+09
7.511364935627287860e-04 -2.006814893531079669e+00 9.809973371160498345e+02 4.490125599333594685e-09 -2.780543382316072787e+00 1.648839272090031147e+09
7.809069296780942132e-04 -1.987417512031101730e+00 6.978587943098315236e+02 4.902513487494933794e-13 -4.199411351484741317e+00 1.648839272093711853e+09
8.161790448618585787e-04 -1.942400178570281799e+00 6.033608018063212057e+02 1.796593446914274448e-14 -4.029048944850849523e+00 1.648839272095272303e+09
8.134936027628922100e-04 -1.960791588136794772e+00 5.347963628491197596e+02 2.309347654763364185e-15 -5.768144819949126756e+00 1.648839272101080179e+09
7.988322191323577381e-04 -1.962982610361200031e+00 7.113687603092221252e+02 5.684462509683210534e-12 -7.274492855933874402e+00 1.648839272102034807e+09
7.701663867969414526e-04 -1.981108758829549288e+00 8.530348597355007314e+02 1.673222629961489812e-11 -6.053639240516583087e+00 1.648839272105176449e+09
8.082000683239512267e-04 -1.966663530216207878e+00 5.768311628064039951e+02 2.117724518098431382e-14 -2.009857737900972552e+00 1.648839272115186691e+09
7.529778145681224237e-04 -2.005591035921382215e+00 9.406621303849162814e+02 1.250484655488890910e-07 -2.644723376647770685e+00 1.648839272115438938e+09
8.463362742232612276e-04 -1.933525049898665582e+00 4.867791193718299496e+02 6.006110335556178405e-12 -3.025027867583335528e+00 1.648839272120770931e+09
7.595074028333320985e-04 -1.996098336828969533e+00 8.624742949817438102e+02 2.994957089504842808e-08 -1.420248607925877593e+00 1.648839272123257160e+09
8.565318354056844106e-04 -1.927210895809808644e+00 4.464401330194810953e+02 6.622895193596017092e-11 -5.414226386131673507e+00 1.648839272131936312e+09
7.528747961134943031e-04 -2.001163668859559763e+00 9.570936781716845871e+02 2.265938510297075401e-14 -5.903615574735443516e-01 1.648839272137467861e+09
7.965657915082046282e-04 -1.963276587303507625e+00 7.275839653481814366e+02 1.379288606532403294e-12 -4.154802531103875651e+00 1.648839272138224602e+09
7.725880171507305393e-04 -1.989128446026073860e+00 7.293025737731028357e+02 2.348453319921831262e-07 -3.716216940829175641e+00 1.648839272154870510e+09
8.627895554785554961e-04 -1.919810674313188859e+00 4.240747056218225453e+02 3.325306151590482241e-14 -6.252758423904677620e+00 1.648839272154948950e+09
7.851941591668163550e-04 -1.979152610098542375e+00 7.623974426473050698e+02 3.211849385432822130e-10 -6.136028523016995528e+00 1.648839272157394886e+09
8.429812737755605157e-04 -1.931751828212220135e+00 4.617968977964982855e+02 4.702825264573324684e-07 -1.099446477811316214e+00 1.648839272158123493e+09
8.221062217975993493e-04 -1.940345203014749664e+00 5.991226122934028808e+02 3.764870494223477872e-08 -1.493024447567401936e+00 1.648839272158419371e+09
8.189175280155420490e-04 -1.957837834362962992e+00 5.477383928834625522e+02 4.226758385320602904e-15 -7.858774541931149216e+00 1.648839272172756910e+09
7.853380659304960969e-04 -1.982465669879755144e+00 6.527470992221425377e+02 1.972566376255201473e-10 -5.920282162272517468e+00 1.648839272184331656e+09
7.632145823792788226e-04 -1.993272602646628755e+00 8.275820704075370031e+02 3.009043355712935506e-07 -3.927315688782458736e+00 1.648839272187331438e+09
7.718072593384018871e-04 -1.991172283131228404e+00 7.351371439691131400e+02 8.928362667265187373e-15 -6.633310134833941163e+00 1.648839272194546938e+09
7.716419974326535003e-04 -1.992520074082755777e+00 8.173042409233446506e+02 2.391386671167384965e-15 -4.815630867208746224e+00 1.648839272197973728e+09
7.780161640269035771e-04 -1.978163984306766654e+00 7.267575819686333034e+02 3.182857641142975270e-07 -1.555831326170348916e+00 1.648839272199128628e+09
7.938241042597364181e-04 -1.960519508177835712e+00 6.951828758592516806e+02 3.801306409933213560e-07 -1.885328138437427192e+00 1.648839272210597754e+09
7.969708009604041564e-04 -1.970024521955273666e+00 5.945426546783073718e+02 2.802900120038468888e-09 -1.564875901848238549e+00 1.648839272221057415e+09
8.324213331685387284e-04 -1.930761477254234304e+00 5.384062232207178340e+02 1.020655354456731239e-11 -1.514552139797029184e+00 1.648839272221582890e+09
7.949297188562730017e-04 -1.959366699731402983e+00 6.956620423987506001e+02 2.867622791592898048e-15 -2.487876929341810595e+00 1.648839272237146616e+09
7.570267552953499710e-04 -2.000729128024772763e+00 9.833486026546228231e+02 7.004533498163253748e-15 -7.067850358612472128e+00 1.648839272257363558e+09
7.871181558024394802e-04 -1.980059363946838458e+00 7.235885784946040076e+02 3.588936032404501014e-11 -5.094181818502899972e+00 1.648839272258336782e+09
7.924402327711367253e-04 -1.975094635299517565e+00 7.022463616031956235e+02 1.194572676411962325e-12 -4.125375118720942424e+00 1.648839272260544538e+09
8.080246657324169617e-04 -1.965993819186666380e+00 5.925302293883132734e+02 2.358513942678868425e-12 -1.251721556367921373e+00 1.648839272282724619e+09
7.700379458855169390e-04 -1.986539579424976498e+00 9.050611157259763786e+02 1.597925982831612027e-10 -3.709582496651901096e+00 1.648839272294050932e+09
8.721008327352558617e-04 -1.911580923628012130e+00 4.203425620273097252e+02 3.068323099660106486e-12 -2.252738426535512595e+00 1.648839272295108080e+09
8.136390754572202320e-04 -1.961580669639034991e+00 5.406172742172392418e+02 6.256968308412909769e-08 -1.147940510878967757e+00 1.648839272299750328e+09
7.719392697829450308e-04 -1.993638027331210871e+00 7.640350190952100320e+02 1.178926520178485984e-11 -6.056560146404596168e+00 1.648839272305226803e+09
7.471341595750174720e-04 -2.008917043573434036e+00 9.959475480057052437e+02 9.323085099083974399e-09 -6.095812272503158269e+00 1.648839272307905674e+09
7.934431861003950898e-04 -1.961567545180638472e+00 6.894357607712321396e+02 2.745186160276944384e-07 -3.806454496617592831e+00 1.648839272309357405e+09
8.144206723203374762e-04 -1.953675700378478375e+00 6.207144938452051974e+02 6.172688769881734072e-10 -4.425643404233330358e+00 1.648839272323472738e+09
7.867627084355978233e-04 -1.973720887870605178e+00 7.783589509370874566e+02 1.493513496252286954e-15 -4.479029002333438925e+00 1.648839272328073025e+09
7.581388583378924047e-04 -1.994145381147047313e+00 9.944016899610636528e+02 3.798116651284051859e-15 -1.225003073550451127e+00 1.648839272342288017e+09
7.532666555119946683e-04 -2.002370927933073474e+00 9.432504925035339056e+02 3.910114389371192198e-13 -6.496892499100781038e+00 1.648839272347080231e+09
8.693662674990619609e-04 -1.914296782385457529e+00 4.277095356009692750e+02 1.257313575162601350e-10 -6.974279430435248450e+00 1.648839272359447241e+09
8.037557721021903068e-04 -1.952359632595010552e+00 6.506425721300365694e+02 1.488771192297051003e-13 -4.577212617732831390e+00 1.648839272371927261e+09
7.645824577539395497e-04 -1.987029204745993871e+00 9.290706045313767163e+02 4.244893120049231750e-11 -7.238424228216719492e+00 1.648839272380257845e+09
7.624718476544616215e-04 -1.989083509959590934e+00 9.197742186859140929e+02 7.286475602996629782e-09 -2.987124545529923125e+00 1.648839272394106388e+09
8.611976914669844342e-04 -1.918067029190748674e+00 4.302470728515235692e+02 9.956094182483112132e-15 -3.926932799724639267e+00 1.648839272398293972e+09
7.524818482421715381e-04 -2.001006416228073626e+00 9.903566796857934378e+02 8.824530287493303544e-15 -4.321075045948132853e+00 1.648839272404182196e+09
7.527713974809823252e-04 -2.004292184457007853e+00 9.510774652280689452e+02 3.119912851785917486e-12 -2.213668642551367860e+00 1.648839272406904459e+09
8.118391816815660224e-04 -1.957645430392939367e+00 5.402320698108907209e+02 5.389113858179381308e-10 -6.597072125475123450e+00 1.648839272413480997e+09
8.328380630996198462e-04 -1.933444363314738901e+00 5.556577362871524883e+02 7.290117523403809631e-13 -1.779280129534289934e+00 1.648839272421970129e+09
8.296867304862702661e-04 -1.948362471254307060e+00 4.926320870049669338e+02 4.817733485626657332e-09 -8.307187287866950598e-01 1.648839272424702406e+09
7.760593398802312229e-04 -1.980556872265301305e+00 7.380676494543884019e+02 1.959857708090186694e-07 -4.256677790265655403e+00 1.648839272439177990e+09
7.709905277232411260e-04 -1.992231361936152467e+00 8.306088058089760580e+02 5.556490673562099856e-12 -1.458299716285516467e+00 1.648839272440688133e+09
8.439461812732232523e-04 -1.924788141944711484e+00 5.145603141194133059e+02 6.819785814231048269e-12 -2.286321230330890408e+00 1.648839272442222118e+09
7.633906430662159128e-04 -1.990846289159373450e+00 8.480111900537262954e+02 6.605585502465257080e-09 -4.151666939555047620e-01 1.648839272446211815e+09
7.979028931254058448e-04 -1.962413353478787759e+00 7.165653605922759652e+02 2.538544628184674489e-12 -7.240451049032010644e+00 1.648839272448619366e+09
8.494590667956193825e-04 -1.929737180596248658e+00 4.836001250365543456e+02 3.165950653418112069e-07 -4.061421527411773980e+00 1.648839272452879429e+09
7.525067364366256652e-04 -2.001579179270482456e+00 9.807781594096665003e+02 9.352452608788323327e-15 -1.397148444047529026e+00 1.648839272455524683e+09
7.613700066591096074e-04 -2.000424277303763709e+00 8.577189967661162200e+02 2.576202266526388343e-14 -5.316348240711813666e+00 1.648839272465926409e+09
8.053770085893316357e-04 -1.951072668140345190e+00 6.522270676404273217e+02 3.034062864249748744e-10 -6.881894259606033515e+00 1.648839272466897964e+09
8.472366120855566278e-04 -1.921078873720810432e+00 4.845533464093506382e+02 1.992063726110034396e-09 -6.668123048764010186e+00 1.648839272479996443e+09
7.643600301176504052e-04 -1.997617622273576199e+00 8.008296626165296175e+02 5.927743926193931046e-09 -5.455530960421335784e+00 1.648839272483463049e+09
7.662229482693302431e-04 -1.986051452446140342e+00 9.227073168144704596e+02 3.211624198057593615e-10 -1.766063330053248670e+00 1.648839272492146969e+09
7.773778087500282045e-04 -1.974877117692447781e+00 8.039860645160714512e+02 4.077472151238549780e-09 -2.478567041490314260e+00 1.648839272492583513e+09
7.947783052239298972e-04 -1.970231681197004203e+00 7.114570170994903719e+02 2.865607391310425870e-15 -5.314957795472865953e+00 1.648839272497680902e+09
7.798455808710874886e-04 -1.972641018243392219e+00 7.900503549892182491e+02 2.983236977361851610e-14 -6.513323751035336784e+00 1.648839272503636837e+09
7.934945396663952875e-04 -1.964513549643187806e+00 7.426589531892091145e+02 1.405203030471796359e-11 -4.829082038528335730e+00 1.648839272516407251e+09
7.601741195044896000e-04 -1.992222796739509416e+00 9.163859932824875614e+02 1.674451074964636339e-14 -4.534471905915143708e+00 1.648839272527260065e+09
7.728673651611194396e-04 -1.988716999163580024e+00 8.433062084085946708e+02 2.134990228414159405e-12 -2.186510080794972666e+00 1.648839272535616875e+09
7.590320603744879404e-04 -2.001704358404748696e+00 8.874778549156239933e+02 6.834221395626793536e-10 -4.705692403589161188e+00 1.648839272537883520e+09
7.740434130496617231e-04 -1.988234383989828880e+00 8.294015727234100268e+02 4.322060603031756788e-09 -3.406683337905028530e+00 1.648839272550517082e+09
8.131123887402051231e-04 -1.947650087216893589e+00 5.764520641890115940e+02 1.219127826510650369e-07 -4.705612696029478847e+00 1.648839272553243637e+09
7.733273160083848014e-04 -1.988794406624945221e+00 8.344069813948302681e+02 1.307924620050226126e-12 -4.515834767694402174e+00 1.648839272557099104e+09
7.838349717707822958e-04 -1.972388351762456749e+00 7.010938064351699950e+02 1.712746712438400155e-12 -5.935347812717774119e+00 1.648839272558394194e+09
7.542831554145207860e-04 -2.003930454842984599e+00 9.528885573694331015e+02 1.206288185878846126e-15 -5.009047398082243419e+00 1.648839272562014818e+09
7.761543950521095515e-04 -1.982295546121329632e+00 7.236068941785188144e+02 3.062667286509263419e-14 -3.702846188807725092e+00 1.648839272565440416e+09
8.005565922021230709e-04 -1.957956043929400591e+00 7.006566878616429221e+02 5.075987243315091907e-12 -2.679623943448540047e+00 1.648839272571679354e+09
7.673909775683122794e-04 -1.985158700316537628e+00 9.128339481504261812e+02 8.190038620459053428e-08 -2.082725232196159126e+00 1.648839272572776079e+09
7.725503130714122136e-04 -1.988795696637303267e+00 7.354538460643620965e+02 3.430207901307769281e-09 -3.329264066516691045e+00 1.648839272573348761e+09
8.126630346754096061e-04 -1.953127032616966741e+00 6.335028713792464714e+02 4.296023912836795238e-06 -3.704256986558682740e-01 1.648839272573611736e+09
8.042891759174793922e-04 -1.954929878309804803e+00 6.805299626369854877e+02 2.371833707207542240e-08 -2.835504860001818450e+00 1.648839272579630852e+09
7.597630451339383584e-04 -1.994293389972733976e+00 9.835116423745132579e+02 5.263245113215962343e-09 -4.376911317977800309e+00 1.648839272585074186e+09
8.187197267800479066e-04 -1.943480533040703007e+00 6.109813287184632600e+02 1.877077603954564532e-14 -4.242764408477238902e+00 1.648839272586179972e+09
7.557717633067261194e-04 -1.997549440949998756e+00 9.517921517168425680e+02 8.418480122934805001e-15 -5.305235460166193739e+00 1.648839272590106010e+09
8.552245058441899092e-04 -1.927551539367418965e+00 4.498223410409714234e+02 6.556183468047640908e-10 -2.870687795753669391e+00 1.648839272590863466e+09
7.554237387568485222e-04 -2.002153764423070470e+00 9.145175175584414546e+02 5.011274237572423474e-11 -3.275362954108341107e+00 1.648839272594594717e+09
7.711532544118019630e-04 -1.993750414058638842e+00 7.742967070563653351e+02 6.149422429014144591e-14 -7.503294899787475991e+00 1.648839272594751835e+09
8.419696457619281179e-04 -1.925115013315924717e+00 5.181180232065756854e+02 2.434012145836028607e-08 -5.046166601080511960e+00 1.648839272597496986e+09
7.878255116846681876e-04 -1.969778382712241704e+00 7.767959743095701697e+02 9.724656098721031457e-14 -6.814562146633982742e+00 1.648839272597546816e+09
7.971249072354482995e-04 -1.957982489880425669e+00 6.920522797217001880e+02 2.722815170915153859e-09 -4.013550259009530663e+00 1.648839272599919081e+09
7.890037919466642066e-04 -1.980668589315664807e+00 6.516543851881223191e+02 1.804054788603195909e-13 -4.244577913435600536e+00 1.648839272602054119e+09
7.563381616849663676e-04 -1.999033418549647667e+00 9.128771724343064307e+02 3.872909561078003804e-14 -7.173956649209587866e+00 1.648839272603828907e+09
7.531612075195360818e-04 -2.003782233179430605e+00 9.843381196414674150e+02 4.302837445586061321e-15 -1.020345371372965992e+00 1.648839272604089260e+09
7.712463605149184366e-04 -1.980844584988084467e+00 8.666798286524224295e+02 2.158859099019188761e-11 -3.393504818578395366e+00 1.648839272607259512e+09
7.537190853216567746e-04 -2.002646600561441836e+00 9.986714157851249638e+02 1.285389271022777235e-14 -6.900289887109510190e+00 1.648839272609118462e+09
8.100387047892006458e-04 -1.947786805850053149e+00 6.319184328179781005e+02 3.884719695947366531e-10 -3.945740464992612218e+00 1.648839272611972570e+09
7.548512708989561131e-04 -2.002632428877652249e+00 9.782772072999579223e+02 1.636479077733857705e-14 -5.968843332919160360e+00 1.648839272614363909e+09
7.639950289316163861e-04 -1.988340827877956407e+00 9.340222304709126320e+02 5.607839754906853741e-14 -4.036776651897593382e+00 1.648839272639867783e+09
7.813662702711133504e-04 -1.971480589190132582e+00 7.854843042759936225e+02 2.226839922608297947e-14 -2.207311250782057144e+00 1.648839272640247107e+09
8.556450211020270652e-04 -1.924472189963242208e+00 4.371796593720896453e+02 5.547994927628321632e-09 -5.063679448666984939e+00 1.648839272642503738e+09
7.578952564868902866e-04 -2.001663516519140984e+00 9.276858906930182229e+02 3.116990555002569118e-10 -5.297482283917092971e+00 1.648839272649680853e+09
8.142001743276880855e-04 -1.946692740630782126e+00 6.300734001768073540e+02 1.283806304734513481e-14 -5.539457261963557144e+00 1.648839272651553631e+09
7.539543940074109381e-04 -1.999481039462982945e+00 9.866180145063526652e+02 2.377097159322046239e-09 -4.999992371599654817e+00 1.648839272658058405e+09
8.268986351413873566e-04 -1.936566795323945156e+00 5.344396085815782271e+02 3.110543625498555209e-13 -3.863635868887441482e+00 1.648839272659261227e+09
8.507717037990766926e-04 -1.927898412116776594e+00 4.804374939165178375e+02 2.026890775914942123e-15 -1.683177102802293490e+00 1.648839272662330866e+09
8.166034014858556843e-04 -1.945582388776140981e+00 6.204518670274386523e+02 3.948482842751970220e-12 -4.120455338336109108e+00 1.648839272663469076e+09
8.570035137733273290e-04 -1.923315382584567690e+00 4.358727512836402411e+02 1.094846793227444969e-10 -9.725511107217101880e-01 1.648839272665210009e+09
7.680993682128036239e-04 -1.990400393603851681e+00 7.787465372873087972e+02 2.070620902613198330e-15 -4.316691244377286019e+00 1.648839272667927265e+09
8.087405705281049692e-04 -1.954847953741477573e+00 6.554527933452553725e+02 1.621295919089605539e-12 -2.715553077853627428e-02 1.648839272668418169e+09
7.548659489725824444e-04 -1.998795391595364013e+00 9.649930126356970277e+02 5.449542098405921402e-13 -2.488728847808280520e+00 1.648839272673731565e+09
8.271080176966092703e-04 -1.935457574020355231e+00 5.450482645118589744e+02 1.178048034747126454e-12 -5.410948022552034331e+00 1.648839272675742149e+09
7.620599803936481441e-04 -1.991389647597761936e+00 8.785885242945614664e+02 4.709886746237512418e-12 -3.624837443021230676e+00 1.648839272678264141e+09
7.638625688039116582e-04 -1.988155905026418591e+00 9.098820302760049117e+02 1.876991500365030043e-14 -6.840561969532887865e+00 1.648839272679834604e+09
8.064617007837754804e-04 -1.955610497807803938e+00 5.827159680407125961e+02 5.090880442855399546e-07 -1.336312834342728628e+00 1.648839272686914206e+09
8.138049723532520636e-04 -1.953970081201468201e+00 5.402150468513656278e+02 1.494542984024772938e-13 -6.098173509907232948e+00 1.648839272687159300e+09
8.639902010869535392e-04 -1.912740478968379954e+00 4.487051079016104040e+02 5.875557937403343578e-15 -4.070947003084297577e+00 1.648839272689657688e+09
7.887413722741970674e-04 -1.980648429006796718e+00 6.510972687537349657e+02 6.837868017074262478e-14 -7.007333727036451521e+00 1.648839272690104246e+09
7.539547379710752383e-04 -2.001905588311450046e+00 9.527662515965899956e+02 2.685969061656969651e-07 -1.474333485930039878e+00 1.648839272695807695e+09
8.243286275194077872e-04 -1.943576543456390526e+00 5.151005560967905694e+02 7.507399397137829465e-11 -1.175331310910137539e+00 1.648839272697703123e+09
7.568583300263019781e-04 -1.998070574100101249e+00 9.948297252646262905e+02 1.816699600740787199e-14 -4.881070065598160923e+00 1.648839272702467203e+09
7.621518363680737304e-04 -1.993107321608115656e+00 9.997008720944360221e+02 9.544484160474034493e-09 -6.491200028053671467e+00 1.648839272702977657e+09
7.655383339787340605e-04 -1.993589195524128943e+00 9.067556480854738084e+02 5.596659378952439560e-13 -4.743800348432905878e+00 1.648839272708708763e+09
8.275889386686244688e-04 -1.936948991207405379e+00 5.733418807292695192e+02 1.140054943324053026e-06 -1.175619311469359829e+00 1.648839272709056377e+09
7.674779177033998418e-04 -1.995810469630499906e+00 7.742304873221341950e+02 1.078617194220574227e-07 -4.427251772987153444e+00 1.648839272711054087e+09
7.790338035457987408e-04 -1.973577688448802991e+00 8.069787958424738008e+02 3.547997295096721915e-10 -6.866265165411521210e+00 1.648839272726378918e+09
7.974541054744324229e-04 -1.965430758292252778e+00 7.066768442689623271e+02 1.253964784702090711e-06 -2.278898472645091822e+00 1.648839272726541996e+09
7.936738385264638157e-04 -1.961177513339999345e+00 7.179217079555045302e+02 1.072827088292182653e-15 -3.409472777867250670e-02 1.648839272727411270e+09
7.527579510409813761e-04 -2.005071555982538278e+00 9.594681588314464307e+02 2.723430825269143300e-09 -6.063170741230472949e+00 1.648839272728410959e+09
8.502893817429165238e-04 -1.927346886120003155e+00 4.848198662135740733e+02 1.511540484404440271e-10 -6.384086910080124966e+00 1.648839272732397318e+09
8.558135104124028544e-04 -1.922152973691379607e+00 4.712151412768908472e+02 1.420805304146721064e-09 -1.033894694675880466e+00 1.648839272732608318e+09
7.911800673297225781e-04 -1.964500659241963820e+00 7.480920447779509459e+02 1.262308917721419183e-10 -3.596248290560808414e+00 1.648839272733142376e+09
7.622820639649305514e-04 -1.996456897233383154e+00 9.309733544463794033e+02 4.408665022555969178e-11 -7.873289863822869883e+00 1.648839272735659122e+09
7.617471398655466719e-04 -1.999357026083327327e+00 8.473183258306087282e+02 5.745181311580105802e-13 -6.764802155552080087e+00 1.648839272736204863e+09
8.461352500751319642e-04 -1.923334524646542754e+00 5.041432310870254128e+02 2.711809299351582538e-08 -2.408880452614178935e+00 1.648839272742767572e+09
8.017005770121246296e-04 -1.964220265787589126e+00 5.823055232315085732e+02 8.387363093425915126e-12 -2.138135226628650187e+00 1.648839272759283543e+09
8.126071050730231116e-04 -1.960631201744216900e+00 5.900741370544951678e+02 2.334552593730078277e-07 -1.199367547471229756e+00 1.648839272763170481e+09
7.551664773636133053e-04 -2.001656283193378627e+00 9.264842891012707469e+02 2.120667125677593717e-08 -3.769979947040785540e+00 1.648839272763686419e+09
8.106613866480219316e-04 -1.947630049300090649e+00 6.102708195231732589e+02 2.268932426055416935e-15 -3.322322292491483253e+00 1.648839272763791323e+09
7.973634771087699611e-04 -1.963748529956284461e+00 6.153199083240118625e+02 5.046009706799669449e-12 -2.914281178261202143e-01 1.648839272767990351e+09
7.956708746369330326e-04 -1.975558003973277188e+00 6.284905053693731816e+02 5.681730173908675500e-13 -7.635590024624566041e+00 1.648839272771311045e+09
7.642866584584408554e-04 -1.990682722695354290e+00 8.389015472214209694e+02 2.080832984131038184e-10 -2.024875507210984971e+00 1.648839272777429819e+09
8.130747854810172533e-04 -1.947836178379725558e+00 6.346369461807349808e+02 7.348221867019032917e-11 -3.817489430826691788e+00 1.648839272778421164e+09
8.111975009684631571e-04 -1.947430673231948184e+00 6.036268556182930070e+02 6.265911898395105015e-11 -5.846015680682752347e+00 1.648839272778986454e+09
7.703224985923365136e-04 -1.989925834541169447e+00 7.523131198683925049e+02 2.910651853183878401e-09 -6.081544137250297410e+00 1.648839272779003620e+09
8.166197286357035129e-04 -1.943616975034738292e+00 6.195277375452543538e+02 4.071286019692725939e-09 -6.435125074050557004e+00 1.648839272782173395e+09
7.604764882738568408e-04 -1.996454505327317053e+00 9.579803462297741135e+02 3.089032633916371772e-09 -4.648655380350739108e+00 1.648839272783845425e+09
7.973655935194952360e-04 -1.958445797303126845e+00 7.020003182464217844e+02 1.085042333995488209e-08 -1.431449348105513941e+00 1.648839272784368277e+09
7.653655886586174578e-04 -1.994824795022539288e+00 8.836335882271946502e+02 1.010045462889447299e-06 -2.647164910282009842e+00 1.648839272789696217e+09
8.125190026941483349e-04 -1.952884772852823136e+00 5.514996511510361188e+02 1.023703032120994436e-15 -7.607743768495423886e+00 1.648839272791298866e+09
7.585242237765574009e-04 -1.994222135844493593e+00 9.405460777964658519e+02 8.380232457861332715e-10 -5.989423567268710613e+00 1.648839272808581591e+09
8.401459956572461443e-04 -1.926741338341534604e+00 5.202213741139853482e+02 1.175702917322615670e-10 -4.343775084812165233e+00 1.648839272809722185e+09
7.577934880483436957e-04 -2.001551456836903053e+00 9.161125430603025279e+02 4.429895363857526579e-10 -2.295475884375463238e+00 1.648839272813043118e+09
7.903656994824083144e-04 -1.979305237782214899e+00 6.443084043817775637e+02 5.169031558464017220e-09 -1.575384788211631637e+00 1.648839272813299894e+09
7.840020876381103166e-04 -1.983881680723287522e+00 6.758953421215809385e+02 1.197236338243451876e-15 -2.953996452421921326e+00 1.648839272815999985e+09
8.004514010355084962e-04 -1.971320631973429993e+00 5.931275265611644727e+02 1.176410638981098975e-14 -1.524923982556645186e-01 1.648839272816197634e+09
8.568589551643007902e-04 -1.921187406521782215e+00 4.395873289149835728e+02 1.597319185916856924e-12 -1.143859154666575506e-01 1.648839272819975376e+09
8.218565764466859982e-04 -1.954744055257585433e+00 5.200269795230803993e+02 5.677283637695910474e-08 -2.414463577021887630e+00 1.648839272821102858e+09
8.055065369884337493e-04 -1.966756149437705492e+00 5.686784400749975248e+02 1.543867481912624908e-12 -8.443576318970702488e-02 1.648839272823820829e+09
8.320471685922973875e-04 -1.944591496373782036e+00 5.258192020667532915e+02 2.471780562743247234e-15 -8.653641082794027994e-02 1.648839272834416389e+09
7.646836937018554499e-04 -1.993191159331044737e+00 8.131049174515209188e+02 2.555079031677517334e-11 -1.362922048725629942e+00 1.648839272834836721e+09
7.714622486018326902e-04 -1.988152695864235930e+00 8.654271240741037445e+02 4.657700243459857125e-11 -3.378386687796624877e+00 1.648839272844477654e+09
7.640090639376266330e-04 -1.996146323343673812e+00 8.963485598959530307e+02 5.947373692626241860e-12 -1.466977714003157018e+00 1.648839272845288992e+09
7.545361576362158082e-04 -2.001724218911527853e+00 9.453523792682312887e+02 3.371795102833624874e-11 -7.478991029008964730e+00 1.648839272848117352e+09
7.808380868728979343e-04 -1.977910304745497561e+00 8.144144781038394285e+02 7.259796333424103004e-14 -7.018315492524205723e+00 1.648839272851307869e+09
7.757224319754205599e-04 -1.985814282409238407e+00 8.241557952397262170e+02 1.197201386782069510e-13 -5.284316101245670083e+00 1.648839272856348753e+09
7.650046820207966189e-04 -1.996433657224908842e+00 8.086783535168971184e+02 7.477495727242306062e-15 -5.729543269196026856e+00 1.648839272859297752e+09
7.960564962922830499e-04 -1.966182868483452140e+00 7.167384347324696137e+02 3.120668209221263299e-11 -4.450354029924281640e+00 1.648839272859315872e+09
7.548185782666499326e-04 -1.999902509144267926e+00 9.809686333879625408e+02 3.099174248617487000e-07 -1.635356390017327577e+00 1.648839272864312649e+09
7.854732533253688939e-04 -1.973316321887863989e+00 7.858721089688336860e+02 2.602971030073220523e-13 -6.943408483843624524e+00 1.648839272867033720e+09
7.735674401597240598e-04 -1.980981935207184907e+00 8.694123267161259037e+02 3.841826958812986112e-15 -7.490467616523678096e+00 1.648839272868636370e+09
8.443575936217442152e-04 -1.924176530915465255e+00 5.066774035076566634e+02 1.367713012189754277e-11 -4.576407095201957098e+00 1.648839272875322819e+09
8.093417751648567708e-04 -1.964776143334884040e+00 5.780193544913634014e+02 6.795979197201511501e-13 -4.247229754132947122e+00 1.648839272877196550e+09
7.682806376742666718e-04 -1.996512378768778184e+00 8.188194045352092871e+02 9.866027158155106513e-08 -4.748392082304201622e+00 1.648839272878297091e+09
8.662653352926999234e-04 -1.914462455662599760e+00 4.376672039290272664e+02 8.089820905363443605e-12 -5.203531543729612352e+00 1.648839272878556967e+09
8.015613054283737869e-04 -1.960209380504845056e+00 6.909866087906244729e+02 3.896800776494433002e-13 -5.020998984379581032e+00 1.648839272879444361e+09
8.054818666814259889e-04 -1.951824507424930299e+00 6.324914485931211630e+02 5.209941122786337383e-15 -2.752363244494536509e+00 1.648839272883255243e+09
8.612809400840704512e-04 -1.916052888161309031e+00 4.383676845273005256e+02 1.909347490713901280e-11 -4.846527968928021401e+00 1.648839272883454561e+09
7.544814152206195945e-04 -2.001995182276701701e+00 9.598642170558031239e+02 1.477103561457854032e-14 -4.480163669500820234e+00 1.648839272884102106e+09
8.271537117091209588e-04 -1.939240248553292023e+00 5.745948043963705913e+02 1.296468335340505742e-15 -3.076858750171437507e+00 1.648839272884471655e+09
7.602224222412467007e-04 -1.999893471344359686e+00 8.995195169752772699e+02 2.944069176685016429e-11 -5.274335150697302410e+00 1.648839272885778666e+09
7.654810415195682045e-04 -1.986990666335854083e+00 9.070874478810461596e+02 3.479978135843541678e-11 -2.877681804762521445e+00 1.648839272886049509e+09
8.179907901746014164e-04 -1.943735411910234356e+00 6.100546719883776632e+02 2.467709875716573677e-15 -3.314759769607040774e+00 1.648839272907087564e+09
7.843323877866893680e-04 -1.974787289840191473e+00 7.910501378437071480e+02 2.994084650821959447e-10 -2.167104120454766303e+00 1.648839272913872480e+09
7.724439040267960669e-04 -1.985909192776749155e+00 8.275082069085673311e+02 1.651114130158736270e-06 -2.797030126032684194e+00 1.648839272918233871e+09
7.547854866595621543e-04 -2.000410129202338183e+00 9.607984720819432596e+02 1.766366675551733498e-10 -2.218379046152448630e+00 1.648839272918372869e+09
8.153622770735797142e-04 -1.959933667330837848e+00 5.577571898147670026e+02 1.072603778969573147e-15 -7.951177596571866957e+00 1.648839272923467875e+09
8.195207405014481514e-04 -1.941058085528135191e+00 5.767810487997372775e+02 8.166437111982258633e-14 -4.337546295293234877e+00 1.648839272928748131e+09
8.333660580840443997e-04 -1.945443078316491325e+00 5.027651831034656311e+02 2.322757734204047412e-09 -2.140238015780189684e+00 1.648839272929411411e+09
7.844356580566918136e-04 -1.971875581788946175e+00 7.311763665202416860e+02 3.336474843593632092e-06 -1.619036042854991031e+00 1.648839272930064917e+09
7.591441520645680853e-04 -2.000746015813072987e+00 8.944390123342967627e+02 2.413759913462044289e-11 -7.889787015242067270e+00 1.648839272933472157e+09
7.624279446231753453e-04 -1.987655047616170290e+00 9.403563472384090574e+02 5.529281245378295979e-09 -6.876300278220998763e+00 1.648839272934358597e+09
7.728880261778866851e-04 -1.980286266985423538e+00 8.619324381269348123e+02 2.389971159830635200e-11 -2.923766712039699733e+00 1.648839272935495615e+09
7.554778533975596002e-04 -2.001565245327553200e+00 9.890564852546160637e+02 3.083998533088062061e-09 -6.065415211109140614e+00 1.648839272936148643e+09
8.658200884463673102e-04 -1.915246832245814046e+00 4.292480648668446861e+02 2.947898648710670383e-10 -2.924762757389996359e+00 1.648839272938755751e+09
7.763442301457405652e-04 -1.986484551378452368e+00 7.124758218069414397e+02 2.180118642941072481e-11 -7.284600813539761077e-01 1.648839272942043781e+09
8.002630043643628802e-04 -1.956521073332029736e+00 6.883301152453058194e+02 1.569772788341621940e-11 -6.507259678076392717e+00 1.648839272943466187e+09
7.792543463124685602e-04 -1.977127203391816135e+00 8.288317261060394685e+02 4.620649036593334879e-13 -2.882661430643022271e+00 1.648839272946648598e+09
8.596683400170730465e-04 -1.916766681183154741e+00 4.614160128214447241e+02 5.834482082492116163e-09 -2.193517707957236773e+00 1.648839272947286844e+09
7.759026141227912208e-04 -1.987154434756186250e+00 8.167389126461464457e+02 2.297702029104655145e-07 -4.297839331952081565e+00 1.648839272948328733e+09
7.629541162810268406e-04 -1.996681800243075511e+00 9.058772063432829782e+02 7.310692358497351928e-08 -2.877489672933548626e+00 1.648839272948983192e+09
7.826948929360692808e-04 -1.977365740446545228e+00 8.253392117040996254e+02 3.962074128392267920e-09 -7.579193768053436919e+00 1.648839272950036287e+09
7.846938520568707415e-04 -1.980405138010337796e+00 6.603671388549194035e+02 4.983467090815389381e-10 -1.022417972889548388e+00 1.648839272951088905e+09
7.827912404985492645e-04 -1.981512304217086129e+00 7.746516811701421830e+02 1.955734394653639028e-08 -6.833560799061469737e+00 1.648839272951157093e+09
7.900569076471813989e-04 -1.971970811709424787e+00 7.463431647748881232e+02 2.144440047747396277e-12 -3.078034963002578728e+00 1.648839272960780382e+09
7.608137451724414878e-04 -1.996176380904217229e+00 8.588946640036547251e+02 5.738868175555266795e-11 -6.236374417009427518e+00 1.648839272963010788e+09
8.651784042767631921e-04 -1.913647583841477484e+00 4.346988658767003812e+02 2.409123667370096287e-11 -1.894293087101813988e+00 1.648839272966586113e+09
7.830159543897638030e-04 -1.975771036733234398e+00 6.888595632907412210e+02 2.421271919142641798e-10 -6.147021135208090570e+00 1.648839272966735601e+09
7.666310480454690103e-04 -1.986246674310089055e+00 9.144905970841570024e+02 6.452931906254157467e-10 -6.639681814690142403e+00 1.648839272974929094e+09
7.646171286353332756e-04 -1.991822147686258759e+00 9.288708105462831099e+02 1.129199363892841060e-14 -5.936124155557958915e+00 1.648839272976863861e+09
8.032509633019524562e-04 -1.961553799308954460e+00 6.737509873118356154e+02 2.054508777457811093e-06 -1.102814632729649524e+00 1.648839272978240490e+09
7.876967281876412095e-04 -1.966487769990976187e+00 7.474965528318573433e+02 2.251027167482087433e-11 -2.862000432819926665e+00 1.648839272987332344e+09
8.160431581168112224e-04 -1.945328457130321098e+00 5.680329851003215254e+02 9.381233850635847238e-13 -2.752936537478618995e+00 1.648839272990076542e+09
8.008168610493052999e-04 -1.971301935427905105e+00 6.102134041453509781e+02 5.637815045334179029e-14 -4.594219155247138531e+00 1.648839272991445303e+09
7.786183440312715882e-04 -1.983476275414504997e+00 6.992435793762506364e+02 2.358990644801510272e-14 -2.860944767010803247e+00 1.648839272991829157e+09
7.731350177916356675e-04 -1.991209835373333181e+00 7.461254808642451053e+02 8.341555316380924206e-12 -2.516163720342519561e+00 1.648839272993225336e+09
7.768497555371887226e-04 -1.976550544048162106e+00 7.843055856681652358e+02 1.520912520042271739e-15 -6.288350614143064732e+00 1.648839272996115446e+09
7.640324530263411509e-04 -1.988765894621921326e+00 9.177714547003756707e+02 2.600565837957249241e-12 -1.416827592113064860e+00 1.648839272999646902e+09
8.507039435730725033e-04 -1.929097326603656182e+00 4.763489331056680385e+02 1.286007666409034126e-08 -5.342290151113915364e+00 1.648839273009707212e+09
7.936630486783538899e-04 -1.971077376518959756e+00 6.173390060195206388e+02 3.079012277440502617e-11 -7.437093351017677101e+00 1.648839273014268398e+09
8.199297267598988463e-04 -1.952725268799951674e+00 5.758992584930676912e+02 7.393767130118597468e-09 -1.226073549805249741e+00 1.648839273014561653e+09
7.642773616499998245e-04 -1.992469989773434147e+00 8.275982740880484698e+02 3.413614413130260779e-10 -4.684189950432980254e+00 1.648839273019857407e+09
8.464036655158294238e-04 -1.931982711031707822e+00 4.877077872052786915e+02 5.954034936921737086e-15 -4.971291541525461710e+00 1.648839273029003859e+09
7.806078545367779297e-04 -1.982682559382925813e+00 7.810075059286831447e+02 4.653292884536963003e-09 -4.051055276582173903e-01 1.648839273029342175e+09
7.616021216094732548e-04 -1.998101005609419500e+00 9.039855780169826858e+02 4.358562415586435068e-09 -3.299572918868235227e+00 1.648839273033090591e+09
7.957159225334478614e-04 -1.963005540351559608e+00 6.386132851945309312e+02 2.019835730055105718e-10 -4.272137345910477002e+00 1.648839273033443689e+09
7.891258333039184942e-04 -1.970168687568277122e+00 7.609907119321799200e+02 2.266926517894415636e-15 -5.190617445935513885e+00 1.648839273034087658e+09
8.419356768303892964e-04 -1.934072389620757448e+00 5.071155597195011069e+02 3.896426904593949674e-10 -2.879747483267128594e+00 1.648839273035628080e+09
8.618004794013945811e-04 -1.919543477229612272e+00 4.442894862064739527e+02 9.621840006047262725e-12 -3.040950416954153468e+00 1.648839273039315224e+09
7.571997443812662201e-04 -2.000977713206015807e+00 9.294267412404706192e+02 5.678237499183783312e-10 -5.071245052254754526e+00 1.648839273040450096e+09
8.434299788412524422e-04 -1.935338201963921145e+00 4.920851360915302166e+02 2.163653469073441316e-07 -3.289646870650665633e+00 1.648839273041717052e+09
7.622837239289786048e-04 -1.996076016353926619e+00 8.396089215435843016e+02 2.195409085424197408e-15 -1.754848307205978841e+00 1.648839273041898727e+09
7.702160367949337444e-04 -1.993067851726295858e+00 7.691078872195956819e+02 6.868068394108086485e-11 -4.572410372936655421e+00 1.648839273042630434e+09
7.861581420177490322e-04 -1.969058232605757075e+00 7.750475451187353428e+02 5.441566934469596619e-13 -4.064635417384745431e+00 1.648839273044587851e+09
7.741927276788373698e-04 -1.980355287191932767e+00 8.721961764092794738e+02 3.556077467129302448e-09 -6.274714054462574353e+00 1.648839273044792175e+09
7.793699849535435558e-04 -1.983665156645870065e+00 6.825987964846707428e+02 2.581902041593208523e-08 -5.692634240944962620e+00 1.648839273045480728e+09
7.624289046119175992e-04 -1.997554294019019849e+00 8.394331356759244045e+02 3.845608870003195351e-13 -7.108760206258359915e-01 1.648839273048747778e+09
8.570947496025730240e-04 -1.917681517658287316e+00 4.682100023486487999e+02 5.393869645217037590e-10 -3.326896168392718955e+00 1.648839273050205708e+09
7.677505018255322868e-04 -1.992567448114496376e+00 8.727918414046042699e+02 4.263522857676454166e-15 -1.283134330041428406e+00 1.648839273052720547e+09
8.445684961589147027e-04 -1.935997599554427406e+00 4.733162049666923963e+02 2.831383674295875124e-13 -7.297959599346658166e+00 1.648839273053741455e+09
7.903037991316025921e-04 -1.977896928152509171e+00 6.900517388524564240e+02 2.850088029547489751e-10 -1.530822130282008864e+00 1.648839273060137987e+09
7.959580306263028563e-04 -1.974156280222685078e+00 6.517996884416710373e+02 5.158998055987231314e-11 -1.031560037834102772e-01 1.648839273060352087e+09
7.727528443711438903e-04 -1.980271762878881736e+00 8.534574577228958105e+02 4.026448057778534818e-13 -2.975501776551351618e+00 1.648839273062114239e+09
7.860252059955404871e-04 -1.970070814676130322e+00 7.800626849792907933e+02 4.411479241786049802e-10 -8.761684008748336083e-01 1.648839273063107491e+09
8.510386106554545128e-04 -1.929007431193679789e+00 4.706116458813511372e+02 6.639065995703265658e-12 -4.148940370844442782e+00 1.648839273064207077e+09
7.725822317958820325e-04 -1.984420776427208377e+00 7.626048836416699714e+02 3.369566941336749341e-08 -3.318491512699953461e+00 1.648839273082118988e+09
7.949327829762529909e-04 -1.968717445799122556e+00 7.133693147087451507e+02 2.635163760196474448e-09 -3.594241390979772355e+00 1.648839273082556486e+09
7.982601970822333090e-04 -1.960653849102311330e+00 7.083932712860982974e+02 1.046616481539901385e-12 -5.527584051263023213e+00 1.648839273083859444e+09
8.200572691409216929e-04 -1.952965816490150441e+00 5.183829713262615542e+02 9.526332215880781261e-10 -1.860234229136599637e+00 1.648839273084647655e+09
8.188795944653007742e-04 -1.956194085665620364e+00 5.575630067633773024e+02 1.652615858096653720e-08 -1.882173524562640310e-01 1.648839273085975170e+09
8.106056702479463860e-04 -1.957788691712035289e+00 6.276743928582894796e+02 1.219353226977833726e-08 -4.411668159767389241e+00 1.648839273086099148e+09
7.823697410188464258e-04 -1.973019839062128078e+00 8.026735402725986432e+02 1.918647782560584720e-11 -6.874053098968286868e+00 1.648839273092777729e+09
7.735278293291969866e-04 -1.988513891102740683e+00 8.244761528158887813e+02 5.400593744772333091e-12 -5.043267933627504362e+00 1.648839273095271587e+09
7.876322287619839891e-04 -1.977259238837337119e+00 7.355620048890015141e+02 9.592440450568911410e-08 -2.021259251732231199e+00 1.648839273097139359e+09
7.604745324222110525e-04 -1.995394834377524518e+00 8.759014652225253030e+02 6.974598234781317012e-13 -9.677971863003813624e-01 1.648839273100592852e+09
8.151261702957813843e-04 -1.959951359890840461e+00 5.572892187293542747e+02 5.721415429375251178e-15 -4.335436005532670833e+00 1.648839273102994919e+09
8.407311555077907244e-04 -1.928143053087835845e+00 4.895052599215392206e+02 5.799532922571079955e-12 -1.821829460151334068e+00 1.648839273104610682e+09
8.272288949248729787e-04 -1.935858004922422548e+00 5.452717406970181173e+02 2.030535704223638486e-08 -8.802254869213674837e-01 1.648839273108201027e+09
8.071251288977326650e-04 -1.954000517884135313e+00 5.889217047180704867e+02 1.625146581546566355e-13 -1.573202295374038329e+00 1.648839273108561993e+09
7.979664477299958699e-04 -1.958292411661507249e+00 6.947635049035690145e+02 1.864471233935791176e-14 -1.707509864979428471e+00 1.648839273113558531e+09
7.961185816298170731e-04 -1.974472785543799347e+00 6.165388888519295278e+02 2.131829754506769069e-09 -4.184821444129961598e+00 1.648839273116641998e+09
8.614246245313581180e-04 -1.915762027667149425e+00 4.538208632763418677e+02 7.164212315584446623e-10 -5.659264506807287987e+00 1.648839273122479200e+09
7.647674744251568933e-04 -1.989714788128672307e+00 8.504458843574734601e+02 4.414666445184327321e-13 -6.846161368167884120e+00 1.648839273123094797e+09
7.801769744129716895e-04 -1.975477876089735574e+00 8.184124185270676435e+02 6.814280201743712272e-15 -5.175506015983658337e+00 1.648839273123577356e+09
8.121257251433484925e-04 -1.950601611694480431e+00 5.670786318842025366e+02 3.378323761530809822e-13 -6.475348591651419738e+00 1.648839273125808001e+09
7.814685686870922153e-04 -1.972674517337392519e+00 7.503989284967460662e+02 5.293699275324856220e-15 -4.514910731335221250e+00 1.648839273129280567e+09
8.108957435210145670e-04 -1.961825619490940031e+00 5.498708267558976104e+02 3.062363710259464369e-14 -2.206915351658791380e-01 1.648839273129454851e+09
7.677665336757950919e-04 -1.994920018127141148e+00 7.992634319927086608e+02 9.930269397946324136e-15 -3.037806347802325391e+00 1.648839273131050348e+09
8.025620946620956988e-04 -1.954462035522705587e+00 6.454903912654899614e+02 1.180117942210248146e-15 -3.721335259362002823e+00 1.648839273137625933e+09
7.712053232409169564e-04 -1.983135044924231982e+00 8.792569789727036778e+02 2.279578674419241731e-11 -2.263055370364820185e+00 1.648839273138120651e+09
7.982430758937253531e-04 -1.959951593387677438e+00 6.276910716761195772e+02 4.186466384320209164e-09 -6.796240362934200974e+00 1.648839273139081240e+09
7.881956635033945859e-04 -1.977931548941024964e+00 6.434174184522876203e+02 1.822077067700379328e-09 -4.223728933357243420e+00 1.648839273141706944e+09
8.086196834255499890e-04 -1.948962402258763937e+00 6.148108838291639131e+02 1.105587003895250228e-08 -6.712014779959314836e+00 1.648839273141828299e+09
7.885458558385704565e-04 -1.968134668262904619e+00 6.842675324194369750e+02 4.312718686620218375e-15 -1.042861210328212884e+00 1.648839273147221565e+09
7.605103376667548491e-04 -1.994239364889313748e+00 9.531338479767210856e+02 2.742479242931154376e-15 -5.671108861372390564e+00 1.648839273150205135e+09
7.554350657672303593e-04 -1.999330463134242564e+00 9.884557737890103226e+02 3.053534551181099871e-10 -7.299126054871396541e+00 1.648839273152884722e+09
7.804626406063640666e-04 -1.978182442909790506e+00 8.127236699781832385e+02 3.026159356179208356e-08 -1.473096593788199904e+00 1.648839273154600620e+09
8.134966767435268097e-04 -1.947422430807109750e+00 5.776988843902807957e+02 1.765269528480250861e-15 -1.597558731199124615e+00 1.648839273155426264e+09
8.407738064611723194e-04 -1.935667374926990369e+00 4.680902350854037195e+02 1.540984633209733344e-14 -5.962055585113131606e+00 1.648839273157660246e+09
7.683858773433868607e-04 -1.986281213521528421e+00 9.002219664376721084e+02 5.466194301764093533e-13 -5.388109159109345292e+00 1.648839273174206495e+09
7.692817298500266836e-04 -1.991634328177220414e+00 7.706758145532877506e+02 5.508209082734433293e-11 -7.169148436227779086e+00 1.648839273174904585e+09
8.561129145097877945e-04 -1.921950444808806946e+00 4.671156288604518068e+02 2.960088187074355801e-07 -8.842510990109042623e-01 1.648839273176173925e+09
8.561129145097877945e-04 -1.921950444808806946e+00 4.671156288604518068e+02 2.960088187074355801e-07 -8.842510990109042623e-01 1.648839273176173925e+09
7.646472611348986703e-04 -1.989396399894080680e+00 9.111446099917642414e+02 5.969533888549693976e-07 -2.365039785496628966e+00 1.648839273186710358e+09
7.989426507788319415e-04 -1.969734466320244071e+00 5.933333104618888001e+02 9.717918655170445580e-14 -4.866262420806187983e+00 1.648839273186996937e+09
7.593729876669871696e-04 -1.999051443702144049e+00 8.977117063108394177e+02 6.054590524456966390e-07 -1.757660486757510299e+00 1.648839273187738895e+09
7.636091572476242642e-04 -1.994391394962894415e+00 9.162994493264468474e+02 2.605354616486271434e-14 -4.738870073219320744e+00 1.648839273188941956e+09
7.584567421290864999e-04 -1.999783547642263404e+00 9.048756867760730529e+02 6.496484593143608380e-13 -4.479951325467474099e+00 1.648839273190687180e+09
8.337775572846934996e-04 -1.943456194423104799e+00 4.847668025539855989e+02 1.380359214618578071e-11 -4.181359509161230115e+00 1.648839273193346739e+09
7.667845450983088937e-04 -1.993469665895305054e+00 8.739067281373277183e+02 1.165074453141633633e-10 -4.337016893844096721e+00 1.648839273194867134e+09
7.733618339714981669e-04 -1.991217490992108541e+00 7.659832837230294444e+02 9.139301217800435475e-09 -1.400056438342073939e+00 1.648839273196898222e+09
7.686646660014075181e-04 -1.988279473596700209e+00 8.941491364817659360e+02 1.110534696827112053e-13 -6.023690066617703565e+00 1.648839273199072361e+09
8.458848847269357903e-04 -1.923494840656946314e+00 4.973161727194320179e+02 4.184710817607807983e-14 -4.869924714623220297e+00 1.648839273203973532e+09
8.300471727322195764e-04 -1.947716663588929364e+00 5.130777235362443207e+02 3.800371085191509386e-07 -1.433351186606246053e+00 1.648839273207447529e+09
7.881008365743954981e-04 -1.980568007713474854e+00 6.622600677109613798e+02 5.875882580137509402e-13 -6.601620503771020942e+00 1.648839273207550287e+09
7.936643000153873395e-04 -1.961770174834661873e+00 6.922959726586379929e+02 9.847352061164038949e-11 -5.292163407239566908e+00 1.648839273207798481e+09
7.642722294582003553e-04 -1.996555440328496633e+00 8.887867921811508722e+02 4.777435927875878130e-08 -4.625690053386289691e+00 1.648839273208196163e+09
8.180911274169714621e-04 -1.944555417809765707e+00 6.086782758746186346e+02 2.712270367939345240e-14 -2.183864336347658863e+00 1.648839273208584070e+09
8.523600010665118194e-04 -1.927970856465822447e+00 4.651761842463515677e+02 1.609678687501432837e-13 -9.987058276112819044e-01 1.648839273211587906e+09
7.673030066241944610e-04 -1.994053122138402134e+00 8.575172546294612630e+02 3.017137111322412668e-08 -4.006428973321345843e+00 1.648839273212189436e+09
7.716810730398321848e-04 -1.981595231368084242e+00 8.266678909380080995e+02 1.066315929459294811e-11 -1.503114281629498450e+00 1.648839273221312761e+09
8.123710022515468138e-04 -1.956814822513235574e+00 6.158383716682656086e+02 1.660605475364575742e-10 -2.957868449276018552e+00 1.648839273222764492e+09
7.666150092515248982e-04 -1.995538685317618466e+00 8.280436026818226765e+02 5.291345596707663264e-14 -4.010198566045741764e+00 1.648839273227153301e+09
7.960083679407183250e-04 -1.962332996481046976e+00 7.174320577267408225e+02 4.130559636726894142e-07 -2.594698657093032601e+00 1.648839273230958223e+09
8.019142600472767149e-04 -1.970184939707671390e+00 6.169496698390421443e+02 1.953558824505783636e-09 -6.245829267744864133e+00 1.648839273231575727e+09
7.934693673004970804e-04 -1.966065421114140843e+00 7.339151307467659535e+02 6.658738123117370598e-08 -3.319557271961906864e+00 1.648839273232503653e+09
7.622310410296413144e-04 -1.993540820272456493e+00 8.621688120486097660e+02 7.333496437238718935e-11 -3.424171595463091577e+00 1.648839273234267473e+09
7.868313228901574171e-04 -1.976773815202053086e+00 7.481330596690293078e+02 6.687118576085470051e-12 -6.434561582213500941e+00 1.648839273235973120e+09
7.617438463116151361e-04 -1.991864613149971763e+00 9.270529472291278807e+02 1.894633782338712134e-09 -2.902390654311401974e+00 1.648839273237718821e+09
7.675142093075997462e-04 -1.991145711231481652e+00 7.928238314853363136e+02 8.335041115248566565e-15 -7.449118261867862856e+00 1.648839273237744570e+09
8.382441303177746170e-04 -1.929396927284919627e+00 4.974852447385894720e+02 3.981042515671965415e-08 -5.341877319431851845e+00 1.648839273243297100e+09
8.126109376809519417e-04 -1.957679026465017902e+00 6.084589438122217189e+02 2.405034658039695591e-13 -4.856912716910859018e+00 1.648839273243815422e+09
7.859601692071077877e-04 -1.970710283374879079e+00 6.960593069492738323e+02 1.405100834712665512e-10 -5.359825937620769309e+00 1.648839273245285034e+09
7.838223470519756902e-04 -1.977687951011400713e+00 7.774883185160032326e+02 1.403298997890491141e-13 -7.680029366671366375e+00 1.648839273247005701e+09
7.933216022631829449e-04 -1.975703508909743888e+00 6.703167353754405440e+02 1.631691399114248185e-09 -5.286469276248612736e+00 1.648839273247324705e+09
7.771738753351626781e-04 -1.987470297708447742e+00 7.730229211719938576e+02 2.954001419145448548e-07 -2.410577826604454188e-01 1.648839273247750044e+09
8.128408005648585493e-04 -1.946825475189721155e+00 5.948736665438431146e+02 6.771059797178436294e-15 -4.432163160225687903e+00 1.648839273248746872e+09
8.461974915993291995e-04 -1.925276733645602256e+00 4.730884709535987440e+02 2.020934535522375835e-10 -3.630607541177000464e+00 1.648839273248788118e+09
7.890653892909980189e-04 -1.977993148300643433e+00 6.609660585053804880e+02 2.633430280804790779e-06 -1.836204218353583606e+00 1.648839273249766588e+09
7.801420955610528308e-04 -1.974566777090098535e+00 7.481019874953824456e+02 3.717582691909837559e-14 -3.541494747311801916e+00 1.648839273250099421e+09
8.094391178323120635e-04 -1.963231612911009449e+00 5.573183182035841128e+02 1.537121399907263053e-15 -5.434373290777603671e+00 1.648839273252252817e+09
7.949710835913056462e-04 -1.960698966522224307e+00 7.033421050511313979e+02 2.618381712724073896e-14 -9.867495401162145185e-01 1.648839273256102562e+09
7.822116904912262579e-04 -1.976881771130767351e+00 8.266864985688908973e+02 3.332182411164946321e-09 -7.859341286173984642e+00 1.648839273257491827e+09
7.919501795597773440e-04 -1.965130574173906242e+00 7.405728084123077224e+02 1.648255119999587073e-12 -4.895711066371466025e+00 1.648839273258436441e+09
8.016960695324672030e-04 -1.968698650509160153e+00 6.355352369983465906e+02 4.675811683127418885e-12 -5.349955916407169276e+00 1.648839273261121511e+09
8.164752341477937020e-04 -1.958511701669833460e+00 5.397714804196376690e+02 1.157742865761622258e-11 -2.175406969937506041e+00 1.648839273264758587e+09
8.096464583851506035e-04 -1.961733011137085647e+00 6.080830329585309073e+02 7.309206029649735465e-09 -2.944567714058125674e+00 1.648839273266645908e+09
7.864063358129500577e-04 -1.969938849554717653e+00 6.982880321532692278e+02 3.336212777652487041e-09 -1.399784230189648149e+00 1.648839273274061680e+09
7.829530470405040568e-04 -1.981363290564152280e+00 7.568900023363373748e+02 2.427881501656885944e-10 -2.367100296241204660e+00 1.648839273275356054e+09
8.054821617934163893e-04 -1.967990307321714427e+00 5.997653872487907165e+02 1.363659731223153159e-07 -4.415477586452536407e+00 1.648839273276382208e+09
7.724973287865413143e-04 -1.991505303426112761e+00 7.611338620298928390e+02 1.893992346563270353e-08 -5.243559860759292590e-01 1.648839273276510477e+09
7.634997624626776872e-04 -1.990257079061533485e+00 8.851115507156652029e+02 1.524732052769530454e-10 -1.593988411042813524e+00 1.648839273277611017e+09
7.664886503321104941e-04 -1.995939757396748115e+00 8.100233155494731818e+02 4.606763167926423247e-08 -4.232638251949357056e+00 1.648839273278936386e+09
8.025717909149833245e-04 -1.961968089182844377e+00 6.748816839089719224e+02 1.576171271915041734e-10 -7.127763354310281407e+00 1.648839273280935764e+09
8.372815219414310971e-04 -1.940445183995832323e+00 5.055268667985219508e+02 7.282477123744385714e-11 -1.130809495112190532e+00 1.648839273284116745e+09
8.153129847692186473e-04 -1.945889579834768401e+00 5.738792407004076495e+02 2.077223984354868716e-10 -4.123211748042650449e+00 1.648839273290434837e+09
8.276075716193114070e-04 -1.937333664652356235e+00 5.783911002722610419e+02 1.695670146991857246e-09 -7.435305960269442238e+00 1.648839273291698933e+09
7.671813043972878924e-04 -1.990108062918113152e+00 8.044171966226048198e+02 6.498799884880485831e-14 -6.664491913284455116e+00 1.648839273295851946e+09
8.199036223930817073e-04 -1.952500867728193867e+00 5.752949534960036999e+02 9.974233559226757471e-15 -6.813387800403936545e+00 1.648839273297625542e+09
7.684190114729349099e-04 -1.994044585495547972e+00 8.252617550573622793e+02 1.962794051624057929e-09 -5.008048499107573548e+00 1.648839273299045801e+09
7.813448695415635414e-04 -1.985097645441341152e+00 6.959283107078382500e+02 3.309744186983051361e-11 -2.482474989518257402e+00 1.648839273300220490e+09
8.003346024986734411e-04 -1.967011793737329484e+00 6.168394264955994686e+02 9.080463763607426148e-09 -7.511443475397190817e+00 1.648839273300395012e+09
7.669755077522975991e-04 -1.992234191364270712e+00 8.834011895752736336e+02 2.177913332478412143e-12 -5.011928361884657512e+00 1.648839273301938295e+09
8.337747335005975171e-04 -1.933861786926236448e+00 5.457998289169119062e+02 1.056033872616099923e-09 -1.677286117676251465e+00 1.648839273302627802e+09
7.674305417095791471e-04 -1.987666734520536327e+00 9.035868712773419702e+02 3.038815201971161080e-15 -1.171131111275097503e+00 1.648839273305981636e+09
8.155969569562449614e-04 -1.959388408864621400e+00 5.469607288965175940e+02 6.239957930340214330e-10 -5.307921941612878669e+00 1.648839273307089090e+09
8.310117358742004313e-04 -1.945078338067797841e+00 5.274139278976808782e+02 5.353052664310467754e-13 -3.682360912083520788e+00 1.648839273308292866e+09
7.858824350617638586e-04 -1.968431420740524906e+00 7.413437036169270868e+02 1.882769053384420315e-07 -5.507748210718483861e-01 1.648839273309671640e+09
8.355530287799003931e-04 -1.932156366939230319e+00 5.021792764734210550e+02 5.487996345054837381e-13 -3.583016501909824569e+00 1.648839273312834978e+09
7.897640476721669777e-04 -1.967385580107033682e+00 6.769231187462825119e+02 4.752302082915128553e-13 -6.515132990099519184e+00 1.648839273314389944e+09
7.774828164586951610e-04 -1.976599096746910922e+00 7.752973132635471529e+02 5.116782894474930791e-15 -5.670908215689363985e+00 1.648839273316359997e+09
7.724676737551350054e-04 -1.990896876847212393e+00 8.005058759185679946e+02 6.858061051750984404e-14 -5.216073546626436297e-01 1.648839273323614597e+09
8.047725135742015432e-04 -1.953222373735633788e+00 6.285117568514452842e+02 1.042343378475707829e-12 -2.319107009962645627e+00 1.648839273325250149e+09
7.929345832507036151e-04 -1.966643762229785430e+00 7.353323193144608467e+02 1.541613982517019724e-14 -5.231924737342323439e+00 1.648839273325838089e+09
7.901795435865867790e-04 -1.965434825751441794e+00 6.960803567375388639e+02 1.262874937614038189e-11 -7.902073436952512964e+00 1.648839273326425314e+09
7.672517460368522392e-04 -1.989172154697040895e+00 8.114023617290779384e+02 5.257813420998160526e-13 -1.806604999333054629e+00 1.648839273326722860e+09
7.787777904392790542e-04 -1.984381697853026427e+00 7.360459924343167586e+02 8.873189932181409548e-08 -5.774958178389207220e+00 1.648839273328376770e+09
7.787777904392790542e-04 -1.984381697853026427e+00 7.360459924343167586e+02 8.873189932181409548e-08 -5.774958178389207220e+00 1.648839273328376770e+09
7.902627204259758372e-04 -1.976414959785489867e+00 7.052506269062816955e+02 9.626143524271178788e-12 -3.639550577777110441e+00 1.648839273329969645e+09
7.610438641386217543e-04 -1.997325488646488623e+00 8.448074548373020889e+02 8.590533660936685964e-08 -5.429066205651492893e+00 1.648839273331685543e+09
8.322821113705806701e-04 -1.934752915303652232e+00 5.510629049715195151e+02 1.840807954809581882e-07 -1.236405289572415356e+00 1.648839273332764149e+09
7.989897618196641592e-04 -1.969005798548654651e+00 5.942452033448205384e+02 4.427856566883023757e-08 -1.447486447169840318e+00 1.648839273334579945e+09
8.038431410555703762e-04 -1.954294368747548472e+00 6.273415497781990098e+02 1.889631769477279478e-11 -3.806217381782772691e-01 1.648839273338727951e+09
7.787947605150538979e-04 -1.975497693182384662e+00 8.144627878338702658e+02 3.458524821943014307e-09 -1.913735195438837522e+00 1.648839273340763807e+09
8.190725417662252051e-04 -1.951310893898144050e+00 5.882587921556166748e+02 3.105316177150248300e-15 -5.088771025377913482e+00 1.648839273345834255e+09
8.218794894314329592e-04 -1.953079725389847088e+00 5.173907964688346510e+02 1.465405795115226950e-14 -4.140620221008914470e+00 1.648839273352187157e+09
8.613089123731199536e-04 -1.916557485848974673e+00 4.496940611325827604e+02 3.035412511932849650e-14 -1.764499293121676082e+00 1.648839273353609085e+09
8.367970396741024547e-04 -1.941845957017420687e+00 4.965261405516559421e+02 1.536215250926883254e-14 -1.681487416247939848e-02 1.648839273355127573e+09
7.564566335608798346e-04 -1.999593443740603327e+00 9.732982257124936041e+02 2.052853801072602950e-10 -7.751197324543637635e+00 1.648839273358710527e+09
7.839507099782250287e-04 -1.970228906799670110e+00 7.614254291746698300e+02 5.926978276323380401e-12 -2.474227838134546609e+00 1.648839273359014034e+09
7.646135683714138775e-04 -1.991259293803714359e+00 9.193822139431576943e+02 1.222557533916079594e-11 -4.729689637490307241e+00 1.648839273361304045e+09
7.646135683714138775e-04 -1.991259293803714359e+00 9.193822139431576943e+02 1.222557533916079594e-11 -4.729689637490307241e+00 1.648839273361304045e+09
7.762724564226629537e-04 -1.980556017863030149e+00 8.409259315941219484e+02 2.386831983901942631e-12 -3.310508857805365857e+00 1.648839273362107754e+09
8.573995632034008083e-04 -1.917543036036353676e+00 4.561926173559193103e+02 2.204702132837813399e-11 -3.836631134303993385e+00 1.648839273363330364e+09
8.024642231490870109e-04 -1.956548512953159014e+00 6.807608829769256999e+02 3.524383628540019493e-14 -3.851814954020436943e+00 1.648839273366599083e+09
7.782365474350319513e-04 -1.987154109127345913e+00 7.495857059232602069e+02 6.949460504668180702e-13 -5.374765985138632907e+00 1.648839273367993116e+09
7.622690361515609006e-04 -1.991605694610500077e+00 9.130347911296686334e+02 4.547125465339519483e-14 -5.432180813768972882e+00 1.648839273368278742e+09
7.598000641816148124e-04 -1.996657201051232011e+00 8.917485362427240716e+02 1.090098088147376141e-12 -5.855583571283797362e+00 1.648839273372540474e+09
7.760279656721353432e-04 -1.980701914461602264e+00 8.424413156463881478e+02 7.028411931899125635e-14 -7.596980271989556499e+00 1.648839273374693632e+09
7.802245056450930055e-04 -1.978172338612703030e+00 8.119767150847698076e+02 9.999922016661330966e-10 -5.096400856754295106e+00 1.648839273375909328e+09
8.595203020498289525e-04 -1.917259491735966215e+00 4.561626027930533951e+02 2.382006691334470270e-15 -5.953870802918451943e+00 1.648839273378007412e+09
8.029731945876989385e-04 -1.964609677197286075e+00 5.790723693488914705e+02 4.135320209294970441e-09 -2.881331243826560140e+00 1.648839273382083893e+09
7.764478817140025788e-04 -1.988621162168440426e+00 7.125006247145242924e+02 2.078351266802132196e-09 -6.706309592965570943e+00 1.648839273382328987e+09
7.758443377403295531e-04 -1.981286065718986134e+00 8.426676680978708873e+02 1.051447566560250908e-12 -5.214970828923000568e+00 1.648839273386260271e+09
7.696274334659754029e-04 -1.987458636638034903e+00 8.827262458408365546e+02 3.994572571561817912e-13 -7.429116831729972503e+00 1.648839273389886618e+09
7.596160274272015277e-04 -1.995242776662651485e+00 9.349526174113721027e+02 5.055848281584840785e-14 -1.806400439372357170e+00 1.648839273390398026e+09
8.205179563791307204e-04 -1.943014277521792010e+00 5.968773585367501937e+02 1.577290379672033564e-10 -4.994315468794274793e+00 1.648839273392408848e+09
7.868029843898098662e-04 -1.972059253098594311e+00 7.707394361537171790e+02 1.669867720265595496e-14 -1.408551391500374450e+00 1.648839273393495560e+09
7.974966625933926651e-04 -1.967240776660376778e+00 6.931294655876349680e+02 1.075162774729872843e-12 -6.565414955764632410e+00 1.648839273393511057e+09
8.318680248037994612e-04 -1.937277648977925093e+00 5.512515900493705203e+02 1.079815909608757383e-12 -2.846880932850382351e+00 1.648839273395817280e+09
8.132499426013534627e-04 -1.959708699363818418e+00 5.437388335710227238e+02 1.129550359864515884e-08 -3.651646373738898887e+00 1.648839273399904251e+09
8.132499426013534627e-04 -1.959708699363818418e+00 5.437388335710227238e+02 1.129550359864515884e-08 -3.651646373738898887e+00 1.648839273399904251e+09
8.221971573535880474e-04 -1.944912503126756675e+00 5.885523544849261270e+02 8.464021313957467530e-09 -5.259059007666904151e-01 1.648839273401045799e+09
7.738053177645376869e-04 -1.988238403239208862e+00 8.167729968681345554e+02 2.516285902371553262e-11 -3.002351198798226761e+00 1.648839273405377150e+09
7.997762486519175047e-04 -1.962288667508271800e+00 6.938229024873267008e+02 3.015678180119345935e-11 -2.934586703948215636e+00 1.648839273410579205e+09
8.263873713562138335e-04 -1.938241979604232501e+00 5.716473244556810869e+02 1.181144865271296717e-12 -3.141657446194621173e-01 1.648839273413102865e+09
8.192250423739911745e-04 -1.941921404529991957e+00 5.770396094868988257e+02 4.313027395277116533e-12 -2.510683763416438730e+00 1.648839273414938450e+09
7.814778021672398991e-04 -1.973898460332749849e+00 8.334061266724767165e+02 1.606228700036791074e-09 -7.712651978800423080e+00 1.648839273423659325e+09
7.966995734358869874e-04 -1.971171172464530219e+00 6.723444736313224439e+02 6.548554227206212333e-15 -3.337137616264342910e+00 1.648839273427054882e+09
8.516480989834028428e-04 -1.926979050288881501e+00 4.500850215869534168e+02 9.386047975661175822e-12 -5.853175491122307506e+00 1.648839273427107096e+09
7.751818221912505245e-04 -1.978558395011971172e+00 8.021822100570093426e+02 7.325798337933781021e-11 -2.242793737463077086e+00 1.648839273428397417e+09
7.751818221912505245e-04 -1.978558395011971172e+00 8.021822100570093426e+02 7.325798337933781021e-11 -2.242793737463077086e+00 1.648839273428397417e+09
7.663811606852306444e-04 -1.995233028631152594e+00 8.241536083614921608e+02 5.659159395999641414e-14 -4.857622877193177757e+00 1.648839273429789543e+09
8.489173161657830383e-04 -1.925482441574609904e+00 4.909317379326612354e+02 1.144149686344341037e-13 -5.851381579641878439e+00 1.648839273429805040e+09
8.137311260682781504e-04 -1.950394379123865818e+00 5.580530081315007465e+02 2.691510010470135649e-12 -3.802901579897023154e+00 1.648839273432121277e+09
8.513664121533451919e-04 -1.923978603372154650e+00 4.825855907418068682e+02 2.212200705394813597e-12 -5.277349669771504992e+00 1.648839273432829380e+09
8.513664121533451919e-04 -1.923978603372154650e+00 4.825855907418068682e+02 2.212200705394813597e-12 -5.277349669771504992e+00 1.648839273432829380e+09
7.591183161910050516e-04 -1.997142749461132905e+00 9.107646302822629423e+02 3.808633497634916650e-12 -5.252376583691365397e+00 1.648839273433249950e+09
7.591183161910050516e-04 -1.997142749461132905e+00 9.107646302822629423e+02 3.808633497634916650e-12 -5.252376583691365397e+00 1.648839273433249950e+09
7.635049914338475898e-04 -1.994335142236284053e+00 9.098413607834824006e+02 1.257587420633242966e-15 -2.932819444464643155e+00 1.648839273433395147e+09
8.036221207268861005e-04 -1.964996907548551608e+00 5.762390016079455108e+02 1.237565864693111906e-13 -2.333193879134063842e+00 1.648839273433979034e+09
7.652077960793872598e-04 -1.994024411254702756e+00 8.863940198648575688e+02 1.894048059683451816e-13 -3.516773510569808359e+00 1.648839273435787201e+09
7.621174091703654310e-04 -1.996454285893397351e+00 9.040890075818620062e+02 1.002660327309377232e-15 -5.499731955176416776e-01 1.648839273436404705e+09
7.671767439271353359e-04 -1.994747985140584934e+00 8.191504856954259139e+02 6.052386261427524072e-13 -3.627095311216332441e+00 1.648839273437423468e+09
8.491151366487190372e-04 -1.930894697877055588e+00 4.692237605612413631e+02 2.941392817611829134e-09 -5.245155937865764173e-02 1.648839273438138485e+09
8.146340459591211187e-04 -1.945317628796762621e+00 6.053362378741106795e+02 4.172659611835429537e-13 -2.058174803876946513e+00 1.648839273438595533e+09
7.939301252896024605e-04 -1.974979073660373396e+00 6.664013020098730067e+02 2.684692138382181525e-13 -1.369811410299270449e+00 1.648839273442176580e+09
7.962813943749277087e-04 -1.963678166789172952e+00 7.150991528743884373e+02 6.035170528750003575e-09 -2.742269966600283659e+00 1.648839273443863153e+09
7.962813943749277087e-04 -1.963678166789172952e+00 7.150991528743884373e+02 6.035170528750003575e-09 -2.742269966600283659e+00 1.648839273443863153e+09
7.681437333231273682e-04 -1.993987301279290358e+00 8.226673081259961009e+02 1.738211108012875522e-12 -4.751552796373278653e+00 1.648839273444457293e+09
7.681437333231273682e-04 -1.993987301279290358e+00 8.226673081259961009e+02 1.738211108012875522e-12 -4.751552796373278653e+00 1.648839273444457293e+09
8.218171053455825947e-04 -1.945380344193323507e+00 5.270358263135717607e+02 6.184082455307649886e-15 -7.054723974148826571e-01 1.648839273444566488e+09
7.985650949100557214e-04 -1.959807015612912817e+00 6.375767525973997181e+02 2.971751845525898400e-12 -3.611185868461115334e+00 1.648839273446507692e+09
7.940475817058442829e-04 -1.972744903576881814e+00 6.905033502541363077e+02 7.396544656793809019e-13 -4.123070147687036169e+00 1.648839273447884798e+09
7.770025366071557898e-04 -1.983863338265110521e+00 8.158699245148015962e+02 2.831917168760997442e-07 -3.234613420421596608e+00 1.648839273448456764e+09
7.586905139742644230e-04 -1.998834708527368331e+00 9.158712268258210543e+02 3.782468800869272808e-11 -7.947413306702174829e+00 1.648839273449996710e+09
8.066497857166920072e-04 -1.966067416668715762e+00 5.919070484378365791e+02 3.973843918604725483e-10 -4.356705071878825386e+00 1.648839273450887918e+09
7.667286860551803798e-04 -1.992057782809662392e+00 8.849314651453097440e+02 5.322006225698858869e-13 -7.334218444349246191e+00 1.648839273451006174e+09
8.599433369953445559e-04 -1.919096870651864517e+00 4.513026010133713157e+02 5.916241457805945532e-10 -3.721502269716407518e+00 1.648839273455818415e+09
8.113842173107561504e-04 -1.958532734204702308e+00 6.286442571642846815e+02 3.482291566042413648e-09 -7.281291355972117074e+00 1.648839273458248138e+09
7.650843951435418785e-04 -1.990274034435158823e+00 8.461166552300944659e+02 2.494417258000957553e-15 -6.442395443866962168e+00 1.648839273460969687e+09
8.081780177986425508e-04 -1.958532213808486411e+00 6.515316067531351791e+02 2.328228328335189063e-08 -6.505685916848035433e+00 1.648839273461955070e+09
8.197167216011174654e-04 -1.942531336069714509e+00 5.607304892353732839e+02 1.119403334117699031e-14 -3.008851251831945461e-01 1.648839273464222908e+09
7.657390056124001743e-04 -1.987897646693095988e+00 9.241484707655444026e+02 2.333530200231511359e-08 -5.273523804076262422e+00 1.648839273464775562e+09
7.624192360513995298e-04 -1.992622524587838839e+00 9.497246617860739661e+02 1.007167867622105310e-08 -5.607229573601184569e+00 1.648839273465702534e+09
7.904149823563914618e-04 -1.965636329886520706e+00 6.900191416813748901e+02 2.850292370932019372e-07 -3.179472019305391584e-01 1.648839273466284513e+09
8.240868450374524718e-04 -1.945741976605238399e+00 5.143088894664406325e+02 3.707697640739849944e-09 -1.308963244559554262e+00 1.648839273475201130e+09
8.286744633482591221e-04 -1.948424876289276853e+00 5.050763931673367892e+02 1.081658446357054491e-14 -5.550374367287245647e+00 1.648839273477088451e+09
8.286744633482591221e-04 -1.948424876289276853e+00 5.050763931673367892e+02 1.081658446357054491e-14 -5.550374367287245647e+00 1.648839273477088451e+09
8.068926097753152281e-04 -1.962863996693989588e+00 5.641961925419739146e+02 2.438568333805692869e-13 -1.528258505271724133e+00 1.648839273478163481e+09
8.447696930806552476e-04 -1.934783375009970996e+00 4.629699387703006437e+02 1.316684293015128019e-08 -4.950626333203768326e+00 1.648839273480692863e+09
7.802305949697350756e-04 -1.979761988706464804e+00 8.024845699548815219e+02 4.389735963437331382e-15 -7.319070029834194635e+00 1.648839273484901428e+09
7.592451090831323643e-04 -1.997083773833412401e+00 9.238710852722468871e+02 1.013902140269047033e-08 -3.068514992362306515e+00 1.648839273485332251e+09
8.391477365694862247e-04 -1.933199283678084690e+00 5.224980559042955974e+02 1.564030044529959238e-10 -6.761438043632976402e+00 1.648839273494053602e+09
7.635831186578997736e-04 -1.990917230258849369e+00 9.152803615313786167e+02 1.147099675833100774e-12 -5.087690355642679130e+00 1.648839273497759819e+09
8.133673051374035786e-04 -1.949658703475867227e+00 6.282028975620956999e+02 2.388745121606819812e-12 -4.576715699499169787e-01 1.648839273504235029e+09
8.062265257020600649e-04 -1.955829462749163250e+00 6.601966089833083515e+02 1.960566184424252188e-06 -1.518921684423374607e+00 1.648839273507900953e+09
7.943513564198337491e-04 -1.966901378517011967e+00 6.314412855523170265e+02 1.740341306875810985e-12 -4.394372461505518856e+00 1.648839273507946253e+09
7.943513564198337491e-04 -1.966901378517011967e+00 6.314412855523170265e+02 1.740341306875810985e-12 -4.394372461505518856e+00 1.648839273507946253e+09
7.946065456522281552e-04 -1.961669516155301274e+00 6.785312941135194933e+02 5.834159651082262729e-11 -3.030226834832605576e+00 1.648839273510282516e+09
7.946065456522281552e-04 -1.961669516155301274e+00 6.785312941135194933e+02 5.834159651082262729e-11 -3.030226834832605576e+00 1.648839273510282516e+09
8.167791247364121791e-04 -1.947390950687684086e+00 6.127437792930746809e+02 1.836783859827008647e-12 -1.990609350173056846e+00 1.648839273510558844e+09
8.167791247364121791e-04 -1.947390950687684086e+00 6.127437792930746809e+02 1.836783859827008647e-12 -1.990609350173056846e+00 1.648839273510558844e+09
7.756311125453163157e-04 -1.987133031203501377e+00 7.268185130917414654e+02 5.732635163528690877e-15 -6.107838897379997078e+00 1.648839273511488438e+09
7.948094971654265026e-04 -1.961986358243246631e+00 6.683887433350295169e+02 7.364591472182806284e-15 -3.691518703766385912e+00 1.648839273514114857e+09
7.669196535848695146e-04 -1.994184441519107676e+00 8.073267805544835483e+02 5.713759434584796366e-12 -6.944465351742579173e-02 1.648839273517362356e+09
7.669196535848695146e-04 -1.994184441519107676e+00 8.073267805544835483e+02 5.713759434584796366e-12 -6.944465351742579173e-02 1.648839273517362356e+09
8.069654817415011653e-04 -1.955412650526844764e+00 5.849243588471841804e+02 3.560075846837528919e-11 -1.856750689783710051e+00 1.648839273523843050e+09
7.764163474902269560e-04 -1.988713564068035566e+00 7.207819386182191010e+02 5.096131682834551811e-09 -5.933048844643822761e+00 1.648839273524319172e+09
7.881248662212809748e-04 -1.968331342850607513e+00 7.585338800556726255e+02 5.074273607546384762e-14 -4.789070425198049819e+00 1.648839273524554014e+09
7.712418632189199392e-04 -1.989259653513739678e+00 8.433976345951538178e+02 2.364876622815883323e-08 -1.405975447602900275e+00 1.648839273528165817e+09
7.856495459535041111e-04 -1.974452211560672854e+00 6.747338112855865120e+02 1.133717323347843344e-15 -6.951844816324124210e-01 1.648839273528758049e+09
7.824321472925040459e-04 -1.976179417902641511e+00 7.889185244414093177e+02 5.354319148647636446e-06 -5.899545504092671422e-01 1.648839273529935837e+09
8.274363308094083739e-04 -1.944818233358790227e+00 5.548082438544618071e+02 4.992357609512838944e-12 -6.855993743991897205e+00 1.648839273531104803e+09
7.725321146880033798e-04 -1.981657460260815462e+00 8.092995032580904535e+02 1.020209953428187367e-12 -6.413557347707411260e+00 1.648839273533549309e+09
8.368601010988975172e-04 -1.936126131784031479e+00 4.821773398805913189e+02 5.010283730487956801e-10 -3.239519644780815000e-01 1.648839273533589125e+09
8.314091460871035361e-04 -1.933484191013279840e+00 5.429389404592884603e+02 4.196983434554510369e-11 -1.316236176818411430e+00 1.648839273540257454e+09
8.285951606927728945e-04 -1.935281732540114374e+00 5.463363721613332018e+02 2.514362883248407334e-09 -4.719321954935889352e+00 1.648839273540856600e+09
8.099725988461000444e-04 -1.963478260101507278e+00 5.703842716385738640e+02 3.155680690183621879e-15 -7.640940915478538820e+00 1.648839273546542406e+09
8.532341784130034702e-04 -1.924972152195483899e+00 4.491882813497963980e+02 1.405570896870211451e-12 -5.754811985550857933e+00 1.648839273547073126e+09
7.750891838204755158e-04 -1.978942173075137312e+00 7.991822923646132040e+02 1.468466371075488426e-15 -1.584339279717354110e+00 1.648839273548830271e+09
7.863885478195934602e-04 -1.968632017678465740e+00 7.559043289506414567e+02 3.107368354892151497e-14 -3.848525969050135664e+00 1.648839273549836397e+09
7.713375178700059703e-04 -1.987112042783512944e+00 8.664329536583024947e+02 1.469681838859825116e-07 -3.845630174316575278e+00 1.648839273550459862e+09
8.316945661562106813e-04 -1.934266929377084221e+00 5.192993202586998223e+02 7.193128221781664411e-10 -5.510073248971727011e+00 1.648839273550653458e+09
8.316945661562106813e-04 -1.934266929377084221e+00 5.192993202586998223e+02 7.193128221781664411e-10 -5.510073248971727011e+00 1.648839273550653458e+09
7.987750393332822317e-04 -1.967541622324801009e+00 5.981600134713210082e+02 2.566216434310746793e-13 -4.882230340310909966e+00 1.648839273554108620e+09
7.669531868016277827e-04 -1.994457195966041541e+00 8.151255990343759095e+02 3.848325356952580314e-14 -6.649440643209929114e+00 1.648839273559746265e+09
7.650220332837256781e-04 -1.996402175170790549e+00 8.686792546311888827e+02 1.614171952878390948e-07 -4.337979659412260602e+00 1.648839273562142849e+09
7.650220332837256781e-04 -1.996402175170790549e+00 8.686792546311888827e+02 1.614171952878390948e-07 -4.337979659412260602e+00 1.648839273562142849e+09
8.303871964807755818e-04 -1.936257443610549744e+00 5.560931006187412322e+02 3.853507574154973209e-08 -2.507470993555386052e+00 1.648839273563101768e+09
7.839307881539702132e-04 -1.982872082624695498e+00 6.837154949984221730e+02 3.112267873936403111e-14 -1.017290827916264462e+00 1.648839273563460827e+09
7.635838986415007012e-04 -1.993109049399749200e+00 8.507123612013937191e+02 2.029877459135442191e-11 -4.183927649476135713e-01 1.648839273563958883e+09
7.606824503418522891e-04 -1.994935055382787814e+00 9.039623402539799599e+02 2.470814525876802399e-12 -4.497943881043196868e+00 1.648839273568037987e+09
7.606824503418522891e-04 -1.994935055382787814e+00 9.039623402539799599e+02 2.470814525876802399e-12 -4.497943881043196868e+00 1.648839273568037987e+09
8.018565616549552799e-04 -1.968800575716596057e+00 5.884986865633172783e+02 2.247209594762394068e-11 -7.550583073658069466e+00 1.648839273568323374e+09
8.298776900273001876e-04 -1.937454982346310084e+00 5.129366408790446030e+02 1.004932289761435454e-10 -4.827519524994471567e+00 1.648839273574415922e+09
7.971805864120222202e-04 -1.963270747396315352e+00 7.082135718835276066e+02 4.919989987729931066e-10 -3.433299175081452326e+00 1.648839273576153994e+09
7.669846355296083915e-04 -1.991716992416574072e+00 8.807132264071548207e+02 5.825360577052546216e-15 -6.589855836220952945e+00 1.648839273578655005e+09
8.113636046372443020e-04 -1.961386113114192309e+00 5.531944218142114096e+02 8.743999906085959187e-13 -4.110142440944571263e+00 1.648839273582437038e+09
8.072258685667355266e-04 -1.967010909685629638e+00 5.782620343800434739e+02 7.711564178656772052e-08 -4.922369211551956170e+00 1.648839273584494352e+09
8.152343231350887495e-04 -1.948012192344230620e+00 6.189022833746514607e+02 2.035177939313626371e-15 -6.539753622753719853e+00 1.648839273586441278e+09
7.575846437946869971e-04 -1.998981953864196193e+00 9.524507695878239701e+02 5.486865289690611625e-08 -4.546371918251532307e+00 1.648839273588479042e+09
8.496799312271252451e-04 -1.922040415050742190e+00 4.826513215383583315e+02 1.502833190768670232e-15 -4.661162220229629227e+00 1.648839273588988543e+09
8.496799312271252451e-04 -1.922040415050742190e+00 4.826513215383583315e+02 1.502833190768670232e-15 -4.661162220229629227e+00 1.648839273588988543e+09
7.883573154467401816e-04 -1.976721094095432285e+00 7.243953396553058610e+02 1.265733919658395883e-10 -1.127022790613683156e-01 1.648839273593495131e+09
7.835064972801765665e-04 -1.983013970530242531e+00 7.175383773248181569e+02 3.161669150285376422e-10 -6.060611823713839996e+00 1.648839273594117403e+09
7.881310707094674357e-04 -1.970081374578669386e+00 6.771239969858910399e+02 3.363377496211073682e-12 -4.843184975452450303e+00 1.648839273596861362e+09
8.291042227231608733e-04 -1.946540386220640517e+00 5.312487070297650007e+02 8.860146989656138601e-12 -1.099738291405913060e+00 1.648839273597023726e+09
7.696292018373878134e-04 -1.990811393163508303e+00 8.488511852636523827e+02 5.038282668871780412e-15 -4.931909671358864600e+00 1.648839273597173691e+09
8.149230694146181002e-04 -1.951239942170889030e+00 5.476090987241735775e+02 3.125249207875094086e-15 -1.828003650993000662e+00 1.648839273599021435e+09
8.058740135077776222e-04 -1.959337666068634576e+00 5.762679353023211206e+02 7.524214864037793892e-08 -1.084698212477395174e+00 1.648839273599159479e+09
8.131626238566886170e-04 -1.957065299471115072e+00 6.042333909094264754e+02 1.098727151910487599e-12 -3.965316704914044976e+00 1.648839273601097822e+09
8.131626238566886170e-04 -1.957065299471115072e+00 6.042333909094264754e+02 1.098727151910487599e-12 -3.965316704914044976e+00 1.648839273601097822e+09
8.320603667763265673e-04 -1.933051036392415156e+00 5.381455837999556024e+02 4.127993501836825904e-09 -9.950587040914395942e-01 1.648839273601692677e+09
8.151700324863632528e-04 -1.957217929331398043e+00 5.375176485557171873e+02 2.006537510189547148e-10 -2.720851901750552138e+00 1.648839273602575302e+09
8.276988329707994077e-04 -1.937453316800028746e+00 5.646759231078355015e+02 1.875633516244434930e-14 -3.697188977813401500e+00 1.648839273608584166e+09
8.276988329707994077e-04 -1.937453316800028746e+00 5.646759231078355015e+02 1.875633516244434930e-14 -3.697188977813401500e+00 1.648839273608584166e+09
8.570934900543467809e-04 -1.923054009198025938e+00 4.479985446766418136e+02 1.766828505858619108e-09 -3.952089314888699079e+00 1.648839273610229015e+09
8.237837367679233871e-04 -1.949627744366290161e+00 5.571247562197964953e+02 5.945283657524914513e-12 -2.105144991280118560e+00 1.648839273616245270e+09
8.237837367679233871e-04 -1.949627744366290161e+00 5.571247562197964953e+02 5.945283657524914513e-12 -2.105144991280118560e+00 1.648839273616245270e+09
7.798506510046605616e-04 -1.980550680899890947e+00 7.044393939926915209e+02 5.873416621881224285e-08 -3.723663130435320490e+00 1.648839273616337299e+09
7.634545451426088961e-04 -1.993396121333183446e+00 9.105229105668378224e+02 9.643673457797782274e-14 -7.266965293290713390e+00 1.648839273619812965e+09
7.634545451426088961e-04 -1.993396121333183446e+00 9.105229105668378224e+02 9.643673457797782274e-14 -7.266965293290713390e+00 1.648839273619812965e+09
8.024874816528225008e-04 -1.964033443371256960e+00 6.612179878985400592e+02 8.983630378860201882e-12 -7.727428133378841046e+00 1.648839273627120972e+09
7.669352274418237856e-04 -1.986985523449507518e+00 8.831655561018018261e+02 2.803818506623869785e-07 -4.349952102567122836e-01 1.648839273629790306e+09
7.530444521455193982e-04 -2.005229528294720787e+00 9.738472131867060853e+02 1.654916180636881975e-09 -7.275093832602721022e+00 1.648839273635928631e+09
7.802499404447675287e-04 -1.979950561676004916e+00 7.987053021233749632e+02 2.166582386921409731e-15 -5.540555922769044628e+00 1.648839273637526512e+09
7.956619910282631668e-04 -1.966268113289308506e+00 7.130940450889456770e+02 2.615719357304433846e-10 -6.937525563154927077e+00 1.648839273638830185e+09
8.198278144370143260e-04 -1.955005228839101328e+00 5.284073134345303515e+02 4.023566508245913099e-12 -5.099868731244702857e+00 1.648839273639747143e+09
7.663706650113627592e-04 -1.989904747962675469e+00 8.290293888999578940e+02 1.074855672980296013e-12 -6.547992439511412854e+00 1.648839273640544415e+09
8.576352050764184500e-04 -1.920152423911474671e+00 4.579304858597669181e+02 2.021706228494351833e-15 -1.960621062612304399e+00 1.648839273651897669e+09
7.866238350771360965e-04 -1.980934239429255284e+00 6.889919595579387988e+02 4.328268223438319939e-13 -4.894533679327786047e+00 1.648839273653158903e+09
7.866238350771360965e-04 -1.980934239429255284e+00 6.889919595579387988e+02 4.328268223438319939e-13 -4.894533679327786047e+00 1.648839273653158903e+09
8.048167514709851297e-04 -1.958396608874740430e+00 6.730956723794366781e+02 2.480296161251322251e-08 -5.521787541086103701e+00 1.648839273653363228e+09
8.094852139707912593e-04 -1.961564548843466760e+00 6.080318476160098271e+02 1.165443885762490433e-08 -4.243092080074895911e+00 1.648839273653620481e+09
8.094852139707912593e-04 -1.961564548843466760e+00 6.080318476160098271e+02 1.165443885762490433e-08 -4.243092080074895911e+00 1.648839273653620481e+09
7.908445813704547810e-04 -1.976681501676641695e+00 6.881177308325912918e+02 1.385869637106319677e-14 -2.491382547475093467e+00 1.648839273657192230e+09
7.908445813704547810e-04 -1.976681501676641695e+00 6.881177308325912918e+02 1.385869637106319677e-14 -2.491382547475093467e+00 1.648839273657192230e+09
8.457661839764797412e-04 -1.931338008065338396e+00 4.895969225371086395e+02 2.713424037267215316e-15 -2.037835301491002227e+00 1.648839273659799576e+09
8.045657883328414216e-04 -1.963462062589752088e+00 5.748779341184906571e+02 2.251215423231401200e-09 -4.152360520600344884e+00 1.648839273662674904e+09
7.687528307921574419e-04 -1.986937238394469230e+00 8.834194286015390389e+02 1.858282143313444967e-09 -3.135869012683877521e+00 1.648839273663731337e+09
7.998211541158301626e-04 -1.966266087437081200e+00 5.953681895932346606e+02 5.002635606295985452e-11 -2.236717476534182403e+00 1.648839273665275335e+09
7.925188596065647255e-04 -1.967822899755643729e+00 7.319471607352417095e+02 1.923789828923420361e-12 -2.501646741135293617e+00 1.648839273666116238e+09
7.925188596065647255e-04 -1.967822899755643729e+00 7.319471607352417095e+02 1.923789828923420361e-12 -2.501646741135293617e+00 1.648839273666116238e+09
8.047941060279063504e-04 -1.954691379192396328e+00 6.137163226506262390e+02 9.924773783321218389e-09 -4.935138393430218429e-01 1.648839273666406393e+09
7.657017530655811730e-04 -1.990225254067824689e+00 9.014549008776388064e+02 2.972747347965531685e-10 -5.458504198526288320e+00 1.648839273672751188e+09
7.710612568316221275e-04 -1.991867865622093170e+00 7.950032626768605724e+02 1.847460203947135390e-10 -6.715846517896419954e+00 1.648839273676593304e+09
7.676912804574555780e-04 -1.989191795097550175e+00 8.871183512486081781e+02 6.304691282756609118e-13 -8.009060469394979620e-01 1.648839273678917170e+09
7.668229161844833256e-04 -1.989934219693674677e+00 8.213932038707772563e+02 4.489772515683811310e-12 -2.263757537610248782e+00 1.648839273679589748e+09
7.905090138013305245e-04 -1.966642915452624596e+00 7.470428231129232017e+02 1.882014670686971500e-10 -7.621183218511639268e+00 1.648839273682363749e+09
7.905090138013305245e-04 -1.966642915452624596e+00 7.470428231129232017e+02 1.882014670686971500e-10 -7.621183218511639268e+00 1.648839273682363749e+09
8.303791015694768005e-04 -1.935504911408546302e+00 5.223887049532837636e+02 1.674198702750997974e-13 -1.011481393487974501e+00 1.648839273682509899e+09
8.075551555198324204e-04 -1.956946898162838178e+00 5.743057532848008577e+02 1.498664578768099885e-14 -3.207278829460158853e+00 1.648839273682779312e+09
7.974543698235545507e-04 -1.962555628921278439e+00 6.296371601571510155e+02 6.867986885953366380e-15 -3.553059256420505463e-01 1.648839273683700085e+09
7.731474016633673504e-04 -1.989313307001571607e+00 7.506535230103631875e+02 2.475644886108866723e-09 -4.553515384270260036e+00 1.648839273683849573e+09
8.326045718669398965e-04 -1.944472418539182401e+00 5.126090067812942834e+02 7.990463345646091486e-11 -2.556230079337935557e+00 1.648839273683975697e+09
8.513689592208753890e-04 -1.923525672509696305e+00 4.806356870081896773e+02 7.123600715503408379e-08 -2.107342731151252480e+00 1.648839273686039448e+09
8.022474815489479254e-04 -1.966715023204835378e+00 5.840452571727950044e+02 2.083753012213275407e-14 -8.152237018254488987e-01 1.648839273686706781e+09
7.770914847027048837e-04 -1.987411962808341093e+00 7.589783923676736777e+02 3.021877665165117477e-13 -4.217593337106064766e+00 1.648839273687621832e+09
8.479874236609428323e-04 -1.929437299689981566e+00 4.831903692524625740e+02 3.752807065483742010e-13 -5.602665568896291859e+00 1.648839273688314676e+09
7.773855728305318269e-04 -1.984604624628375058e+00 7.169479001192129317e+02 9.600207517834313007e-14 -4.598765918110538919e-01 1.648839273688499689e+09
8.128598402487859998e-04 -1.959803249720215135e+00 5.845407389807920708e+02 2.347006978960488492e-11 -3.792057835659258913e+00 1.648839273690802574e+09
8.375630606306257815e-04 -1.929954349073279340e+00 5.074119439946117041e+02 3.154662249424307710e-14 -2.049283067717293072e+00 1.648839273691150665e+09
7.814504595290388926e-04 -1.984675591754520685e+00 7.079781310704904627e+02 7.540434651870684171e-13 -3.014830194945577801e+00 1.648839273696102142e+09
7.918525667893788929e-04 -1.965606639486140672e+00 6.717609573574665092e+02 3.412357245607090539e-08 -2.225340151777361442e+00 1.648839273697825670e+09
8.323497669206207823e-04 -1.933908011287119644e+00 5.185680151327331942e+02 2.030942011542118972e-11 -2.078478420743586241e+00 1.648839273698718071e+09
7.628120812020003924e-04 -1.994685806315631416e+00 8.615746374768601754e+02 7.322754719129046803e-12 -4.894756297032901493e+00 1.648839273701230049e+09
8.086640215264975524e-04 -1.963356773692656931e+00 5.637071984191522915e+02 7.061346234314804580e-13 -4.470571936606791752e+00 1.648839273701525688e+09
8.211777060245675601e-04 -1.950612305949220415e+00 5.242863063594282949e+02 2.567789620188643810e-06 -1.015262183767204007e+00 1.648839273701970577e+09
8.402543026584137617e-04 -1.936753739895273885e+00 4.672808201278351135e+02 4.406275977654307863e-08 -5.523962587370458088e+00 1.648839273703160048e+09
8.402543026584137617e-04 -1.936753739895273885e+00 4.672808201278351135e+02 4.406275977654307863e-08 -5.523962587370458088e+00 1.648839273703160048e+09
8.396027894150299292e-04 -1.928285505269215161e+00 5.127991260372753004e+02 5.170002192267054892e-15 -6.555863971939544399e+00 1.648839273704844713e+09
8.156215783705209532e-04 -1.947906175418246288e+00 6.160098442881561596e+02 5.665044451491291540e-13 -7.224945100977643975e+00 1.648839273708910942e+09
8.156215783705209532e-04 -1.947906175418246288e+00 6.160098442881561596e+02 5.665044451491291540e-13 -7.224945100977643975e+00 1.648839273708910942e+09
7.633926396213102337e-04 -1.992714158135964420e+00 8.810706842428504615e+02 2.407766835491806944e-06 -9.280949622224596851e-01 1.648839273710461140e+09
7.825277178916783790e-04 -1.973202237264520154e+00 7.883552568217580756e+02 1.099619875709049261e-07 -3.054399092515063252e+00 1.648839273713887215e+09
8.263080898229177573e-04 -1.943595095476264856e+00 5.653619766531019195e+02 1.088944771925641611e-10 -3.544914451748665485e+00 1.648839273715110540e+09
7.886910103322263953e-04 -1.968425414240316140e+00 6.872664475093710053e+02 8.186554324742500410e-08 -9.918733951557845430e-01 1.648839273715460539e+09
8.058424039908837965e-04 -1.953940714640417742e+00 6.588577773797285317e+02 2.441461334364314347e-13 -2.891132150926560840e-01 1.648839273719812632e+09
8.058424039908837965e-04 -1.953940714640417742e+00 6.588577773797285317e+02 2.441461334364314347e-13 -2.891132150926560840e-01 1.648839273719812632e+09
7.656008367326814753e-04 -1.994865096195617138e+00 8.345422173562744774e+02 1.161748686414821227e-10 -6.380506558452606392e+00 1.648839273720040560e+09
8.241828770761137945e-04 -1.944377338690945312e+00 5.191244328275081443e+02 3.665022665292348278e-13 -1.459989570126304592e+00 1.648839273720102787e+09
8.220719002746960024e-04 -1.952266395069681026e+00 5.525366857587350751e+02 6.208734948986624960e-12 -1.128128596464070377e+00 1.648839273729689360e+09
7.837593157771455092e-04 -1.971013435675685876e+00 7.577567112125119593e+02 1.588631989549712970e-12 -7.752944886150777037e+00 1.648839273738945246e+09
7.837593157771455092e-04 -1.971013435675685876e+00 7.577567112125119593e+02 1.588631989549712970e-12 -7.752944886150777037e+00 1.648839273738945246e+09
7.618553219927607723e-04 -1.995680764885946479e+00 8.840327483037084448e+02 1.058999129090526351e-13 -7.367692285141540509e-01 1.648839273739638090e+09
8.086567744335368749e-04 -1.951771016301812267e+00 6.450750192142129436e+02 5.160439296908049046e-11 -8.993112565296801364e-01 1.648839273741471052e+09
8.086567744335368749e-04 -1.951771016301812267e+00 6.450750192142129436e+02 5.160439296908049046e-11 -8.993112565296801364e-01 1.648839273741471052e+09
7.617094430565433385e-04 -1.995256057676397354e+00 9.008295312109360111e+02 1.192286394876239091e-09 -2.758415863108575117e+00 1.648839273741615295e+09
8.354814498121802390e-04 -1.938887041309637294e+00 4.839656594466531487e+02 2.932431741689817982e-13 -7.271108535295715214e+00 1.648839273743437767e+09
8.132714960707634194e-04 -1.957575449559971759e+00 5.985334111775662222e+02 6.745780384967377115e-13 -1.792662541147769240e+00 1.648839273743773222e+09
7.820926867685375119e-04 -1.974398208045315739e+00 7.298044779896282535e+02 1.076508692237902930e-06 -1.587104351788060086e+00 1.648839273744088411e+09
7.634763181775352289e-04 -1.995364515169169906e+00 8.558651608334628236e+02 1.586427867867165155e-12 -7.499585292515283719e+00 1.648839273744463444e+09
7.764702613578380657e-04 -1.987094904420486419e+00 7.276433860837973953e+02 6.856206497657306086e-13 -2.884028334357550349e+00 1.648839273747803450e+09
7.764702613578380657e-04 -1.987094904420486419e+00 7.276433860837973953e+02 6.856206497657306086e-13 -2.884028334357550349e+00 1.648839273747803450e+09
8.319425041725348954e-04 -1.940533583294138609e+00 4.938018925411979012e+02 2.824798384246852765e-15 -4.651211660912901280e+00 1.648839273753199816e+09
8.033714352220715877e-04 -1.967023897691284606e+00 5.826532467975054033e+02 1.204875897649561240e-14 -2.580096958061171009e+00 1.648839273753409386e+09
8.254799276344086884e-04 -1.937850021485109764e+00 5.600909482313612671e+02 9.644066657566485938e-15 -7.846943307041394533e+00 1.648839273755131721e+09
8.254799276344086884e-04 -1.937850021485109764e+00 5.600909482313612671e+02 9.644066657566485938e-15 -7.846943307041394533e+00 1.648839273755131721e+09
7.634940255955172204e-04 -1.992713893046517137e+00 9.056916786877503682e+02 2.990371901063165387e-09 -3.654474598252587469e+00 1.648839273755609035e+09
8.162151672403618764e-04 -1.956319424231188764e+00 5.789104538176482038e+02 1.674639619494756669e-07 -7.153442342328588666e-01 1.648839273759136438e+09
7.782700957903212731e-04 -1.984566471356951523e+00 7.826221558411122032e+02 1.178323146599840945e-10 -1.547972432074929294e+00 1.648839273759449720e+09
7.782700957903212731e-04 -1.984566471356951523e+00 7.826221558411122032e+02 1.178323146599840945e-10 -1.547972432074929294e+00 1.648839273759449720e+09
8.336867022176289209e-04 -1.943792292435103874e+00 4.930106569132765344e+02 4.249576072702727416e-11 -6.719868237735675542e+00 1.648839273759869099e+09
8.336867022176289209e-04 -1.943792292435103874e+00 4.930106569132765344e+02 4.249576072702727416e-11 -6.719868237735675542e+00 1.648839273759869099e+09
7.931169443491341156e-04 -1.962954861578562582e+00 7.070863253776949477e+02 1.246890319074246453e-12 -5.698667426567337380e+00 1.648839273764075041e+09
7.627029336975616261e-04 -1.993244593141239474e+00 8.821407349586276041e+02 4.286982757122425496e-09 -3.590293154585664226e+00 1.648839273764584064e+09
7.849888874757236876e-04 -1.975473433880088781e+00 6.787413077355241739e+02 3.830545081250641245e-12 -6.666127954627127039e+00 1.648839273767040491e+09
7.662576283435510241e-04 -1.990648418313063051e+00 8.283560042708188575e+02 3.694627129769571411e-13 -2.741289082718870951e+00 1.648839273768004894e+09
7.781552403051720211e-04 -1.979054768239624007e+00 7.373592800275985155e+02 9.370435648563862219e-15 -2.061922547258712157e+00 1.648839273769084692e+09
7.781552403051720211e-04 -1.979054768239624007e+00 7.373592800275985155e+02 9.370435648563862219e-15 -2.061922547258712157e+00 1.648839273769084692e+09
8.330806013538288608e-04 -1.935120121065735166e+00 5.029158080498886534e+02 1.190241824868119885e-09 -6.930415924730207955e+00 1.648839273775393963e+09
7.647598185428800162e-04 -1.993230243127986245e+00 8.889920757402769596e+02 3.630578065286822332e-13 -6.457837485801745103e-01 1.648839273775559187e+09
7.647598185428800162e-04 -1.993230243127986245e+00 8.889920757402769596e+02 3.630578065286822332e-13 -6.457837485801745103e-01 1.648839273775559187e+09
7.670969505729006554e-04 -1.993745791072471629e+00 8.183333783228333687e+02 2.498997084470311371e-15 -7.516729010211826711e+00 1.648839273776473999e+09
7.960620495172392088e-04 -1.967625923538789179e+00 7.009120875331478828e+02 5.451247202659262943e-08 -2.539410604843824970e+00 1.648839273778141975e+09
7.960620495172392088e-04 -1.967625923538789179e+00 7.009120875331478828e+02 5.451247202659262943e-08 -2.539410604843824970e+00 1.648839273778141975e+09
8.113042352947374665e-04 -1.959642562179722880e+00 5.505789990119619688e+02 2.707997952712618385e-09 -5.208322135733133962e+00 1.648839273778282404e+09
7.822584351547974806e-04 -1.976697790776827501e+00 7.910301168700270864e+02 2.134812975204127156e-14 -6.327166284010194985e+00 1.648839273781542540e+09
7.822584351547974806e-04 -1.976697790776827501e+00 7.910301168700270864e+02 2.134812975204127156e-14 -6.327166284010194985e+00 1.648839273781542540e+09
7.713693505593337794e-04 -1.985923154002643409e+00 8.612013920340087907e+02 2.737497637193047095e-11 -1.227892650633927829e+00 1.648839273782079935e+09
8.428982589633824416e-04 -1.930903938765974770e+00 5.072844915384920910e+02 9.911327928295126514e-08 -3.833561920574191539e+00 1.648839273782356262e+09
8.428982589633824416e-04 -1.930903938765974770e+00 5.072844915384920910e+02 9.911327928295126514e-08 -3.833561920574191539e+00 1.648839273782356262e+09
8.008044738342946214e-04 -1.957294449593781405e+00 6.410230784762561598e+02 8.402552819879967358e-11 -1.841768501909484712e+00 1.648839273783110619e+09
7.700627459639650379e-04 -1.985996248990662849e+00 8.714861784975906858e+02 8.303058756203053555e-11 -5.431887891490885245e+00 1.648839273783690453e+09
7.700627459639650379e-04 -1.985996248990662849e+00 8.714861784975906858e+02 8.303058756203053555e-11 -5.431887891490885245e+00 1.648839273783690453e+09
7.794030070750319851e-04 -1.975615413886687044e+00 8.290643899700653492e+02 6.171137797247456809e-09 -6.450764610507835783e+00 1.648839273785761833e+09
7.715590792551550682e-04 -1.991144363212767221e+00 7.920167083918142907e+02 8.738445689797738812e-10 -3.479438070942138417e+00 1.648839273789497614e+09
7.809460728726194245e-04 -1.983005778861017143e+00 7.590274954224130397e+02 2.614288785971045993e-14 -6.325482411882429545e+00 1.648839273793243885e+09
7.809460728726194245e-04 -1.983005778861017143e+00 7.590274954224130397e+02 2.614288785971045993e-14 -6.325482411882429545e+00 1.648839273793243885e+09
7.712885086088765510e-04 -1.983087388079500357e+00 8.486934779304702943e+02 5.096159325812309517e-13 -6.241780567366279620e+00 1.648839273794224501e+09
7.634780977291423217e-04 -1.993938952391830055e+00 8.582472106902808946e+02 2.834419912471145516e-12 -6.457099870804223762e+00 1.648839273796598196e+09
7.842214944078322592e-04 -1.980739306335124184e+00 6.743352268234742724e+02 5.541941962834366743e-14 -1.831101111380703195e+00 1.648839273797158480e+09
7.664759457742825353e-04 -1.988908189326205278e+00 8.896594459651068973e+02 6.917244577489702454e-14 -1.872888619259338583e-02 1.648839273797242641e+09
7.737123387958077820e-04 -1.986104310740584022e+00 7.449993887292547470e+02 1.578981115308794706e-10 -7.792814166245521257e+00 1.648839273798341036e+09
7.734679788480042922e-04 -1.987768573803235572e+00 7.491235556613937661e+02 5.943518044588415794e-13 -6.388452670531233224e+00 1.648839273805315971e+09
7.734679788480042922e-04 -1.987768573803235572e+00 7.491235556613937661e+02 5.943518044588415794e-13 -6.388452670531233224e+00 1.648839273805315971e+09
8.158779595729366346e-04 -1.955336302852554109e+00 5.887468014281752176e+02 3.605091564668015377e-12 -7.384171577535036057e+00 1.648839273805548191e+09
8.158779595729366346e-04 -1.955336302852554109e+00 5.887468014281752176e+02 3.605091564668015377e-12 -7.384171577535036057e+00 1.648839273805548191e+09
8.197689786734144602e-04 -1.946523047701581799e+00 5.373259705216239581e+02 1.612670298748837436e-10 -5.277839470416294532e+00 1.648839273807302475e+09
8.040708802704054411e-04 -1.954970457951331841e+00 6.166979207540310881e+02 4.217543806549268021e-10 -7.538208161008640218e+00 1.648839273808300257e+09
8.040708802704054411e-04 -1.954970457951331841e+00 6.166979207540310881e+02 4.217543806549268021e-10 -7.538208161008640218e+00 1.648839273808300257e+09
7.886960114172021164e-04 -1.979095818395482320e+00 6.802785065156383553e+02 8.998143251213172424e-14 -3.401255020261828577e-02 1.648839273811479568e+09
7.886960114172021164e-04 -1.979095818395482320e+00 6.802785065156383553e+02 8.998143251213172424e-14 -3.401255020261828577e-02 1.648839273811479568e+09
7.655389155700479059e-04 -1.989326399615874763e+00 8.805156656815508995e+02 2.666061116411922550e-15 -6.672822856061941366e+00 1.648839273815307379e+09
7.655389155700479059e-04 -1.989326399615874763e+00 8.805156656815508995e+02 2.666061116411922550e-15 -6.672822856061941366e+00 1.648839273815307379e+09
7.679993893057401010e-04 -1.989658202056848957e+00 8.076427826790308018e+02 4.401569143668872792e-12 -3.880256546429867726e-01 1.648839273816738367e+09
8.424377969607605397e-04 -1.928341438855044832e+00 5.101330672290838493e+02 1.798696785776584101e-12 -5.803293781952854502e+00 1.648839273817467928e+09
8.424377969607605397e-04 -1.928341438855044832e+00 5.101330672290838493e+02 1.798696785776584101e-12 -5.803293781952854502e+00 1.648839273817467928e+09
7.929155613269960002e-04 -1.964501773300099341e+00 7.271301933245262035e+02 1.661743697719503369e-07 -4.029899219896240226e+00 1.648839273819464922e+09
7.929155613269960002e-04 -1.964501773300099341e+00 7.271301933245262035e+02 1.661743697719503369e-07 -4.029899219896240226e+00 1.648839273819464922e+09
8.192465262654502001e-04 -1.945285129332837482e+00 5.472832015715657690e+02 3.907047248433293389e-13 -7.967887337159420547e+00 1.648839273820692062e+09
7.913638575907860429e-04 -1.964909369203414524e+00 7.263930127543892468e+02 1.042567777524578350e-13 -4.029513569911415516e+00 1.648839273821445942e+09
7.743471400400306695e-04 -1.980154480154123764e+00 8.044778517035271079e+02 1.013771181964443143e-08 -2.862983442951342994e+00 1.648839273821750402e+09
7.658552919903441943e-04 -1.994323368712442868e+00 8.451819971066323660e+02 1.007109475181161194e-11 -7.394041757552249905e+00 1.648839273822190762e+09
7.681298159454702512e-04 -1.986688002710174761e+00 8.440280899267238510e+02 3.007259895108796441e-15 -6.983646815293759857e+00 1.648839273825214863e+09
7.877903834835489703e-04 -1.979390176143916324e+00 6.941403557605094647e+02 4.532410034944629356e-14 -1.516503188268005786e-01 1.648839273827168703e+09
7.990624885260531754e-04 -1.961913988976167422e+00 6.948563180632233980e+02 1.895827079635608992e-15 -4.961578905171706744e+00 1.648839273829060316e+09
7.840636137846188243e-04 -1.975380987049213388e+00 6.898622676197051078e+02 4.444563425518084683e-10 -2.057364264056676717e+00 1.648839273837361574e+09
8.389228785676726896e-04 -1.935705926855901149e+00 5.136086206328086519e+02 7.875881440012014079e-10 -9.056946573484898622e-01 1.648839273838680267e+09
7.794980181574442946e-04 -1.981294410230429293e+00 7.977549149363716197e+02 3.466472286051426555e-10 -6.818500890420051697e+00 1.648839273840446234e+09
8.005022822398869800e-04 -1.966810878824587050e+00 6.604089989984072417e+02 2.114838974520196185e-12 -6.550811743548829114e+00 1.648839273844228268e+09
8.005022822398869800e-04 -1.966810878824587050e+00 6.604089989984072417e+02 2.114838974520196185e-12 -6.550811743548829114e+00 1.648839273844228268e+09
7.702939266003148338e-04 -1.984255731587025728e+00 8.548575724639122200e+02 1.358875410298151698e-15 -1.951950152200680577e+00 1.648839273845070124e+09
7.702939266003148338e-04 -1.984255731587025728e+00 8.548575724639122200e+02 1.358875410298151698e-15 -1.951950152200680577e+00 1.648839273845070124e+09
8.459749099829534527e-04 -1.933374161758006027e+00 4.698795385828330495e+02 1.260710977112098102e-08 -4.304813281664842783e+00 1.648839273847419262e+09
8.107636117148902654e-04 -1.954758737059831608e+00 5.625552203073358442e+02 7.105585318646142175e-14 -7.216071056918798021e+00 1.648839273848357677e+09
8.107636117148902654e-04 -1.954758737059831608e+00 5.625552203073358442e+02 7.105585318646142175e-14 -7.216071056918798021e+00 1.648839273848357677e+09
7.650858868306781042e-04 -1.994889856221515156e+00 8.513695237399024336e+02 2.084606088391740193e-10 -6.814588686729661227e+00 1.648839273850426674e+09
8.375612195918053643e-04 -1.940555060308511548e+00 4.914146730236249709e+02 1.465150191960550051e-14 -4.348612210719879911e+00 1.648839273851524591e+09
7.739568853606055903e-04 -1.980606362169937684e+00 8.321050184928338922e+02 2.673093532341843986e-08 -3.570535649010610157e+00 1.648839273852591276e+09
7.917194223666193000e-04 -1.976187480946922426e+00 6.381955572346283816e+02 1.847244673975640018e-15 -5.963553845582188373e+00 1.648839273853280544e+09
8.176151392866702486e-04 -1.956970272971103597e+00 5.483479593595474171e+02 3.137516262951514687e-11 -6.130319084525211792e+00 1.648839273855112553e+09
7.873837809765823472e-04 -1.979727090950709645e+00 6.643917911363184885e+02 3.102609012056038756e-13 -2.166878133607742285e+00 1.648839273855568171e+09
8.249556703166804634e-04 -1.949900618239502892e+00 5.419025922436023848e+02 1.577661189927841906e-11 -7.300783658025590483e+00 1.648839273855632782e+09
7.665248344825907568e-04 -1.990035428729662437e+00 8.875387183161511757e+02 2.201124961835238328e-14 -9.212109753427490944e-01 1.648839273858086109e+09
8.072469656249279613e-04 -1.952018684497686785e+00 6.438308722008642917e+02 1.024272651095680644e-12 -5.338387728572585367e+00 1.648839273858725548e+09
8.072469656249279613e-04 -1.952018684497686785e+00 6.438308722008642917e+02 1.024272651095680644e-12 -5.338387728572585367e+00 1.648839273858725548e+09
7.731559789201440354e-04 -1.988949393872745386e+00 8.055517305392376102e+02 3.736097215337941077e-13 -6.101685534766579266e+00 1.648839273863291264e+09
8.468433985211607428e-04 -1.926175358019572181e+00 4.710570846821980240e+02 4.578504523548641741e-07 -3.158487965349383586e-01 1.648839273865658760e+09
8.190467932864544612e-04 -1.955440244198424216e+00 5.523552363925275586e+02 1.484251285204456920e-13 -3.331080185856801101e+00 1.648839273866163969e+09
8.190467932864544612e-04 -1.955440244198424216e+00 5.523552363925275586e+02 1.484251285204456920e-13 -3.331080185856801101e+00 1.648839273866163969e+09
7.981338158740317696e-04 -1.959832040367179617e+00 6.506643637501445028e+02 3.330080301755163335e-07 -1.185338833189300445e+00 1.648839273869772673e+09
7.981338158740317696e-04 -1.959832040367179617e+00 6.506643637501445028e+02 3.330080301755163335e-07 -1.185338833189300445e+00 1.648839273869772673e+09
7.628108622882665566e-04 -1.994180504850791680e+00 8.831045693511426862e+02 1.222652869536339641e-14 -1.950972730003297073e+00 1.648839273871091127e+09
7.849460884586576242e-04 -1.972395935810299150e+00 7.750530543523806273e+02 2.145681828086056218e-12 -6.541593004979721293e+00 1.648839273875576735e+09
7.849460884586576242e-04 -1.972395935810299150e+00 7.750530543523806273e+02 2.145681828086056218e-12 -6.541593004979721293e+00 1.648839273875576735e+09
7.936321590031128210e-04 -1.974773195359742273e+00 6.292686684093368967e+02 3.657913115601461064e-14 -3.266267436687532388e+00 1.648839273875885487e+09
8.081857129412613671e-04 -1.964057173685278546e+00 5.975552172474230019e+02 8.510671569152109371e-08 -3.957078567565917915e+00 1.648839273876127958e+09
8.081857129412613671e-04 -1.964057173685278546e+00 5.975552172474230019e+02 8.510671569152109371e-08 -3.957078567565917915e+00 1.648839273876127958e+09
7.901481004560721288e-04 -1.976849151180207320e+00 6.717697038993097749e+02 2.657186441078873584e-06 -1.632448468279775966e+00 1.648839273876785278e+09
7.754137494315564965e-04 -1.985385482415189085e+00 7.361402954578046547e+02 1.633378832492212504e-15 -5.903207440663337913e+00 1.648839273878026485e+09
8.127705141891097872e-04 -1.951127921402992627e+00 5.648527460384669894e+02 3.007127646586473985e-09 -6.038232408035240084e-01 1.648839273878202677e+09
8.127705141891097872e-04 -1.951127921402992627e+00 5.648527460384669894e+02 3.007127646586473985e-09 -6.038232408035240084e-01 1.648839273878202677e+09
7.855386266737966359e-04 -1.969814401539393689e+00 7.339955557412419012e+02 2.817124756089689868e-10 -2.497976344681982930e+00 1.648839273878322840e+09
7.855386266737966359e-04 -1.969814401539393689e+00 7.339955557412419012e+02 2.817124756089689868e-10 -2.497976344681982930e+00 1.648839273878322840e+09
8.219479257151911982e-04 -1.943995599883202363e+00 5.872732484333650973e+02 3.794894550090649059e-11 -7.309448582264732153e+00 1.648839273885773897e+09
8.159487936916144267e-04 -1.953499978150083471e+00 5.381740186607779606e+02 1.219619636886749030e-14 -4.741750837520170236e+00 1.648839273886047602e+09
7.823479196942308969e-04 -1.972685848929566887e+00 7.543104431119623996e+02 1.209958413141561715e-08 -2.164133647654510995e+00 1.648839273890312910e+09
8.067198108928617679e-04 -1.955958332016717094e+00 6.550495685271087041e+02 5.520126756404568242e-12 -5.142131278332978894e+00 1.648839273891358614e+09
8.067198108928617679e-04 -1.955958332016717094e+00 6.550495685271087041e+02 5.520126756404568242e-12 -5.142131278332978894e+00 1.648839273891358614e+09
8.322230860792371532e-04 -1.935928859747905850e+00 5.081487752233451829e+02 1.079988215406903134e-11 -7.099166196821597552e+00 1.648839273895580292e+09
8.223680685354445427e-04 -1.953064201204167016e+00 5.339173311471519128e+02 1.464405704993229432e-10 -1.611774110848904762e+00 1.648839273897364616e+09
8.223680685354445427e-04 -1.953064201204167016e+00 5.339173311471519128e+02 1.464405704993229432e-10 -1.611774110848904762e+00 1.648839273897364616e+09
8.045981083882390410e-04 -1.967095500358610138e+00 5.982693678979137530e+02 7.969043431904609876e-11 -3.499784468416589966e+00 1.648839273899679184e+09
7.637338551834455978e-04 -1.994122859363425704e+00 8.615920744842635486e+02 2.686190658221872931e-13 -7.335786025853415993e+00 1.648839273900425196e+09
7.637338551834455978e-04 -1.994122859363425704e+00 8.615920744842635486e+02 2.686190658221872931e-13 -7.335786025853415993e+00 1.648839273900425196e+09
8.103325633496990090e-04 -1.949353446015277713e+00 6.106512446983246036e+02 4.171590601537150094e-10 -1.803316216602946831e+00 1.648839273901241302e+09
8.103325633496990090e-04 -1.949353446015277713e+00 6.106512446983246036e+02 4.171590601537150094e-10 -1.803316216602946831e+00 1.648839273901241302e+09
8.350012892548064510e-04 -1.938986820582249138e+00 5.252377364599917655e+02 6.224723520156820086e-15 -3.604454805479222479e+00 1.648839273901435614e+09
8.047324294211291411e-04 -1.966190015520435486e+00 6.141922275621689096e+02 9.025233095419889717e-13 -7.812118566309322887e-01 1.648839273903855801e+09
8.047324294211291411e-04 -1.966190015520435486e+00 6.141922275621689096e+02 9.025233095419889717e-13 -7.812118566309322887e-01 1.648839273903855801e+09
8.094461258606191426e-04 -1.966411618470968570e+00 5.838740859426745828e+02 2.931959110067088320e-09 -7.673096647103674783e+00 1.648839273904970646e+09
8.094461258606191426e-04 -1.966411618470968570e+00 5.838740859426745828e+02 2.931959110067088320e-09 -7.673096647103674783e+00 1.648839273904970646e+09
7.758637351724511364e-04 -1.981989259986584262e+00 8.337566781926888098e+02 3.262539371164727353e-07 -8.269218461894123351e-02 1.648839273905194283e+09
8.175343638888221470e-04 -1.956869689670414303e+00 5.423461085573844684e+02 3.553835163671069810e-12 -2.876690665686520987e-01 1.648839273908418655e+09
8.175343638888221470e-04 -1.956869689670414303e+00 5.423461085573844684e+02 3.553835163671069810e-12 -2.876690665686520987e-01 1.648839273908418655e+09
7.891605686529563337e-04 -1.973651163442045497e+00 7.347596448745512134e+02 1.822470028371512719e-10 -1.567707355991685425e+00 1.648839273908741713e+09
7.764000218858263828e-04 -1.978172355570828156e+00 7.999436825157083604e+02 2.152998960024901268e-09 -3.773386232937063767e-01 1.648839273909512281e+09
7.764000218858263828e-04 -1.978172355570828156e+00 7.999436825157083604e+02 2.152998960024901268e-09 -3.773386232937063767e-01 1.648839273909512281e+09
7.779869403277992835e-04 -1.986569361792154265e+00 7.289199868636445672e+02 2.430038917363115019e-15 -3.699121339343903969e+00 1.648839273910082340e+09
7.737204184155572866e-04 -1.984264121815680459e+00 7.620133022248317047e+02 2.292940991038348777e-15 -3.519845173211151312e+00 1.648839273917747259e+09
7.721190487359381755e-04 -1.983438485759500214e+00 7.682043380965720871e+02 8.529040217402503048e-09 -6.982854495212416523e+00 1.648839273922141314e+09
7.869638228128969255e-04 -1.980196879937114574e+00 6.720758951167933901e+02 1.160814356496073135e-11 -1.138854210614581142e+00 1.648839273923268080e+09
8.510001551179581687e-04 -1.923615022390894325e+00 4.632194935214099587e+02 2.951676723052254021e-09 -6.339621294758845949e-01 1.648839273924865961e+09
8.510001551179581687e-04 -1.923615022390894325e+00 4.632194935214099587e+02 2.951676723052254021e-09 -6.339621294758845949e-01 1.648839273924865961e+09
7.755925857508465596e-04 -1.987201837658415737e+00 7.869626345179831333e+02 5.352255821275152344e-10 -4.304002177507486593e-01 1.648839273926997185e+09
7.769577112740240488e-04 -1.982069814053710299e+00 8.182414774852304618e+02 8.743902375095764017e-12 -7.641921636782724292e+00 1.648839273927749872e+09
7.793134911876494842e-04 -1.980139835582774843e+00 7.169287355546044864e+02 6.471310359263997374e-13 -3.036072957928847238e+00 1.648839273930647850e+09
7.793134911876494842e-04 -1.980139835582774843e+00 7.169287355546044864e+02 6.471310359263997374e-13 -3.036072957928847238e+00 1.648839273930647850e+09
8.398930629957336060e-04 -1.934254954157716977e+00 5.120670262653416103e+02 1.442811148444733645e-11 -4.059195248021428171e+00 1.648839273931022167e+09
7.832486643758866142e-04 -1.971859098354881601e+00 7.530284483227223973e+02 4.686324654350882593e-15 -1.696615551164127211e+00 1.648839273933130503e+09
7.832486643758866142e-04 -1.971859098354881601e+00 7.530284483227223973e+02 4.686324654350882593e-15 -1.696615551164127211e+00 1.648839273933130503e+09
7.708620015107136257e-04 -1.986839613149586459e+00 7.868908615494192418e+02 1.008576123438387422e-07 -2.489445840814541455e+00 1.648839273933653116e+09
8.105191476349088518e-04 -1.949480041663733898e+00 6.267179913886811846e+02 1.293426516566618082e-12 -3.391077678052757172e+00 1.648839273933867931e+09
7.857336724185499249e-04 -1.979200420750339529e+00 7.293012699894009074e+02 5.335530718413211269e-12 -5.384509112787849716e-02 1.648839273940085888e+09
7.857336724185499249e-04 -1.979200420750339529e+00 7.293012699894009074e+02 5.335530718413211269e-12 -5.384509112787849716e-02 1.648839273940085888e+09
8.249467202631474228e-04 -1.938896457533044959e+00 5.675216749054858383e+02 2.042586951284153538e-14 -9.296812504555163059e-03 1.648839273940704346e+09
7.770473914909500120e-04 -1.982286358863226461e+00 7.317447109689045419e+02 1.606402535623637869e-12 -2.693304118989141571e-01 1.648839273942875385e+09
7.822324960966822900e-04 -1.983049959573320420e+00 6.937962777520988311e+02 2.746713663542128000e-15 -5.490202344190773687e+00 1.648839273950122595e+09
7.822324960966822900e-04 -1.983049959573320420e+00 6.937962777520988311e+02 2.746713663542128000e-15 -5.490202344190773687e+00 1.648839273950122595e+09
8.121475177218353885e-04 -1.952347691711056266e+00 6.279411700576029034e+02 4.634778365704000225e-15 -3.463952538600731934e+00 1.648839273953984976e+09
8.121475177218353885e-04 -1.952347691711056266e+00 6.279411700576029034e+02 4.634778365704000225e-15 -3.463952538600731934e+00 1.648839273953984976e+09
7.805313196851891263e-04 -1.977083619717394214e+00 8.009739739744924236e+02 2.976861382276949349e-15 -5.111797492894419648e+00 1.648839273954300642e+09
7.805313196851891263e-04 -1.977083619717394214e+00 8.009739739744924236e+02 2.976861382276949349e-15 -5.111797492894419648e+00 1.648839273954300642e+09
7.928211086038961441e-04 -1.967125956597440384e+00 7.272460354054865093e+02 3.886750600675247609e-14 -3.713048840793497618e+00 1.648839273955727100e+09
7.928211086038961441e-04 -1.967125956597440384e+00 7.272460354054865093e+02 3.886750600675247609e-14 -3.713048840793497618e+00 1.648839273955727100e+09
8.215615427785274765e-04 -1.953424801538628852e+00 5.278195116320526949e+02 1.229980535982342047e-11 -1.107337240610672957e+00 1.648839273957355976e+09
8.215615427785274765e-04 -1.953424801538628852e+00 5.278195116320526949e+02 1.229980535982342047e-11 -1.107337240610672957e+00 1.648839273957355976e+09
8.538419007184378092e-04 -1.924813114857210294e+00 4.550667301468474761e+02 1.510732391888116087e-13 -1.530168203668775817e+00 1.648839273960587740e+09
7.907270304531576486e-04 -1.965420862020611725e+00 7.085262089151626697e+02 1.337336724432813518e-07 -3.612914280445640003e+00 1.648839273963995934e+09
7.907270304531576486e-04 -1.965420862020611725e+00 7.085262089151626697e+02 1.337336724432813518e-07 -3.612914280445640003e+00 1.648839273963995934e+09
7.826704255034587065e-04 -1.981757807120637427e+00 7.441784405848513870e+02 1.605484699643224719e-10 -5.057823429835621276e+00 1.648839273965701342e+09
7.983056597002947388e-04 -1.960187808142063837e+00 6.443645786937978528e+02 1.327941087023543428e-13 -1.285495185854686362e+00 1.648839273967121124e+09
7.983056597002947388e-04 -1.960187808142063837e+00 6.443645786937978528e+02 1.327941087023543428e-13 -1.285495185854686362e+00 1.648839273967121124e+09
8.211310733957008761e-04 -1.947783501525765182e+00 5.264959522061210464e+02 5.168279822098778472e-11 -4.326577898949126144e+00 1.648839273969759703e+09
8.211310733957008761e-04 -1.947783501525765182e+00 5.264959522061210464e+02 5.168279822098778472e-11 -4.326577898949126144e+00 1.648839273969759703e+09
7.894935264725371675e-04 -1.977739414472104995e+00 6.516659461055101019e+02 2.290065590481932246e-15 -2.020989931713055299e+00 1.648839273973066568e+09
7.688962478530344613e-04 -1.992184857239622797e+00 8.213917445698506299e+02 1.526691052337047670e-07 -2.924041993374721038e+00 1.648839273973809242e+09
7.985179315808360167e-04 -1.967227334327514399e+00 6.037681765202884208e+02 9.396338834414145989e-14 -1.610537273032213612e+00 1.648839273974415064e+09
7.753900778895466339e-04 -1.984958128106323549e+00 7.393396037399570560e+02 9.711474598434334354e-13 -1.968699588708774151e+00 1.648839273976495743e+09
7.753900778895466339e-04 -1.984958128106323549e+00 7.393396037399570560e+02 9.711474598434334354e-13 -1.968699588708774151e+00 1.648839273976495743e+09
7.905623620051415454e-04 -1.975904618307513738e+00 6.967517125858328200e+02 6.614327290166549869e-15 -4.764754667762449714e-02 1.648839273979699135e+09
8.324573789087498510e-04 -1.933890571398240610e+00 5.402633855570934429e+02 1.582564894270704411e-12 -6.775827435839302026e+00 1.648839273980571747e+09
8.019659670160839311e-04 -1.957552801972791467e+00 6.761334926581196214e+02 4.238039592630571516e-14 -4.440710624795743300e+00 1.648839273981497288e+09
7.965212054710797251e-04 -1.972593894531556424e+00 6.488054880571604599e+02 3.056638824455942568e-13 -5.004118770683614770e+00 1.648839273981985331e+09
7.965212054710797251e-04 -1.972593894531556424e+00 6.488054880571604599e+02 3.056638824455942568e-13 -5.004118770683614770e+00 1.648839273981985331e+09
8.492875989802599248e-04 -1.928694649586785381e+00 4.744245666251252942e+02 4.762614347999165591e-09 -2.037326702180799920e+00 1.648839273983307600e+09
7.949101773260499118e-04 -1.974197300825223156e+00 6.482642839147591758e+02 5.259607586162438537e-15 -4.035892926510520340e+00 1.648839273983352661e+09
8.031277485476182552e-04 -1.968039345987887323e+00 6.072523364259911887e+02 2.859028915681375374e-12 -3.473808133067519677e-01 1.648839273984763145e+09
8.031277485476182552e-04 -1.968039345987887323e+00 6.072523364259911887e+02 2.859028915681375374e-12 -3.473808133067519677e-01 1.648839273984763145e+09
8.099311444708041973e-04 -1.962774945017233375e+00 5.697077496581595142e+02 4.346836096046286855e-13 -6.664574682708081177e+00 1.648839273988565207e+09
8.110056667046440255e-04 -1.951517734987106456e+00 6.372722739845562501e+02 1.286559466010232128e-07 -4.494166369790977278e+00 1.648839273988669157e+09
8.110056667046440255e-04 -1.951517734987106456e+00 6.372722739845562501e+02 1.286559466010232128e-07 -4.494166369790977278e+00 1.648839273988669157e+09
8.324049782063209797e-04 -1.940480835937412607e+00 5.355309498965220882e+02 5.116171565327677839e-12 -6.159384644805955489e+00 1.648839273989279032e+09
8.324049782063209797e-04 -1.940480835937412607e+00 5.355309498965220882e+02 5.116171565327677839e-12 -6.159384644805955489e+00 1.648839273989279032e+09
8.107019967273294044e-04 -1.949761731323716996e+00 6.292894434348622781e+02 1.168012941924144991e-10 -6.293291281610271959e+00 1.648839273989808321e+09
8.107019967273294044e-04 -1.949761731323716996e+00 6.292894434348622781e+02 1.168012941924144991e-10 -6.293291281610271959e+00 1.648839273989808321e+09
7.780909035653082399e-04 -1.978521234980158416e+00 8.243147472778319980e+02 6.393494110932468009e-10 -7.132472792796088257e+00 1.648839273990255356e+09
8.326897892930567582e-04 -1.936294986939019580e+00 5.044503094853993161e+02 1.378438881755195972e-08 -2.076959581649784781e+00 1.648839273990973711e+09
8.117220102952732788e-04 -1.953913635444979979e+00 5.605915642700186936e+02 3.973123233290510384e-15 -3.910090418100597986e-01 1.648839273992125273e+09
7.774885056146060716e-04 -1.986749491516005106e+00 7.511237106520385396e+02 1.198696396918199296e-15 -5.252263417751933616e+00 1.648839273994181395e+09
7.774885056146060716e-04 -1.986749491516005106e+00 7.511237106520385396e+02 1.198696396918199296e-15 -5.252263417751933616e+00 1.648839273994181395e+09
7.590359283057017577e-04 -1.998770240096524375e+00 9.039108954152922024e+02 7.464629763000444256e-08 -4.740183670510507596e+00 1.648839273995379925e+09
8.274597288006048336e-04 -1.936862526133015239e+00 5.480327345065400095e+02 1.419746597070597406e-13 -3.842173607183880790e-01 1.648839273995589495e+09
8.274597288006048336e-04 -1.936862526133015239e+00 5.480327345065400095e+02 1.419746597070597406e-13 -3.842173607183880790e-01 1.648839273995589495e+09
7.677997102369394635e-04 -1.989545919042571942e+00 8.835927360254511314e+02 2.064267926172867872e-07 -4.088442061463365640e+00 1.648839273996143818e+09
8.111997802054940390e-04 -1.951668059374649156e+00 5.755121699938827078e+02 7.469146071949056990e-14 -7.510581950888444602e+00 1.648839273996830463e+09
8.111997802054940390e-04 -1.951668059374649156e+00 5.755121699938827078e+02 7.469146071949056990e-14 -7.510581950888444602e+00 1.648839273996830463e+09
8.122334502121626764e-04 -1.958957693478164064e+00 5.958348181454252881e+02 3.833354973670265930e-13 -7.267518432715565524e+00 1.648839273997818708e+09
7.998629391267138202e-04 -1.969387419356976032e+00 5.993216032685432992e+02 1.227630539477111911e-12 -1.413256189115221773e+00 1.648839273998434305e+09
7.998629391267138202e-04 -1.969387419356976032e+00 5.993216032685432992e+02 1.227630539477111911e-12 -1.413256189115221773e+00 1.648839273998434305e+09
8.411901564521637393e-04 -1.936009828417204259e+00 4.947692190582094440e+02 9.084992492560013519e-11 -5.528266979654601343e+00 1.648839274002121925e+09
8.425215559909501580e-04 -1.927250361304773563e+00 5.037067981047811713e+02 6.808028051270983960e-11 -6.355047394425742624e+00 1.648839274003057003e+09
8.425215559909501580e-04 -1.927250361304773563e+00 5.037067981047811713e+02 6.808028051270983960e-11 -6.355047394425742624e+00 1.648839274003057003e+09
8.055507707564014486e-04 -1.958945410936371978e+00 5.827818581973805294e+02 5.291767024830084902e-11 -2.119953257947206460e+00 1.648839274003309488e+09
8.055507707564014486e-04 -1.958945410936371978e+00 5.827818581973805294e+02 5.291767024830084902e-11 -2.119953257947206460e+00 1.648839274003309488e+09
7.764110474003000110e-04 -1.987193279851018346e+00 7.671061638886868650e+02 9.837407153147241845e-13 -7.794907625584968081e+00 1.648839274007314682e+09
7.779183639498076300e-04 -1.976957016228285458e+00 7.964086505941587575e+02 5.740362063440432446e-10 -2.484630083596556460e+00 1.648839274008781433e+09
7.819125247695262858e-04 -1.973489054846211843e+00 7.792921600877629089e+02 2.254299677978076951e-15 -7.566585102271252694e-01 1.648839274011562347e+09
7.920355879863376402e-04 -1.964722422817902547e+00 7.215581088426373526e+02 4.164962156598917383e-14 -4.316010899858408578e+00 1.648839274013073683e+09
7.920355879863376402e-04 -1.964722422817902547e+00 7.215581088426373526e+02 4.164962156598917383e-14 -4.316010899858408578e+00 1.648839274013073683e+09
7.749792392668373216e-04 -1.980880751159980857e+00 8.320083610370003271e+02 8.375242799074836038e-15 -7.239138592261758376e+00 1.648839274016145229e+09
7.749792392668373216e-04 -1.980880751159980857e+00 8.320083610370003271e+02 8.375242799074836038e-15 -7.239138592261758376e+00 1.648839274016145229e+09
7.998508779079088662e-04 -1.964099474716302529e+00 6.020379506009011266e+02 1.350403523246753362e-09 -6.373197421710933952e+00 1.648839274016185760e+09
8.477967626419803280e-04 -1.924494380854369968e+00 4.872617986672820507e+02 2.051193693092381554e-09 -3.195837250938999397e+00 1.648839274018886328e+09
8.477967626419803280e-04 -1.924494380854369968e+00 4.872617986672820507e+02 2.051193693092381554e-09 -3.195837250938999397e+00 1.648839274018886328e+09
7.856978455604617323e-04 -1.978868288772235751e+00 6.675621440883481910e+02 1.974543151825312221e-10 -6.182921011991249216e+00 1.648839274019914389e+09
8.135612218351425664e-04 -1.952496924524294686e+00 6.181633168409140353e+02 2.652844165122462448e-12 -6.276117833293149317e+00 1.648839274020289183e+09
8.135612218351425664e-04 -1.952496924524294686e+00 6.181633168409140353e+02 2.652844165122462448e-12 -6.276117833293149317e+00 1.648839274020289183e+09
7.799983406062713318e-04 -1.975910497437465274e+00 7.986520904264165210e+02 3.435681974100078412e-15 -4.437989544234586248e-01 1.648839274023385763e+09
8.595238227147137958e-04 -1.924767546991783984e+00 4.450567357954503223e+02 2.233802674895382233e-09 -7.883419113268211653e+00 1.648839274023658514e+09
7.938848220495645048e-04 -1.963561437968792234e+00 6.711819649240997023e+02 3.603056494770951170e-09 -3.746237340998592735e+00 1.648839274023787737e+09
7.658642200492411962e-04 -1.989891710540154790e+00 8.609864338027183521e+02 5.738346730471685529e-10 -5.600321052140012412e+00 1.648839274023984432e+09
7.658642200492411962e-04 -1.989891710540154790e+00 8.609864338027183521e+02 5.738346730471685529e-10 -5.600321052140012412e+00 1.648839274023984432e+09
7.854930284160712090e-04 -1.975848269894311615e+00 7.601712980231931169e+02 3.411984279544678761e-07 -7.695687047139649906e-01 1.648839274024240017e+09
7.986362556984615653e-04 -1.971366754857984738e+00 6.289049276080261279e+02 2.260519990525978937e-13 -3.901157300593888877e+00 1.648839274025748491e+09
7.986362556984615653e-04 -1.971366754857984738e+00 6.289049276080261279e+02 2.260519990525978937e-13 -3.901157300593888877e+00 1.648839274025748491e+09
8.348021132355473977e-04 -1.931964233294293010e+00 5.213733021168987989e+02 3.126899517542843895e-11 -7.378476864068189478e+00 1.648839274027699471e+09
8.348021132355473977e-04 -1.931964233294293010e+00 5.213733021168987989e+02 3.126899517542843895e-11 -7.378476864068189478e+00 1.648839274027699471e+09
7.982038189067870411e-04 -1.969103764047314353e+00 6.654367496285921106e+02 3.432172185815431315e-14 -4.228275902761546412e+00 1.648839274033868074e+09
7.982038189067870411e-04 -1.969103764047314353e+00 6.654367496285921106e+02 3.432172185815431315e-14 -4.228275902761546412e+00 1.648839274033868074e+09
8.057371166131814056e-04 -1.963370984077613679e+00 6.286618409337802404e+02 4.440565880427913107e-13 -6.898285911369368861e+00 1.648839274034251213e+09
7.770648965920343935e-04 -1.984597077458911230e+00 7.945194563053170214e+02 1.123742224932290731e-13 -6.705251653189579386e+00 1.648839274035057783e+09
8.305657366240902983e-04 -1.939546100236081205e+00 5.040034597843543338e+02 3.499905862728841573e-10 -4.094679136116379681e+00 1.648839274038687468e+09
8.305657366240902983e-04 -1.939546100236081205e+00 5.040034597843543338e+02 3.499905862728841573e-10 -4.094679136116379681e+00 1.648839274038687468e+09
7.895094247688951667e-04 -1.977423863594965692e+00 6.914358130100489461e+02 2.115568225827539938e-10 -1.545348013159855149e+00 1.648839274039460659e+09
7.978924931691503981e-04 -1.960181023500157549e+00 6.522911834230604882e+02 1.213486369483594180e-13 -1.055221274501847439e+00 1.648839274039928436e+09
8.500848544607645958e-04 -1.928518505676175554e+00 4.672814371538637488e+02 1.346193978508731950e-11 -5.076154657587144570e+00 1.648839274040205240e+09
7.660725638835977130e-04 -1.989711150566712217e+00 8.804244248669701847e+02 3.087176638653285451e-09 -5.024048821668575471e+00 1.648839274040852308e+09
7.660725638835977130e-04 -1.989711150566712217e+00 8.804244248669701847e+02 3.087176638653285451e-09 -5.024048821668575471e+00 1.648839274040852308e+09
7.975313687740856819e-04 -1.964679439807007766e+00 6.197922174603434087e+02 5.066817416107498970e-13 -1.288565558192622973e+00 1.648839274044091463e+09
7.818798491206173243e-04 -1.981692571567688521e+00 6.920281999577866827e+02 1.758295882245094173e-12 -2.460075644331513267e+00 1.648839274044134855e+09
7.763114699390229320e-04 -1.983517355711946539e+00 7.360467481670139023e+02 3.523149856173140467e-13 -1.685590925418290809e+00 1.648839274045673370e+09
7.763114699390229320e-04 -1.983517355711946539e+00 7.360467481670139023e+02 3.523149856173140467e-13 -1.685590925418290809e+00 1.648839274045673370e+09
8.333790026623634712e-04 -1.940837516200747626e+00 5.268927985479388099e+02 1.909417696165124871e-15 -7.269329679233841546e+00 1.648839274045724869e+09
8.047470038183804786e-04 -1.958621931066847566e+00 6.611436805791227016e+02 1.208113483338671334e-11 -6.864449675980796250e+00 1.648839274048418045e+09
8.047470038183804786e-04 -1.958621931066847566e+00 6.611436805791227016e+02 1.208113483338671334e-11 -6.864449675980796250e+00 1.648839274048418045e+09
7.919427166492749859e-04 -1.972278161632539772e+00 7.116640908013787339e+02 4.748242344000453882e-11 -5.583893297219738372e+00 1.648839274049767017e+09
8.065230871060885803e-04 -1.963568589962926936e+00 5.713464314420909886e+02 6.766469147383845987e-14 -6.234634455789050733e+00 1.648839274050607920e+09
8.065230871060885803e-04 -1.963568589962926936e+00 5.713464314420909886e+02 6.766469147383845987e-14 -6.234634455789050733e+00 1.648839274050607920e+09
7.678297108088697007e-04 -1.987846247842670611e+00 8.393106060293966948e+02 9.482486638744595090e-11 -6.849360097607115172e+00 1.648839274050974369e+09
8.099029724652841199e-04 -1.957224636424737207e+00 6.273648735436603374e+02 2.842195569981698400e-13 -1.869204987666125639e+00 1.648839274051796436e+09
8.099029724652841199e-04 -1.957224636424737207e+00 6.273648735436603374e+02 2.842195569981698400e-13 -1.869204987666125639e+00 1.648839274051796436e+09
8.496952742442483251e-04 -1.923419833660981126e+00 4.783243390260792580e+02 3.547688210706228719e-08 -1.927269228644989951e+00 1.648839274053399563e+09
8.496952742442483251e-04 -1.923419833660981126e+00 4.783243390260792580e+02 3.547688210706228719e-08 -1.927269228644989951e+00 1.648839274053399563e+09
8.454814689603854221e-04 -1.929439321862190582e+00 4.940177811077337537e+02 4.577057836541069621e-14 -3.214742221381891696e+00 1.648839274054404259e+09
7.724224196328968294e-04 -1.982951837061083911e+00 8.426495595487573382e+02 1.529843810421234879e-10 -2.666785232890129365e+00 1.648839274054588556e+09
7.969398485341206611e-04 -1.961198697266835600e+00 6.539375489063208988e+02 2.368968604281980970e-11 -3.181013734609406285e+00 1.648839274056153297e+09
7.969398485341206611e-04 -1.961198697266835600e+00 6.539375489063208988e+02 2.368968604281980970e-11 -3.181013734609406285e+00 1.648839274056153297e+09
8.063898718440032625e-04 -1.954319172205021493e+00 6.538029536994272348e+02 7.461971629558287908e-13 -2.238760650027153964e+00 1.648839274059154987e+09
8.063898718440032625e-04 -1.954319172205021493e+00 6.538029536994272348e+02 7.461971629558287908e-13 -2.238760650027153964e+00 1.648839274059154987e+09
7.921591583211067293e-04 -1.973605315371643965e+00 6.980999222841427354e+02 1.942593966595598536e-15 -1.273363605143700283e+00 1.648839274060179472e+09
7.863476145061321348e-04 -1.970858634821841537e+00 7.620310305118272254e+02 1.947869389878809236e-13 -2.894980651909065728e+00 1.648839274060220957e+09
8.116179317233653901e-04 -1.959971799725738872e+00 5.539541353295717272e+02 7.187329830107833645e-10 -1.489057133908397113e+00 1.648839274065580606e+09
8.116179317233653901e-04 -1.959971799725738872e+00 5.539541353295717272e+02 7.187329830107833645e-10 -1.489057133908397113e+00 1.648839274065580606e+09
7.977942029850285241e-04 -1.971931419309227218e+00 6.333918937328064658e+02 1.745441166007788718e-08 -4.208048922907750011e-01 1.648839274067405701e+09
7.977942029850285241e-04 -1.971931419309227218e+00 6.333918937328064658e+02 1.745441166007788718e-08 -4.208048922907750011e-01 1.648839274067405701e+09
8.513756967356251671e-04 -1.926037547478838041e+00 4.590555957489282832e+02 2.004666765235111287e-07 -2.418987647668349616e+00 1.648839274068673611e+09
8.513756967356251671e-04 -1.926037547478838041e+00 4.590555957489282832e+02 2.004666765235111287e-07 -2.418987647668349616e+00 1.648839274068673611e+09
8.186855514507228532e-04 -1.943242517918994050e+00 5.824688801861586853e+02 4.092556137143398191e-13 -2.310890871528671120e+00 1.648839274069256783e+09
8.430967106964000523e-04 -1.928477016088602447e+00 4.823295408834920295e+02 5.087050826468723664e-14 -5.745414659774981558e+00 1.648839274069448948e+09
7.858849197476020128e-04 -1.971037701213043558e+00 7.073257857096735961e+02 2.434158789897480564e-10 -1.216982768108580082e+00 1.648839274072185278e+09
7.858849197476020128e-04 -1.971037701213043558e+00 7.073257857096735961e+02 2.434158789897480564e-10 -1.216982768108580082e+00 1.648839274072185278e+09
7.856782210689809871e-04 -1.976833740985933341e+00 7.499032988550146683e+02 9.906377659305583879e-12 -6.105805828478123587e+00 1.648839274074604273e+09
7.705387438676341303e-04 -1.986009524673643334e+00 8.580463252738883284e+02 7.288339691738463723e-09 -4.264043545079747588e-01 1.648839274078179359e+09
7.655768525419020002e-04 -1.987851424644948128e+00 8.927221231564028585e+02 1.328998088684996272e-09 -7.122236410951532370e+00 1.648839274080158949e+09
7.881054542800651616e-04 -1.969332215559282728e+00 6.918936489227438642e+02 4.883869216095470201e-08 -3.405784344658524532e-01 1.648839274085596561e+09
7.954324253729977813e-04 -1.966094666058382678e+00 7.087109827699364359e+02 2.111049067000191951e-12 -1.551119613263736596e+00 1.648839274090507746e+09
7.954324253729977813e-04 -1.966094666058382678e+00 7.087109827699364359e+02 2.111049067000191951e-12 -1.551119613263736596e+00 1.648839274090507746e+09
7.897599338763765242e-04 -1.976278656275062939e+00 7.018168089056372310e+02 5.291832853893773229e-07 -2.543012374296925060e+00 1.648839274091579914e+09
8.043612407234074268e-04 -1.963650615056520277e+00 5.793884001203639400e+02 3.295755332665609698e-14 -3.261754928575286705e+00 1.648839274092303514e+09
8.140210384110159632e-04 -1.957782515224659958e+00 5.455110580748570328e+02 9.810986514893330445e-11 -1.836874170575531373e+00 1.648839274093623877e+09
7.951864992046098592e-04 -1.965845127892633215e+00 7.111065164092944997e+02 8.150307737298511061e-11 -6.506689374227194733e-01 1.648839274094283104e+09
7.839537320472747886e-04 -1.973379737696676628e+00 7.114876461277746102e+02 2.185853637677592758e-10 -1.158958760576351388e+00 1.648839274094321728e+09
7.839537320472747886e-04 -1.973379737696676628e+00 7.114876461277746102e+02 2.185853637677592758e-10 -1.158958760576351388e+00 1.648839274094321728e+09
8.203302220247629152e-04 -1.942326192312894717e+00 5.667617120189162279e+02 5.430295416221918323e-12 -3.715524671287768754e+00 1.648839274096938848e+09
8.203302220247629152e-04 -1.942326192312894717e+00 5.667617120189162279e+02 5.430295416221918323e-12 -3.715524671287768754e+00 1.648839274096938848e+09
8.210536376760684983e-04 -1.952251167829144318e+00 5.588364665106373650e+02 7.747123407807181537e-09 -2.845270301937897983e+00 1.648839274102853060e+09
8.457168229483918781e-04 -1.926292043638599516e+00 4.946166262267157663e+02 1.148142861297076542e-07 -1.925363765320444287e+00 1.648839274102969885e+09
8.457168229483918781e-04 -1.926292043638599516e+00 4.946166262267157663e+02 1.148142861297076542e-07 -1.925363765320444287e+00 1.648839274102969885e+09
7.892432767930685194e-04 -1.975565415170981831e+00 7.162764450674194450e+02 7.193857190798991362e-13 -7.187883814671262250e+00 1.648839274103061199e+09
7.892432767930685194e-04 -1.975565415170981831e+00 7.162764450674194450e+02 7.193857190798991362e-13 -7.187883814671262250e+00 1.648839274103061199e+09
7.654874426515828395e-04 -1.991499289823453367e+00 8.566008060144457659e+02 9.781156035747541244e-11 -3.304510746582488778e+00 1.648839274104755163e+09
7.654874426515828395e-04 -1.991499289823453367e+00 8.566008060144457659e+02 9.781156035747541244e-11 -3.304510746582488778e+00 1.648839274104755163e+09
8.453364268518716914e-04 -1.926101716045261814e+00 4.838528277720251367e+02 5.910683742263668272e-10 -9.653818659339137298e-01 1.648839274105226755e+09
8.481306313095685317e-04 -1.930276805611342628e+00 4.651937614493373303e+02 3.041969762454424332e-10 -3.172440727276809369e+00 1.648839274106164932e+09
8.061052288713826692e-04 -1.954815730410472741e+00 6.021920351605243695e+02 2.757065754558637109e-08 -4.296394697124877204e+00 1.648839274106203794e+09
7.933778605783960375e-04 -1.972622225778465133e+00 6.276813669033061842e+02 1.717736138505370080e-12 -1.216081996950262756e+00 1.648839274106751919e+09
8.311873731174181969e-04 -1.936633057207889141e+00 5.483209356021491203e+02 4.880918706599933212e-10 -4.669282500550991699e+00 1.648839274111267328e+09
8.311873731174181969e-04 -1.936633057207889141e+00 5.483209356021491203e+02 4.880918706599933212e-10 -4.669282500550991699e+00 1.648839274111267328e+09
7.878964630892161232e-04 -1.968783773246173485e+00 7.475547547065327763e+02 1.314126575714566717e-15 -4.261066081689005358e+00 1.648839274111635208e+09
7.878964630892161232e-04 -1.968783773246173485e+00 7.475547547065327763e+02 1.314126575714566717e-15 -4.261066081689005358e+00 1.648839274111635208e+09
8.298275612946046488e-04 -1.946153265282482003e+00 5.202982647259209443e+02 6.584066502820910998e-09 -1.577700299703092668e+00 1.648839274112056494e+09
8.272523404497944413e-04 -1.944981224506952433e+00 5.511275336042733670e+02 2.737890484878072888e-10 -6.213759038926265355e+00 1.648839274113244772e+09
8.272523404497944413e-04 -1.944981224506952433e+00 5.511275336042733670e+02 2.737890484878072888e-10 -6.213759038926265355e+00 1.648839274113244772e+09
7.691047716348242344e-04 -1.986375043191513701e+00 8.550826695361334941e+02 5.413359456078940783e-13 -6.680948842182110603e+00 1.648839274114157677e+09
8.359556517973762597e-04 -1.931589304273994223e+00 5.143692428107435717e+02 3.112096205381805712e-08 -3.489739313813897681e+00 1.648839274116500616e+09
7.732512828731060968e-04 -1.987709286568996259e+00 8.140489459515410999e+02 1.264411722839284886e-13 -8.523039881290106479e-01 1.648839274116520643e+09
8.507073544701973609e-04 -1.927186029453978211e+00 4.599535214795227489e+02 1.016046355597963991e-11 -5.148011205873317842e+00 1.648839274116715908e+09
8.507073544701973609e-04 -1.927186029453978211e+00 4.599535214795227489e+02 1.016046355597963991e-11 -5.148011205873317842e+00 1.648839274116715908e+09
7.887704380311345289e-04 -1.977742576469717406e+00 6.552789066652753718e+02 1.592610750458870513e-13 -3.399022342118254159e-01 1.648839274117546797e+09
7.963244334857354266e-04 -1.972467391193443387e+00 6.194972005666784298e+02 1.901970989805227323e-15 -5.900514677555126042e+00 1.648839274121511221e+09
7.770145159212756697e-04 -1.978421386173752072e+00 7.777256833111734977e+02 1.346383622664532854e-14 -4.200916896553262170e+00 1.648839274122509003e+09
7.663671634473683816e-04 -1.989953925670601365e+00 8.740703633668854309e+02 2.978254891146318986e-10 -6.154163939042287979e+00 1.648839274123849630e+09
7.663671634473683816e-04 -1.989953925670601365e+00 8.740703633668854309e+02 2.978254891146318986e-10 -6.154163939042287979e+00 1.648839274123849630e+09
7.713247317008566865e-04 -1.990319165743922536e+00 8.013225549726993222e+02 6.233443575812357160e-10 -1.418055494840329445e+00 1.648839274124283314e+09
7.711174205729494965e-04 -1.988708254393731556e+00 8.343359015169885424e+02 3.044949312954098299e-13 -2.399998040046777525e+00 1.648839274125031710e+09
8.163860540148765556e-04 -1.957516858789373426e+00 5.515722706359565564e+02 1.241826681065038143e-10 -4.248270472057032343e+00 1.648839274126463890e+09
8.163860540148765556e-04 -1.957516858789373426e+00 5.515722706359565564e+02 1.241826681065038143e-10 -4.248270472057032343e+00 1.648839274126463890e+09
7.771756816334436570e-04 -1.980872456889093192e+00 8.168948032596116491e+02 5.055949926142753404e-09 -4.188901456464799722e+00 1.648839274126530409e+09
7.771756816334436570e-04 -1.980872456889093192e+00 8.168948032596116491e+02 5.055949926142753404e-09 -4.188901456464799722e+00 1.648839274126530409e+09
7.965259933250206205e-04 -1.960769546355445314e+00 6.891357164903356534e+02 1.293334534428196029e-12 -2.416541774629714645e+00 1.648839274126825809e+09
7.965259933250206205e-04 -1.960769546355445314e+00 6.891357164903356534e+02 1.293334534428196029e-12 -2.416541774629714645e+00 1.648839274126825809e+09
7.806134535314713727e-04 -1.974735946177899937e+00 7.810160572416593823e+02 3.040651389438791485e-09 -1.594284987885851379e+00 1.648839274127013683e+09
7.656073176078291055e-04 -1.991680667987896225e+00 8.742203694827559275e+02 2.547075883164692119e-07 -4.342461229987103266e+00 1.648839274129497766e+09
7.804722861440113084e-04 -1.984534771170033629e+00 7.202835320127787782e+02 1.067378973037739844e-14 -4.989697153521451156e+00 1.648839274132646799e+09
7.804722861440113084e-04 -1.984534771170033629e+00 7.202835320127787782e+02 1.067378973037739844e-14 -4.989697153521451156e+00 1.648839274132646799e+09
8.304899265318287007e-04 -1.943782822125401655e+00 4.981861975428952292e+02 2.081948723170483325e-15 -2.741980334674813058e+00 1.648839274133181095e+09
8.304899265318287007e-04 -1.943782822125401655e+00 4.981861975428952292e+02 2.081948723170483325e-15 -2.741980334674813058e+00 1.648839274133181095e+09
8.162767464819360545e-04 -1.950582035709140127e+00 6.047755455293879550e+02 5.480117431772602071e-15 -7.087025542362410668e+00 1.648839274133434296e+09
7.835310929111910733e-04 -1.981985109372442766e+00 6.899996885820962689e+02 1.328748070960706087e-12 -2.880398902370826519e+00 1.648839274135047197e+09
8.219293025454483268e-04 -1.941032894342666459e+00 5.718096562826372065e+02 1.375736544983421549e-11 -5.191946001808123157e+00 1.648839274136389732e+09
7.956509279511765793e-04 -1.961852568156731591e+00 6.999490802100339124e+02 7.661594917401726294e-15 -2.855466347786649983e+00 1.648839274138541698e+09
7.956509279511765793e-04 -1.961852568156731591e+00 6.999490802100339124e+02 7.661594917401726294e-15 -2.855466347786649983e+00 1.648839274138541698e+09
8.006050619530615193e-04 -1.964996872878155276e+00 6.681174257924089943e+02 2.604619725361943345e-15 -7.386797386869560889e+00 1.648839274138748407e+09
7.750082155686156826e-04 -1.983258280160213660e+00 7.556635845010368939e+02 1.802736940729455283e-15 -3.364762301366042152e-01 1.648839274140841484e+09
7.750082155686156826e-04 -1.983258280160213660e+00 7.556635845010368939e+02 1.802736940729455283e-15 -3.364762301366042152e-01 1.648839274140841484e+09
7.703058549875128544e-04 -1.986563033175495763e+00 8.014579707429977589e+02 5.401228022171841735e-10 -6.250402240441151669e+00 1.648839274142241955e+09
7.703058549875128544e-04 -1.986563033175495763e+00 8.014579707429977589e+02 5.401228022171841735e-10 -6.250402240441151669e+00 1.648839274142241955e+09
7.857538896532205962e-04 -1.971833826500068110e+00 7.616016831372470506e+02 3.313161836678249714e-06 -9.805832319242142603e-01 1.648839274142595291e+09
7.764561540306210699e-04 -1.987173873254034273e+00 7.471611413027651452e+02 1.990292040768271509e-15 -3.297642203025388241e-01 1.648839274145437956e+09
7.779356608129156699e-04 -1.981060480300049775e+00 8.081795881472946803e+02 3.213837109625085234e-09 -4.990648406537339099e-01 1.648839274147847891e+09
7.799497822172411169e-04 -1.976462063237540701e+00 7.980890781830421474e+02 8.828683358328501334e-12 -1.191723183278565301e+00 1.648839274147878408e+09
7.799497822172411169e-04 -1.976462063237540701e+00 7.980890781830421474e+02 8.828683358328501334e-12 -1.191723183278565301e+00 1.648839274147878408e+09
7.844742729049030599e-04 -1.979395050659196187e+00 6.772108157776496000e+02 1.988554236589580647e-08 -2.997582616371407660e+00 1.648839274149712801e+09
7.997849587152377300e-04 -1.969773091973773482e+00 6.348577297879842263e+02 1.593426280868755968e-15 -1.528261674648798696e+00 1.648839274150709391e+09
7.888174472687322844e-04 -1.967339226678834319e+00 7.167025306060323828e+02 7.638823039522555271e-09 -3.101788460360759281e+00 1.648839274152451277e+09
7.888174472687322844e-04 -1.967339226678834319e+00 7.167025306060323828e+02 7.638823039522555271e-09 -3.101788460360759281e+00 1.648839274152451277e+09
8.125807337530782919e-04 -1.960248566230583522e+00 5.739678969411173739e+02 9.017788405795229074e-10 -3.390783178901655148e+00 1.648839274158909082e+09
8.125807337530782919e-04 -1.960248566230583522e+00 5.739678969411173739e+02 9.017788405795229074e-10 -3.390783178901655148e+00 1.648839274158909082e+09
8.200252614498400186e-04 -1.954279000110775932e+00 5.332062659122125297e+02 3.373839069515189539e-15 -4.709203727604233336e+00 1.648839274159202337e+09
8.492900654345196141e-04 -1.923977158047639691e+00 4.779058889617666637e+02 3.082794295443990011e-11 -3.157213302580839986e+00 1.648839274160639763e+09
8.492900654345196141e-04 -1.923977158047639691e+00 4.779058889617666637e+02 3.082794295443990011e-11 -3.157213302580839986e+00 1.648839274160639763e+09
7.704825520281320412e-04 -1.990699832623622267e+00 7.957797902878201057e+02 6.814366623154031800e-13 -5.721810383033430369e+00 1.648839274161349297e+09
7.704825520281320412e-04 -1.990699832623622267e+00 7.957797902878201057e+02 6.814366623154031800e-13 -5.721810383033430369e+00 1.648839274161349297e+09
7.726764786783518659e-04 -1.987705830533552209e+00 8.213981656406344882e+02 3.393667733782366312e-12 -4.638434999184621432e+00 1.648839274165372372e+09
7.726764786783518659e-04 -1.987705830533552209e+00 8.213981656406344882e+02 3.393667733782366312e-12 -4.638434999184621432e+00 1.648839274165372372e+09
7.730521278773076852e-04 -1.988425042706967183e+00 7.632513643786899138e+02 2.235552289524385693e-14 -7.979944961014237670e+00 1.648839274165624619e+09
7.827914378679659731e-04 -1.974975745968464036e+00 7.982871268359850774e+02 6.925098766125078400e-08 -5.192690024507129465e+00 1.648839274169661283e+09
7.827914378679659731e-04 -1.974975745968464036e+00 7.982871268359850774e+02 6.925098766125078400e-08 -5.192690024507129465e+00 1.648839274169661283e+09
8.522569589412484770e-04 -1.924133770528255960e+00 4.686443831228112913e+02 1.083015857813508395e-11 -4.068273823276657097e+00 1.648839274171009302e+09
8.522569589412484770e-04 -1.924133770528255960e+00 4.686443831228112913e+02 1.083015857813508395e-11 -4.068273823276657097e+00 1.648839274171009302e+09
7.768020124738802667e-04 -1.986708261238269380e+00 7.611974491767173276e+02 7.321307771185990484e-10 -1.925280350057594347e-01 1.648839274172703028e+09
7.756236783784139057e-04 -1.980512926077768965e+00 8.234471421365586821e+02 1.491218548684139330e-11 -2.389927280492008421e+00 1.648839274176279068e+09
8.465482240537032434e-04 -1.925646188895633104e+00 4.803823386357207141e+02 1.530353212494549486e-15 -1.982475745802285694e+00 1.648839274177068949e+09
8.465482240537032434e-04 -1.925646188895633104e+00 4.803823386357207141e+02 1.530353212494549486e-15 -1.982475745802285694e+00 1.648839274177068949e+09
7.943605665511824102e-04 -1.973173223522561859e+00 6.735288803435734053e+02 7.343294293367474029e-07 -4.745539051613461012e-01 1.648839274177784204e+09
8.326663149915972855e-04 -1.936374774705896140e+00 5.057801351029758621e+02 7.299232276156857565e-14 -7.033505706837824611e+00 1.648839274181215763e+09
8.153119946264559452e-04 -1.946171644604448137e+00 5.851745451218232574e+02 5.457622340014926552e-11 -6.581485070048255892e+00 1.648839274182472944e+09
8.153119946264559452e-04 -1.946171644604448137e+00 5.851745451218232574e+02 5.457622340014926552e-11 -6.581485070048255892e+00 1.648839274182472944e+09
8.518851458163303981e-04 -1.924140404600050314e+00 4.625333155980804349e+02 6.895360974750362514e-15 -2.803610234070792018e+00 1.648839274185985088e+09
8.518851458163303981e-04 -1.924140404600050314e+00 4.625333155980804349e+02 6.895360974750362514e-15 -2.803610234070792018e+00 1.648839274185985088e+09
7.917363109796104678e-04 -1.965980971750904693e+00 6.772483904557932419e+02 1.488190626936790232e-11 -3.189219892105633392e+00 1.648839274186328650e+09
8.490758416086932429e-04 -1.924995791102764198e+00 4.819182632237381654e+02 1.126409871815420058e-07 -1.431340195802394355e+00 1.648839274187175989e+09
8.490758416086932429e-04 -1.924995791102764198e+00 4.819182632237381654e+02 1.126409871815420058e-07 -1.431340195802394355e+00 1.648839274187175989e+09
7.860099751105925885e-04 -1.969934627616824141e+00 7.472875559882915013e+02 4.594161062349893267e-13 -4.286275254484186448e-01 1.648839274189482450e+09
7.750752164062999590e-04 -1.984540967286129387e+00 7.486280483480796875e+02 3.888171056198754773e-13 -1.382452896934180941e+00 1.648839274191804171e+09
7.750752164062999590e-04 -1.984540967286129387e+00 7.486280483480796875e+02 3.888171056198754773e-13 -1.382452896934180941e+00 1.648839274191804171e+09
8.273590247062322361e-04 -1.942305080518069715e+00 5.588719060848515028e+02 2.225010398314207565e-15 -5.387369437051608756e+00 1.648839274193377733e+09
8.442207168132595920e-04 -1.930512069482125170e+00 4.965063248527282553e+02 3.162263790703628766e-15 -2.341929258243673040e+00 1.648839274193760157e+09
7.933555621563831125e-04 -1.969511536693487663e+00 7.119311801806760514e+02 1.252226642911897752e-10 -1.779124192802515658e+00 1.648839274194643497e+09
8.098305991280159606e-04 -1.955487303860936610e+00 5.782708513050466763e+02 2.596751354260719068e-06 -1.596858818866717655e+00 1.648839274194798231e+09
8.514050100528709275e-04 -1.924622398152436187e+00 4.725975897545344537e+02 1.485154478806498952e-07 -3.468798773352265385e+00 1.648839274197423458e+09
7.961902813649605242e-04 -1.972886989177917716e+00 6.424368250396812527e+02 9.544389671836951963e-14 -3.329617006867094275e+00 1.648839274203751326e+09
7.725702885263233686e-04 -1.986037932176162535e+00 8.388747768400377254e+02 1.919648837137380744e-10 -6.890969934571891997e+00 1.648839274208130598e+09
7.969800617733936677e-04 -1.970613661838247932e+00 6.124371642774709699e+02 3.796180207145111765e-09 -2.925272364810285630e+00 1.648839274208949804e+09
7.963016120920100166e-04 -1.964816710588857429e+00 6.318666469906856946e+02 4.592519388931528174e-15 -6.851029758247347168e+00 1.648839274212811708e+09
7.963016120920100166e-04 -1.964816710588857429e+00 6.318666469906856946e+02 4.592519388931528174e-15 -6.851029758247347168e+00 1.648839274212811708e+09
7.780897995986073073e-04 -1.985541051654631683e+00 7.274530897199355195e+02 2.184349948215315595e-08 -1.219053276848061529e+00 1.648839274212881804e+09
7.780897995986073073e-04 -1.985541051654631683e+00 7.274530897199355195e+02 2.184349948215315595e-08 -1.219053276848061529e+00 1.648839274212881804e+09
8.030469706159727630e-04 -1.956479256397125388e+00 6.656855248393875399e+02 2.374480866072809379e-14 -5.848743984699875220e+00 1.648839274213526249e+09
7.785542733365350332e-04 -1.985578440798719591e+00 7.440994486304203974e+02 1.274861074307518731e-09 -1.366059695338416091e+00 1.648839274214556456e+09
7.785542733365350332e-04 -1.985578440798719591e+00 7.440994486304203974e+02 1.274861074307518731e-09 -1.366059695338416091e+00 1.648839274214556456e+09
8.011445356454829914e-04 -1.959947826219820666e+00 6.766799757570377096e+02 3.759819700737430991e-06 -9.691443451036647616e-01 1.648839274218936443e+09
7.698774641058681858e-04 -1.989836381650390784e+00 8.347185866584733276e+02 5.087834722416082260e-14 -6.153903670558315220e+00 1.648839274223872423e+09
7.904707471067858732e-04 -1.968144493875871648e+00 7.365782973928112369e+02 6.604620047729552849e-11 -1.433091093695188611e+00 1.648839274224077940e+09
7.904707471067858732e-04 -1.968144493875871648e+00 7.365782973928112369e+02 6.604620047729552849e-11 -1.433091093695188611e+00 1.648839274224077940e+09
7.697066482215430584e-04 -1.990863504303776121e+00 8.158936530674102414e+02 1.931440753307838125e-09 -3.025403127853021346e+00 1.648839274224577188e+09
7.697066482215430584e-04 -1.990863504303776121e+00 8.158936530674102414e+02 1.931440753307838125e-09 -3.025403127853021346e+00 1.648839274224577188e+09
7.742301888663316372e-04 -1.981152034502224435e+00 8.185714124905008475e+02 5.793928894816686929e-15 -1.414557134792853610e+00 1.648839274226842165e+09
7.823175505313336667e-04 -1.975228723370001882e+00 7.841216175105057573e+02 2.287888401440856280e-12 -6.078588741517872762e+00 1.648839274228050232e+09
7.823175505313336667e-04 -1.975228723370001882e+00 7.841216175105057573e+02 2.287888401440856280e-12 -6.078588741517872762e+00 1.648839274228050232e+09
8.142757021394545890e-04 -1.952266902301648344e+00 6.121751119491635791e+02 8.888584709201385522e-11 -4.317160360641596029e+00 1.648839274228687525e+09
8.142757021394545890e-04 -1.952266902301648344e+00 6.121751119491635791e+02 8.888584709201385522e-11 -4.317160360641596029e+00 1.648839274228687525e+09
7.670752089397042802e-04 -1.990874255981193830e+00 8.347533902793094285e+02 6.780292578007114802e-14 -2.791096588422177227e+00 1.648839274228795528e+09
8.365085726204315618e-04 -1.939720303713891481e+00 5.069409089434984139e+02 4.442442683531152259e-11 -6.654961033203081300e+00 1.648839274230577946e+09
7.777345140484375830e-04 -1.977835995440036632e+00 7.952622329862566630e+02 1.810785292140460878e-07 -2.576822649159383083e+00 1.648839274235540867e+09
8.078854196892613655e-04 -1.957103384110861821e+00 6.414898372828365609e+02 1.543869179310168543e-07 -1.679132768424769218e+00 1.648839274235749006e+09
8.078854196892613655e-04 -1.957103384110861821e+00 6.414898372828365609e+02 1.543869179310168543e-07 -1.679132768424769218e+00 1.648839274235749006e+09
7.998409077409370091e-04 -1.969885712332493100e+00 6.072597315016372477e+02 2.764896034423400988e-08 -1.610032866714193212e+00 1.648839274235966206e+09
7.998409077409370091e-04 -1.969885712332493100e+00 6.072597315016372477e+02 2.764896034423400988e-08 -1.610032866714193212e+00 1.648839274235966206e+09
7.854014680387023288e-04 -1.979938062194242843e+00 7.203617299996428756e+02 2.295457972505035531e-09 -5.224877077817604132e+00 1.648839274238075018e+09
7.854014680387023288e-04 -1.979938062194242843e+00 7.203617299996428756e+02 2.295457972505035531e-09 -5.224877077817604132e+00 1.648839274238075018e+09
7.746645597865448041e-04 -1.986026794451859701e+00 8.351747037301096270e+02 7.386612951587641605e-08 -5.179303666618230828e+00 1.648839274241489887e+09
8.402405286769557479e-04 -1.929080143661810576e+00 5.068187965040551148e+02 6.795917420656174508e-08 -1.413431559363110601e+00 1.648839274242954493e+09
8.402405286769557479e-04 -1.929080143661810576e+00 5.068187965040551148e+02 6.795917420656174508e-08 -1.413431559363110601e+00 1.648839274242954493e+09
7.744121064036744301e-04 -1.982963459374512460e+00 7.805858662443695266e+02 3.285214476094686324e-06 -2.669737406462902030e-01 1.648839274246546268e+09
7.745290397486598050e-04 -1.980871398709430409e+00 8.046880976954922744e+02 6.600973855289300995e-08 -9.180438708008553661e-01 1.648839274247431517e+09
7.969792658790338102e-04 -1.964617385744649614e+00 6.356131617618599421e+02 7.420480163446320374e-07 -2.917480211401473511e+00 1.648839274248832226e+09
8.002078110207427961e-04 -1.959132338027659292e+00 6.810821336678303624e+02 3.604113831617338135e-13 -1.708148805334402276e+00 1.648839274250939131e+09
8.002078110207427961e-04 -1.959132338027659292e+00 6.810821336678303624e+02 3.604113831617338135e-13 -1.708148805334402276e+00 1.648839274250939131e+09
8.338485467968546373e-04 -1.943145238648496198e+00 5.057415647651087625e+02 4.580756151841777524e-10 -6.910232446201515444e+00 1.648839274253197670e+09
8.338485467968546373e-04 -1.943145238648496198e+00 5.057415647651087625e+02 4.580756151841777524e-10 -6.910232446201515444e+00 1.648839274253197670e+09
7.995907178303143749e-04 -1.969040781273638796e+00 6.455067008040277869e+02 1.624277024896985389e-13 -7.993540051235866528e+00 1.648839274255701542e+09
7.995907178303143749e-04 -1.969040781273638796e+00 6.455067008040277869e+02 1.624277024896985389e-13 -7.993540051235866528e+00 1.648839274255701542e+09
7.686519567386224322e-04 -1.991469431606760487e+00 8.412340024227474942e+02 1.808024590970414693e-09 -6.141242099598387405e+00 1.648839274261302948e+09
8.193545922847874068e-04 -1.944869807528109229e+00 5.533998766721650782e+02 2.729329939477595689e-14 -1.727109244056233450e+00 1.648839274266674519e+09
8.183592318921082201e-04 -1.948138091343312395e+00 5.430321847393862527e+02 1.619361471763473705e-14 -2.490998715030339206e+00 1.648839274268862486e+09
8.183592318921082201e-04 -1.948138091343312395e+00 5.430321847393862527e+02 1.619361471763473705e-14 -2.490998715030339206e+00 1.648839274268862486e+09
7.922834244119491241e-04 -1.974240177343224989e+00 6.361718100033319843e+02 5.512167430476340154e-09 -5.110934686592401022e-01 1.648839274269404411e+09
8.418963831883525401e-04 -1.935772531615514769e+00 4.833275936029677382e+02 2.524915988387279141e-15 -5.755313504459156349e+00 1.648839274270271063e+09
7.821133356661823200e-04 -1.982735290414225915e+00 7.292653405358423697e+02 2.081693164115377508e-11 -3.206933085790603322e+00 1.648839274272528410e+09
7.683652205415409959e-04 -1.988596294385927887e+00 8.294932139255954553e+02 6.951585730770000621e-15 -9.617001447579056617e-01 1.648839274273126364e+09
7.683652205415409959e-04 -1.988596294385927887e+00 8.294932139255954553e+02 6.951585730770000621e-15 -9.617001447579056617e-01 1.648839274273126364e+09
7.831284454216345947e-04 -1.978821969715861995e+00 6.896042224816470707e+02 7.881487099189090840e-14 -9.039909591984969239e-01 1.648839274274521112e+09
8.430382762534449799e-04 -1.933028142454598752e+00 4.938232332830222049e+02 1.640038682910577434e-09 -1.230913455966495818e+00 1.648839274275649071e+09
8.430382762534449799e-04 -1.933028142454598752e+00 4.938232332830222049e+02 1.640038682910577434e-09 -1.230913455966495818e+00 1.648839274275649071e+09
7.967888439128318571e-04 -1.960716078894030101e+00 6.757484382750943723e+02 1.394671535066323094e-13 -5.481936268890108543e+00 1.648839274276310205e+09
8.105682064297402810e-04 -1.950680597438542385e+00 6.292509154326974112e+02 1.168497237974434399e-09 -1.785528809384219429e+00 1.648839274278014898e+09
8.176553698548467584e-04 -1.944450773781748687e+00 5.897660475714615131e+02 1.421809247690416307e-13 -7.679805934464051020e+00 1.648839274278570175e+09
8.176553698548467584e-04 -1.944450773781748687e+00 5.897660475714615131e+02 1.421809247690416307e-13 -7.679805934464051020e+00 1.648839274278570175e+09
7.908810160601876908e-04 -1.967505467005918884e+00 6.783025146970178412e+02 3.777119228299105957e-07 -2.601965695583547067e+00 1.648839274279152393e+09
7.908810160601876908e-04 -1.967505467005918884e+00 6.783025146970178412e+02 3.777119228299105957e-07 -2.601965695583547067e+00 1.648839274279152393e+09
8.337864705265009974e-04 -1.936178472789886307e+00 5.011791976527542261e+02 3.268634229933466725e-12 -3.469758114317913922e+00 1.648839274280548811e+09
8.423049433359612028e-04 -1.934040727219986877e+00 4.776733671087960715e+02 2.646975767937950499e-07 -4.285059234310207188e+00 1.648839274286320210e+09
8.225295599709762841e-04 -1.941721251237302548e+00 5.593233842002812253e+02 1.393522035882668335e-06 -1.697447734569780486e+00 1.648839274287202835e+09
7.679651812205217807e-04 -1.991180825056066528e+00 8.308861323934548864e+02 2.406674585571682449e-15 -2.859345880301998655e+00 1.648839274287696600e+09
7.679651812205217807e-04 -1.991180825056066528e+00 8.308861323934548864e+02 2.406674585571682449e-15 -2.859345880301998655e+00 1.648839274287696600e+09
7.683315908416530823e-04 -1.988791532186569455e+00 8.561593450366840443e+02 1.235457354852718730e-09 -4.596834098486928255e+00 1.648839274291089535e+09
7.909385988038810820e-04 -1.975774431639257145e+00 6.454094699067852616e+02 2.500809827923959622e-15 -2.382949614230987834e+00 1.648839274296450377e+09
7.909385988038810820e-04 -1.975774431639257145e+00 6.454094699067852616e+02 2.500809827923959622e-15 -2.382949614230987834e+00 1.648839274296450377e+09
8.472566884089773997e-04 -1.925674108507745341e+00 4.783966678992281913e+02 3.103020287540076685e-09 -3.206869116677986575e+00 1.648839274297604084e+09
8.472566884089773997e-04 -1.925674108507745341e+00 4.783966678992281913e+02 3.103020287540076685e-09 -3.206869116677986575e+00 1.648839274297604084e+09
8.097768389614605315e-04 -1.958075891504244659e+00 5.625211129769256786e+02 5.720753444864352894e-14 -3.934834783733092145e+00 1.648839274297725916e+09
8.011905071494150382e-04 -1.958437651763262011e+00 6.756130959273758663e+02 7.509641369856986814e-11 -1.014369163778684246e+00 1.648839274298264980e+09
8.149415572633436676e-04 -1.946529474670340321e+00 6.015238408938569137e+02 4.123118119698530194e-14 -6.914365575388528029e-01 1.648839274298660994e+09
8.149415572633436676e-04 -1.946529474670340321e+00 6.015238408938569137e+02 4.123118119698530194e-14 -6.914365575388528029e-01 1.648839274298660994e+09
8.331969216856275826e-04 -1.938841298863252627e+00 4.960563756349053506e+02 4.153958021309884717e-11 -4.369562695081539161e-01 1.648839274299395084e+09
8.331969216856275826e-04 -1.938841298863252627e+00 4.960563756349053506e+02 4.153958021309884717e-11 -4.369562695081539161e-01 1.648839274299395084e+09
7.992928504003267128e-04 -1.958926768590596890e+00 6.765543208703180653e+02 3.131049468438868178e-12 -7.532761103917113843e-01 1.648839274299448729e+09
7.781433148911255648e-04 -1.983057897583487605e+00 7.889234503237329363e+02 1.065456349204500895e-08 -3.386175758329467378e+00 1.648839274299579144e+09
7.937994609489077130e-04 -1.973044590700356871e+00 6.800667403007712437e+02 5.300271968422883823e-10 -6.237445116931940703e+00 1.648839274300346613e+09
7.733986781840175269e-04 -1.982996968797488435e+00 8.325622416066171354e+02 1.685231083196759815e-11 -2.490496715851401532e+00 1.648839274300755501e+09
7.733986781840175269e-04 -1.982996968797488435e+00 8.325622416066171354e+02 1.685231083196759815e-11 -2.490496715851401532e+00 1.648839274300755501e+09
8.062905627202701002e-04 -1.963101545621272814e+00 6.217756874073650124e+02 2.412671590868961110e-07 -1.268773547945141189e+00 1.648839274300883293e+09
7.740579384460269212e-04 -1.982771668709177426e+00 7.801723966866397859e+02 6.229361135807353272e-11 -3.899157709236771296e+00 1.648839274301238775e+09
7.740579384460269212e-04 -1.982771668709177426e+00 7.801723966866397859e+02 6.229361135807353272e-11 -3.899157709236771296e+00 1.648839274301238775e+09
7.853540347565294037e-04 -1.971177452364184735e+00 7.576455321466969508e+02 1.507232058666365288e-09 -9.615445937155140399e-01 1.648839274302788496e+09
7.853540347565294037e-04 -1.971177452364184735e+00 7.576455321466969508e+02 1.507232058666365288e-09 -9.615445937155140399e-01 1.648839274302788496e+09
8.326289600141472498e-04 -1.942863807890485184e+00 4.957594375718399533e+02 6.302621577160126339e-15 -7.439165693991072636e+00 1.648839274303487778e+09
7.785729360347763261e-04 -1.979973931455309977e+00 8.029290871283694742e+02 1.270643960316117966e-12 -6.449354353462434020e+00 1.648839274303558588e+09
7.785729360347763261e-04 -1.979973931455309977e+00 8.029290871283694742e+02 1.270643960316117966e-12 -6.449354353462434020e+00 1.648839274303558588e+09
7.968272952479107073e-04 -1.965537541270189870e+00 6.968340314403154707e+02 4.361380698637773321e-13 -7.625240786448554964e+00 1.648839274304622173e+09
7.968272952479107073e-04 -1.965537541270189870e+00 6.968340314403154707e+02 4.361380698637773321e-13 -7.625240786448554964e+00 1.648839274304622173e+09
8.000517028625317136e-04 -1.965060092170124229e+00 6.710540541836991224e+02 1.609237283561369543e-15 -3.275838315611529161e+00 1.648839274306910753e+09
8.000517028625317136e-04 -1.965060092170124229e+00 6.710540541836991224e+02 1.609237283561369543e-15 -3.275838315611529161e+00 1.648839274306910753e+09
7.873529509662876560e-04 -1.974944927699814556e+00 7.409860045740498435e+02 8.700173004050903823e-11 -6.963069451373396390e+00 1.648839274310579777e+09
7.873529509662876560e-04 -1.974944927699814556e+00 7.409860045740498435e+02 8.700173004050903823e-11 -6.963069451373396390e+00 1.648839274310579777e+09
8.099766437588948364e-04 -1.962241397348065242e+00 5.728694028549242603e+02 3.966548379535575013e-11 -5.853189218259275961e-01 1.648839274310768843e+09
8.099766437588948364e-04 -1.962241397348065242e+00 5.728694028549242603e+02 3.966548379535575013e-11 -5.853189218259275961e-01 1.648839274310768843e+09
8.181552329771802886e-04 -1.949764128780065331e+00 5.933159643846834115e+02 2.866256726877200344e-13 -2.050021224105011974e+00 1.648839274313062668e+09
8.181552329771802886e-04 -1.949764128780065331e+00 5.933159643846834115e+02 2.866256726877200344e-13 -2.050021224105011974e+00 1.648839274313062668e+09
8.092311101733469991e-04 -1.958874685323272136e+00 6.220798006533547095e+02 1.883566105035307646e-07 -1.974266149404123816e+00 1.648839274314800262e+09
8.092311101733469991e-04 -1.958874685323272136e+00 6.220798006533547095e+02 1.883566105035307646e-07 -1.974266149404123816e+00 1.648839274314800262e+09
7.770981349015964506e-04 -1.980810323857280952e+00 7.483308766806070480e+02 3.079854847833948070e-14 -1.484495411082559890e+00 1.648839274314979792e+09
7.770981349015964506e-04 -1.980810323857280952e+00 7.483308766806070480e+02 3.079854847833948070e-14 -1.484495411082559890e+00 1.648839274314979792e+09
8.287202482257519315e-04 -1.936895956627943782e+00 5.500165049804628552e+02 3.592250174443168307e-10 -3.420521519152758039e+00 1.648839274318297625e+09
8.287202482257519315e-04 -1.936895956627943782e+00 5.500165049804628552e+02 3.592250174443168307e-10 -3.420521519152758039e+00 1.648839274318297625e+09
7.870596595791838060e-04 -1.969145271672382069e+00 7.334739081368842335e+02 2.213655563418220759e-13 -3.066460301489029483e+00 1.648839274318773270e+09
7.677765952442459994e-04 -1.989376419146985375e+00 8.504435241367144727e+02 1.247993424263251094e-14 -9.868855870577277756e-01 1.648839274318979740e+09
7.677765952442459994e-04 -1.989376419146985375e+00 8.504435241367144727e+02 1.247993424263251094e-14 -9.868855870577277756e-01 1.648839274318979740e+09
7.796689239697629677e-04 -1.982443202877656407e+00 7.122686671079169400e+02 2.041237137653852623e-14 -6.547509475042691207e+00 1.648839274319624186e+09
7.676926144091020948e-04 -1.990704129618721119e+00 8.416502031216220985e+02 1.005245780492910552e-15 -3.794274854794320362e+00 1.648839274322082996e+09
7.676926144091020948e-04 -1.990704129618721119e+00 8.416502031216220985e+02 1.005245780492910552e-15 -3.794274854794320362e+00 1.648839274322082996e+09
7.762408239364525751e-04 -1.984653750528395655e+00 7.390319293640171736e+02 6.960089939492901416e-11 -3.474903058518168386e+00 1.648839274323779106e+09
7.762408239364525751e-04 -1.984653750528395655e+00 7.390319293640171736e+02 6.960089939492901416e-11 -3.474903058518168386e+00 1.648839274323779106e+09
7.944525936047429045e-04 -1.965899647238813941e+00 7.127777314166189626e+02 2.901511873021875613e-12 -4.118455620834733821e+00 1.648839274325068712e+09
7.944525936047429045e-04 -1.965899647238813941e+00 7.127777314166189626e+02 2.901511873021875613e-12 -4.118455620834733821e+00 1.648839274325068712e+09
8.436495784654265192e-04 -1.931665661854709670e+00 4.947608132579475182e+02 1.250439473313086546e-14 -6.899212671788713003e+00 1.648839274325767279e+09
7.677390327743056518e-04 -1.989651154997460480e+00 8.403771486149909151e+02 1.806122928140091761e-13 -5.146941400650397291e+00 1.648839274330273151e+09
7.677390327743056518e-04 -1.989651154997460480e+00 8.403771486149909151e+02 1.806122928140091761e-13 -5.146941400650397291e+00 1.648839274330273151e+09
7.879307974665949836e-04 -1.969241771626596860e+00 7.301334776968661799e+02 5.376009223865483617e-07 -2.913289696168721576e+00 1.648839274335845947e+09
7.879307974665949836e-04 -1.969241771626596860e+00 7.301334776968661799e+02 5.376009223865483617e-07 -2.913289696168721576e+00 1.648839274335845947e+09
8.248913248587366048e-04 -1.948503024503058567e+00 5.476950707952729545e+02 1.049775615597386677e-13 -4.388616232643425263e+00 1.648839274337761402e+09
7.681402705878333367e-04 -1.990717874770635554e+00 8.323290633940915768e+02 4.675338106671914786e-14 -5.615397135532413486e+00 1.648839274338324785e+09
7.681402705878333367e-04 -1.990717874770635554e+00 8.323290633940915768e+02 4.675338106671914786e-14 -5.615397135532413486e+00 1.648839274338324785e+09
7.966541627890602736e-04 -1.972435600207914419e+00 6.376414984482195223e+02 3.118395764477123402e-11 -7.201348810328115135e+00 1.648839274338392973e+09
7.966541627890602736e-04 -1.972435600207914419e+00 6.376414984482195223e+02 3.118395764477123402e-11 -7.201348810328115135e+00 1.648839274338392973e+09
8.052975681530836734e-04 -1.961474016217805705e+00 6.423898006510272580e+02 4.116430963252307247e-12 -1.886688484452978543e-01 1.648839274338711977e+09
8.052975681530836734e-04 -1.961474016217805705e+00 6.423898006510272580e+02 4.116430963252307247e-12 -1.886688484452978543e-01 1.648839274338711977e+09
8.220245609361607770e-04 -1.941985810986820438e+00 5.782490957427311287e+02 1.152675534151548386e-15 -4.080021618028215613e+00 1.648839274340216637e+09
8.220245609361607770e-04 -1.941985810986820438e+00 5.782490957427311287e+02 1.152675534151548386e-15 -4.080021618028215613e+00 1.648839274340216637e+09
8.131215930693696387e-04 -1.949961915425184156e+00 5.734126419138410711e+02 4.108682931575063944e-15 -7.512391173434851410e-01 1.648839274341108799e+09
8.131215930693696387e-04 -1.949961915425184156e+00 5.734126419138410711e+02 4.108682931575063944e-15 -7.512391173434851410e-01 1.648839274341108799e+09
8.164139963300983847e-04 -1.945398432217087858e+00 5.911415075987672481e+02 6.311020806751684802e-12 -2.402420484420865421e+00 1.648839274341530085e+09
7.978636225795053116e-04 -1.960712486694627721e+00 6.514275675951037101e+02 3.386211717485422976e-14 -4.768058542665970734e+00 1.648839274342871189e+09
7.978636225795053116e-04 -1.960712486694627721e+00 6.514275675951037101e+02 3.386211717485422976e-14 -4.768058542665970734e+00 1.648839274342871189e+09
7.778271138047681589e-04 -1.985207594754844429e+00 7.648066516789067464e+02 1.546426631496020256e-15 -1.385102690376855072e+00 1.648839274343850851e+09
7.833689396701562458e-04 -1.974331170828083959e+00 7.152968768353498490e+02 1.826703190046506209e-15 -2.285757061432355464e+00 1.648839274346067667e+09
7.833689396701562458e-04 -1.974331170828083959e+00 7.152968768353498490e+02 1.826703190046506209e-15 -2.285757061432355464e+00 1.648839274346067667e+09
8.002692209960767357e-04 -1.964978172474815654e+00 6.014715095673381029e+02 8.372001753632023722e-15 -3.589967995585050531e+00 1.648839274347125292e+09
8.472532903327699384e-04 -1.930337483268275367e+00 4.708800373331373521e+02 1.304651175851828062e-11 -6.897370833990006389e-01 1.648839274348524809e+09
8.472532903327699384e-04 -1.930337483268275367e+00 4.708800373331373521e+02 1.304651175851828062e-11 -6.897370833990006389e-01 1.648839274348524809e+09
7.697057798525764813e-04 -1.987968508401563028e+00 8.470385094083871991e+02 4.173309997192939787e-13 -2.209825488179571806e+00 1.648839274349412441e+09
8.324872183103360903e-04 -1.937444695387985361e+00 5.038285303759355997e+02 1.113228078144620593e-11 -5.064390160665674934e+00 1.648839274351427078e+09
7.834148227284762388e-04 -1.972586987137303627e+00 7.456347535108239981e+02 1.231217968099171852e-10 -3.351873853105979073e+00 1.648839274351913691e+09
7.851054325849003267e-04 -1.977271281161596672e+00 7.486564908036881434e+02 1.981307942536501507e-10 -3.227835244822401251e+00 1.648839274357776403e+09
7.851054325849003267e-04 -1.977271281161596672e+00 7.486564908036881434e+02 1.981307942536501507e-10 -3.227835244822401251e+00 1.648839274357776403e+09
7.813621641357271089e-04 -1.975937353105706507e+00 7.304307605948199580e+02 1.305800197958855541e-15 -7.332940528422147608e+00 1.648839274359240532e+09
7.813621641357271089e-04 -1.975937353105706507e+00 7.304307605948199580e+02 1.305800197958855541e-15 -7.332940528422147608e+00 1.648839274359240532e+09
8.216801627154404937e-04 -1.947581492140041171e+00 5.767464934213070364e+02 3.288217728307027848e-14 -6.295222990368040783e+00 1.648839274361131668e+09
7.813441299975004001e-04 -1.982552478812104280e+00 7.035229925014617720e+02 1.477060268032008725e-11 -7.046234162595359507e+00 1.648839274367044210e+09
7.813441299975004001e-04 -1.982552478812104280e+00 7.035229925014617720e+02 1.477060268032008725e-11 -7.046234162595359507e+00 1.648839274367044210e+09
8.373119626082592502e-04 -1.939452210998368065e+00 4.887186013002846607e+02 6.470892314978973689e-11 -3.231120658921390998e+00 1.648839274367214203e+09
8.373119626082592502e-04 -1.939452210998368065e+00 4.887186013002846607e+02 6.470892314978973689e-11 -3.231120658921390998e+00 1.648839274367214203e+09
7.705923567882097189e-04 -1.989776531209049182e+00 7.995474146634269346e+02 5.003635929631362275e-15 -9.207465797976528421e-01 1.648839274367392302e+09
7.705923567882097189e-04 -1.989776531209049182e+00 7.995474146634269346e+02 5.003635929631362275e-15 -9.207465797976528421e-01 1.648839274367392302e+09
8.080456435109633403e-04 -1.962645238090074962e+00 5.704181213876059928e+02 1.844257235920243145e-15 -2.990247684010917339e+00 1.648839274370193243e+09
8.080456435109633403e-04 -1.962645238090074962e+00 5.704181213876059928e+02 1.844257235920243145e-15 -2.990247684010917339e+00 1.648839274370193243e+09
8.258260108458783310e-04 -1.943667136101042026e+00 5.174632703378806582e+02 9.201029490628498536e-15 -2.373376106198889168e+00 1.648839274373708963e+09
8.021956614406856563e-04 -1.967762448353745253e+00 5.945739810639071266e+02 1.868881505569082577e-10 -7.095344075214394586e+00 1.648839274374171972e+09
8.021956614406856563e-04 -1.967762448353745253e+00 5.945739810639071266e+02 1.868881505569082577e-10 -7.095344075214394586e+00 1.648839274374171972e+09
7.735375026930436894e-04 -1.987823896059895290e+00 7.969603076908058483e+02 3.359481831439502662e-11 -2.237937435793382335e+00 1.648839274375493765e+09
8.343130984382822034e-04 -1.941738834835273764e+00 5.093713264427735226e+02 1.807025541297943362e-13 -6.361269257591962045e+00 1.648839274376200438e+09
8.107896638651377946e-04 -1.947571752753883167e+00 6.155550391388909475e+02 2.228385896366799339e-09 -7.699600947485008007e+00 1.648839274376577616e+09
7.903099192801006081e-04 -1.966433767819950162e+00 7.075233767008985524e+02 3.296186054051717698e-08 -7.440248575150816279e-01 1.648839274376973391e+09
7.827908732419778647e-04 -1.973739675634146096e+00 7.350511504203625464e+02 1.635001270134856900e-08 -3.571343114154904796e+00 1.648839274378110409e+09
7.827908732419778647e-04 -1.973739675634146096e+00 7.350511504203625464e+02 1.635001270134856900e-08 -3.571343114154904796e+00 1.648839274378110409e+09
7.899676221159486348e-04 -1.976369098369516575e+00 6.916695834020736129e+02 9.228952468478836756e-14 -3.446521549559663278e+00 1.648839274384102821e+09
7.877070111347113292e-04 -1.977137337600001876e+00 7.159878964503059251e+02 2.501689371321279330e-08 -1.857552545979619829e+00 1.648839274385014534e+09
7.877070111347113292e-04 -1.977137337600001876e+00 7.159878964503059251e+02 2.501689371321279330e-08 -1.857552545979619829e+00 1.648839274385014534e+09
7.895894514403644119e-04 -1.975725088425439591e+00 6.514011050731274963e+02 2.696502493522859414e-15 -4.334612341895299537e+00 1.648839274387691021e+09
7.640167431632689451e-04 -1.995910601045497446e+00 8.706155271231056076e+02 2.950403237836538085e-09 -6.615643231962340387e+00 1.648839274389362812e+09
7.640167431632689451e-04 -1.995910601045497446e+00 8.706155271231056076e+02 2.950403237836538085e-09 -6.615643231962340387e+00 1.648839274389362812e+09
8.120502945533601431e-04 -1.959882432492470183e+00 5.830665033715625896e+02 1.965008632952800145e-11 -5.016952494692922926e+00 1.648839274390176058e+09
8.439291475229680067e-04 -1.930915616703457793e+00 4.947460807287911280e+02 1.272680112495359753e-09 -3.081196184718905329e+00 1.648839274390404224e+09
8.439291475229680067e-04 -1.930915616703457793e+00 4.947460807287911280e+02 1.272680112495359753e-09 -3.081196184718905329e+00 1.648839274390404224e+09
8.127465770657706437e-04 -1.959564986410448739e+00 5.770557658887927346e+02 7.627816579296838470e-10 -3.966825414530663174e+00 1.648839274391827345e+09
8.397317753967143122e-04 -1.938152824377882943e+00 4.991343117588480709e+02 1.681614562343281569e-08 -5.744615992115083891e+00 1.648839274392147064e+09
8.397317753967143122e-04 -1.938152824377882943e+00 4.991343117588480709e+02 1.681614562343281569e-08 -5.744615992115083891e+00 1.648839274392147064e+09
7.755687080893599586e-04 -1.983255199512292233e+00 8.099372345924515457e+02 5.196873190690680517e-07 -3.145378608688831790e+00 1.648839274392638445e+09
7.755687080893599586e-04 -1.983255199512292233e+00 8.099372345924515457e+02 5.196873190690680517e-07 -3.145378608688831790e+00 1.648839274392638445e+09
8.230412350243779393e-04 -1.942126051398743947e+00 5.793201617375727892e+02 6.650812709485564352e-07 -1.420824386781402993e-01 1.648839274392775774e+09
8.230412350243779393e-04 -1.942126051398743947e+00 5.793201617375727892e+02 6.650812709485564352e-07 -1.420824386781402993e-01 1.648839274392775774e+09
8.145537919316441552e-04 -1.951770050693559799e+00 5.537971435773996518e+02 3.762559191316282584e-13 -6.452543733787238445e+00 1.648839274394484758e+09
8.145537919316441552e-04 -1.951770050693559799e+00 5.537971435773996518e+02 3.762559191316282584e-13 -6.452543733787238445e+00 1.648839274394484758e+09
7.716038499929316627e-04 -1.988017727277740399e+00 7.842874968449903008e+02 1.686893018269764094e-15 -3.451127177259719403e+00 1.648839274394757748e+09
7.716038499929316627e-04 -1.988017727277740399e+00 7.842874968449903008e+02 1.686893018269764094e-15 -3.451127177259719403e+00 1.648839274394757748e+09
8.086795727923887971e-04 -1.956747649838910252e+00 5.730075716365473681e+02 7.799237478226516316e-08 -3.126422102439985196e-02 1.648839274395029306e+09
8.479831353177968599e-04 -1.929124339820887268e+00 4.686697568135177221e+02 3.055242330243496667e-10 -3.661754243842249679e+00 1.648839274395132780e+09
8.479831353177968599e-04 -1.929124339820887268e+00 4.686697568135177221e+02 3.055242330243496667e-10 -3.661754243842249679e+00 1.648839274395132780e+09
7.780406485718290802e-04 -1.978942309401736210e+00 7.543443117975988343e+02 3.100431702317893483e-12 -2.101569958958288353e+00 1.648839274396094322e+09
7.813112745591208009e-04 -1.976930851182895355e+00 7.218873704647348859e+02 8.453073551644473102e-11 -2.958395508471679314e+00 1.648839274397173882e+09
7.775313252605870525e-04 -1.985439258183131495e+00 7.347328115013639263e+02 6.482563656828618241e-09 -6.412661996320112578e-01 1.648839274397575140e+09
8.271329679412221369e-04 -1.943263035020789120e+00 5.125398587904107899e+02 1.025630231215498581e-09 -1.291072236263646644e+00 1.648839274397932053e+09
8.271329679412221369e-04 -1.943263035020789120e+00 5.125398587904107899e+02 1.025630231215498581e-09 -1.291072236263646644e+00 1.648839274397932053e+09
7.982326339259353557e-04 -1.969690963720344357e+00 6.540617304581544431e+02 1.106901335896384675e-15 -5.723166927174231589e+00 1.648839274398300409e+09
8.204016243440511846e-04 -1.953560477907254178e+00 5.336237136562275509e+02 1.979216247718315865e-10 -5.212038828744498531e+00 1.648839274399433136e+09
7.676720538699622612e-04 -1.990745576447960019e+00 8.489076071460614230e+02 1.623365725735604875e-10 -7.233173252959078425e+00 1.648839274403870583e+09
7.690543921887645637e-04 -1.988075564300595399e+00 8.308093383818531947e+02 6.412393986552318248e-15 -5.124584220780059596e+00 1.648839274404828787e+09
8.283113088995625907e-04 -1.939613642316606823e+00 5.562378386130426406e+02 5.337697821773685541e-13 -1.889744722049814030e+00 1.648839274408391714e+09
8.283113088995625907e-04 -1.939613642316606823e+00 5.562378386130426406e+02 5.337697821773685541e-13 -1.889744722049814030e+00 1.648839274408391714e+09
8.002953385881586166e-04 -1.968948933443791738e+00 6.039970988046926550e+02 1.047426897771462277e-12 -7.814407691455239835e+00 1.648839274408579588e+09
8.002953385881586166e-04 -1.968948933443791738e+00 6.039970988046926550e+02 1.047426897771462277e-12 -7.814407691455239835e+00 1.648839274408579588e+09
8.082653714009738460e-04 -1.959150166932430714e+00 6.280154354939172663e+02 2.793279335165736938e-15 -4.696285523532187867e+00 1.648839274410204172e+09
8.082653714009738460e-04 -1.959150166932430714e+00 6.280154354939172663e+02 2.793279335165736938e-15 -4.696285523532187867e+00 1.648839274410204172e+09
7.776428600000911528e-04 -1.981429180620642327e+00 8.043929638381599716e+02 2.205536339254459682e-09 -5.037476291625658575e+00 1.648839274410273790e+09
7.776428600000911528e-04 -1.981429180620642327e+00 8.043929638381599716e+02 2.205536339254459682e-09 -5.037476291625658575e+00 1.648839274410273790e+09
7.768980603606260443e-04 -1.982581957734264488e+00 7.409898453795004798e+02 2.768874073655077138e-14 -3.285283637887788544e+00 1.648839274410751104e+09
7.768980603606260443e-04 -1.982581957734264488e+00 7.409898453795004798e+02 2.768874073655077138e-14 -3.285283637887788544e+00 1.648839274410751104e+09
7.928105668422158730e-04 -1.975128523175134987e+00 6.566730606101269814e+02 9.015758220999217128e-08 -2.228821210940914455e+00 1.648839274411378145e+09
7.695694036783948602e-04 -1.988789550498921255e+00 8.118232605058434501e+02 1.181522949419866677e-13 -3.746763668318715546e+00 1.648839274412054300e+09
7.695694036783948602e-04 -1.988789550498921255e+00 8.118232605058434501e+02 1.181522949419866677e-13 -3.746763668318715546e+00 1.648839274412054300e+09
8.435022735853596508e-04 -1.927805116379743833e+00 4.960806994962891849e+02 1.233808488143167863e-15 -2.884005840894118045e+00 1.648839274413445473e+09
8.342190953690482467e-04 -1.940296436225979360e+00 5.198027981731152067e+02 6.215310571348229056e-12 -7.979733836144893289e-01 1.648839274414360523e+09
8.342190953690482467e-04 -1.940296436225979360e+00 5.198027981731152067e+02 6.215310571348229056e-12 -7.979733836144893289e-01 1.648839274414360523e+09
7.738273846754579804e-04 -1.982382529352927580e+00 7.976535383931479828e+02 1.184121400890200092e-14 -4.776193836744359267e+00 1.648839274414384365e+09
7.738273846754579804e-04 -1.982382529352927580e+00 7.976535383931479828e+02 1.184121400890200092e-14 -4.776193836744359267e+00 1.648839274414384365e+09
7.930240043280408846e-04 -1.968759212152020099e+00 6.432406245454559439e+02 2.279725976814274681e-10 -2.362446573643334879e+00 1.648839274415415287e+09
7.746840583005478592e-04 -1.987199382117163182e+00 7.844978376959763864e+02 8.128965879853900580e-15 -2.915117167800150177e+00 1.648839274416061163e+09
7.746840583005478592e-04 -1.987199382117163182e+00 7.844978376959763864e+02 8.128965879853900580e-15 -2.915117167800150177e+00 1.648839274416061163e+09
7.978964216952575761e-04 -1.970946486422296307e+00 5.930282265880952082e+02 1.385774835688253389e-08 -6.723759994775566184e+00 1.648839274417461157e+09
7.978964216952575761e-04 -1.970946486422296307e+00 5.930282265880952082e+02 1.385774835688253389e-08 -6.723759994775566184e+00 1.648839274417461157e+09
8.059396090173504218e-04 -1.953751151254998542e+00 6.423372642019362502e+02 1.088782913075448177e-15 -6.409596121826556470e+00 1.648839274419341803e+09
7.774921046289348181e-04 -1.979495161254819946e+00 8.067367483952476732e+02 1.906157458563914549e-12 -1.017067386176780275e+00 1.648839274419723034e+09
7.703407409058002538e-04 -1.987673442545871527e+00 8.496958728000773817e+02 2.093615495260341234e-06 -5.957249042208241363e-01 1.648839274419946194e+09
7.703407409058002538e-04 -1.987673442545871527e+00 8.496958728000773817e+02 2.093615495260341234e-06 -5.957249042208241363e-01 1.648839274419946194e+09
8.394664961986423712e-04 -1.929990059411909487e+00 5.078075980023081684e+02 1.281406687463733619e-11 -2.203326292675392040e+00 1.648839274420238256e+09
7.734562038711894098e-04 -1.981868086573631782e+00 7.837686366491518584e+02 1.216660908285249974e-09 -7.308122189039147898e+00 1.648839274420459747e+09
7.734562038711894098e-04 -1.981868086573631782e+00 7.837686366491518584e+02 1.216660908285249974e-09 -7.308122189039147898e+00 1.648839274420459747e+09
7.770846723173886533e-04 -1.985505170025303467e+00 7.437143422932300609e+02 4.898847193315582445e-07 -2.317643584879927943e+00 1.648839274422470093e+09
7.770846723173886533e-04 -1.985505170025303467e+00 7.437143422932300609e+02 4.898847193315582445e-07 -2.317643584879927943e+00 1.648839274422470093e+09
7.952765468014644928e-04 -1.964960764879641886e+00 7.069684848854481061e+02 4.007658305469929445e-12 -1.784267527637652506e+00 1.648839274427309752e+09
7.889876990697747240e-04 -1.972821068155663049e+00 6.612515152471506781e+02 2.326049094365040341e-13 -1.890683360251401268e+00 1.648839274427447081e+09
8.027606722945058917e-04 -1.966216036824236069e+00 6.320868808452086114e+02 1.049676386228757125e-13 -6.358404606614548094e+00 1.648839274428537607e+09
8.027606722945058917e-04 -1.966216036824236069e+00 6.320868808452086114e+02 1.049676386228757125e-13 -6.358404606614548094e+00 1.648839274428537607e+09
7.721588959504483828e-04 -1.983223011827556448e+00 8.204360959490986716e+02 3.528692763347031700e-09 -5.795319653312475339e+00 1.648839274429053307e+09
7.721588959504483828e-04 -1.983223011827556448e+00 8.204360959490986716e+02 3.528692763347031700e-09 -5.795319653312475339e+00 1.648839274429053307e+09
7.932543890666902877e-04 -1.973915403773327526e+00 6.729725685603630154e+02 1.695517901557123457e-13 -2.025136259956780371e+00 1.648839274429576874e+09
7.932543890666902877e-04 -1.973915403773327526e+00 6.729725685603630154e+02 1.695517901557123457e-13 -2.025136259956780371e+00 1.648839274429576874e+09
7.959955978112392841e-04 -1.964525438379972844e+00 6.393998176284228521e+02 6.196948816991465483e-11 -5.601959160106013691e+00 1.648839274430385351e+09
7.959955978112392841e-04 -1.964525438379972844e+00 6.393998176284228521e+02 6.196948816991465483e-11 -5.601959160106013691e+00 1.648839274430385351e+09
8.147738909387472299e-04 -1.958655325217964371e+00 5.519753229885521932e+02 5.989209208171286552e-08 -4.278829652449521070e+00 1.648839274434962511e+09
8.147738909387472299e-04 -1.958655325217964371e+00 5.519753229885521932e+02 5.989209208171286552e-08 -4.278829652449521070e+00 1.648839274434962511e+09
7.825740286640203410e-04 -1.973402868024005663e+00 7.450518577830704317e+02 1.360730957118314528e-06 -4.673799931025577337e-01 1.648839274438477755e+09
7.925337233048805044e-04 -1.975033342366286249e+00 6.663058582249117308e+02 1.085880627334122108e-12 -5.074391662109620782e-01 1.648839274438555002e+09
7.925337233048805044e-04 -1.975033342366286249e+00 6.663058582249117308e+02 1.085880627334122108e-12 -5.074391662109620782e-01 1.648839274438555002e+09
8.498715533742186084e-04 -1.924442801729107977e+00 4.697470909697285606e+02 1.931365225373350543e-08 -4.998915692309639169e+00 1.648839274439886093e+09
8.498715533742186084e-04 -1.924442801729107977e+00 4.697470909697285606e+02 1.931365225373350543e-08 -4.998915692309639169e+00 1.648839274439886093e+09
8.081807560848186999e-04 -1.958854463890736586e+00 6.299366649144009216e+02 5.314135557479388265e-15 -3.285484225795392454e+00 1.648839274441966295e+09
7.679844265291671133e-04 -1.992295665775342561e+00 8.353879123627085619e+02 1.363919288359491488e-07 -4.187746572886544172e+00 1.648839274443623066e+09
7.922209959858453939e-04 -1.967382825905726218e+00 7.232731961140225394e+02 1.238272072720830689e-15 -7.300586171131220325e+00 1.648839274443694830e+09
7.981948762816094573e-04 -1.964240906496275141e+00 6.885063376477462498e+02 1.084329225389183183e-09 -3.285088190175138756e+00 1.648839274445508242e+09
8.095468263673382368e-04 -1.952446173904965887e+00 6.344890296871611781e+02 3.303457165719570636e-14 -6.911204117963075433e+00 1.648839274450924635e+09
8.095468263673382368e-04 -1.952446173904965887e+00 6.344890296871611781e+02 3.303457165719570636e-14 -6.911204117963075433e+00 1.648839274450924635e+09
7.853111221577546317e-04 -1.980469268650032255e+00 6.910189632262190571e+02 5.394147162585088905e-13 -6.744658275919482193e+00 1.648839274452319860e+09
7.723834592846159485e-04 -1.985806031949921113e+00 7.854038603698394354e+02 1.449749617339922152e-12 -5.933616927253143380e+00 1.648839274452460289e+09
7.723834592846159485e-04 -1.985806031949921113e+00 7.854038603698394354e+02 1.449749617339922152e-12 -5.933616927253143380e+00 1.648839274452460289e+09
8.107139226813576570e-04 -1.960245782275809923e+00 6.029791803216725157e+02 4.824408465171342169e-10 -7.534549736476477300e+00 1.648839274452934265e+09
8.107139226813576570e-04 -1.960245782275809923e+00 6.029791803216725157e+02 4.824408465171342169e-10 -7.534549736476477300e+00 1.648839274452934265e+09
7.708223991855204680e-04 -1.985827741323237916e+00 8.217606176491482302e+02 4.831741945096333033e-14 -1.923501150936281157e+00 1.648839274453400612e+09
7.708223991855204680e-04 -1.985827741323237916e+00 8.217606176491482302e+02 4.831741945096333033e-14 -1.923501150936281157e+00 1.648839274453400612e+09
8.161430075053190342e-04 -1.947972759519747799e+00 5.617120249595067207e+02 1.508777507218861895e-15 -4.102822079648630549e+00 1.648839274456140757e+09
7.763072525135220883e-04 -1.981018174028642775e+00 8.146923885975782014e+02 2.155519969781190867e-07 -4.946280005647665234e-01 1.648839274462419987e+09
7.763072525135220883e-04 -1.981018174028642775e+00 8.146923885975782014e+02 2.155519969781190867e-07 -4.946280005647665234e-01 1.648839274462419987e+09
8.356988295521393904e-04 -1.933613550220173227e+00 5.272166477042220549e+02 3.045799727915813729e-12 -3.295421527135275142e+00 1.648839274462622166e+09
7.984046792883279066e-04 -1.966252734929412549e+00 6.780484813995517470e+02 1.131729330303410571e-15 -7.341757000123450894e+00 1.648839274462663651e+09
7.984046792883279066e-04 -1.966252734929412549e+00 6.780484813995517470e+02 1.131729330303410571e-15 -7.341757000123450894e+00 1.648839274462663651e+09
8.164950939397060386e-04 -1.947600084720357394e+00 6.150542145118618009e+02 2.525223652377283763e-08 -5.877770821866926454e+00 1.648839274463481188e+09
8.164950939397060386e-04 -1.947600084720357394e+00 6.150542145118618009e+02 2.525223652377283763e-08 -5.877770821866926454e+00 1.648839274463481188e+09
8.044016914714023246e-04 -1.966023871388461686e+00 5.900037599218784408e+02 5.797940096406807003e-10 -4.159361465651670642e+00 1.648839274463888884e+09
8.015567228864644818e-04 -1.957230512691188418e+00 6.612672954380143437e+02 6.135386394865231873e-11 -6.607005054208274331e+00 1.648839274468179226e+09
8.015567228864644818e-04 -1.957230512691188418e+00 6.612672954380143437e+02 6.135386394865231873e-11 -6.607005054208274331e+00 1.648839274468179226e+09
7.784805461920393105e-04 -1.977496723286651159e+00 7.776706346644592713e+02 2.524832778569243795e-12 -7.924816987911312616e+00 1.648839274471179724e+09
8.117094229937537155e-04 -1.952314938442791137e+00 6.250761685105931065e+02 2.088498808107427145e-09 -3.993317563898746592e+00 1.648839274471370220e+09
8.117094229937537155e-04 -1.952314938442791137e+00 6.250761685105931065e+02 2.088498808107427145e-09 -3.993317563898746592e+00 1.648839274471370220e+09
8.276257632983974885e-04 -1.946715375569616047e+00 5.097023366632211037e+02 2.365659976740055021e-12 -3.777077298535412631e+00 1.648839274474936724e+09
8.276257632983974885e-04 -1.946715375569616047e+00 5.097023366632211037e+02 2.365659976740055021e-12 -3.777077298535412631e+00 1.648839274474936724e+09
7.883252979074104223e-04 -1.976534025837691111e+00 7.121800734167713927e+02 4.361482724283305341e-11 -2.801819202121794916e+00 1.648839274477406025e+09
8.297641879688630014e-04 -1.939808703512841292e+00 5.485787403373747111e+02 1.073993421716004524e-13 -5.063452830777265490e+00 1.648839274478128910e+09
7.761204572155527880e-04 -1.981784889547548723e+00 8.127152757919228634e+02 6.456143128741464815e-14 -1.745303238984400096e+00 1.648839274482285738e+09
7.761204572155527880e-04 -1.981784889547548723e+00 8.127152757919228634e+02 6.456143128741464815e-14 -1.745303238984400096e+00 1.648839274482285738e+09
7.738181096657671459e-04 -1.986362971264019173e+00 8.087513723419750704e+02 2.979933920818802993e-13 -5.625570929926976049e+00 1.648839274483312607e+09
8.059026456081223519e-04 -1.962974530274416818e+00 6.245711474295545713e+02 1.691221794040089566e-15 -2.593716892029410914e+00 1.648839274483919621e+09
8.059026456081223519e-04 -1.962974530274416818e+00 6.245711474295545713e+02 1.691221794040089566e-15 -2.593716892029410914e+00 1.648839274483919621e+09
7.941465410381007371e-04 -1.967035233562547614e+00 7.187850381525104240e+02 9.206551162285905366e-10 -7.191301659193502616e+00 1.648839274485069275e+09
7.788049552737000064e-04 -1.984582357376839745e+00 7.293402314294003190e+02 1.780953650625933372e-14 -7.435640688076446736e+00 1.648839274485858440e+09
7.788049552737000064e-04 -1.984582357376839745e+00 7.293402314294003190e+02 1.780953650625933372e-14 -7.435640688076446736e+00 1.648839274485858440e+09
8.384792657114954967e-04 -1.937557717194844376e+00 5.006729462070208001e+02 1.812655288502901642e-13 -5.038781382222783378e-01 1.648839274486244917e+09
8.384792657114954967e-04 -1.937557717194844376e+00 5.006729462070208001e+02 1.812655288502901642e-13 -5.038781382222783378e-01 1.648839274486244917e+09
8.185588597659396951e-04 -1.946739428241449188e+00 5.949998017531527239e+02 4.986655724274814644e-14 -6.171108148262897330e+00 1.648839274486285210e+09
7.851091192156919862e-04 -1.971628831824640660e+00 7.542574443592999387e+02 3.367305865846549986e-14 -3.471330750777683605e-01 1.648839274488008261e+09
7.851091192156919862e-04 -1.971628831824640660e+00 7.542574443592999387e+02 3.367305865846549986e-14 -3.471330750777683605e-01 1.648839274488008261e+09
7.738880153673578051e-04 -1.987563081953355404e+00 7.873593270624074876e+02 4.160805079313991684e-14 -5.614026990556797436e+00 1.648839274493498564e+09
7.864239251340519009e-04 -1.973380458217137923e+00 7.531495271656546038e+02 8.165892501728926915e-15 -1.693953347087846062e+00 1.648839274495387316e+09
7.950231243396444370e-04 -1.969913375606555217e+00 6.254078826649980556e+02 1.413529351363628150e-14 -4.885376723339861726e+00 1.648839274497563124e+09
7.985200234447252651e-04 -1.963551543618973216e+00 6.222178658961898918e+02 2.033722435795102013e-07 -1.531192387547767098e+00 1.648839274501859665e+09
8.472323956560681929e-04 -1.926638801123864209e+00 4.773488801368841905e+02 1.116787512469734790e-10 -6.200067165882503062e+00 1.648839274502490997e+09
8.472323956560681929e-04 -1.926638801123864209e+00 4.773488801368841905e+02 1.116787512469734790e-10 -6.200067165882503062e+00 1.648839274502490997e+09
8.218210229487008054e-04 -1.949533937972741660e+00 5.245702574131912570e+02 2.075663325341436672e-14 -5.758817032123046076e+00 1.648839274502867699e+09
8.218210229487008054e-04 -1.949533937972741660e+00 5.245702574131912570e+02 2.075663325341436672e-14 -5.758817032123046076e+00 1.648839274502867699e+09
8.418257325439901326e-04 -1.933770411905650466e+00 4.779406766631192909e+02 5.878702933153249127e-15 -1.928856611730335402e+00 1.648839274502980709e+09
7.969377087979638476e-04 -1.962447854130831670e+00 6.471041118963391909e+02 6.314677883152834737e-15 -3.795785862766430263e+00 1.648839274503333092e+09
7.969377087979638476e-04 -1.962447854130831670e+00 6.471041118963391909e+02 6.314677883152834737e-15 -3.795785862766430263e+00 1.648839274503333092e+09
8.439064226059114814e-04 -1.933078373259220939e+00 4.807421410632471748e+02 4.514528617687506765e-09 -7.761355098444981948e-01 1.648839274505645037e+09
7.803941018565995532e-04 -1.979624380670192307e+00 7.825573817207241518e+02 6.724857951939960187e-13 -5.320066904382814599e+00 1.648839274506759167e+09
7.803941018565995532e-04 -1.979624380670192307e+00 7.825573817207241518e+02 6.724857951939960187e-13 -5.320066904382814599e+00 1.648839274506759167e+09
8.404942882991499678e-04 -1.936359230032678180e+00 4.879606230183429716e+02 7.782837821367554946e-11 -3.490914735066754204e+00 1.648839274508114100e+09
7.923660667782403497e-04 -1.971268863045721353e+00 6.403758210875796522e+02 3.671330474446738721e-09 -2.481146261620628124e+00 1.648839274509145975e+09
7.923660667782403497e-04 -1.971268863045721353e+00 6.403758210875796522e+02 3.671330474446738721e-09 -2.481146261620628124e+00 1.648839274509145975e+09
8.015110575679084250e-04 -1.962138527790827647e+00 6.691754536308299066e+02 8.754489491918754097e-13 -4.920309357953387419e+00 1.648839274510599136e+09
8.015110575679084250e-04 -1.962138527790827647e+00 6.691754536308299066e+02 8.754489491918754097e-13 -4.920309357953387419e+00 1.648839274510599136e+09
7.960163131211526804e-04 -1.962169557078286886e+00 6.932952445408456015e+02 6.189456822658741276e-15 -7.779118166676100898e+00 1.648839274514528751e+09
7.960163131211526804e-04 -1.962169557078286886e+00 6.932952445408456015e+02 6.189456822658741276e-15 -7.779118166676100898e+00 1.648839274514528751e+09
7.722999168800931706e-04 -1.988425941826603038e+00 7.908772270547563039e+02 3.995436200303873944e-15 -1.593171932141972391e-01 1.648839274514835596e+09
7.722999168800931706e-04 -1.988425941826603038e+00 7.908772270547563039e+02 3.995436200303873944e-15 -1.593171932141972391e-01 1.648839274514835596e+09
8.452910072178511760e-04 -1.931095390663403855e+00 4.830466651630118236e+02 9.764339533581647164e-12 -7.363142808967941377e+00 1.648839274516102314e+09
8.452910072178511760e-04 -1.931095390663403855e+00 4.830466651630118236e+02 9.764339533581647164e-12 -7.363142808967941377e+00 1.648839274516102314e+09
8.144461751584298895e-04 -1.952418170398200647e+00 6.077874758133882551e+02 3.961443789013499387e-10 -3.846301664474566451e+00 1.648839274516401529e+09
8.144461751584298895e-04 -1.952418170398200647e+00 6.077874758133882551e+02 3.961443789013499387e-10 -3.846301664474566451e+00 1.648839274516401529e+09
7.769928192863717132e-04 -1.985686503373724321e+00 7.625396356229426829e+02 2.217558616224643197e-10 -3.129647095792281952e+00 1.648839274519523382e+09
7.891410931237364092e-04 -1.976263767544284011e+00 6.565823873676011999e+02 1.445898132766162573e-10 -3.653346319316347568e+00 1.648839274520270348e+09
7.891410931237364092e-04 -1.976263767544284011e+00 6.565823873676011999e+02 1.445898132766162573e-10 -3.653346319316347568e+00 1.648839274520270348e+09
7.936044731306457186e-04 -1.973996804325320653e+00 6.629964706726107124e+02 1.809602207259875876e-11 -1.137187299732630663e+00 1.648839274520276070e+09
8.453972118633334195e-04 -1.927271705853546457e+00 4.872147735297576787e+02 1.700571182444131713e-11 -5.876921405159167833e-01 1.648839274520806074e+09
8.453972118633334195e-04 -1.927271705853546457e+00 4.872147735297576787e+02 1.700571182444131713e-11 -5.876921405159167833e-01 1.648839274520806074e+09
7.699863965386582023e-04 -1.987767372987106818e+00 8.335957666992283066e+02 4.505107461925866535e-10 -5.281686237606026957e+00 1.648839274520943880e+09
7.743764843060079632e-04 -1.987244546849405991e+00 7.820743373854877518e+02 2.149581329167080030e-13 -1.633552742013164583e+00 1.648839274521589041e+09
8.508449469538736194e-04 -1.924294726315357806e+00 4.709399907504796943e+02 6.655718576872775793e-10 -6.881692080056257765e+00 1.648839274525040150e+09
8.508449469538736194e-04 -1.924294726315357806e+00 4.709399907504796943e+02 6.655718576872775793e-10 -6.881692080056257765e+00 1.648839274525040150e+09
7.942390076624196047e-04 -1.971811917828939054e+00 6.816212937735299420e+02 5.945687845636829724e-13 -6.283112108194664813e+00 1.648839274528630018e+09
7.942390076624196047e-04 -1.971811917828939054e+00 6.816212937735299420e+02 5.945687845636829724e-13 -6.283112108194664813e+00 1.648839274528630018e+09
7.526973109134041601e-04 -2.001707564407316564e+00 9.940797997128231600e+02 3.435584785973077855e-09 -7.205385151968325630e+00 1.648839274530028820e+09
7.526973109134041601e-04 -2.001707564407316564e+00 9.940797997128231600e+02 3.435584785973077855e-09 -7.205385151968325630e+00 1.648839274530028820e+09
7.734935950889701688e-04 -1.984971552353255841e+00 7.767298930035091189e+02 3.157850491195415955e-13 -5.074875416295391517e+00 1.648839274533574343e+09
8.177029890051994718e-04 -1.948619136730157742e+00 5.474660827020172746e+02 1.606608365381906242e-11 -9.185470130601434136e-01 1.648839274534375906e+09
8.177029890051994718e-04 -1.948619136730157742e+00 5.474660827020172746e+02 1.606608365381906242e-11 -9.185470130601434136e-01 1.648839274534375906e+09
7.824787939667961429e-04 -1.975619973413032415e+00 7.760826382726246493e+02 2.021834731755283443e-13 -7.071839112560964757e+00 1.648839274535095930e+09
7.945221888332068636e-04 -1.969301462552322635e+00 6.972257986162741190e+02 2.525543564668829900e-13 -3.715187509416834288e+00 1.648839274536498785e+09
7.945221888332068636e-04 -1.969301462552322635e+00 6.972257986162741190e+02 2.525543564668829900e-13 -3.715187509416834288e+00 1.648839274536498785e+09
8.235192928660509505e-04 -1.948894146807026218e+00 5.549708783049590011e+02 8.772087873567838572e-12 -4.525091726693352356e+00 1.648839274536602736e+09
8.235192928660509505e-04 -1.948894146807026218e+00 5.549708783049590011e+02 8.772087873567838572e-12 -4.525091726693352356e+00 1.648839274536602736e+09
8.151063635240823760e-04 -1.947356484231325791e+00 5.788216638023418454e+02 5.440368037017040566e-09 -3.464288311909601958e+00 1.648839274536822557e+09
8.151063635240823760e-04 -1.947356484231325791e+00 5.788216638023418454e+02 5.440368037017040566e-09 -3.464288311909601958e+00 1.648839274536822557e+09
7.809666514830609831e-04 -1.983263985313028055e+00 7.220286275173781405e+02 3.018586922143038242e-15 -1.420211550059274686e+00 1.648839274537050247e+09
7.754821438626375955e-04 -1.986685388779802386e+00 7.671018379543114634e+02 2.192554658320129823e-15 -7.571455975989889176e+00 1.648839274538228512e+09
7.787083072156218916e-04 -1.983313426485992848e+00 7.246016617410020899e+02 1.122478350449112072e-15 -3.040017098939374662e+00 1.648839274539244890e+09
8.058192033384469280e-04 -1.953862053542167576e+00 6.358941747202597981e+02 5.069722662998256011e-13 -7.747557550461563913e+00 1.648839274539551735e+09
7.725766309779108412e-04 -1.985840749138169326e+00 8.246468047066937288e+02 3.529726176280844915e-09 -2.128657519145447097e-01 1.648839274542231798e+09
8.170397325495357696e-04 -1.954426475996661416e+00 5.765049924506457728e+02 5.604802581159584627e-10 -5.187839090893852756e+00 1.648839274543018818e+09
8.170397325495357696e-04 -1.954426475996661416e+00 5.765049924506457728e+02 5.604802581159584627e-10 -5.187839090893852756e+00 1.648839274543018818e+09
7.885277834670969925e-04 -1.971395902284406976e+00 6.752300868262065023e+02 4.581364428373458127e-13 -5.341069058383681956e+00 1.648839274545572281e+09
7.885277834670969925e-04 -1.971395902284406976e+00 6.752300868262065023e+02 4.581364428373458127e-13 -5.341069058383681956e+00 1.648839274545572281e+09
8.132313822217125936e-04 -1.951329603070540486e+00 6.172758480518766646e+02 3.715262894138976350e-11 -6.727533348756438158e+00 1.648839274546663761e+09
7.884171708901544819e-04 -1.968512651956340065e+00 7.290717436146632053e+02 9.557224299194544028e-11 -2.432321681008865255e+00 1.648839274546807766e+09
7.884171708901544819e-04 -1.968512651956340065e+00 7.290717436146632053e+02 9.557224299194544028e-11 -2.432321681008865255e+00 1.648839274546807766e+09
7.993819165998881622e-04 -1.959213605620651943e+00 6.548109180503814741e+02 5.087449784453940046e-08 -7.792029904424815356e-01 1.648839274547229767e+09
7.876229756812938706e-04 -1.971174127593900094e+00 7.490332182540571466e+02 5.013053894541269965e-08 -4.009510459266352633e+00 1.648839274549929380e+09
8.382002443073675131e-04 -1.933137931506801355e+00 4.928536397381001848e+02 2.373660193159241635e-14 -9.131344709881332733e-01 1.648839274551329136e+09
8.301844666969010467e-04 -1.936556632038834103e+00 5.275849829453645725e+02 4.886013314396118383e-15 -4.252914070359225640e+00 1.648839274551471233e+09
8.301844666969010467e-04 -1.936556632038834103e+00 5.275849829453645725e+02 4.886013314396118383e-15 -4.252914070359225640e+00 1.648839274551471233e+09
7.836862319535208617e-04 -1.981309405054128669e+00 7.002407330331076309e+02 3.897008214774503438e-14 -1.999739720202128090e+00 1.648839274554563284e+09
7.836862319535208617e-04 -1.981309405054128669e+00 7.002407330331076309e+02 3.897008214774503438e-14 -1.999739720202128090e+00 1.648839274554563284e+09
8.308789705136085607e-04 -1.935619710098750446e+00 5.310043633916995987e+02 1.291360320333167797e-06 -4.433956312279292433e-01 1.648839274558656454e+09
7.754472841230127325e-04 -1.984542342402053627e+00 7.537078112891108503e+02 4.269164368531885088e-13 -3.665054181172504144e+00 1.648839274558986902e+09
7.969941833938611660e-04 -1.963919345541591532e+00 6.362450531488930210e+02 1.208721867092077547e-06 -8.518073797430103511e-01 1.648839274559084892e+09
7.969941833938611660e-04 -1.963919345541591532e+00 6.362450531488930210e+02 1.208721867092077547e-06 -8.518073797430103511e-01 1.648839274559084892e+09
8.191817368278773472e-04 -1.949987528752991306e+00 5.351065405351586151e+02 1.821186643104910898e-15 -3.511796801433762383e+00 1.648839274559349298e+09
8.191817368278773472e-04 -1.949987528752991306e+00 5.351065405351586151e+02 1.821186643104910898e-15 -3.511796801433762383e+00 1.648839274559349298e+09
8.121651150884368281e-04 -1.953392181401238048e+00 6.195897785627546455e+02 2.948986650373560120e-12 -4.916791769226026787e+00 1.648839274559377670e+09
7.799550457727996494e-04 -1.976654861761992787e+00 7.527066319162377113e+02 7.476953213625464324e-11 -7.318866618272412694e+00 1.648839274563567400e+09
8.097302369380343385e-04 -1.958025333766139742e+00 5.651840621532644491e+02 1.126734422336800263e-09 -7.262684249380404466e-01 1.648839274564035892e+09
8.097302369380343385e-04 -1.958025333766139742e+00 5.651840621532644491e+02 1.126734422336800263e-09 -7.262684249380404466e-01 1.648839274564035892e+09
8.242550036545864822e-04 -1.940389673417709959e+00 5.639977793641926382e+02 7.290325095138903943e-14 -5.562469944726437632e+00 1.648839274564252138e+09
8.366647403588902809e-04 -1.935695337113247927e+00 4.914486699357404973e+02 2.033614377816143964e-09 -4.976927684807282759e+00 1.648839274568934441e+09
8.366647403588902809e-04 -1.935695337113247927e+00 4.914486699357404973e+02 2.033614377816143964e-09 -4.976927684807282759e+00 1.648839274568934441e+09
7.766288277995005151e-04 -1.985248255881268076e+00 7.766891489554848249e+02 1.419286666411182666e-15 -2.809278332943341283e-01 1.648839274569644690e+09
7.750045535664356732e-04 -1.984370046552341282e+00 8.086935190133574451e+02 9.921384216694109920e-10 -2.402074007017449553e+00 1.648839274570775032e+09
7.750045535664356732e-04 -1.984370046552341282e+00 8.086935190133574451e+02 9.921384216694109920e-10 -2.402074007017449553e+00 1.648839274570775032e+09
8.369208975952094256e-04 -1.937362363571448531e+00 5.128100427079401697e+02 2.628046400215397344e-10 -3.795041476598548513e-02 1.648839274571925163e+09
8.369208975952094256e-04 -1.937362363571448531e+00 5.128100427079401697e+02 2.628046400215397344e-10 -3.795041476598548513e-02 1.648839274571925163e+09
7.763514557811289785e-04 -1.983995092031823226e+00 7.457396189756010472e+02 1.293145571392409801e-13 -3.776379067404334933e+00 1.648839274572257280e+09
8.068114877057741465e-04 -1.961485930799169219e+00 5.749592047649550750e+02 7.228479865250677210e-08 -1.581272121145585352e+00 1.648839274575888634e+09
8.068114877057741465e-04 -1.961485930799169219e+00 5.749592047649550750e+02 7.228479865250677210e-08 -1.581272121145585352e+00 1.648839274575888634e+09
8.145912224324592050e-04 -1.950388842140860834e+00 6.106876171063757965e+02 1.241872052556948014e-14 -5.796875968959296799e+00 1.648839274576062202e+09
8.145912224324592050e-04 -1.950388842140860834e+00 6.106876171063757965e+02 1.241872052556948014e-14 -5.796875968959296799e+00 1.648839274576062202e+09
8.284604381126916802e-04 -1.946628333003573408e+00 5.222437987199598410e+02 8.630367918502416474e-10 -4.254892788468359832e+00 1.648839274578424454e+09
8.330512168649764062e-04 -1.935754739413327208e+00 5.359189382234108052e+02 6.183737945333986502e-15 -4.435835154439524253e+00 1.648839274578430891e+09
8.330512168649764062e-04 -1.935754739413327208e+00 5.359189382234108052e+02 6.183737945333986502e-15 -4.435835154439524253e+00 1.648839274578430891e+09
7.980918494151596418e-04 -1.966672994320979750e+00 6.135950624781723945e+02 1.734883344840839512e-10 -1.732050978400945240e-01 1.648839274581551313e+09
7.980918494151596418e-04 -1.966672994320979750e+00 6.135950624781723945e+02 1.734883344840839512e-10 -1.732050978400945240e-01 1.648839274581551313e+09
8.171402473378593405e-04 -1.955649074600811055e+00 5.436984025294115099e+02 2.717039739554651126e-08 -1.584896630025198760e+00 1.648839274582386017e+09
7.846330758503073386e-04 -1.971928702084193130e+00 7.463356493926768280e+02 3.113533892711578450e-11 -1.037865519695073679e+00 1.648839274582799435e+09
7.846330758503073386e-04 -1.971928702084193130e+00 7.463356493926768280e+02 3.113533892711578450e-11 -1.037865519695073679e+00 1.648839274582799435e+09
7.893907883097652867e-04 -1.977164249181018407e+00 6.647746739589236995e+02 3.357872974688078451e-14 -6.203134876777731677e-01 1.648839274583666563e+09
7.893907883097652867e-04 -1.977164249181018407e+00 6.647746739589236995e+02 3.357872974688078451e-14 -6.203134876777731677e-01 1.648839274583666563e+09
8.412984228578849729e-04 -1.930482891060850470e+00 4.890433003897793469e+02 7.606664878366688918e-13 -2.205291580377813254e+00 1.648839274585791349e+09
7.722162339171435158e-04 -1.986318387773662764e+00 8.225410578643500230e+02 6.394234674099715464e-13 -3.405915418233512071e+00 1.648839274586907387e+09
7.722162339171435158e-04 -1.986318387773662764e+00 8.225410578643500230e+02 6.394234674099715464e-13 -3.405915418233512071e+00 1.648839274586907387e+09
8.324048393291201163e-04 -1.935034433384241304e+00 5.221454435147737740e+02 4.318800661497061343e-15 -1.086476300655286664e+00 1.648839274588244438e+09
8.116069502475981457e-04 -1.959963238376830175e+00 5.842216538023362773e+02 1.284342300719454419e-15 -7.151297049587894250e+00 1.648839274589736700e+09
8.116069502475981457e-04 -1.959963238376830175e+00 5.842216538023362773e+02 1.284342300719454419e-15 -7.151297049587894250e+00 1.648839274589736700e+09
7.952373836150297866e-04 -1.963440478606896633e+00 7.006527391807222784e+02 8.897754474078361042e-14 -2.693629336501560445e+00 1.648839274591279984e+09
7.848307401086107148e-04 -1.980117512191581941e+00 7.145446688632785026e+02 1.064341214486468347e-15 -2.090986138289502527e+00 1.648839274591287136e+09
7.848307401086107148e-04 -1.980117512191581941e+00 7.145446688632785026e+02 1.064341214486468347e-15 -2.090986138289502527e+00 1.648839274591287136e+09
8.074769186027885674e-04 -1.956008867911757765e+00 6.426911538154613481e+02 2.749259375977526203e-15 -3.766315264205331914e+00 1.648839274592825890e+09
8.074769186027885674e-04 -1.956008867911757765e+00 6.426911538154613481e+02 2.749259375977526203e-15 -3.766315264205331914e+00 1.648839274592825890e+09
8.343126983864912471e-04 -1.941521990482002691e+00 5.058191290378529175e+02 1.515981601206992019e-06 -4.695439855945604535e-01 1.648839274595232725e+09
8.019857152633591340e-04 -1.960114920374866676e+00 6.112707353343600971e+02 6.329064276656557740e-08 -1.520677456824579998e+00 1.648839274595653772e+09
8.019857152633591340e-04 -1.960114920374866676e+00 6.112707353343600971e+02 6.329064276656557740e-08 -1.520677456824579998e+00 1.648839274595653772e+09
7.805723543882068160e-04 -1.983365956074366609e+00 7.256238038229397489e+02 4.481609765942214406e-11 -2.026201806533878269e+00 1.648839274596513510e+09
8.289953020474904403e-04 -1.941983163171938642e+00 5.089961064654110601e+02 6.070979907397867432e-14 -3.142504727570558209e+00 1.648839274597779989e+09
8.289953020474904403e-04 -1.941983163171938642e+00 5.089961064654110601e+02 6.070979907397867432e-14 -3.142504727570558209e+00 1.648839274597779989e+09
8.104628949206722560e-04 -1.950379291869370757e+00 6.157540113086383826e+02 1.653966994425750478e-08 -1.286101795065011544e+00 1.648839274598061800e+09
7.932298348208458114e-04 -1.965056985929026112e+00 6.737889516618024572e+02 1.208638356389813767e-12 -7.828142029166881954e+00 1.648839274598119497e+09
7.932298348208458114e-04 -1.965056985929026112e+00 6.737889516618024572e+02 1.208638356389813767e-12 -7.828142029166881954e+00 1.648839274598119497e+09
8.066870089003868802e-04 -1.955419109188357041e+00 5.978714065147689780e+02 1.697518925632729440e-11 -6.725927130576127233e+00 1.648839274598137379e+09
8.066870089003868802e-04 -1.955419109188357041e+00 5.978714065147689780e+02 1.697518925632729440e-11 -6.725927130576127233e+00 1.648839274598137379e+09
7.974275580756545571e-04 -1.962242537069213144e+00 6.443263238844929219e+02 7.380646684548585410e-14 -4.048706201615511979e+00 1.648839274599019766e+09
8.044106824738473781e-04 -1.960052234086752776e+00 5.917967777169614010e+02 3.803010573380471134e-12 -2.900347255423692872e+00 1.648839274599251032e+09
8.044106824738473781e-04 -1.960052234086752776e+00 5.917967777169614010e+02 3.803010573380471134e-12 -2.900347255423692872e+00 1.648839274599251032e+09
8.029732361658159729e-04 -1.959366277649763122e+00 6.052464046486871894e+02 9.861230584894171397e-08 -4.490718303220369023e+00 1.648839274599378586e+09
8.029732361658159729e-04 -1.959366277649763122e+00 6.052464046486871894e+02 9.861230584894171397e-08 -4.490718303220369023e+00 1.648839274599378586e+09
8.208501251639433675e-04 -1.947228020471101217e+00 5.808818900458576309e+02 7.159787342689050137e-15 -5.491558697677666245e+00 1.648839274599426031e+09
8.038682055116583725e-04 -1.966092178565149284e+00 6.178189725090387583e+02 4.593358829863997762e-10 -6.616936264745909568e+00 1.648839274601449728e+09
8.038682055116583725e-04 -1.966092178565149284e+00 6.178189725090387583e+02 4.593358829863997762e-10 -6.616936264745909568e+00 1.648839274601449728e+09
8.082369738813810749e-04 -1.952108595722597650e+00 6.189827055467578703e+02 6.159446613228404661e-13 -6.811017667888450866e+00 1.648839274604454756e+09
8.082369738813810749e-04 -1.952108595722597650e+00 6.189827055467578703e+02 6.159446613228404661e-13 -6.811017667888450866e+00 1.648839274604454756e+09
7.743188533711196139e-04 -1.983037778338170964e+00 8.195083886197397760e+02 1.704663914875604135e-10 -6.786095177569530179e+00 1.648839274606423140e+09
7.785579140886836856e-04 -1.984285933935110213e+00 7.320860156338488878e+02 1.731962108938498767e-15 -2.952660138206019802e+00 1.648839274607172012e+09
7.785579140886836856e-04 -1.984285933935110213e+00 7.320860156338488878e+02 1.731962108938498767e-15 -2.952660138206019802e+00 1.648839274607172012e+09
8.047666397936281777e-04 -1.954833856239960976e+00 6.350102166605391858e+02 5.142602017643909749e-13 -5.207671602085055085e+00 1.648839274607788801e+09
8.047666397936281777e-04 -1.954833856239960976e+00 6.350102166605391858e+02 5.142602017643909749e-13 -5.207671602085055085e+00 1.648839274607788801e+09
7.947621419113927574e-04 -1.967196542055586139e+00 7.035896487568516022e+02 2.406774200774411269e-11 -5.265570292121390494e+00 1.648839274611051083e+09
7.947621419113927574e-04 -1.967196542055586139e+00 7.035896487568516022e+02 2.406774200774411269e-11 -5.265570292121390494e+00 1.648839274611051083e+09
7.875161576639940972e-04 -1.970879857173623684e+00 7.454489600139413596e+02 9.498937833996498959e-14 -1.329227538720338053e+00 1.648839274612198591e+09
7.875161576639940972e-04 -1.970879857173623684e+00 7.454489600139413596e+02 9.498937833996498959e-14 -1.329227538720338053e+00 1.648839274612198591e+09
7.965874487501934395e-04 -1.971979377883457785e+00 6.363736293348717936e+02 9.624101531682977208e-15 -6.975682859486857623e+00 1.648839274612450361e+09
7.965874487501934395e-04 -1.971979377883457785e+00 6.363736293348717936e+02 9.624101531682977208e-15 -6.975682859486857623e+00 1.648839274612450361e+09
8.511026037717270157e-04 -1.924956715454333667e+00 4.555572579369037385e+02 1.925329951375576123e-09 -7.265075024776024293e+00 1.648839274613229990e+09
8.511026037717270157e-04 -1.924956715454333667e+00 4.555572579369037385e+02 1.925329951375576123e-09 -7.265075024776024293e+00 1.648839274613229990e+09
7.879527836927250478e-04 -1.975999585553893656e+00 6.640364511658322044e+02 1.103210140013032937e-14 -9.252902301476950697e-01 1.648839274616072416e+09
8.381999435552373902e-04 -1.938183585772395467e+00 4.901650560476586520e+02 1.764636090678844353e-09 -4.826665729591205434e+00 1.648839274617436409e+09
8.440396234694099841e-04 -1.929514231706979777e+00 4.807620050110567149e+02 2.851934570877621903e-08 -2.783342698161847650e+00 1.648839274620889664e+09
8.440396234694099841e-04 -1.929514231706979777e+00 4.807620050110567149e+02 2.851934570877621903e-08 -2.783342698161847650e+00 1.648839274620889664e+09
7.765162216408349072e-04 -1.982255271043863898e+00 7.534732909312390348e+02 2.242341701550036107e-08 -1.476583458643081492e+00 1.648839274620996714e+09
7.844943813557160497e-04 -1.972130150988645081e+00 7.432916585618992258e+02 6.208642993481680461e-14 -6.214010558680080010e+00 1.648839274621722937e+09
7.844943813557160497e-04 -1.972130150988645081e+00 7.432916585618992258e+02 6.208642993481680461e-14 -6.214010558680080010e+00 1.648839274621722937e+09
7.929426390856910908e-04 -1.964854138317906784e+00 7.073340765084399209e+02 2.608945160424739633e-07 -8.718452983589140004e-01 1.648839274625687122e+09
7.929426390856910908e-04 -1.964854138317906784e+00 7.073340765084399209e+02 2.608945160424739633e-07 -8.718452983589140004e-01 1.648839274625687122e+09
8.440973941609078305e-04 -1.931932316540609040e+00 4.853847202063981854e+02 1.543443426869742838e-14 -6.309742677991589943e-01 1.648839274625786066e+09
8.440973941609078305e-04 -1.931932316540609040e+00 4.853847202063981854e+02 1.543443426869742838e-14 -6.309742677991589943e-01 1.648839274625786066e+09
7.901067915063863124e-04 -1.970024214343969682e+00 6.680477731878223722e+02 8.021960025619191333e-14 -4.380606785699611372e+00 1.648839274628428459e+09
7.901067915063863124e-04 -1.970024214343969682e+00 6.680477731878223722e+02 8.021960025619191333e-14 -4.380606785699611372e+00 1.648839274628428459e+09
7.718184069393516436e-04 -1.984484250895923729e+00 8.450997273132264809e+02 7.221739558946181606e-08 -4.608363925180833931e+00 1.648839274630765438e+09
7.833241884204450011e-04 -1.978040247008334029e+00 7.582587413858275340e+02 5.505092856364757912e-09 -3.562589107240965447e-01 1.648839274633062601e+09
7.833241884204450011e-04 -1.978040247008334029e+00 7.582587413858275340e+02 5.505092856364757912e-09 -3.562589107240965447e-01 1.648839274633062601e+09
8.209521557731551270e-04 -1.949095394691030325e+00 5.295398830032249862e+02 1.241196934983277621e-15 -3.574104899283134351e+00 1.648839274633306980e+09
8.209521557731551270e-04 -1.949095394691030325e+00 5.295398830032249862e+02 1.241196934983277621e-15 -3.574104899283134351e+00 1.648839274633306980e+09
8.243190457610844899e-04 -1.949472744586451478e+00 5.211576324449047206e+02 2.475897954990588122e-09 -2.425060188941472461e+00 1.648839274634716749e+09
8.243190457610844899e-04 -1.949472744586451478e+00 5.211576324449047206e+02 2.475897954990588122e-09 -2.425060188941472461e+00 1.648839274634716749e+09
8.061945871954746302e-04 -1.954348966889160488e+00 6.149705807812423473e+02 5.880534190816591955e-13 -4.683750964948661277e+00 1.648839274636756897e+09
8.174809463458207037e-04 -1.954815133469888444e+00 5.668919224599233075e+02 3.325863194244712322e-12 -4.747279093221528967e+00 1.648839274637290239e+09
8.174809463458207037e-04 -1.954815133469888444e+00 5.668919224599233075e+02 3.325863194244712322e-12 -4.747279093221528967e+00 1.648839274637290239e+09
8.065857043729183530e-04 -1.953442343683776006e+00 6.278874493714494065e+02 1.371009411178953935e-13 -6.138579818267430710e+00 1.648839274639555216e+09
8.196699702090827532e-04 -1.949387409520390024e+00 5.812184832664283931e+02 2.725331425904355340e-08 -2.495878646965270953e+00 1.648839274640595675e+09
8.196699702090827532e-04 -1.949387409520390024e+00 5.812184832664283931e+02 2.725331425904355340e-08 -2.495878646965270953e+00 1.648839274640595675e+09
8.033900672959920931e-04 -1.965970950281429097e+00 6.247605324190410556e+02 6.777835936457844641e-11 -7.644534458159943924e+00 1.648839274640615463e+09
8.339908603510279989e-04 -1.938444990583236160e+00 5.268074695907791920e+02 1.079915837756995855e-11 -8.918128214286182853e-01 1.648839274642581701e+09
8.339908603510279989e-04 -1.938444990583236160e+00 5.268074695907791920e+02 1.079915837756995855e-11 -8.918128214286182853e-01 1.648839274642581701e+09
7.752829516815451689e-04 -1.982011612806004797e+00 8.095990746395278848e+02 9.380393275506717243e-13 -2.795004954081449888e+00 1.648839274644874573e+09
7.732994566062340210e-04 -1.983856336283966293e+00 8.152323315657401963e+02 1.299406797336346216e-11 -6.683519369004985222e+00 1.648839274647662401e+09
7.732994566062340210e-04 -1.983856336283966293e+00 8.152323315657401963e+02 1.299406797336346216e-11 -6.683519369004985222e+00 1.648839274647662401e+09
7.905065753277153292e-04 -1.968507756338055081e+00 7.311001823129461172e+02 4.793293098068628592e-07 -4.854571296364547095e-01 1.648839274655660391e+09
7.905065753277153292e-04 -1.968507756338055081e+00 7.311001823129461172e+02 4.793293098068628592e-07 -4.854571296364547095e-01 1.648839274655660391e+09
7.828720427227375605e-04 -1.980237214767318843e+00 7.436467627814492971e+02 3.896746016399087405e-15 -5.567371302895031349e+00 1.648839274656559944e+09
7.828720427227375605e-04 -1.980237214767318843e+00 7.436467627814492971e+02 3.896746016399087405e-15 -5.567371302895031349e+00 1.648839274656559944e+09
7.763794561915575128e-04 -1.984800839367688141e+00 7.477795925809773507e+02 2.573558176651321430e-10 -2.558016670098924195e+00 1.648839274657160044e+09
7.763794561915575128e-04 -1.984800839367688141e+00 7.477795925809773507e+02 2.573558176651321430e-10 -2.558016670098924195e+00 1.648839274657160044e+09
8.432515043893549838e-04 -1.933124584431802351e+00 4.830113036224825009e+02 1.634289007662342323e-11 -7.039854121933586839e+00 1.648839274657575369e+09
7.717000499258909506e-04 -1.987441039864445980e+00 8.026657376259769308e+02 3.432348413529500669e-10 -2.260273715018557894e+00 1.648839274658292770e+09
8.546734022072366129e-04 -1.924598259261076638e+00 4.677808877392677687e+02 1.033132275839485865e-08 -6.813090118779880910e+00 1.648839274658673763e+09
7.917460017060906369e-04 -1.966095604064740376e+00 6.874548641695675997e+02 1.277092273736638916e-10 -5.635805549445590756e+00 1.648839274660773516e+09
7.917460017060906369e-04 -1.966095604064740376e+00 6.874548641695675997e+02 1.277092273736638916e-10 -5.635805549445590756e+00 1.648839274660773516e+09
7.699487542473469875e-04 -1.988900938027468257e+00 8.224113711555224882e+02 1.922841853645581023e-10 -7.201503582329197073e+00 1.648839274661931038e+09
7.699487542473469875e-04 -1.988900938027468257e+00 8.224113711555224882e+02 1.922841853645581023e-10 -7.201503582329197073e+00 1.648839274661931038e+09
8.329309463935236166e-04 -1.934658788601481660e+00 5.240622017860011965e+02 1.707685724913584791e-14 -1.124357819499399724e+00 1.648839274662176132e+09
8.329309463935236166e-04 -1.934658788601481660e+00 5.240622017860011965e+02 1.707685724913584791e-14 -1.124357819499399724e+00 1.648839274662176132e+09
8.087191820106671243e-04 -1.954282757719367325e+00 6.365138225631104660e+02 1.136648612088550362e-12 -5.419698143983231020e+00 1.648839274663053513e+09
8.087191820106671243e-04 -1.954282757719367325e+00 6.365138225631104660e+02 1.136648612088550362e-12 -5.419698143983231020e+00 1.648839274663053513e+09
8.086348586677150800e-04 -1.956341133860690862e+00 6.339105111671492523e+02 2.076385262071134613e-12 -1.102061027016480566e+00 1.648839274663094282e+09
8.171720763054335585e-04 -1.947653334865131924e+00 5.575199349637558726e+02 2.049821809590843025e-12 -6.758982458441842311e-02 1.648839274663161278e+09
8.171720763054335585e-04 -1.947653334865131924e+00 5.575199349637558726e+02 2.049821809590843025e-12 -6.758982458441842311e-02 1.648839274663161278e+09
8.298221261137043569e-04 -1.938098958515916070e+00 5.200782624968896926e+02 2.219002468118026682e-15 -7.353351925336149009e-02 1.648839274663271427e+09
8.298221261137043569e-04 -1.938098958515916070e+00 5.200782624968896926e+02 2.219002468118026682e-15 -7.353351925336149009e-02 1.648839274663271427e+09
8.381592926939488266e-04 -1.931591338771143196e+00 5.054474439876990459e+02 9.851816965373624018e-14 -5.168479171123440352e+00 1.648839274666979551e+09
8.381592926939488266e-04 -1.931591338771143196e+00 5.054474439876990459e+02 9.851816965373624018e-14 -5.168479171123440352e+00 1.648839274666979551e+09
8.054875271458040260e-04 -1.962851709153322410e+00 5.809166147713351620e+02 1.520641825664077804e-14 -5.986542205773029757e+00 1.648839274667407513e+09
7.970327866310791039e-04 -1.969665117552994671e+00 6.651374697938121017e+02 9.966963515482343206e-10 -2.533361485325806406e+00 1.648839274667670012e+09
8.214114435686443528e-04 -1.952286108922505425e+00 5.336226971406036910e+02 1.257053353733566951e-08 -2.033707871580133997e+00 1.648839274669754267e+09
8.214114435686443528e-04 -1.952286108922505425e+00 5.336226971406036910e+02 1.257053353733566951e-08 -2.033707871580133997e+00 1.648839274669754267e+09
7.957410056962635394e-04 -1.972096416647186379e+00 6.292504983880781992e+02 2.850104360162900777e-12 -6.769184512491339234e+00 1.648839274670344353e+09
7.782962300945350494e-04 -1.978756415640981592e+00 7.917352141858797268e+02 3.852500974944916062e-11 -8.782362782476544893e-01 1.648839274671072721e+09
7.782962300945350494e-04 -1.978756415640981592e+00 7.917352141858797268e+02 3.852500974944916062e-11 -8.782362782476544893e-01 1.648839274671072721e+09
7.859264842277738144e-04 -1.974812764693737899e+00 7.492044701405538945e+02 4.899320370917746692e-11 -6.281188053266870241e+00 1.648839274672313690e+09
7.817228764730629583e-04 -1.982298404015010895e+00 7.280012984256195523e+02 3.721617183617976399e-12 -2.852592120025502886e+00 1.648839274674394846e+09
7.817228764730629583e-04 -1.982298404015010895e+00 7.280012984256195523e+02 3.721617183617976399e-12 -2.852592120025502886e+00 1.648839274674394846e+09
7.782029013413613305e-04 -1.979642103397688757e+00 7.515857490906745397e+02 1.752300092979989734e-11 -2.422320348885291352e+00 1.648839274674538612e+09
7.907400888370354469e-04 -1.966629343265457797e+00 7.077418131246585062e+02 3.403538079867664630e-12 -4.893078378401870765e+00 1.648839274674681425e+09
7.907400888370354469e-04 -1.966629343265457797e+00 7.077418131246585062e+02 3.403538079867664630e-12 -4.893078378401870765e+00 1.648839274674681425e+09
7.912706648136344327e-04 -1.970499228287266646e+00 7.217818716403730832e+02 2.145097252689695964e-08 -4.416677442938446774e+00 1.648839274674939394e+09
7.808262389488280445e-04 -1.976194715343771779e+00 7.767603935369447754e+02 4.693889231381543190e-12 -1.254736589886471521e+00 1.648839274675196648e+09
8.049827263619432341e-04 -1.964962781009575998e+00 5.874900938051441699e+02 9.861851026005590117e-12 -6.526100705112134470e+00 1.648839274675338507e+09
8.049827263619432341e-04 -1.964962781009575998e+00 5.874900938051441699e+02 9.861851026005590117e-12 -6.526100705112134470e+00 1.648839274675338507e+09
7.713946999300157550e-04 -1.986372956397046696e+00 8.312819058855395724e+02 5.927449275386654633e-10 -6.536569508573757403e+00 1.648839274677290440e+09
8.341241905676881471e-04 -1.934485243823470313e+00 5.131019868079097250e+02 4.692257119782574417e-09 -2.786820558895771960e+00 1.648839274677546740e+09
8.341241905676881471e-04 -1.934485243823470313e+00 5.131019868079097250e+02 4.692257119782574417e-09 -2.786820558895771960e+00 1.648839274677546740e+09
7.528433929943461602e-04 -2.002132330426543483e+00 9.467660312533040496e+02 2.645800961877139410e-09 -7.796739427316937920e+00 1.648839274677860737e+09
8.206468473177791620e-04 -1.952402065337142112e+00 5.322107129796835352e+02 9.582521763364409692e-11 -3.864451433602072328e+00 1.648839274678110123e+09
8.307458205301628332e-04 -1.936814107322422540e+00 5.222082215867947070e+02 2.926255628154514101e-10 -1.733470476388373704e+00 1.648839274679161072e+09
8.307458205301628332e-04 -1.936814107322422540e+00 5.222082215867947070e+02 2.926255628154514101e-10 -1.733470476388373704e+00 1.648839274679161072e+09
7.879463344354003607e-04 -1.969819340755730952e+00 7.381923320756012572e+02 1.158512575268097746e-07 -1.302634974714051985e+00 1.648839274679873705e+09
7.879463344354003607e-04 -1.969819340755730952e+00 7.381923320756012572e+02 1.158512575268097746e-07 -1.302634974714051985e+00 1.648839274679873705e+09
8.027501544289430187e-04 -1.961706238578367678e+00 5.981831598681103515e+02 1.222331118431143677e-13 -4.615115737510141258e+00 1.648839274680227041e+09
8.027501544289430187e-04 -1.961706238578367678e+00 5.981831598681103515e+02 1.222331118431143677e-13 -4.615115737510141258e+00 1.648839274680227041e+09
7.741440429150991476e-04 -1.985861111622547082e+00 8.005674344509495768e+02 1.187906797898933998e-10 -3.726163907461677915e+00 1.648839274684400558e+09
8.164353691694105483e-04 -1.946357022502221756e+00 5.773332361674420099e+02 1.485069886749578464e-11 -3.935975107421350039e+00 1.648839274684928656e+09
8.164353691694105483e-04 -1.946357022502221756e+00 5.773332361674420099e+02 1.485069886749578464e-11 -3.935975107421350039e+00 1.648839274684928656e+09
7.800323543337895791e-04 -1.982987385269917358e+00 7.491031211405027079e+02 6.926191626693267403e-10 -2.533577807447289665e+00 1.648839274685595751e+09
7.848760728292295159e-04 -1.972160995293440688e+00 7.501053605529388051e+02 7.579756938421530957e-13 -3.203989464364074280e-01 1.648839274686830044e+09
7.848760728292295159e-04 -1.972160995293440688e+00 7.501053605529388051e+02 7.579756938421530957e-13 -3.203989464364074280e-01 1.648839274686830044e+09
7.758358121914797623e-04 -1.984210363040640246e+00 7.969906276666579288e+02 8.008978471210456439e-08 -4.769517431824032982e-01 1.648839274687402248e+09
8.298217431760480543e-04 -1.941430330361809009e+00 5.421508164819988451e+02 2.752252572301143419e-10 -3.420649276797891325e+00 1.648839274688364983e+09
8.298217431760480543e-04 -1.941430330361809009e+00 5.421508164819988451e+02 2.752252572301143419e-10 -3.420649276797891325e+00 1.648839274688364983e+09
7.685731328967022576e-04 -1.985990322278410325e+00 8.709333057270373502e+02 7.645086837269933505e-10 -7.607635471269460048e+00 1.648839274691730738e+09
7.889583764030016263e-04 -1.975488192733356296e+00 7.102882820023293107e+02 5.578264762419529649e-13 -1.492072789816582201e+00 1.648839274692229509e+09
7.722694907741918090e-04 -1.986965152637508947e+00 8.129194132054108195e+02 5.876867494921433870e-09 -4.562566860929496926e+00 1.648839274698157072e+09
7.851308810463905608e-04 -1.974546800439555660e+00 6.959560940437130512e+02 6.081868063589945668e-12 -2.382484418393686632e+00 1.648839274698465824e+09
7.863090014257890755e-04 -1.978065295784873889e+00 6.763425138265065470e+02 3.832167681371461145e-13 -1.893215292573206199e+00 1.648839274698764563e+09
7.863090014257890755e-04 -1.978065295784873889e+00 6.763425138265065470e+02 3.832167681371461145e-13 -1.893215292573206199e+00 1.648839274698764563e+09
7.739436519034743715e-04 -1.983472032565540832e+00 8.109577890853371400e+02 7.287088543101651309e-15 -4.762493743367812726e-01 1.648839274699519634e+09
7.739436519034743715e-04 -1.983472032565540832e+00 8.109577890853371400e+02 7.287088543101651309e-15 -4.762493743367812726e-01 1.648839274699519634e+09
8.063732880496776289e-04 -1.958906584419315422e+00 6.413707327074092746e+02 1.283575441190703654e-12 -5.736894629759268227e-01 1.648839274701029301e+09
8.063732880496776289e-04 -1.958906584419315422e+00 6.413707327074092746e+02 1.283575441190703654e-12 -5.736894629759268227e-01 1.648839274701029301e+09
7.553832223907085922e-04 -1.997717870021770592e+00 9.685723293257957494e+02 5.414576200977412906e-09 -7.197575093177043470e+00 1.648839274702195168e+09
7.842612458145790510e-04 -1.980016164341996898e+00 7.230961381635107728e+02 2.881209693822322186e-12 -2.942062507670097915e+00 1.648839274703320742e+09
7.842612458145790510e-04 -1.980016164341996898e+00 7.230961381635107728e+02 2.881209693822322186e-12 -2.942062507670097915e+00 1.648839274703320742e+09
7.762933942598820684e-04 -1.985154286696676484e+00 7.518487558833521689e+02 2.006184404442379089e-12 -5.795201419342221882e-01 1.648839274703363419e+09
8.093658481498104077e-04 -1.959052900394160357e+00 6.155330671846875248e+02 3.351301448868598741e-09 -3.900098506029896051e+00 1.648839274704107046e+09
7.890183656475135152e-04 -1.972266192749265956e+00 7.314867806013068048e+02 4.251115320895568617e-14 -6.178768100484391290e+00 1.648839274704112053e+09
7.890183656475135152e-04 -1.972266192749265956e+00 7.314867806013068048e+02 4.251115320895568617e-14 -6.178768100484391290e+00 1.648839274704112053e+09
7.828014128343472895e-04 -1.974042102499760087e+00 7.593493045366208207e+02 7.987216465003638169e-13 -7.624334651066803303e+00 1.648839274704545498e+09
7.828014128343472895e-04 -1.974042102499760087e+00 7.593493045366208207e+02 7.987216465003638169e-13 -7.624334651066803303e+00 1.648839274704545498e+09
7.784350368890287884e-04 -1.982702745614505213e+00 7.822537786412650576e+02 6.018988041765971703e-07 -3.509683781621744103e-01 1.648839274704640150e+09
7.784350368890287884e-04 -1.982702745614505213e+00 7.822537786412650576e+02 6.018988041765971703e-07 -3.509683781621744103e-01 1.648839274704640150e+09
8.308260288946989203e-04 -1.942774939997094830e+00 5.029661292363471148e+02 2.211256199377881666e-15 -8.506261436129491926e-01 1.648839274705594540e+09
8.308260288946989203e-04 -1.942774939997094830e+00 5.029661292363471148e+02 2.211256199377881666e-15 -8.506261436129491926e-01 1.648839274705594540e+09
8.263582894333268251e-04 -1.944262731131152222e+00 5.543251747123460973e+02 2.360570917655004551e-12 -6.634529406859229539e+00 1.648839274706418991e+09
8.263582894333268251e-04 -1.944262731131152222e+00 5.543251747123460973e+02 2.360570917655004551e-12 -6.634529406859229539e+00 1.648839274706418991e+09
8.034488543551261512e-04 -1.956224370902856391e+00 6.505711225798580699e+02 8.291228196897589178e-09 -1.779117075151070537e+00 1.648839274707763672e+09
7.996625200245143644e-04 -1.963489668288563639e+00 6.146396204507168477e+02 4.963155269534114561e-15 -5.827201132322833210e+00 1.648839274713452578e+09
7.841991081692756922e-04 -1.974216156684454937e+00 7.618367731851785720e+02 9.920097772184741712e-13 -2.147301355052637639e+00 1.648839274715080976e+09
7.841991081692756922e-04 -1.974216156684454937e+00 7.618367731851785720e+02 9.920097772184741712e-13 -2.147301355052637639e+00 1.648839274715080976e+09
7.832021744079528018e-04 -1.978509899001473560e+00 7.544064909678257891e+02 1.464261287339440594e-15 -7.304177921359045200e+00 1.648839274715257406e+09
7.832021744079528018e-04 -1.978509899001473560e+00 7.544064909678257891e+02 1.464261287339440594e-15 -7.304177921359045200e+00 1.648839274715257406e+09
7.816796042902347894e-04 -1.980862730620142731e+00 7.519012316806234821e+02 2.482968975171536918e-14 -5.504590317316795378e-01 1.648839274716182709e+09
8.208030379367724791e-04 -1.952631091784527539e+00 5.351135721534335516e+02 2.259142398372266997e-15 -7.980434658540848325e+00 1.648839274716726303e+09
8.208030379367724791e-04 -1.952631091784527539e+00 5.351135721534335516e+02 2.259142398372266997e-15 -7.980434658540848325e+00 1.648839274716726303e+09
8.220263542799827444e-04 -1.949245229610821362e+00 5.253974771289202863e+02 1.007405308422947750e-08 -4.564437233950690675e+00 1.648839274717314720e+09
8.220263542799827444e-04 -1.949245229610821362e+00 5.253974771289202863e+02 1.007405308422947750e-08 -4.564437233950690675e+00 1.648839274717314720e+09
8.351015935772486453e-04 -1.940479034616861664e+00 4.967155397481272416e+02 1.957116246407614630e-15 -7.932236135762318341e+00 1.648839274717406273e+09
8.351015935772486453e-04 -1.940479034616861664e+00 4.967155397481272416e+02 1.957116246407614630e-15 -7.932236135762318341e+00 1.648839274717406273e+09
7.999434561031349778e-04 -1.968544413666967863e+00 6.080225640070046893e+02 1.782004817981695608e-13 -3.135698262133899128e+00 1.648839274717642069e+09
7.999434561031349778e-04 -1.968544413666967863e+00 6.080225640070046893e+02 1.782004817981695608e-13 -3.135698262133899128e+00 1.648839274717642069e+09
7.850507202833773490e-04 -1.977024475488220689e+00 6.853749617421366338e+02 3.666759070947981038e-13 -4.183381747326279765e+00 1.648839274718271732e+09
7.850507202833773490e-04 -1.977024475488220689e+00 6.853749617421366338e+02 3.666759070947981038e-13 -4.183381747326279765e+00 1.648839274718271732e+09
8.152832983389409881e-04 -1.956106924809438929e+00 5.475991861638326554e+02 1.025558946586024521e-13 -1.274954109146788639e+00 1.648839274718700409e+09
7.843809314585096018e-04 -1.980403392093465165e+00 7.107860970625368964e+02 2.028766453687546905e-14 -1.661395975434433403e+00 1.648839274720597029e+09
7.807196698479168572e-04 -1.977239806677653089e+00 7.360051881689798847e+02 4.484517585030516279e-12 -3.732651441882672394e+00 1.648839274722003222e+09
7.807196698479168572e-04 -1.977239806677653089e+00 7.360051881689798847e+02 4.484517585030516279e-12 -3.732651441882672394e+00 1.648839274722003222e+09
8.369367824652011777e-04 -1.938696544464809435e+00 4.919915520263381268e+02 5.290212062895988638e-10 -1.166261572535506552e+00 1.648839274723010778e+09
8.369367824652011777e-04 -1.938696544464809435e+00 4.919915520263381268e+02 5.290212062895988638e-10 -1.166261572535506552e+00 1.648839274723010778e+09
7.795059966337558816e-04 -1.983659775590332908e+00 7.340679391497428696e+02 2.427092983811780797e-09 -3.126093154678600605e+00 1.648839274723390579e+09
7.761900742778057556e-04 -1.984543087304407649e+00 7.865845634519305349e+02 3.171923907521474659e-13 -4.043566593226533001e-01 1.648839274724628925e+09
8.138309916199870566e-04 -1.954107644176622305e+00 5.538093051016196569e+02 1.504758642704321711e-10 -3.259123365294088082e+00 1.648839274727755308e+09
8.138309916199870566e-04 -1.954107644176622305e+00 5.538093051016196569e+02 1.504758642704321711e-10 -3.259123365294088082e+00 1.648839274727755308e+09
7.750122971683446726e-04 -1.984696562816103738e+00 7.996926744418932458e+02 4.393114785644195498e-09 -3.006539456463923621e+00 1.648839274727890491e+09
8.259306915156894389e-04 -1.939789273097075606e+00 5.415026944329058551e+02 6.042399287830840109e-11 -1.868091122339276211e+00 1.648839274729612350e+09
7.944948885683234940e-04 -1.971025899516518409e+00 6.822575284548119043e+02 4.103369351167824532e-15 -2.309092580771144654e+00 1.648839274732246161e+09
7.944948885683234940e-04 -1.971025899516518409e+00 6.822575284548119043e+02 4.103369351167824532e-15 -2.309092580771144654e+00 1.648839274732246161e+09
7.958163542183333472e-04 -1.970404125046083754e+00 6.719522344761469412e+02 1.627390149303660015e-12 -2.126527908826849611e+00 1.648839274732859135e+09
7.958163542183333472e-04 -1.970404125046083754e+00 6.719522344761469412e+02 1.627390149303660015e-12 -2.126527908826849611e+00 1.648839274732859135e+09
7.964791715481166429e-04 -1.970223785183440102e+00 6.654073784075528692e+02 3.801766231501286055e-15 -6.384115781342915241e+00 1.648839274733722210e+09
7.964791715481166429e-04 -1.970223785183440102e+00 6.654073784075528692e+02 3.801766231501286055e-15 -6.384115781342915241e+00 1.648839274733722210e+09
8.306616904153481641e-04 -1.937657220357951182e+00 5.177572288192251335e+02 1.229397903392265073e-09 -1.616148405021451850e+00 1.648839274733954191e+09
8.306616904153481641e-04 -1.937657220357951182e+00 5.177572288192251335e+02 1.229397903392265073e-09 -1.616148405021451850e+00 1.648839274733954191e+09
8.385213419139572744e-04 -1.930887394724480455e+00 5.123916673161472772e+02 8.565870235916165379e-08 -4.696503102057015155e+00 1.648839274734504223e+09
7.793763211707060512e-04 -1.977381603902675478e+00 7.697428365001695738e+02 1.786790704068615064e-15 -1.782651061659342062e+00 1.648839274734642267e+09
7.793763211707060512e-04 -1.977381603902675478e+00 7.697428365001695738e+02 1.786790704068615064e-15 -1.782651061659342062e+00 1.648839274734642267e+09
8.115256836470391595e-04 -1.953966733667169109e+00 6.202929223811880775e+02 1.587794284264293701e-11 -2.980728237426276017e+00 1.648839274736788034e+09
8.031451012460291477e-04 -1.959953914654211093e+00 6.611646296956240576e+02 4.735746438113692793e-08 -3.495472935229513745e+00 1.648839274740154266e+09
7.887021643124305899e-04 -1.976780518882483406e+00 6.649361631812238329e+02 7.347759591953467009e-14 -7.954640282993792333e+00 1.648839274740895510e+09
7.887021643124305899e-04 -1.976780518882483406e+00 6.649361631812238329e+02 7.347759591953467009e-14 -7.954640282993792333e+00 1.648839274740895510e+09
7.891608844136814094e-04 -1.968561046025582906e+00 7.004688510821362115e+02 2.916526250143745175e-10 -5.010881110761141066e+00 1.648839274740920544e+09
7.891608844136814094e-04 -1.968561046025582906e+00 7.004688510821362115e+02 2.916526250143745175e-10 -5.010881110761141066e+00 1.648839274740920544e+09
7.901671566526500927e-04 -1.969153849579481808e+00 7.287673073801770443e+02 6.817331877517814787e-15 -8.635226894089571559e-01 1.648839274741016626e+09
7.901671566526500927e-04 -1.969153849579481808e+00 7.287673073801770443e+02 6.817331877517814787e-15 -8.635226894089571559e-01 1.648839274741016626e+09
8.396096062008255980e-04 -1.932792052057139109e+00 4.898326510221877470e+02 6.935327245020511373e-13 -7.357280195709945403e+00 1.648839274743684769e+09
7.896956639388007281e-04 -1.977542578977524279e+00 6.975928762180792546e+02 2.759979331096012419e-08 -5.539580020213664469e+00 1.648839274744887829e+09
8.360075170833293273e-04 -1.939762537167973644e+00 4.991242122008269462e+02 3.127193881469858029e-15 -8.610342561987511800e-01 1.648839274746208429e+09
8.360075170833293273e-04 -1.939762537167973644e+00 4.991242122008269462e+02 3.127193881469858029e-15 -8.610342561987511800e-01 1.648839274746208429e+09
7.729138424301950109e-04 -1.985927528863941527e+00 8.075095552184135386e+02 1.009215970342953842e-14 -3.540552548807939459e+00 1.648839274746928692e+09
7.729138424301950109e-04 -1.985927528863941527e+00 8.075095552184135386e+02 1.009215970342953842e-14 -3.540552548807939459e+00 1.648839274746928692e+09
7.594064041330146099e-04 -1.999863552938194289e+00 9.189516782734475555e+02 1.359875018454812023e-08 -6.275340137629412673e+00 1.648839274746930838e+09
7.594064041330146099e-04 -1.999863552938194289e+00 9.189516782734475555e+02 1.359875018454812023e-08 -6.275340137629412673e+00 1.648839274746930838e+09
8.052779359980977896e-04 -1.961637968569913459e+00 6.369189666022596157e+02 9.801546240681429042e-09 -7.469377210432694980e-01 1.648839274746941090e+09
8.052779359980977896e-04 -1.961637968569913459e+00 6.369189666022596157e+02 9.801546240681429042e-09 -7.469377210432694980e-01 1.648839274746941090e+09
8.370052895033012553e-04 -1.938759964137554359e+00 4.990752547478126075e+02 2.443703484511267373e-12 -3.528530826488616157e-01 1.648839274747567892e+09
8.370052895033012553e-04 -1.938759964137554359e+00 4.990752547478126075e+02 2.443703484511267373e-12 -3.528530826488616157e-01 1.648839274747567892e+09
8.306167972670274119e-04 -1.936322183695265320e+00 5.348952596320052635e+02 3.168786359248899936e-10 -4.372841144659052048e-01 1.648839274749018431e+09
8.306167972670274119e-04 -1.936322183695265320e+00 5.348952596320052635e+02 3.168786359248899936e-10 -4.372841144659052048e-01 1.648839274749018431e+09
7.735683182858016631e-04 -1.985979941315696440e+00 8.013906483545653145e+02 7.996590047807787918e-15 -4.227668749434259965e+00 1.648839274750780106e+09
8.043632368081422108e-04 -1.962001600089375852e+00 6.432018874543887250e+02 2.032024283162891562e-07 -1.391253187516741541e+00 1.648839274751832247e+09
8.043632368081422108e-04 -1.962001600089375852e+00 6.432018874543887250e+02 2.032024283162891562e-07 -1.391253187516741541e+00 1.648839274751832247e+09
7.948721393401774870e-04 -1.965347172015851074e+00 7.038283253236414794e+02 1.780741059627993523e-11 -7.397678170885143345e+00 1.648839274756786108e+09
7.948721393401774870e-04 -1.965347172015851074e+00 7.038283253236414794e+02 1.780741059627993523e-11 -7.397678170885143345e+00 1.648839274756786108e+09
8.336503529797424563e-04 -1.934033198089611716e+00 5.239692866013981529e+02 4.097379611813263582e-08 -4.537888925630817027e+00 1.648839274757607937e+09
8.336503529797424563e-04 -1.934033198089611716e+00 5.239692866013981529e+02 4.097379611813263582e-08 -4.537888925630817027e+00 1.648839274757607937e+09
7.734236907701265082e-04 -1.985815938353897359e+00 8.039192351858980601e+02 1.381400915712340684e-13 -1.289516682583062845e+00 1.648839274757785082e+09
7.734236907701265082e-04 -1.985815938353897359e+00 8.039192351858980601e+02 1.381400915712340684e-13 -1.289516682583062845e+00 1.648839274757785082e+09
8.143611740619360797e-04 -1.948704981207834530e+00 5.708335446938314135e+02 7.294689796844216734e-10 -7.275715842972151570e+00 1.648839274758692741e+09
7.910532833625494656e-04 -1.970044016074242510e+00 6.597802599565394530e+02 1.533938059945107891e-15 -4.793486958771907780e+00 1.648839274759384155e+09
7.910532833625494656e-04 -1.970044016074242510e+00 6.597802599565394530e+02 1.533938059945107891e-15 -4.793486958771907780e+00 1.648839274759384155e+09
7.845814963703933711e-04 -1.972624910713320467e+00 7.297087774915949012e+02 4.738337860457038387e-15 -1.302580462181344600e+00 1.648839274759656906e+09
7.845814963703933711e-04 -1.972624910713320467e+00 7.297087774915949012e+02 4.738337860457038387e-15 -1.302580462181344600e+00 1.648839274759656906e+09
7.801980121761285542e-04 -1.982390676006175134e+00 7.451096433863789343e+02 9.431268046303896091e-07 -1.761901134778309341e+00 1.648839274760329247e+09
7.801980121761285542e-04 -1.982390676006175134e+00 7.451096433863789343e+02 9.431268046303896091e-07 -1.761901134778309341e+00 1.648839274760329247e+09
7.891840543720233343e-04 -1.971547944195833457e+00 7.331136318045814733e+02 1.155193924224548811e-09 -5.747639664670636250e+00 1.648839274760874510e+09
7.884484134280422048e-04 -1.969091597544788685e+00 7.079473842042443721e+02 1.788197820493353163e-12 -5.846021508538881584e+00 1.648839274762128592e+09
8.307624611347905891e-04 -1.942527557543216377e+00 5.301995516137709501e+02 2.711723474614754235e-15 -3.799475202207609925e+00 1.648839274763509750e+09
7.897760507288668083e-04 -1.970925766195971596e+00 7.070735063647589413e+02 4.066307105832689160e-07 -4.113938688414624067e+00 1.648839274765170813e+09
8.265667922994382293e-04 -1.947044885655458746e+00 5.369798991050821542e+02 6.251208518035622135e-14 -2.239557562897120491e+00 1.648839274765326500e+09
8.265667922994382293e-04 -1.947044885655458746e+00 5.369798991050821542e+02 6.251208518035622135e-14 -2.239557562897120491e+00 1.648839274765326500e+09
8.080906160871939798e-04 -1.958848983575633085e+00 5.740420276012514478e+02 5.960962809973293702e-12 -3.923158793626629226e+00 1.648839274766875029e+09
8.080906160871939798e-04 -1.958848983575633085e+00 5.740420276012514478e+02 5.960962809973293702e-12 -3.923158793626629226e+00 1.648839274766875029e+09
8.107880222393760343e-04 -1.958084744273793865e+00 5.623904263895354916e+02 3.484043377504267277e-08 -7.037475958844527923e-01 1.648839274767748117e+09
7.748269026808408261e-04 -1.985849273328712306e+00 7.710439178805523852e+02 2.877509690081878046e-08 -1.904336953350153294e+00 1.648839274767822266e+09
7.748269026808408261e-04 -1.985849273328712306e+00 7.710439178805523852e+02 2.877509690081878046e-08 -1.904336953350153294e+00 1.648839274767822266e+09
7.608501107863066505e-04 -1.996740064594238806e+00 9.410946130194070065e+02 3.311001293693387491e-09 -7.107440794183059296e+00 1.648839274768745184e+09
8.036784313769516821e-04 -1.960177101586643822e+00 5.984343662530255870e+02 1.252533105592832583e-09 -1.570325980252870401e+00 1.648839274768757343e+09
8.036784313769516821e-04 -1.960177101586643822e+00 5.984343662530255870e+02 1.252533105592832583e-09 -1.570325980252870401e+00 1.648839274768757343e+09
8.022970977675697489e-04 -1.961607251410627972e+00 6.617381203990728409e+02 2.017978374762004233e-07 -1.685758158769197657e+00 1.648839274769350767e+09
8.022970977675697489e-04 -1.961607251410627972e+00 6.617381203990728409e+02 2.017978374762004233e-07 -1.685758158769197657e+00 1.648839274769350767e+09
7.876547599863719480e-04 -1.969634569500886334e+00 7.279155995859002815e+02 8.951604527624380611e-15 -4.699163577544275050e+00 1.648839274769695759e+09
7.831122327295576098e-04 -1.974234903340275293e+00 7.678682928418248821e+02 1.705230215724611809e-09 -5.970305803704688330e+00 1.648839274771886349e+09
8.115558605491962922e-04 -1.955168022400788352e+00 6.158821559554352234e+02 1.458034978115983150e-13 -2.103595959049549435e+00 1.648839274776134729e+09
8.115558605491962922e-04 -1.955168022400788352e+00 6.158821559554352234e+02 1.458034978115983150e-13 -2.103595959049549435e+00 1.648839274776134729e+09
7.883486586796112014e-04 -1.977402691777245147e+00 6.864999460592075593e+02 5.717803458244808368e-07 -1.669222123927244894e+00 1.648839274776741505e+09
7.883486586796112014e-04 -1.977402691777245147e+00 6.864999460592075593e+02 5.717803458244808368e-07 -1.669222123927244894e+00 1.648839274776741505e+09
8.119920539368034700e-04 -1.958258026289063203e+00 5.586295217083566058e+02 8.729289315134184391e-13 -6.602700195849020126e+00 1.648839274776830196e+09
8.119920539368034700e-04 -1.958258026289063203e+00 5.586295217083566058e+02 8.729289315134184391e-13 -6.602700195849020126e+00 1.648839274776830196e+09
8.127836713561942435e-04 -1.958764369574441444e+00 6.058996761811243914e+02 1.021442096268129655e-08 -6.762523407286215260e+00 1.648839274780761242e+09
8.127836713561942435e-04 -1.958764369574441444e+00 6.058996761811243914e+02 1.021442096268129655e-08 -6.762523407286215260e+00 1.648839274780761242e+09
8.161743365894872076e-04 -1.956205334232316240e+00 5.641162889142606218e+02 1.260638051420183197e-15 -3.612804950465096532e+00 1.648839274781985521e+09
8.161743365894872076e-04 -1.956205334232316240e+00 5.641162889142606218e+02 1.260638051420183197e-15 -3.612804950465096532e+00 1.648839274781985521e+09
7.925703460646855167e-04 -1.965278856386676098e+00 6.950628242387674618e+02 2.370680923980461581e-14 -1.841105745284259854e+00 1.648839274782755375e+09
8.134831107959779057e-04 -1.958589225674496337e+00 5.630239716706154240e+02 1.144007260326348247e-09 -4.224725425933625544e+00 1.648839274783090353e+09
8.134831107959779057e-04 -1.958589225674496337e+00 5.630239716706154240e+02 1.144007260326348247e-09 -4.224725425933625544e+00 1.648839274783090353e+09
7.818164593643100015e-04 -1.980271423532398600e+00 7.699158076321646149e+02 2.252662021051272957e-08 -5.294473478137597056e+00 1.648839274783832788e+09
7.818164593643100015e-04 -1.980271423532398600e+00 7.699158076321646149e+02 2.252662021051272957e-08 -5.294473478137597056e+00 1.648839274783832788e+09
8.327783099808291466e-04 -1.935067646694240251e+00 5.243756881477129355e+02 1.215556230537177600e-10 -3.723113392054009374e+00 1.648839274784016132e+09
8.327783099808291466e-04 -1.935067646694240251e+00 5.243756881477129355e+02 1.215556230537177600e-10 -3.723113392054009374e+00 1.648839274784016132e+09
7.739534037332275896e-04 -1.986561262033079256e+00 7.423875418807127744e+02 3.761316536111344249e-08 -5.946930378949780049e+00 1.648839274784302711e+09
7.930201764182113859e-04 -1.965097183763623967e+00 7.031807918405894497e+02 7.626976723327951174e-11 -4.144048444022010891e+00 1.648839274786381721e+09
7.930201764182113859e-04 -1.965097183763623967e+00 7.031807918405894497e+02 7.626976723327951174e-11 -4.144048444022010891e+00 1.648839274786381721e+09
8.295513199727119411e-04 -1.939007845187176393e+00 5.183463138885247190e+02 4.545200427307508011e-10 -3.884109256118820852e+00 1.648839274786855221e+09
8.295513199727119411e-04 -1.939007845187176393e+00 5.183463138885247190e+02 4.545200427307508011e-10 -3.884109256118820852e+00 1.648839274786855221e+09
7.851679409808606401e-04 -1.974674038360297423e+00 6.963390900032937907e+02 5.865897776699822539e-14 -5.928404477565871744e+00 1.648839274787980795e+09
7.851679409808606401e-04 -1.974674038360297423e+00 6.963390900032937907e+02 5.865897776699822539e-14 -5.928404477565871744e+00 1.648839274787980795e+09
8.086743316882925034e-04 -1.952691499281020482e+00 6.304630587419667336e+02 1.828918561623081322e-15 -6.133784626304717769e+00 1.648839274788116455e+09
8.086743316882925034e-04 -1.952691499281020482e+00 6.304630587419667336e+02 1.828918561623081322e-15 -6.133784626304717769e+00 1.648839274788116455e+09
8.282232468297640949e-04 -1.943449665902643897e+00 5.440723039850621490e+02 2.641036531726234195e-15 -7.433090362351011393e+00 1.648839274788390636e+09
8.186730529468371409e-04 -1.944806021323009837e+00 5.707837605172796884e+02 6.774723806336971592e-15 -5.056408801039516732e+00 1.648839274792431831e+09
8.258892364393889077e-04 -1.940320253761340652e+00 5.377477305692161735e+02 6.043663135399604102e-15 -7.754986820763910771e+00 1.648839274794193745e+09
8.312800363437213231e-04 -1.942461084362979928e+00 5.030433455388810557e+02 7.122181184710975509e-13 -3.928530852436775689e-01 1.648839274794847727e+09
8.312800363437213231e-04 -1.942461084362979928e+00 5.030433455388810557e+02 7.122181184710975509e-13 -3.928530852436775689e-01 1.648839274794847727e+09
8.117189046296527724e-04 -1.959033951827435782e+00 5.898026977965623701e+02 1.937760358390850691e-14 -2.882269240373496189e+00 1.648839274795387745e+09
8.434802789979356161e-04 -1.931076579912897717e+00 4.820696848842544568e+02 9.445732473032350374e-12 -1.582232796175628842e+00 1.648839274795892954e+09
7.896954510556063655e-04 -1.976522333764922035e+00 6.792350608265550136e+02 5.455296485055162162e-14 -6.616310714313669905e+00 1.648839274796748400e+09
7.896954510556063655e-04 -1.976522333764922035e+00 6.792350608265550136e+02 5.455296485055162162e-14 -6.616310714313669905e+00 1.648839274796748400e+09
7.854514363892900995e-04 -1.979204931153932590e+00 6.869473230503367631e+02 6.650430710089867194e-09 -3.914420872167148069e+00 1.648839274798496008e+09
7.957386895957037180e-04 -1.962386278511208504e+00 6.923505480026817622e+02 1.017099681845359398e-06 -3.665563342190187868e-01 1.648839274800114393e+09
7.823363983347343502e-04 -1.977518364085395053e+00 7.670097917765574493e+02 2.699850795895072876e-14 -3.094572258830536882e+00 1.648839274801231384e+09
7.823363983347343502e-04 -1.977518364085395053e+00 7.670097917765574493e+02 2.699850795895072876e-14 -3.094572258830536882e+00 1.648839274801231384e+09
8.036043187177069292e-04 -1.954664530867789018e+00 6.452209213031576382e+02 1.795672478646180735e-09 -7.154263460597146462e+00 1.648839274801536083e+09
8.036043187177069292e-04 -1.954664530867789018e+00 6.452209213031576382e+02 1.795672478646180735e-09 -7.154263460597146462e+00 1.648839274801536083e+09
8.307880536872708308e-04 -1.938261281530346380e+00 5.418487839977306066e+02 9.707424957342163694e-15 -2.460100832693020045e+00 1.648839274803437948e+09
8.005192458143003086e-04 -1.965999362728824362e+00 6.541428502626025647e+02 1.067160444481932333e-13 -4.944807348836624428e+00 1.648839274804281950e+09
8.005192458143003086e-04 -1.965999362728824362e+00 6.541428502626025647e+02 1.067160444481932333e-13 -4.944807348836624428e+00 1.648839274804281950e+09
7.888467184451516262e-04 -1.977221896270651813e+00 6.755216629919233355e+02 3.867226409598900665e-11 -6.505455857978158285e+00 1.648839274805251598e+09
7.888467184451516262e-04 -1.977221896270651813e+00 6.755216629919233355e+02 3.867226409598900665e-11 -6.505455857978158285e+00 1.648839274805251598e+09
7.805756571263578174e-04 -1.976981604600733355e+00 7.761606805710471235e+02 4.997294939966764791e-15 -3.882693935380453709e+00 1.648839274806657076e+09
8.312622065473528271e-04 -1.939468886588057828e+00 5.378860000962391723e+02 9.575590556410636731e-14 -2.439772604269318634e+00 1.648839274808227301e+09
8.312622065473528271e-04 -1.939468886588057828e+00 5.378860000962391723e+02 9.575590556410636731e-14 -2.439772604269318634e+00 1.648839274808227301e+09
8.257487364986483731e-04 -1.939692576341261354e+00 5.506729443568769966e+02 2.363468837763906442e-10 -4.497437685700525378e+00 1.648839274809940815e+09
8.257487364986483731e-04 -1.939692576341261354e+00 5.506729443568769966e+02 2.363468837763906442e-10 -4.497437685700525378e+00 1.648839274809940815e+09
7.951010061232890395e-04 -1.971829313333755440e+00 6.310146456729547708e+02 1.886865216702162976e-11 -1.991738152100772652e-01 1.648839274811322212e+09
7.951010061232890395e-04 -1.971829313333755440e+00 6.310146456729547708e+02 1.886865216702162976e-11 -1.991738152100772652e-01 1.648839274811322212e+09
8.090775234588257160e-04 -1.952304088035668350e+00 6.274116691571214233e+02 7.791300138545675151e-14 -8.544089608968938876e-01 1.648839274812010288e+09
8.090775234588257160e-04 -1.952304088035668350e+00 6.274116691571214233e+02 7.791300138545675151e-14 -8.544089608968938876e-01 1.648839274812010288e+09
8.383504878435371274e-04 -1.933929743316895600e+00 5.118628754354209605e+02 4.492312622736577138e-12 -1.508446954431192921e-01 1.648839274812741041e+09
7.941157624777805350e-04 -1.973123222779495922e+00 6.397551919355347536e+02 2.025371282826528132e-10 -5.774012490741133874e+00 1.648839274813725471e+09
7.957704569121844176e-04 -1.969861506157102982e+00 6.759231864860712449e+02 5.433297249033809964e-14 -7.562579823918323285e+00 1.648839274813838720e+09
7.957704569121844176e-04 -1.969861506157102982e+00 6.759231864860712449e+02 5.433297249033809964e-14 -7.562579823918323285e+00 1.648839274813838720e+09
8.299329189609144395e-04 -1.941573331360771038e+00 5.080459605585865006e+02 4.405427558411210711e-14 -4.243962785801437043e+00 1.648839274816366673e+09
8.299329189609144395e-04 -1.941573331360771038e+00 5.080459605585865006e+02 4.405427558411210711e-14 -4.243962785801437043e+00 1.648839274816366673e+09
7.809809040446207603e-04 -1.978397841790769496e+00 7.241530823908730099e+02 3.308849277978104779e-14 -3.865782399822360382e+00 1.648839274817317486e+09
7.809809040446207603e-04 -1.978397841790769496e+00 7.241530823908730099e+02 3.308849277978104779e-14 -3.865782399822360382e+00 1.648839274817317486e+09
8.376355450713339739e-04 -1.937479203215630497e+00 5.028944539067712753e+02 7.452994321798247574e-10 -4.931997527747969734e+00 1.648839274820499182e+09
8.376355450713339739e-04 -1.937479203215630497e+00 5.028944539067712753e+02 7.452994321798247574e-10 -4.931997527747969734e+00 1.648839274820499182e+09
8.404258070920590969e-04 -1.933862532221153785e+00 4.999632132834936442e+02 1.753523803411988434e-09 -9.123144856660561075e-01 1.648839274821688890e+09
8.404258070920590969e-04 -1.933862532221153785e+00 4.999632132834936442e+02 1.753523803411988434e-09 -9.123144856660561075e-01 1.648839274821688890e+09
8.145589813107576450e-04 -1.952400359907680905e+00 5.553658436498891433e+02 1.036106408720520565e-12 -6.556781689557531934e+00 1.648839274822798967e+09
8.145589813107576450e-04 -1.952400359907680905e+00 5.553658436498891433e+02 1.036106408720520565e-12 -6.556781689557531934e+00 1.648839274822798967e+09
8.170977733627239311e-04 -1.954702437504507007e+00 5.692840249274814823e+02 6.591783915885048689e-12 -3.030519457499667446e+00 1.648839274823078871e+09
8.170977733627239311e-04 -1.954702437504507007e+00 5.692840249274814823e+02 6.591783915885048689e-12 -3.030519457499667446e+00 1.648839274823078871e+09
8.165379384534143629e-04 -1.952272941819269914e+00 5.795525605184163851e+02 4.327554770021643294e-06 -4.005148784830945274e-01 1.648839274823186874e+09
8.165379384534143629e-04 -1.952272941819269914e+00 5.795525605184163851e+02 4.327554770021643294e-06 -4.005148784830945274e-01 1.648839274823186874e+09
7.829356569918496066e-04 -1.979947361742493639e+00 7.366416989546050900e+02 1.891685095656103954e-06 -1.213883023433184327e+00 1.648839274823838711e+09
8.297269503101976440e-04 -1.944640564644047442e+00 5.091153323856594852e+02 1.389634292220395081e-12 -5.842792431763794703e+00 1.648839274824794292e+09
8.297269503101976440e-04 -1.944640564644047442e+00 5.091153323856594852e+02 1.389634292220395081e-12 -5.842792431763794703e+00 1.648839274824794292e+09
8.413411235905740885e-04 -1.934247182914900609e+00 4.871400242664222446e+02 1.528545165830975231e-09 -1.838003791995013181e+00 1.648839274824849844e+09
8.413411235905740885e-04 -1.934247182914900609e+00 4.871400242664222446e+02 1.528545165830975231e-09 -1.838003791995013181e+00 1.648839274824849844e+09
7.955252847269210200e-04 -1.964937602751288814e+00 6.989122149492759490e+02 7.007867550779662313e-08 -1.288260555060091406e+00 1.648839274825985193e+09
8.311091901729383922e-04 -1.942304125435303064e+00 5.037477087009738170e+02 3.082081419889613459e-09 -1.169011259506203437e+00 1.648839274827842951e+09
8.311091901729383922e-04 -1.942304125435303064e+00 5.037477087009738170e+02 3.082081419889613459e-09 -1.169011259506203437e+00 1.648839274827842951e+09
7.919021651207711499e-04 -1.974276335985345243e+00 6.793456227981995426e+02 2.459894712380212925e-12 -1.715378301856499199e+00 1.648839274828134060e+09
7.919021651207711499e-04 -1.974276335985345243e+00 6.793456227981995426e+02 2.459894712380212925e-12 -1.715378301856499199e+00 1.648839274828134060e+09
8.057782217029215875e-04 -1.964121096495223151e+00 5.864076947597266098e+02 9.892452370597625305e-13 -5.436194295116156816e+00 1.648839274830103874e+09
8.183830163276731556e-04 -1.947044108243937810e+00 5.917905624595631480e+02 8.473635729825018374e-08 -5.047355743264683170e-01 1.648839274830264091e+09
8.183830163276731556e-04 -1.947044108243937810e+00 5.917905624595631480e+02 8.473635729825018374e-08 -5.047355743264683170e-01 1.648839274830264091e+09
7.866104819817688193e-04 -1.971599287586916827e+00 7.056699545719516209e+02 5.379461884578536431e-11 -1.510946855673409139e+00 1.648839274830836773e+09
7.866104819817688193e-04 -1.971599287586916827e+00 7.056699545719516209e+02 5.379461884578536431e-11 -1.510946855673409139e+00 1.648839274830836773e+09
7.936573620076475127e-04 -1.973340789504628656e+00 6.639320203544058359e+02 2.099773112059734157e-13 -4.032477371378488940e-01 1.648839274831155777e+09
7.936573620076475127e-04 -1.973340789504628656e+00 6.639320203544058359e+02 2.099773112059734157e-13 -4.032477371378488940e-01 1.648839274831155777e+09
8.020958726393868140e-04 -1.963639558850732714e+00 6.541367724042133887e+02 1.003721939746655715e-07 -1.315196159471412329e-01 1.648839274831592321e+09
8.020958726393868140e-04 -1.963639558850732714e+00 6.541367724042133887e+02 1.003721939746655715e-07 -1.315196159471412329e-01 1.648839274831592321e+09
8.095969042243613941e-04 -1.953719793394399273e+00 5.852886150304775583e+02 1.397970757692274562e-10 -3.438504591405361133e+00 1.648839274831806183e+09
8.095969042243613941e-04 -1.953719793394399273e+00 5.852886150304775583e+02 1.397970757692274562e-10 -3.438504591405361133e+00 1.648839274831806183e+09
7.818000887895954973e-04 -1.977744384251802767e+00 7.183479376984823830e+02 4.207238103585703018e-12 -8.290583995843876508e-01 1.648839274833092928e+09
8.290271326999746823e-04 -1.937742577400737520e+00 5.434506090797982552e+02 3.137857304151153374e-13 -4.476568143944392730e+00 1.648839274834348917e+09
8.290271326999746823e-04 -1.937742577400737520e+00 5.434506090797982552e+02 3.137857304151153374e-13 -4.476568143944392730e+00 1.648839274834348917e+09
7.989136091779901151e-04 -1.968957669563274893e+00 6.130410004753681505e+02 2.977024401128118256e-11 -6.830033891139676072e+00 1.648839274834666491e+09
7.989136091779901151e-04 -1.968957669563274893e+00 6.130410004753681505e+02 2.977024401128118256e-11 -6.830033891139676072e+00 1.648839274834666491e+09
7.793221600532613787e-04 -1.979341811307898658e+00 7.835238019404888519e+02 1.443327908595787719e-11 -2.412370601820878591e+00 1.648839274838853121e+09
8.136192120038809395e-04 -1.957820928678436712e+00 5.782360199185629881e+02 1.156374372395757824e-11 -5.436330314047987500e+00 1.648839274839025736e+09
8.127935774965968979e-04 -1.949874223172659349e+00 6.128974319435988036e+02 2.859415981874664190e-12 -6.833686338119377091e+00 1.648839274839444637e+09
8.115525669999231395e-04 -1.951411404457568555e+00 5.837948918957667956e+02 3.737529464864406239e-14 -7.600937563664931673e+00 1.648839274841036320e+09
8.115525669999231395e-04 -1.951411404457568555e+00 5.837948918957667956e+02 3.737529464864406239e-14 -7.600937563664931673e+00 1.648839274841036320e+09
8.059145676718699287e-04 -1.964235686249803603e+00 6.028670266633984056e+02 3.128464377848688706e-15 -6.667867213505382473e+00 1.648839274842615128e+09
8.618389379391141504e-04 -1.919282008762965619e+00 4.421922291046038254e+02 1.776923779939226613e-09 -7.668156060380272088e+00 1.648839274842645645e+09
8.618389379391141504e-04 -1.919282008762965619e+00 4.421922291046038254e+02 1.776923779939226613e-09 -7.668156060380272088e+00 1.648839274842645645e+09
7.943368712617801487e-04 -1.963954870795540097e+00 6.756371734184676825e+02 5.961232276057469036e-07 -3.998713007718333046e-01 1.648839274847029686e+09
7.943368712617801487e-04 -1.963954870795540097e+00 6.756371734184676825e+02 5.961232276057469036e-07 -3.998713007718333046e-01 1.648839274847029686e+09
7.998959922167168946e-04 -1.964176011984447801e+00 6.728858907988312694e+02 4.542182639300040587e-07 -1.193812704402219538e-02 1.648839274849273443e+09
7.810057287913845349e-04 -1.980430078238346381e+00 7.613276578719787722e+02 2.203034937000974760e-14 -6.201295307274428126e+00 1.648839274849723339e+09
7.810057287913845349e-04 -1.980430078238346381e+00 7.613276578719787722e+02 2.203034937000974760e-14 -6.201295307274428126e+00 1.648839274849723339e+09
8.369665125232818130e-04 -1.935804446180658278e+00 5.154359235770998566e+02 4.302200640995093952e-07 -5.360355897446424933e-01 1.648839274850376129e+09
8.369665125232818130e-04 -1.935804446180658278e+00 5.154359235770998566e+02 4.302200640995093952e-07 -5.360355897446424933e-01 1.648839274850376129e+09
8.225277302892347727e-04 -1.942764535808749304e+00 5.728676940986288173e+02 4.040690665947476788e-11 -7.646802307891997330e+00 1.648839274853632212e+09
8.225277302892347727e-04 -1.942764535808749304e+00 5.728676940986288173e+02 4.040690665947476788e-11 -7.646802307891997330e+00 1.648839274853632212e+09
7.922443706115781014e-04 -1.968107441920561307e+00 7.153135193217834740e+02 4.548475574110495985e-12 -5.349793484008822375e+00 1.648839274854513168e+09
7.922443706115781014e-04 -1.968107441920561307e+00 7.153135193217834740e+02 4.548475574110495985e-12 -5.349793484008822375e+00 1.648839274854513168e+09
7.852293277486441150e-04 -1.977369977422340996e+00 6.858854268169951638e+02 1.158680161686873631e-15 -7.196888751531840711e+00 1.648839274855240583e+09
7.857570150231192423e-04 -1.974195164295902361e+00 6.938407444166138021e+02 4.787314814247213134e-12 -2.467114069806578769e+00 1.648839274855380535e+09
7.857570150231192423e-04 -1.974195164295902361e+00 6.938407444166138021e+02 4.787314814247213134e-12 -2.467114069806578769e+00 1.648839274855380535e+09
7.826824291828512982e-04 -1.979742543177359870e+00 7.462047450214397486e+02 3.163635253176349240e-14 -5.999975800521827551e+00 1.648839274856959105e+09
7.826824291828512982e-04 -1.979742543177359870e+00 7.462047450214397486e+02 3.163635253176349240e-14 -5.999975800521827551e+00 1.648839274856959105e+09
8.205319086859100405e-04 -1.948639634604076853e+00 5.343690505822196428e+02 7.813498089330933940e-15 -4.102911023949282310e+00 1.648839274857464314e+09
8.205319086859100405e-04 -1.948639634604076853e+00 5.343690505822196428e+02 7.813498089330933940e-15 -4.102911023949282310e+00 1.648839274857464314e+09
7.582402500947746198e-04 -1.996702293243309612e+00 9.441216158904284157e+02 2.385029358426471801e-08 -6.148463071036857741e+00 1.648839274858173370e+09
7.911687680971999639e-04 -1.967242341333601763e+00 7.165882563450603584e+02 1.553080651622264814e-12 -2.124621213096149042e+00 1.648839274858193398e+09
7.911687680971999639e-04 -1.967242341333601763e+00 7.165882563450603584e+02 1.553080651622264814e-12 -2.124621213096149042e+00 1.648839274858193398e+09
8.007459605962768436e-04 -1.965539183196774786e+00 6.032883547417040973e+02 5.634784084527798907e-14 -2.237763529400768725e+00 1.648839274858518124e+09
8.311775206752924873e-04 -1.941692998159769701e+00 5.041502931123330313e+02 2.064625214859890099e-10 -1.123614072235619155e+00 1.648839274863166809e+09
8.311775206752924873e-04 -1.941692998159769701e+00 5.041502931123330313e+02 2.064625214859890099e-10 -1.123614072235619155e+00 1.648839274863166809e+09
7.983310236610121659e-04 -1.960568761999420762e+00 6.652805122389640928e+02 2.390470517262678694e-08 -1.329545553320615525e+00 1.648839274864650726e+09
8.018662895004534863e-04 -1.963308499022047737e+00 6.011139587493871659e+02 2.880607676210531807e-09 -1.863172647812609384e+00 1.648839274868308783e+09
8.018662895004534863e-04 -1.963308499022047737e+00 6.011139587493871659e+02 2.880607676210531807e-09 -1.863172647812609384e+00 1.648839274868308783e+09
7.742796787810963307e-04 -1.984229382802996211e+00 7.948929918501549992e+02 2.593752370345047250e-12 -5.818845710431563845e-01 1.648839274868462086e+09
8.299858679299674689e-04 -1.943802991577930239e+00 5.074512687694199826e+02 4.811157083069888225e-12 -5.026009057462011320e+00 1.648839274868683100e+09
7.970517579064834591e-04 -1.965601330337185093e+00 6.870775226313110124e+02 3.041231683884648525e-13 -9.009390559080010519e-01 1.648839274868834019e+09
7.970517579064834591e-04 -1.965601330337185093e+00 6.870775226313110124e+02 3.041231683884648525e-13 -9.009390559080010519e-01 1.648839274868834019e+09
8.313270868664097675e-04 -1.943246327723454625e+00 5.061654191576315611e+02 1.969934848725189219e-14 -5.116524240539260582e+00 1.648839274869021893e+09
8.313270868664097675e-04 -1.943246327723454625e+00 5.061654191576315611e+02 1.969934848725189219e-14 -5.116524240539260582e+00 1.648839274869021893e+09
7.981319781416605424e-04 -1.960738984881995162e+00 6.674915920109259559e+02 1.362966796100339971e-12 -5.640930908038624736e+00 1.648839274870501280e+09
8.133069931296224532e-04 -1.956709571265682790e+00 5.918541458273085709e+02 3.034847742839479414e-11 -7.075136984144254626e+00 1.648839274874890804e+09
8.133069931296224532e-04 -1.956709571265682790e+00 5.918541458273085709e+02 3.034847742839479414e-11 -7.075136984144254626e+00 1.648839274874890804e+09
8.315525767524537893e-04 -1.943174774629601087e+00 5.155842189507457078e+02 2.320515976007773962e-13 -7.615703367346169372e-01 1.648839274875565052e+09
7.857060094435865940e-04 -1.978771973633322023e+00 7.167161479930522319e+02 1.160658586542157696e-10 -7.446748939644698417e+00 1.648839274876368761e+09
7.857060094435865940e-04 -1.978771973633322023e+00 7.167161479930522319e+02 1.160658586542157696e-10 -7.446748939644698417e+00 1.648839274876368761e+09
7.828537698304625274e-04 -1.977104366509847555e+00 7.621763364552900839e+02 2.498987521154327293e-12 -3.513265696886415768e+00 1.648839274878683329e+09
8.399799258335437571e-04 -1.932957784710037430e+00 4.901956829325986860e+02 6.098335606825437003e-08 -2.975268838451927245e+00 1.648839274879413128e+09
7.744010453799679864e-04 -1.985395260187419630e+00 7.949679605730621006e+02 1.026019961572481736e-10 -7.205834402006136230e+00 1.648839274879939318e+09
8.232250389913306921e-04 -1.943805081116344979e+00 5.366755543543412159e+02 2.205196062614745595e-14 -7.362742224736403607e+00 1.648839274880351782e+09
8.205064956000598323e-04 -1.950164053584719337e+00 5.323599813868576121e+02 2.351716845757942158e-13 -6.573820228540112609e-01 1.648839274881776571e+09
8.205064956000598323e-04 -1.950164053584719337e+00 5.323599813868576121e+02 2.351716845757942158e-13 -6.573820228540112609e-01 1.648839274881776571e+09
7.746081724614878880e-04 -1.985408485404542844e+00 7.770840622982593686e+02 4.267015793076173522e-10 -5.917357117258635668e+00 1.648839274882011175e+09
7.759952146789182237e-04 -1.982957579967584483e+00 7.938636218041834809e+02 4.130250539736714312e-10 -3.400486080504919073e+00 1.648839274882155418e+09
8.412139824165924644e-04 -1.930958502322186021e+00 4.949784617900151602e+02 2.392698083539570879e-14 -5.075234053923003863e+00 1.648839274883037090e+09
8.412139824165924644e-04 -1.930958502322186021e+00 4.949784617900151602e+02 2.392698083539570879e-14 -5.075234053923003863e+00 1.648839274883037090e+09
8.302138004260761154e-04 -1.937115790251579206e+00 5.386212771239577251e+02 5.755961194263166539e-13 -4.881334228987150858e+00 1.648839274886255980e+09
8.302138004260761154e-04 -1.937115790251579206e+00 5.386212771239577251e+02 5.755961194263166539e-13 -4.881334228987150858e+00 1.648839274886255980e+09
7.781218825725388141e-04 -1.979800905015949075e+00 7.600954654259819563e+02 4.872739314428416767e-10 -4.495582516778917181e+00 1.648839274887218237e+09
7.781218825725388141e-04 -1.979800905015949075e+00 7.600954654259819563e+02 4.872739314428416767e-10 -4.495582516778917181e+00 1.648839274887218237e+09
7.994686586641308428e-04 -1.970298444007405614e+00 6.176465883440215521e+02 4.147550750416903211e-09 -6.101324357246771690e+00 1.648839274888825417e+09
7.948864308715870722e-04 -1.967607998854432827e+00 6.381634957926131619e+02 2.916433778545618285e-09 -3.274885100602229038e+00 1.648839274888956547e+09
7.773271697828210147e-04 -1.982436219803181743e+00 7.503855869281173909e+02 1.894345914145083011e-14 -5.637229967197463942e+00 1.648839274889056444e+09
8.393369875608786565e-04 -1.935253505006421904e+00 4.884713717264193065e+02 9.598258514123410097e-12 -6.018053897263557772e+00 1.648839274890853405e+09
8.393369875608786565e-04 -1.935253505006421904e+00 4.884713717264193065e+02 9.598258514123410097e-12 -6.018053897263557772e+00 1.648839274890853405e+09
8.235013405042020118e-04 -1.948194889150944631e+00 5.237408380967337962e+02 5.041929256607187291e-11 -5.750664870053675770e+00 1.648839274891475677e+09
8.235013405042020118e-04 -1.948194889150944631e+00 5.237408380967337962e+02 5.041929256607187291e-11 -5.750664870053675770e+00 1.648839274891475677e+09
8.076528360999619006e-04 -1.953472215911203236e+00 6.319662278625279441e+02 8.917851087168568392e-13 -1.263894769448752342e-01 1.648839274894497156e+09
8.076528360999619006e-04 -1.953472215911203236e+00 6.319662278625279441e+02 8.917851087168568392e-13 -1.263894769448752342e-01 1.648839274894497156e+09
7.883674926677997812e-04 -1.975447272065731674e+00 7.139415600896539900e+02 1.345478953909087602e-08 -1.443246974005120364e+00 1.648839274895611048e+09
7.883674926677997812e-04 -1.975447272065731674e+00 7.139415600896539900e+02 1.345478953909087602e-08 -1.443246974005120364e+00 1.648839274895611048e+09
8.138312928175889640e-04 -1.948742609969694950e+00 5.863090393000144331e+02 1.965407110313843193e-14 -6.969288318075767208e+00 1.648839274896261215e+09
7.749559971864228682e-04 -1.983391996423104153e+00 7.897481324304424106e+02 8.893991184538038672e-10 -3.975614859788596078e+00 1.648839274904235125e+09
8.227255604853937277e-04 -1.942334326589396198e+00 5.528758233281272396e+02 6.230852292636963865e-11 -6.166103447570190355e-01 1.648839274904345036e+09
8.227255604853937277e-04 -1.942334326589396198e+00 5.528758233281272396e+02 6.230852292636963865e-11 -6.166103447570190355e-01 1.648839274904345036e+09
7.941793112226004257e-04 -1.972449167968167938e+00 6.376215360389816169e+02 1.326472335788412674e-08 -1.060306628682462282e+00 1.648839274904849291e+09
7.941793112226004257e-04 -1.972449167968167938e+00 6.376215360389816169e+02 1.326472335788412674e-08 -1.060306628682462282e+00 1.648839274904849291e+09
7.888332319649339836e-04 -1.976888781090715419e+00 6.840522669559533142e+02 4.508185555740478890e-15 -3.466878350057569058e+00 1.648839274907966614e+09
7.888332319649339836e-04 -1.976888781090715419e+00 6.840522669559533142e+02 4.508185555740478890e-15 -3.466878350057569058e+00 1.648839274907966614e+09
8.358644567988829724e-04 -1.939384344568256147e+00 4.987221639897261980e+02 2.637718478862466436e-11 -7.201182532824332405e+00 1.648839274909575701e+09
8.358644567988829724e-04 -1.939384344568256147e+00 4.987221639897261980e+02 2.637718478862466436e-11 -7.201182532824332405e+00 1.648839274909575701e+09
7.849184945758695253e-04 -1.973417188573787007e+00 7.520844538282231042e+02 6.838478668871579042e-09 -3.878175499148243333e+00 1.648839274910242558e+09
8.179125130271837352e-04 -1.954544822230499301e+00 5.583397610168904066e+02 9.992821375357978133e-11 -4.832361862014907139e+00 1.648839274910435677e+09
8.179125130271837352e-04 -1.954544822230499301e+00 5.583397610168904066e+02 9.992821375357978133e-11 -4.832361862014907139e+00 1.648839274910435677e+09
7.974622043073016295e-04 -1.967944356784295801e+00 6.190675633983200896e+02 5.059991469323555633e-10 -3.931401760332313700e+00 1.648839274910665035e+09
8.213469395928412820e-04 -1.951899352153821265e+00 5.432722469340405951e+02 2.349887321155893246e-12 -3.170942701824413845e+00 1.648839274911385775e+09
8.001759297995049425e-04 -1.962161159218922979e+00 6.730949293033439744e+02 4.960794664190704034e-13 -7.491568828349304709e+00 1.648839274911574841e+09
8.001759297995049425e-04 -1.962161159218922979e+00 6.730949293033439744e+02 4.960794664190704034e-13 -7.491568828349304709e+00 1.648839274911574841e+09
8.017500652479581319e-04 -1.964123159364930427e+00 6.005099003676535858e+02 1.210208411320709396e-10 -3.560213649874963693e+00 1.648839274913956642e+09
8.257926507056271822e-04 -1.940586180746357137e+00 5.580640602294624841e+02 2.933410327753019449e-13 -2.831573541600804766e+00 1.648839274914983749e+09
8.257926507056271822e-04 -1.940586180746357137e+00 5.580640602294624841e+02 2.933410327753019449e-13 -2.831573541600804766e+00 1.648839274914983749e+09
7.936173070446628491e-04 -1.965651676395449687e+00 6.672432954358434927e+02 1.082677796444808837e-11 -3.117513502819702076e+00 1.648839274915077209e+09
8.101831684395089956e-04 -1.952324149866688341e+00 5.916066280258637562e+02 3.723381827645070504e-08 -9.173437359670071345e-01 1.648839274917090178e+09
8.101831684395089956e-04 -1.952324149866688341e+00 5.916066280258637562e+02 3.723381827645070504e-08 -9.173437359670071345e-01 1.648839274917090178e+09
8.152106911623990381e-04 -1.950052761092021303e+00 6.037193342110741696e+02 2.267635912765326948e-11 -9.478606442021497713e-02 1.648839274918110132e+09
8.152106911623990381e-04 -1.950052761092021303e+00 6.037193342110741696e+02 2.267635912765326948e-11 -9.478606442021497713e-02 1.648839274918110132e+09
8.236055784791835406e-04 -1.942965875505485496e+00 5.392128509455499170e+02 8.057140090305079506e-13 -5.840271598883008508e+00 1.648839274919433832e+09
8.236055784791835406e-04 -1.942965875505485496e+00 5.392128509455499170e+02 8.057140090305079506e-13 -5.840271598883008508e+00 1.648839274919433832e+09
8.188208638198504448e-04 -1.950773250174957507e+00 5.386020651119691820e+02 4.899064906218402885e-14 -5.866141131386581442e+00 1.648839274919839621e+09
7.744235791802111645e-04 -1.984870742270085753e+00 7.788151778061657069e+02 1.659765834176665153e-06 -5.445468546930740672e-01 1.648839274920213223e+09
7.929806017664616262e-04 -1.968768787913892204e+00 6.502607793139259229e+02 4.826568284521510146e-13 -6.713224170913305144e+00 1.648839274921480179e+09
8.103595695846944847e-04 -1.964040517348559112e+00 5.794186060534586886e+02 5.616643862196355175e-09 -6.990175478768391848e+00 1.648839274922530174e+09
8.034011376946562696e-04 -1.961091269474632748e+00 5.984587243441702640e+02 6.629733357263511510e-14 -3.865761233429753752e+00 1.648839274923021078e+09
8.034011376946562696e-04 -1.961091269474632748e+00 5.984587243441702640e+02 6.629733357263511510e-14 -3.865761233429753752e+00 1.648839274923021078e+09
8.361067844806414516e-04 -1.937191011557947373e+00 5.142960974307089828e+02 3.677464606345361138e-13 -7.309867773115201750e+00 1.648839274924261808e+09
8.361067844806414516e-04 -1.937191011557947373e+00 5.142960974307089828e+02 3.677464606345361138e-13 -7.309867773115201750e+00 1.648839274924261808e+09
8.097104531674335351e-04 -1.953705758524061142e+00 6.282560966796489765e+02 1.777074584159321764e-11 -3.413439423858918076e+00 1.648839274925542116e+09
8.097104531674335351e-04 -1.953705758524061142e+00 6.282560966796489765e+02 1.777074584159321764e-11 -3.413439423858918076e+00 1.648839274925542116e+09
7.780795101081222891e-04 -1.980536510728686306e+00 7.853067579833760874e+02 3.738709737219577472e-14 -3.317472858195157137e+00 1.648839274925948143e+09
7.922364868313230661e-04 -1.970351456366513876e+00 7.072905886905231228e+02 5.162046833892079498e-10 -2.409953374742249466e+00 1.648839274927874565e+09
7.838274301533407510e-04 -1.980065253796328140e+00 7.201581881466411232e+02 6.144550653986626821e-15 -5.942148738668125318e+00 1.648839274928289175e+09
8.238598951660561090e-04 -1.944448790516641878e+00 5.663320276588206070e+02 4.197656497612475243e-13 -2.177068958029583001e+00 1.648839274928732872e+09
8.008178968694365735e-04 -1.967876565819644430e+00 6.099207630945548999e+02 6.107966730402728153e-12 -3.565916717301101713e+00 1.648839274931206703e+09
8.008178968694365735e-04 -1.967876565819644430e+00 6.099207630945548999e+02 6.107966730402728153e-12 -3.565916717301101713e+00 1.648839274931206703e+09
7.879501369001348267e-04 -1.970937888083888145e+00 7.320067882662054899e+02 3.408930720768069926e-07 -3.314792203491230715e+00 1.648839274932878971e+09
7.879501369001348267e-04 -1.970937888083888145e+00 7.320067882662054899e+02 3.408930720768069926e-07 -3.314792203491230715e+00 1.648839274932878971e+09
8.207377412782306241e-04 -1.949711243291586182e+00 5.324401876081907403e+02 1.447946674899079647e-11 -6.299551703822978688e+00 1.648839274933350563e+09
7.550350624958936975e-04 -2.000781189569543539e+00 9.337470782264026639e+02 7.533563988734031482e-09 -7.157961213448707838e+00 1.648839274935893059e+09
8.320088300219359145e-04 -1.936068181800925103e+00 5.241892630248009937e+02 4.340033291757325559e-13 -6.277579492587197052e+00 1.648839274936181784e+09
7.971167179123642707e-04 -1.970717650056954540e+00 6.433852528086102893e+02 1.971226658281560998e-12 -5.974001872149012904e+00 1.648839274936801910e+09
8.180196265360502707e-04 -1.950459979792110721e+00 5.854771492226224154e+02 9.023085540286296072e-14 -3.307343757927538874e+00 1.648839274940110683e+09
8.180196265360502707e-04 -1.950459979792110721e+00 5.854771492226224154e+02 9.023085540286296072e-14 -3.307343757927538874e+00 1.648839274940110683e+09
8.314539115002102807e-04 -1.936549463850868236e+00 5.340528489522886275e+02 6.114569157159765270e-14 -4.776195832778252992e+00 1.648839274940746784e+09
8.314539115002102807e-04 -1.936549463850868236e+00 5.340528489522886275e+02 6.114569157159765270e-14 -4.776195832778252992e+00 1.648839274940746784e+09
7.862677784244712564e-04 -1.971708492494443465e+00 7.148784059162944686e+02 2.446038381154285435e-15 -2.846114470196441815e+00 1.648839274940910101e+09
7.862677784244712564e-04 -1.971708492494443465e+00 7.148784059162944686e+02 2.446038381154285435e-15 -2.846114470196441815e+00 1.648839274940910101e+09
7.767092083068447483e-04 -1.984151202286107196e+00 7.611972755424503703e+02 1.600152278915246009e-15 -1.035369101993560470e+00 1.648839274942222118e+09
8.095551580817743386e-04 -1.961372602349021665e+00 5.822362833252103655e+02 2.052777055177561326e-14 -6.245784867369624571e+00 1.648839274942415476e+09
7.787908720233880852e-04 -1.979282942287069913e+00 7.804212620675383505e+02 1.044811041763325613e-11 -3.354652853514298982e+00 1.648839274942878723e+09
7.787908720233880852e-04 -1.979282942287069913e+00 7.804212620675383505e+02 1.044811041763325613e-11 -3.354652853514298982e+00 1.648839274942878723e+09
8.199416738253841909e-04 -1.952315197250002132e+00 5.363964795000033519e+02 8.641141347111249471e-12 -3.217647009127897917e+00 1.648839274944025040e+09
7.924857395767338384e-04 -1.965990724596752948e+00 7.048571353698092707e+02 6.066911498743669869e-12 -4.324907728215325875e+00 1.648839274945946693e+09
8.013630482767002692e-04 -1.958489500861197330e+00 6.595938201651118789e+02 1.732100452856054736e-15 -4.520804489541222715e+00 1.648839274946104050e+09
8.350353363757241805e-04 -1.935150118324698187e+00 5.235434516369073208e+02 2.464863742908366582e-07 -6.982926784191292313e-01 1.648839274946366549e+09
7.989852740052598825e-04 -1.961686593007317292e+00 6.813324048506239023e+02 1.568835703839737669e-09 -5.980273858646770080e+00 1.648839274946808338e+09
8.145272270920122983e-04 -1.956075361898664156e+00 5.830835019691767229e+02 4.843567300560342755e-12 -5.881715975446912381e+00 1.648839274947327614e+09
7.787765579469244602e-04 -1.979044851207683031e+00 7.780036978916340331e+02 1.109466243035250489e-13 -4.365891723578489092e+00 1.648839274948378325e+09
7.787765579469244602e-04 -1.979044851207683031e+00 7.780036978916340331e+02 1.109466243035250489e-13 -4.365891723578489092e+00 1.648839274948378325e+09
7.907028156286885099e-04 -1.969488285407221762e+00 7.213626330602601229e+02 4.947400997572373359e-14 -3.263780777925445520e+00 1.648839274950989485e+09
7.951996380303734489e-04 -1.963893544093259003e+00 6.933348954183643400e+02 5.550818823389527510e-12 -6.684521365869441567e+00 1.648839274951095343e+09
7.951996380303734489e-04 -1.963893544093259003e+00 6.933348954183643400e+02 5.550818823389527510e-12 -6.684521365869441567e+00 1.648839274951095343e+09
7.651759992403158080e-04 -1.989476653321383903e+00 8.376787599514404974e+02 1.614356471418864547e-09 -7.881960086201843296e+00 1.648839274951230049e+09
7.651759992403158080e-04 -1.989476653321383903e+00 8.376787599514404974e+02 1.614356471418864547e-09 -7.881960086201843296e+00 1.648839274951230049e+09
7.935314391171409670e-04 -1.973436293923953588e+00 6.489213872234927294e+02 3.234162386072666520e-10 -2.692027198150141132e+00 1.648839274952917099e+09
7.935314391171409670e-04 -1.973436293923953588e+00 6.489213872234927294e+02 3.234162386072666520e-10 -2.692027198150141132e+00 1.648839274952917099e+09
8.066910414961964582e-04 -1.962716376430138077e+00 6.102571248012117167e+02 5.776599598349309605e-14 -7.242513426845563096e+00 1.648839274953776360e+09
8.066910414961964582e-04 -1.962716376430138077e+00 6.102571248012117167e+02 5.776599598349309605e-14 -7.242513426845563096e+00 1.648839274953776360e+09
8.137605246589185931e-04 -1.948939469324911800e+00 6.047393791141089423e+02 3.494718788655677201e-11 -6.651575885667081245e+00 1.648839274954664230e+09
7.758000526547722446e-04 -1.982683866343887047e+00 7.807838607549151675e+02 2.919529654837478951e-14 -4.461398177490938366e-01 1.648839274954672098e+09
8.264736470096919032e-04 -1.940866900320362243e+00 5.562997081989208255e+02 6.237473871546395836e-08 -2.850248872809938661e+00 1.648839274956776142e+09
8.264736470096919032e-04 -1.940866900320362243e+00 5.562997081989208255e+02 6.237473871546395836e-08 -2.850248872809938661e+00 1.648839274956776142e+09
8.135363743418270793e-04 -1.956058026936290384e+00 5.928396481529290440e+02 2.120633791822239266e-13 -2.039950959224218430e+00 1.648839274958776474e+09
8.135363743418270793e-04 -1.956058026936290384e+00 5.928396481529290440e+02 2.120633791822239266e-13 -2.039950959224218430e+00 1.648839274958776474e+09
7.960289753885578480e-04 -1.969022722835721328e+00 6.353334556414469034e+02 1.462864045838838665e-06 -1.836899760773953894e+00 1.648839274958847284e+09
7.859669729818454052e-04 -1.972784938926626985e+00 7.454648298479072537e+02 1.701103422134920351e-13 -1.008616218246154439e+00 1.648839274960139513e+09
7.859669729818454052e-04 -1.972784938926626985e+00 7.454648298479072537e+02 1.701103422134920351e-13 -1.008616218246154439e+00 1.648839274960139513e+09
7.867767690154431120e-04 -1.971730088617508647e+00 7.401005901408938144e+02 1.679593554360768268e-10 -4.180518844477578710e+00 1.648839274961039782e+09
8.272770910023425576e-04 -1.939124167209115068e+00 5.404836106292136719e+02 1.263460548664987223e-10 -6.044617500694310586e+00 1.648839274962229729e+09
8.272770910023425576e-04 -1.939124167209115068e+00 5.404836106292136719e+02 1.263460548664987223e-10 -6.044617500694310586e+00 1.648839274962229729e+09
7.947485863888619070e-04 -1.969848444268120113e+00 6.848067338527802121e+02 1.551089597831384161e-11 -2.905566247308828842e+00 1.648839274962750435e+09
8.013583933082140754e-04 -1.965199209437513250e+00 6.488713292178128995e+02 9.918698555962910478e-12 -6.408747715143586987e+00 1.648839274963840246e+09
8.002276073227822684e-04 -1.966334793595180486e+00 6.067485093767077160e+02 2.196547825807089670e-15 -7.781419862511707919e+00 1.648839274963865042e+09
8.159086439099260931e-04 -1.947028569609475124e+00 5.856412130910247242e+02 1.279307838771459089e-11 -3.206719098503585386e+00 1.648839274964263201e+09
8.159086439099260931e-04 -1.947028569609475124e+00 5.856412130910247242e+02 1.279307838771459089e-11 -3.206719098503585386e+00 1.648839274964263201e+09
8.224249804536318958e-04 -1.943920918023316347e+00 5.429317099054583196e+02 3.971350759167759747e-10 -2.944443541518381835e+00 1.648839274965667248e+09
8.008470690901430423e-04 -1.966001124477749773e+00 6.710496168020947607e+02 1.567829625759728911e-08 -6.369506939961681269e+00 1.648839274967087269e+09
8.008470690901430423e-04 -1.966001124477749773e+00 6.710496168020947607e+02 1.567829625759728911e-08 -6.369506939961681269e+00 1.648839274967087269e+09
8.153468304743782813e-04 -1.953812007794159200e+00 5.903056097242664464e+02 3.374322626102886605e-15 -3.738444868830094414e+00 1.648839274968360186e+09
8.153468304743782813e-04 -1.953812007794159200e+00 5.903056097242664464e+02 3.374322626102886605e-15 -3.738444868830094414e+00 1.648839274968360186e+09
7.732522014955011541e-04 -1.987923340843100739e+00 7.975006354752404150e+02 2.596454083461535839e-08 -5.059456236020411168e+00 1.648839274969016075e+09
8.176760595863515144e-04 -1.946881522242811080e+00 5.626068771002591120e+02 1.105999091575571604e-14 -4.213407638693020374e+00 1.648839274969604492e+09
8.176760595863515144e-04 -1.946881522242811080e+00 5.626068771002591120e+02 1.105999091575571604e-14 -4.213407638693020374e+00 1.648839274969604492e+09
7.915783539223428516e-04 -1.972926314036118622e+00 6.961080044759339671e+02 2.088597497109755856e-10 -5.366706245114619023e+00 1.648839274969793081e+09
7.915783539223428516e-04 -1.972926314036118622e+00 6.961080044759339671e+02 2.088597497109755856e-10 -5.366706245114619023e+00 1.648839274969793081e+09
8.034855674854594985e-04 -1.961504524343978595e+00 5.969771989017837086e+02 4.648317644466439921e-14 -1.040134898893896320e+00 1.648839274969847679e+09
7.775320111185505742e-04 -1.982761857124390126e+00 7.507494661599347410e+02 3.886226822768739097e-15 -6.148044864482811178e+00 1.648839274970711708e+09
7.775320111185505742e-04 -1.982761857124390126e+00 7.507494661599347410e+02 3.886226822768739097e-15 -6.148044864482811178e+00 1.648839274970711708e+09
8.357395440870273333e-04 -1.939222463382261008e+00 5.011943515161044616e+02 6.192278223166985666e-12 -6.379360637294657188e+00 1.648839274972295046e+09
8.357395440870273333e-04 -1.939222463382261008e+00 5.011943515161044616e+02 6.192278223166985666e-12 -6.379360637294657188e+00 1.648839274972295046e+09
7.790229009700982065e-04 -1.978790553318639844e+00 7.618851432881762094e+02 3.181326219792209055e-11 -5.008066812359743381e+00 1.648839274972941875e+09
7.790229009700982065e-04 -1.978790553318639844e+00 7.618851432881762094e+02 3.181326219792209055e-11 -5.008066812359743381e+00 1.648839274972941875e+09
7.803249621940789617e-04 -1.980550669068965597e+00 7.643131161672725966e+02 2.713138795001383056e-10 -3.944540585793448351e+00 1.648839274973082066e+09
7.803249621940789617e-04 -1.980550669068965597e+00 7.643131161672725966e+02 2.713138795001383056e-10 -3.944540585793448351e+00 1.648839274973082066e+09
8.191749107302855526e-04 -1.945670191261223758e+00 5.849693478120226473e+02 7.308937473797384717e-13 -2.746335400887827127e+00 1.648839274975326061e+09
8.191749107302855526e-04 -1.945670191261223758e+00 5.849693478120226473e+02 7.308937473797384717e-13 -2.746335400887827127e+00 1.648839274975326061e+09
8.005240736810604338e-04 -1.959122278293850661e+00 6.440930583240684655e+02 4.508887008591742840e-10 -6.462321093790976079e+00 1.648839274975831985e+09
8.005240736810604338e-04 -1.959122278293850661e+00 6.440930583240684655e+02 4.508887008591742840e-10 -6.462321093790976079e+00 1.648839274975831985e+09
8.006195685965521386e-04 -1.964031480041011690e+00 6.626650140507175593e+02 7.490116865354345362e-15 -4.092382703940772970e+00 1.648839274975908041e+09
8.411123760989043865e-04 -1.931852464716907303e+00 4.957964999680124834e+02 4.399507009508896804e-11 -5.981960985818632004e+00 1.648839274976050615e+09
8.015489675529793769e-04 -1.967260234541599928e+00 6.075368043929278201e+02 6.042870824186018482e-12 -6.727261223684021907e+00 1.648839274976147175e+09
8.368739376076765255e-04 -1.935198479479911526e+00 4.973149526974096375e+02 1.953159805334243526e-15 -4.933953700040715873e+00 1.648839274977350473e+09
8.368739376076765255e-04 -1.935198479479911526e+00 4.973149526974096375e+02 1.953159805334243526e-15 -4.933953700040715873e+00 1.648839274977350473e+09
7.899035781784563949e-04 -1.969620659672319363e+00 6.801696610816438806e+02 4.763450159504581453e-13 -6.644542663818048922e+00 1.648839274977993965e+09
7.758595324520380261e-04 -1.983819077073476045e+00 7.800289035637845245e+02 1.226429653069515949e-13 -6.269907881867576194e+00 1.648839274979134560e+09
7.772080753302712530e-04 -1.980836164023244805e+00 7.777454953270432725e+02 2.168655008413607950e-14 -7.396315426128857951e+00 1.648839274979619980e+09
7.853123854002651196e-04 -1.976561652919524237e+00 7.389942216678532532e+02 6.287374576061640183e-12 -7.725280315018536292e+00 1.648839274979646444e+09
7.853123854002651196e-04 -1.976561652919524237e+00 7.389942216678532532e+02 6.287374576061640183e-12 -7.725280315018536292e+00 1.648839274979646444e+09
7.787849672122267898e-04 -1.982088474813899381e+00 7.366274741517993334e+02 2.524224114098024087e-09 -5.002613744356077419e+00 1.648839274980015516e+09
7.842332465170309208e-04 -1.974935956743077092e+00 7.543344595166353201e+02 1.195540200679085402e-11 -1.152936743424461952e-01 1.648839274980744362e+09
7.842332465170309208e-04 -1.974935956743077092e+00 7.543344595166353201e+02 1.195540200679085402e-11 -1.152936743424461952e-01 1.648839274980744362e+09
7.758744979230662413e-04 -1.982962441672028397e+00 7.844195482982507883e+02 9.217798457939944410e-13 -7.765520473872334684e+00 1.648839274981658697e+09
8.214421885122052220e-04 -1.946483720024416053e+00 5.372343421192059623e+02 1.096807964793770535e-13 -1.817665102723169390e+00 1.648839274982832670e+09
8.214421885122052220e-04 -1.946483720024416053e+00 5.372343421192059623e+02 1.096807964793770535e-13 -1.817665102723169390e+00 1.648839274982832670e+09
7.822026205983460042e-04 -1.975534717473923285e+00 7.411895277388684917e+02 7.352156641592777523e-08 -3.971416001519489924e-01 1.648839274982944250e+09
7.822026205983460042e-04 -1.975534717473923285e+00 7.411895277388684917e+02 7.352156641592777523e-08 -3.971416001519489924e-01 1.648839274982944250e+09
7.775206816715701796e-04 -1.982634028029893525e+00 7.484997405348140092e+02 3.062975550765563280e-07 -3.099443748682508826e-01 1.648839274984417439e+09
7.739509595201322142e-04 -1.983543126017982994e+00 7.656098887674769458e+02 8.127836336309869490e-10 -7.645838952897610064e+00 1.648839274984456062e+09
7.739509595201322142e-04 -1.983543126017982994e+00 7.656098887674769458e+02 8.127836336309869490e-10 -7.645838952897610064e+00 1.648839274984456062e+09
7.980420997133909735e-04 -1.961086628677358057e+00 6.693733565200689100e+02 1.318285132160678502e-08 -1.979190500369663042e-01 1.648839274989462137e+09
7.980420997133909735e-04 -1.961086628677358057e+00 6.693733565200689100e+02 1.318285132160678502e-08 -1.979190500369663042e-01 1.648839274989462137e+09
8.046196243941814482e-04 -1.956755029179580774e+00 6.024425202728966724e+02 2.575892196131706991e-09 -7.029624432335740636e+00 1.648839274990690708e+09
8.091650940259399565e-04 -1.961290097647899522e+00 5.927450947564685748e+02 2.064121037118532500e-11 -7.255261905275461665e+00 1.648839274992265940e+09
7.985559582551750258e-04 -1.960749501824671004e+00 6.700064549956572364e+02 1.562705857202260321e-11 -6.852156299279947405e+00 1.648839274994499445e+09
7.985559582551750258e-04 -1.960749501824671004e+00 6.700064549956572364e+02 1.562705857202260321e-11 -6.852156299279947405e+00 1.648839274994499445e+09
8.068326847944883159e-04 -1.962950885479429752e+00 6.023625096707291959e+02 6.059390038203121495e-07 -1.852138421559860859e+00 1.648839274994968414e+09
7.910577707911134026e-04 -1.968825862051741815e+00 6.723633953790184705e+02 4.786629548621221023e-14 -4.777602751521778046e+00 1.648839274995123863e+09
7.910577707911134026e-04 -1.968825862051741815e+00 6.723633953790184705e+02 4.786629548621221023e-14 -4.777602751521778046e+00 1.648839274995123863e+09
7.876003215926889560e-04 -1.971392919918784292e+00 6.962534971662804537e+02 5.844803586953023745e-10 -6.567109751325084233e-01 1.648839274995221138e+09
7.876003215926889560e-04 -1.971392919918784292e+00 6.962534971662804537e+02 5.844803586953023745e-10 -6.567109751325084233e-01 1.648839274995221138e+09
8.138021222452637964e-04 -1.956848568759830487e+00 5.556828861971149536e+02 3.129290470752580489e-14 -3.851449044602917482e+00 1.648839274997423649e+09
8.138021222452637964e-04 -1.956848568759830487e+00 5.556828861971149536e+02 3.129290470752580489e-14 -3.851449044602917482e+00 1.648839274997423649e+09
7.832488890967471322e-04 -1.978440192933645037e+00 7.471460601342433847e+02 6.366446654342159654e-14 -3.010728743367346638e+00 1.648839274998038292e+09
7.832488890967471322e-04 -1.978440192933645037e+00 7.471460601342433847e+02 6.366446654342159654e-14 -3.010728743367346638e+00 1.648839274998038292e+09
7.969857352353581104e-04 -1.968486353338581907e+00 6.224836660856989283e+02 3.806922927764455962e-15 -5.470514674739130889e+00 1.648839275000368834e+09
7.969857352353581104e-04 -1.968486353338581907e+00 6.224836660856989283e+02 3.806922927764455962e-15 -5.470514674739130889e+00 1.648839275000368834e+09
7.774815999780730884e-04 -1.980860099051289680e+00 7.810922720359825462e+02 3.022231094780901619e-14 -1.951793835847206893e+00 1.648839275001991034e+09
7.774815999780730884e-04 -1.980860099051289680e+00 7.810922720359825462e+02 3.022231094780901619e-14 -1.951793835847206893e+00 1.648839275001991034e+09
7.916179485690462208e-04 -1.971615663416743880e+00 7.092571249710962320e+02 2.461059200153105704e-06 -3.341244479836005254e-01 1.648839275003070831e+09
7.952520787765109036e-04 -1.974454176752220125e+00 6.238017244714557137e+02 1.693802649089607189e-09 -7.338946976310896098e+00 1.648839275003535986e+09
7.864387729572682676e-04 -1.978332648232646873e+00 6.918077704194088255e+02 6.117993601772219037e-12 -7.264055237961759559e+00 1.648839275005767822e+09
7.864387729572682676e-04 -1.978332648232646873e+00 6.918077704194088255e+02 6.117993601772219037e-12 -7.264055237961759559e+00 1.648839275005767822e+09
7.882271321023957139e-04 -1.971849274974022181e+00 6.837004670227649967e+02 1.077255901554855529e-11 -3.917459257457218236e+00 1.648839275006560326e+09
8.035940129412564963e-04 -1.968623581060613859e+00 6.009008424584325212e+02 5.915636382711663545e-09 -7.622523637588513701e+00 1.648839275007195234e+09
8.129264139048213893e-04 -1.950576501483975989e+00 6.119548223520081365e+02 2.509222714660977783e-07 -1.143463541180441467e+00 1.648839275007308960e+09
7.765652372701150165e-04 -1.982181330277250852e+00 7.823844468964426824e+02 7.890131706842232365e-15 -7.846096614324413743e+00 1.648839275007751942e+09
7.765652372701150165e-04 -1.982181330277250852e+00 7.823844468964426824e+02 7.890131706842232365e-15 -7.846096614324413743e+00 1.648839275007751942e+09
8.249133419652017419e-04 -1.940524344734436912e+00 5.480550380764994998e+02 6.368599444523451426e-08 -4.531191648987265452e+00 1.648839275008363485e+09
8.249133419652017419e-04 -1.940524344734436912e+00 5.480550380764994998e+02 6.368599444523451426e-08 -4.531191648987265452e+00 1.648839275008363485e+09
7.924275891988237985e-04 -1.969885922712241388e+00 6.513899430777375983e+02 2.080009807199512122e-09 -1.377548985376748192e+00 1.648839275010267019e+09
7.924275891988237985e-04 -1.969885922712241388e+00 6.513899430777375983e+02 2.080009807199512122e-09 -1.377548985376748192e+00 1.648839275010267019e+09
7.906544227776364769e-04 -1.973163341350505640e+00 6.351274787379766167e+02 6.069821706165519900e-09 -7.368773009562390008e+00 1.648839275010292768e+09
7.906544227776364769e-04 -1.973163341350505640e+00 6.351274787379766167e+02 6.069821706165519900e-09 -7.368773009562390008e+00 1.648839275010292768e+09
8.095098422268763800e-04 -1.961073653991562749e+00 5.762141101766114843e+02 1.154537170276989000e-14 -4.109278412911571365e+00 1.648839275012949944e+09
8.095098422268763800e-04 -1.961073653991562749e+00 5.762141101766114843e+02 1.154537170276989000e-14 -4.109278412911571365e+00 1.648839275012949944e+09
7.979993422418831363e-04 -1.969610630639143434e+00 6.217880993298666681e+02 4.107020069202421107e-11 -4.559050741948468932e+00 1.648839275013168573e+09
7.979993422418831363e-04 -1.969610630639143434e+00 6.217880993298666681e+02 4.107020069202421107e-11 -4.559050741948468932e+00 1.648839275013168573e+09
7.695516381141400243e-04 -1.986576153873996775e+00 8.689625657707480286e+02 5.044301448216823272e-08 -5.527494721330572069e+00 1.648839275014948130e+09
7.695516381141400243e-04 -1.986576153873996775e+00 8.689625657707480286e+02 5.044301448216823272e-08 -5.527494721330572069e+00 1.648839275014948130e+09
8.182961793276838196e-04 -1.953968661347147417e+00 5.449581484971646432e+02 5.471762378408226926e-13 -5.690969884667449463e+00 1.648839275014970303e+09
8.343198864032993177e-04 -1.938577895957738884e+00 5.194294123098579803e+02 1.209034201422273318e-11 -5.242315734501879376e+00 1.648839275015376568e+09
7.972348364025999209e-04 -1.968812398696682564e+00 6.214533765529412221e+02 2.700788338978483356e-13 -7.453617202922805163e+00 1.648839275018196821e+09
7.972348364025999209e-04 -1.968812398696682564e+00 6.214533765529412221e+02 2.700788338978483356e-13 -7.453617202922805163e+00 1.648839275018196821e+09
7.847383528083482851e-04 -1.979427961775276801e+00 7.063725155778922726e+02 3.963969865556146044e-12 -7.545295066301639153e+00 1.648839275019671679e+09
7.847383528083482851e-04 -1.979427961775276801e+00 7.063725155778922726e+02 3.963969865556146044e-12 -7.545295066301639153e+00 1.648839275019671679e+09
8.227417283112894129e-04 -1.942206793423318922e+00 5.609201759908187341e+02 5.347580533901070145e-10 -5.710242304660605228e+00 1.648839275020190001e+09
8.227417283112894129e-04 -1.942206793423318922e+00 5.609201759908187341e+02 5.347580533901070145e-10 -5.710242304660605228e+00 1.648839275020190001e+09
8.049168249873116764e-04 -1.964519977191093059e+00 6.099798043161604255e+02 5.768638247519498659e-08 -1.972552505487621843e+00 1.648839275022984028e+09
8.084548100350992268e-04 -1.955010158913542018e+00 5.896452771066843752e+02 6.764626602200556935e-15 -1.933845097671945901e+00 1.648839275025545597e+09
8.084548100350992268e-04 -1.955010158913542018e+00 5.896452771066843752e+02 6.764626602200556935e-15 -1.933845097671945901e+00 1.648839275025545597e+09
7.743865360332441135e-04 -1.987060706232863572e+00 7.678032993677919649e+02 1.312220584546133368e-07 -4.380579858120275283e+00 1.648839275025567055e+09
7.743865360332441135e-04 -1.987060706232863572e+00 7.678032993677919649e+02 1.312220584546133368e-07 -4.380579858120275283e+00 1.648839275025567055e+09
7.867230630783853115e-04 -1.972002741792841629e+00 7.044263005971514531e+02 8.347685103940920018e-14 -6.808618559179546281e+00 1.648839275026069164e+09
8.205362361430697986e-04 -1.947718546340533097e+00 5.768715141995238582e+02 2.933088517259381084e-11 -5.881634373053270082e+00 1.648839275026527405e+09
8.344722291604247423e-04 -1.934872836712580479e+00 5.198765121056801490e+02 9.948012984325293224e-14 -3.884578820033545377e+00 1.648839275027584076e+09
8.306093290800022370e-04 -1.938256315121728912e+00 5.390841250998926171e+02 1.137405369756224116e-10 -3.364220254103562624e-01 1.648839275028487921e+09
7.824153011869495761e-04 -1.975483475519415943e+00 7.409004103405819706e+02 5.443593066484595434e-13 -4.206092257888621511e+00 1.648839275028959036e+09
7.901966067850151997e-04 -1.975262401509427335e+00 6.625805155247755920e+02 4.779461706421288070e-13 -4.406015959796897974e+00 1.648839275030147552e+09
7.901966067850151997e-04 -1.975262401509427335e+00 6.625805155247755920e+02 4.779461706421288070e-13 -4.406015959796897974e+00 1.648839275030147552e+09
7.815140651371301449e-04 -1.980756001682071776e+00 7.440893967932404394e+02 7.204243090110114878e-12 -5.697609974400383415e+00 1.648839275032301664e+09
8.216996978473922394e-04 -1.943563465422310621e+00 5.722374236122353750e+02 8.997459159333863196e-15 -6.350373681584714269e+00 1.648839275033570528e+09
8.315158671785362375e-04 -1.940324951535149722e+00 5.068125136980374918e+02 6.642289816985151658e-13 -6.108723773384121536e+00 1.648839275034513712e+09
8.315158671785362375e-04 -1.940324951535149722e+00 5.068125136980374918e+02 6.642289816985151658e-13 -6.108723773384121536e+00 1.648839275034513712e+09
8.106156416987175903e-04 -1.960246620763560488e+00 5.738106716440275932e+02 9.956672899850055925e-14 -5.885076402429637810e+00 1.648839275034596682e+09
8.186903077133810989e-04 -1.947505674203803494e+00 5.511073442968237259e+02 5.964566863786339922e-14 -6.053083472957746736e+00 1.648839275035666466e+09
7.779407579440942829e-04 -1.980526047631033126e+00 7.649467143252829828e+02 2.681816732160196644e-14 -1.688461471850890128e+00 1.648839275040415525e+09
7.769345004656606248e-04 -1.983006171916783522e+00 7.671773113374509876e+02 7.558478379145276797e-08 -2.129432187606495219e+00 1.648839275040840864e+09
7.769345004656606248e-04 -1.983006171916783522e+00 7.671773113374509876e+02 7.558478379145276797e-08 -2.129432187606495219e+00 1.648839275040840864e+09
7.921855559630720670e-04 -1.966498391730969519e+00 6.849261162984457769e+02 7.992144604549718684e-13 -1.537159830519015280e+00 1.648839275041523695e+09
7.775840944500808953e-04 -1.983008359343298110e+00 7.674259854869629862e+02 4.721860530025175269e-11 -5.928254972517963850e+00 1.648839275042240620e+09
7.775840944500808953e-04 -1.983008359343298110e+00 7.674259854869629862e+02 4.721860530025175269e-11 -5.928254972517963850e+00 1.648839275042240620e+09
7.812359012507261993e-04 -1.981475490513596949e+00 7.290308356596879094e+02 2.402077050453780712e-14 -5.088467016434609747e+00 1.648839275044070005e+09
7.812359012507261993e-04 -1.981475490513596949e+00 7.290308356596879094e+02 2.402077050453780712e-14 -5.088467016434609747e+00 1.648839275044070005e+09
7.853900818914112550e-04 -1.973473164306027705e+00 7.054936370333390414e+02 1.537196979641194191e-10 -7.460164933878083104e+00 1.648839275044535398e+09
7.827213045189349190e-04 -1.977253253148301582e+00 7.579320985279284741e+02 1.959029924013340327e-15 -5.475444559763569252e+00 1.648839275044582605e+09
7.827213045189349190e-04 -1.977253253148301582e+00 7.579320985279284741e+02 1.959029924013340327e-15 -5.475444559763569252e+00 1.648839275044582605e+09
8.155303746521923736e-04 -1.957315425161280764e+00 5.433100168559429903e+02 1.061521736239045426e-08 -7.178964524044836537e+00 1.648839275046222925e+09
7.894581064200630180e-04 -1.968681953761280967e+00 7.116275079242449237e+02 2.048794922724733362e-13 -5.907631518159295325e+00 1.648839275046311140e+09
7.894581064200630180e-04 -1.968681953761280967e+00 7.116275079242449237e+02 2.048794922724733362e-13 -5.907631518159295325e+00 1.648839275046311140e+09
8.017849999356172104e-04 -1.960013146031857501e+00 6.198500488732370286e+02 1.164136852882086606e-12 -1.944276160991544877e+00 1.648839275046612024e+09
8.017849999356172104e-04 -1.960013146031857501e+00 6.198500488732370286e+02 1.164136852882086606e-12 -1.944276160991544877e+00 1.648839275046612024e+09
8.150165638310987847e-04 -1.945834337895205213e+00 6.042242487466633065e+02 4.787096687760602550e-09 -7.473844370841408846e+00 1.648839275048448324e+09
8.280866544063933453e-04 -1.945717667353353830e+00 5.189629094135550531e+02 2.339100909793677008e-07 -2.183439104911331974e+00 1.648839275048796654e+09
8.280866544063933453e-04 -1.945717667353353830e+00 5.189629094135550531e+02 2.339100909793677008e-07 -2.183439104911331974e+00 1.648839275048796654e+09
7.926582098876613003e-04 -1.971075263518367482e+00 6.967380976569625091e+02 5.993494186881649256e-14 -5.485883500483001995e+00 1.648839275049393177e+09
7.769424151614489227e-04 -1.981955566962162907e+00 7.769946824222486157e+02 3.530901035449776733e-12 -6.885015930885994173e+00 1.648839275049571991e+09
7.908007709570791331e-04 -1.968622236675531934e+00 7.116333353449912238e+02 6.570855005910450301e-07 -2.207825062396462812e+00 1.648839275050456285e+09
8.083776828997457468e-04 -1.962043203268246216e+00 5.881367050572804374e+02 7.504757115707207489e-10 -9.067614250158353428e-01 1.648839275052929878e+09
8.083776828997457468e-04 -1.962043203268246216e+00 5.881367050572804374e+02 7.504757115707207489e-10 -9.067614250158353428e-01 1.648839275052929878e+09
8.323125542148985655e-04 -1.942078479093917842e+00 5.117536070759468316e+02 8.518960187440045400e-14 -3.318793768203894601e+00 1.648839275055229664e+09
8.323125542148985655e-04 -1.942078479093917842e+00 5.117536070759468316e+02 8.518960187440045400e-14 -3.318793768203894601e+00 1.648839275055229664e+09
8.009734266389302018e-04 -1.967473745737288837e+00 6.297520423261444193e+02 6.070541378598136798e-11 -7.386329936358448478e+00 1.648839275055594444e+09
8.370854656026908416e-04 -1.937045363764692496e+00 5.047746088021962123e+02 3.378190741571118058e-14 -2.426883263688161207e+00 1.648839275055693865e+09
8.370854656026908416e-04 -1.937045363764692496e+00 5.047746088021962123e+02 3.378190741571118058e-14 -2.426883263688161207e+00 1.648839275055693865e+09
7.945700677015756592e-04 -1.967129286007789357e+00 6.979533840096883068e+02 4.549215135231544364e-15 -2.552598368785505834e+00 1.648839275055807590e+09
7.770650752632623798e-04 -1.982918490617806784e+00 7.712129554162255545e+02 1.115465809407390448e-13 -1.237048404787031153e+00 1.648839275056804657e+09
7.770650752632623798e-04 -1.982918490617806784e+00 7.712129554162255545e+02 1.115465809407390448e-13 -1.237048404787031153e+00 1.648839275056804657e+09
8.376525727090051478e-04 -1.933792658383301166e+00 5.129844649353832438e+02 1.365006355179034476e-10 -7.411741228557815475e+00 1.648839275056846857e+09
8.376525727090051478e-04 -1.933792658383301166e+00 5.129844649353832438e+02 1.365006355179034476e-10 -7.411741228557815475e+00 1.648839275056846857e+09
7.561708648180101924e-04 -1.998695771840617308e+00 9.572515860961215139e+02 1.004055950973220400e-08 -6.744870368897285751e+00 1.648839275057626247e+09
8.248357857727448310e-04 -1.948622741948389692e+00 5.282822241036878950e+02 1.515081885859118751e-12 -7.443030860795595949e+00 1.648839275058556080e+09
8.248357857727448310e-04 -1.948622741948389692e+00 5.282822241036878950e+02 1.515081885859118751e-12 -7.443030860795595949e+00 1.648839275058556080e+09
7.903128196325038407e-04 -1.975517175954604188e+00 6.708827200044573829e+02 1.126195403097444152e-13 -2.547944843311914731e+00 1.648839275060178041e+09
7.903128196325038407e-04 -1.975517175954604188e+00 6.708827200044573829e+02 1.126195403097444152e-13 -2.547944843311914731e+00 1.648839275060178041e+09
8.376975365401933367e-04 -1.933467909953422215e+00 5.079957090319379063e+02 4.154755217614623701e-14 -2.538324874591962654e+00 1.648839275061759710e+09
7.879518345995866575e-04 -1.975160989349738383e+00 7.177030062841884046e+02 1.521812450830784943e-12 -6.904255463646371993e+00 1.648839275062322617e+09
7.879518345995866575e-04 -1.975160989349738383e+00 7.177030062841884046e+02 1.521812450830784943e-12 -6.904255463646371993e+00 1.648839275062322617e+09
7.984022274494689039e-04 -1.962646862116128599e+00 6.365971152478696240e+02 1.106831645359439719e-15 -2.918609660501648939e+00 1.648839275063071251e+09
7.984022274494689039e-04 -1.962646862116128599e+00 6.365971152478696240e+02 1.106831645359439719e-15 -2.918609660501648939e+00 1.648839275063071251e+09
8.107731101481534947e-04 -1.956592226507688270e+00 5.676589946472450947e+02 1.334816847457363527e-14 -3.889736313595885342e+00 1.648839275064216137e+09
8.182070513379624674e-04 -1.945561983265870598e+00 5.766370976417732663e+02 7.982710792892702131e-11 -6.245520110746882736e+00 1.648839275064761877e+09
7.883357461944594463e-04 -1.971625440812213359e+00 6.853738565671749257e+02 1.035118255848094846e-13 -9.035764542701336666e-01 1.648839275065833807e+09
8.423341702969081154e-04 -1.929031427102031682e+00 5.086696977009195848e+02 4.662376658026885339e-09 -6.755356485989725712e+00 1.648839275066657305e+09
7.896477835877897984e-04 -1.969770188612965711e+00 6.878901259064131182e+02 4.778067019684435386e-07 -1.747549820922386310e+00 1.648839275067998171e+09
8.215006150588817198e-04 -1.948047369342957191e+00 5.689042877419857405e+02 1.631376319643099099e-13 -3.320153591315817110e+00 1.648839275068228960e+09
8.187923321770637858e-04 -1.949019243962365477e+00 5.835611884090476451e+02 1.101638086792135592e-13 -6.328552408095395876e+00 1.648839275068582773e+09
7.876168762919463296e-04 -1.972921663849551699e+00 7.332303363423642395e+02 1.663596433292575716e-13 -2.633716616002494071e+00 1.648839275068974257e+09
8.276313193775787502e-04 -1.944892532934110685e+00 5.389986943365711340e+02 5.210336386115484201e-11 -7.741429800824209728e+00 1.648839275070152998e+09
7.859430748741418190e-04 -1.972284245925802981e+00 7.180507035707305477e+02 8.109403534483938421e-09 -3.122435617903968286e+00 1.648839275070873737e+09
7.859430748741418190e-04 -1.972284245925802981e+00 7.180507035707305477e+02 8.109403534483938421e-09 -3.122435617903968286e+00 1.648839275070873737e+09
7.943142055535729268e-04 -1.970414732431919003e+00 6.369673441630342268e+02 6.671552819481168345e-08 -4.212295144971207606e-01 1.648839275071338415e+09
7.943142055535729268e-04 -1.970414732431919003e+00 6.369673441630342268e+02 6.671552819481168345e-08 -4.212295144971207606e-01 1.648839275071338415e+09
8.397943156347998078e-04 -1.933568305412606492e+00 4.951456993162576055e+02 1.467921766247972851e-13 -8.141913313405888530e-01 1.648839275075033665e+09
8.204804848237971619e-04 -1.950978302665662412e+00 5.348913986779059542e+02 1.692253035594806513e-11 -1.903427460918581282e+00 1.648839275075339794e+09
7.964841260059060939e-04 -1.971016896830967813e+00 6.367674102247518704e+02 2.275631418516473864e-14 -3.648240350792616660e+00 1.648839275075918436e+09
7.912905290810789104e-04 -1.974269253700472238e+00 6.817279188202951445e+02 3.080573985266621933e-09 -3.305047117816278579e+00 1.648839275076176405e+09
7.912905290810789104e-04 -1.974269253700472238e+00 6.817279188202951445e+02 3.080573985266621933e-09 -3.305047117816278579e+00 1.648839275076176405e+09
8.286038411422891976e-04 -1.945327355816921955e+00 5.183121187124379503e+02 1.079030061529881037e-14 -5.632424175446555381e+00 1.648839275076302052e+09
8.286038411422891976e-04 -1.945327355816921955e+00 5.183121187124379503e+02 1.079030061529881037e-14 -5.632424175446555381e+00 1.648839275076302052e+09
7.890064859327832435e-04 -1.969193576387315181e+00 7.096617842925637660e+02 8.107404555755579256e-11 -3.696445827627347747e+00 1.648839275076486826e+09
7.890064859327832435e-04 -1.969193576387315181e+00 7.096617842925637660e+02 8.107404555755579256e-11 -3.696445827627347747e+00 1.648839275076486826e+09
8.157825569481794463e-04 -1.954680675686657487e+00 5.493172907250303751e+02 1.654798075984570532e-14 -1.430320993666652996e+00 1.648839275076762915e+09
8.061482623913065115e-04 -1.954707704261462453e+00 6.266701084718719130e+02 5.056354667821423130e-10 -2.868794664434792807e-01 1.648839275077120304e+09
8.008713230821524857e-04 -1.967704779633900225e+00 6.227216612729823737e+02 3.579598272101847014e-14 -6.369958549837146933e+00 1.648839275079894304e+09
8.086197696707108501e-04 -1.961012184525189772e+00 5.759707980009205812e+02 3.921247267347068735e-08 -9.883873387062545035e-01 1.648839275080020666e+09
7.830375533551421890e-04 -1.979983767191715538e+00 7.285210230800697673e+02 8.763236981085664195e-14 -4.333571774377897867e-02 1.648839275080477715e+09
7.830375533551421890e-04 -1.979983767191715538e+00 7.285210230800697673e+02 8.763236981085664195e-14 -4.333571774377897867e-02 1.648839275080477715e+09
8.218051938518848446e-04 -1.948595955547015590e+00 5.296489513829162661e+02 1.424218962833787332e-10 -7.499988100937303948e+00 1.648839275080576420e+09
8.052268023402012545e-04 -1.959469723757088389e+00 5.934777746857763532e+02 1.293939771028283898e-14 -7.667416000738653814e+00 1.648839275081942320e+09
8.052268023402012545e-04 -1.959469723757088389e+00 5.934777746857763532e+02 1.293939771028283898e-14 -7.667416000738653814e+00 1.648839275081942320e+09
7.791513936695483025e-04 -1.982350571768544345e+00 7.482989392897892458e+02 1.790970822379077169e-14 -5.102982076496376251e+00 1.648839275082024097e+09
8.109768063556972023e-04 -1.952879934762450587e+00 5.818230135203909867e+02 1.531866262655465504e-13 -3.955772761733311604e+00 1.648839275082943678e+09
7.798418734024474552e-04 -1.981334282998651553e+00 7.324939597077141116e+02 1.538471573518498144e-11 -7.872055793636953958e+00 1.648839275087748528e+09
7.798418734024474552e-04 -1.981334282998651553e+00 7.324939597077141116e+02 1.538471573518498144e-11 -7.872055793636953958e+00 1.648839275087748528e+09
8.199489407357802130e-04 -1.944680591787136148e+00 5.627996839591045273e+02 2.166411364639579732e-13 -4.585151012007360194e+00 1.648839275087864399e+09
7.863386370924377571e-04 -1.976319004910594757e+00 6.840994427261510964e+02 1.100318034932021957e-13 -8.968571122215474034e-01 1.648839275088171005e+09
8.064858785218986890e-04 -1.963441254563390359e+00 5.937244585299218897e+02 2.043201053253508851e-15 -3.091460368510830392e+00 1.648839275088211060e+09
8.064858785218986890e-04 -1.963441254563390359e+00 5.937244585299218897e+02 2.043201053253508851e-15 -3.091460368510830392e+00 1.648839275088211060e+09
8.022994351569130234e-04 -1.961513881459180819e+00 6.576171865157970160e+02 2.229940071452890692e-11 -2.997424411907712916e+00 1.648839275088366985e+09
8.022994351569130234e-04 -1.961513881459180819e+00 6.576171865157970160e+02 2.229940071452890692e-11 -2.997424411907712916e+00 1.648839275088366985e+09
8.326099255276760884e-04 -1.937271933701985915e+00 5.380344160206443576e+02 1.588334119341221474e-08 -5.553033852811818605e+00 1.648839275088689566e+09
8.326099255276760884e-04 -1.937271933701985915e+00 5.380344160206443576e+02 1.588334119341221474e-08 -5.553033852811818605e+00 1.648839275088689566e+09
8.073803496191327015e-04 -1.956259102145743611e+00 5.914069699882604709e+02 2.842811128208963616e-10 -6.579343738699137134e+00 1.648839275089726925e+09
8.073803496191327015e-04 -1.956259102145743611e+00 5.914069699882604709e+02 2.842811128208963616e-10 -6.579343738699137134e+00 1.648839275089726925e+09
8.335720705116156240e-04 -1.940747767461258100e+00 5.095585602792658051e+02 6.433646866254550095e-10 -3.197245415176809047e+00 1.648839275089768887e+09
7.820489130352800081e-04 -1.980811623934585874e+00 7.237395821922905270e+02 1.668135655188334197e-11 -7.143004363352041253e-01 1.648839275090036154e+09
7.820489130352800081e-04 -1.980811623934585874e+00 7.237395821922905270e+02 1.668135655188334197e-11 -7.143004363352041253e-01 1.648839275090036154e+09
7.826284995104974742e-04 -1.979446929093812368e+00 7.105652337953446249e+02 9.868173186581452918e-15 -4.309215127928882616e+00 1.648839275090260267e+09
7.826284995104974742e-04 -1.979446929093812368e+00 7.105652337953446249e+02 9.868173186581452918e-15 -4.309215127928882616e+00 1.648839275090260267e+09
8.201529054121944277e-04 -1.951613710934156476e+00 5.591366579048867607e+02 1.017227243786351136e-09 -2.037751447500956381e+00 1.648839275090846777e+09
7.830326872715504547e-04 -1.976487748681956980e+00 7.561676470508546117e+02 1.181386246506033819e-15 -4.501666789626836973e+00 1.648839275091179848e+09
8.051131667713637419e-04 -1.955761955714695244e+00 6.396384921344565555e+02 4.380540403797637064e-11 -2.504998237113336579e+00 1.648839275092007875e+09
8.051131667713637419e-04 -1.955761955714695244e+00 6.396384921344565555e+02 4.380540403797637064e-11 -2.504998237113336579e+00 1.648839275092007875e+09
7.851966433782127342e-04 -1.974236624470728785e+00 7.461842605609580232e+02 6.611601891228778032e-11 -5.975138557182634536e+00 1.648839275092632294e+09
8.353024932894047728e-04 -1.934703214164732898e+00 5.157608825522274856e+02 2.904287709657731108e-13 -1.751991969728969423e+00 1.648839275093363762e+09
8.353024932894047728e-04 -1.934703214164732898e+00 5.157608825522274856e+02 2.904287709657731108e-13 -1.751991969728969423e+00 1.648839275093363762e+09
8.048836339656496690e-04 -1.964618351325882362e+00 5.979108264985683263e+02 1.709055350479997665e-09 -1.193473293509010880e+00 1.648839275094495773e+09
8.048836339656496690e-04 -1.964618351325882362e+00 5.979108264985683263e+02 1.709055350479997665e-09 -1.193473293509010880e+00 1.648839275094495773e+09
7.825320249004787685e-04 -1.979682449941324140e+00 7.405372615990511349e+02 1.403595720953802163e-12 -4.935160082059638853e+00 1.648839275094925642e+09
7.865801926132307519e-04 -1.969351068233697433e+00 7.430469121367068510e+02 1.656137397627142281e-08 -5.996730487885695737e+00 1.648839275096097469e+09
7.808209549801438951e-04 -1.977291015681509112e+00 7.571064418143508874e+02 9.558678348191292119e-12 -4.362977434889956818e+00 1.648839275097961426e+09
7.808209549801438951e-04 -1.977291015681509112e+00 7.571064418143508874e+02 9.558678348191292119e-12 -4.362977434889956818e+00 1.648839275097961426e+09
8.040381039099386796e-04 -1.967926787013417833e+00 5.795471147420649913e+02 6.669279115901767734e-09 -6.790980306641601238e+00 1.648839275099163532e+09
8.040381039099386796e-04 -1.967926787013417833e+00 5.795471147420649913e+02 6.669279115901767734e-09 -6.790980306641601238e+00 1.648839275099163532e+09
8.162760489816757057e-04 -1.954188151108834592e+00 5.479645853185937767e+02 1.111956422567502537e-11 -1.212228615491331318e+00 1.648839275099862814e+09
8.162760489816757057e-04 -1.954188151108834592e+00 5.479645853185937767e+02 1.111956422567502537e-11 -1.212228615491331318e+00 1.648839275099862814e+09
7.984189045269122044e-04 -1.968606250353049480e+00 6.118386368577888561e+02 1.624796733477912448e-10 -7.949107175833266759e+00 1.648839275099885464e+09
7.786376138493176146e-04 -1.981097409838628698e+00 7.496405588077871016e+02 3.860873117553359135e-15 -4.559725669293284156e-01 1.648839275101485014e+09
7.786376138493176146e-04 -1.981097409838628698e+00 7.496405588077871016e+02 3.860873117553359135e-15 -4.559725669293284156e-01 1.648839275101485014e+09
8.040722554283315573e-04 -1.964097272862859844e+00 6.255782880979257925e+02 2.099419669909402642e-15 -6.221055664138727792e+00 1.648839275102128029e+09
7.996396332429504730e-04 -1.967674192802333355e+00 6.128341028096942864e+02 3.156100069503924165e-15 -1.334453827459299191e+00 1.648839275102696419e+09
7.996396332429504730e-04 -1.967674192802333355e+00 6.128341028096942864e+02 3.156100069503924165e-15 -1.334453827459299191e+00 1.648839275102696419e+09
7.870166069323687036e-04 -1.977696085975942264e+00 6.907129008503767409e+02 1.699628053654826233e-11 -7.345191214419434012e+00 1.648839275103882074e+09
7.897121517166091420e-04 -1.971255207224219097e+00 7.214663671472757187e+02 5.989738799141133115e-11 -5.382406603745529594e+00 1.648839275105957270e+09
7.897121517166091420e-04 -1.971255207224219097e+00 7.214663671472757187e+02 5.989738799141133115e-11 -5.382406603745529594e+00 1.648839275105957270e+09
7.823115511035161731e-04 -1.975909787865624878e+00 7.545807292685389029e+02 2.460739984540505884e-09 -1.605021323772540143e+00 1.648839275106240749e+09
7.823115511035161731e-04 -1.975909787865624878e+00 7.545807292685389029e+02 2.460739984540505884e-09 -1.605021323772540143e+00 1.648839275106240749e+09
8.180391279678912806e-04 -1.945443520299035889e+00 5.689268645463894245e+02 1.206837678665305562e-09 -6.836375231848561995e+00 1.648839275106296778e+09
8.006256389738636335e-04 -1.962210393404955511e+00 6.670410027382980616e+02 6.323920293629792355e-15 -6.657426091178910710e+00 1.648839275106412172e+09
8.006256389738636335e-04 -1.962210393404955511e+00 6.670410027382980616e+02 6.323920293629792355e-15 -6.657426091178910710e+00 1.648839275106412172e+09
8.254157946848492003e-04 -1.941157850043342181e+00 5.564431909916569339e+02 1.211499982781748286e-13 -5.731338989455633026e+00 1.648839275106609583e+09
8.254157946848492003e-04 -1.941157850043342181e+00 5.564431909916569339e+02 1.211499982781748286e-13 -5.731338989455633026e+00 1.648839275106609583e+09
8.124427085958432684e-04 -1.950057177819312759e+00 5.945543462536405741e+02 1.591698169575719118e-11 -5.754754142079065993e+00 1.648839275107253075e+09
7.805527943198206425e-04 -1.979756762065385312e+00 7.306617880522042014e+02 3.870221873888283710e-14 -5.307081215490060622e+00 1.648839275107271433e+09
8.189937671260813642e-04 -1.952548438636188655e+00 5.631341668833656513e+02 3.115554263483954886e-09 -3.648083214484013403e+00 1.648839275108617067e+09
7.826224477826346096e-04 -1.976494599297013099e+00 7.250846015395736686e+02 4.147058151268828461e-12 -4.234516152649421272e-01 1.648839275110762596e+09
7.730752466339399628e-04 -1.986416876135017606e+00 7.866796424705764821e+02 7.928634739554843913e-08 -4.468784710407408767e+00 1.648839275113317728e+09
7.730752466339399628e-04 -1.986416876135017606e+00 7.866796424705764821e+02 7.928634739554843913e-08 -4.468784710407408767e+00 1.648839275113317728e+09
8.141207809590379893e-04 -1.948690386125517371e+00 5.937964115802831202e+02 2.009069595532698758e-10 -4.007664061333127137e+00 1.648839275115908384e+09
8.141207809590379893e-04 -1.948690386125517371e+00 5.937964115802831202e+02 2.009069595532698758e-10 -4.007664061333127137e+00 1.648839275115908384e+09
7.832806502463270744e-04 -1.976319104992862563e+00 7.167979866157849074e+02 2.931978983282518615e-15 -1.099628838705140055e-01 1.648839275115978479e+09
7.832806502463270744e-04 -1.976319104992862563e+00 7.167979866157849074e+02 2.931978983282518615e-15 -1.099628838705140055e-01 1.648839275115978479e+09
8.317878885009029073e-04 -1.938690048882425021e+00 5.112183683440262598e+02 1.794353413075172803e-11 -3.938970136104359199e+00 1.648839275117386341e+09
8.212784426502335719e-04 -1.947477218375860630e+00 5.363406347113434549e+02 1.613107823587966406e-14 -5.978807592205216181e+00 1.648839275118228912e+09
8.212784426502335719e-04 -1.947477218375860630e+00 5.363406347113434549e+02 1.613107823587966406e-14 -5.978807592205216181e+00 1.648839275118228912e+09
8.278854671178254238e-04 -1.941780565224122235e+00 5.473711293449948698e+02 5.943163643397906387e-11 -3.443373674984036015e+00 1.648839275118289471e+09
8.278854671178254238e-04 -1.941780565224122235e+00 5.473711293449948698e+02 5.943163643397906387e-11 -3.443373674984036015e+00 1.648839275118289471e+09
7.790700897234784095e-04 -1.980428921452910718e+00 7.482541704360093036e+02 2.660387384415310796e-14 -5.936631422381131173e-01 1.648839275118858576e+09
7.790700897234784095e-04 -1.980428921452910718e+00 7.482541704360093036e+02 2.660387384415310796e-14 -5.936631422381131173e-01 1.648839275118858576e+09
7.957743416492928015e-04 -1.964494557083884096e+00 6.910869771327195394e+02 1.389044013209291502e-11 -4.358572202839159360e+00 1.648839275119037628e+09
7.956106739191922414e-04 -1.967686760956760095e+00 6.348172196877474107e+02 1.790933313905936511e-09 -4.847488827270382217e+00 1.648839275119374752e+09
7.880960925458601468e-04 -1.972980017643524153e+00 7.298947592644208271e+02 1.025436756400480053e-10 -7.220136016015453961e+00 1.648839275119549513e+09
7.880960925458601468e-04 -1.972980017643524153e+00 7.298947592644208271e+02 1.025436756400480053e-10 -7.220136016015453961e+00 1.648839275119549513e+09
7.803187423157019681e-04 -1.981566512882784181e+00 7.364985724274172298e+02 3.450267560037086855e-09 -9.273041814936533456e-01 1.648839275119584799e+09
7.803187423157019681e-04 -1.981566512882784181e+00 7.364985724274172298e+02 3.450267560037086855e-09 -9.273041814936533456e-01 1.648839275119584799e+09
8.354548357123992540e-04 -1.937782554285089276e+00 5.126721756110371189e+02 8.449787216030616563e-08 -1.525875193008456421e+00 1.648839275120182037e+09
8.354548357123992540e-04 -1.937782554285089276e+00 5.126721756110371189e+02 8.449787216030616563e-08 -1.525875193008456421e+00 1.648839275120182037e+09
8.076696729522905805e-04 -1.957768295255815971e+00 6.305562732646735640e+02 5.373376777880249206e-14 -2.522831005970385121e+00 1.648839275121733904e+09
8.117048930370875364e-04 -1.952644449103607460e+00 5.775482614612184307e+02 4.024721580789112617e-13 -4.469511105923672289e+00 1.648839275121787786e+09
8.064098140139642091e-04 -1.963320318332475889e+00 6.002431677622507777e+02 1.836713625976118407e-08 -1.578997889832347568e+00 1.648839275123765945e+09
7.905284719731284172e-04 -1.972487437286278178e+00 7.078960804398066102e+02 2.446671716724348644e-10 -9.947208985006987803e-01 1.648839275124528408e+09
7.905284719731284172e-04 -1.972487437286278178e+00 7.078960804398066102e+02 2.446671716724348644e-10 -9.947208985006987803e-01 1.648839275124528408e+09
7.788731460968016706e-04 -1.981446570778286898e+00 7.643879135653733101e+02 1.198890427165444336e-12 -9.515830265814297917e-01 1.648839275126698256e+09
8.033289988298566780e-04 -1.965698834151252461e+00 6.047960722256419785e+02 1.081100768261555217e-07 -1.997096302286744063e+00 1.648839275126973391e+09
8.033289988298566780e-04 -1.965698834151252461e+00 6.047960722256419785e+02 1.081100768261555217e-07 -1.997096302286744063e+00 1.648839275126973391e+09
7.781233328618381668e-04 -1.981997900493674525e+00 7.568421973340942941e+02 1.726754575376514074e-09 -3.724862556583909523e+00 1.648839275127020597e+09
8.119554725615065827e-04 -1.958511224618694202e+00 5.857274213125002689e+02 1.579106424985030170e-15 -7.435299255949167296e+00 1.648839275127228260e+09
8.119554725615065827e-04 -1.958511224618694202e+00 5.857274213125002689e+02 1.579106424985030170e-15 -7.435299255949167296e+00 1.648839275127228260e+09
8.011680645884490613e-04 -1.964987596927775471e+00 6.496925634064928090e+02 4.828942834448156509e-15 -2.703278622828324984e+00 1.648839275127284288e+09
7.779896032598716165e-04 -1.983737663207621127e+00 7.698684580000298183e+02 2.182146266134520898e-07 -4.400772843603400375e+00 1.648839275127760410e+09
7.877033630227194732e-04 -1.977020656657504372e+00 6.948437670634206142e+02 1.904162397525153487e-11 -7.029157851215943609e+00 1.648839275129059076e+09
8.379020956777737160e-04 -1.936328023654844355e+00 4.949392937918399866e+02 3.391202158356935725e-09 -5.137362273291036452e+00 1.648839275130784988e+09
8.379020956777737160e-04 -1.936328023654844355e+00 4.949392937918399866e+02 3.391202158356935725e-09 -5.137362273291036452e+00 1.648839275130784988e+09
7.788082231245416036e-04 -1.979989097628181760e+00 7.607726548353152793e+02 1.170005976992909810e-12 -7.658504355811534658e+00 1.648839275131925106e+09
7.788082231245416036e-04 -1.979989097628181760e+00 7.607726548353152793e+02 1.170005976992909810e-12 -7.658504355811534658e+00 1.648839275131925106e+09
8.064152990222339451e-04 -1.963277539891022272e+00 5.877710973072892102e+02 2.438875681259686753e-11 -7.983840272604773247e+00 1.648839275132651329e+09
8.064152990222339451e-04 -1.963277539891022272e+00 5.877710973072892102e+02 2.438875681259686753e-11 -7.983840272604773247e+00 1.648839275132651329e+09
7.914732563297777190e-04 -1.967247607859503589e+00 7.062011456666552931e+02 2.265930751906995504e-10 -5.742756911707769696e+00 1.648839275132670403e+09
7.914732563297777190e-04 -1.967247607859503589e+00 7.062011456666552931e+02 2.265930751906995504e-10 -5.742756911707769696e+00 1.648839275132670403e+09
7.827817294454181025e-04 -1.975370960611356086e+00 7.459146019841630277e+02 1.773801126311864445e-13 -3.631713376474294819e+00 1.648839275134127378e+09
7.795738660558075659e-04 -1.981812501312197439e+00 7.447366884931623190e+02 7.151526745303538350e-13 -4.022839388900074198e+00 1.648839275135633469e+09
7.795738660558075659e-04 -1.981812501312197439e+00 7.447366884931623190e+02 7.151526745303538350e-13 -4.022839388900074198e+00 1.648839275135633469e+09
7.954166551135855197e-04 -1.967846139864633637e+00 6.871209603610817567e+02 1.599132807762879554e-07 -2.569353121693381148e+00 1.648839275136737585e+09
7.996786389775019420e-04 -1.962884624097660513e+00 6.713409940599096899e+02 1.237729498705332837e-08 -9.165697820595708478e-01 1.648839275136834860e+09
7.865964310969079292e-04 -1.974079802381036419e+00 6.908987609303321733e+02 5.210022718282530244e-14 -2.224823446016629624e+00 1.648839275138880730e+09
7.846888041551074860e-04 -1.974295143387157836e+00 7.463030329345672271e+02 5.394571364117692034e-09 -7.895691641526267901e-01 1.648839275139381647e+09
7.846888041551074860e-04 -1.974295143387157836e+00 7.463030329345672271e+02 5.394571364117692034e-09 -7.895691641526267901e-01 1.648839275139381647e+09
8.073958821851642516e-04 -1.961471265556419485e+00 5.802875613458620592e+02 7.586695088211788253e-10 -2.849208790244838418e+00 1.648839275140418768e+09
8.053208831458104908e-04 -1.961969608328788084e+00 6.292530736886627665e+02 3.022721936665542476e-11 -7.246726353432121570e+00 1.648839275142380476e+09
7.894908254863088710e-04 -1.969456462758879534e+00 7.204679065939960765e+02 6.538455117792172712e-12 -7.667628354314112826e+00 1.648839275142433167e+09
7.894908254863088710e-04 -1.969456462758879534e+00 7.204679065939960765e+02 6.538455117792172712e-12 -7.667628354314112826e+00 1.648839275142433167e+09
8.276793346910411592e-04 -1.942359431814780546e+00 5.468862265041674391e+02 1.899043664348111697e-15 -3.495816077071697947e+00 1.648839275143089771e+09
8.276793346910411592e-04 -1.942359431814780546e+00 5.468862265041674391e+02 1.899043664348111697e-15 -3.495816077071697947e+00 1.648839275143089771e+09
8.209908759560944009e-04 -1.948377908487862520e+00 5.319081637726524150e+02 4.718512293479933927e-08 -4.887248461748135320e+00 1.648839275143215179e+09
7.892247456910505112e-04 -1.970941858922546919e+00 6.814140202394174821e+02 1.869114688838565356e-08 -3.103337800184728046e+00 1.648839275143919706e+09
7.892247456910505112e-04 -1.970941858922546919e+00 6.814140202394174821e+02 1.869114688838565356e-08 -3.103337800184728046e+00 1.648839275143919706e+09
8.013770347496286658e-04 -1.961820346352476374e+00 6.623169370050675298e+02 1.298087273581867116e-12 -5.789892033826589568e+00 1.648839275145242453e+09
8.013770347496286658e-04 -1.961820346352476374e+00 6.623169370050675298e+02 1.298087273581867116e-12 -5.789892033826589568e+00 1.648839275145242453e+09
7.810380564737165032e-04 -1.977268611747311056e+00 7.515822400265320766e+02 3.907080353849381578e-09 -4.001511017455190000e+00 1.648839275145435810e+09
7.810380564737165032e-04 -1.977268611747311056e+00 7.515822400265320766e+02 3.907080353849381578e-09 -4.001511017455190000e+00 1.648839275145435810e+09
8.234174871273946357e-04 -1.942155376142971512e+00 5.578104718594439646e+02 1.996639451922138303e-14 -7.055526651475672040e-01 1.648839275145914555e+09
8.314033378979975410e-04 -1.938202248675118700e+00 5.340042952582110729e+02 1.788628164839353784e-12 -1.938762368689913806e+00 1.648839275145930290e+09
8.314033378979975410e-04 -1.938202248675118700e+00 5.340042952582110729e+02 1.788628164839353784e-12 -1.938762368689913806e+00 1.648839275145930290e+09
7.990179937474471347e-04 -1.963415638756733195e+00 6.743869703808381928e+02 8.415372756884671180e-13 -5.512784334250197205e+00 1.648839275145967007e+09
7.953751761589057884e-04 -1.963731227663819912e+00 6.797272415975883177e+02 4.006570449313256211e-15 -5.970455994402771083e+00 1.648839275146360159e+09
7.966702705349597508e-04 -1.970207770650278523e+00 6.532229626426735649e+02 1.266641165208638757e-14 -4.179062916495634994e-02 1.648839275148488045e+09
7.966702705349597508e-04 -1.970207770650278523e+00 6.532229626426735649e+02 1.266641165208638757e-14 -4.179062916495634994e-02 1.648839275148488045e+09
8.330566697491437189e-04 -1.937249958065699218e+00 5.109279959473564077e+02 7.111429530347988322e-08 -3.589595515299736306e+00 1.648839275148575544e+09
8.384372846475424438e-04 -1.934885518322941200e+00 4.999733717219756386e+02 2.007932582567557497e-11 -4.497275314188865281e+00 1.648839275150015116e+09
8.166827651337119206e-04 -1.950659784015204901e+00 5.912467645230443622e+02 1.752565132193064095e-10 -2.529657746406595464e+00 1.648839275150212526e+09
8.237038499594960799e-04 -1.941977383956675629e+00 5.547917365385252424e+02 1.457110668765240662e-13 -7.134484514549403578e+00 1.648839275150341272e+09
8.328671558774868554e-04 -1.941170420555427434e+00 5.080655777423134509e+02 1.633703875947744924e-13 -1.491097572839950480e+00 1.648839275150638103e+09
8.328671558774868554e-04 -1.941170420555427434e+00 5.080655777423134509e+02 1.633703875947744924e-13 -1.491097572839950480e+00 1.648839275150638103e+09
8.333791897569033102e-04 -1.937768939562944936e+00 5.073174075833298957e+02 1.094771213548559249e-13 -7.479253459966125561e+00 1.648839275151285887e+09
7.795235518631083360e-04 -1.979556938343101979e+00 7.663233929575346792e+02 2.624286450481070394e-15 -5.715831699366857421e+00 1.648839275153016090e+09
7.930883910493952919e-04 -1.965777748837008509e+00 6.866540453473641037e+02 4.104219693602283828e-08 -1.183096891513702786e+00 1.648839275157230139e+09
8.215244182500563508e-04 -1.943487171654486367e+00 5.811280216197618529e+02 1.704803401146226403e-08 -5.636942412697824700e+00 1.648839275157582283e+09
7.572616792561356718e-04 -2.000969275550906090e+00 9.623814260178045288e+02 9.025090868153676059e-09 -7.009501787569668352e+00 1.648839275159008980e+09
7.572616792561356718e-04 -2.000969275550906090e+00 9.623814260178045288e+02 9.025090868153676059e-09 -7.009501787569668352e+00 1.648839275159008980e+09
7.797002855184355331e-04 -1.979083504483714506e+00 7.549520754090935952e+02 1.078402756045194776e-15 -5.300429445655469252e+00 1.648839275161455870e+09
7.936883727870534724e-04 -1.967333638926158645e+00 6.557847346661320671e+02 8.206694588702163500e-12 -1.161486348228617516e-01 1.648839275162163019e+09
7.936883727870534724e-04 -1.967333638926158645e+00 6.557847346661320671e+02 8.206694588702163500e-12 -1.161486348228617516e-01 1.648839275162163019e+09
8.122629558916451449e-04 -1.951627223646084541e+00 5.800580196911651001e+02 7.898665327570089780e-12 -2.197253741694312090e+00 1.648839275163219929e+09
8.122629558916451449e-04 -1.951627223646084541e+00 5.800580196911651001e+02 7.898665327570089780e-12 -2.197253741694312090e+00 1.648839275163219929e+09
8.406481319766197832e-04 -1.935805159996077940e+00 4.864684874931173226e+02 8.101142042118464303e-08 -5.384969123593796425e+00 1.648839275163471937e+09
8.406481319766197832e-04 -1.935805159996077940e+00 4.864684874931173226e+02 8.101142042118464303e-08 -5.384969123593796425e+00 1.648839275163471937e+09
7.797920908027202325e-04 -1.980708288628607594e+00 7.385002610230952769e+02 1.370713466160621319e-07 -5.966543151500731668e-01 1.648839275164324760e+09
8.091073642432002619e-04 -1.951568770626004312e+00 6.267883622163520840e+02 1.797289821336283364e-08 -5.652951617780886728e+00 1.648839275164453983e+09
7.992208846893106419e-04 -1.964451377429133228e+00 6.695485852066373127e+02 1.572881651354552684e-12 -4.741399202154980230e+00 1.648839275166004658e+09
7.879698283972213883e-04 -1.975097170433234739e+00 7.153415777068222496e+02 4.961422196051698774e-15 -5.041607833238819225e-01 1.648839275166450024e+09
7.879698283972213883e-04 -1.975097170433234739e+00 7.153415777068222496e+02 4.961422196051698774e-15 -5.041607833238819225e-01 1.648839275166450024e+09
7.795688248103481823e-04 -1.981223845340970513e+00 7.423257843553374187e+02 5.446547023914103454e-13 -4.150224042385444179e+00 1.648839275167270184e+09
7.849033302664111056e-04 -1.974204540769493921e+00 7.139770347229339222e+02 6.381049046863555143e-14 -9.572233680769350883e-01 1.648839275167711258e+09
8.373135041076148208e-04 -1.935253003407493511e+00 4.998646212025055320e+02 1.924453664438416305e-14 -5.753886352413438487e+00 1.648839275168767929e+09
7.934966175609021359e-04 -1.969069030090754957e+00 6.478669213507120048e+02 3.837527755973520196e-11 -6.726758536840966585e+00 1.648839275168891907e+09
7.934966175609021359e-04 -1.969069030090754957e+00 6.478669213507120048e+02 3.837527755973520196e-11 -6.726758536840966585e+00 1.648839275168891907e+09
7.990417462506307434e-04 -1.960508097540215822e+00 6.558843826689793559e+02 5.883185773006149506e-09 -5.123363940569405806e+00 1.648839275169152498e+09
7.990417462506307434e-04 -1.960508097540215822e+00 6.558843826689793559e+02 5.883185773006149506e-09 -5.123363940569405806e+00 1.648839275169152498e+09
8.221534744609106105e-04 -1.943369967779458474e+00 5.541587725899962606e+02 1.642268563850297814e-10 -2.632997581397636289e+00 1.648839275169186115e+09
8.173635329200729669e-04 -1.954556938575306546e+00 5.527184284415410502e+02 2.019280353813845719e-13 -2.494714200876133603e+00 1.648839275170891047e+09
7.793470673258426048e-04 -1.981403347070268772e+00 7.554555959482211165e+02 1.319692098667055624e-14 -6.521080099992270895e+00 1.648839275170916319e+09
8.298505503419186620e-04 -1.938058452951484378e+00 5.303066545774412361e+02 4.184430225446443297e-09 -4.671776200316123173e+00 1.648839275171439648e+09
8.298505503419186620e-04 -1.938058452951484378e+00 5.303066545774412361e+02 4.184430225446443297e-09 -4.671776200316123173e+00 1.648839275171439648e+09
7.929405809702636584e-04 -1.972864872206935516e+00 6.726871416344705494e+02 5.709692294429961453e-10 -1.107178535651992313e+00 1.648839275172264099e+09
8.177576449337986509e-04 -1.946577782738368123e+00 5.689076877306298456e+02 1.578794816067748356e-13 -3.478126657297190505e+00 1.648839275172517300e+09
7.921847728739224437e-04 -1.973489441072459716e+00 6.753175776625398612e+02 2.756002881981813531e-12 -4.599459279859916983e+00 1.648839275173707008e+09
7.888747127976431309e-04 -1.969689023093652347e+00 7.053896043024277560e+02 7.720155442202351319e-10 -3.719850730917400483e+00 1.648839275173715353e+09
7.846978210952785734e-04 -1.975691710192299499e+00 7.044119891120009243e+02 1.339989367291497077e-12 -3.879254847819613161e-02 1.648839275175292969e+09
7.841934052477478800e-04 -1.974480122235985124e+00 7.453918064545872539e+02 5.383943106411627531e-13 -4.327882676167835285e+00 1.648839275175848722e+09
7.841934052477478800e-04 -1.974480122235985124e+00 7.453918064545872539e+02 5.383943106411627531e-13 -4.327882676167835285e+00 1.648839275175848722e+09
7.889414136899295694e-04 -1.969689303284857917e+00 7.157615955640469565e+02 1.173838958191270270e-07 -2.046783879350295265e+00 1.648839275176270247e+09
7.889414136899295694e-04 -1.969689303284857917e+00 7.157615955640469565e+02 1.173838958191270270e-07 -2.046783879350295265e+00 1.648839275176270247e+09
8.103739373636261465e-04 -1.952985337613001748e+00 6.209146485225081733e+02 1.335177826469597706e-15 -6.494116921564344835e+00 1.648839275176277161e+09
8.103739373636261465e-04 -1.952985337613001748e+00 6.209146485225081733e+02 1.335177826469597706e-15 -6.494116921564344835e+00 1.648839275176277161e+09
8.384955869943597770e-04 -1.934921963625750418e+00 5.038944252131669828e+02 1.971163405013007585e-10 -7.147789316796445469e+00 1.648839275177626133e+09
7.998724158088313515e-04 -1.961735299590236625e+00 6.704150449822899418e+02 4.680642000456412735e-13 -4.310039026337644685e+00 1.648839275178433180e+09
7.998724158088313515e-04 -1.961735299590236625e+00 6.704150449822899418e+02 4.680642000456412735e-13 -4.310039026337644685e+00 1.648839275178433180e+09
7.836703382649032670e-04 -1.979390569542130551e+00 7.248688986307323603e+02 1.402051127146714304e-09 -5.233315493449898881e+00 1.648839275179248810e+09
7.803423567087045161e-04 -1.980355317018705374e+00 7.561076785050726130e+02 2.893242315469741897e-13 -2.794031250784807519e+00 1.648839275179878712e+09
7.803423567087045161e-04 -1.980355317018705374e+00 7.561076785050726130e+02 2.893242315469741897e-13 -2.794031250784807519e+00 1.648839275179878712e+09
7.849926722178454967e-04 -1.975873578046735801e+00 7.405492039805290005e+02 1.906209018869609440e-12 -1.733347090853736283e+00 1.648839275180246830e+09
8.048344049623221792e-04 -1.955992448756869173e+00 6.338165763639686929e+02 2.234213051210821414e-14 -5.116470343440297164e+00 1.648839275180537462e+09
7.928977104933556449e-04 -1.967720538256989116e+00 7.049021678696547042e+02 1.078189073236733176e-14 -7.960269004558536921e+00 1.648839275181182384e+09
7.939503893527128037e-04 -1.967736106413217945e+00 6.984180261549400939e+02 1.866660310310645248e-13 -9.554912116778693232e-01 1.648839275181251049e+09
7.939503893527128037e-04 -1.967736106413217945e+00 6.984180261549400939e+02 1.866660310310645248e-13 -9.554912116778693232e-01 1.648839275181251049e+09
8.023314704798999251e-04 -1.964151546643832402e+00 6.430138590260569345e+02 6.117068285813576762e-09 -3.619595129992475790e+00 1.648839275183289766e+09
8.023314704798999251e-04 -1.964151546643832402e+00 6.430138590260569345e+02 6.117068285813576762e-09 -3.619595129992475790e+00 1.648839275183289766e+09
8.119411696918423351e-04 -1.950493428330038581e+00 6.023228619882395378e+02 8.406900565126092028e-09 -3.141571792495179594e+00 1.648839275183891773e+09
8.122210718144567401e-04 -1.950922883372985694e+00 5.864872110088690533e+02 9.806804847829006148e-10 -5.533755700599376048e+00 1.648839275184311628e+09
8.271624078786920771e-04 -1.939905797600483872e+00 5.390313011747307428e+02 1.124531407482823240e-15 -6.388523553051074444e+00 1.648839275184826374e+09
8.271624078786920771e-04 -1.939905797600483872e+00 5.390313011747307428e+02 1.124531407482823240e-15 -6.388523553051074444e+00 1.648839275184826374e+09
8.267875236431433293e-04 -1.948695521886491644e+00 5.183312494602706693e+02 5.117474722459440445e-09 -6.357568452553250538e+00 1.648839275185053349e+09
8.312055567341658296e-04 -1.942608389468530428e+00 5.128942768304203810e+02 1.948924239544772501e-14 -6.385035373898196198e+00 1.648839275185582876e+09
8.312055567341658296e-04 -1.942608389468530428e+00 5.128942768304203810e+02 1.948924239544772501e-14 -6.385035373898196198e+00 1.648839275185582876e+09
8.057439687145142443e-04 -1.959966371461948631e+00 5.895637724071563071e+02 7.159838809042931386e-11 -5.731754229727188843e+00 1.648839275186581135e+09
7.812143032567357140e-04 -1.979113889848953534e+00 7.565238302186729697e+02 3.340298064294216854e-14 -6.495384283713232954e+00 1.648839275186670542e+09
8.007590142856950855e-04 -1.967554270923736803e+00 6.229101546141422432e+02 8.339967021733636633e-14 -6.849300874847583209e+00 1.648839275187105656e+09
7.992209481153196614e-04 -1.968856383739059135e+00 5.906933294883101553e+02 2.445149519690319203e-09 -7.615048900089106176e+00 1.648839275187644243e+09
8.245024223273140314e-04 -1.946454650155319488e+00 5.524706208228591322e+02 1.930701851472570969e-14 -1.483407368290803774e+00 1.648839275187728882e+09
8.124050191063266401e-04 -1.952087280741580555e+00 6.123408802244277922e+02 1.235522222226140574e-10 -5.987888044197218207e+00 1.648839275188392162e+09
8.050813751488951559e-04 -1.955007699194127202e+00 6.218131012173975023e+02 2.985980183481595626e-08 -5.596906938234612383e+00 1.648839275190203428e+09
8.050813751488951559e-04 -1.955007699194127202e+00 6.218131012173975023e+02 2.985980183481595626e-08 -5.596906938234612383e+00 1.648839275190203428e+09
7.978040878313171370e-04 -1.963259151332185759e+00 6.408506585277903014e+02 2.155511841828244589e-12 -2.674872753549603743e+00 1.648839275190622091e+09
7.978040878313171370e-04 -1.963259151332185759e+00 6.408506585277903014e+02 2.155511841828244589e-12 -2.674872753549603743e+00 1.648839275190622091e+09
7.862339104038315379e-04 -1.977203477100925921e+00 6.886098650472810050e+02 1.900507412342019347e-10 -1.591710066877232599e+00 1.648839275193302155e+09
8.361429536817516304e-04 -1.937572422297730856e+00 5.047633091438915471e+02 7.309185345260520370e-14 -3.291270524233588901e+00 1.648839275193306446e+09
8.078038573667626048e-04 -1.955301557902998644e+00 6.326172517097470518e+02 1.672594898630873544e-08 -3.162184487699763125e+00 1.648839275196531534e+09
8.263822877096366768e-04 -1.942059170330386442e+00 5.532157221982789679e+02 1.322017725446134547e-13 -7.852519437391006107e+00 1.648839275198848963e+09
8.290891646699705608e-04 -1.939389401124633761e+00 5.418391208407033446e+02 1.734679970409393194e-15 -1.028704024592989263e+00 1.648839275200128078e+09
7.868225627050447332e-04 -1.976687408580315441e+00 6.845258943810675873e+02 4.098269121758748673e-13 -5.786448540063384272e+00 1.648839275200929165e+09
7.785922737023429508e-04 -1.978606686896601907e+00 7.807180633614609633e+02 3.998576819797162781e-08 -4.821390275079430410e+00 1.648839275201931953e+09
7.864338251038442001e-04 -1.973454847545980773e+00 6.990022869792223901e+02 8.557272297973888164e-09 -4.741492049639068895e-01 1.648839275201937199e+09
8.187830878566564226e-04 -1.949166842082467488e+00 5.455711356384930468e+02 7.913998421224851065e-11 -3.285150533509742843e+00 1.648839275203076124e+09
7.810430627673889794e-04 -1.979250792614782206e+00 7.312639078844158576e+02 1.248284130110328883e-10 -1.781230509118858052e+00 1.648839275204677820e+09
7.870022962400255364e-04 -1.974994749102298996e+00 6.842650480070147978e+02 1.514840304009445006e-12 -4.848008197886805704e+00 1.648839275205050230e+09
7.814494479223799920e-04 -1.981974384182726645e+00 7.353864012650413997e+02 1.073055590040687168e-09 -6.761469479628031465e+00 1.648839275205333710e+09
8.108450609510254019e-04 -1.952020431331965789e+00 6.164624003826319267e+02 8.667512747044771875e-11 -5.919909554730509171e+00 1.648839275205957651e+09
8.108450609510254019e-04 -1.952020431331965789e+00 6.164624003826319267e+02 8.667512747044771875e-11 -5.919909554730509171e+00 1.648839275205957651e+09
8.343873922205433894e-04 -1.936150964103000138e+00 5.108044532670031117e+02 5.740888192408836854e-13 -3.704263206274146292e+00 1.648839275206360102e+09
8.046719218915441901e-04 -1.964450397031598516e+00 6.084659597286234884e+02 8.105468910438574298e-10 -6.428053396725896818e-01 1.648839275207178116e+09
8.046719218915441901e-04 -1.964450397031598516e+00 6.084659597286234884e+02 8.105468910438574298e-10 -6.428053396725896818e-01 1.648839275207178116e+09
7.882709205990713532e-04 -1.976352524832638125e+00 6.924093959946012546e+02 2.871008179840556960e-11 -1.888368210972636518e+00 1.648839275207312107e+09
7.882709205990713532e-04 -1.976352524832638125e+00 6.924093959946012546e+02 2.871008179840556960e-11 -1.888368210972636518e+00 1.648839275207312107e+09
8.191621490678139888e-04 -1.945866761209269047e+00 5.644718775177655061e+02 3.485163751002673457e-07 -2.148564092233309353e+00 1.648839275207517862e+09
8.355050717132420654e-04 -1.936798091087621465e+00 5.139652356433118712e+02 1.429554905254536557e-13 -2.237763618362708762e+00 1.648839275207896233e+09
7.843067748175995340e-04 -1.975378553310681351e+00 7.459563155074835095e+02 1.900588322051198380e-12 -4.446316902125579062e+00 1.648839275208190203e+09
8.034088164207862579e-04 -1.958578129946556334e+00 6.165298117658570618e+02 3.231830810241153558e-12 -5.125834916619044002e+00 1.648839275208461523e+09
7.798446483659752983e-04 -1.979533246723506279e+00 7.606598687847904330e+02 1.677631847539102689e-13 -5.917462489038974205e+00 1.648839275209889889e+09
8.019729189217311054e-04 -1.961563078247702041e+00 6.578642312613079639e+02 1.357631330327376309e-13 -2.932832413622061374e+00 1.648839275210755587e+09
8.282859537446145368e-04 -1.943272905329392675e+00 5.388017499033477407e+02 3.989764551830886290e-12 -2.618449645899804779e+00 1.648839275213804960e+09
8.282859537446145368e-04 -1.943272905329392675e+00 5.388017499033477407e+02 3.989764551830886290e-12 -2.618449645899804779e+00 1.648839275213804960e+09
7.868366915912215331e-04 -1.977310277980552922e+00 6.999763947548494798e+02 2.971176586202586222e-15 -7.354631975225130347e+00 1.648839275215535164e+09
8.081853438446539228e-04 -1.957609774446550821e+00 6.273708804909191485e+02 2.489678682897856751e-07 -1.690123501979483578e-01 1.648839275216471910e+09
8.081853438446539228e-04 -1.957609774446550821e+00 6.273708804909191485e+02 2.489678682897856751e-07 -1.690123501979483578e-01 1.648839275216471910e+09
8.106063842389641706e-04 -1.951596197331856963e+00 6.090564112874656075e+02 1.087802376944775646e-15 -4.742169311835147560e+00 1.648839275217308044e+09
7.925570607352460913e-04 -1.967433184859707973e+00 7.050355223631596573e+02 7.335985973271430086e-15 -5.319753384097651860e+00 1.648839275217577457e+09
8.123586857930278383e-04 -1.952990820011594186e+00 6.135783420153211409e+02 8.447851872482303669e-10 -6.464651600308465085e+00 1.648839275218920469e+09
8.276009445926581654e-04 -1.942981515220184363e+00 5.444802403902452852e+02 8.923245624361271940e-15 -6.126436038359527991e+00 1.648839275219442606e+09
8.169643284145069540e-04 -1.947235853302859976e+00 5.721489498327759975e+02 2.219828770775379901e-10 -2.301196237720291471e+00 1.648839275219691038e+09
8.245253940338275909e-04 -1.942111488911370420e+00 5.432284062749002942e+02 2.568757070540017941e-09 -1.177209078459036107e+00 1.648839275220130205e+09
8.182726026353675944e-04 -1.951447618034551468e+00 5.432946173242452232e+02 1.893296989218016225e-10 -5.644862561493125597e+00 1.648839275221262455e+09
7.915848939225987200e-04 -1.973948063881312276e+00 6.598683481662350232e+02 8.044285206741361698e-14 -3.476661856081904034e+00 1.648839275221778393e+09
7.804644053776648403e-04 -1.980651877911723924e+00 7.377580697927328401e+02 1.586619529218230846e-12 -2.376921726138665925e+00 1.648839275223972321e+09
7.804644053776648403e-04 -1.980651877911723924e+00 7.377580697927328401e+02 1.586619529218230846e-12 -2.376921726138665925e+00 1.648839275223972321e+09
8.229935041219895407e-04 -1.946216138474407664e+00 5.324070749361070511e+02 5.072521933318699789e-10 -4.758819288767687894e+00 1.648839275224093676e+09
8.087068670732590770e-04 -1.961277916742107941e+00 5.918249493195913828e+02 2.616816732427852567e-13 -7.731753952871448732e+00 1.648839275224379778e+09
7.869258581454374735e-04 -1.974068580308585119e+00 7.307259322913304231e+02 7.125339375220763560e-15 -7.874908542376311438e+00 1.648839275225490332e+09
8.075724882510844187e-04 -1.957570770948606542e+00 6.303521158827364843e+02 1.738028877173035830e-09 -1.923966314821274892e-01 1.648839275230480433e+09
8.165515875403957799e-04 -1.949961240004909779e+00 5.565586228740806973e+02 8.465787633464299960e-12 -2.367540622605515566e+00 1.648839275232211351e+09
8.326668644376433465e-04 -1.938052085490361343e+00 5.112310611938387979e+02 4.449198475699694454e-15 -1.313587439912961230e+00 1.648839275232340336e+09
8.170685155476925402e-04 -1.951395780782435585e+00 5.849596578499233601e+02 3.827861639961318883e-08 -2.259106883110256092e+00 1.648839275232744694e+09
8.133885490065694392e-04 -1.954583355269130518e+00 6.005390273779247536e+02 1.766399662749824250e-07 -3.544087450320417609e+00 1.648839275233881712e+09
7.943760219717084818e-04 -1.967031367137614062e+00 6.969702780261045518e+02 1.385115957922159643e-10 -6.794891938491055328e+00 1.648839275234666586e+09
7.836710473797153841e-04 -1.977423942040142713e+00 7.422210184769953685e+02 5.157383063629663213e-14 -3.764212918444929556e+00 1.648839275235807180e+09
7.836710473797153841e-04 -1.977423942040142713e+00 7.422210184769953685e+02 5.157383063629663213e-14 -3.764212918444929556e+00 1.648839275235807180e+09
7.900333798836452551e-04 -1.971948089350146649e+00 7.132467990922027639e+02 1.261766853570535599e-12 -6.253331062934567086e+00 1.648839275235985518e+09
7.900333798836452551e-04 -1.971948089350146649e+00 7.132467990922027639e+02 1.261766853570535599e-12 -6.253331062934567086e+00 1.648839275235985518e+09
8.343186592233565839e-04 -1.940003392168505814e+00 5.093448653970872329e+02 1.817960264970030376e-08 -4.643729586864827397e+00 1.648839275236018896e+09
8.245143263848137482e-04 -1.948406880996096158e+00 5.325807061727863356e+02 4.021846703655428660e-15 -6.407678720058716415e+00 1.648839275238517523e+09
8.245143263848137482e-04 -1.948406880996096158e+00 5.325807061727863356e+02 4.021846703655428660e-15 -6.407678720058716415e+00 1.648839275238517523e+09
7.929009111802125817e-04 -1.970444432758371001e+00 6.494253584626816291e+02 3.863802369239404468e-13 -6.645159265888952227e+00 1.648839275238857031e+09
7.929009111802125817e-04 -1.970444432758371001e+00 6.494253584626816291e+02 3.863802369239404468e-13 -6.645159265888952227e+00 1.648839275238857031e+09
7.825198252041332906e-04 -1.976796774015251223e+00 7.364683530373800977e+02 3.394225461985645097e-07 -2.013789579016462383e+00 1.648839275239204407e+09
7.898533414041875554e-04 -1.975164206558225999e+00 6.843304950212655058e+02 9.705049890725003364e-08 -8.605439428465304630e-01 1.648839275239215374e+09
7.852668330948647541e-04 -1.974326690272370843e+00 7.404086625834032702e+02 3.388123309986680198e-15 -1.809495523244943449e+00 1.648839275239417315e+09
8.261881620334227561e-04 -1.943746202638308329e+00 5.506299793664418303e+02 2.905369437751426704e-13 -5.067771169103412632e+00 1.648839275240571499e+09
8.261881620334227561e-04 -1.943746202638308329e+00 5.506299793664418303e+02 2.905369437751426704e-13 -5.067771169103412632e+00 1.648839275240571499e+09
7.952893716384578770e-04 -1.965616731414207230e+00 6.520655364815511348e+02 2.247044461165441319e-14 -1.075237733486815728e+00 1.648839275241542101e+09
8.052542392031114592e-04 -1.958900689127659023e+00 5.977902507636904375e+02 1.051942267889794117e-12 -2.923885468743582017e+00 1.648839275242366552e+09
7.910388027692642418e-04 -1.968653064293967248e+00 7.114826862238262493e+02 5.328565021225944905e-15 -1.064411797318778774e+00 1.648839275242523670e+09
8.121551857386677788e-04 -1.952616238678486660e+00 5.754938269188919548e+02 1.489214718607346731e-09 -4.835038925321590852e+00 1.648839275245217323e+09
7.986732183376965164e-04 -1.961253263887818399e+00 6.562693630108634579e+02 1.230718179043214314e-08 -4.287566076587365771e-01 1.648839275245218515e+09
7.872186445478526013e-04 -1.977082603997190491e+00 6.924496045967608779e+02 1.426628355531989549e-11 -7.383014021852758901e+00 1.648839275246418715e+09
8.060372691908122269e-04 -1.962322951592567755e+00 5.871442158894288923e+02 1.026019890554063953e-12 -5.696382523134436937e+00 1.648839275246818542e+09
8.079053598903517160e-04 -1.956815601416469264e+00 6.298886175958811009e+02 3.379462680924869404e-14 -4.167437133990887332e+00 1.648839275247292280e+09
7.600113827835333841e-04 -1.998706841976106041e+00 8.926541864292308901e+02 1.965949963325531553e-08 -6.553610356289705230e+00 1.648839275247502804e+09
7.568557534594882313e-04 -2.000225080514149489e+00 9.580654119957544026e+02 6.823052262048213414e-09 -6.927110007295193661e+00 1.648839275247719526e+09
7.568557534594882313e-04 -2.000225080514149489e+00 9.580654119957544026e+02 6.823052262048213414e-09 -6.927110007295193661e+00 1.648839275247719526e+09
7.925429139368063642e-04 -1.966747740889049911e+00 7.024244431662408488e+02 4.933628532243276100e-10 -6.101471045039787100e+00 1.648839275248304844e+09
7.925429139368063642e-04 -1.966747740889049911e+00 7.024244431662408488e+02 4.933628532243276100e-10 -6.101471045039787100e+00 1.648839275248304844e+09
8.092323526716737724e-04 -1.954694252277282329e+00 5.879372404419688110e+02 3.239926424979046102e-12 -4.444592638176656507e+00 1.648839275249238253e+09
8.092323526716737724e-04 -1.954694252277282329e+00 5.879372404419688110e+02 3.239926424979046102e-12 -4.444592638176656507e+00 1.648839275249238253e+09
8.189341350447791818e-04 -1.945581558345363948e+00 5.707357167152366628e+02 1.798163770030858764e-11 -2.859671586319310066e-01 1.648839275249407291e+09
8.113753032889176649e-04 -1.950644166262995860e+00 6.094240629088220658e+02 6.001872860583061207e-10 -6.854949264428942257e+00 1.648839275249662876e+09
7.836954065245158160e-04 -1.975405499003109799e+00 7.251090964936209957e+02 9.654493478226507219e-13 -1.268200879096417211e+00 1.648839275250438452e+09
7.791936645364121910e-04 -1.978082543418398398e+00 7.346602948989243487e+02 4.992475625724094016e-09 -6.810407646362167888e+00 1.648839275252966642e+09
8.293985984589344980e-04 -1.944008865981988965e+00 5.209481510589923801e+02 1.689059487795379077e-15 -6.404908950856922800e+00 1.648839275253157377e+09
8.293985984589344980e-04 -1.944008865981988965e+00 5.209481510589923801e+02 1.689059487795379077e-15 -6.404908950856922800e+00 1.648839275253157377e+09
7.813032699432587288e-04 -1.978989380888407368e+00 7.317157354624788468e+02 2.211427930359164261e-12 -6.984846260699167253e+00 1.648839275253262758e+09
7.940876248577184802e-04 -1.970002929079235576e+00 6.413363084532523999e+02 2.173830276440640012e-07 -4.013597393080241105e+00 1.648839275255830765e+09
7.940876248577184802e-04 -1.970002929079235576e+00 6.413363084532523999e+02 2.173830276440640012e-07 -4.013597393080241105e+00 1.648839275255830765e+09
8.042361957299305839e-04 -1.963185625373652599e+00 6.289838545374136629e+02 1.851123534666370135e-10 -6.768359863475037486e-01 1.648839275255895376e+09
7.963895733022713190e-04 -1.963379424074390922e+00 6.795509701402146447e+02 1.626326404748162587e-08 -2.227488517370758814e+00 1.648839275256199121e+09
8.316051849469102350e-04 -1.941930933015129757e+00 5.151467152983425422e+02 7.597923145903995681e-13 -4.160981879911067161e+00 1.648839275256663322e+09
8.316051849469102350e-04 -1.941930933015129757e+00 5.151467152983425422e+02 7.597923145903995681e-13 -4.160981879911067161e+00 1.648839275256663322e+09
7.964789467521094218e-04 -1.963103757002357730e+00 6.745003895602498005e+02 8.801769614814074341e-11 -4.367495752794487984e+00 1.648839275257357121e+09
7.980492448648219975e-04 -1.962879322547814276e+00 6.770137117156747308e+02 8.680351233515334646e-13 -6.258436900878573184e+00 1.648839275259027719e+09
7.980492448648219975e-04 -1.962879322547814276e+00 6.770137117156747308e+02 8.680351233515334646e-13 -6.258436900878573184e+00 1.648839275259027719e+09
7.917508727815455224e-04 -1.971931504904901322e+00 6.958401657426659312e+02 7.452325986786875264e-14 -4.957650259490263167e+00 1.648839275259057045e+09
7.901695795022744715e-04 -1.974936359849771339e+00 6.805992922822144919e+02 1.700241035590166404e-10 -2.414743348819143876e+00 1.648839275260319710e+09
7.840439635854919978e-04 -1.974678539535436705e+00 7.316424440397053104e+02 4.537822034079770240e-14 -6.037074590411545927e+00 1.648839275260365248e+09
7.840439635854919978e-04 -1.974678539535436705e+00 7.316424440397053104e+02 4.537822034079770240e-14 -6.037074590411545927e+00 1.648839275260365248e+09
7.828091237149096063e-04 -1.974363729013667523e+00 7.773261875481672405e+02 2.201793975535241411e-09 -6.971537747232082971e+00 1.648839275261062145e+09
8.004254175640112623e-04 -1.964209368022169055e+00 6.590572026790886184e+02 1.966374435136753802e-15 -1.691784678151141641e+00 1.648839275261239529e+09
8.250128053835187412e-04 -1.941957117180065584e+00 5.562955289307822113e+02 1.228303657154883706e-12 -5.129499544737076810e+00 1.648839275261295319e+09
8.250128053835187412e-04 -1.941957117180065584e+00 5.562955289307822113e+02 1.228303657154883706e-12 -5.129499544737076810e+00 1.648839275261295319e+09
7.824484707884369217e-04 -1.978476249816088384e+00 7.193767600856823492e+02 4.095581866511248790e-11 -6.865004357191257789e+00 1.648839275261507511e+09
7.824484707884369217e-04 -1.978476249816088384e+00 7.193767600856823492e+02 4.095581866511248790e-11 -6.865004357191257789e+00 1.648839275261507511e+09
7.929634083202408363e-04 -1.966540927843546838e+00 6.769388566284676472e+02 2.858817000697812892e-12 -6.483912019725768694e+00 1.648839275262415171e+09
7.944871067154954608e-04 -1.971285595723857753e+00 6.680259274370450839e+02 3.781704228369399507e-14 -1.042234007032979193e+00 1.648839275263550282e+09
7.944871067154954608e-04 -1.971285595723857753e+00 6.680259274370450839e+02 3.781704228369399507e-14 -1.042234007032979193e+00 1.648839275263550282e+09
7.890921052609611071e-04 -1.970753663646983789e+00 7.211651628066223338e+02 1.577747911160678969e-07 -1.346882845754596936e+00 1.648839275264566183e+09
7.921647583436393358e-04 -1.968688867847270929e+00 6.655242061100880164e+02 1.060576036234787303e-15 -2.461138343772624637e+00 1.648839275265235901e+09
8.331601119452084186e-04 -1.939992940594333692e+00 5.072405660256529814e+02 7.495058736571726700e-12 -7.199282225918306466e-01 1.648839275265532494e+09
8.331601119452084186e-04 -1.939992940594333692e+00 5.072405660256529814e+02 7.495058736571726700e-12 -7.199282225918306466e-01 1.648839275265532494e+09
8.056452091597910651e-04 -1.963228801250188393e+00 6.107130137051432257e+02 4.844338019154501622e-13 -4.235300413309522227e+00 1.648839275265791655e+09
8.056452091597910651e-04 -1.963228801250188393e+00 6.107130137051432257e+02 4.844338019154501622e-13 -4.235300413309522227e+00 1.648839275265791655e+09
7.974020806195619227e-04 -1.963127163089966487e+00 6.490632380232866581e+02 1.182954521712515765e-11 -6.990463702679571512e+00 1.648839275265952587e+09
7.710850220826224273e-04 -1.988947343736336526e+00 8.190973663008053336e+02 8.180056495989991448e-08 -5.481739643881148538e+00 1.648839275266391039e+09
7.841092907146303848e-04 -1.974735739068506746e+00 7.405228235489003055e+02 1.177863225983642323e-14 -1.862554974649473394e+00 1.648839275266411781e+09
8.088916069448793969e-04 -1.953139607566310332e+00 5.920272377249615374e+02 5.059989708877550204e-10 -7.862033998120971923e+00 1.648839275266942024e+09
8.084056933287117131e-04 -1.953698191750418811e+00 6.071508654325122052e+02 6.343522285327440537e-12 -1.076174900425108660e+00 1.648839275267570734e+09
8.223912608835939235e-04 -1.943243244634308642e+00 5.574481029372747116e+02 2.045188076175848049e-10 -2.898702810739881564e+00 1.648839275268441916e+09
8.281654640726397558e-04 -1.944098592059503527e+00 5.344231364665026831e+02 4.167513356801942725e-12 -5.560101205388683354e-01 1.648839275268749475e+09
8.152344569688993198e-04 -1.949816365609827962e+00 5.984166277491711980e+02 2.618611964701217385e-13 -6.966960509342295715e+00 1.648839275270744801e+09
8.119826008253401561e-04 -1.950687623448704500e+00 6.022771399724689445e+02 2.520545726448276077e-13 -1.960929818733110785e+00 1.648839275271291018e+09
8.119826008253401561e-04 -1.950687623448704500e+00 6.022771399724689445e+02 2.520545726448276077e-13 -1.960929818733110785e+00 1.648839275271291018e+09
7.832126400001016703e-04 -1.976372523972486306e+00 7.476262070208391606e+02 6.990156904205831699e-09 -1.200717239765009658e+00 1.648839275271471262e+09
8.342382252523360478e-04 -1.936482341393366724e+00 5.185625159423400419e+02 7.299674102140666954e-15 -9.599041516061417312e-01 1.648839275272285223e+09
7.649813512610681649e-04 -1.993321693969710484e+00 9.022477513626331529e+02 7.447135471643396402e-09 -6.727876759983051791e+00 1.648839275272995234e+09
7.883749122960774383e-04 -1.970393788885199893e+00 7.124700848614110100e+02 1.099217046061827961e-15 -6.730954781776894436e+00 1.648839275274363995e+09
7.810737699183364089e-04 -1.980097647877627320e+00 7.368970302260388507e+02 1.352006935798162385e-13 -6.855318916937451768e+00 1.648839275278658390e+09
7.982313444086274259e-04 -1.963653442991388332e+00 6.346917073496140347e+02 4.154143072164292755e-10 -1.913631153241253990e+00 1.648839275279342413e+09
8.280971380511726763e-04 -1.942717761777517538e+00 5.412302259631034076e+02 4.471309151313011668e-12 -4.637233275930023879e+00 1.648839275279740572e+09
8.186512567441719219e-04 -1.945836040108329890e+00 5.738540907276692451e+02 2.786734566100913619e-09 -9.015294230925272601e-01 1.648839275280822515e+09
7.855336268942809952e-04 -1.975511900851794511e+00 6.990153517369075189e+02 9.045661747852732712e-09 -2.671638217709740637e+00 1.648839275283285141e+09
7.855336268942809952e-04 -1.975511900851794511e+00 6.990153517369075189e+02 9.045661747852732712e-09 -2.671638217709740637e+00 1.648839275283285141e+09
8.284630347279833872e-04 -1.944754064383864556e+00 5.215000854028918411e+02 2.014740656051217698e-14 -1.156922391240665426e+00 1.648839275284016371e+09
8.072921917027870353e-04 -1.958199183000977284e+00 6.294546236892276738e+02 5.822843969525499318e-13 -7.899507600703649324e+00 1.648839275286476135e+09
8.070004221330797853e-04 -1.955239428709646621e+00 6.325884176577519611e+02 2.967263482689476289e-15 -2.869265773687843968e+00 1.648839275287878990e+09
7.800565421439339129e-04 -1.980126489604606910e+00 7.224328696524406723e+02 1.764353371480835702e-08 -5.484924363109684009e+00 1.648839275291146040e+09
7.800565421439339129e-04 -1.980126489604606910e+00 7.224328696524406723e+02 1.764353371480835702e-08 -5.484924363109684009e+00 1.648839275291146040e+09
7.971289479477507069e-04 -1.969364494429576951e+00 6.535266791067871281e+02 2.181143519064119989e-10 -1.162672852877851604e+00 1.648839275291419744e+09
8.335678447902737697e-04 -1.939010246570805451e+00 5.172171314796690922e+02 6.576759824510582191e-11 -1.105317021766055952e+00 1.648839275291516542e+09
8.335678447902737697e-04 -1.939010246570805451e+00 5.172171314796690922e+02 6.576759824510582191e-11 -1.105317021766055952e+00 1.648839275291516542e+09
7.693286309809148739e-04 -1.986928758449649557e+00 8.158759304255761435e+02 1.397524617533862802e-09 -7.478565393087201585e+00 1.648839275291857481e+09
7.831123679334502877e-04 -1.976878594960816971e+00 7.216637365233054879e+02 2.290671057264664031e-10 -1.105178252841501951e+00 1.648839275292144537e+09
7.831123679334502877e-04 -1.976878594960816971e+00 7.216637365233054879e+02 2.290671057264664031e-10 -1.105178252841501951e+00 1.648839275292144537e+09
7.836501207434638317e-04 -1.978952962012699324e+00 7.168777554397105405e+02 1.013342617346486040e-12 -4.280170216722131826e+00 1.648839275292201996e+09
8.114541306854045283e-04 -1.953471592577294302e+00 5.768642385306579854e+02 1.438500345518582427e-07 -2.171474140152058752e-01 1.648839275292442322e+09
8.114541306854045283e-04 -1.953471592577294302e+00 5.768642385306579854e+02 1.438500345518582427e-07 -2.171474140152058752e-01 1.648839275292442322e+09
8.022434413448068478e-04 -1.959202747064801908e+00 6.311583060701750583e+02 4.273843784373403214e-07 -2.206119199617515569e+00 1.648839275292830467e+09
8.292129864691494918e-04 -1.939121612430305230e+00 5.297852292598433905e+02 8.041592596734420143e-13 -5.276928535509043172e+00 1.648839275293702602e+09
8.292129864691494918e-04 -1.939121612430305230e+00 5.297852292598433905e+02 8.041592596734420143e-13 -5.276928535509043172e+00 1.648839275293702602e+09
8.198255200676242112e-04 -1.950094020454104626e+00 5.397352963543553415e+02 4.391840086365893020e-09 -3.869804859012122122e+00 1.648839275293715715e+09
8.198255200676242112e-04 -1.950094020454104626e+00 5.397352963543553415e+02 4.391840086365893020e-09 -3.869804859012122122e+00 1.648839275293715715e+09
7.999415659443218736e-04 -1.967409259218305895e+00 6.158054395052488417e+02 2.256586346464112697e-09 -4.144134366760491517e+00 1.648839275293857098e+09
8.250500483741490029e-04 -1.943462715340488423e+00 5.346614793708650950e+02 1.593382567280190067e-06 -9.219091614127910006e-01 1.648839275294892073e+09
8.152956321772140665e-04 -1.948509534762381978e+00 5.930257249623937241e+02 7.119692458694085594e-12 -5.337434045150127204e+00 1.648839275295128584e+09
7.858104844987576958e-04 -1.976942334369336862e+00 7.195663930274228051e+02 8.225537574594946780e-11 -2.370505076290207569e+00 1.648839275297454596e+09
7.976287643367914373e-04 -1.967343704074958399e+00 6.662436202875402387e+02 3.484010094762810432e-12 -4.335155324007672561e+00 1.648839275298506975e+09
7.841432077701161654e-04 -1.974929014554821061e+00 7.455936993754812647e+02 2.793485634329431945e-08 -4.130804703840109227e+00 1.648839275300073624e+09
8.298650269664049634e-04 -1.940129361704494571e+00 5.368405029368616397e+02 1.487769036488888408e-13 -7.454345304477984158e+00 1.648839275300905704e+09
8.298650269664049634e-04 -1.940129361704494571e+00 5.368405029368616397e+02 1.487769036488888408e-13 -7.454345304477984158e+00 1.648839275300905704e+09
7.905675276841874106e-04 -1.968333811729935601e+00 7.009605675415923542e+02 7.434062755761601412e-11 -6.945369539426328842e+00 1.648839275301027775e+09
7.905675276841874106e-04 -1.968333811729935601e+00 7.009605675415923542e+02 7.434062755761601412e-11 -6.945369539426328842e+00 1.648839275301027775e+09
8.254677806329228625e-04 -1.943303040459618547e+00 5.301909986061630207e+02 2.789454494720976009e-14 -2.664809350573328572e+00 1.648839275301324368e+09
8.020097475973176140e-04 -1.965628585390425176e+00 6.308857836584695633e+02 2.518462590819532943e-11 -7.953312731010875325e-02 1.648839275301686049e+09
8.020097475973176140e-04 -1.965628585390425176e+00 6.308857836584695633e+02 2.518462590819532943e-11 -7.953312731010875325e-02 1.648839275301686049e+09
8.076190876877646901e-04 -1.959604253444840793e+00 6.221301284204984086e+02 4.122493740422743899e-09 -5.346556157474628534e+00 1.648839275302471876e+09
8.069649342139649430e-04 -1.962501412157819924e+00 5.972479251390926720e+02 3.212476183052793067e-13 -2.754965906258366459e-01 1.648839275303866863e+09
8.190003467658658713e-04 -1.946410068966348383e+00 5.807371174959017708e+02 2.347078276513932317e-12 -4.548617376404431312e+00 1.648839275303869486e+09
7.937754002514773970e-04 -1.965989309129729357e+00 6.719096832594382249e+02 1.907144891395578200e-13 -3.366782745811689459e+00 1.648839275304738522e+09
7.984558085373673732e-04 -1.969294341781619551e+00 6.488920822746601971e+02 4.930302536886992171e-10 -7.458111171176950549e+00 1.648839275306661367e+09
7.984558085373673732e-04 -1.969294341781619551e+00 6.488920822746601971e+02 4.930302536886992171e-10 -7.458111171176950549e+00 1.648839275306661367e+09
8.031943122180343255e-04 -1.961666269117684491e+00 6.027536518554953773e+02 2.145160956661694633e-13 -3.220850851483666233e+00 1.648839275307304144e+09
8.147269053140843240e-04 -1.952907616993040385e+00 5.948527667982189087e+02 2.005996547468210804e-10 -1.168679241891013021e+00 1.648839275309551716e+09
8.285517474054973717e-04 -1.941983292778675985e+00 5.190363327719715016e+02 4.871775235470382055e-13 -3.169775758943428556e+00 1.648839275310604334e+09
7.972769026403615181e-04 -1.968133051719314075e+00 6.264367130338044944e+02 6.896056599619538010e-15 -1.928936162865444004e+00 1.648839275311854601e+09
8.009622358138941342e-04 -1.959499420745427489e+00 6.397806441370637458e+02 7.756880158714248847e-11 -7.719878657076369777e+00 1.648839275311972141e+09
7.937641680729053909e-04 -1.967431191515922828e+00 6.572076243504158128e+02 4.078064806427903851e-12 -7.301854647039392354e+00 1.648839275311985970e+09
8.178912973940137728e-04 -1.946522085495504761e+00 5.806825302620503635e+02 4.522084602346295718e-10 -5.454262910331072689e+00 1.648839275313324690e+09
8.099178250537503133e-04 -1.952367976189142595e+00 6.105386243874402226e+02 1.394726428414930514e-11 -4.550721113560487474e+00 1.648839275314552069e+09
8.099178250537503133e-04 -1.952367976189142595e+00 6.105386243874402226e+02 1.394726428414930514e-11 -4.550721113560487474e+00 1.648839275314552069e+09
7.930480800833282886e-04 -1.966514072840152672e+00 6.960533009008016734e+02 1.336841226593949253e-14 -1.061162935141661379e+00 1.648839275315204859e+09
7.879469778406841644e-04 -1.970973109085488506e+00 7.118540415311082370e+02 4.358208260208072427e-12 -5.756643693585285604e+00 1.648839275315310001e+09
7.879469778406841644e-04 -1.970973109085488506e+00 7.118540415311082370e+02 4.358208260208072427e-12 -5.756643693585285604e+00 1.648839275315310001e+09
8.338891706713144137e-04 -1.935749080597067184e+00 5.188058352211758120e+02 8.006524276932224070e-08 -4.295308783812792797e+00 1.648839275317494869e+09
8.289794103063756600e-04 -1.940150015111104853e+00 5.241382095568726527e+02 5.374709734618925803e-11 -4.829069099659566433e-01 1.648839275317585707e+09
7.642707829704317073e-04 -1.995227339737003058e+00 8.422458666420528743e+02 7.978026671163037094e-10 -7.930303334115933467e+00 1.648839275317859888e+09
7.970529359948433975e-04 -1.964298046574602941e+00 6.436564301971874329e+02 3.514668922190987172e-09 -2.145219346052471998e+00 1.648839275318295479e+09
7.970529359948433975e-04 -1.964298046574602941e+00 6.436564301971874329e+02 3.514668922190987172e-09 -2.145219346052471998e+00 1.648839275318295479e+09
7.918715308860657751e-04 -1.968327634632649925e+00 6.738736191477158854e+02 4.944178089846405798e-11 -2.440829791905314572e+00 1.648839275318444252e+09
8.338235264689731552e-04 -1.938688206579206597e+00 5.074928982676611326e+02 4.501348357340937971e-10 -2.491265637810796463e+00 1.648839275319428921e+09
8.164098273625602269e-04 -1.951342050464518696e+00 5.535093886818094688e+02 1.197663904908064926e-10 -4.619023754413991156e+00 1.648839275320753574e+09
8.242870290449450963e-04 -1.944345694851625561e+00 5.589002409252502730e+02 4.272645793274268326e-13 -2.966478312165478748e+00 1.648839275320978165e+09
8.305005562201609338e-04 -1.940881634229944197e+00 5.140746497172734735e+02 3.589849865171574055e-08 -2.451337433666910925e+00 1.648839275321422338e+09
8.305005562201609338e-04 -1.940881634229944197e+00 5.140746497172734735e+02 3.589849865171574055e-08 -2.451337433666910925e+00 1.648839275321422338e+09
7.869123321692867226e-04 -1.976925248605944763e+00 6.970167206806260083e+02 4.258485196651304510e-13 -4.744503501206644103e+00 1.648839275321942329e+09
8.340067116209377244e-04 -1.937012660124829644e+00 5.118864674923711391e+02 1.443761922291612816e-13 -5.640559551942043726e+00 1.648839275322045088e+09
8.340067116209377244e-04 -1.937012660124829644e+00 5.118864674923711391e+02 1.443761922291612816e-13 -5.640559551942043726e+00 1.648839275322045088e+09
7.881687722134825096e-04 -1.975406347825965803e+00 6.790246139123202056e+02 1.806894037689484907e-07 -8.820834930472276625e-01 1.648839275322463274e+09
7.914192176870039680e-04 -1.973162317522962228e+00 6.589975845375778363e+02 5.151847184352885409e-14 -6.763368097945489765e+00 1.648839275323335171e+09
8.220333606571066185e-04 -1.944808999352465761e+00 5.458736051427616758e+02 1.040073661487866239e-13 -2.203802652188779909e+00 1.648839275323681116e+09
8.301254732569065620e-04 -1.942815168882271681e+00 5.230098512448917063e+02 2.475927676885618252e-14 -2.278589537571672707e+00 1.648839275324935675e+09
7.900525431668030570e-04 -1.972833308879088143e+00 6.673084772998992094e+02 1.320297969343894746e-09 -2.428502057208833165e+00 1.648839275325128317e+09
7.900525431668030570e-04 -1.972833308879088143e+00 6.673084772998992094e+02 1.320297969343894746e-09 -2.428502057208833165e+00 1.648839275325128317e+09
7.938556465320167205e-04 -1.968598731761857401e+00 6.496492717792509666e+02 6.830489618858410536e-10 -4.784179349132772430e+00 1.648839275326602936e+09
8.057044816880644042e-04 -1.960023133594608780e+00 5.915710719400699418e+02 1.065061418223684418e-10 -4.658896202326276992e-01 1.648839275327345610e+09
7.911094576147990453e-04 -1.969290381102318799e+00 6.754334523911344377e+02 2.906799178372907695e-15 -5.222001804255858914e+00 1.648839275327705860e+09
7.963163700841790517e-04 -1.966879047971185068e+00 6.796363371172332108e+02 3.187308749785585193e-07 -2.069050430816202990e+00 1.648839275328757524e+09
7.963163700841790517e-04 -1.966879047971185068e+00 6.796363371172332108e+02 3.187308749785585193e-07 -2.069050430816202990e+00 1.648839275328757524e+09
8.014585381234905475e-04 -1.962670289457878470e+00 6.593190620628515717e+02 9.710202933973668722e-08 -3.953026551604418515e+00 1.648839275328778744e+09
8.014585381234905475e-04 -1.962670289457878470e+00 6.593190620628515717e+02 9.710202933973668722e-08 -3.953026551604418515e+00 1.648839275328778744e+09
7.918759691637190486e-04 -1.969823924809382731e+00 7.043654136964150894e+02 4.889868607810644522e-15 -4.330754703399502858e+00 1.648839275329427481e+09
7.918759691637190486e-04 -1.969823924809382731e+00 7.043654136964150894e+02 4.889868607810644522e-15 -4.330754703399502858e+00 1.648839275329427481e+09
8.169652266751345092e-04 -1.947228297074163450e+00 5.830906239368856632e+02 4.830703780485355630e-10 -3.835592151084663115e+00 1.648839275330249548e+09
8.169652266751345092e-04 -1.947228297074163450e+00 5.830906239368856632e+02 4.830703780485355630e-10 -3.835592151084663115e+00 1.648839275330249548e+09
8.207211569450703886e-04 -1.944824944694548474e+00 5.642433154178361292e+02 2.290584227374335618e-07 -2.756304186377065868e+00 1.648839275331176519e+09
8.207211569450703886e-04 -1.944824944694548474e+00 5.642433154178361292e+02 2.290584227374335618e-07 -2.756304186377065868e+00 1.648839275331176519e+09
7.943771613443423741e-04 -1.967481769991895613e+00 6.928554324160929809e+02 2.722971427540886625e-08 -2.777806917822107202e+00 1.648839275332766294e+09
8.190734190919680751e-04 -1.946679002217318821e+00 5.576488185968408970e+02 5.031800732922907882e-14 -2.167663465879324569e+00 1.648839275332889795e+09
8.222765345996989675e-04 -1.943849131578046840e+00 5.653752691125089314e+02 1.348927424171768263e-13 -1.405596803902184888e-01 1.648839275332939863e+09
8.267187972239336191e-04 -1.945693900046953306e+00 5.227048382684085936e+02 1.316076446038749432e-13 -4.191221347867837288e+00 1.648839275333065271e+09
8.246401510256277326e-04 -1.944135365385417868e+00 5.571715262015693497e+02 2.318965686522792430e-12 -2.984169137524310678e+00 1.648839275333946228e+09
8.023422659859774349e-04 -1.964097246706824729e+00 6.404228599788162910e+02 1.770337871662782195e-14 -2.944241888942563889e+00 1.648839275335080147e+09
8.048582327535064480e-04 -1.956096591331409895e+00 6.614673507830249264e+02 1.611326919579201299e-08 -6.203095491872836931e+00 1.648839275335149527e+09
8.048582327535064480e-04 -1.956096591331409895e+00 6.614673507830249264e+02 1.611326919579201299e-08 -6.203095491872836931e+00 1.648839275335149527e+09
8.315345889907179442e-04 -1.941610303826797779e+00 5.152704957334714209e+02 2.106357861396243418e-14 -3.317633610252570087e+00 1.648839275336002111e+09
8.315345889907179442e-04 -1.941610303826797779e+00 5.152704957334714209e+02 2.106357861396243418e-14 -3.317633610252570087e+00 1.648839275336002111e+09
8.063726530507130856e-04 -1.959152566223604897e+00 5.900784921209532286e+02 1.992963717373267181e-08 -1.274715213881945530e+00 1.648839275336899757e+09
8.063726530507130856e-04 -1.959152566223604897e+00 5.900784921209532286e+02 1.992963717373267181e-08 -1.274715213881945530e+00 1.648839275336899757e+09
8.178851457948686570e-04 -1.949618558807783675e+00 5.839868740422095925e+02 2.992775537502555965e-11 -8.312182901396383272e-01 1.648839275337045431e+09
8.178851457948686570e-04 -1.949618558807783675e+00 5.839868740422095925e+02 2.992775537502555965e-11 -8.312182901396383272e-01 1.648839275337045431e+09
7.972838232340346285e-04 -1.966324757551553670e+00 6.745032798059460220e+02 8.336806606926709629e-14 -2.087440103036843020e+00 1.648839275337530375e+09
7.874612928794906671e-04 -1.975849531357967592e+00 6.842960373007712178e+02 1.196759320774755581e-13 -3.657925968310685505e+00 1.648839275337532759e+09
8.128041957807756847e-04 -1.950656212735030648e+00 5.870536629754733440e+02 5.494762080819143202e-12 -3.919936205821592523e-01 1.648839275338700533e+09
7.934136980324205763e-04 -1.966564779341769542e+00 6.672950529489406790e+02 2.738903366989763649e-09 -5.624662495207427781e+00 1.648839275338927507e+09
7.934136980324205763e-04 -1.966564779341769542e+00 6.672950529489406790e+02 2.738903366989763649e-09 -5.624662495207427781e+00 1.648839275338927507e+09
8.261260368568036855e-04 -1.947291686498668906e+00 5.487021761359633274e+02 1.963485767489261939e-08 -6.628559070328781999e+00 1.648839275339045525e+09
8.261260368568036855e-04 -1.947291686498668906e+00 5.487021761359633274e+02 1.963485767489261939e-08 -6.628559070328781999e+00 1.648839275339045525e+09
7.998690058804886231e-04 -1.967333260094438430e+00 6.424445109152179612e+02 2.266790399500137475e-08 -4.304304784612339674e+00 1.648839275341163635e+09
8.027987632773344239e-04 -1.965543446112659298e+00 6.081323843965795959e+02 3.000541105020553548e-11 -5.663052147353420551e+00 1.648839275341715813e+09
8.027987632773344239e-04 -1.965543446112659298e+00 6.081323843965795959e+02 3.000541105020553548e-11 -5.663052147353420551e+00 1.648839275341715813e+09
8.329138249801513712e-04 -1.937959206936620715e+00 5.227467293422446346e+02 6.479074640384955590e-12 -3.995079318728807394e+00 1.648839275343566895e+09
8.286564782212189071e-04 -1.941923553036067007e+00 5.192496119830250336e+02 2.573414551837720088e-10 -4.644240487861710953e+00 1.648839275343634129e+09
8.177069703220147612e-04 -1.948179010598784178e+00 5.868745515910663926e+02 8.031530302853125243e-12 -7.778008008187170752e+00 1.648839275343849897e+09
8.214634951033164502e-04 -1.944296872840552748e+00 5.674463651252593763e+02 4.870666718450703001e-13 -7.438770872642902710e+00 1.648839275344593763e+09
7.913030041276497561e-04 -1.972630821718341920e+00 6.594599288435497328e+02 4.141533069182336346e-12 -1.000662603926718575e+00 1.648839275345198870e+09
8.033472746603056124e-04 -1.965026707437393050e+00 6.176529366179426006e+02 1.742377327763029627e-11 -7.192727174326490669e+00 1.648839275346316099e+09
8.067130226471679131e-04 -1.955013344923886454e+00 6.291283082574313994e+02 3.418130255381478495e-11 -7.428676961031292159e+00 1.648839275347154140e+09
8.060608164966076745e-04 -1.956688837624398491e+00 6.059941794247549751e+02 6.236262258896294219e-10 -3.286645982126997545e+00 1.648839275347435713e+09
7.824033629371807260e-04 -1.979024281442474553e+00 7.274611860101807679e+02 7.291401721847414224e-15 -2.790626347285070530e+00 1.648839275347641230e+09
7.899767496370408782e-04 -1.972787525779013951e+00 6.686156265060998294e+02 3.190328191129879588e-09 -1.468901001549524743e+00 1.648839275349712133e+09
8.064342981866575192e-04 -1.955577928982885405e+00 6.326290141887023992e+02 3.187957666231663386e-15 -1.540347067490834831e+00 1.648839275350033998e+09
7.944960201752601214e-04 -1.971000063470109476e+00 6.689530320369815399e+02 3.825712076543188184e-07 -3.877152984704430594e+00 1.648839275350117207e+09
8.437110751017874461e-04 -1.933306642954036203e+00 4.851695371308466065e+02 1.516373530459608613e-08 -5.903296040516218923e+00 1.648839275350257158e+09
8.437110751017874461e-04 -1.933306642954036203e+00 4.851695371308466065e+02 1.516373530459608613e-08 -5.903296040516218923e+00 1.648839275350257158e+09
8.226629803133508325e-04 -1.943410828737551999e+00 5.615670354316722523e+02 6.184373270946711807e-14 -7.892998412057171898e+00 1.648839275351372480e+09
8.226629803133508325e-04 -1.943410828737551999e+00 5.615670354316722523e+02 6.184373270946711807e-14 -7.892998412057171898e+00 1.648839275351372480e+09
7.872174387414099511e-04 -1.975905761198597066e+00 6.934544280990252219e+02 4.009698252521936015e-07 -3.519272487336344568e+00 1.648839275353371143e+09
7.872174387414099511e-04 -1.975905761198597066e+00 6.934544280990252219e+02 4.009698252521936015e-07 -3.519272487336344568e+00 1.648839275353371143e+09
8.161923562288134638e-04 -1.952706780033311329e+00 5.839199085919725576e+02 3.531466560568412860e-09 -5.256939975777896734e-02 1.648839275355576277e+09
8.238873871220091802e-04 -1.943026217505970710e+00 5.594315079433981737e+02 3.865308373878220215e-10 -1.664453294988366139e-01 1.648839275355795622e+09
8.238873871220091802e-04 -1.943026217505970710e+00 5.594315079433981737e+02 3.865308373878220215e-10 -1.664453294988366139e-01 1.648839275355795622e+09
7.871501474703226529e-04 -1.971962912441846960e+00 7.211524094147666801e+02 6.404554373679872965e-12 -1.686893348818757410e+00 1.648839275357569933e+09
8.180846922585169583e-04 -1.949336728023921328e+00 5.831514772323653233e+02 8.857036032967751498e-15 -2.795995514714215702e-01 1.648839275358634472e+09
8.180846922585169583e-04 -1.949336728023921328e+00 5.831514772323653233e+02 8.857036032967751498e-15 -2.795995514714215702e-01 1.648839275358634472e+09
8.112951683771759889e-04 -1.957597966985946236e+00 5.972882944856762606e+02 6.914953049891366283e-14 -7.393694402369980878e+00 1.648839275360460043e+09
7.952783454790512485e-04 -1.964268103845157487e+00 6.770731512515610575e+02 5.932441510228818159e-10 -5.965830060855971340e+00 1.648839275361408949e+09
8.237461414937937701e-04 -1.942868256940971206e+00 5.585271678731684233e+02 6.961190797301827168e-14 -4.921575919885126105e+00 1.648839275361463785e+09
7.854509712797157640e-04 -1.976137635673693271e+00 7.001195022745815777e+02 4.202866931105802274e-13 -2.027999516669876101e-01 1.648839275362138271e+09
7.995542266722066756e-04 -1.961244553900296728e+00 6.649840068988517032e+02 6.655516356962317128e-14 -6.642228509306681516e+00 1.648839275363066196e+09
7.926599753924208321e-04 -1.972514049313612183e+00 6.543150795681203817e+02 2.635167615701971250e-10 -2.176132060408547453e+00 1.648839275364475965e+09
7.926599753924208321e-04 -1.972514049313612183e+00 6.543150795681203817e+02 2.635167615701971250e-10 -2.176132060408547453e+00 1.648839275364475965e+09
8.060733474226912344e-04 -1.962035868091240864e+00 6.336450764187221694e+02 2.334195477972078748e-08 -6.565571391073296681e+00 1.648839275365963936e+09
8.232633622315755403e-04 -1.949023865575361336e+00 5.358492662019247064e+02 5.725619494295441829e-11 -5.333530781967690260e+00 1.648839275368373394e+09
8.232633622315755403e-04 -1.949023865575361336e+00 5.358492662019247064e+02 5.725619494295441829e-11 -5.333530781967690260e+00 1.648839275368373394e+09
7.972002011923656891e-04 -1.962822857226487638e+00 6.697171222617872672e+02 1.392218268578159827e-08 -1.794738846426238155e+00 1.648839275368968010e+09
8.185517069219203513e-04 -1.954078664629147255e+00 5.474633183972266579e+02 1.660133839727571662e-08 -5.151372010864435858e+00 1.648839275369971752e+09
8.338145403034089975e-04 -1.937295503757535897e+00 5.143747083738114725e+02 4.991900471116733604e-13 -6.918963862866869263e+00 1.648839275370493412e+09
7.875139476871783999e-04 -1.975379484413955833e+00 7.116046910027555441e+02 1.547917783006808951e-13 -5.652409303670404839e-01 1.648839275370799780e+09
8.303086393295245216e-04 -1.941314804404518535e+00 5.296363386989282844e+02 8.101839617949958869e-11 -7.050366250874446905e-01 1.648839275372050047e+09
7.866127574989813026e-04 -1.973649990209296323e+00 7.005938851399517944e+02 3.934140981809398708e-15 -7.686817832297478503e+00 1.648839275372740030e+09
8.083450661377185927e-04 -1.953741264531518418e+00 6.143705281420151323e+02 4.529640271531545943e-10 -1.504575368116870315e+00 1.648839275373240709e+09
8.270628250252058580e-04 -1.942513378209494324e+00 5.473736776199995120e+02 3.238427862985942693e-08 -3.880371054667675956e+00 1.648839275373481274e+09
7.906303218472518230e-04 -1.972006425788070949e+00 6.659274769075412905e+02 7.552990406646989888e-13 -1.217356998047595340e+00 1.648839275373566628e+09
8.001533148639038921e-04 -1.967378992550871342e+00 6.312913677999837319e+02 2.386862608103484332e-15 -2.108598463830825054e+00 1.648839275374596357e+09
7.983997808031614764e-04 -1.968785289153341722e+00 6.301486298441418512e+02 1.070645175397494225e-15 -7.148541313976687128e+00 1.648839275374887705e+09
7.959859708737744175e-04 -1.963938560039049319e+00 6.674071304607693946e+02 4.909213686096721840e-14 -4.426039060180768203e+00 1.648839275375125408e+09
8.232378506261696458e-04 -1.944233192529061682e+00 5.412877707522019364e+02 1.339117052498115547e-11 -8.531252247504870212e-01 1.648839275375272512e+09
8.043056884936311979e-04 -1.962356893974952943e+00 5.957597843991474065e+02 1.486093611202353939e-08 -3.134178513402011923e+00 1.648839275375557184e+09
8.216756941110185631e-04 -1.944037997210024571e+00 5.611379070214215972e+02 1.168367226575437938e-14 -6.884933412688157617e+00 1.648839275376768589e+09
7.936155561938901086e-04 -1.966150511987859062e+00 6.913146821643509838e+02 1.759115829926467788e-14 -4.815614730747327599e+00 1.648839275377448559e+09
8.289433616331839645e-04 -1.941409896965958559e+00 5.380401184115886508e+02 5.082402833774361411e-12 -3.012884763991162451e+00 1.648839275377619982e+09
7.861820014759519177e-04 -1.976627103993722656e+00 6.951871594658773574e+02 7.019849855728283637e-13 -2.681107594409887440e+00 1.648839275378847122e+09
7.856415859028807996e-04 -1.977365144399341634e+00 7.093959676546189712e+02 4.491141693195631524e-14 -7.262938581925515891e+00 1.648839275378939629e+09
8.026516787212357182e-04 -1.964558547512157194e+00 6.032176487075394107e+02 2.306584460778428536e-12 -5.619464598163911973e+00 1.648839275379269838e+09
7.885123675305058142e-04 -1.972070959783914557e+00 7.202443086330905544e+02 6.452040592374475483e-11 -2.603502458862854141e-01 1.648839275379283905e+09
7.885123675305058142e-04 -1.972070959783914557e+00 7.202443086330905544e+02 6.452040592374475483e-11 -2.603502458862854141e-01 1.648839275379283905e+09
8.242564485729769307e-04 -1.947413199101000192e+00 5.454272946120771621e+02 8.040046268786655449e-15 -3.791588580040890832e+00 1.648839275379350901e+09
7.877832296125255153e-04 -1.976127120634701750e+00 6.904090800821606990e+02 1.474974401838732837e-11 -2.616212400786821490e-01 1.648839275380321503e+09
7.877832296125255153e-04 -1.976127120634701750e+00 6.904090800821606990e+02 1.474974401838732837e-11 -2.616212400786821490e-01 1.648839275380321503e+09
7.887601655679941058e-04 -1.974564278831565378e+00 7.040468318246551007e+02 2.554185023381143827e-13 -6.815721238409665261e+00 1.648839275380337715e+09
7.886890021456907131e-04 -1.970842823441881553e+00 7.169905442706988197e+02 3.343515314430580721e-10 -1.716399708593229434e+00 1.648839275381775141e+09
8.166584216209057771e-04 -1.954140697502792623e+00 5.527129524567272938e+02 3.211020979746937186e-10 -3.282361696879815049e+00 1.648839275382145166e+09
7.864659616862961075e-04 -1.973535798533899932e+00 7.045885291346711483e+02 1.602184183067830713e-07 -1.096294364327426329e+00 1.648839275383315563e+09
8.273749247060828340e-04 -1.941721939964376364e+00 5.273374133133418127e+02 3.008110296742078919e-14 -5.809620587111401058e+00 1.648839275383384466e+09
7.859069667226975054e-04 -1.973408765123275455e+00 7.276483913270668609e+02 6.046364500585954823e-11 -4.491910840363658508e+00 1.648839275384356022e+09
8.014400155875449783e-04 -1.959172920015330277e+00 6.456976941463054800e+02 5.885882407574408586e-11 -7.216556482766204539e+00 1.648839275384658575e+09
8.196171049108958578e-04 -1.949711379361708907e+00 5.711811420860092312e+02 1.483276594218721050e-14 -7.806175475427452604e+00 1.648839275385070086e+09
7.995483302039556187e-04 -1.966463763669636045e+00 6.169432054544392940e+02 9.470498879436211925e-15 -6.214450599147705034e-01 1.648839275385843277e+09
7.995483302039556187e-04 -1.966463763669636045e+00 6.169432054544392940e+02 9.470498879436211925e-15 -6.214450599147705034e-01 1.648839275385843277e+09
7.910727466565171907e-04 -1.973734774426913585e+00 6.652919028728374542e+02 2.725046498914585540e-12 -7.524434115665042277e+00 1.648839275386045456e+09
7.910727466565171907e-04 -1.973734774426913585e+00 6.652919028728374542e+02 2.725046498914585540e-12 -7.524434115665042277e+00 1.648839275386045456e+09
7.954337986291838474e-04 -1.970114370791732128e+00 6.382091461009434852e+02 2.433899502644573637e-12 -2.126006394552374168e+00 1.648839275386189699e+09
7.954337986291838474e-04 -1.970114370791732128e+00 6.382091461009434852e+02 2.433899502644573637e-12 -2.126006394552374168e+00 1.648839275386189699e+09
7.966197023586276760e-04 -1.965968469461587320e+00 6.385007816196517751e+02 3.990719893614338263e-13 -6.435390308548111449e+00 1.648839275386832952e+09
7.966197023586276760e-04 -1.965968469461587320e+00 6.385007816196517751e+02 3.990719893614338263e-13 -6.435390308548111449e+00 1.648839275386832952e+09
8.067744854626522936e-04 -1.961789047228675198e+00 6.095881547304246624e+02 2.589068345135302173e-14 -5.439506392436334714e+00 1.648839275387698889e+09
8.092769921334219078e-04 -1.953830771400642874e+00 5.968046638056861184e+02 1.359984054858385310e-14 -4.293823330825688345e+00 1.648839275387715340e+09
8.040375922246944824e-04 -1.957382331061860992e+00 6.409572146548696310e+02 1.630788372705097687e-11 -2.729648355103647894e+00 1.648839275388783932e+09
7.999940691664964758e-04 -1.965303206222046128e+00 6.555135232870109121e+02 6.750662737987695325e-10 -5.760689025303391553e+00 1.648839275388890505e+09
8.264065577094874401e-04 -1.946200592645548344e+00 5.296007932216623431e+02 9.049200661085397151e-15 -3.524176285934450981e+00 1.648839275389755011e+09
8.295208587728590717e-04 -1.939274993421447268e+00 5.373163596621928946e+02 5.014536194410195244e-10 -6.296343830083244164e+00 1.648839275390789747e+09
7.654527939355204244e-04 -1.994485211903185062e+00 8.937648803941456208e+02 6.735427043825695673e-09 -7.040159873825103887e+00 1.648839275392245054e+09
7.654527939355204244e-04 -1.994485211903185062e+00 8.937648803941456208e+02 6.735427043825695673e-09 -7.040159873825103887e+00 1.648839275392245054e+09
8.296422514470703146e-04 -1.941004724759177735e+00 5.350164617934507305e+02 1.943548124331556416e-06 -5.911149251756278034e-01 1.648839275392251492e+09
8.173210738303349427e-04 -1.953240225884626202e+00 5.691974559516978616e+02 1.990930850033467458e-14 -4.483371456657152976e+00 1.648839275394127369e+09
8.173210738303349427e-04 -1.953240225884626202e+00 5.691974559516978616e+02 1.990930850033467458e-14 -4.483371456657152976e+00 1.648839275394127369e+09
8.187823453310841444e-04 -1.946087747438299154e+00 5.729776968265672394e+02 2.985629472047637471e-12 -5.864931665109457626e+00 1.648839275395157814e+09
7.905397669081031453e-04 -1.968806381661368565e+00 6.999919429744634272e+02 2.406280336569004386e-10 -3.893033333521298545e-01 1.648839275396074057e+09
8.187706625216982243e-04 -1.947523890388080048e+00 5.555820097890670013e+02 3.492273554622159647e-08 -7.669529746408594306e-01 1.648839275397576571e+09
7.845280577440386571e-04 -1.974522360074511651e+00 7.337188108971753309e+02 1.573445512293324061e-10 -6.858844415426614383e+00 1.648839275398021698e+09
8.169535660762551350e-04 -1.947392400549644131e+00 5.794697731614128315e+02 1.815203256136967116e-14 -4.881412675094862763e+00 1.648839275399039030e+09
7.912564215769690278e-04 -1.969445457497745577e+00 6.741383806663003497e+02 4.865597900521979073e-10 -3.294693827346976356e+00 1.648839275399086475e+09
7.912564215769690278e-04 -1.969445457497745577e+00 6.741383806663003497e+02 4.865597900521979073e-10 -3.294693827346976356e+00 1.648839275399086475e+09
8.194692841874254069e-04 -1.952186446958506405e+00 5.501409277681473213e+02 9.923801998262296416e-14 -2.387967414379108533e+00 1.648839275400035381e+09
7.844221541380666822e-04 -1.977898142156863992e+00 7.154538722966409523e+02 1.663187858150396242e-12 -8.404959883820808386e-01 1.648839275401164055e+09
7.844221541380666822e-04 -1.977898142156863992e+00 7.154538722966409523e+02 1.663187858150396242e-12 -8.404959883820808386e-01 1.648839275401164055e+09
7.850018144562931127e-04 -1.974488257840475880e+00 7.224275974027711982e+02 1.883150290653152550e-08 -2.695330679013098418e+00 1.648839275401281118e+09
8.030380467446564903e-04 -1.958395514702018669e+00 6.471815192426824979e+02 2.104168365835958487e-09 -1.088361502817764226e+00 1.648839275401325703e+09
8.080476231707637950e-04 -1.959054442670517426e+00 6.176081879901225875e+02 1.147032816217297387e-12 -7.249666984821008242e-01 1.648839275401463747e+09
8.057999486866020957e-04 -1.962401440461333912e+00 5.911096037966173071e+02 2.455221134872608309e-09 -4.829203926038099226e-01 1.648839275401620865e+09
8.045159219103603394e-04 -1.962880826281179658e+00 5.953844916883201677e+02 6.678137914159364561e-14 -6.261170715510985474e+00 1.648839275402021408e+09
8.166722630140014778e-04 -1.954398679908089909e+00 5.556566166801080726e+02 3.327642996021833485e-14 -1.654303870097961315e+00 1.648839275402226686e+09
7.939592655640414663e-04 -1.968631714861713622e+00 6.964390739673766575e+02 6.929618200272921067e-07 -5.706766078248826091e-02 1.648839275403033733e+09
7.969162419355389293e-04 -1.963768628005807315e+00 6.529208990715625305e+02 3.615006492036029585e-09 -1.375058971341413638e+00 1.648839275403785706e+09
7.806856002374337961e-04 -1.981831161697114707e+00 7.606698225530832360e+02 1.034995663827492024e-08 -5.903406136982072283e+00 1.648839275403845549e+09
8.312453846659111989e-04 -1.939810040351010123e+00 5.154486532249765105e+02 6.329375118432541617e-12 -4.757131945301166454e+00 1.648839275404153824e+09
8.245030156838164181e-04 -1.942776411837910722e+00 5.374602041194115145e+02 3.010946822223564604e-09 -5.963516716363973735e+00 1.648839275404664516e+09
7.936157413159046145e-04 -1.972495527198543819e+00 6.527519923474530970e+02 5.002494195517301522e-10 -6.481414103018316553e+00 1.648839275404899597e+09
8.096584736444365979e-04 -1.956821723664921908e+00 6.152911968856589056e+02 2.237153810151000066e-14 -3.791557431864490013e+00 1.648839275405237913e+09
8.096584736444365979e-04 -1.956821723664921908e+00 6.152911968856589056e+02 2.237153810151000066e-14 -3.791557431864490013e+00 1.648839275405237913e+09
7.979584267549681481e-04 -1.968001841799055018e+00 6.547420343967941108e+02 8.470194695012601906e-12 -6.830773560567287461e+00 1.648839275410321712e+09
7.902727345759066793e-04 -1.970116592116781362e+00 6.818896089200120514e+02 3.346120134885536662e-11 -3.645438741830428597e+00 1.648839275411624432e+09
7.947984021105153384e-04 -1.970684639238675206e+00 6.427328354418979188e+02 7.627606906787060180e-11 -1.240631500384875352e+00 1.648839275411631107e+09
7.947984021105153384e-04 -1.970684639238675206e+00 6.427328354418979188e+02 7.627606906787060180e-11 -1.240631500384875352e+00 1.648839275411631107e+09
7.918646236562739554e-04 -1.971008900755885751e+00 6.596135301455622084e+02 1.079225112813566926e-12 -1.253591470927007734e+00 1.648839275412737370e+09
8.246885478774402091e-04 -1.945118304098938822e+00 5.299274001296323604e+02 1.486840192915544396e-15 -1.814002080931901517e+00 1.648839275413312435e+09
8.376238500002829547e-04 -1.937120642165647721e+00 5.071787300152385569e+02 8.750311525968473049e-08 -5.110604392832138743e+00 1.648839275413410187e+09
8.010195745864133162e-04 -1.961193354777631903e+00 6.600699942841118855e+02 5.053880240498198934e-13 -6.998206695721160386e+00 1.648839275413563013e+09
7.999637738019688962e-04 -1.966741882895529869e+00 6.164998881246077644e+02 1.417460725973506434e-11 -5.314175042371118707e-01 1.648839275413740158e+09
7.829590447407020924e-04 -1.977222622958178189e+00 7.316207709758421061e+02 1.198239048672583454e-15 -1.937116474721074511e-01 1.648839275414097786e+09
7.829590447407020924e-04 -1.977222622958178189e+00 7.316207709758421061e+02 1.198239048672583454e-15 -1.937116474721074511e-01 1.648839275414097786e+09
8.175932184572153472e-04 -1.947093292469253001e+00 5.715777459405887839e+02 1.504584097028268246e-10 -6.242515686772396322e+00 1.648839275414432049e+09
8.248483286523897954e-04 -1.943284940649556258e+00 5.336622072112568276e+02 4.069223526942204695e-10 -6.849337014431613468e+00 1.648839275414921761e+09
8.096709754856532644e-04 -1.958255554719337432e+00 5.751908027159458925e+02 1.972787072158726650e-11 -3.808893470193015496e+00 1.648839275415201902e+09
8.098110959757178406e-04 -1.955450006866604529e+00 5.816659506235696426e+02 1.053112313857717818e-15 -5.811654351194509793e+00 1.648839275415936470e+09
8.177410144137839442e-04 -1.951387949798977006e+00 5.482769707943616595e+02 1.359850040743147836e-11 -2.519328295271161977e+00 1.648839275416031361e+09
7.962569992382384455e-04 -1.965552202254615466e+00 6.452404930569703083e+02 5.333647261184459644e-09 -9.564295821653043816e-01 1.648839275416819811e+09
7.962569992382384455e-04 -1.965552202254615466e+00 6.452404930569703083e+02 5.333647261184459644e-09 -9.564295821653043816e-01 1.648839275416819811e+09
8.147876613558769406e-04 -1.954079806100295968e+00 5.573706163206738893e+02 1.404352733566090448e-13 -5.436436039033660350e+00 1.648839275416948557e+09
8.096536191470219768e-04 -1.958903285613571299e+00 5.754759534144546933e+02 1.419291180843248493e-11 -3.274547700927313620e+00 1.648839275418879747e+09
7.965431462140594486e-04 -1.968995622805143952e+00 6.326976303847939107e+02 2.671591354206306299e-14 -6.921832784481977363e+00 1.648839275419418335e+09
8.175351083281900445e-04 -1.951223912898064849e+00 5.816714500491406170e+02 4.495692767382871938e-07 -1.002702015240766187e-01 1.648839275420038700e+09
8.196591333799924150e-04 -1.946213636567129868e+00 5.759818613486297636e+02 4.340617447964360746e-14 -7.856342532913135557e+00 1.648839275420332670e+09
7.886195872144503025e-04 -1.974708551360754960e+00 7.026289186425694879e+02 6.630982511390007649e-14 -1.480743662811221384e+00 1.648839275421129704e+09
7.961866548432499887e-04 -1.964170926434219755e+00 6.603614020992157521e+02 1.512419003769191855e-14 -4.863371039414206898e+00 1.648839275421816349e+09
8.167146500885869801e-04 -1.952168268616574665e+00 5.813824165982061913e+02 9.146369963120028324e-13 -2.662771956908617454e+00 1.648839275422219276e+09
7.829695543089557281e-04 -1.977911930242435723e+00 7.294305355128291239e+02 3.447512753041712033e-12 -5.149822247449264090e+00 1.648839275422868967e+09
8.323547827415360770e-04 -1.939117163709387803e+00 5.140271660514376890e+02 6.285005755646990250e-13 -6.016377293851018493e+00 1.648839275423099041e+09
7.826878000495718487e-04 -1.976929581510688649e+00 7.430234981201829214e+02 6.038298343071654319e-09 -4.771938477762772024e+00 1.648839275423323154e+09
8.075556371658628796e-04 -1.960024797223990589e+00 6.156204556390488278e+02 9.637639810289336204e-10 -3.390990939961309181e-01 1.648839275424282551e+09
7.871565623425453694e-04 -1.976014746678860234e+00 6.907968835893443611e+02 3.103601786190600601e-12 -3.851903473632660280e+00 1.648839275424384832e+09
8.028180956225169137e-04 -1.962467902093046224e+00 6.046671657140566367e+02 2.809944412483296713e-15 -6.654805489412385811e+00 1.648839275424845457e+09
8.070522244010742714e-04 -1.955998134002944866e+00 6.027248441309791360e+02 1.202540481744839237e-14 -4.944904199584438942e+00 1.648839275426157951e+09
7.891930942156495958e-04 -1.971052754063056689e+00 7.153661548789642666e+02 1.847254674600643625e-13 -4.683895197583680670e-01 1.648839275426257372e+09
7.984126218513869786e-04 -1.967126729525690454e+00 6.568709914774858589e+02 2.323687362296224641e-12 -1.651237546849197990e+00 1.648839275426924467e+09
8.037740428711337730e-04 -1.966744148113254820e+00 5.868305611058901832e+02 4.029124318329427825e-08 -5.593270423230922717e+00 1.648839275427723408e+09
8.165210344874844397e-04 -1.950478153477166909e+00 5.872710972922383235e+02 1.090043602940750289e-06 -1.484532850119570035e+00 1.648839275428004742e+09
7.827119158902267866e-04 -1.976285294643985058e+00 7.542322097482857544e+02 1.114943119005111091e-07 -5.180469400624222231e+00 1.648839275428346872e+09
8.066825606577302833e-04 -1.957841681025644487e+00 5.943581042391923575e+02 2.639826073131721939e-12 -2.836678243029573387e+00 1.648839275428417444e+09
7.837065070815811595e-04 -1.977405113662707770e+00 7.192657418358008954e+02 7.551679629822366212e-12 -1.468256581832674712e+00 1.648839275428809404e+09
8.304776939122421580e-04 -1.938984076470118278e+00 5.290449890337399665e+02 2.423378881825589550e-13 -3.064123049710437918e+00 1.648839275429165602e+09
8.180532022109684651e-04 -1.949058911417900219e+00 5.533123386418434393e+02 1.973521466453102501e-13 -7.500440782638016834e+00 1.648839275429566383e+09
8.228706975629166776e-04 -1.947488930637808036e+00 5.560623698446336221e+02 1.084110191987438687e-12 -3.554581815124280730e+00 1.648839275429724932e+09
8.228706975629166776e-04 -1.947488930637808036e+00 5.560623698446336221e+02 1.084110191987438687e-12 -3.554581815124280730e+00 1.648839275429724932e+09
8.071406399800488008e-04 -1.958746347547884348e+00 5.877282150380914345e+02 9.471290906339599537e-11 -3.388941378882585731e+00 1.648839275430849314e+09
8.188234643624044216e-04 -1.946867743766291348e+00 5.799969740202166122e+02 1.840765659295571817e-08 -3.886240686310057590e+00 1.648839275433369398e+09
8.025116819459101160e-04 -1.963874544090912000e+00 6.382856042227466560e+02 1.024539836619346655e-07 -1.925260267082900434e+00 1.648839275433550119e+09
8.025116819459101160e-04 -1.963874544090912000e+00 6.382856042227466560e+02 1.024539836619346655e-07 -1.925260267082900434e+00 1.648839275433550119e+09
7.922293158717403109e-04 -1.972200127713099826e+00 6.569353133118379446e+02 1.297129364407886179e-08 -1.917618445583952003e+00 1.648839275434418440e+09
8.124633807930682237e-04 -1.953011496038506767e+00 5.702958671846117795e+02 1.148753936069536221e-08 -5.316420007523875668e+00 1.648839275434601307e+09
7.938211367576287689e-04 -1.966051498105287010e+00 6.770109193194222144e+02 1.063329322908814673e-13 -6.676477492494035104e+00 1.648839275434928179e+09
8.077260637014652567e-04 -1.958854263206529556e+00 6.208839092703985898e+02 7.341580913989130271e-15 -1.685179339117972575e+00 1.648839275435844660e+09
8.178196020206951336e-04 -1.949921057837007421e+00 5.823194371703734760e+02 1.045563989342295839e-08 -3.717627208334382871e+00 1.648839275435857534e+09
7.882308467843408958e-04 -1.970429071284893086e+00 7.102760021742220715e+02 5.706534228451236326e-08 -4.432111469792211267e+00 1.648839275436619997e+09
8.106139502572655203e-04 -1.955589319831392725e+00 5.759916900597938820e+02 1.041244856306126202e-08 -2.512966792765259250e+00 1.648839275436873913e+09
8.035639651202173368e-04 -1.964772610722166135e+00 6.087775462503451536e+02 3.498460284096051391e-15 -6.965197199593617938e+00 1.648839275436960936e+09
7.846121214699703283e-04 -1.976109573771232419e+00 7.317051084112832768e+02 2.759424682358033922e-12 -4.307314994485953896e+00 1.648839275438130140e+09
7.846121214699703283e-04 -1.976109573771232419e+00 7.317051084112832768e+02 2.759424682358033922e-12 -4.307314994485953896e+00 1.648839275438130140e+09
8.011091917285721904e-04 -1.961046230784467381e+00 6.617222267620113598e+02 7.516225802445343651e-11 -7.745025774789656481e+00 1.648839275438941956e+09
8.137992976298967810e-04 -1.950210397335549128e+00 5.989744912867591893e+02 8.476105751051545163e-14 -4.481618631911981510e+00 1.648839275440821886e+09
8.137992976298967810e-04 -1.950210397335549128e+00 5.989744912867591893e+02 8.476105751051545163e-14 -4.481618631911981510e+00 1.648839275440821886e+09
7.892941819620274317e-04 -1.970410736118552997e+00 7.114588548258645915e+02 5.561469657967971468e-12 -4.927636834958271095e-01 1.648839275441854000e+09
8.019256477164443805e-04 -1.959489262618873351e+00 6.319153253466330398e+02 2.384036983438061632e-12 -7.327321980899886178e+00 1.648839275442200184e+09
8.240778548007274794e-04 -1.942898091717725206e+00 5.467206077031540872e+02 1.854063020231539596e-08 -1.901032499660233910e+00 1.648839275442554712e+09
7.846325054538061481e-04 -1.975108025271052004e+00 7.271985205465566651e+02 1.767442282563884020e-09 -1.381747064134626335e+00 1.648839275443073034e+09
7.846325054538061481e-04 -1.975108025271052004e+00 7.271985205465566651e+02 1.767442282563884020e-09 -1.381747064134626335e+00 1.648839275443073034e+09
8.199813422496400953e-04 -1.947638786045074122e+00 5.473861706946119057e+02 1.703822856144720273e-10 -8.256980788174157482e-01 1.648839275448307276e+09
8.383984242136907237e-04 -1.933460294358154918e+00 5.097368959845437075e+02 3.857348857868981997e-08 -5.099233299594569502e+00 1.648839275448565722e+09
8.090915370324389816e-04 -1.957072139201062821e+00 5.808655558572266955e+02 2.989276000309966865e-11 -4.214949097733055261e+00 1.648839275448766470e+09
8.196775514673274162e-04 -1.951758505090154472e+00 5.535496541036177405e+02 6.785502166824829145e-08 -8.011719873291456295e-01 1.648839275448801279e+09
8.155255034584391050e-04 -1.955059545849171299e+00 5.585808393865577273e+02 2.126098002958514914e-13 -6.919959640212755225e+00 1.648839275449875116e+09
7.948359114823491537e-04 -1.965791941892565120e+00 6.876149880711310516e+02 1.511555675870579694e-10 -5.661273053687697399e+00 1.648839275451163054e+09
7.922297265379982549e-04 -1.972387358567381010e+00 6.580706244526620594e+02 4.583606163806494519e-12 -4.786647548546765663e+00 1.648839275451982260e+09
8.252618660193545208e-04 -1.944974197831622620e+00 5.281834618727600628e+02 2.088670660129892602e-11 -7.258750584551563634e+00 1.648839275452252150e+09
8.148920898993522888e-04 -1.948557336046511157e+00 5.899961523458207466e+02 8.448682555334657878e-07 -2.062653776081448953e-01 1.648839275453003645e+09
7.924124000352463990e-04 -1.969447615513804539e+00 6.621834954509442923e+02 1.676638322032747008e-09 -3.261681868148391672e-01 1.648839275453928232e+09
8.123706225125335760e-04 -1.951126287857122943e+00 6.033681534264259199e+02 8.467272845412005001e-15 -1.563842896017355599e+00 1.648839275453996420e+09
7.930966182673186054e-04 -1.971715966302588940e+00 6.759389788303409432e+02 6.783381005066168689e-11 -1.896091742274894187e+00 1.648839275454184055e+09
8.124014014080315187e-04 -1.957812951195735396e+00 5.758063478726292033e+02 3.535797805550690469e-13 -3.368701481245965468e+00 1.648839275454649687e+09
8.422426105229569417e-04 -1.932570429393241751e+00 4.849123711502185188e+02 4.575731540269581007e-08 -5.146977255988657518e+00 1.648839275455533743e+09
7.998124443555938842e-04 -1.964051439176171199e+00 6.213188135161815353e+02 1.394998431796424806e-12 -8.718449885510857200e-01 1.648839275456752539e+09
8.270741907538927329e-04 -1.942926946933597465e+00 5.437662027741507700e+02 1.498275063043604112e-15 -5.263853873317782650e+00 1.648839275457660913e+09
8.133389447316837634e-04 -1.951029588989669605e+00 5.826679933363005830e+02 2.276887226758994246e-06 -3.044089756399532831e-01 1.648839275457957983e+09
8.046140384665861900e-04 -1.958522676127611106e+00 6.090018077198586752e+02 4.842779050293808151e-10 -2.455151673246404265e+00 1.648839275458200455e+09
8.162808567955767182e-04 -1.948403616142926342e+00 5.878574581157466810e+02 1.741322755696506908e-11 -4.688381924099855880e-01 1.648839275460017204e+09
8.315632955248988302e-04 -1.938788385426324368e+00 5.220419251448312252e+02 7.256791916589010193e-15 -3.317526701095523833e+00 1.648839275460221291e+09
8.243360180107993981e-04 -1.942640338035827696e+00 5.483241995845726251e+02 1.809770460075185215e-10 -4.031679674753431364e+00 1.648839275460393429e+09
8.044115676106515078e-04 -1.960721390158752797e+00 6.010218271812706234e+02 3.303470949251067635e-07 -1.686883972827458500e+00 1.648839275461077929e+09
8.218371445848402608e-04 -1.948296765426043686e+00 5.368376552724755584e+02 1.529154435812969037e-11 -4.000404598764074393e+00 1.648839275463675499e+09
8.093242437831768511e-04 -1.954977146620026751e+00 5.888353030760895308e+02 2.233808750441068955e-13 -1.826549039821028231e-01 1.648839275463885069e+09
7.975084846740167904e-04 -1.968657546137405179e+00 6.515579323979125093e+02 3.110134784396675148e-09 -3.044611125280740183e+00 1.648839275464032650e+09
8.014517985876699587e-04 -1.966150083678919191e+00 6.270090190167759374e+02 6.095332444304425597e-11 -6.703343540749719054e+00 1.648839275464196444e+09
8.014517985876699587e-04 -1.966150083678919191e+00 6.270090190167759374e+02 6.095332444304425597e-11 -6.703343540749719054e+00 1.648839275464196444e+09
8.071571622557850581e-04 -1.955069544887503064e+00 6.249247528021916196e+02 3.544777133846136496e-14 -6.770622211525177292e+00 1.648839275465676308e+09
8.108340320451403816e-04 -1.957989236288869783e+00 6.084117505819327789e+02 3.061181761487201044e-08 -5.215479101581274257e+00 1.648839275465742588e+09
8.096708647570447989e-04 -1.959889298721204653e+00 5.903119995593654039e+02 4.797970794164720102e-11 -6.860139153045473392e+00 1.648839275466086388e+09
8.047202810010512918e-04 -1.957409579430020141e+00 6.395291727455015689e+02 7.584728188433667573e-11 -4.106774342330599126e-01 1.648839275467213392e+09
8.248508540789396435e-04 -1.943878613320946691e+00 5.392798477167492592e+02 1.044597301292482250e-07 -5.263310230157992819e+00 1.648839275467527628e+09
7.839618895570998674e-04 -1.978301687825473110e+00 7.166880445277851095e+02 7.142590776710446636e-10 -6.142356620103285536e+00 1.648839275469333649e+09
8.115748507253506445e-04 -1.952206659413455059e+00 6.093774542371887719e+02 8.983574968065124240e-13 -4.319127746974023907e+00 1.648839275469517946e+09
8.169964765858077739e-04 -1.952899967971998940e+00 5.737093607635454191e+02 1.521573716875482751e-11 -6.344073723221995920e+00 1.648839275470528126e+09
8.067876173422763647e-04 -1.958622008688559291e+00 5.912412686296328275e+02 7.532185484799471763e-08 -1.643759500682151931e+00 1.648839275470635414e+09
7.843770422482330713e-04 -1.976760248944707365e+00 7.261249734148962034e+02 6.336790267514947853e-08 -2.692854641230035817e+00 1.648839275471355200e+09
7.947531171935129628e-04 -1.969927021519066290e+00 6.431244159787153194e+02 1.810642635591963358e-11 -4.218673080574636636e+00 1.648839275471984863e+09
7.956860310204328431e-04 -1.969462037703592738e+00 6.731346989103736860e+02 1.333698171289906205e-06 -7.706381421270336318e-03 1.648839275472333193e+09
7.910969676182541066e-04 -1.973146646506455770e+00 6.853101750402149719e+02 1.946367343794924994e-14 -7.128681671405940001e+00 1.648839275472451925e+09
8.115928912613137522e-04 -1.957127139480197009e+00 5.639295907307164271e+02 1.243880233536353746e-07 -4.832297680415178931e+00 1.648839275472513914e+09
8.032570114167531059e-04 -1.959595359191604658e+00 6.152397545918313426e+02 5.216272117670949974e-15 -4.074043708009318365e+00 1.648839275472756147e+09
8.260763920588542640e-04 -1.945962911063530143e+00 5.278515416743300648e+02 1.543697809654058873e-15 -1.704594082149588630e-01 1.648839275473068476e+09
8.260763920588542640e-04 -1.945962911063530143e+00 5.278515416743300648e+02 1.543697809654058873e-15 -1.704594082149588630e-01 1.648839275473068476e+09
8.160371018218104573e-04 -1.954445037281155706e+00 5.559733293550675626e+02 1.910704638595132300e-11 -7.161426930036233429e+00 1.648839275474161386e+09
7.980807154241289581e-04 -1.966724902701219690e+00 6.263282098602145425e+02 2.686782752623477085e-13 -7.741939667976279971e+00 1.648839275474697828e+09
7.874592735864582946e-04 -1.975854843675900252e+00 6.975226469759492147e+02 9.025840012150142028e-12 -3.482327925271992974e+00 1.648839275474986553e+09
8.217423185609931029e-04 -1.946691704888727781e+00 5.656929413227776422e+02 1.390519867950750154e-07 -1.744556953933520838e+00 1.648839275474987268e+09
8.217423185609931029e-04 -1.946691704888727781e+00 5.656929413227776422e+02 1.390519867950750154e-07 -1.744556953933520838e+00 1.648839275474987268e+09
8.025239491623205454e-04 -1.965302019802167344e+00 6.101308550884759825e+02 4.086114055156664648e-14 -4.341542363205173061e+00 1.648839275475451469e+09
8.014149554227153029e-04 -1.961463820281676540e+00 6.209210646449171236e+02 8.525507242742482134e-10 -3.545207808328036059e+00 1.648839275477414846e+09
8.070836852489322475e-04 -1.960577200428533562e+00 6.152456876776706167e+02 1.291113012150475415e-14 -7.728139427384630444e+00 1.648839275477515221e+09
8.070836852489322475e-04 -1.960577200428533562e+00 6.152456876776706167e+02 1.291113012150475415e-14 -7.728139427384630444e+00 1.648839275477515221e+09
8.321091745995228125e-04 -1.938575273146192490e+00 5.270433516309504967e+02 2.993474914774528741e-10 -7.081089153316405316e+00 1.648839275477589846e+09
8.289623975618439422e-04 -1.940158650305472632e+00 5.293739219509061513e+02 7.432319888397051731e-09 -1.870267042531404300e+00 1.648839275477957010e+09
7.932316111704917471e-04 -1.971688722213146283e+00 6.530151384210871583e+02 5.360560162923824304e-08 -3.164228932376627057e+00 1.648839275479348183e+09
8.017730182961851871e-04 -1.959825453762988001e+00 6.528423983110069457e+02 3.369296545157900975e-14 -4.307329841351371869e+00 1.648839275481171370e+09
8.196446667486773346e-04 -1.946209777966611876e+00 5.553549379599357962e+02 9.154793395973282793e-11 -7.969845207726136138e+00 1.648839275482491732e+09
7.884536669675030855e-04 -1.975244999543689595e+00 6.901684813220748538e+02 1.257819187088705263e-13 -2.822210286952350877e+00 1.648839275482597589e+09
7.997642496903579167e-04 -1.961175249048646041e+00 6.582995205495111577e+02 7.990786111214529803e-08 -2.628981330094918967e+00 1.648839275482881784e+09
8.415349680658016848e-04 -1.932987832047385446e+00 4.941885163702890509e+02 2.503506142691893725e-08 -5.356300246032994927e+00 1.648839275483076811e+09
8.238938134317398470e-04 -1.944414651394392513e+00 5.378414114043265499e+02 2.447790830440005487e-12 -7.306058750856704975e+00 1.648839275483378410e+09
7.952630427852756942e-04 -1.969068047527249732e+00 6.407626920916903828e+02 4.899484414903768333e-10 -4.200204280365824161e+00 1.648839275483392954e+09
8.260487992848268178e-04 -1.941817440010201068e+00 5.468724186180850211e+02 1.157311303951745705e-13 -5.585267934695765213e+00 1.648839275483948708e+09
8.188479530500138420e-04 -1.946499771162306880e+00 5.661806269371297731e+02 6.192615361875828157e-09 -8.475801139445051646e-01 1.648839275484047651e+09
7.879214661596174382e-04 -1.973236473055871798e+00 6.908327743486460122e+02 2.635805675263872512e-15 -5.725812413260911171e+00 1.648839275486322641e+09
8.037600614521608943e-04 -1.968999527849502940e+00 6.075102622903294787e+02 6.196990994606317974e-09 -7.190848339888066931e+00 1.648839275486327410e+09
7.960252898619133441e-04 -1.963936081385660337e+00 6.740068065619047957e+02 5.526202304866777014e-10 -6.258756081952281392e+00 1.648839275487150192e+09
8.004205514215502774e-04 -1.960854891327308058e+00 6.387751070652420822e+02 7.051076397861807610e-13 -6.433727995603773842e+00 1.648839275487639427e+09
7.962148052739397106e-04 -1.969641011430457667e+00 6.564347700673116606e+02 7.791345640164223365e-13 -2.986112742317381219e+00 1.648839275487834454e+09
8.309368988009420941e-04 -1.940228470820546391e+00 5.257596695970198653e+02 2.003626989610911682e-09 -3.980614465322247497e+00 1.648839275487977505e+09
8.150614864640345902e-04 -1.954942441412170329e+00 5.626929538008739655e+02 1.103971013605764003e-06 -1.228951068382686529e+00 1.648839275488337755e+09
8.054604374090951939e-04 -1.956332043380415442e+00 6.273131106787311637e+02 1.098109122098654462e-12 -7.147526953821932594e+00 1.648839275488712072e+09
8.093826912803841556e-04 -1.955994527653521775e+00 6.185933290484242661e+02 1.808824927371688553e-12 -5.134056157086455130e-01 1.648839275488982439e+09
7.869628789711069364e-04 -1.973304414514015726e+00 7.040558702975596361e+02 1.526649580533743099e-12 -8.753584344939566719e-01 1.648839275489475965e+09
7.990101124684961678e-04 -1.967729592864609245e+00 6.405523486689089623e+02 3.147667795850650142e-15 -7.492152252724996409e+00 1.648839275489713907e+09
8.249143731373482190e-04 -1.947097368690255070e+00 5.329265481215447835e+02 3.126931412249253095e-13 -5.103704795024137653e+00 1.648839275489733696e+09
8.033367547003495042e-04 -1.963802773876385022e+00 6.289523855517508082e+02 1.863049446331491437e-10 -5.701161392278359941e+00 1.648839275491441965e+09
8.060330744510349086e-04 -1.962719886835399663e+00 6.007210710478038891e+02 1.677300453682106436e-12 -5.964230697159059957e+00 1.648839275492491245e+09
8.269815678968322776e-04 -1.941680739798265609e+00 5.447036821631196517e+02 8.923940079567902813e-09 -3.772888210986145907e+00 1.648839275492527485e+09
8.306829056223514291e-04 -1.941404670115667308e+00 5.429765743273646876e+02 5.589537576776311808e-09 -6.785310359367244359e+00 1.648839275493526459e+09
7.962700377054797614e-04 -1.965062582178046302e+00 6.508488393481421781e+02 4.023233208043840387e-14 -5.037726314397723115e+00 1.648839275493738890e+09
8.258181003373179629e-04 -1.945532171500219398e+00 5.272039142215198808e+02 3.210840700637510359e-13 -4.124006960099602992e+00 1.648839275493843555e+09
7.970648764873732375e-04 -1.968947344684653711e+00 6.328213723430972095e+02 9.663702959339892385e-12 -7.645961736417032029e+00 1.648839275494066954e+09
7.910195270239841429e-04 -1.972584895834357255e+00 6.655783970575126887e+02 3.145628618107785239e-13 -7.512240172935239713e+00 1.648839275494788885e+09
7.984261339732701699e-04 -1.962343096637597872e+00 6.516257762647957179e+02 2.110137668538869419e-14 -2.745627673726688478e+00 1.648839275495319128e+09
7.995569724994452173e-04 -1.965660901107061598e+00 6.194089555861353347e+02 1.810941269576957527e-09 -4.019421040786212096e+00 1.648839275496180534e+09
8.011976615470005770e-04 -1.964082904658789763e+00 6.485404157885508312e+02 5.293622340478989038e-15 -6.497759929358252862e+00 1.648839275496966839e+09
7.885757414595711678e-04 -1.974181523253471626e+00 7.051824182686241329e+02 1.176846822555995873e-10 -3.875678671671948905e+00 1.648839275499580860e+09
8.004388933584974169e-04 -1.966932881763027385e+00 6.255418901437374188e+02 1.896441815010989327e-11 -2.165505419720136437e+00 1.648839275499943256e+09
8.261990376864660444e-04 -1.943422058089663285e+00 5.468525964355634414e+02 3.201514911294441777e-11 -4.231043174685543917e+00 1.648839275500202417e+09
8.264712326976063643e-04 -1.945423838324313426e+00 5.271210915390811351e+02 4.821981244058618825e-09 -1.801330710613903818e+00 1.648839275500208378e+09
7.852953052163239847e-04 -1.975758972675812908e+00 7.243433772903620138e+02 1.015986484566417980e-13 -6.339753487729986148e+00 1.648839275501525164e+09
8.048682268795473004e-04 -1.956935015180939930e+00 6.248994280484649835e+02 1.342575789845481775e-10 -3.083585062284319278e+00 1.648839275501670122e+09
8.256946005385814007e-04 -1.942689448919289186e+00 5.499200653951174900e+02 4.002897866257384140e-12 -7.389813336206501937e+00 1.648839275502071619e+09
8.086446380858922480e-04 -1.951334362895152497e+00 6.271413490488838534e+02 7.823060960937824505e-09 -6.676602802651185442e+00 1.648839275502623081e+09
7.957812462663984036e-04 -1.972388887240434485e+00 6.553957626474541485e+02 2.159120918404922653e-09 -7.000817754102987678e+00 1.648839275502824306e+09
7.957812462663984036e-04 -1.972388887240434485e+00 6.553957626474541485e+02 2.159120918404922653e-09 -7.000817754102987678e+00 1.648839275502824306e+09
7.946010573295169245e-04 -1.970407117917789552e+00 6.454222495058920686e+02 3.617221583997260509e-15 -1.848069995756362438e+00 1.648839275503007174e+09
8.020581216387266763e-04 -1.959488509887938434e+00 6.487427507665366875e+02 1.171929724808113574e-07 -2.851859411488400831e+00 1.648839275503125668e+09
8.097271452036388208e-04 -1.959795560351101251e+00 5.846517166156608027e+02 1.645965318239881179e-15 -2.924039576091748138e+00 1.648839275504002333e+09
8.090658114652961959e-04 -1.960196266874793869e+00 5.950877783723701668e+02 4.483020087470545141e-07 -6.078670628711826396e-01 1.648839275504080296e+09
7.993546695608827078e-04 -1.966792563139092120e+00 6.470140859611584574e+02 4.512512911547807668e-13 -6.174676871408903089e+00 1.648839275504248381e+09
8.205152807598535851e-04 -1.949984625956939333e+00 5.411927265963604441e+02 1.948421843748395194e-08 -1.643527066298702266e-01 1.648839275504440546e+09
8.245424117664891181e-04 -1.944554547532848510e+00 5.551201331836809914e+02 1.252315511608719394e-09 -5.642116091508802000e+00 1.648839275504531622e+09
7.934094087611444183e-04 -1.968176180062428005e+00 6.932840539991588003e+02 4.886845103238562269e-12 -8.833617810720539865e-02 1.648839275504978657e+09
8.102879740352187223e-04 -1.953994373397485163e+00 6.137791878265580863e+02 4.574751117225915692e-07 -2.086119459445725077e+00 1.648839275505419731e+09
8.265028631356748133e-04 -1.945348597349567443e+00 5.270201828463657421e+02 7.214932400045881874e-12 -3.010880785844092244e-01 1.648839275505515337e+09
8.172808567827042269e-04 -1.952766909768864245e+00 5.504581261142507174e+02 1.278129808650786522e-09 -5.158823782922018708e+00 1.648839275505701065e+09
8.264281026959844571e-04 -1.943830241788552904e+00 5.442239447260672023e+02 1.294069548990309438e-11 -6.370837243066565847e+00 1.648839275505987644e+09
8.265421092732328119e-04 -1.945566962319932092e+00 5.308571767385010389e+02 9.745318249210232063e-12 -7.076113956660154081e+00 1.648839275505991220e+09
7.969116821118868042e-04 -1.969492395435956222e+00 6.417093673445950799e+02 2.520134493329700171e-09 -3.361250886571093055e+00 1.648839275506320477e+09
8.079913737100871641e-04 -1.961138544280245810e+00 5.906366293811472588e+02 2.622451837775884373e-12 -8.745615076503971963e-01 1.648839275506932020e+09
8.052502248995971855e-04 -1.961245816118026619e+00 6.279977503399632042e+02 1.020048279869829740e-14 -1.163895157865931118e+00 1.648839275507091522e+09
7.968567175020685846e-04 -1.969370850445045118e+00 6.374039113101067642e+02 5.124406418540754329e-13 -3.671740890166927507e+00 1.648839275507581472e+09
8.228051044447164597e-04 -1.944683042647426419e+00 5.619219924155794388e+02 3.503676164980542675e-12 -3.933765760642117471e+00 1.648839275507704020e+09
8.091373522712291431e-04 -1.953500668915329364e+00 6.073504877589746229e+02 2.915870553578551844e-11 -7.429347623067346973e+00 1.648839275507766485e+09
8.268618657062099756e-04 -1.944512880469688287e+00 5.251518621610937316e+02 6.531255851232975921e-12 -1.280696747908284472e+00 1.648839275508063078e+09
8.288559895231154429e-04 -1.943142379689884347e+00 5.268289711246764000e+02 1.583663297483487351e-10 -6.482740481302675661e-01 1.648839275510455608e+09
7.926160787455241007e-04 -1.972069489568150757e+00 6.581804783632784392e+02 3.366072081014335319e-12 -1.036313007075531090e-01 1.648839275512135744e+09
8.015292518953602997e-04 -1.966073359837319678e+00 6.186371443871213387e+02 6.727040150676926002e-15 -5.584496477075341581e+00 1.648839275512431622e+09
7.977100914167009008e-04 -1.962248765367054615e+00 6.604631345775172804e+02 2.367826836243410023e-08 -4.803317762804056201e+00 1.648839275512597561e+09
8.140185367124016386e-04 -1.955096450506049521e+00 5.933067750191838741e+02 1.835532034618264481e-07 -4.452855191887985953e+00 1.648839275512817144e+09
7.985891603690896921e-04 -1.966927991926749275e+00 6.242399439578662168e+02 3.196309213720694107e-12 -6.084998089796611609e-01 1.648839275512909174e+09
7.912991965546945861e-04 -1.968637153984361898e+00 6.894710766207222150e+02 6.917945541871194215e-13 -4.613149112476068403e+00 1.648839275513154745e+09
8.156199775186438955e-04 -1.953629215744637770e+00 5.807598048475972519e+02 6.348195299654733342e-12 -5.580507162697379009e+00 1.648839275513500452e+09
8.122635589545761179e-04 -1.953991844894982233e+00 5.722226562054588612e+02 1.426590397786353483e-09 -3.620694061067935898e+00 1.648839275514134884e+09
7.941754806882025041e-04 -1.970124419374709390e+00 6.474547426898071762e+02 4.173609626061265283e-15 -6.160887745200485099e+00 1.648839275515182734e+09
8.292299738343591933e-04 -1.942481546896646094e+00 5.280743382284988456e+02 1.144818126904321778e-14 -7.378138504228992645e-01 1.648839275515377760e+09
8.013807625771940737e-04 -1.966124652705544928e+00 6.142757983658592593e+02 2.662511074799866504e-11 -7.791730803887534584e+00 1.648839275515703678e+09
7.887514902695267694e-04 -1.971278443663564417e+00 7.125880915190174392e+02 5.811446226991128024e-10 -5.228740749931430898e+00 1.648839275516845703e+09
8.170614859732649960e-04 -1.949674387986856772e+00 5.856752023501863960e+02 2.716387941792018441e-09 -2.721494783487470315e+00 1.648839275517205715e+09
8.062701563139007240e-04 -1.961573471675212677e+00 5.906999671786310273e+02 3.721051275857512995e-09 -3.866609262001947656e-01 1.648839275517261028e+09
7.967743342907574952e-04 -1.964436966904683723e+00 6.767870641333605590e+02 1.194586165488077789e-11 -1.446869119155188343e+00 1.648839275518438578e+09
8.244696165112242164e-04 -1.945214316828570489e+00 5.668274108959100204e+02 6.279226666352137108e-09 -6.537222795522492191e+00 1.648839275518731117e+09
8.114492108605861559e-04 -1.952981267657259767e+00 6.027785132089002218e+02 5.165105880738854396e-07 -2.876706941373544879e+00 1.648839275518974543e+09
7.861495287094384101e-04 -1.975559522484022335e+00 7.174888431300765887e+02 2.993270188466643582e-13 -5.575747081411513761e+00 1.648839275520852089e+09
7.886542262289295393e-04 -1.971327070104304857e+00 7.009388871583039418e+02 6.775399394960829689e-13 -7.063368615106289106e+00 1.648839275521739960e+09
8.040561836566346467e-04 -1.959319689876100057e+00 6.434442173049310441e+02 2.712352588563997834e-14 -6.504678972688461513e+00 1.648839275522340536e+09
7.991897128598055358e-04 -1.962304601572940399e+00 6.404492324846177098e+02 1.189145949904792280e-11 -3.092713143894648908e+00 1.648839275522366524e+09
7.918318141876467750e-04 -1.970891020101869451e+00 6.953290486982574521e+02 2.630651434829457373e-08 -1.699862779911560651e-01 1.648839275522975445e+09
8.029243651513206376e-04 -1.958940078621846714e+00 6.267581230937888677e+02 7.035888742130076735e-12 -5.231509791441361301e+00 1.648839275523461103e+09
8.117312595489683614e-04 -1.951955245479296330e+00 6.077029799017229834e+02 9.781683430640306298e-09 -4.345162404199253814e+00 1.648839275523699522e+09
7.968929587228012340e-04 -1.969242373994118722e+00 6.504176343661138162e+02 4.506764583378978507e-10 -5.169541360882737635e+00 1.648839275523932695e+09
7.873926194843254220e-04 -1.974961836426154083e+00 6.921707205128786882e+02 1.478109336911838949e-14 -6.051474864276393362e+00 1.648839275525053501e+09
8.161254379725934238e-04 -1.953366846876501306e+00 5.548388179330321464e+02 7.400679542611116452e-14 -6.450665284466925442e-01 1.648839275526470900e+09
8.016602227802290979e-04 -1.962201120903117602e+00 6.156603062651729488e+02 9.351555886837989259e-11 -1.248896342170127127e-01 1.648839275526586294e+09
8.135963400642258914e-04 -1.956513499097370268e+00 5.710052421035380803e+02 2.748891166305199088e-07 -2.698220283097024996e+00 1.648839275526602030e+09
8.112663997203164654e-04 -1.958211499407728651e+00 5.741340972018109596e+02 9.849147780567151624e-14 -2.038962937287386090e+00 1.648839275526932478e+09
8.278511916710217184e-04 -1.943817285876066281e+00 5.224164100844834593e+02 3.687779892212500963e-07 -1.983176144555303111e-01 1.648839275527373552e+09
8.034840378911663672e-04 -1.960219061780238858e+00 6.102257643969261380e+02 4.274125353346733910e-13 -7.216958324077781484e+00 1.648839275527611971e+09
7.932007183927537947e-04 -1.966929579373564607e+00 6.877145922263142666e+02 9.349844808071609729e-09 -2.931954196961094716e+00 1.648839275527850389e+09
8.099720781096489061e-04 -1.953175716711675891e+00 6.129597009081913939e+02 7.468412052804367300e-12 -7.092068595364661832e+00 1.648839275528324604e+09
7.901270020898972174e-04 -1.972264712972873202e+00 7.024619221913482079e+02 2.934393191235491608e-13 -5.303730992650679710e+00 1.648839275528640032e+09
7.901270020898972174e-04 -1.972264712972873202e+00 7.024619221913482079e+02 2.934393191235491608e-13 -5.303730992650679710e+00 1.648839275528640032e+09
8.125729879997822596e-04 -1.955017425441511580e+00 5.986424819997961322e+02 1.338594325228816733e-15 -5.689140931014083691e+00 1.648839275529244184e+09
7.991008060602169082e-04 -1.962248026361200548e+00 6.419034015453579514e+02 1.036402731069357304e-07 -3.513501051980343348e-01 1.648839275529391527e+09
8.233690968514096068e-04 -1.946624481111929761e+00 5.344432212366185695e+02 6.864091471034673523e-15 -3.063539332343807153e+00 1.648839275529623747e+09
7.938358848729504171e-04 -1.966704947299261708e+00 6.888216783590327168e+02 1.746664479410683647e-11 -1.844962322480689920e+00 1.648839275530090332e+09
8.035500592279281066e-04 -1.964183513718279261e+00 6.200865959936483023e+02 1.180285692703162546e-13 -6.948761229337872436e+00 1.648839275530562162e+09
8.035500592279281066e-04 -1.964183513718279261e+00 6.200865959936483023e+02 1.180285692703162546e-13 -6.948761229337872436e+00 1.648839275530562162e+09
8.236137548977919042e-04 -1.948051909828692807e+00 5.404649762809510776e+02 3.127483064480206478e-07 -3.926872338103902571e+00 1.648839275531866074e+09
7.961407815396785454e-04 -1.965513945035189725e+00 6.802656067414724248e+02 4.638761831439422304e-12 -7.837232671238080428e+00 1.648839275533431530e+09
7.998800469534104443e-04 -1.961385618799775132e+00 6.595080137425603652e+02 1.858517218661099340e-12 -2.430255212937607823e+00 1.648839275534101963e+09
8.083003945736946501e-04 -1.959336826599294312e+00 5.720902739608065986e+02 4.482237144782428774e-09 -6.441252881114608364e+00 1.648839275534155130e+09
8.256687745977869504e-04 -1.947099625980069471e+00 5.216545340837866434e+02 6.808337392394625668e-09 -5.783933066222923358e+00 1.648839275535066128e+09
8.129227573734982204e-04 -1.956303294368595402e+00 5.661248063608001075e+02 2.384305517235236412e-13 -7.001082473061475575e+00 1.648839275535955906e+09
8.285674779592643946e-04 -1.944928696906314869e+00 5.241579813765531526e+02 2.780475885441012656e-09 -6.143295400259004779e+00 1.648839275536821842e+09
8.045123357249751210e-04 -1.957249615883783767e+00 6.295077328855326186e+02 4.194674204178133957e-15 -4.949949452408535677e+00 1.648839275536846161e+09
8.016185438540286874e-04 -1.967083218150891932e+00 6.021202485151312658e+02 8.795031000688394558e-08 -4.820064667757874233e+00 1.648839275537615776e+09
8.078199155021582260e-04 -1.955208320469531191e+00 6.244405191801721458e+02 1.233043365043418347e-11 -2.137762528837672704e+00 1.648839275537983656e+09
7.867920682114804345e-04 -1.975757116211267261e+00 7.045985874773145952e+02 1.100987822249592165e-11 -7.494910816275055510e-01 1.648839275538178444e+09
7.867920682114804345e-04 -1.975757116211267261e+00 7.045985874773145952e+02 1.100987822249592165e-11 -7.494910816275055510e-01 1.648839275538178444e+09
8.102914403642936256e-04 -1.958933328445966238e+00 5.917074202435514962e+02 2.211056352646499527e-08 -2.871363808074292479e+00 1.648839275538717031e+09
8.224051645004708732e-04 -1.946086411104048342e+00 5.621401596575124131e+02 2.943457697120328486e-11 -3.064803408411067132e+00 1.648839275539333820e+09
8.185056597331270400e-04 -1.947604726613303860e+00 5.600949989433685232e+02 1.642369262940902187e-12 -3.875958369031717865e-01 1.648839275539640188e+09
8.229782059997047417e-04 -1.943839664681340729e+00 5.565285568053317320e+02 1.564097201131836156e-15 -1.675302982603900759e+00 1.648839275540466785e+09
8.033965459813859197e-04 -1.958968871888680630e+00 6.453892590618301028e+02 1.571729511578033546e-10 -4.962152927997950158e+00 1.648839275540947199e+09
8.284063950922600792e-04 -1.942422942697058286e+00 5.235141419860694896e+02 9.448200418349178193e-12 -4.812209957774713942e+00 1.648839275541075230e+09
8.174732596983930915e-04 -1.947658242684813690e+00 5.678065057332092920e+02 4.684388752593115068e-09 -5.141785540459484771e+00 1.648839275541456699e+09
8.239031098156043799e-04 -1.944083187946226143e+00 5.405197927404926759e+02 1.087078730387340621e-09 -4.985215507653602884e+00 1.648839275542058229e+09
7.859285609988573684e-04 -1.974509065188485124e+00 7.191020852366820009e+02 1.147099845694809804e-12 -5.169889162675913141e+00 1.648839275542412996e+09
7.964369511544547612e-04 -1.968269311627453444e+00 6.358732492004702408e+02 2.075374004928436357e-12 -7.600114248159867358e+00 1.648839275543145418e+09
8.261001775563596656e-04 -1.945180084220985206e+00 5.392940052809992721e+02 2.104486801432106340e-11 -1.424079910299722584e+00 1.648839275543175459e+09
7.987250038686952072e-04 -1.960722548203672311e+00 6.375270274575898384e+02 3.008332821092560255e-09 -7.198760158018777666e+00 1.648839275543625116e+09
8.171312999588454347e-04 -1.950320306752822752e+00 6.039199396945971330e+02 8.382041002438703856e-09 -6.872631044963452673e+00 1.648839275544217348e+09
7.930704792484756429e-04 -1.969613085596216395e+00 6.901204394383950103e+02 3.138815284621206400e-15 -2.196868403163852790e+00 1.648839275544902563e+09
8.222904267421921910e-04 -1.947500079895078340e+00 5.582627739529356177e+02 7.555848632622735486e-12 -1.806361857755669043e+00 1.648839275545107126e+09
8.301928045651112533e-04 -1.941134190710083862e+00 5.216758908194003652e+02 8.159316451006121297e-10 -1.684336552345673255e+00 1.648839275545241117e+09
7.881690012369861218e-04 -1.971073609763611678e+00 7.176218269335304285e+02 1.227694123646502353e-09 -6.261337683736388549e+00 1.648839275545359373e+09
7.883618388248127880e-04 -1.971921689933099353e+00 6.992867211015400244e+02 4.764688662407839162e-14 -6.247700620733997567e+00 1.648839275545719147e+09
7.946156308807173852e-04 -1.968435364806196741e+00 6.826355919849080465e+02 3.097301425913146160e-12 -4.365764597560795934e+00 1.648839275546059847e+09
7.998405846485367359e-04 -1.964415587522407414e+00 6.576436822492929650e+02 3.470173226690949715e-10 -2.030212775897623168e+00 1.648839275546468258e+09
7.919524438116080792e-04 -1.968799248021229964e+00 6.983355004142374582e+02 3.332187699365040679e-13 -3.959084095240377188e+00 1.648839275546504498e+09
8.140510672211200439e-04 -1.950255957355388592e+00 6.089610241463316243e+02 3.959980938164236679e-09 -7.842650483378941217e+00 1.648839275547182560e+09
8.092095717863790651e-04 -1.956342344453601223e+00 5.841801033777842349e+02 3.137505718421002244e-14 -5.159058448899200400e+00 1.648839275547404528e+09
7.936749146034181379e-04 -1.971123225941235013e+00 6.713317928625132254e+02 8.689840677933751511e-15 -4.469988071635738081e+00 1.648839275549023628e+09
8.214770744515772095e-04 -1.951880797412139712e+00 5.364018356879636258e+02 1.999936271603837439e-08 -6.712451143127234232e+00 1.648839275549924374e+09
8.206204203589326533e-04 -1.946341165381326732e+00 5.515705211255199174e+02 4.294832640271197724e-11 -4.228526113155589350e+00 1.648839275550925732e+09
8.297989986253062264e-04 -1.940381611599390155e+00 5.261122989027982157e+02 1.041994739139838189e-14 -7.216123114607402300e-01 1.648839275551860332e+09
7.987217273112576189e-04 -1.962264988540176613e+00 6.629316669427569195e+02 2.252455627682027977e-11 -2.098820366887075295e+00 1.648839275552688837e+09
8.102824222213808559e-04 -1.954737742236174025e+00 5.791961983192862817e+02 3.566493970916417953e-09 -6.018765229112383430e+00 1.648839275554004908e+09
8.186943368849031307e-04 -1.947568540508886947e+00 5.590567218049599205e+02 1.322352514813513658e-13 -4.911738934938557399e+00 1.648839275554218769e+09
8.006185846463291901e-04 -1.959563068273904030e+00 6.381456901925544116e+02 4.668836852306863221e-10 -7.661813638867829290e+00 1.648839275554841995e+09
8.006185846463291901e-04 -1.959563068273904030e+00 6.381456901925544116e+02 4.668836852306863221e-10 -7.661813638867829290e+00 1.648839275554841995e+09
8.275382396388428988e-04 -1.942631325335388182e+00 5.392990129328068178e+02 1.165116708724249104e-15 -5.410039325989757231e+00 1.648839275555200815e+09
8.275382396388428988e-04 -1.942631325335388182e+00 5.392990129328068178e+02 1.165116708724249104e-15 -5.410039325989757231e+00 1.648839275555200815e+09
8.191846308420330531e-04 -1.946368872432844732e+00 5.687668033637887675e+02 1.032063626178318156e-11 -2.216494989281435402e+00 1.648839275556522608e+09
8.377420993636932071e-04 -1.933244773373503644e+00 5.057446103026438209e+02 2.541615997170366214e-08 -5.375860525556321434e+00 1.648839275556592464e+09
8.099620115504189413e-04 -1.958363512298875175e+00 6.009946578779632773e+02 5.160403684686160295e-11 -2.294475747215433792e+00 1.648839275556726456e+09
8.061926624990426674e-04 -1.957663761291400295e+00 6.016665794321269232e+02 7.641025439160091388e-11 -9.393156345944850827e-01 1.648839275556870937e+09
8.204378199905270090e-04 -1.946635218705071502e+00 5.512628665890420052e+02 1.014924785460928369e-14 -3.499577147996273396e-01 1.648839275556996346e+09
8.119942585528619732e-04 -1.956451361098379582e+00 5.692286884404192051e+02 1.563499663657493522e-08 -5.603561872412186062e-01 1.648839275557095051e+09
7.924568994114205341e-04 -1.968978286501686270e+00 6.675916038093566840e+02 2.610238383424589252e-10 -3.206112642645653210e-01 1.648839275557515860e+09
8.222589377998695262e-04 -1.944574828843322001e+00 5.612559426610768014e+02 7.252599694943492417e-12 -1.141562560351552236e+00 1.648839275558360338e+09
8.291205737924539024e-04 -1.941162322110293381e+00 5.323196826188335535e+02 1.950009461301232510e-12 -5.672527586382257958e+00 1.648839275559257507e+09
8.166345890767556922e-04 -1.951110056434790296e+00 5.564010201900933907e+02 1.517555819739671124e-14 -5.321344423749044594e+00 1.648839275560820818e+09
7.769849244012211375e-04 -1.986076234511838123e+00 7.329736923011377030e+02 1.590548310707637724e-08 -6.030908573840967790e+00 1.648839275561560392e+09
8.023156228618368198e-04 -1.963740940980210237e+00 6.385658092980369247e+02 6.378402353862200395e-14 -3.400476687452069768e+00 1.648839275563397884e+09
7.947846226528431160e-04 -1.970542372118486707e+00 6.484499402774554255e+02 2.911032223917151980e-14 -5.046098086953625383e+00 1.648839275564222097e+09
7.896248370417924874e-04 -1.972608848875691656e+00 6.781175536483384576e+02 1.398060930128251444e-10 -5.940025804910831653e+00 1.648839275564373493e+09
7.891060484171726454e-04 -1.971602021859730769e+00 7.097498669554378239e+02 8.270135996571949567e-15 -2.983559383141356491e+00 1.648839275564541101e+09
7.974834036155460226e-04 -1.965762847732865470e+00 6.703701557111083957e+02 1.593803448482836586e-10 -8.401360063785547894e-01 1.648839275564571381e+09
7.974834036155460226e-04 -1.965762847732865470e+00 6.703701557111083957e+02 1.593803448482836586e-10 -8.401360063785547894e-01 1.648839275564571381e+09
8.213345673138797457e-04 -1.945201997680461314e+00 5.552424858327069614e+02 1.281589358074271513e-15 -2.861179677727763604e+00 1.648839275566434383e+09
8.119662054323487695e-04 -1.956913831932988845e+00 5.699106072177173701e+02 1.039500949578331380e-14 -5.128483162651773952e+00 1.648839275566978693e+09
8.161479427002670548e-04 -1.952973952738634278e+00 5.553820817676030401e+02 2.158260349703849548e-09 -4.185003334120848351e+00 1.648839275567918777e+09
8.083441999227949102e-04 -1.955539706384574306e+00 6.230296686582283883e+02 1.153183594821725084e-10 -7.396185932759555826e-01 1.648839275568083286e+09
8.210687152903888703e-04 -1.947649029345058569e+00 5.431574096833852536e+02 1.354807814794153273e-15 -4.867884575195161823e+00 1.648839275568206072e+09
8.057148331702311756e-04 -1.958404936992367285e+00 6.017281190821298651e+02 2.585597603110618708e-11 -4.905975683552244782e+00 1.648839275568552494e+09
8.246186344770598106e-04 -1.945924479043619870e+00 5.312793829231407017e+02 1.593532093219206599e-10 -6.262318718781624938e+00 1.648839275569237232e+09
8.088496985410253103e-04 -1.954121772842213112e+00 6.165355369824618492e+02 1.976504510194812639e-14 -5.003729082876031242e+00 1.648839275569484711e+09
8.218942743079329103e-04 -1.947806497563730588e+00 5.593201275257516727e+02 1.093104828906817872e-13 -4.200770624153530086e+00 1.648839275571849823e+09
8.294478609988660371e-04 -1.942195010217307782e+00 5.234702216825251071e+02 2.021499720595460483e-10 -6.013198486665373821e+00 1.648839275571875334e+09
8.279830819209481243e-04 -1.943279066345810380e+00 5.326147690216009778e+02 1.552902367632784269e-12 -3.993296680416624334e+00 1.648839275573176622e+09
8.214684737297705836e-04 -1.949607921554436185e+00 5.417216334435241833e+02 8.689539150376297384e-10 -3.375469811078165350e+00 1.648839275573388577e+09
8.068696556242165811e-04 -1.965658866444454533e+00 5.850178640020991452e+02 2.353365129979663072e-09 -7.354720494202365622e+00 1.648839275573580265e+09
7.738448784009606786e-04 -1.983562286205668546e+00 7.866490693581426967e+02 6.294667542245018165e-09 -6.394510238237557154e+00 1.648839275573903084e+09
8.112660906285008465e-04 -1.953324387106497362e+00 6.099665738214745261e+02 4.358134457147944695e-14 -2.461479625672923888e+00 1.648839275574055910e+09
8.240905880123809528e-04 -1.943756116034955239e+00 5.426809462013671919e+02 1.474464424440262811e-10 -3.608472078116751192e-01 1.648839275574572563e+09
7.884580965086570963e-04 -1.972371284551202031e+00 6.942099615150552836e+02 2.988658465519650146e-09 -3.114207623614734466e+00 1.648839275574760675e+09
7.852295591283130118e-04 -1.975517059189762392e+00 7.175937806681608890e+02 6.945750065313985133e-08 -3.564453628194788948e+00 1.648839275574798346e+09
7.994800950932185466e-04 -1.964764200306967634e+00 6.632932292177783893e+02 2.267145088094025731e-07 -4.111891842124703267e+00 1.648839275574963093e+09
8.099118008663388135e-04 -1.958845567131045851e+00 5.966927150530539166e+02 9.709572321919608516e-08 -1.088286995958033465e+00 1.648839275575529575e+09
8.281268580967444774e-04 -1.941113070507634042e+00 5.336581608641962475e+02 1.565333498747570153e-12 -7.131586170515990197e+00 1.648839275576392412e+09
8.198403699886443879e-04 -1.950739600613492941e+00 5.590237293871809925e+02 6.635397851427187207e-14 -1.678907139060966003e+00 1.648839275576439381e+09
7.702969971813954661e-04 -1.990823949265645876e+00 7.841599835102321094e+02 7.633020397076058496e-10 -7.954968560702135427e+00 1.648839275576547861e+09
7.915733102257535656e-04 -1.972694111921259319e+00 6.678970835869530447e+02 3.252133958423171219e-10 -3.664837253453929300e+00 1.648839275577206135e+09
8.080819464123614477e-04 -1.960358748502689652e+00 5.857254446697401136e+02 6.546565558521274285e-13 -2.422477704388358077e+00 1.648839275577235222e+09
7.948506690972193022e-04 -1.970642744568960936e+00 6.627827105913634114e+02 8.911519636205455405e-11 -7.345232400792605532e+00 1.648839275577653170e+09
7.884563398801889764e-04 -1.972099150537079293e+00 7.108824773118595886e+02 2.036450113431744212e-14 -4.088755594847567565e+00 1.648839275577781677e+09
8.109702430671528271e-04 -1.954658836331292004e+00 5.795400016833220889e+02 5.733294463305694322e-08 -1.423797941160942493e+00 1.648839275578459501e+09
7.870012864596224707e-04 -1.975133657871495085e+00 7.076031633195148061e+02 3.436707863055492113e-11 -3.524924239233121703e+00 1.648839275579587460e+09
8.023261370097160882e-04 -1.964157854240323964e+00 6.347494135865476892e+02 4.147458841345717780e-13 -6.063791009000872201e+00 1.648839275580245972e+09
7.949063674290282383e-04 -1.966781884132942526e+00 6.556208223830523139e+02 1.205232328512909746e-14 -2.044684722676344713e+00 1.648839275580250978e+09
7.965815246885621110e-04 -1.964040029094082485e+00 6.658229248995934313e+02 1.244871842141784009e-09 -7.862523889250274678e-01 1.648839275580280066e+09
8.229664103828110205e-04 -1.947065718311736360e+00 5.543437264090679264e+02 4.150489984795125056e-15 -2.012552245166503440e+00 1.648839275581063509e+09
7.939739695437021683e-04 -1.967937660951508683e+00 6.614732657950379462e+02 6.810195552741669030e-07 -1.424877570501092983e+00 1.648839275581163168e+09
7.940588993730644590e-04 -1.971193760209344337e+00 6.585124421781981710e+02 1.528414805312479987e-09 -2.167497217248369523e+00 1.648839275581171513e+09
8.165086681794696223e-04 -1.947632397129391624e+00 5.737321015081076894e+02 2.511318756484931273e-10 -7.716977283850197544e+00 1.648839275581531525e+09
8.182994526064764742e-04 -1.951986750532546555e+00 5.499473634024689090e+02 5.693741948698547283e-15 -1.150649504677522472e+00 1.648839275581571341e+09
8.130628178979927437e-04 -1.952266539861545969e+00 6.019900864670815963e+02 1.997468670924073969e-15 -7.634225326445286619e+00 1.648839275581760645e+09
7.747463128080566775e-04 -1.984467849224202940e+00 8.121721957734598618e+02 1.218240245805250482e-09 -7.357879702601020533e+00 1.648839275582174778e+09
8.126000889070873322e-04 -1.951857401889000254e+00 6.031782090997503474e+02 1.367131610714996365e-13 -7.192863794025408986e+00 1.648839275582196951e+09
8.005402743072296840e-04 -1.963283084437834614e+00 6.210712852603337524e+02 5.968205223493439291e-11 -1.258674407338349788e+00 1.648839275584055424e+09
7.938657672981429270e-04 -1.971143490286885402e+00 6.546046241748825878e+02 2.624972933733530471e-09 -2.200359822452560898e+00 1.648839275584203959e+09
8.165078983097585636e-04 -1.953891552422963418e+00 5.580168257091472697e+02 1.093733542615063136e-11 -7.652107859391348299e-01 1.648839275584253311e+09
8.209174478935550362e-04 -1.944386398453828768e+00 5.463650791270556510e+02 1.514997057265675049e-09 -7.463672955120912889e+00 1.648839275584275484e+09
8.036561896482524291e-04 -1.959192029274684277e+00 6.300557428392637576e+02 1.587176608404294205e-06 -1.417698800777325907e+00 1.648839275585288525e+09
8.171487655686301543e-04 -1.952450563530487182e+00 5.729274274638129327e+02 9.344512171015973212e-12 -6.305750609289253461e+00 1.648839275585725307e+09
8.084084858503535901e-04 -1.957388748671602841e+00 5.863451709769566378e+02 1.751520647588857916e-14 -2.133025731997940433e+00 1.648839275585968018e+09
8.045594369687786990e-04 -1.964323518149902803e+00 6.155992705629419106e+02 2.689082263035718644e-09 -6.272120042207608215e+00 1.648839275586026192e+09
8.118566686287075366e-04 -1.956467547733601098e+00 5.702912077026228417e+02 2.070542734706762922e-10 -2.920477376569470707e+00 1.648839275586101770e+09
8.125032786340207055e-04 -1.957054290163565247e+00 5.776166789698320372e+02 3.999167304423031286e-07 -2.844589192065813066e+00 1.648839275586605787e+09
8.225743473957200080e-04 -1.944333572470672511e+00 5.578924669383429773e+02 5.061197622332061942e-12 -1.741222155124226845e+00 1.648839275587004423e+09
8.208376314443634192e-04 -1.948946747927045031e+00 5.420517165120471645e+02 8.701371685907667582e-11 -1.133320598980109395e+00 1.648839275587630510e+09
8.024007816089015043e-04 -1.963963256481111808e+00 6.353722370616138733e+02 2.598261965429092068e-11 -1.696775363952535365e+00 1.648839275588109255e+09
8.064126009953580297e-04 -1.961414417548651423e+00 6.128950703122986852e+02 3.511868598244463094e-12 -7.920840892300596181e+00 1.648839275588588238e+09
8.217617014772347602e-04 -1.944786764802901580e+00 5.600012560617805093e+02 3.288824658305159088e-12 -7.639888634101705378e+00 1.648839275588621140e+09
7.852565995138221762e-04 -1.975934332791088544e+00 7.471027384436126795e+02 8.519803361041668258e-08 -4.888502300906136355e+00 1.648839275588742733e+09
8.057243829031981476e-04 -1.957914012418295435e+00 6.050513302083918461e+02 4.296662667385974440e-13 -1.638976391052710646e+00 1.648839275588800430e+09
7.895713204463775288e-04 -1.973639705165026292e+00 6.938813550082792290e+02 5.421785798257758168e-12 -3.051256938153366072e+00 1.648839275589506865e+09
8.134959348885388878e-04 -1.955592936902696533e+00 5.856064717463870011e+02 3.181556784053514994e-10 -4.095527220239274513e+00 1.648839275589970827e+09
8.066288839132507420e-04 -1.958518935282593798e+00 6.260568896250415492e+02 1.384717390766896678e-06 -1.324108714016892563e+00 1.648839275591493607e+09
7.938758789154927789e-04 -1.968109591117430446e+00 6.583484888849932304e+02 7.042897289001216397e-14 -4.283903777381554256e+00 1.648839275591501474e+09
8.231754236882977624e-04 -1.947232622230990806e+00 5.358641827202073955e+02 1.605893676716484627e-12 -3.887976062644549202e+00 1.648839275591978073e+09
8.220051130527247351e-04 -1.948897452364883209e+00 5.400441675927580718e+02 4.160646201991040658e-08 -1.966507210292048669e+00 1.648839275592100143e+09
8.023882279374484460e-04 -1.959374249566535164e+00 6.456014991137271863e+02 3.235467786776950623e-14 -1.902944304658400476e+00 1.648839275592420101e+09
8.033203571894645834e-04 -1.958612235510249100e+00 6.280485843473765044e+02 4.858872221490593308e-15 -2.694725196315001625e+00 1.648839275592762947e+09
8.105829946928618359e-04 -1.954795002151534788e+00 6.119993566412797463e+02 6.379152377150024984e-09 -3.833568018922424159e-01 1.648839275592833519e+09
8.028944962949931263e-04 -1.964740102532740007e+00 6.180226130592234313e+02 3.716565634065579260e-10 -1.926879485287833482e+00 1.648839275592979908e+09
7.983282860440108018e-04 -1.962567601654360727e+00 6.583936042363673096e+02 5.553561793653546108e-15 -2.084927070181012532e+00 1.648839275593620777e+09
8.021174255328982839e-04 -1.964062239853046954e+00 6.650159317196996653e+02 1.484576659793863723e-08 -6.553808932058838188e+00 1.648839275593863487e+09
8.046316218695045552e-04 -1.959637514693897575e+00 6.048271699913843804e+02 1.073215055165311144e-15 -5.305397583023054864e+00 1.648839275594120264e+09
8.185784659826614556e-04 -1.951320562767193678e+00 5.669685809159481096e+02 1.451322077739161810e-09 -3.037752654466786773e+00 1.648839275594409466e+09
8.138671205350001860e-04 -1.950290910497955554e+00 5.920717328821388037e+02 1.253940745526593254e-14 -6.313078351980278669e+00 1.648839275594488859e+09
7.922707629817545743e-04 -1.968697210612966542e+00 6.739156129086195506e+02 3.069494333244164778e-08 -3.269940190013387316e+00 1.648839275594756603e+09
7.895117766820980952e-04 -1.972507269171221989e+00 6.814847030659464053e+02 1.753423581282764804e-08 -2.605637328681793541e+00 1.648839275595160007e+09
8.028820220485994794e-04 -1.963767367608796555e+00 6.315168015886929425e+02 4.389082952072410351e-14 -6.619701061422480493e+00 1.648839275595731735e+09
7.917952184242327794e-04 -1.969548973953559434e+00 6.722636228623284751e+02 3.090200047411175996e-11 -6.922930086185528076e+00 1.648839275595799446e+09
7.972178481979426759e-04 -1.967282233895918164e+00 6.335508017347696068e+02 4.707751566647046306e-10 -9.463952255580849737e-01 1.648839275596204996e+09
7.991645763077888116e-04 -1.966804619293458956e+00 6.240119531775098949e+02 3.081807995196997604e-09 -4.706058749986663514e-01 1.648839275596385717e+09
7.948686108583814629e-04 -1.966459700581857373e+00 6.836319353312221665e+02 8.093106352050963176e-12 -3.779056449586527755e+00 1.648839275596824884e+09
8.077910516788019491e-04 -1.959609418194893316e+00 6.126760382412622903e+02 3.968519698839435349e-14 -8.492234146468371492e-01 1.648839275599837542e+09
8.004756717029378821e-04 -1.964811444341308722e+00 6.174736522983904479e+02 1.239518709271648568e-09 -3.332425428643378318e+00 1.648839275599899292e+09
8.205151066755548509e-04 -1.947597308412342798e+00 5.467498642411871970e+02 2.587917153364656211e-11 -6.887506006972198946e+00 1.648839275600127459e+09
7.896654596599448142e-04 -1.973462089816377496e+00 6.941698618909640572e+02 2.204649521437630337e-14 -4.673856800653579668e+00 1.648839275600431681e+09
8.053553445055622101e-04 -1.957243892740749391e+00 6.155402936386751662e+02 2.172268491737102449e-15 -2.431109912062848544e+00 1.648839275601272106e+09
7.931788906261953665e-04 -1.969466979629883152e+00 6.585816733747907392e+02 1.531018873836470179e-10 -1.166248805240205577e+00 1.648839275601774216e+09
8.234479522894600076e-04 -1.948199153895891822e+00 5.438535020287205271e+02 1.780572084852007532e-09 -5.689004479255748592e+00 1.648839275602052450e+09
7.988393418650453597e-04 -1.963175197916220860e+00 6.654213348438880757e+02 5.390586445988089540e-12 -6.077685298524591495e+00 1.648839275602297783e+09
7.939609338712400174e-04 -1.971312050921814274e+00 6.441065480310877547e+02 2.467710570584104808e-10 -7.531093664046985658e+00 1.648839275602426529e+09
8.122119292936244399e-04 -1.954384495945636679e+00 6.025796071225283868e+02 1.266635525974050594e-12 -7.796110342555331307e+00 1.648839275603056431e+09
8.037235890125012105e-04 -1.963978734231944578e+00 6.067222203557788589e+02 2.959570353333984482e-14 -5.742398238231086083e+00 1.648839275603068113e+09
7.899311561468747370e-04 -1.972063442142479417e+00 7.022729794466071098e+02 2.879882816952430707e-10 -2.667947624482502000e+00 1.648839275603301287e+09
7.989219765348476313e-04 -1.964410173673808213e+00 6.299735643218922405e+02 3.927665977365519723e-12 -1.614158983024696958e+00 1.648839275603350401e+09
7.959028580955334557e-04 -1.965028372182729743e+00 6.608173667683798840e+02 1.652148321663311560e-13 -1.016639621485260214e+00 1.648839275603414059e+09
7.792279136052269106e-04 -1.980316275222065769e+00 7.753183932258924642e+02 4.519962060925079348e-08 -4.953670938144517422e+00 1.648839275603488445e+09
8.059574632186562986e-04 -1.962385013651553267e+00 6.041443769609145420e+02 8.109328786689888654e-09 -2.679840560952062134e+00 1.648839275604449511e+09
8.153548108597268159e-04 -1.952052843337849009e+00 5.609027564162344106e+02 5.383178435247595983e-07 -3.957699545535167118e-01 1.648839275604512691e+09
7.917878941287504911e-04 -1.972280982268502125e+00 6.799745077802623427e+02 1.026606886427690820e-15 -4.904581307117908295e+00 1.648839275605787516e+09
7.949955810275816798e-04 -1.969805406531664360e+00 6.671647129430911036e+02 6.547123788216658217e-11 -5.988061160478158840e+00 1.648839275605953693e+09
8.134795440124849980e-04 -1.955723463815635554e+00 5.842077233175710944e+02 2.500270847473427679e-14 -3.371332605053887654e+00 1.648839275606602669e+09
8.151843383153245873e-04 -1.949567495371886672e+00 5.788172541998592351e+02 3.279879313128326929e-08 -1.554014577227087024e+00 1.648839275607531071e+09
7.883831761159576772e-04 -1.974433617842388466e+00 6.984779338181266439e+02 1.091888361697750089e-08 -3.633605536973025352e+00 1.648839275607872248e+09
8.021641518137820987e-04 -1.964729041926249531e+00 6.108324529110545882e+02 6.806456493561022657e-14 -2.590415945219223026e+00 1.648839275608403683e+09
7.992034862466081482e-04 -1.962440928988821387e+00 6.476101511212774540e+02 2.502520714160963088e-06 -6.817191704429612642e-01 1.648839275608561039e+09
7.943768431226678854e-04 -1.970606674923372381e+00 6.515015435153578665e+02 1.200670661154967778e-10 -1.566766143628335328e-01 1.648839275609393358e+09
8.065715516506249873e-04 -1.961069040960059073e+00 6.135263772265793705e+02 1.336005010576603976e-15 -3.979269418164862238e+00 1.648839275610589743e+09
8.028438433731471683e-04 -1.964016444648021054e+00 6.072378483537066813e+02 5.593039167684353527e-11 -2.585561183465690860e+00 1.648839275611196756e+09
8.220460875347762987e-04 -1.944763553377189425e+00 5.592213298037366940e+02 4.737998251610844893e-15 -6.156238232154909618e+00 1.648839275612049818e+09
8.187385358366791252e-04 -1.948031953052189902e+00 5.569570501545890693e+02 3.112093168862332411e-13 -7.150939099127262111e+00 1.648839275612683058e+09
8.142523974571494504e-04 -1.951718811602878301e+00 5.959436563897880887e+02 6.720613475036027737e-09 -1.686811996053512175e+00 1.648839275612792492e+09
7.930737791508829602e-04 -1.971952239845258248e+00 6.754556686603320941e+02 2.488542700683042533e-08 -4.547106441001525390e+00 1.648839275614116669e+09
7.963735259903276416e-04 -1.965977361840444360e+00 6.772785629329324593e+02 1.018698060922625437e-07 -3.432538257407490079e+00 1.648839275614578962e+09
7.810900698857279733e-04 -1.983113264831315448e+00 7.306807867552571452e+02 1.129049512110790836e-08 -5.993049420281030493e+00 1.648839275615013361e+09
8.205495745771455808e-04 -1.946266250207733250e+00 5.544312194429512601e+02 2.187455323309278551e-12 -1.346769081270858592e+00 1.648839275616365910e+09
7.930074065839419484e-04 -1.968974168415445369e+00 6.632509343715793193e+02 1.124160739061852428e-13 -1.543140006749244897e+00 1.648839275617891550e+09
7.907518234954360320e-04 -1.969634611060934848e+00 6.930414920595541162e+02 1.230619438204206437e-15 -4.474811548786012949e-01 1.648839275618389845e+09
7.871672881420710421e-04 -1.974059110741172685e+00 7.044333669208573383e+02 2.102356543378697546e-10 -4.067276133979167874e+00 1.648839275618498564e+09
7.947699304613667750e-04 -1.968748553344997099e+00 6.481687338509048004e+02 1.401977938398410305e-12 -4.606648083360940227e+00 1.648839275618937969e+09
8.179557477817541453e-04 -1.952454008428254895e+00 5.531162695410304195e+02 1.561734481724606069e-10 -3.852365075596067889e+00 1.648839275619406939e+09
8.024260634102604048e-04 -1.961501651064019969e+00 6.472861087134533591e+02 4.875500022296542555e-15 -5.166753716101533556e+00 1.648839275620266199e+09
8.057040113138342783e-04 -1.965590876845651813e+00 6.016878851417283158e+02 1.928087950310777831e-09 -7.278993219473662180e+00 1.648839275620675564e+09
8.258162654776634486e-04 -1.943527904960003605e+00 5.456366993639759357e+02 5.851022101362635791e-11 -4.042455137055362968e+00 1.648839275621545792e+09
8.074512381036331012e-04 -1.955760796388568146e+00 6.061452087174297958e+02 7.600672622986638404e-08 -3.015754377554809018e+00 1.648839275622137308e+09
7.921972294440188158e-04 -1.970220423315249159e+00 6.920031490522737840e+02 3.279429559074778816e-12 -3.323423843606150285e+00 1.648839275622256756e+09
8.173710015352604217e-04 -1.947897241388348633e+00 5.772568860479007071e+02 3.227826376007230319e-15 -3.414655248696398360e+00 1.648839275622315407e+09
8.123189090150495636e-04 -1.957239946122001140e+00 5.622081483241213391e+02 1.674679398828904971e-08 -5.301163876802428732e+00 1.648839275622648001e+09
8.025236886307720620e-04 -1.962038666593486358e+00 6.114637127904509271e+02 4.786220563674012812e-14 -6.864290504462220888e+00 1.648839275623041868e+09
7.948294902093117715e-04 -1.970257321320245447e+00 6.622826117772916632e+02 6.706740100380419085e-13 -3.131990339688678127e+00 1.648839275623317719e+09
8.151450427773309151e-04 -1.952756293901708240e+00 5.872817859237811717e+02 1.130217998916593044e-15 -3.179316805742437246e+00 1.648839275623437643e+09
7.841433857057605742e-04 -1.980704766440236630e+00 6.938058163703220771e+02 4.749260959028958299e-08 -5.977464929997044152e+00 1.648839275623903751e+09
7.882679707490388181e-04 -1.974350393184243213e+00 6.940391646935852350e+02 3.551490413946407779e-12 -1.915268662570090541e+00 1.648839275624252081e+09
8.158416252286114891e-04 -1.950000760626456220e+00 5.680322421660968075e+02 2.871934251516943093e-09 -5.526403341183199203e-01 1.648839275624516010e+09
8.085076787386482689e-04 -1.954400074850752178e+00 6.108308425940490451e+02 3.735037822998166941e-12 -4.388247826077392943e+00 1.648839275624587774e+09
7.798655494360422647e-04 -1.985315607961704032e+00 7.398370810343783432e+02 2.305645163142730775e-08 -6.539615058532459280e+00 1.648839275625468969e+09
7.988092190265627711e-04 -1.965063855304640006e+00 6.286628970775162770e+02 3.244454964163602798e-13 -1.718276893058606092e+00 1.648839275625952721e+09
8.192359363097394568e-04 -1.946980918039410646e+00 5.610479714491331151e+02 7.137025735198449813e-12 -4.307736274357970352e+00 1.648839275626759529e+09
8.196302640380467549e-04 -1.950524962784956351e+00 5.617652640366571859e+02 8.554413414413937621e-09 -3.434414926054787820e+00 1.648839275628420830e+09
7.972465596639421873e-04 -1.964293644235100889e+00 6.496759681079798838e+02 1.121435086611946116e-13 -1.230517110239601308e+00 1.648839275628636599e+09
7.953631894120024616e-04 -1.967589127426536688e+00 6.474756729918683504e+02 2.493250542176685324e-12 -6.843139314701665477e+00 1.648839275629141331e+09
8.292584845908335328e-04 -1.938535232264078534e+00 5.439271476756949824e+02 1.108891766483609338e-08 -7.015775682819626269e+00 1.648839275629419804e+09
7.945198400431003347e-04 -1.966108958514768190e+00 6.740932099350111457e+02 3.909653811842774382e-15 -3.058062951933034235e+00 1.648839275630981684e+09
8.054294592292470531e-04 -1.964998340769475105e+00 5.744215546360876488e+02 6.031275906201580485e-09 -7.472939613770398282e+00 1.648839275631369352e+09
7.954062113594461336e-04 -1.965310798397606806e+00 6.736175243642052237e+02 2.005664685497282807e-15 -5.463474199452662106e+00 1.648839275631543159e+09
7.988229505367124136e-04 -1.967300505706651048e+00 6.437371371553064137e+02 3.669948707880927849e-11 -5.083778795869664080e+00 1.648839275631667137e+09
8.022542366369044822e-04 -1.963405399823504371e+00 6.098764661539132703e+02 3.065535648049650807e-10 -5.040136445169125068e+00 1.648839275632070541e+09
8.101551810913444054e-04 -1.958739992418891296e+00 5.925762634771871262e+02 1.132391868498683156e-13 -8.387063021855913902e-01 1.648839275632658243e+09
7.962256236548675634e-04 -1.964782545590610940e+00 6.574764982679162131e+02 4.643863500714893417e-08 -3.950551991686687359e+00 1.648839275634534836e+09
8.083453819553963748e-04 -1.955851725065075319e+00 5.953482739501156402e+02 1.077180060548430490e-14 -7.254497013197209299e+00 1.648839275636117458e+09
7.921741390806862938e-04 -1.970843082586344108e+00 6.894869406783169552e+02 7.908322815895066986e-08 -3.307643810211793323e+00 1.648839275636532068e+09
8.232306213712669305e-04 -1.947934331991177714e+00 5.411147374143729394e+02 8.709298878853643054e-15 -5.695401588837274431e-01 1.648839275638495684e+09
7.927070012680393013e-04 -1.969047278991907568e+00 6.669287253620277625e+02 3.154937772325402552e-15 -1.890672915059171011e+00 1.648839275639665842e+09
7.911452052629183588e-04 -1.971773629902619174e+00 6.907042152108090249e+02 4.919826811980139359e-07 -1.284729668545081971e+00 1.648839275639724016e+09
7.930147132362194142e-04 -1.970793280509997469e+00 6.796286151806594944e+02 1.478174783761919770e-14 -7.910157937535436723e+00 1.648839275640093803e+09
8.000843919739941213e-04 -1.962040373484714051e+00 6.582650156154015804e+02 7.742905438542791585e-11 -1.515038465277783075e+00 1.648839275641442060e+09
8.144224945494149591e-04 -1.955288862758947532e+00 5.762216136807415978e+02 3.715841343614830909e-11 -6.484764726941476987e+00 1.648839275642210245e+09
8.280748096295977804e-04 -1.942505978244795539e+00 5.297618537099385776e+02 3.831640504171634261e-11 -2.392541962536443023e+00 1.648839275642228603e+09
7.883249227797238046e-04 -1.973960415485744857e+00 6.934621418669776176e+02 5.560093737439526076e-13 -6.715297261930853523e+00 1.648839275645058155e+09
7.940911647711528009e-04 -1.966699216215602286e+00 6.821641237594708400e+02 1.871269619798681045e-09 -2.293389143654023243e+00 1.648839275645192623e+09
8.099093961595496506e-04 -1.958163898255134150e+00 5.776657763143817874e+02 4.335787859981767240e-09 -4.724299053551403560e+00 1.648839275645626068e+09
8.296140571731491385e-04 -1.940742589576313737e+00 5.234351251336249788e+02 9.706546748347887823e-08 -4.028069838520202950e+00 1.648839275646111965e+09
8.020736497787771604e-04 -1.965172086632376081e+00 6.219901934069837353e+02 8.013749471570646008e-14 -7.045747661031493969e+00 1.648839275646960974e+09
8.035531075532204894e-04 -1.964100295636837190e+00 6.127587562051132863e+02 9.443206473068471264e-14 -5.499791658215647416e+00 1.648839275647044897e+09
7.945646620211016661e-04 -1.967221767637714391e+00 6.584415963171658177e+02 1.149389390170199075e-10 -1.453522999744383704e+00 1.648839275647334099e+09
8.236794051234651694e-04 -1.946794354940865945e+00 5.480532787848616181e+02 3.711062543724974349e-12 -2.754463260182700601e+00 1.648839275647608757e+09
8.165436433871611256e-04 -1.952123520081545660e+00 5.562139164928283890e+02 4.674279631654860784e-11 -7.179166960108256390e-01 1.648839275648001432e+09
8.151972551565120568e-04 -1.954281096919573635e+00 5.768078977037012010e+02 3.412195263529742910e-14 -6.819026372827869054e+00 1.648839275648851871e+09
7.965584182031779786e-04 -1.964360722470369858e+00 6.679592785132820154e+02 5.407149092581546517e-12 -3.750010029852247406e+00 1.648839275649602413e+09
8.157984320873967439e-04 -1.950132520161704797e+00 5.886073930893609258e+02 1.407250039241802040e-08 -7.441725516708528332e-01 1.648839275650238991e+09
8.017088745805850793e-04 -1.963796371789681583e+00 6.420856905844552784e+02 1.503713403332078760e-15 -6.563042121776513582e+00 1.648839275651180983e+09
8.024678270860803554e-04 -1.960857610410055685e+00 6.474705537685146055e+02 1.563781172888169192e-15 -1.719892587756250535e+00 1.648839275651537657e+09
7.937142054768225657e-04 -1.971058637201386521e+00 6.643404327651304584e+02 7.092948004831951961e-13 -1.347581664776601684e+00 1.648839275652235270e+09
8.225435216616056380e-04 -1.944649825187391823e+00 5.533052502046532481e+02 2.252954144803828360e-11 -2.235270427386375047e+00 1.648839275654715538e+09
8.208035480131656032e-04 -1.945726597003729408e+00 5.615276744573408223e+02 1.421717394844904715e-08 -1.933342056108153351e+00 1.648839275654796600e+09
8.032406675754318786e-04 -1.959597626053135366e+00 6.437369992124024520e+02 4.175914636402573944e-14 -2.542662441493302339e+00 1.648839275655273914e+09
8.136992127682895082e-04 -1.950805628416118598e+00 5.843484935008772254e+02 7.698170080399110919e-11 -2.860126412506279081e+00 1.648839275656642675e+09
8.241646697110839581e-04 -1.945421742302474444e+00 5.633358365996065231e+02 4.275742734770625469e-08 -5.954670117626942094e+00 1.648839275657153606e+09
8.097952522987878540e-04 -1.955736337053970431e+00 5.844988507201592256e+02 7.200436754905133265e-09 -8.192155418707915970e-01 1.648839275657448053e+09
7.845773514653413749e-04 -1.978300897179946727e+00 7.372062943404799853e+02 1.028198901601938239e-07 -4.844597526265721932e+00 1.648839275657609224e+09
7.993232539826775583e-04 -1.966568219415995689e+00 6.448056638716612952e+02 8.447447972308380247e-14 -2.801919941825709692e+00 1.648839275658210039e+09
8.096634243608950192e-04 -1.956970008068902089e+00 6.101462724632133359e+02 8.890816051847637243e-11 -2.136943422669054904e+00 1.648839275658255816e+09
7.969723375242536217e-04 -1.967853645570811771e+00 6.604058422922450973e+02 7.430534874469574140e-11 -2.328034680371774634e+00 1.648839275658262968e+09
7.677041792675032067e-04 -1.990981883277959330e+00 8.528172473993383846e+02 2.822027554585807331e-08 -5.839578370800302842e+00 1.648839275659518719e+09
7.916876873735362481e-04 -1.970404399451164634e+00 6.935794961128830209e+02 2.696786405258439463e-11 -9.967415457376160859e-01 1.648839275660564899e+09
7.976306751850043876e-04 -1.965390448538365531e+00 6.381244209146153707e+02 6.098691566099785843e-09 -1.920252338997006980e+00 1.648839275660887957e+09
8.033163835042784551e-04 -1.963565896177601022e+00 6.063316619954908901e+02 2.845491581385138340e-12 -7.400851691932908594e+00 1.648839275661899567e+09
8.078695648907985392e-04 -1.960065944512870750e+00 6.064308358124631013e+02 3.610488291507865352e-14 -1.014026973757887085e+00 1.648839275662282228e+09
8.201968889308557152e-04 -1.946953563464420167e+00 5.692869069289694153e+02 2.017990557537247206e-13 -5.399418887266767442e+00 1.648839275662571669e+09
7.928297605877905520e-04 -1.966227891023457630e+00 6.660095216350970304e+02 6.408880187855038490e-09 -6.574974117709209587e+00 1.648839275663118124e+09
8.118010668221076502e-04 -1.953562099842717004e+00 6.055430576833746272e+02 1.106788968159330583e-10 -2.754854949190670865e+00 1.648839275663228750e+09
8.190760140424691894e-04 -1.950511088658475334e+00 5.659936817982355706e+02 6.892817753772191809e-13 -1.661586595096314234e+00 1.648839275664318323e+09
7.921677111977280762e-04 -1.968504525081943735e+00 6.874805888281046009e+02 1.258439093998109928e-15 -4.992201107777336944e+00 1.648839275664626122e+09
7.984611239403155685e-04 -1.967360211839513706e+00 6.467236266177656034e+02 3.457876850366264754e-11 -3.121963398273321033e+00 1.648839275664761782e+09
7.881382960593729487e-04 -1.973691720418320639e+00 6.994636765349819143e+02 4.809912613280807600e-14 -5.188390844598394835e+00 1.648839275665042639e+09
8.040473776999731937e-04 -1.962946160223383085e+00 6.031506490641069149e+02 3.051871031644927195e-11 -3.594205321529850394e+00 1.648839275665065765e+09
8.181497312662874355e-04 -1.947998341114956178e+00 5.773470965981673544e+02 1.179037624765422665e-08 -3.035768955833937355e-01 1.648839275666705132e+09
7.952018021340559462e-04 -1.967074388008063668e+00 6.529093756802301414e+02 1.174146813108984783e-15 -1.750525125001878735e+00 1.648839275668506145e+09
8.097719827780245792e-04 -1.955454529601972968e+00 5.948862536106056496e+02 7.643131436760296599e-07 -2.288025227279437246e+00 1.648839275669036865e+09
8.213368982572436363e-04 -1.948926797989915638e+00 5.552358670785508821e+02 5.911500425197610055e-08 -1.045623950887825337e+00 1.648839275669802189e+09
8.014201706527875361e-04 -1.960910077811134800e+00 6.300016543248590324e+02 9.592838698463290883e-13 -6.247995587014829155e+00 1.648839275670288563e+09
7.990394981063625576e-04 -1.965742963089933237e+00 6.545272663333211085e+02 4.198136872063454026e-15 -1.793990530397662653e+00 1.648839275670331001e+09
8.124826590251803520e-04 -1.951664302470755175e+00 5.912322924245189597e+02 3.047676331038246121e-08 -2.875743085584533176e+00 1.648839275670459986e+09
7.741700246010072353e-04 -1.988600642107852812e+00 7.621369855432390068e+02 7.874943699424109250e-10 -7.880641998808592064e+00 1.648839275670712233e+09
8.124207953088180469e-04 -1.952929681416891938e+00 6.027886937501759803e+02 8.594174068217508956e-09 -3.403517710620809211e-01 1.648839275671595335e+09
8.112201775213102352e-04 -1.957903965314617745e+00 5.861926909031946025e+02 3.782999607820697535e-10 -1.328302914042729377e+00 1.648839275671777487e+09
7.936598149400677380e-04 -1.971891993030307155e+00 6.563706588703253146e+02 6.242458483182509393e-10 -6.689163989028541479e+00 1.648839275672297716e+09
8.152299239612120080e-04 -1.953452015318026369e+00 5.820276768555929721e+02 1.977424121349890163e-11 -4.111082747028902418e+00 1.648839275672486544e+09
8.073819211547139489e-04 -1.956561012532452404e+00 6.249034039851522948e+02 1.730802064012884411e-15 -4.436111643861316622e+00 1.648839275672690392e+09
8.146001291344110232e-04 -1.952689401218898446e+00 5.650295050058940660e+02 1.896044247593162656e-13 -7.225333818084176407e+00 1.648839275672825098e+09
7.994654244002007094e-04 -1.962074904126573927e+00 6.456603085872552583e+02 4.820463633625562773e-09 -2.967459720376964150e+00 1.648839275673061609e+09
8.215782682766863479e-04 -1.946271133689471133e+00 5.631694175765671844e+02 3.752946049553710270e-11 -6.229873134634785536e+00 1.648839275674089909e+09
7.906484690995512193e-04 -1.975919406688543933e+00 6.706237331757027960e+02 9.482271583141289203e-08 -4.833517400245346707e+00 1.648839275674305201e+09
8.050217396506699789e-04 -1.958797246185430385e+00 6.353856019299362288e+02 1.346520590297803902e-11 -3.556356302817451187e+00 1.648839275674320459e+09
8.215290710439016519e-04 -1.946362685935720593e+00 5.478199569530272584e+02 9.575848404362174443e-14 -4.861480985845265224e+00 1.648839275675011158e+09
7.904147484695013548e-04 -1.970409444761081819e+00 6.912927680493609159e+02 4.845533523113793649e-11 -4.598718910486250699e+00 1.648839275675312996e+09
8.241305437993226958e-04 -1.946167949169671063e+00 5.361152154543359529e+02 6.426291817543524202e-10 -3.673216398757528367e-01 1.648839275677455187e+09
8.226562350723675560e-04 -1.948204128219169551e+00 5.452947425406088087e+02 9.278007245279562156e-12 -2.813817847609691114e+00 1.648839275677545071e+09
8.014049790296757158e-04 -1.960421713723830450e+00 6.475273879846017735e+02 3.955872898168891478e-10 -1.993322017809169289e+00 1.648839275677723408e+09
8.018389453764579195e-04 -1.964609181595887044e+00 6.134743977512002857e+02 1.058182578134314127e-13 -4.773539656723116309e+00 1.648839275680282354e+09
8.153847977785176702e-04 -1.949402720104795872e+00 5.767108229640718946e+02 3.241020126721837243e-08 -4.373878121301379096e+00 1.648839275680435896e+09
7.956725819854913555e-04 -1.969559794170745226e+00 6.565850205476666588e+02 6.624251945883273236e-12 -7.566171578968496902e+00 1.648839275680477142e+09
8.071378906639386326e-04 -1.958372512830972356e+00 6.230236812153007122e+02 2.343752063329449603e-10 -4.081556169935618428e-01 1.648839275680915833e+09
7.954819067014865788e-04 -1.965448757665584134e+00 6.700026264516892525e+02 5.324085756586015180e-15 -7.027862812960662175e+00 1.648839275680932522e+09
8.149889768560358372e-04 -1.949795290639130485e+00 5.820259250328765575e+02 2.479533372567865762e-08 -8.099768723126476999e-02 1.648839275682082653e+09
8.044600999985224892e-04 -1.957808713811597379e+00 6.306238391226295334e+02 2.307568127535672769e-15 -7.690473809185175647e+00 1.648839275683075905e+09
7.892351367472719278e-04 -1.973347851420779842e+00 6.930489307123798426e+02 1.409668987523790429e-10 -5.245759394610038484e+00 1.648839275683979511e+09
7.932033688041612842e-04 -1.971251990795072739e+00 6.661243343963749339e+02 5.856469138075180617e-13 -7.339326897751287326e+00 1.648839275684371710e+09
8.082877755656242905e-04 -1.955938440221336005e+00 6.205826938506617125e+02 3.947258638323433542e-14 -4.568354894298893853e+00 1.648839275685331583e+09
8.112769009633000487e-04 -1.953413442029795943e+00 6.073264304533558970e+02 6.854858092148608430e-11 -5.705075785430889113e+00 1.648839275685437679e+09
7.930671337158708969e-04 -1.971193849293169986e+00 6.712380033405858057e+02 5.238006302211393876e-11 -4.530311679730532504e+00 1.648839275685612917e+09
8.026314537259768679e-04 -1.960981791274473807e+00 6.455451023898261838e+02 6.357942430264378646e-10 -1.855046019292175608e+00 1.648839275685817242e+09
8.090827850998229655e-04 -1.955136642316639861e+00 6.169062830080169988e+02 3.034352471730591025e-14 -1.785629168909165010e+00 1.648839275686116695e+09
8.176535350335372224e-04 -1.951532526056006578e+00 5.718426858904635992e+02 1.716675901947543910e-13 -2.370246873397273468e+00 1.648839275686542988e+09
8.060853383125037757e-04 -1.957286730185976875e+00 6.440983742951369777e+02 5.285886956156738400e-08 -5.149883919895585471e+00 1.648839275687239885e+09
8.033084935221149669e-04 -1.963931940902966744e+00 6.206400841932390904e+02 9.460847335512619514e-13 -4.220835830215689199e+00 1.648839275687298536e+09
7.653070942087308870e-04 -1.996985651259788330e+00 8.623384754342686165e+02 2.679069979234806077e-09 -7.905029109039040769e+00 1.648839275687841654e+09
8.148769406719142457e-04 -1.954762288822974314e+00 5.635019914048780265e+02 4.763405034495462120e-10 -5.436130398920465012e+00 1.648839275688100815e+09
8.229917438879783649e-04 -1.950778489331466581e+00 5.490877305012880925e+02 2.278931794180666789e-08 -6.518843036303612948e+00 1.648839275688289404e+09
8.244189607730903653e-04 -1.943881625228661036e+00 5.439178845032058689e+02 1.339021152988068438e-08 -3.094523596074303384e-01 1.648839275688618183e+09
7.979213341486880414e-04 -1.964861016835554697e+00 6.665955749534298320e+02 1.023601511179097608e-15 -7.900139745380054812e+00 1.648839275688767672e+09
8.154263379040628664e-04 -1.950155656678007166e+00 5.723147625230018321e+02 2.371086066894797064e-10 -1.153961337228324169e+00 1.648839275689062595e+09
8.234691603715705828e-04 -1.946722553802878508e+00 5.489749967430435618e+02 9.906738837907813813e-15 -1.269328061152872777e+00 1.648839275689219475e+09
8.134422173799484013e-04 -1.950981285879684002e+00 5.930179906179783984e+02 9.789666473952280245e-12 -2.437754872356468816e+00 1.648839275689999580e+09
8.201614903158165092e-04 -1.946754458324903236e+00 5.563293330911051271e+02 3.289669768931108570e-15 -1.937544004754878202e+00 1.648839275690001249e+09
8.187602479727644749e-04 -1.951495936567589684e+00 5.601141661254010842e+02 1.479543030969541493e-11 -5.225528063431291947e+00 1.648839275690098286e+09
8.003846054364161834e-04 -1.961203024314868815e+00 6.489138522839747338e+02 5.964031743233687110e-14 -7.179159695026244847e+00 1.648839275690377474e+09
7.922980558711495945e-04 -1.971361741647931431e+00 6.655342730087359087e+02 5.722875033336016907e-10 -3.629350100574658455e+00 1.648839275690775156e+09
8.178613978154457547e-04 -1.950133322728651031e+00 5.764808764094917706e+02 1.020039030469599329e-12 -7.033252053712324425e+00 1.648839275691630602e+09
7.919351962671252864e-04 -1.971047797126875167e+00 6.678096961560509044e+02 7.785442716745233423e-12 -1.122034321889115560e+00 1.648839275692010403e+09
8.039264178740084541e-04 -1.958286315842426628e+00 6.286987238534106837e+02 1.836430299605854752e-12 -7.842125785412947359e+00 1.648839275692067385e+09
8.209666028289200421e-04 -1.946655638840363522e+00 5.505969859111808091e+02 1.177029043615114516e-13 -6.354231592289111497e+00 1.648839275692841291e+09
7.715146733620909664e-04 -1.987359084764892980e+00 7.849631582455305079e+02 1.612825146820128309e-09 -7.408307310145332281e+00 1.648839275693456411e+09
8.025788323403527545e-04 -1.964149981268763945e+00 6.108962728663619828e+02 3.552334505184061506e-12 -1.119866430262229429e+00 1.648839275694127321e+09
7.912800383726466399e-04 -1.969607375775539460e+00 6.879565223252429860e+02 3.663632391591578446e-15 -5.091730833573413939e+00 1.648839275694463968e+09
8.007609230036616442e-04 -1.961071369721491875e+00 6.519171753169122212e+02 1.554440793306588946e-11 -7.653753121093313183e+00 1.648839275695632935e+09
7.913126988131202874e-04 -1.969692092746766932e+00 6.925085492082741894e+02 4.867775629282075740e-14 -5.364552294812953370e+00 1.648839275695670128e+09
7.899217914198684029e-04 -1.971612852327926824e+00 6.983479828897587822e+02 5.034148712063265897e-15 -1.263063838683926576e-01 1.648839275695847273e+09
8.136110324401647038e-04 -1.954755344906469849e+00 5.879473609865924573e+02 1.142320781488405450e-15 -2.150280914372864949e+00 1.648839275696474791e+09
8.162018926410174319e-04 -1.949507387769529476e+00 5.849710646303258272e+02 4.203832288939270819e-12 -6.962109295605324988e+00 1.648839275697829247e+09
8.037386061317635094e-04 -1.960468286814278205e+00 6.395238418026381169e+02 2.435597547307728352e-14 -5.330149660126235034e+00 1.648839275698465824e+09
8.221297273437345055e-04 -1.948565548685067483e+00 5.472410577467385338e+02 1.535729842172472878e-15 -6.947175562702607721e-01 1.648839275698531628e+09
7.908520527531081798e-04 -1.970820123032326565e+00 6.801675342084390650e+02 2.047162214532100682e-11 -2.996242403324542281e+00 1.648839275698647499e+09
8.138779874301669973e-04 -1.955678030718999150e+00 5.756553862203195422e+02 1.726383371875451924e-14 -7.289827434681897422e+00 1.648839275698795319e+09
7.935251768318921225e-04 -1.967992602010714354e+00 6.674947224576251301e+02 3.693034523616478320e-11 -7.493721448517991490e-01 1.648839275699144363e+09
8.252723903070424867e-04 -1.943493354861294264e+00 5.421413616489242031e+02 4.500244878308071171e-12 -6.392611038822080261e-01 1.648839275699246168e+09
7.897003076199130001e-04 -1.971628517307521200e+00 6.912226923558517910e+02 2.615637192026022542e-09 -1.846947871142032405e+00 1.648839275699348927e+09
8.021057396176601998e-04 -1.964950460539647281e+00 6.161083859530710924e+02 1.644669051796176094e-10 -5.890326959294846176e+00 1.648839275699605465e+09
8.219904386405707877e-04 -1.947728473015966966e+00 5.588115169884919169e+02 2.228365155415360323e-09 -5.638185805643932902e+00 1.648839275699788570e+09
8.158445145398602943e-04 -1.949608854886532461e+00 5.857515207147804404e+02 2.131595920224129850e-14 -3.670486566365296355e-01 1.648839275699805260e+09
7.982288131168247414e-04 -1.967615112828799528e+00 6.445218020933449452e+02 6.264596458547959903e-14 -3.980352740143270118e+00 1.648839275700627565e+09
8.256200501517704316e-04 -1.943331522914218290e+00 5.409986970836272349e+02 2.281146685657064452e-09 -4.003044489590138255e+00 1.648839275702014446e+09
8.140368627149976088e-04 -1.955216707637080997e+00 5.679234166713213199e+02 1.932900233945688147e-07 -2.314294000082547598e+00 1.648839275702032804e+09
7.941614280504469096e-04 -1.966793224255747097e+00 6.749371154960957711e+02 1.944386444886580613e-15 -2.730595398148980557e+00 1.648839275702730656e+09
7.810719234644900337e-04 -1.976946853197974363e+00 7.623136215421399129e+02 1.936962314288134954e-09 -6.807295505412455761e+00 1.648839275704178095e+09
7.824903344705995975e-04 -1.977800792715561862e+00 7.319306950529146434e+02 1.511064075574852665e-07 -4.451980289145029523e+00 1.648839275704631805e+09
7.983469956876562560e-04 -1.963253721074898595e+00 6.616886424907381752e+02 9.029627309526079382e-08 -1.480192900557815605e+00 1.648839275705493450e+09
8.061559404908980736e-04 -1.961646770139022999e+00 5.971322366995113953e+02 1.386409815091922930e-13 -1.146530421766793317e+00 1.648839275705637693e+09
8.005496244925751738e-04 -1.964806943252817906e+00 6.450744681450885309e+02 1.366313417776989269e-09 -1.848549550766365179e+00 1.648839275706249475e+09
8.084346438192353563e-04 -1.959085060141380508e+00 5.856081231667302518e+02 1.545742762346497098e-14 -3.299908421061591213e+00 1.648839275706873417e+09
8.012561230033064070e-04 -1.960605689958518472e+00 6.390644012389241198e+02 8.161120756015735167e-14 -6.613553330148798537e+00 1.648839275707013845e+09
7.912959205644575812e-04 -1.972098236995643461e+00 6.881050838994231071e+02 4.066908625051643726e-09 -5.058609434651197390e+00 1.648839275707186699e+09
8.067782013930223416e-04 -1.960098961605062140e+00 6.166318083600441469e+02 2.182852856731522238e-11 -1.000365445422359834e+00 1.648839275707284689e+09
8.275330173144909663e-04 -1.942619982101397191e+00 5.349992623045420714e+02 6.463804362957893580e-11 -7.353901047415914327e+00 1.648839275708349705e+09
8.192553510231496364e-04 -1.946987106567354964e+00 5.662852733173907609e+02 4.880595896034597798e-15 -1.142128005217750264e+00 1.648839275708431959e+09
8.090092639924155666e-04 -1.955973720038380215e+00 5.903446227558275723e+02 1.820203560384784765e-12 -7.699609284497770822e+00 1.648839275709100962e+09
7.837745545271874005e-04 -1.975572425130825760e+00 7.133412961140293191e+02 1.743651571955019742e-08 -5.625948963406813164e+00 1.648839275711032152e+09
8.032053959926407829e-04 -1.963562151525767296e+00 6.117629134529616977e+02 4.689895669334246236e-07 -1.751755091447327217e+00 1.648839275711416006e+09
7.985299530901332618e-04 -1.962874673527518876e+00 6.554302284179508433e+02 4.091230689676398342e-12 -2.897272782113856415e+00 1.648839275711716175e+09
8.042768776110860527e-04 -1.963286103640259128e+00 6.072989247865270954e+02 2.885167448111723150e-09 -4.122846077027883638e+00 1.648839275712402821e+09
8.229375684216380313e-04 -1.943610786173735949e+00 5.701698985562990174e+02 3.627375872986363079e-09 -6.556352169163377930e+00 1.648839275712640285e+09
8.138706092994717287e-04 -1.955649440653902893e+00 5.752827011395340833e+02 1.455477597178497757e-11 -1.136955427002819263e-01 1.648839275712957621e+09
8.166939554004572699e-04 -1.950304195700969245e+00 5.831186975876817087e+02 1.802361030714024844e-11 -7.470200798871821313e+00 1.648839275713220358e+09
8.088430414817156938e-04 -1.951846075054545881e+00 6.051576133395393526e+02 5.144055643272055326e-09 -7.024968228196464715e+00 1.648839275713850737e+09
8.065132371883150172e-04 -1.961549979756083362e+00 6.031210686605162437e+02 4.081403085366834205e-12 -5.723559180101908339e+00 1.648839275714557171e+09
8.100152541089094540e-04 -1.954809937154188493e+00 6.122052350147266679e+02 8.061833413191821615e-13 -2.452101630535885590e-02 1.648839275714913607e+09
8.106959724340377562e-04 -1.956891655348594661e+00 5.773282004309484137e+02 9.523887007680816282e-14 -3.338675009759421108e+00 1.648839275715868473e+09
8.054752447206142653e-04 -1.959989012330158653e+00 5.996791648301115174e+02 1.068104058949651575e-11 -5.657055186296737759e-01 1.648839275717366219e+09
7.863014974592232205e-04 -1.975101258335277166e+00 7.171904596160867413e+02 4.029351146978035738e-09 -5.458305556646475765e+00 1.648839275717867613e+09
7.953440080821029328e-04 -1.968771416121790185e+00 6.487226825609419620e+02 1.440978901259047200e-07 -2.541197373248131441e+00 1.648839275717881680e+09
8.255218619284907791e-04 -1.944061851143572550e+00 5.422813744710405217e+02 7.738015391360475287e-12 -5.017221511455504768e+00 1.648839275718194485e+09
7.940692998334420404e-04 -1.967478390316754755e+00 6.657306637364822564e+02 1.760090235100629392e-15 -7.127819140268210951e+00 1.648839275718432903e+09
8.232216953161643029e-04 -1.945093168530470873e+00 5.540000623535088380e+02 6.953902992166045251e-13 -3.284762982542014598e+00 1.648839275719508410e+09
8.168416855245931541e-04 -1.953191188235144260e+00 5.622015125289888147e+02 1.935941997095831182e-11 -1.464102140067453206e+00 1.648839275719856024e+09
8.121356263135343090e-04 -1.956695647264975690e+00 5.869805846797327149e+02 9.263594741714643859e-15 -6.982163490915763049e+00 1.648839275719944715e+09
8.036526986535067613e-04 -1.965039728697684840e+00 6.141372568216510217e+02 1.669793351674080683e-07 -4.243523222263408279e+00 1.648839275721765518e+09
7.936899362825547248e-04 -1.968147890930737276e+00 6.649437018524722589e+02 1.442289898950227356e-11 -4.320371218061996643e+00 1.648839275721864223e+09
7.956598273580253993e-04 -1.965945121483411828e+00 6.626605601719621745e+02 2.042468238994346759e-07 -3.123989471170899535e+00 1.648839275721898079e+09
8.151155667603989657e-04 -1.951347475191580916e+00 5.894477010412932714e+02 8.497805822793006082e-11 -1.747578829880610307e+00 1.648839275723444700e+09
8.046155041917303109e-04 -1.957950155080880661e+00 6.231006904287089583e+02 8.733165837881765518e-15 -5.764323323161597123e+00 1.648839275725270271e+09
8.049214388592771524e-04 -1.962573600800270324e+00 6.136065020085173956e+02 2.655977394825028812e-14 -4.412299278572366035e+00 1.648839275725651741e+09
7.997828155321148966e-04 -1.965982523343630994e+00 6.243619672744390527e+02 2.331854459724241954e-09 -3.664144552567575985e+00 1.648839275725682497e+09
8.153054884274714290e-04 -1.951589772004709289e+00 5.657155332672354007e+02 3.564511350750694680e-09 -2.850188148015135425e+00 1.648839275725900173e+09
8.177149894374041716e-04 -1.950368687153765546e+00 5.558278001437931835e+02 1.501340207262318200e-14 -3.469532820303316001e+00 1.648839275726112366e+09
8.187792670515462974e-04 -1.950487053200614884e+00 5.670940017715869317e+02 3.764666513952056959e-13 -2.886996514287186066e+00 1.648839275727208138e+09
8.110281436948668654e-04 -1.954398157251407531e+00 5.831507361783884562e+02 4.704722653440908689e-14 -3.876603608675948109e-01 1.648839275728142738e+09
8.058854264116707298e-04 -1.958316476936353023e+00 6.040996706948677684e+02 5.093007674294356266e-09 -6.702004835787880310e-01 1.648839275728212833e+09
7.906483757102258664e-04 -1.971913231728169569e+00 6.896773120361323208e+02 7.385544289878813489e-09 -8.354790773786628932e-01 1.648839275728395700e+09
7.902234620901678330e-04 -1.972142600955066882e+00 6.839990262811271577e+02 8.778432825985457767e-14 -7.838337245509275242e+00 1.648839275729060411e+09
8.078581436795904177e-04 -1.961182232973774919e+00 6.237959675457717594e+02 2.684801446151516020e-08 -6.277939217078154499e+00 1.648839275729422808e+09
8.085321309473301717e-04 -1.958920747319232936e+00 5.857551129419193785e+02 1.074861483030961534e-13 -5.836051999429137993e+00 1.648839275729582787e+09
7.975223184418441273e-04 -1.967620453015499038e+00 6.544668406640121248e+02 5.892027171210943591e-10 -5.435383049770564412e+00 1.648839275729803801e+09
8.074291251862540739e-04 -1.959642535920756767e+00 5.900514939608907525e+02 4.447249857254374247e-13 -7.607170825461468056e+00 1.648839275729842901e+09
8.004303906975603284e-04 -1.965940992010507760e+00 6.334633039301991175e+02 4.947046356270945204e-13 -6.500006367392714424e+00 1.648839275729997158e+09
8.046501266636776634e-04 -1.962494231905771436e+00 6.185347888027087038e+02 1.324624222459071835e-13 -1.517601872645951921e+00 1.648839275731050014e+09
8.143842845941979538e-04 -1.950515968194891592e+00 5.826904228504182583e+02 6.407488396866826520e-13 -1.276792657222202365e+00 1.648839275731107235e+09
8.123214070208606636e-04 -1.955821330788325652e+00 5.920814759870368107e+02 1.217128328228404996e-14 -5.273182357621413630e+00 1.648839275731568575e+09
8.222459070660511618e-04 -1.947319803205024069e+00 5.551119896962646862e+02 1.807165827255653276e-09 -4.483120497538527260e+00 1.648839275732510805e+09
8.263383102397034224e-04 -1.948008538274421220e+00 5.074843814561168074e+02 8.101785297315752332e-09 -7.055486963647265242e+00 1.648839275734317541e+09
7.977764751879109790e-04 -1.966412569562353774e+00 6.615599151215780012e+02 2.100748939629382559e-11 -7.831541411851900669e+00 1.648839275734938622e+09
7.934990541628234506e-04 -1.967644583983247264e+00 6.762878288953154424e+02 1.132450083206726834e-14 -2.480230063381485550e-01 1.648839275734949350e+09
8.235761711730729120e-04 -1.945209433531724930e+00 5.427580770837413411e+02 1.959938779604766085e-11 -3.287552514961810779e+00 1.648839275735365868e+09
7.950726120870612321e-04 -1.965959744507655316e+00 6.887919810311598212e+02 6.328429110061233492e-10 -7.064988689941613664e+00 1.648839275735447407e+09
7.946790546053213080e-04 -1.967173207235341614e+00 6.791712205905361088e+02 5.798627906792705359e-14 -5.344003635653079343e+00 1.648839275735844612e+09
8.199049069537608881e-04 -1.947312185426235187e+00 5.563806448658074260e+02 5.439319122053285039e-08 -2.729331558318537354e+00 1.648839275737423182e+09
8.018324060750196824e-04 -1.962375004536044187e+00 6.459591772599328579e+02 5.249386804979600208e-14 -6.130590966243493867e+00 1.648839275737425089e+09
8.190640837430004798e-04 -1.948326983179538008e+00 5.720532276102590004e+02 2.145557215007015612e-12 -6.735264242524146461e+00 1.648839275738370180e+09
7.904858441923254785e-04 -1.970699821823915121e+00 6.868175919185981684e+02 1.994078527024438315e-11 -7.922836281853347096e+00 1.648839275738918304e+09
8.209051154202957456e-04 -1.946325590923961624e+00 5.628657296804146881e+02 2.399922337425258368e-12 -1.379957147048203936e+00 1.648839275739268064e+09
8.080457116432705365e-04 -1.957948137204129191e+00 6.166599882812804481e+02 6.860109209107809661e-15 -5.403757037798093243e+00 1.648839275739827394e+09
8.140787471479643544e-04 -1.955331470358250945e+00 5.691984917511688309e+02 1.241992100402495480e-15 -4.933855029110750579e+00 1.648839275740029097e+09
8.106540416936721229e-04 -1.957504861326162526e+00 5.960067963591287707e+02 1.766585970482151943e-07 -2.875389851590703927e+00 1.648839275740079165e+09
7.968719575759645882e-04 -1.970750705520328605e+00 6.558864310489951777e+02 1.065238852926171083e-08 -6.034349546787288077e+00 1.648839275740237951e+09
7.999506445493275494e-04 -1.961852622415183323e+00 6.517684740972140389e+02 1.138515086355915883e-13 -5.564794048446119135e+00 1.648839275741256237e+09
8.126006833388103607e-04 -1.951844756713841056e+00 5.964275879970833785e+02 5.624210749535650523e-13 -7.641791522005561887e+00 1.648839275741485834e+09
7.912266369113837849e-04 -1.970541126947163768e+00 6.910274545228529632e+02 4.018128379436932042e-14 -1.018461320858934371e-01 1.648839275742307901e+09
8.231278005501889601e-04 -1.945685445662602264e+00 5.579906651150174639e+02 1.870343048017745379e-10 -7.367044773185058126e+00 1.648839275742592335e+09
8.209229448624969167e-04 -1.946969146168804787e+00 5.506401382465811594e+02 1.150260486342927821e-13 -2.244812167763123867e-01 1.648839275742743492e+09
7.975817760240017920e-04 -1.963913390254900637e+00 6.625655444098501903e+02 1.636501816252124763e-08 -4.078030434225166090e-01 1.648839275743860722e+09
8.036761988428508434e-04 -1.959056048096169178e+00 6.227769933987831337e+02 7.868332379173230201e-10 -2.318461661091557602e+00 1.648839275744116545e+09
8.175393270136591464e-04 -1.948341445090137292e+00 5.746498565524465221e+02 1.285157407296563465e-08 -2.375877538291813806e+00 1.648839275744215965e+09
8.191543431912356272e-04 -1.949089047434556576e+00 5.524899664703083317e+02 1.027612740833170995e-12 -2.057835222840420641e-02 1.648839275745805740e+09
7.976195294937449189e-04 -1.966005792849127909e+00 6.380809108087105415e+02 6.689925304013760940e-08 -3.036660852866314819e+00 1.648839275746404171e+09
8.126911378811741858e-04 -1.955648084385270380e+00 5.892714234286894452e+02 2.272874676061603389e-14 -6.342740928776814613e+00 1.648839275747487068e+09
8.192064908062307842e-04 -1.948968177689248016e+00 5.526431345525583083e+02 7.497764720127222966e-10 -3.565658967001300361e+00 1.648839275748121023e+09
8.185237292188067950e-04 -1.947806612062438214e+00 5.653985533122140623e+02 6.863780288325543594e-14 -5.169751495529297358e+00 1.648839275748532295e+09
8.197241867537135955e-04 -1.945178371398466499e+00 5.850189964818212047e+02 3.049300005315209216e-08 -5.927737852836262533e+00 1.648839275748693466e+09
7.926062216873538653e-04 -1.972032098564592939e+00 6.511818430409898610e+02 1.350689847298024474e-07 -4.637042632618761928e+00 1.648839275748772621e+09
8.226598787819828368e-04 -1.945624994505544159e+00 5.556168634648010993e+02 7.126874747887586925e-11 -5.637325038122170007e+00 1.648839275748946190e+09
8.012675919229738904e-04 -1.964197136175707570e+00 6.409910713013349550e+02 2.523852218829220985e-12 -5.232677728232486558e-01 1.648839275749251127e+09
8.152945879207361196e-04 -1.950877919340982647e+00 5.886093836677217723e+02 3.512248265152830314e-08 -5.588548873033616360e-02 1.648839275749855518e+09
8.164112423583807197e-04 -1.952108274545461875e+00 5.590064913645024944e+02 9.307922325420856866e-15 -5.535378760397372311e+00 1.648839275750808954e+09
8.073169751571998695e-04 -1.955887597226427577e+00 6.189670505884317890e+02 1.573228044143110653e-14 -3.754346714395573770e+00 1.648839275751044750e+09
8.115079051793503600e-04 -1.957453394526535995e+00 5.834489960069146264e+02 5.612567094949242174e-13 -1.194968330388936018e+00 1.648839275751394272e+09
8.171324768848247429e-04 -1.948635095714497778e+00 5.733081041339449939e+02 4.533181346310613034e-09 -1.950058270204956479e+00 1.648839275751659155e+09
7.974534367221572948e-04 -1.968582479435183608e+00 6.513119162899620278e+02 6.696394886343952000e-10 -6.726096202600334806e+00 1.648839275751990318e+09
8.179137526753030253e-04 -1.948509801787260631e+00 5.645495031410308684e+02 1.323133383447091659e-15 -5.050554981332480153e+00 1.648839275752806664e+09
8.128032102567046965e-04 -1.952129209769757345e+00 5.838088745399309119e+02 4.016383227218814732e-09 -2.322810521239421888e+00 1.648839275753535271e+09
7.909458761066039687e-04 -1.971846239790536304e+00 6.823592945457425003e+02 1.209945348641333004e-09 -2.196185222655690161e+00 1.648839275754053593e+09
8.074974649021954189e-04 -1.955752496559409970e+00 6.179091189420571482e+02 1.596974855675954308e-15 -2.830562006695171995e+00 1.648839275755124331e+09
7.956271606287036204e-04 -1.966555454668837299e+00 6.748957192231221143e+02 1.981922364687022108e-10 -5.633879609964624890e+00 1.648839275755288601e+09
7.910749331716064028e-04 -1.971463386450100774e+00 6.878834588219328907e+02 1.196039446206244190e-11 -7.277743941065015321e+00 1.648839275755856037e+09
8.069702578968773092e-04 -1.958518982856780610e+00 5.929873165822517649e+02 1.161154066187192859e-09 -6.039786363162087390e+00 1.648839275756185532e+09
8.096869004330095121e-04 -1.957972173387446668e+00 6.018478922491442518e+02 2.319399874059221961e-14 -4.276484576116182268e+00 1.648839275756516457e+09
7.712018125090035507e-04 -1.989708689878602943e+00 7.848504155695518421e+02 2.636990316316154067e-08 -5.915620569662324080e+00 1.648839275757293701e+09
8.266598066652528116e-04 -1.943879744650682806e+00 5.259315185955140350e+02 1.268294144951924189e-09 -6.504875458470538163e+00 1.648839275757360458e+09
8.196114168815476575e-04 -1.949973052104065907e+00 5.498167767651896156e+02 4.536173613723196448e-14 -7.176490516145427101e+00 1.648839275757445097e+09
7.917678759597886152e-04 -1.971155216631583773e+00 6.830912151456573156e+02 5.031026235437581723e-13 -4.031232229002657874e+00 1.648839275757484913e+09
7.928371347141788435e-04 -1.969615623043320385e+00 6.838217224175282354e+02 8.291166500921555398e-11 -3.487967957132776853e+00 1.648839275757788181e+09
7.908870305933836126e-04 -1.970756511470960870e+00 6.878144282989342173e+02 2.612564259398876825e-12 -6.136388424670462527e-01 1.648839275757853270e+09
7.916432462771785241e-04 -1.970359459204782837e+00 6.883949825080802611e+02 8.511207349920728820e-14 -4.750872257454319403e+00 1.648839275757914543e+09
8.000504843700350331e-04 -1.965154420531393997e+00 6.459824899697993033e+02 4.831022208048875170e-09 -1.522224572538008580e+00 1.648839275758086681e+09
8.127461720084181839e-04 -1.955559806465696493e+00 5.890564672132323949e+02 3.928238749515143638e-12 -1.654418710208727106e+00 1.648839275758651495e+09
7.888085159393832309e-04 -1.974119212346906682e+00 6.884380149034496981e+02 2.336020564245026260e-07 -4.060016377079714189e+00 1.648839275759294748e+09
8.086646380158537531e-04 -1.954799531802935864e+00 6.086954645102988479e+02 2.370583969844012096e-14 -4.884051776816361823e+00 1.648839275760477781e+09
8.169482901670796667e-04 -1.950191771812853414e+00 5.617791164146592564e+02 8.142040620186197855e-13 -3.319893044769601786e+00 1.648839275760857105e+09
8.087729414730810557e-04 -1.958327080670017484e+00 6.081118708363839005e+02 2.176557547195944224e-13 -6.515066202995836164e+00 1.648839275761161804e+09
7.955923729389485170e-04 -1.968881125478295413e+00 6.482842262289741484e+02 2.744967143475399697e-13 -3.872881308804078770e+00 1.648839275761212349e+09
8.103310581403164181e-04 -1.956082260123324090e+00 6.065744083237176483e+02 4.196992178579901896e-14 -3.379551207923124245e+00 1.648839275761227131e+09
8.149225319458553536e-04 -1.954463104936990936e+00 5.739842970756043314e+02 2.924704527691050058e-08 -5.926623069714569425e-01 1.648839275761547804e+09
8.192678499050314858e-04 -1.947484194196141161e+00 5.463126056108262674e+02 1.984083903497827560e-08 -5.862956661142332493e+00 1.648839275762031078e+09
8.119634491515399267e-04 -1.956319145719822572e+00 5.741228749074761026e+02 6.112935412230190075e-08 -1.112257983580027698e+00 1.648839275762188911e+09
7.908839492179427829e-04 -1.970913618532579736e+00 6.884137687659059566e+02 6.462093052322551948e-15 -7.654395277189875557e+00 1.648839275762363434e+09
8.045563056816309403e-04 -1.961951379886505586e+00 6.029228631082274887e+02 6.985274548914859481e-15 -1.932310244054217030e+00 1.648839275763283491e+09
7.956892055197555425e-04 -1.967403505703680500e+00 6.742623019119213268e+02 4.134931848591314642e-08 -3.825022889114706892e+00 1.648839275763977289e+09
8.175538072236907200e-04 -1.949359435707598731e+00 5.779056159441468026e+02 1.867673826877877169e-14 -4.704038223975775423e+00 1.648839275764573812e+09
8.150300497841978225e-04 -1.952120941704254875e+00 5.873719026538807384e+02 2.643661408543556430e-11 -3.010182165990708647e+00 1.648839275764912605e+09
7.924687991384498070e-04 -1.969933740898773600e+00 6.845841459925662775e+02 7.647108318711573821e-12 -7.228409500609727090e-01 1.648839275765286922e+09
8.050947009682010323e-04 -1.961029261180605721e+00 6.008294082132254061e+02 5.118275222297791121e-12 -1.016688148584769635e+00 1.648839275765975237e+09
8.143401514063503335e-04 -1.951422377841181666e+00 5.918144381134868581e+02 2.697347681774686773e-14 -1.540330639346185748e+00 1.648839275766244411e+09
8.024322395662319279e-04 -1.961183708996345976e+00 6.199455257460919029e+02 5.524129629110163926e-08 -2.487505768851447030e+00 1.648839275766289473e+09
8.238634802977596629e-04 -1.944835747017576333e+00 5.462387784905185981e+02 1.425299032718714755e-12 -4.119987733154966136e+00 1.648839275766522646e+09
8.068070703109765391e-04 -1.960983963457230583e+00 6.056940500614202847e+02 3.207174395111679758e-08 -2.951142742679139452e+00 1.648839275767137766e+09
8.043105257275313079e-04 -1.961852741883252982e+00 6.269151888322497825e+02 4.178750476344087779e-14 -6.974592639483596201e+00 1.648839275767918825e+09
8.030059426848291503e-04 -1.959358205190500968e+00 6.321070972415293454e+02 3.460582894296209949e-10 -2.171424849722645156e+00 1.648839275768114328e+09
8.138178477091532982e-04 -1.951300523905309170e+00 5.926421284505998983e+02 6.460618306730126669e-13 -6.594347607397800459e+00 1.648839275768485308e+09
8.075982376633709459e-04 -1.959470818106375578e+00 6.113769293240413845e+02 9.570842723242254840e-15 -5.619817657875758599e+00 1.648839275768831491e+09
8.210332728163165054e-04 -1.945813552620115239e+00 5.650672425699269752e+02 6.094011238553926444e-09 -5.168720631244791974e+00 1.648839275768889666e+09
8.043526788878327090e-04 -1.963045473291528786e+00 6.118441193795504205e+02 3.856883428638922589e-11 -6.565847834429199281e+00 1.648839275768901348e+09
8.215649260452517625e-04 -1.945950085170282229e+00 5.560178153072762370e+02 3.969578172849280046e-09 -2.511044020630401441e+00 1.648839275769802332e+09
8.062913067599930539e-04 -1.957690787585835590e+00 6.271416875080318505e+02 1.885237935979465302e-12 -3.910574845213860229e+00 1.648839275769913673e+09
8.094094606484668287e-04 -1.956654663729795463e+00 6.104735955216949606e+02 1.486840144324758663e-07 -2.182853055759905736e+00 1.648839275770452976e+09
8.013491244725994651e-04 -1.962247218880208255e+00 6.230742758195983697e+02 9.127190413973203834e-09 -3.978127586861052833e+00 1.648839275771329880e+09
8.233480183180583384e-04 -1.946762145689691970e+00 5.448374276948619581e+02 1.270343828322952085e-10 -3.202854185441186274e+00 1.648839275772627115e+09
7.966759278067582321e-04 -1.967923186681138858e+00 6.421313389984359219e+02 1.312599411161205377e-11 -5.073141991894040359e+00 1.648839275773196220e+09
8.031428710541711367e-04 -1.960735956937086355e+00 6.157841604918984331e+02 2.746656294906097363e-10 -9.623112260199508938e-01 1.648839275774778128e+09
7.940670910145474328e-04 -1.970062718412542768e+00 6.600829020389451216e+02 4.062977052241192628e-15 -5.824175289549099688e+00 1.648839275775275946e+09
7.950079568890107634e-04 -1.968725826028098647e+00 6.695923522688763114e+02 3.880023091696718206e-14 -5.905027047981645794e+00 1.648839275776167870e+09
7.934759766766052340e-04 -1.970290690337463957e+00 6.628197952593517357e+02 3.117545172733083078e-12 -6.724492755408983058e+00 1.648839275777071714e+09
8.088011626291299406e-04 -1.956507114758057497e+00 6.152265881323609165e+02 7.730367141464026937e-08 -3.028223312103858866e+00 1.648839275777681828e+09
8.073641863108431405e-04 -1.956380799980967922e+00 6.213162208570654457e+02 2.758407199597564673e-13 -5.144671154954627568e-01 1.648839275777779102e+09
7.904980579352380342e-04 -1.971605880946889489e+00 6.882899169504340762e+02 1.505816864796946154e-10 -6.224332273993338660e+00 1.648839275779035091e+09
8.059708331353132712e-04 -1.956982689618621762e+00 6.201773397564944617e+02 1.474142147237059281e-09 -2.913653785781891159e-01 1.648839275779279947e+09
8.060855247774477384e-04 -1.961937724098245628e+00 6.053343263253369742e+02 7.807601074831058323e-11 -7.447560464083124998e+00 1.648839275779505730e+09
7.988458402873600513e-04 -1.966314820415675513e+00 6.306216227782164196e+02 1.743105172070283523e-15 -2.225720453832400025e+00 1.648839275780396461e+09
8.213735133301003485e-04 -1.948238956382482456e+00 5.756234070385057748e+02 5.694774199118475138e-09 -6.665599524507252127e+00 1.648839275781553507e+09
7.842199281828439060e-04 -1.976566663628351206e+00 7.706334948504529621e+02 8.099217486806555366e-09 -6.722483029963617795e+00 1.648839275782697439e+09
8.198841518603272637e-04 -1.947187816536290583e+00 5.850020895900922824e+02 1.509475742638172715e-09 -7.309088963650943960e+00 1.648839275782999039e+09
8.064511019586112798e-04 -1.961383657913312373e+00 5.998269909718760573e+02 4.404089695146501777e-09 -4.123048132615208416e+00 1.648839275783154249e+09
8.020200794913512950e-04 -1.962479923073929822e+00 6.172124822387341965e+02 1.288638494418580079e-13 -3.235933679607490454e+00 1.648839275783822060e+09
7.939571598498991337e-04 -1.970008776603544565e+00 6.676976693014572675e+02 5.079569960568605882e-13 -2.245541880217554187e+00 1.648839275784590721e+09
8.219711985618488289e-04 -1.947019982116032999e+00 5.560168737170287159e+02 2.057067374191578553e-11 -2.610059805860555748e+00 1.648839275784591675e+09
7.944014098911153249e-04 -1.969194842980323212e+00 6.562388098346590368e+02 1.755944269780602953e-11 -4.560286625148846085e-01 1.648839275785264254e+09
8.107972579459056658e-04 -1.957471416404581666e+00 5.795503957427087016e+02 7.570645601637504282e-14 -3.348676369130731523e+00 1.648839275786489964e+09
8.190155559176481555e-04 -1.955338499858371826e+00 5.473517581395396974e+02 4.880703066300898899e-09 -6.854212558449722437e+00 1.648839275786493540e+09
8.014332788196789834e-04 -1.963242149741283527e+00 6.190873925270137761e+02 4.818122905630675510e-12 -3.537350457386590818e+00 1.648839275786828756e+09
8.226442881817841880e-04 -1.945922566116220054e+00 5.608067045023962010e+02 1.274733337378273580e-09 -6.406226863921526515e+00 1.648839275787225723e+09
7.927009337813330963e-04 -1.968898530781652223e+00 6.803500526350294422e+02 1.057481052919322182e-11 -9.594365546500691622e-01 1.648839275787854671e+09
8.236678636257498392e-04 -1.945337438118647011e+00 5.446828753483113132e+02 4.352597932597231696e-08 -5.353596788219734393e-01 1.648839275788961172e+09
7.938115505168117769e-04 -1.967696249508858575e+00 6.764482330325993189e+02 1.126286775130680776e-08 -2.840594221093235561e-01 1.648839275789320946e+09
8.169851479892718772e-04 -1.948917042665862409e+00 5.749006019123836495e+02 1.534081324139423227e-14 -5.189517996467008842e+00 1.648839275790412426e+09
8.070594806324250803e-04 -1.958260935047582585e+00 6.213992844656560237e+02 2.419511390453878508e-15 -4.524836562365194936e+00 1.648839275791260004e+09
7.987942686430754731e-04 -1.963863848553097702e+00 6.594649621166731777e+02 4.115378669264025899e-14 -7.961136837744142269e+00 1.648839275791335821e+09
7.943646580922551553e-04 -1.968362894610335534e+00 6.591151878855639552e+02 3.337043367127878762e-14 -7.462519620069383741e+00 1.648839275792267323e+09
8.110469231446731713e-04 -1.953520163061489789e+00 6.044046308305918274e+02 4.703035385793085628e-12 -4.051606303140307119e+00 1.648839275792797804e+09
7.964244579711583956e-04 -1.968504910840988442e+00 6.541658244534604592e+02 1.051273664575295480e-07 -5.751563550988993967e-01 1.648839275792823792e+09
8.116657481482753619e-04 -1.957165397321124045e+00 5.818733115210127380e+02 6.907512004502428879e-15 -1.860960871488403612e+00 1.648839275792874336e+09
8.206171016698834975e-04 -1.949348739825869981e+00 5.520819124066377981e+02 5.808203606292979181e-08 -1.630859555098401081e+00 1.648839275793231726e+09
7.983591532544798575e-04 -1.965501783045227047e+00 6.351395822276589342e+02 9.735158529380844953e-09 -1.709004171234243863e+00 1.648839275793468714e+09
7.856823155326347462e-04 -1.974324073049929851e+00 7.191145807561449601e+02 1.347937194255106495e-07 -4.814488151329491927e+00 1.648839275793955326e+09
8.048440617074045745e-04 -1.958033456773522474e+00 6.219301270638982260e+02 1.480751840582173490e-13 -2.931539216261585423e+00 1.648839275794278622e+09
8.216327618498634518e-04 -1.948213243282569840e+00 5.467880691106622635e+02 4.656702518869672778e-12 -3.608232741958063983e+00 1.648839275795016050e+09
8.122655197256221883e-04 -1.953393211902722415e+00 5.805461138599686137e+02 2.284627743112658786e-15 -7.382226399463843514e+00 1.648839275796509027e+09
8.025964795695207437e-04 -1.960790155883120889e+00 6.427131607315625388e+02 2.686921289018563010e-12 -7.516176566497628997e+00 1.648839275798425674e+09
7.955332561003755675e-04 -1.967353815053402899e+00 6.526483723196427036e+02 1.423451786747470360e-14 -2.762273786969603684e+00 1.648839275799595118e+09
7.887876606784057507e-04 -1.970340895638171608e+00 7.097634660037335834e+02 3.231328074763839577e-09 -6.257174553811736928e+00 1.648839275799760818e+09
8.227840007744579871e-04 -1.945962431853104802e+00 5.497127794412737103e+02 7.704580478041693094e-07 -9.545801283209849331e-01 1.648839275799992323e+09
8.213659130348199573e-04 -1.946777642310858703e+00 5.592907957025672658e+02 3.306982877668157832e-14 -4.602303576641975091e+00 1.648839275800339460e+09
7.964735776730723707e-04 -1.967342298868858474e+00 6.447290639242969519e+02 4.067957104943993703e-13 -2.984149032426710590e+00 1.648839275801516294e+09
8.137978401803246196e-04 -1.954652380420238922e+00 5.854272304127772486e+02 3.751020980263872539e-11 -7.594081172230395360e+00 1.648839275802881718e+09
8.006597814659414426e-04 -1.963796823784577761e+00 6.234468156872717373e+02 8.272335144526319600e-11 -4.881678550696504360e-01 1.648839275804225206e+09
8.037553194706105204e-04 -1.962132384307479827e+00 6.076559117095365536e+02 2.813215659893141275e-15 -5.425115984226049903e+00 1.648839275804813385e+09
8.167320154090196814e-04 -1.952744458254235926e+00 5.671394328862570546e+02 3.797034236229852231e-08 -1.039515120476730559e+00 1.648839275804929495e+09
8.144298293046573671e-04 -1.953919375101698996e+00 5.666123336375711688e+02 1.767816675842683194e-11 -3.432738257542905735e+00 1.648839275805000782e+09
7.949738132155370444e-04 -1.969278564828027545e+00 6.621963704647670284e+02 1.407567539768022762e-10 -4.983273982265342461e+00 1.648839275805181503e+09
8.060347206459659306e-04 -1.958457824828065963e+00 6.265488089777539926e+02 1.052162108349554764e-07 -1.941316909485394149e+00 1.648839275806372404e+09
8.163743993640542240e-04 -1.949444855041794655e+00 5.835927086500994392e+02 1.233059201032521054e-07 -3.861862145602219520e+00 1.648839275807243824e+09
8.226254066231525807e-04 -1.947035411359588020e+00 5.488128823149538675e+02 1.208752564261548197e-10 -4.371410665139514151e+00 1.648839275807925224e+09
8.078050524118557613e-04 -1.956682593201119591e+00 5.992320336441113113e+02 2.057630587341514137e-08 -2.576833178874349706e+00 1.648839275808270931e+09
8.068136790645855701e-04 -1.956754662407086620e+00 6.246957537121321593e+02 1.375912770875809467e-10 -6.945316376444267803e+00 1.648839275809511185e+09
7.805364631850177613e-04 -1.980639826084112931e+00 7.681076760044843468e+02 5.178240181352210587e-08 -5.267408313478695092e+00 1.648839275809902668e+09
8.083416761700737809e-04 -1.959013453632294510e+00 5.887358728070339566e+02 1.358951714228639077e-14 -4.977472920083213737e+00 1.648839275809946775e+09
8.362650603248739925e-04 -1.940212979860140408e+00 4.994989234867491064e+02 3.132963635090295269e-08 -6.062858671279826694e+00 1.648839275811032295e+09
8.041325695338564280e-04 -1.959214843997087563e+00 6.177738072863518255e+02 2.170484426402821312e-13 -7.275456873095427213e+00 1.648839275811451197e+09
8.113470865764065487e-04 -1.954466599565763074e+00 6.032185514761134755e+02 5.223606930133569074e-14 -7.054599356687228706e+00 1.648839275811993599e+09
7.991742156996687815e-04 -1.966124406753368303e+00 6.304296449868731997e+02 1.835382043769881350e-15 -2.304191096691805996e+00 1.648839275812218428e+09
8.137540398064338400e-04 -1.954790172198742404e+00 5.829280529148462620e+02 1.164859842921604120e-13 -7.634789079315502214e+00 1.648839275812424421e+09
8.087600974898360301e-04 -1.956136477592639977e+00 6.148898950243137733e+02 2.511673063045656950e-15 -6.555251412748527962e+00 1.648839275813655853e+09
7.900978011354375247e-04 -1.971389611177350787e+00 6.931036053171053481e+02 2.019801281493503586e-07 -4.017973571841704228e-02 1.648839275813830853e+09
8.031468677495488904e-04 -1.962103422998624946e+00 6.385065578686616163e+02 5.655310091613284856e-09 -5.178905214059802198e+00 1.648839275814224243e+09
8.121084959155216174e-04 -1.953856952203044894e+00 5.998765432804248121e+02 8.699969382579221116e-15 -5.243963484464242875e+00 1.648839275814230442e+09
8.127586937753824257e-04 -1.953885476224566098e+00 5.958471516069349718e+02 2.718298546103864385e-15 -2.961480610684192882e-01 1.648839275814873457e+09
8.144345111938534713e-04 -1.953113442807298039e+00 5.868105631378047065e+02 6.762732083077793285e-13 -7.289836062520950399e+00 1.648839275815185308e+09
8.144375408243836444e-04 -1.954250997638118381e+00 5.808069168202431456e+02 9.007194629573534982e-08 -2.335574394392834208e-01 1.648839275815246820e+09
8.031619578218538846e-04 -1.961583384470798830e+00 6.369858400031957899e+02 1.086886756692182164e-15 -3.135412999707534176e+00 1.648839275815353394e+09
7.989762320388188932e-04 -1.964652500915526900e+00 6.562033155215498255e+02 1.401053295273047167e-12 -3.640059411961280134e+00 1.648839275815626860e+09
8.202670188902792727e-04 -1.947667486413144466e+00 5.539238885370884873e+02 8.439893103155047549e-11 -2.376384167907132472e+00 1.648839275815799952e+09
8.066322665891424151e-04 -1.960568489270759329e+00 6.204532678924788343e+02 8.457620026271807156e-09 -5.492651768483459485e+00 1.648839275816507101e+09
8.082123712835384121e-04 -1.956568742471991751e+00 5.963404954138703715e+02 3.863975841057321399e-15 -6.902544105585429079e+00 1.648839275817056179e+09
8.194538192023859829e-04 -1.949615899070537672e+00 5.632244928304663745e+02 4.115908920012285223e-14 -4.749409767266114635e+00 1.648839275817564964e+09
8.093183933974889069e-04 -1.954558173319782766e+00 6.050354331108914039e+02 9.263379971781364939e-15 -3.788500063726836231e-01 1.648839275817590475e+09
8.010179705461930059e-04 -1.961407051199526297e+00 6.368174484881610624e+02 1.769294431147994953e-15 -3.852821165622890121e+00 1.648839275817786217e+09
7.992172058760578079e-04 -1.964376960923029714e+00 6.500485231100132069e+02 3.556866054970833469e-07 -3.638582183442614415e+00 1.648839275817847490e+09
7.925126749972942692e-04 -1.967713909104204184e+00 6.574810715773635366e+02 1.266891526461351477e-08 -6.344411964327284714e+00 1.648839275818241358e+09
8.093145082008227839e-04 -1.958333753687085066e+00 5.992099232061547127e+02 3.233253981766180224e-07 -3.999354226920234012e+00 1.648839275818434000e+09
8.074779412126084155e-04 -1.960345582385818908e+00 5.964570716331253379e+02 1.056774871424152604e-15 -7.922104292571655826e+00 1.648839275819063425e+09
7.929362949079510857e-04 -1.969928966514294277e+00 6.697357553778151669e+02 6.090674079764336435e-13 -4.388953272147665174e+00 1.648839275819362879e+09
8.088153943824673850e-04 -1.958965036412250393e+00 6.004940466367672798e+02 1.277733692105804236e-10 -2.515393941524410870e+00 1.648839275819651842e+09
8.110721102669638839e-04 -1.957485502006220957e+00 5.861903682135946383e+02 7.184293768933584801e-14 -5.686622658465481983e+00 1.648839275820091963e+09
8.189843254819648708e-04 -1.949713119017509433e+00 5.665997780816162503e+02 1.913630674092169946e-11 -5.828949284158513322e+00 1.648839275820572376e+09
7.966292300345222252e-04 -1.967998389998483200e+00 6.453325369724938128e+02 1.223816679760649021e-12 -4.353769054623560564e+00 1.648839275820655584e+09
8.401953299938016680e-04 -1.934213396131144957e+00 4.931771740950252365e+02 2.360885444717261455e-08 -5.626857843594176067e+00 1.648839275820926189e+09
8.125069932880213354e-04 -1.955154571308785449e+00 5.973885612956388513e+02 2.235083168754138153e-09 -6.012379988034184386e+00 1.648839275821589708e+09
8.174047815883951152e-04 -1.949196062473212088e+00 5.762131055972542981e+02 3.298526758897735900e-13 -1.377219866698531803e+00 1.648839275821655512e+09
8.174785283194504256e-04 -1.950107345557882121e+00 5.755909354258809572e+02 1.165953538435712192e-15 -5.067848418426184054e+00 1.648839275823014975e+09
7.953996295103894732e-04 -1.964438414496305185e+00 6.929189403037719330e+02 9.545966857149789493e-10 -7.362045999070551794e+00 1.648839275823037148e+09
8.082959747486584152e-04 -1.958317006179216779e+00 6.107856938937761697e+02 1.153585590057946449e-14 -1.645494873749511200e-01 1.648839275823580980e+09
8.198789894614658992e-04 -1.947455121971537029e+00 5.592138950729691942e+02 1.817517275369216596e-13 -2.512029361368120384e+00 1.648839275824262142e+09
7.971406825091274491e-04 -1.965040270416416490e+00 6.641849793155835187e+02 5.676889520988822390e-11 -3.512076158087817923e+00 1.648839275824650288e+09
7.946236299541647313e-04 -1.973757405388553154e+00 6.288547513894419581e+02 1.445457813783837184e-08 -6.244995425640663456e+00 1.648839275824754477e+09
8.136087108594018940e-04 -1.951356582427922426e+00 5.971089311055710596e+02 1.565887431850973715e-06 -3.755003000862737750e-01 1.648839275825133562e+09
8.088012819461135343e-04 -1.955486684670681985e+00 6.137816865017987311e+02 1.227824177845722541e-12 -4.113788772565083462e+00 1.648839275825565815e+09
8.085460522401913871e-04 -1.955182650794200061e+00 6.096212558197619273e+02 1.507966313090625249e-14 -4.692732116582835289e+00 1.648839275825813532e+09
8.065238949498840194e-04 -1.961085123316549161e+00 6.024917796406125490e+02 2.725078496116081556e-12 -4.852460792883947605e+00 1.648839275826650143e+09
8.051116683814289353e-04 -1.962031116748274906e+00 6.041109325407661572e+02 1.567803830718256066e-11 -7.254314371868457734e+00 1.648839275826807022e+09
7.999263176720500810e-04 -1.964053312679510555e+00 6.368874748312338170e+02 4.895183677517925206e-07 -2.419425850888531571e+00 1.648839275827086210e+09
8.151470887507175026e-04 -1.951378932225630303e+00 5.702884852270673264e+02 1.923493981939596800e-12 -7.423064406393383052e+00 1.648839275827511311e+09
8.075008016401299862e-04 -1.956662361025387487e+00 6.008509289966913229e+02 1.214913306453786919e-09 -5.703378519418571990e+00 1.648839275829205513e+09
7.989958495666242338e-04 -1.963337212863378811e+00 6.438692790122089491e+02 2.843872082035070879e-08 -3.548243038016005713e-01 1.648839275830015659e+09
7.958341880633314387e-04 -1.968533593940557047e+00 6.509330163609481588e+02 7.211332050338143459e-11 -5.035503019256557522e+00 1.648839275830335617e+09
8.079081080859320000e-04 -1.959987200473957136e+00 5.964810602921148757e+02 1.508054266370172965e-12 -2.086053846739452489e+00 1.648839275830731392e+09
7.969895898062294729e-04 -1.968102356660909269e+00 6.491790397945974291e+02 5.743328052805965441e-09 -4.335481204230216434e+00 1.648839275832565069e+09
7.964719456036006145e-04 -1.966005578514526064e+00 6.533904862716693742e+02 6.693828734872729829e-08 -2.126232116362030133e+00 1.648839275832792044e+09
8.149607866999571213e-04 -1.951404627008709092e+00 5.723802981298924806e+02 7.878851812673558768e-08 -2.965511037785265813e+00 1.648839275833021402e+09
7.988990947546533924e-04 -1.964625963146052534e+00 6.561850442496175901e+02 5.999426253894141222e-13 -6.634669320208946175e+00 1.648839275833050013e+09
8.219021513399130466e-04 -1.946675200160539854e+00 5.542277802846451777e+02 1.627049803312466106e-15 -8.584503575599127245e-01 1.648839275833225012e+09
7.945314345757825995e-04 -1.968874779352082660e+00 6.696456304884344490e+02 5.071813598875258386e-14 -6.874866100794339019e+00 1.648839275833673716e+09
8.040218459219305178e-04 -1.959395665058869529e+00 6.183344234143570475e+02 1.437362220189331099e-14 -1.262485923085039374e+00 1.648839275834841490e+09
7.998830886339854986e-04 -1.962392626012880559e+00 6.433665463606077992e+02 1.690170361243468205e-11 -5.391868761320724346e+00 1.648839275834904194e+09
8.041501637861721286e-04 -1.960259275456124772e+00 6.381556436682947151e+02 3.148003586804829754e-10 -7.043001822962875025e+00 1.648839275835371733e+09
7.996527604771009766e-04 -1.966050690334821827e+00 6.314728906977667293e+02 2.437507884111538491e-14 -4.547042638915662849e+00 1.648839275835417032e+09
7.929585901018293458e-04 -1.968238795545726116e+00 6.681997469141437023e+02 4.444864926852692141e-08 -4.593177015842332622e+00 1.648839275835727692e+09
8.066217290860512850e-04 -1.960692145777115147e+00 6.085987915542438031e+02 1.535139811492987972e-10 -3.461695819184315681e+00 1.648839275838149786e+09
8.098176151490328427e-04 -1.954276423511336569e+00 6.038411516828066397e+02 1.333021219437173181e-13 -4.458148487828038853e+00 1.648839275838407040e+09
8.200309402578539108e-04 -1.949346839922328822e+00 5.581312806710449195e+02 1.011270412970778120e-11 -3.165720489357834566e+00 1.648839275839693546e+09
8.020471196555969138e-04 -1.961456324460277401e+00 6.428247475301634495e+02 1.551075985435856298e-07 -2.934967219838283903e+00 1.648839275839919806e+09
7.959995553880503619e-04 -1.966176897593064465e+00 6.581453185392552996e+02 1.917131189141895243e-11 -1.765621035624925561e+00 1.648839275840424061e+09
7.945306673285131927e-04 -1.967689949521347348e+00 6.731630349906570245e+02 1.080974667465559430e-10 -1.733429360639044070e+00 1.648839275840429783e+09
7.956402658137290114e-04 -1.967786474160333698e+00 6.668528510839696537e+02 1.763984918898102704e-11 -6.052550746008278360e+00 1.648839275840729237e+09
8.145994192469066661e-04 -1.951928615239590936e+00 5.882619180250160298e+02 6.677359138661391712e-13 -3.615151977195090183e-01 1.648839275840848923e+09
8.151278042157702759e-04 -1.950467587017004956e+00 5.820362021965988788e+02 1.376627314667834472e-10 -3.060562897105825186e-01 1.648839275841177464e+09
7.951824186737229327e-04 -1.966821412578753536e+00 6.647735466518938665e+02 1.563008900023447493e-10 -2.705753849162997327e+00 1.648839275841239929e+09
8.165030941897094162e-04 -1.948202602581007525e+00 5.812427238264916696e+02 1.359824398104257588e-08 -5.284557642351147777e+00 1.648839275841410160e+09
7.828435821827375374e-04 -1.983540603395491875e+00 6.861488066436653526e+02 9.591787899262930143e-09 -6.842236882664307629e+00 1.648839275841601372e+09
8.127144992519750189e-04 -1.952258994651773438e+00 5.940707466038059010e+02 3.450302435937818781e-15 -4.004633984049494444e+00 1.648839275842308044e+09
8.039353866891322999e-04 -1.961907898979483589e+00 6.078826938641282140e+02 1.395347003990949814e-10 -5.424808907008249470e+00 1.648839275842463017e+09
7.962587166834266808e-04 -1.967713267873961946e+00 6.613938945389404580e+02 1.661352829775459805e-11 -5.390166000351328535e-01 1.648839275842744350e+09
8.010640433340260238e-04 -1.962645923986480634e+00 6.507893199498151944e+02 1.097652036949241907e-09 -6.045255186867735553e+00 1.648839275842809677e+09
8.138007894093999845e-04 -1.952785480883479474e+00 5.734586563971801070e+02 2.001544987047739243e-09 -2.254601805622188593e+00 1.648839275843215704e+09
8.146544764488040718e-04 -1.954340505816789531e+00 5.744320169227637507e+02 8.499705426511206887e-15 -9.205031110196095767e-01 1.648839275843299389e+09
8.148434487604521836e-04 -1.952745580808059156e+00 5.674038479196813114e+02 6.751767728244096356e-14 -5.085940478095486661e+00 1.648839275844342470e+09
8.089189742636928833e-04 -1.954969969499153581e+00 6.068438691053937646e+02 4.003821150064899338e-10 -4.728225113699672022e+00 1.648839275844395161e+09
8.099424305667818997e-04 -1.954339075695554540e+00 6.087630898404009940e+02 2.577727334961980885e-09 -5.010960644485917825e+00 1.648839275844537020e+09
7.949711485885696191e-04 -1.969027457276354420e+00 6.594153405018886360e+02 2.523630404821249005e-10 -2.691841550487135137e+00 1.648839275844638109e+09
8.067319198492944833e-04 -1.956079771994905236e+00 5.927100510158651332e+02 2.556586439071784260e-09 -7.271863946501636811e+00 1.648839275845469236e+09
7.976714500247803668e-04 -1.966913554467296654e+00 6.530779948065871849e+02 2.213929564927196012e-14 -6.545311082622060184e+00 1.648839275845695496e+09
8.107295178451308674e-04 -1.953969979228382670e+00 6.042381583224174619e+02 5.402145065458181175e-10 -2.376086610666841459e+00 1.648839275846075535e+09
8.206003779562114639e-04 -1.947602530050347003e+00 5.537315675900902079e+02 1.157806986998605288e-11 -4.736886123125842118e+00 1.648839275846957445e+09
8.130481413855768832e-04 -1.952013477026968369e+00 5.871787963820680716e+02 2.393631271211230419e-15 -1.093592684392311831e+00 1.648839275847342253e+09
7.947930915645556524e-04 -1.967474921093878004e+00 6.637581411880728410e+02 1.210067135073510179e-13 -6.012072580790235321e+00 1.648839275848236322e+09
8.213436636706335182e-04 -1.947200044012319387e+00 5.560667826665688835e+02 1.192743560416617169e-11 -1.488275662679432898e+00 1.648839275849418640e+09
8.048517926699139558e-04 -1.957751128101710369e+00 6.321117659464711096e+02 1.086448143040735441e-10 -7.653290366207979645e+00 1.648839275849618673e+09
7.960155680318923167e-04 -1.968318393596135696e+00 6.515020266634616064e+02 3.884081119483324893e-15 -6.224195837919331176e+00 1.648839275850152731e+09
8.208864300473022943e-04 -1.948177925532981636e+00 5.565085226952726316e+02 2.256146323837186647e-13 -7.598721943216355967e+00 1.648839275850753546e+09
8.000677774088936706e-04 -1.964517760404303370e+00 6.262285784286743819e+02 6.422745909763228394e-09 -4.319414451511316422e+00 1.648839275850829601e+09
8.005302130477869125e-04 -1.965622223559900572e+00 6.270242576077673675e+02 4.717169301402184091e-11 -7.386244103472551004e+00 1.648839275851677895e+09
7.942960461009506389e-04 -1.968736476378464051e+00 6.622449436632434754e+02 5.237709914116066052e-15 -1.616883576667646594e+00 1.648839275851918697e+09
8.175530683256687419e-04 -1.949521690913259775e+00 5.639141651283456440e+02 1.753022283037475548e-12 -3.579161181373099687e+00 1.648839275852373600e+09
8.172266708777586181e-04 -1.949215333107793047e+00 5.690174698841584586e+02 4.952932337682235973e-08 -1.827782548418133146e-01 1.648839275852864265e+09
8.153849344954683647e-04 -1.951415309282106936e+00 5.692010078687267196e+02 3.843234435464756065e-14 -5.226714745122540862e+00 1.648839275852936029e+09
8.062088914126817234e-04 -1.960172446664519619e+00 5.985613131771046938e+02 6.340910550715809269e-11 -7.155143092832680907e-01 1.648839275853968143e+09
7.951360620192016214e-04 -1.968738468796092711e+00 6.622334945835151530e+02 1.089071169266386328e-15 -1.121701343369990056e+00 1.648839275854514599e+09
8.078300449615136202e-04 -1.959245916570174550e+00 6.079445902956225609e+02 7.144790749949797431e-15 -1.377390980409174404e-01 1.648839275855054617e+09
8.029627120693817038e-04 -1.961377855033104911e+00 6.378953299479829866e+02 8.131649814773033303e-08 -2.947680024457806525e+00 1.648839275855171442e+09
8.185856296189457761e-04 -1.949678873628082565e+00 5.569580477599164396e+02 2.845144845752116155e-14 -5.663801382462073875e+00 1.648839275855446577e+09
8.097857555599429933e-04 -1.957816847286840467e+00 5.987779651687075102e+02 1.702823551394490042e-09 -1.875271884002002842e+00 1.648839275855541945e+09
7.997178783936230570e-04 -1.964515311473774783e+00 6.299067149748882457e+02 3.245739244958449808e-15 -7.811290556532533458e+00 1.648839275856094360e+09
7.958768843046830225e-04 -1.968186821462913016e+00 6.514846985444746679e+02 1.274775339381422183e-12 -5.092593240400731247e+00 1.648839275856167793e+09
8.094114287948450150e-04 -1.956590242900302368e+00 6.088842963337160654e+02 3.360355734893067555e-15 -4.830536934612448263e+00 1.648839275856191158e+09
8.079611034775919989e-04 -1.959776599966881250e+00 5.990417519270547473e+02 3.972990368592676334e-11 -3.638667723375466068e-02 1.648839275858137608e+09
8.089675596419950267e-04 -1.958926524082449383e+00 5.962935397531331319e+02 3.629575848645442266e-15 -5.942146639502198013e+00 1.648839275858674288e+09
8.164800950355976259e-04 -1.953609557769724780e+00 5.721957698973495781e+02 1.987454965651736250e-07 -4.352888482460151920e+00 1.648839275858689547e+09
7.798783547524614727e-04 -1.980254097268741464e+00 7.235130399157984584e+02 2.741971691231761675e-08 -5.854976675913246886e+00 1.648839275859975100e+09
8.111109798971629552e-04 -1.956841841488627942e+00 5.923775063096254598e+02 2.653475758428296327e-13 -2.369414237790850031e+00 1.648839275860601902e+09
8.166741237655754599e-04 -1.950000778190494444e+00 5.681440821080367414e+02 2.452392135469335171e-14 -7.495300677394138411e+00 1.648839275860637665e+09
7.783439191653075857e-04 -1.979080757832085258e+00 7.677290649690004329e+02 2.137365607261364926e-08 -5.806150157385262744e+00 1.648839275861573219e+09
7.994975682781566614e-04 -1.965732045421166863e+00 6.309119807667800615e+02 5.407788160774598888e-15 -3.582931421352710366e+00 1.648839275861660004e+09
8.048197827498438034e-04 -1.962151550854979165e+00 6.131294866089542666e+02 1.732047134255364038e-10 -2.595585173904941811e+00 1.648839275861797571e+09
7.986614675036343182e-04 -1.965003305489565477e+00 6.553739464939142181e+02 8.688731520834342212e-14 -4.488079818849467273e+00 1.648839275862421513e+09
7.988836913531324182e-04 -1.963642451308604819e+00 6.433419078480329745e+02 2.443038182217337736e-08 -3.633367203025681391e+00 1.648839275862507582e+09
7.972923135869606614e-04 -1.966391314824563530e+00 6.596658226730676233e+02 1.879473974289733108e-11 -5.139818097349946768e+00 1.648839275862563133e+09
7.989339657660736015e-04 -1.963861184164139129e+00 6.555903434260408176e+02 2.015940064651093610e-14 -7.324115540444844363e+00 1.648839275862967491e+09
8.068598848645650240e-04 -1.957154704015089841e+00 6.007892642685239935e+02 1.059386762632216120e-07 -4.467962523336140634e+00 1.648839275863534689e+09
8.164673313319763693e-04 -1.949971025909012834e+00 5.784906661452587286e+02 3.130999987761798280e-15 -3.998360581991811102e-02 1.648839275865259409e+09
8.087095700155571198e-04 -1.956712673398491642e+00 6.127763166400917498e+02 3.062358261281801832e-09 -1.099661290170049988e+00 1.648839275867312670e+09
7.787001907419940396e-04 -1.976982978286964787e+00 7.729851803661222220e+02 3.520359555845643918e-09 -7.192537949543585718e+00 1.648839275867792845e+09
8.117032513694918353e-04 -1.953388161668675460e+00 5.884182968651082319e+02 1.277318937744382216e-15 -6.831623678421368417e+00 1.648839275869593859e+09
8.278706167020429213e-04 -1.941024379755850848e+00 5.298874412870761716e+02 2.714178623421133694e-08 -5.168728979240201582e+00 1.648839275869706154e+09
7.929170244681778886e-04 -1.972253220415145059e+00 6.767145813430063299e+02 4.140459972881850374e-10 -7.589032372621649536e+00 1.648839275869980335e+09
8.088414936345388745e-04 -1.957561945463680786e+00 6.088009464615114439e+02 3.201394883464034933e-14 -5.010860411847199103e+00 1.648839275870560408e+09
7.998630420435892544e-04 -1.962875421985636137e+00 6.391753227219816154e+02 1.624643805047879790e-12 -2.193626434897697486e+00 1.648839275871617079e+09
8.111292276754633948e-04 -1.956865309545959608e+00 5.914717232629138834e+02 8.811300460140920163e-12 -6.331815867834267308e+00 1.648839275871809244e+09
8.123282542622971628e-04 -1.955586663910998446e+00 5.758415781139082128e+02 1.359437999765966015e-12 -4.703100461590877579e+00 1.648839275871861935e+09
8.049576016737765814e-04 -1.958311683265688163e+00 6.263100085803425827e+02 2.352278824479255855e-13 -7.627037458618661780e+00 1.648839275872543335e+09
8.171022509447484856e-04 -1.949892287606403540e+00 5.659259147282099320e+02 3.558666095299277489e-11 -2.208860268546322558e+00 1.648839275873064995e+09
7.966165479385155148e-04 -1.966431601397945705e+00 6.635697273798889455e+02 1.903686306128900514e-14 -5.128979038194423801e+00 1.648839275873868704e+09
8.114207685586148416e-04 -1.957036432934848857e+00 5.825786360610011343e+02 1.642527331370973500e-10 -6.036578102445324667e+00 1.648839275874402285e+09
8.162375556467309223e-04 -1.950549020911179321e+00 5.798144653144200902e+02 2.033028288275838371e-09 -2.728933470424319552e+00 1.648839275874763250e+09
8.138127697249767029e-04 -1.951841094945594435e+00 5.815922390503912993e+02 1.140855692551892737e-06 -8.005731369677633324e-01 1.648839275874881744e+09
8.182707292524207766e-04 -1.948703334487829064e+00 5.681403785960816322e+02 3.524035067632759047e-15 -3.750826537539134975e+00 1.648839275875199556e+09
8.078584475568311709e-04 -1.959706930871091934e+00 6.011651612033540459e+02 7.413258916719911902e-15 -7.759896345291386943e+00 1.648839275875285864e+09
8.139111717489256898e-04 -1.952511201420878972e+00 5.900635003636482452e+02 9.745169906994477891e-11 -1.905354671695528523e+00 1.648839275875936270e+09
8.107278188801990198e-04 -1.953837123927144592e+00 6.008509598782362673e+02 6.200277162316587531e-13 -3.917130455226489616e+00 1.648839275876169682e+09
8.185670373005197401e-04 -1.952830184566193950e+00 5.578210713876399041e+02 1.479510964116826061e-07 -4.474496810549762671e+00 1.648839275876500607e+09
7.974159084127003085e-04 -1.967289093536721101e+00 6.452710290310727714e+02 4.418332041918272687e-14 -1.715286420518284949e+00 1.648839275876586676e+09
7.998018772070257087e-04 -1.963438058477137149e+00 6.513940394649537211e+02 9.964968198839073688e-12 -2.233934780073123960e+00 1.648839275877603292e+09
8.201893948436041323e-04 -1.948887490711607384e+00 5.561183319487528252e+02 1.275673480022875235e-15 -5.352691446976702849e+00 1.648839275878230095e+09
8.154146271402241746e-04 -1.952691561836009448e+00 5.657222508343288609e+02 1.841143854435788760e-11 -6.998395354027744375e+00 1.648839275879327297e+09
7.795381212745037614e-04 -1.979737706851831591e+00 7.506715341694369954e+02 7.082487952019158485e-08 -5.066462893905162801e+00 1.648839275879789352e+09
8.008329797305969089e-04 -1.963674757431911111e+00 6.437885753626122778e+02 2.783364360688982282e-10 -3.045955337710550381e+00 1.648839275880632401e+09
8.171154980630757937e-04 -1.949626776570897890e+00 5.747858804202365945e+02 4.345663277107496238e-15 -6.737793664062854404e-01 1.648839275881856918e+09
8.201866962399696325e-04 -1.948202921748402927e+00 5.596501817531792540e+02 2.476518866870096739e-12 -4.294380274134783626e+00 1.648839275882426739e+09
8.175254688925608906e-04 -1.950326565375484655e+00 5.614321352460864318e+02 1.444478487322846737e-13 -1.140878435217235420e+00 1.648839275882646799e+09
8.083832186853483421e-04 -1.961535218349631293e+00 5.829827823084624470e+02 5.833022767418030494e-10 -7.524800149030533625e+00 1.648839275882719994e+09
8.103754991440376317e-04 -1.954558874063608176e+00 5.925259593329036534e+02 6.959513143029015157e-14 -5.702042361528810943e+00 1.648839275883120298e+09
8.168230347866821568e-04 -1.952225224477666998e+00 5.646443160418457410e+02 1.314916923750424754e-11 -1.202153205612789932e+00 1.648839275884270191e+09
7.844642069234956071e-04 -1.973230803506692332e+00 7.266521136829215948e+02 3.033644392880826090e-08 -5.989520359312670905e+00 1.648839275884509325e+09
8.200957127672183627e-04 -1.948502536373331484e+00 5.553036382924875625e+02 3.970765652385232050e-11 -4.387614250435891705e+00 1.648839275885049820e+09
7.970193992587972951e-04 -1.967622340557247718e+00 6.521475362202320412e+02 1.308896422125846258e-11 -7.942170053536654173e+00 1.648839275885264397e+09
8.047214083634528572e-04 -1.958519486361176121e+00 6.279261587124352673e+02 9.772415388187936778e-09 -3.918762390848056221e+00 1.648839275885871649e+09
8.057952798342302159e-04 -1.958594863104440531e+00 6.254131966841888470e+02 5.424277314783820901e-15 -6.659069292334605095e+00 1.648839275886552811e+09
8.079034428064333457e-04 -1.956545669465532544e+00 6.159887049377017547e+02 1.066260861209655619e-15 -6.902937661976337402e+00 1.648839275886869669e+09
7.966188148166952580e-04 -1.967400128000012849e+00 6.571641722477502299e+02 7.857135032871875558e-15 -2.782747303928539750e+00 1.648839275887125492e+09
8.073741128917117380e-04 -1.958196712178082777e+00 5.968095468304566111e+02 1.086431680698661713e-11 -7.147224012374469027e+00 1.648839275888670921e+09
8.181080700565793607e-04 -1.950381285325030190e+00 5.676340671280679544e+02 2.644695150210719191e-15 -2.696364491729580593e+00 1.648839275889175892e+09
8.121353155158826968e-04 -1.955716056715569140e+00 5.769836911933949750e+02 2.833304431931034183e-12 -7.765886160020444962e+00 1.648839275889751434e+09
8.178565818280559467e-04 -1.949078601769905106e+00 5.684436845295027751e+02 3.368976011110639665e-12 -5.089148309557594452e+00 1.648839275890136719e+09
8.200043108598508183e-04 -1.948883379444874109e+00 5.563089261193398443e+02 5.550479586355638346e-09 -3.286722914662083994e+00 1.648839275890910864e+09
8.089805352724685440e-04 -1.958749930412471141e+00 5.968405079072133503e+02 6.990852691651543906e-08 -8.466091415969767553e-01 1.648839275890981674e+09
7.992090460060883141e-04 -1.963622708330659883e+00 6.527140543264722510e+02 8.330872322753658773e-14 -3.503640669122225049e+00 1.648839275891247272e+09
8.104111927691818327e-04 -1.957551730743539498e+00 5.916092942791076439e+02 5.111706156577071413e-12 -2.072455208372779190e+00 1.648839275891970158e+09
7.966026561391658821e-04 -1.965886648273947879e+00 6.568064480441056503e+02 3.724762871631646448e-15 -5.396865403742845402e+00 1.648839275891979933e+09
8.149006131239891005e-04 -1.952165165670339153e+00 5.703798346755881994e+02 1.010892776848875981e-13 -1.361151450627687609e+00 1.648839275893039942e+09
8.153403621753716260e-04 -1.952898349211716900e+00 5.777825878128884369e+02 1.313048817693358449e-14 -6.566700848224980902e+00 1.648839275893842936e+09
7.990767302940920361e-04 -1.967778024266649606e+00 6.446105523322311228e+02 5.452614376216182770e-10 -7.427738018207566739e+00 1.648839275893979311e+09
8.052624459452136473e-04 -1.960096377350769359e+00 5.895047260461263932e+02 2.242011854812550417e-09 -7.024690586994729813e+00 1.648839275894231558e+09
7.900144910824520627e-04 -1.971366533866580228e+00 7.325363979646596135e+02 2.216510257307281920e-08 -6.113512873567675143e+00 1.648839275895163059e+09
7.984076737642394972e-04 -1.963181862419046464e+00 6.407046605309118377e+02 2.861188690221131224e-08 -5.128077127465113350e+00 1.648839275895363092e+09
8.115959631293748894e-04 -1.956671313054574313e+00 5.840291829068970628e+02 3.964820883371522549e-13 -6.614866647114146403e+00 1.648839275896082163e+09
8.154642136335482541e-04 -1.950856004975329627e+00 5.741274971983856403e+02 1.116427549153101687e-10 -3.905075884692529087e+00 1.648839275896494627e+09
7.958356592973305421e-04 -1.967822465427271794e+00 6.597002889922288205e+02 3.204481448513422671e-13 -5.074396433345827795e+00 1.648839275897662163e+09
8.043859489411046403e-04 -1.960424417843178224e+00 6.104732444581835580e+02 2.067832004641510728e-13 -7.323916271066375216e-01 1.648839275897948265e+09
8.078684402937259552e-04 -1.956092024841102450e+00 6.113585625555882643e+02 2.690437393859632516e-10 -3.056023257964037398e+00 1.648839275898062944e+09
8.121905415866214305e-04 -1.953338644932602230e+00 5.721746263190913169e+02 2.107487571624196615e-08 -5.560943119512014476e+00 1.648839275899238586e+09
7.973417693655931743e-04 -1.965747842122629763e+00 6.480448715497013836e+02 4.702988961726699234e-10 -1.748814403586092858e+00 1.648839275900976181e+09
7.985163371671069339e-04 -1.964468187435811863e+00 6.435533942135107282e+02 4.314070665223542066e-15 -5.760227360847153477e+00 1.648839275901225090e+09
8.006514708721301212e-04 -1.964188633485858482e+00 6.247162737822703775e+02 4.102434469832490266e-09 -4.593786627732217909e+00 1.648839275901571512e+09
7.997086818000090228e-04 -1.964701328471996744e+00 6.467565767149181966e+02 6.009906215086119710e-15 -4.337322153281386150e+00 1.648839275902180672e+09
7.981766181453832376e-04 -1.964472846227814706e+00 6.553229876550207109e+02 2.950443066206611520e-12 -2.904246335518496203e+00 1.648839275902320147e+09
8.188606789471134049e-04 -1.949910665379865460e+00 5.619569093742732093e+02 2.397791895068595172e-13 -5.620803156247818677e+00 1.648839275903071880e+09
8.116567694158136233e-04 -1.954535810145527019e+00 5.820964260918634636e+02 1.198890213996611496e-11 -7.127870608064403868e+00 1.648839275903112650e+09
8.129595782888846944e-04 -1.952588386991963798e+00 5.924897612487312699e+02 9.125510669923997229e-12 -5.773691474459555550e+00 1.648839275903554678e+09
8.145725602935955430e-04 -1.954321643135176645e+00 5.741255534677734431e+02 6.266037607860496920e-08 -3.457221508383650388e+00 1.648839275904110432e+09
7.871515850675555323e-04 -1.977155684533263624e+00 6.930483832692561919e+02 2.871453939471697754e-08 -5.197524267705890821e+00 1.648839275906738520e+09
8.177222560332853950e-04 -1.951163467828287867e+00 5.632655314005371565e+02 6.286856806483596690e-14 -7.413812124262006087e+00 1.648839275906962395e+09
8.181207527707166178e-04 -1.950488042684080270e+00 5.657266452305169651e+02 1.132335472668451191e-15 -5.316360292139364674e+00 1.648839275906975746e+09
8.048207700340402572e-04 -1.958854568582755640e+00 6.172613843266923368e+02 2.984123668487469826e-12 -2.255866869927594109e+00 1.648839275907282114e+09
8.046282078179028008e-04 -1.961706589139306622e+00 6.077510122977859055e+02 2.489444247045934037e-12 -5.472644842722202974e+00 1.648839275907359600e+09
8.151961220994333396e-04 -1.953510563307299552e+00 5.707382687522383549e+02 5.188739201815111645e-12 -3.740774294738251626e+00 1.648839275907849789e+09
7.985295652766541234e-04 -1.965980915657189465e+00 6.482625940459442972e+02 1.415487847510533536e-12 -4.553239556686184741e+00 1.648839275908851862e+09
8.008349470855136891e-04 -1.962011236132105374e+00 6.383244017105821513e+02 1.015531422940355671e-13 -1.912586194825684593e+00 1.648839275909518719e+09
7.955100044593934987e-04 -1.967484418219615172e+00 6.617384856152152679e+02 8.725794273974006613e-12 -6.897668391545531463e+00 1.648839275910153627e+09
8.105816222563867138e-04 -1.954400799315088921e+00 6.028120652931024779e+02 1.217049608976544493e-09 -4.319389251425747034e-01 1.648839275910575390e+09
8.191753076961517640e-04 -1.949121204092946869e+00 5.595021139633081475e+02 5.009340067384659617e-13 -4.086164386789805647e-01 1.648839275912022829e+09
7.972220663192404553e-04 -1.964276290257766178e+00 6.571300843635730189e+02 1.072169227518512145e-07 -4.194767312288197658e+00 1.648839275912095547e+09
8.153794670078393829e-04 -1.953108385600757391e+00 5.680937738519060076e+02 1.348889439288972574e-10 -2.891569192095316154e+00 1.648839275912578583e+09
7.976585758272572131e-04 -1.967818174545483689e+00 6.539417390987031240e+02 1.921828912341917550e-09 -6.227570153680121123e+00 1.648839275912999868e+09
8.184363341306996392e-04 -1.950080417243909015e+00 5.599694814721718785e+02 2.953510716169825674e-13 -8.092112025688624755e-01 1.648839275913129568e+09
7.734649961505806089e-04 -1.989651605862182704e+00 7.484312780687523627e+02 7.692051021144465299e-09 -7.208312080247227804e+00 1.648839275913860559e+09
8.170869003130187607e-04 -1.949786229477802557e+00 5.720193881916939063e+02 2.226379435605297196e-14 -6.884330284988588566e+00 1.648839275915248871e+09
7.970292127876423124e-04 -1.966569125205768653e+00 6.470875375510192953e+02 8.176469266695600487e-08 -2.705508649558678869e-01 1.648839275917595387e+09
8.094700034710793947e-04 -1.958113546941021355e+00 5.970154880097667274e+02 1.345941168647506343e-10 -5.760226377356810090e+00 1.648839275917642832e+09
8.179981032088951085e-04 -1.949334538812657280e+00 5.675109069785016800e+02 2.153264886152718773e-15 -7.506934992454307398e+00 1.648839275917856216e+09
7.963242426400329041e-04 -1.967219469550621103e+00 6.547000368987329466e+02 1.806085143403000414e-12 -7.092471282479237971e+00 1.648839275921631336e+09
7.945736717153801740e-04 -1.969341535947116029e+00 6.467757891740097875e+02 6.462268540196451847e-10 -7.079158854510541055e+00 1.648839275922048807e+09
8.167577543339424101e-04 -1.950554043805296178e+00 5.748831731912653140e+02 5.193117305677571521e-15 -3.078662703125260691e+00 1.648839275923267365e+09
8.092374956989337002e-04 -1.956962762733823524e+00 6.066570215012374092e+02 1.224102572399274882e-11 -1.998520387955404765e+00 1.648839275923950195e+09
8.150612977065571684e-04 -1.951727894167171629e+00 5.828764884738341152e+02 1.043191387092401779e-11 -9.190074243684742683e-01 1.648839275924183130e+09
8.047476914692876151e-04 -1.960637676748967717e+00 6.297063431132520464e+02 9.782341911145518879e-11 -7.668681666804850749e+00 1.648839275924577713e+09
8.133927773905217685e-04 -1.954449067709668419e+00 5.742248113929373403e+02 1.448675703393067109e-11 -4.965790840742046797e+00 1.648839275924688339e+09
8.083951796282796455e-04 -1.955825530810803459e+00 6.079472130506335361e+02 1.428927705042457650e-08 -3.421081891458598534e+00 1.648839275925684690e+09
8.134815949600733001e-04 -1.953460196021303386e+00 5.622984048159345321e+02 2.070801575273055639e-09 -6.899115207004032690e+00 1.648839275925932407e+09
8.019847733149160609e-04 -1.961244630013401213e+00 6.312250353165676415e+02 1.363626560257899772e-08 -2.820218252551192073e+00 1.648839275927803278e+09
7.947776507600703803e-04 -1.968276417693219482e+00 6.615909922042703784e+02 3.055784167033402898e-09 -4.940869296746830841e+00 1.648839275927985191e+09
8.152486707090974985e-04 -1.953000868444238147e+00 5.761353604887997335e+02 2.953912781047936263e-10 -1.343624431261495999e+00 1.648839275928252459e+09
7.915335471837297221e-04 -1.971218917558434036e+00 6.713455821432326047e+02 5.234666044492094084e-10 -6.898877513727630806e+00 1.648839275928659916e+09
8.113976953143133388e-04 -1.954880714740470093e+00 5.984272583507831769e+02 1.789196765135533180e-12 -4.150588053328995386e+00 1.648839275928784609e+09
8.114375232743699373e-04 -1.953838707898446492e+00 5.981912155307338708e+02 1.422278142564462989e-12 -1.544851359318498041e+00 1.648839275928885460e+09
8.060473484159603108e-04 -1.958093643888986213e+00 6.108229543822631058e+02 9.191569931385425523e-14 -7.220824619166915426e+00 1.648839275929355860e+09
8.086925317146966474e-04 -1.957493621948870999e+00 6.083868324329000643e+02 1.500887055388612113e-11 -5.643115334749258416e+00 1.648839275929780722e+09
8.140545288498644361e-04 -1.954281728853012545e+00 5.739086682616427879e+02 1.138370352291985990e-14 -6.253358372981194790e+00 1.648839275929985046e+09
7.984551983321523487e-04 -1.966101699664519309e+00 6.412369763394751772e+02 6.709701563783618631e-14 -4.137974841995870179e+00 1.648839275930060148e+09
8.046573272643152202e-04 -1.961654907534878811e+00 5.884012295899073024e+02 3.834181032534986728e-09 -6.764069164567285242e+00 1.648839275931444168e+09
8.177668414490323490e-04 -1.951791948447868297e+00 5.529320965556198644e+02 1.609794122384654246e-08 -5.005167550038498447e+00 1.648839275933916569e+09
8.146449713748811407e-04 -1.953714264790179955e+00 5.756101324234874710e+02 1.778198467304816611e-08 -1.601123210389022056e+00 1.648839275934561253e+09
7.985431809559302273e-04 -1.965270286003816924e+00 6.512101537664542548e+02 6.254916361128869061e-13 -7.059262794317273659e+00 1.648839275935407877e+09
8.178530849441319195e-04 -1.950022717271267414e+00 5.625439232590061920e+02 4.292688521693659970e-11 -6.950140847057795668e+00 1.648839275937327862e+09
8.033744126342341101e-04 -1.959980219338870233e+00 6.301667385361694187e+02 7.605200905037313302e-13 -4.208543253827702557e+00 1.648839275937797070e+09
7.989347567245153568e-04 -1.965681561386636300e+00 6.385062518852356561e+02 2.681178085731459071e-13 -7.796549833765983095e+00 1.648839275938224792e+09
8.057771948718385350e-04 -1.964315825279528749e+00 5.970132209800736973e+02 8.349465061791759764e-08 -5.072413912484275755e+00 1.648839275939526081e+09
8.029380140254847691e-04 -1.962516190279398387e+00 6.165370489190175931e+02 5.316961595748654588e-14 -3.592714253277046410e+00 1.648839275939796925e+09
8.113440469587168387e-04 -1.953855503416340289e+00 5.945525510830901794e+02 9.446765431649236337e-08 -1.532037862672773088e+00 1.648839275942888021e+09
8.107436463460082361e-04 -1.954226584066820926e+00 5.983639173759916048e+02 7.883509757397864622e-13 -3.506920721180547318e+00 1.648839275942971468e+09
8.115747671493810404e-04 -1.954643053506213146e+00 5.842107386365207731e+02 3.477335351749147019e-08 -2.325069353643204551e+00 1.648839275944256544e+09
8.106174253908129826e-04 -1.954314892816086502e+00 5.992541789067253148e+02 2.929892775420645906e-09 -3.823403633272771884e+00 1.648839275945151329e+09
8.110924683371737495e-04 -1.954546311461756503e+00 5.883977803774756694e+02 1.644138751677520652e-12 -4.527144205799314314e+00 1.648839275946469545e+09
8.135592448710600010e-04 -1.954541495914600135e+00 5.803621571564459600e+02 1.220867196019263676e-14 -4.804560956895475243e+00 1.648839275946716547e+09
8.055603348832133690e-04 -1.954461387511403192e+00 6.530781681701175785e+02 3.342405822019761469e-09 -7.483689424828678050e+00 1.648839275947812557e+09
7.998386635584286714e-04 -1.964104903764478882e+00 6.345822953503976578e+02 1.723238782015563472e-14 -1.875468718148128211e+00 1.648839275947879076e+09
8.062787762011048090e-04 -1.960536812428387288e+00 6.045146433833084529e+02 4.893829101311825415e-11 -2.524758034567939013e+00 1.648839275948326826e+09
8.057237426534825985e-04 -1.958502486147380761e+00 6.117943388151807085e+02 5.887881540895324816e-13 -7.724294222090926532e+00 1.648839275948480844e+09
7.912676495676875194e-04 -1.969385663118647489e+00 6.981928519546827374e+02 1.259733475363538293e-08 -5.313806550923718675e+00 1.648839275950412035e+09
8.152663429853015476e-04 -1.954961299764266691e+00 5.419195796307955106e+02 1.413584116232242916e-09 -7.765544302279151267e+00 1.648839275953043222e+09
8.169386954585220600e-04 -1.951245268503168706e+00 5.671491118182680111e+02 9.048702167678360362e-15 -1.109864185553059990e+00 1.648839275953675985e+09
8.073146850016431385e-04 -1.956889558106528870e+00 6.113423264403140820e+02 4.887021654843484400e-11 -6.553184911191856088e-02 1.648839275954460144e+09
8.110136170208454096e-04 -1.956733904479836639e+00 5.880738875280516140e+02 1.238116450230217077e-12 -5.277215390791992533e+00 1.648839275954820395e+09
8.067271961132454648e-04 -1.958824975641778154e+00 6.015031536018141196e+02 1.616632206913223091e-14 -3.317441163851445829e+00 1.648839275955057144e+09
8.117679700886543939e-04 -1.954239275672483789e+00 5.850236858971721858e+02 5.104475046818788012e-14 -2.743024930648958026e+00 1.648839275955627680e+09
8.005640146785667670e-04 -1.965255100121463760e+00 6.292552604734590886e+02 2.525169515715561721e-07 -8.727712121248565325e-03 1.648839275956573486e+09
7.847175548178566846e-04 -1.974516653517756959e+00 7.277235963225069781e+02 1.098336534331851938e-08 -5.731163991800619861e+00 1.648839275956602335e+09
7.694123482740101343e-04 -1.987436520474934909e+00 8.246809227128163684e+02 2.112616714238556297e-09 -7.399906459774948431e+00 1.648839275956696272e+09
8.082874671283440168e-04 -1.958936525095705150e+00 5.985625353153417336e+02 1.950481605023084114e-10 -3.828898747034497951e+00 1.648839275957019329e+09
8.062707352889778066e-04 -1.959539749298451650e+00 6.025104250979020435e+02 5.078445099097048546e-11 -5.492884212078751993e+00 1.648839275957041502e+09
8.134970453840228684e-04 -1.954525605551503897e+00 5.802302186296853961e+02 4.287484679430851687e-09 -1.399466893240371768e+00 1.648839275958162785e+09
8.055525896688169908e-04 -1.961043956830372803e+00 6.094897899391695546e+02 8.720165414033464384e-13 -3.198086058793650821e+00 1.648839275958382607e+09
7.997260186243579762e-04 -1.964060364573305684e+00 6.365964163910879279e+02 7.113537259224223203e-11 -2.178741730686510891e-01 1.648839275958536386e+09
7.908075769278081861e-04 -1.970028929226242509e+00 6.751651983823199998e+02 5.541860732618950139e-08 -5.052605844254678402e+00 1.648839275958694696e+09
7.985342584441230311e-04 -1.964842702392755935e+00 6.460431489619976446e+02 5.915255115057021127e-15 -5.967642533339720501e+00 1.648839275961615324e+09
8.096000716913124466e-04 -1.956056368759599984e+00 6.053910835279485809e+02 1.746223518252389855e-15 -6.632220973251537366e+00 1.648839275962146997e+09
8.023463367829867035e-04 -1.962201721893240602e+00 6.220276012538924988e+02 2.684817678050513089e-13 -8.214425425790068402e-01 1.648839275964169741e+09
8.042430561575824406e-04 -1.959752347475423484e+00 6.188736099913614908e+02 1.583291228516330680e-11 -1.149969135293062550e+00 1.648839275964587450e+09
8.181670163778734109e-04 -1.948868695386265504e+00 5.866080821339204476e+02 5.335822284141874178e-09 -7.628500187874664995e+00 1.648839275965444326e+09
8.141086933080101968e-04 -1.953344888810844893e+00 5.827006628604935941e+02 1.523182629018626744e-11 -4.931853936851451792e+00 1.648839275966531038e+09
8.059421361499761972e-04 -1.958497435492667194e+00 6.104564374985113773e+02 6.692549016105608709e-15 -4.371991068655720625e+00 1.648839275966559649e+09
7.984266821994995570e-04 -1.965497668478440652e+00 6.459464730077698960e+02 9.403977993313587893e-10 -2.236262032293942603e+00 1.648839275966820002e+09
8.025230928845974478e-04 -1.962058941486871211e+00 6.340832580170329038e+02 9.205705049920605534e-12 -5.088687170890121791e+00 1.648839275967532873e+09
8.073241377484342927e-04 -1.958640901306655913e+00 5.987930064921404210e+02 1.560913638081015711e-14 -7.271219183349639792e+00 1.648839275967639685e+09
8.027290312285534531e-04 -1.961344281157414660e+00 6.231179011739549196e+02 7.432717574105513696e-12 -6.168362324921923268e+00 1.648839275967661858e+09
8.159275935080617442e-04 -1.951135742775037096e+00 5.743186029775773704e+02 2.064568682074509494e-13 -1.961242956680475658e+00 1.648839275967774153e+09
8.004939758267790766e-04 -1.964562456027505899e+00 6.364621003243483983e+02 2.847104799968321569e-08 -3.478680168115759308e+00 1.648839275971102715e+09
7.995833682622524845e-04 -1.969733201623840912e+00 6.279642630362972113e+02 2.974936829668772697e-09 -7.004524751945643501e+00 1.648839275971665621e+09
8.056029905987886416e-04 -1.960645723823463360e+00 6.145598447701333953e+02 2.630150232268651554e-10 -2.276409890005185233e+00 1.648839275972009659e+09
8.110980191801878255e-04 -1.956374783388850513e+00 5.907537408031787436e+02 2.495959207495551396e-15 -4.254407532161187611e+00 1.648839275972327232e+09
8.003959561509016961e-04 -1.964253315422200830e+00 6.292149000289579135e+02 1.675857301702211151e-09 -5.139415857434194379e+00 1.648839275972394466e+09
8.060407818606767343e-04 -1.959045559188189678e+00 6.064299024125313053e+02 1.597825269724100454e-13 -7.265201886233940698e+00 1.648839275973563194e+09
8.012836071044272422e-04 -1.962330548326886470e+00 6.328317943642410910e+02 8.783379516628575658e-10 -9.166497824652131143e-01 1.648839275975463867e+09
8.062917464887828928e-04 -1.957835262558547118e+00 6.141384947718219109e+02 1.323983594716441026e-11 -7.017966238393722911e+00 1.648839275975495338e+09
8.124115652709977325e-04 -1.954447754064293719e+00 5.908065996355959442e+02 4.552359130434658920e-13 -2.764062143628126300e+00 1.648839275976218939e+09
8.086272706030577786e-04 -1.956263136403548986e+00 6.011859663260044044e+02 4.100777857279302297e-15 -6.685682711960412306e-01 1.648839275976836443e+09
8.095320449186814730e-04 -1.955522936349896490e+00 6.041379796801514885e+02 5.362376442109988379e-15 -7.167989430941401174e+00 1.648839275977645159e+09
8.085460370939597874e-04 -1.957529570289330278e+00 5.948691721788611630e+02 1.714724971185083477e-11 -1.283668972777860517e-01 1.648839275981780529e+09
8.116836328403492437e-04 -1.955502183433742491e+00 5.823021002385124802e+02 7.098189949944878602e-09 -3.712471468552267950e+00 1.648839275982111216e+09
8.129209704646111947e-04 -1.953199490291864127e+00 5.888652148773049930e+02 6.369092931555444956e-15 -2.532539818724085734e+00 1.648839275983264208e+09
8.062130459349794130e-04 -1.958234181455279943e+00 6.186789300305892993e+02 1.849820471965882772e-11 -3.111539878930723368e+00 1.648839275983383179e+09
8.176923269384648706e-04 -1.948465471647315761e+00 5.666806826618271771e+02 1.132208541731022537e-09 -6.556026516023749195e+00 1.648839275983603954e+09
8.116397702692205443e-04 -1.954708090880469928e+00 5.948642776195409851e+02 2.620715669640752739e-10 -3.340779211325974885e-01 1.648839275984288931e+09
8.022263861465577222e-04 -1.963137929569241047e+00 6.244346189540000296e+02 4.072447878762682760e-14 -7.975934118835494857e-01 1.648839275986323595e+09
7.859783522373723014e-04 -1.974701012577911641e+00 6.786021396368834075e+02 3.721372200249148270e-09 -7.250793273175514919e+00 1.648839275986497402e+09
8.097092901763066307e-04 -1.956412229815965187e+00 6.026014464801613713e+02 5.634393315961499948e-14 -2.240866455114561617e+00 1.648839275988858461e+09
7.905545460757634453e-04 -1.971855000987567941e+00 6.795221899297026766e+02 2.830948261462893123e-08 -4.743475299041890914e+00 1.648839275990694523e+09
8.046098003370969094e-04 -1.959562160312558365e+00 6.248329550900832601e+02 7.596128807768139950e-13 -1.490796500085074250e+00 1.648839275990781784e+09
8.022748653706830539e-04 -1.961811304244349241e+00 6.263698541120492109e+02 3.380933969113459705e-14 -6.554551212040040653e-01 1.648839275990816116e+09
7.976741178604726361e-04 -1.965343042095757164e+00 6.540844222790542517e+02 5.339434573036932562e-07 -6.398559549299704940e-01 1.648839275991055727e+09
8.090774111028398727e-04 -1.957249152141986137e+00 6.037877046078911007e+02 3.822878943770450869e-13 -3.596765279044530139e+00 1.648839275991109610e+09
8.041765520234895074e-04 -1.960781672703668654e+00 6.257962913542795604e+02 8.060896492606860737e-13 -1.997756390389843872e+00 1.648839275992689848e+09
8.066361098294359171e-04 -1.957757835209922970e+00 6.124514338596450216e+02 1.217987454250200284e-12 -4.902220223114776232e+00 1.648839275992778301e+09
8.049569935592324008e-04 -1.960681037110291403e+00 6.198631791015986892e+02 2.871379708024278282e-11 -4.810276943665137139e-02 1.648839275992793798e+09
8.106097751505447757e-04 -1.955128486297934787e+00 5.912990245811466821e+02 3.613569016376749008e-13 -1.453516015452501087e+00 1.648839275993540287e+09
8.143568451225733978e-04 -1.953592657081705486e+00 5.837276591809438742e+02 6.655291561598629725e-10 -6.420135064978786943e+00 1.648839275994129181e+09
8.139010410727387556e-04 -1.953488752790019767e+00 5.777790216706546289e+02 4.363230308090303890e-08 -1.678741676300997021e+00 1.648839275994544744e+09
8.140885269731453801e-04 -1.953296536957290996e+00 5.766949760034809742e+02 5.658774864770988535e-13 -2.902007768690187284e+00 1.648839275994706631e+09
8.104596571480979011e-04 -1.955940741814131023e+00 5.985803371826270904e+02 3.005537273219325283e-13 -7.651106977085771810e+00 1.648839275995274067e+09
8.101910710846497044e-04 -1.956741616576031406e+00 5.962481457161101162e+02 4.527586633657991768e-10 -1.823881259525149900e+00 1.648839275996736526e+09
7.847841062344071894e-04 -1.976093782520693676e+00 7.397870460361845062e+02 2.403551816620096630e-08 -5.421706335040255453e+00 1.648839275997006178e+09
7.865048879251458885e-04 -1.976125741714482853e+00 6.816753684250670631e+02 1.404154964393535004e-09 -7.255509827773255260e+00 1.648839275997127533e+09
7.771771739918715725e-04 -1.981842772637459227e+00 7.489372912379483296e+02 2.252107910882348583e-09 -7.797785531105743573e+00 1.648839276969292164e+09
7.789733647245355910e-04 -1.982475012107697943e+00 7.683533220038065110e+02 1.432406973970460287e-09 -7.781983152145427240e+00 1.648839276869805336e+09
7.814953701931022989e-04 -1.982312122678066002e+00 7.263509065435266621e+02 1.897616986746036018e-09 -7.779883082853600307e+00 1.648839277211681366e+09
7.830208991436303674e-04 -1.977073819974273894e+00 7.521664162376824834e+02 1.780383941726024206e-09 -7.838393841681856600e+00 1.648839277435130119e+09
7.830208991436303674e-04 -1.977073819974273894e+00 7.521664162376824834e+02 1.780383941726024206e-09 -7.838393841681856600e+00 1.648839277435130119e+09
7.803312063422833140e-04 -1.981704077156051236e+00 7.343379711889740520e+02 2.951628764221648118e-09 -7.293356431893797343e+00 1.648839276973982096e+09
7.816351873155054798e-04 -1.977152924652971766e+00 7.437225885407337955e+02 3.493849360140623112e-09 -7.707940217608271638e+00 1.648839277274640799e+09
7.835253525447550844e-04 -1.977694983809123563e+00 7.451848706762750680e+02 1.979767433122974501e-09 -7.821221591996429190e+00 1.648839277555362940e+09
7.835253525447550844e-04 -1.977694983809123563e+00 7.451848706762750680e+02 1.979767433122974501e-09 -7.821221591996429190e+00 1.648839277555362940e+09
7.819424493330718240e-04 -1.982479814932145645e+00 7.145196763894006153e+02 5.135300463338772083e-09 -7.337051900166301266e+00 1.648839277133106232e+09
7.753543352834313526e-04 -1.984060257626304447e+00 7.398699999539634291e+02 3.227273700356280032e-09 -7.660754068665361238e+00 1.648839276017189741e+09
7.785041460954074313e-04 -1.985363543489500504e+00 7.595182263241273404e+02 2.319548699402377225e-09 -7.815025135200825979e+00 1.648839276904723883e+09
7.822063493430858432e-04 -1.982640954847346926e+00 7.215810827958317759e+02 1.740128559215638871e-09 -7.774906757907994681e+00 1.648839276817663908e+09
7.786346203048540851e-04 -1.979799010528143999e+00 7.567003045610837262e+02 2.425570955625835075e-09 -7.677384125055288777e+00 1.648839277164915800e+09
7.827460251047418157e-04 -1.977264086540652555e+00 7.179926018666839127e+02 1.333682150909896764e-09 -7.562098216755249958e+00 1.648839276498169661e+09
7.803625445191145248e-04 -1.979692876770245302e+00 7.236229917471274575e+02 3.944626241256472519e-09 -6.914724191899974670e+00 1.648839276159538507e+09
7.836671395872947836e-04 -1.981295466473670608e+00 7.091143169636958419e+02 1.123121646014485087e-08 -6.751378824349673735e+00 1.648839276864518166e+09
7.843145371919348552e-04 -1.977950760370171146e+00 7.460891362407776342e+02 1.865956154916544560e-08 -6.639831085491272766e+00 1.648839276351033449e+09
7.829758674021251603e-04 -1.976198611008338490e+00 7.640524483024388473e+02 7.024613964672153566e-09 -6.739745392960617032e+00 1.648839276513925552e+09
7.833044557380282281e-04 -1.976965030873776286e+00 7.225274046493993865e+02 2.000502024798840525e-09 -7.553759294779636591e+00 1.648839277171028376e+09
7.749173356025646940e-04 -1.985005923827227514e+00 7.665348705450475109e+02 2.049083522875209505e-08 -6.533223995065773337e+00 1.648839276182388783e+09
7.770643881002778797e-04 -1.984821301684775996e+00 7.438707957566559799e+02 9.389057634261009405e-09 -6.843267803650647352e+00 1.648839276790211201e+09
7.753649803556435195e-04 -1.986496532850468455e+00 7.507905618845704794e+02 1.707608295289278227e-08 -6.529956149410223176e+00 1.648839276325494051e+09
7.769014316628450973e-04 -1.982763482011715261e+00 7.790524095972247096e+02 2.594180105715522999e-08 -5.589003460530078016e+00 1.648839276025246382e+09
7.762623231585169840e-04 -1.980467582737630128e+00 7.692914279071111423e+02 8.482549078814389901e-09 -7.018678710868135440e+00 1.648839276051252604e+09
7.748010099825364825e-04 -1.983788846339870737e+00 7.804221548158217274e+02 3.145194570177557071e-09 -6.920056357868147323e+00 1.648839276055394411e+09
7.740160726940050959e-04 -1.986287782849825323e+00 8.018347464797242310e+02 1.354034033983975140e-08 -6.627296639747337181e+00 1.648839276667400122e+09
7.688380257170601955e-04 -1.991066858387138261e+00 8.478911123961981957e+02 3.053401447957398938e-09 -7.360640537632230362e+00 1.648839276125452757e+09
7.707438413312528783e-04 -1.991312614852300822e+00 7.871149278020703832e+02 3.099056745872359278e-09 -7.729396493087183906e+00 1.648839276704667330e+09
7.706118848779889554e-04 -1.987478423924350146e+00 8.193975735027077008e+02 1.072570152995939606e-09 -7.814412975764970959e+00 1.648839276262581825e+09
7.694935236566527621e-04 -1.991591329830930457e+00 8.159681975408822154e+02 3.893268937781176899e-09 -7.631025238685570145e+00 1.648839276774619341e+09
7.757375090631025202e-04 -1.985394412087519989e+00 8.007021916670423707e+02 7.856641105808311933e-09 -6.699327379687923134e+00 1.648839276155055761e+09
7.705090120752845165e-04 -1.987728412321497107e+00 7.903025795351551324e+02 6.628159788141850099e-09 -7.262274369183872480e+00 1.648839276111814737e+09
7.755263231770457948e-04 -1.980444467681357956e+00 8.144436773316506333e+02 6.471813808620881493e-09 -7.270782433772458475e+00 1.648839276164546013e+09
7.696445674659281892e-04 -1.987476838920168021e+00 8.245136651667883143e+02 1.676385303551928098e-08 -6.377790221159689743e+00 1.648839276051431417e+09
7.710698689355964227e-04 -1.989384222210513808e+00 7.920296963276947508e+02 3.704670832206818162e-09 -7.758410201471623857e+00 1.648839276746556282e+09
7.744844331215821991e-04 -1.984438165593908288e+00 7.818115982644578708e+02 7.048769747676770784e-09 -6.679743510798747508e+00 1.648839276437644005e+09
7.770733708470458669e-04 -1.982815742306913487e+00 7.986481570267887946e+02 5.896950715161251799e-09 -7.308702288949259440e+00 1.648839276854975700e+09
7.677224504718537000e-04 -1.992100271289437785e+00 8.448423367889731708e+02 3.957686615628362506e-09 -7.553674844442519465e+00 1.648839276716230392e+09
7.647729360539401314e-04 -1.993958833987721002e+00 8.748303786995782048e+02 3.161573900518827403e-09 -7.786447179793207773e+00 1.648839276555735588e+09
7.658199451774421124e-04 -1.991674244533714333e+00 8.630427186567096669e+02 6.692542080648613713e-09 -7.357611690945274674e+00 1.648839276183672190e+09
7.758920718698726062e-04 -1.983369868323833440e+00 7.593545566897196295e+02 4.361887423869548221e-09 -7.212725999080364936e+00 1.648839276738215446e+09
7.838506802612572617e-04 -1.977760373922905046e+00 7.231661885844567905e+02 4.813519868434356977e-09 -7.029003306925940109e+00 1.648839277284207582e+09
7.725027864558152912e-04 -1.989950902760174944e+00 7.820373982849232561e+02 3.352391351866501058e-09 -7.512296149669543510e+00 1.648839276684485197e+09
7.881659537483281033e-04 -1.973239755450857169e+00 7.056767530201323098e+02 3.421948437744705207e-08 -5.778423217916198951e+00 1.648839276866311550e+09
7.772900360194244561e-04 -1.983922152110637382e+00 7.525296767971207146e+02 8.765848443496908271e-10 -7.896974183072503095e+00 1.648839276536056042e+09
7.753008239188587374e-04 -1.983199302360595162e+00 7.701722364934726102e+02 7.785013465441564532e-09 -7.259295065135436431e+00 1.648839276344395161e+09
7.760023880878960494e-04 -1.983174930969021865e+00 8.134898323176641952e+02 8.127169203398868512e-09 -6.986289053377151781e+00 1.648839276506353617e+09
7.737152188928660872e-04 -1.987276399396091353e+00 7.838721869512412468e+02 3.155005955928722119e-09 -7.871901880522388595e+00 1.648839277076703310e+09
7.846527279775088355e-04 -1.974799039621665475e+00 7.180787012250133330e+02 5.025915674554639317e-08 -5.519252460064785204e+00 1.648839276173555851e+09
7.718878733069729249e-04 -1.987646975437127317e+00 7.780433003082996493e+02 7.526555717520562997e-09 -7.005604813394293195e+00 1.648839276395753384e+09
7.923398776239463665e-04 -1.970745139144304936e+00 6.818517431653252743e+02 2.336066015947893468e-09 -7.034797449061652941e+00 1.648839276857243299e+09
7.928664344124534188e-04 -1.970224081929850213e+00 6.698204250296164446e+02 7.520382204153660889e-09 -6.819393912715073114e+00 1.648839277595153093e+09
7.928664344124534188e-04 -1.970224081929850213e+00 6.698204250296164446e+02 7.520382204153660889e-09 -6.819393912715073114e+00 1.648839277595153093e+09
7.926709018000676569e-04 -1.969830426057673112e+00 6.669148127510316044e+02 8.938806650220113006e-09 -6.606965263435260027e+00 1.648839277280364752e+09
7.939071961935959291e-04 -1.969006119180266356e+00 6.748780542942896545e+02 1.865215251023977915e-08 -6.608482316554388447e+00 1.648839277112828016e+09
7.923078790435018502e-04 -1.968133323492896603e+00 6.754055691822497920e+02 1.847452962421099810e-08 -6.502600136548000620e+00 1.648839276659409046e+09
7.927976044249616114e-04 -1.974736482018071726e+00 6.746620494496678475e+02 6.232344742276464768e-09 -7.229533898778131018e+00 1.648839276785098553e+09
7.876469304275521971e-04 -1.973391882936320174e+00 7.073815441589736110e+02 7.885196931696142323e-09 -6.985209131692029949e+00 1.648839277554738283e+09
7.876469304275521971e-04 -1.973391882936320174e+00 7.073815441589736110e+02 7.885196931696142323e-09 -6.985209131692029949e+00 1.648839277554738283e+09
7.900207123980275067e-04 -1.976813357454177966e+00 6.742444434659477110e+02 8.566452216350019524e-09 -6.763811301458104275e+00 1.648839276739981174e+09
7.889437382561151606e-04 -1.973200321482105446e+00 6.687822475688926716e+02 4.020718969575010638e-09 -7.315137661049831763e+00 1.648839276962845325e+09
7.903140086395679794e-04 -1.971042969858869398e+00 6.829962592617659993e+02 9.543773186317044456e-09 -7.104082359539393821e+00 1.648839277022637129e+09
7.910955796149976137e-04 -1.972175278313757163e+00 6.531931198833682402e+02 2.812415595412582816e-09 -7.780074698986577886e+00 1.648839277143064976e+09
7.926143021121117736e-04 -1.971096030605718585e+00 6.708349439699869663e+02 6.482611635041132959e-09 -6.401403984562765714e+00 1.648839276829742670e+09
7.854180655350693086e-04 -1.973472001271955101e+00 7.170012194364990137e+02 7.980333627008039051e-09 -7.096583204949269863e+00 1.648839276871343374e+09
7.920154843102476935e-04 -1.970026825532203096e+00 7.062946201780424644e+02 6.292878185602987336e-09 -7.105546485889688846e+00 1.648839277248436689e+09
7.874310939469279314e-04 -1.973743573159833620e+00 7.316740307675373742e+02 1.983812537130422092e-09 -7.464527860722038000e+00 1.648839276771576166e+09
7.881778260668987355e-04 -1.973740171617070827e+00 7.021130551596131681e+02 1.341924707352214036e-09 -7.186407070084630533e+00 1.648839276509982824e+09
7.910882240592081571e-04 -1.970999883385308848e+00 7.159704070528542843e+02 1.539427258954439490e-09 -7.579979494077565327e+00 1.648839276483107328e+09
7.917568286845294307e-04 -1.967130574326939829e+00 7.150727507247777339e+02 3.122370719970339935e-09 -7.554726311118646898e+00 1.648839276873481512e+09
7.918967559540461554e-04 -1.967826056401266399e+00 7.019702530795738085e+02 4.674553992022521059e-09 -7.578941354684121556e+00 1.648839276981936932e+09
7.899087423642215007e-04 -1.972481855048357158e+00 7.081338645686681730e+02 3.149935843675478679e-09 -7.651521347888107449e+00 1.648839277765625715e+09
7.899087423642215007e-04 -1.972481855048357158e+00 7.081338645686681730e+02 3.149935843675478679e-09 -7.651521347888107449e+00 1.648839277765625715e+09
7.882653406707312242e-04 -1.970779081850513759e+00 7.220177420175605221e+02 2.940653263655915195e-09 -7.685757067844537715e+00 1.648839277363046646e+09
7.923225620972418337e-04 -1.971735076403275055e+00 6.685174403035267687e+02 1.216945960077950208e-09 -6.928565660869714371e+00 1.648839276233399630e+09
7.854859713083881499e-04 -1.974582397250936427e+00 7.317386178742732454e+02 6.561416823594836957e-09 -7.471824980198611854e+00 1.648839276589791298e+09
7.828245659316605820e-04 -1.978423767079549034e+00 6.961221268193193055e+02 1.968123376200868412e-09 -7.937494314524997208e+00 1.648839276778007269e+09
7.841393476183441524e-04 -1.978992670990638025e+00 7.054649113706847174e+02 5.229910317487031467e-09 -6.982836250633597253e+00 1.648839277078805208e+09
7.838252917332778728e-04 -1.974728870803127201e+00 7.392898005326485418e+02 2.056218738462597078e-09 -7.455596111773638235e+00 1.648839276820799828e+09
7.908095158666572904e-04 -1.970786206615202207e+00 6.635196912551747346e+02 3.536312507810483913e-09 -7.551154031847958414e+00 1.648839277106940746e+09
7.828050157434719800e-04 -1.977323765464124472e+00 7.110767041724159299e+02 1.870673714034612622e-09 -7.777885717601249915e+00 1.648839277017138004e+09
7.976585400240086094e-04 -1.963241985439956538e+00 6.732734233794088823e+02 1.006447721793958242e-09 -7.877355049180795099e+00 1.648839276982736826e+09
8.015834361835623856e-04 -1.965537540806964856e+00 6.516373268665877276e+02 2.481698410022019518e-09 -7.905653016963143820e+00 1.648839277071351051e+09
8.009091966777448762e-04 -1.965237123309031109e+00 6.243350176205932485e+02 3.279372655529843052e-09 -7.708360364862806513e+00 1.648839278088136911e+09
8.009091966777448762e-04 -1.965237123309031109e+00 6.243350176205932485e+02 3.279372655529843052e-09 -7.708360364862806513e+00 1.648839278088136911e+09
8.009091966777448762e-04 -1.965237123309031109e+00 6.243350176205932485e+02 3.279372655529843052e-09 -7.708360364862806513e+00 1.648839278088136911e+09
7.996714777288973022e-04 -1.968236282629309386e+00 6.185180488325731858e+02 2.927982093203544015e-09 -7.845846406149662222e+00 1.648839277616523743e+09
7.986998780680872522e-04 -1.964256977156741524e+00 6.502759350944760399e+02 1.520079186774662988e-10 -7.820813387869685940e+00 1.648839276214201689e+09
7.969428290054748638e-04 -1.969965103961183628e+00 6.488545671000222228e+02 1.371036135538128656e-09 -7.826075441523284937e+00 1.648839277320375919e+09
7.937058592600486568e-04 -1.968049220061427018e+00 6.610338534763748157e+02 1.508417712423095305e-09 -7.851635379499134260e+00 1.648839277531602383e+09
8.141330362452497277e-04 -1.953625870196279202e+00 5.896642155916025558e+02 2.572411618129170976e-09 -7.852618617262372425e+00 1.648839277906455994e+09
8.141330362452497277e-04 -1.953625870196279202e+00 5.896642155916025558e+02 2.572411618129170976e-09 -7.852618617262372425e+00 1.648839277906455994e+09
8.149510351582746857e-04 -1.952554718303046055e+00 5.856600188112413434e+02 9.287664797575144063e-10 -7.631098100657781380e+00 1.648839276889375925e+09
8.155748149360197161e-04 -1.953640724778094917e+00 5.921443983898766419e+02 2.764573435276604437e-09 -7.686360961342439069e+00 1.648839277078919411e+09
8.010372962452053363e-04 -1.960317192742776715e+00 6.378995307500523495e+02 1.560796738160395587e-09 -7.974971175533641876e+00 1.648839277486722708e+09
8.010372962452053363e-04 -1.960317192742776715e+00 6.378995307500523495e+02 1.560796738160395587e-09 -7.974971175533641876e+00 1.648839277486722708e+09
8.017824520091761976e-04 -1.958970137365900310e+00 6.589369094873483164e+02 7.657003253147526176e-10 -7.848126056009837370e+00 1.648839276300856113e+09
8.040306160350562574e-04 -1.961031345943038406e+00 6.440302848879238127e+02 2.178955043444767937e-09 -7.973209738714981398e+00 1.648839277609013796e+09
8.040306160350562574e-04 -1.961031345943038406e+00 6.440302848879238127e+02 2.178955043444767937e-09 -7.973209738714981398e+00 1.648839277609013796e+09
8.046803353335599653e-04 -1.962869153726367832e+00 6.094845131027932439e+02 8.551169587594374716e-10 -7.503419291177941375e+00 1.648839276650558472e+09
8.010531030413856751e-04 -1.965526470750907251e+00 6.215088040538440737e+02 9.961374091029775056e-10 -7.764714892552997405e+00 1.648839277181003571e+09
8.116174580179089104e-04 -1.958262173621306612e+00 5.714353710726174995e+02 3.368079339922305584e-10 -7.982543286587168829e+00 1.648839276188565016e+09
8.122069386751529013e-04 -1.956349591373397923e+00 5.827419937538678596e+02 2.061041483270536510e-10 -7.487075308459436584e+00 1.648839276085378408e+09
8.109223576248685743e-04 -1.955631430235125645e+00 5.902325309460406970e+02 2.989888084233019060e-09 -7.956165881791200434e+00 1.648839277517121792e+09
8.099706301085906560e-04 -1.956747406180165516e+00 5.683363587677384885e+02 1.839108184720802711e-09 -7.897345961619415711e+00 1.648839276761198997e+09
8.115793948221660531e-04 -1.958419180596470799e+00 5.762058245258378975e+02 5.509134414446168149e-09 -7.362636236395325717e+00 1.648839277616996050e+09
8.115793948221660531e-04 -1.958419180596470799e+00 5.762058245258378975e+02 5.509134414446168149e-09 -7.362636236395325717e+00 1.648839277616996050e+09
8.112305344018935294e-04 -1.957401340270233492e+00 6.014563646785101128e+02 3.894380757873759142e-09 -7.465020992766459251e+00 1.648839277534392118e+09
8.112305344018935294e-04 -1.957401340270233492e+00 6.014563646785101128e+02 3.894380757873759142e-09 -7.465020992766459251e+00 1.648839277534392118e+09
8.125846831508712516e-04 -1.953918675414916040e+00 6.035163891502722890e+02 2.215456599220610441e-09 -7.578015939908802068e+00 1.648839277374143362e+09
8.123857372404173641e-04 -1.957562755211401662e+00 5.578318354529498038e+02 4.447935316327722659e-09 -7.490977624136693436e+00 1.648839276909503222e+09
8.116669168648134054e-04 -1.954278559455577824e+00 6.005318666474207703e+02 1.938064120450082594e-09 -7.482327482122059337e+00 1.648839277402797937e+09
8.116669168648134054e-04 -1.954278559455577824e+00 6.005318666474207703e+02 1.938064120450082594e-09 -7.482327482122059337e+00 1.648839277402797937e+09
8.117654079428909385e-04 -1.953424457061000652e+00 5.772877235079714637e+02 1.444913410926692734e-09 -7.109407371683183818e+00 1.648839276148875952e+09
8.126373884812582897e-04 -1.954273046973748817e+00 6.133769049807797273e+02 1.903381190463353310e-09 -7.899190426666903520e+00 1.648839276897155762e+09
8.093043496044866926e-04 -1.960654650651966868e+00 5.660095509107876524e+02 2.277514934089343720e-09 -7.821169276524993386e+00 1.648839276911899805e+09
8.079940258782958469e-04 -1.958695176385741199e+00 5.910046919571691433e+02 3.133567288422514139e-09 -7.307618012272691033e+00 1.648839277577424049e+09
8.079940258782958469e-04 -1.958695176385741199e+00 5.910046919571691433e+02 3.133567288422514139e-09 -7.307618012272691033e+00 1.648839277577424049e+09
8.058566323774170098e-04 -1.956643173983769302e+00 6.291984914511789384e+02 3.029494017842547287e-09 -7.682288808883980025e+00 1.648839277513049603e+09
8.058566323774170098e-04 -1.956643173983769302e+00 6.291984914511789384e+02 3.029494017842547287e-09 -7.682288808883980025e+00 1.648839277513049603e+09
8.073729284274802891e-04 -1.962799070835025139e+00 5.668883003456001006e+02 2.951903021450465673e-09 -7.674072021564688484e+00 1.648839276275349855e+09
8.060093419651143207e-04 -1.962926817438113147e+00 6.066537555882205197e+02 1.162982019690993192e-09 -7.839351054573843847e+00 1.648839277188812733e+09
8.068317965008767970e-04 -1.960561906486303574e+00 5.862879372568714871e+02 4.733893717894907339e-09 -7.488564769863019777e+00 1.648839277368299961e+09
8.076243177172801697e-04 -1.962216550276547178e+00 6.140751588450724512e+02 8.899193604120430717e-10 -7.927424198207714490e+00 1.648839276073931932e+09
8.068421812436816273e-04 -1.959746907711914510e+00 5.981923235696360734e+02 6.631205594160436719e-10 -7.785589550806728987e+00 1.648839276939825296e+09
8.071072732816191725e-04 -1.958379843822162236e+00 6.093099002499767494e+02 3.461834364465553781e-09 -7.513186659890331853e+00 1.648839278089357853e+09
8.071072732816191725e-04 -1.958379843822162236e+00 6.093099002499767494e+02 3.461834364465553781e-09 -7.513186659890331853e+00 1.648839278089357853e+09
8.071072732816191725e-04 -1.958379843822162236e+00 6.093099002499767494e+02 3.461834364465553781e-09 -7.513186659890331853e+00 1.648839278089357853e+09
8.051053059823819798e-04 -1.960550237187202116e+00 6.054898888219368018e+02 2.839443054572745012e-09 -7.798771209979740604e+00 1.648839277997218847e+09
8.051053059823819798e-04 -1.960550237187202116e+00 6.054898888219368018e+02 2.839443054572745012e-09 -7.798771209979740604e+00 1.648839277997218847e+09
8.068757143913361015e-04 -1.955018260706044231e+00 6.393271620284472192e+02 1.636679588794164032e-09 -7.950874711200071054e+00 1.648839276952237844e+09
8.060841673659798964e-04 -1.959120426419544980e+00 6.340550459864667801e+02 2.808846256614326758e-09 -7.905389193676145787e+00 1.648839277430874348e+09
8.052900508549147443e-04 -1.956850114244376382e+00 6.379460328702814422e+02 3.301040021107917124e-09 -7.552927588793224345e+00 1.648839277304728985e+09
8.073473269686853426e-04 -1.961345317352265027e+00 6.133565975393536291e+02 2.258311264100061802e-09 -7.447951494548622264e+00 1.648839276968338966e+09
8.056312773805385805e-04 -1.962983296666994892e+00 6.180134664020213222e+02 2.443071993438834130e-09 -7.702754532355526429e+00 1.648839277544049740e+09
8.061732177825221401e-04 -1.957607483072833165e+00 6.223570899736132560e+02 2.909789207743727914e-10 -7.686930686447254857e+00 1.648839276294932365e+09
7.960697329445044030e-04 -1.964108877518000007e+00 6.796385022003868244e+02 3.875340957085214164e-09 -7.714039558915340322e+00 1.648839276947368622e+09
8.000004134392253849e-04 -1.962648681064481426e+00 6.867783601085465079e+02 4.059823642804274449e-09 -7.543030502442930718e+00 1.648839276016971588e+09
7.965921574163355471e-04 -1.963148757319897575e+00 6.838674459247621371e+02 2.141431871884225178e-09 -7.823986208882347526e+00 1.648839277141997814e+09
7.963201432626929336e-04 -1.965678850471113348e+00 6.902391895283532222e+02 1.305010047181022901e-09 -7.732547468711532979e+00 1.648839276649714947e+09
7.956246590989759018e-04 -1.966892952291949381e+00 6.798691607269021233e+02 1.922756261276529082e-09 -7.935134420683715106e+00 1.648839277917246819e+09
7.956246590989759018e-04 -1.966892952291949381e+00 6.798691607269021233e+02 1.922756261276529082e-09 -7.935134420683715106e+00 1.648839277917246819e+09
7.930239196278166197e-04 -1.966465466810990215e+00 6.801014081095967185e+02 2.248727306510109444e-09 -7.873187509610122703e+00 1.648839277319682837e+09
7.931653349267537298e-04 -1.966655265503378214e+00 6.895437762500068857e+02 1.268441555510565668e-09 -7.434976958204924991e+00 1.648839276496460915e+09
7.937141078719239014e-04 -1.966433959574153789e+00 6.832038794502526571e+02 4.887792046497349568e-09 -7.221016860277868155e+00 1.648839277344441414e+09
7.945590221292092928e-04 -1.968380363648072784e+00 6.845197709949120508e+02 4.249597867873882483e-09 -7.369968071287146039e+00 1.648839277687410116e+09
7.945590221292092928e-04 -1.968380363648072784e+00 6.845197709949120508e+02 4.249597867873882483e-09 -7.369968071287146039e+00 1.648839277687410116e+09
7.964907393184589507e-04 -1.965462332607810669e+00 6.981379370841018499e+02 4.032046005424920031e-09 -7.400644619350840614e+00 1.648839276575461388e+09
8.012736571464828704e-04 -1.963128641488624870e+00 6.373814178546479070e+02 2.474943003851423926e-09 -7.251911051209447123e+00 1.648839277445286989e+09
8.085872250253047476e-04 -1.958239420123849328e+00 5.998017656755756661e+02 3.800248938702570225e-10 -7.719434906079127856e+00 1.648839276574985027e+09
8.111823931700447255e-04 -1.957799859662978204e+00 5.785337469257642624e+02 2.766905311339145758e-10 -7.971990865578384877e+00 1.648839276333057642e+09
8.112173361782653832e-04 -1.954917153336537705e+00 5.856280216187111591e+02 2.515377557805275431e-10 -7.494734704240993750e+00 1.648839276218015194e+09
7.964058018422421562e-04 -1.969694613993249632e+00 6.573130089333780006e+02 6.482200275934749967e-09 -7.039596167910931790e+00 1.648839277571021795e+09
7.964058018422421562e-04 -1.969694613993249632e+00 6.573130089333780006e+02 6.482200275934749967e-09 -7.039596167910931790e+00 1.648839277571021795e+09
7.946685741132524915e-04 -1.971694448011080736e+00 6.404014821098235188e+02 6.285369061141781108e-09 -7.179092947915112433e+00 1.648839277405556440e+09
7.964185086616052582e-04 -1.970343077016237121e+00 6.559551357889771452e+02 8.807944750776876399e-09 -6.904402027004577391e+00 1.648839277366621017e+09
8.001684598326321224e-04 -1.963293364811132591e+00 6.523663544793308802e+02 1.438752780722832396e-08 -6.347648062910080213e+00 1.648839277296113014e+09
7.978342342717471619e-04 -1.968424753747452405e+00 6.295461595730023419e+02 1.752471231000901680e-08 -6.349126045148272723e+00 1.648839277166497946e+09
7.980492308652445670e-04 -1.965797692279263931e+00 6.385534962871565767e+02 7.992278048991888963e-10 -6.688957136371067591e+00 1.648839276087290525e+09
8.003104360990121943e-04 -1.965685331613067799e+00 6.417056810751216744e+02 5.245806861006422974e-09 -7.267410236872305695e+00 1.648839277889273167e+09
8.003104360990121943e-04 -1.965685331613067799e+00 6.417056810751216744e+02 5.245806861006422974e-09 -7.267410236872305695e+00 1.648839277889273167e+09
7.996707509078302117e-04 -1.965153342380592694e+00 6.257685742389816141e+02 6.479915495139942815e-09 -7.401021255585851222e+00 1.648839277232160330e+09
8.015502939465380576e-04 -1.965379496361161937e+00 6.541153051623000465e+02 1.011470847676624655e-08 -6.465290429080302381e+00 1.648839276046696186e+09
7.952214979151839454e-04 -1.964928481582671527e+00 6.861061897475804017e+02 7.947093375978579011e-09 -7.106702576762053525e+00 1.648839276953829765e+09
8.025331917968804834e-04 -1.964585667702097638e+00 6.440202976828021519e+02 6.284660349908898253e-09 -7.400918253637350119e+00 1.648839276865972042e+09
7.977197114703293845e-04 -1.969243034389427827e+00 6.423381297963023826e+02 1.158819895434109414e-08 -6.847754143312381636e+00 1.648839277420323372e+09
7.937704445089717974e-04 -1.971997864394587463e+00 6.490186490529043795e+02 4.186727079967231960e-09 -7.480916117636562390e+00 1.648839277702585697e+09
7.950769670946068995e-04 -1.969683101733623598e+00 6.649927388253147456e+02 1.354201450026141497e-08 -7.059016013604659356e+00 1.648839276055565357e+09
7.928053864861100931e-04 -1.970211550211288021e+00 6.465671588733458748e+02 7.724506517533770146e-09 -7.174217237794898949e+00 1.648839276629108191e+09
7.932292885444345524e-04 -1.965815148303013737e+00 6.916861554269777344e+02 6.407701622439490342e-09 -6.651436836235358641e+00 1.648839276439583540e+09
8.016689465332154773e-04 -1.962022542544114678e+00 6.307306285343514674e+02 4.497934900115613284e-09 -7.122042707473429601e+00 1.648839277691142082e+09
8.016689465332154773e-04 -1.962022542544114678e+00 6.307306285343514674e+02 4.497934900115613284e-09 -7.122042707473429601e+00 1.648839277691142082e+09
8.053249943274451992e-04 -1.959234580583832930e+00 6.051461461878069485e+02 4.939162053333840580e-09 -6.605788850888153263e+00 1.648839276782853842e+09
8.056624930947730873e-04 -1.959873403823043869e+00 6.280444930568703512e+02 5.383646063969765429e-09 -6.691522795411789737e+00 1.648839276999284983e+09
8.033003108615366632e-04 -1.962604209973515701e+00 6.139886252004267817e+02 7.101515475996285595e-09 -6.818085365052956703e+00 1.648839277617717743e+09
8.034895936303827020e-04 -1.964661814076743562e+00 5.960498465807030470e+02 1.134948170855377804e-08 -6.738109697638162032e+00 1.648839276988978148e+09
8.043133169883751868e-04 -1.960357705740370271e+00 6.363315812780829219e+02 2.656331999164228170e-09 -6.936389955593345924e+00 1.648839276724493027e+09
8.029340796491009477e-04 -1.957476321573969891e+00 6.416938286779528653e+02 6.927177064209879265e-09 -6.937257432485998798e+00 1.648839276625709772e+09
8.034041281627808109e-04 -1.960803287022749641e+00 6.282738163701789063e+02 2.100560637991709273e-09 -6.703652265191360371e+00 1.648839276605632067e+09
8.026206720337112147e-04 -1.959118976538219759e+00 6.354403571919825708e+02 1.912208632141236274e-09 -7.177991331715772638e+00 1.648839276620542049e+09
8.081355825889640233e-04 -1.962524777494516481e+00 5.999403430515707214e+02 3.770984398577032931e-09 -6.885820266489616870e+00 1.648839276063368797e+09
8.040507795622608284e-04 -1.961348230486412270e+00 6.373076064923284321e+02 7.975105737014884073e-09 -7.065285930041531159e+00 1.648839277511408329e+09
8.040507795622608284e-04 -1.961348230486412270e+00 6.373076064923284321e+02 7.975105737014884073e-09 -7.065285930041531159e+00 1.648839277511408329e+09
8.006520585813977665e-04 -1.960296513764927528e+00 6.455210239762204765e+02 4.386747061098756527e-09 -6.726175229584422155e+00 1.648839276512550831e+09
8.008875170316514516e-04 -1.958025963314458995e+00 6.601149646981092474e+02 4.488469889752379799e-09 -7.149929593398685945e+00 1.648839276122643709e+09
7.998030864366348401e-04 -1.961861869936261105e+00 6.285885935266863953e+02 1.434817720242614753e-09 -7.366771009975429330e+00 1.648839276146990299e+09
8.011226425924348072e-04 -1.965837660014134514e+00 6.052611072118810398e+02 3.184585076176834555e-09 -7.320619229137058426e+00 1.648839276998162270e+09
8.066952123943090230e-04 -1.961154821393640502e+00 5.814911182998888535e+02 6.141497187405609254e-09 -7.368625340403389679e+00 1.648839276825209856e+09
8.043357718838476268e-04 -1.958442722636971167e+00 6.169429746033166566e+02 6.850683835959763589e-09 -7.376631386163968074e+00 1.648839276553366661e+09
8.085712015762610075e-04 -1.960045448844982552e+00 6.135794120598800419e+02 4.748719178896432892e-09 -7.245715764228597422e+00 1.648839277167159081e+09
8.036845444016305854e-04 -1.958942782877741706e+00 6.210923414607525501e+02 5.485460982971752250e-09 -7.256160497569190682e+00 1.648839277348509073e+09
8.055448427007014809e-04 -1.960865455626599196e+00 6.148536906674679585e+02 1.218853808781431228e-09 -7.149070432760121108e+00 1.648839276676534653e+09
7.999791096157431647e-04 -1.966556660624611652e+00 6.135030245103705511e+02 1.101161582603892891e-08 -5.866226350711080784e+00 1.648839276059885979e+09
8.032966969480731479e-04 -1.965922651810489530e+00 6.146114249362908595e+02 1.707496640619464799e-08 -6.115525235871582588e+00 1.648839276587061405e+09
8.034939639937856886e-04 -1.964666969665930019e+00 6.056923433590401373e+02 5.823790115535865388e-09 -6.483959721107167340e+00 1.648839276574556112e+09
8.014532226745390035e-04 -1.966915704288590749e+00 6.107683329473101139e+02 1.124534120496305590e-08 -6.526949795847474256e+00 1.648839276972978354e+09
8.109076125703102659e-04 -1.957221036475063514e+00 5.942329853433609514e+02 5.448304283758316551e-09 -7.087143678066968988e+00 1.648839277741070747e+09
8.109076125703102659e-04 -1.957221036475063514e+00 5.942329853433609514e+02 5.448304283758316551e-09 -7.087143678066968988e+00 1.648839277741070747e+09
8.051502013727621348e-04 -1.963990102039569141e+00 5.992578971727208454e+02 9.269662399797039201e-09 -6.897270298737375960e+00 1.648839277373893976e+09
8.010470938110115201e-04 -1.961820698895652582e+00 6.168786527138968268e+02 2.824786116129366942e-09 -7.392019521562922968e+00 1.648839276792771816e+09
7.882101701604403345e-04 -1.976722113961396410e+00 6.738996117598424007e+02 2.359212526959759432e-08 -6.159878397588231635e+00 1.648839276682817698e+09
7.879518306616147471e-04 -1.973640502464838242e+00 7.058478784839317086e+02 8.888338929519093991e-08 -4.915146546301654595e+00 1.648839276299873114e+09
7.874667073253594288e-04 -1.975512566190757102e+00 7.062781866932155026e+02 6.345408830522771395e-09 -6.404582143084190271e+00 1.648839276565146208e+09
7.891674112432867268e-04 -1.976458524390380056e+00 6.608046300623020670e+02 1.592504171447883748e-08 -6.042841799127544711e+00 1.648839276025963306e+09
7.886604982611720690e-04 -1.975411365644748951e+00 7.013605576335208980e+02 2.082426054382624607e-08 -5.938277875310586040e+00 1.648839276652496815e+09
7.860340817015071214e-04 -1.976013801649322055e+00 6.974369095711294904e+02 5.635703611897449053e-08 -5.384086878318521840e+00 1.648839276366977215e+09
7.885366540637283629e-04 -1.976213171702863702e+00 6.791093601733182368e+02 2.373522935714655919e-08 -5.421827518361847176e+00 1.648839276004283905e+09
7.901732944560268613e-04 -1.970741690931223644e+00 6.908426219043766423e+02 8.230325631564405979e-09 -5.776097642660965370e+00 1.648839276168222666e+09
7.916382455213385018e-04 -1.971441757831473796e+00 6.817961753595020582e+02 1.172398670204208430e-08 -6.046465934464422709e+00 1.648839276791311741e+09
7.846106739502094803e-04 -1.979168503117410438e+00 6.962417863682828738e+02 1.456761996903629846e-08 -6.541067036485244124e+00 1.648839276912636995e+09
7.855876191164702475e-04 -1.977736002724848730e+00 7.075466680588485815e+02 1.235532564893002620e-08 -6.142606787683948077e+00 1.648839276610629797e+09
7.818473101387388114e-04 -1.977586976907538929e+00 7.277612193830865408e+02 1.520117050779905389e-08 -6.123157281810533092e+00 1.648839276340295076e+09
7.913751853293130717e-04 -1.969848093755331764e+00 6.990104597898650809e+02 3.287373653891903060e-08 -6.148642164365869078e+00 1.648839276612474203e+09
7.841576429771761206e-04 -1.979944086807109649e+00 7.154698116025259651e+02 2.815895353965826883e-08 -6.063110492433241738e+00 1.648839276674607754e+09
7.909201062249973007e-04 -1.970504359243530068e+00 7.076035838971987459e+02 9.499180326589099538e-08 -4.969208385346835399e+00 1.648839276069073677e+09
7.975138316138771733e-04 -1.966711832493602152e+00 6.451412230916456565e+02 1.877498709289593324e-08 -4.868917643448564370e+00 1.648839276161019325e+09
7.917165475434971220e-04 -1.972420950982076704e+00 6.746579846422698665e+02 1.061765515624891536e-07 -5.013791653006547833e+00 1.648839276345822096e+09
7.950663233914146474e-04 -1.969956404198115241e+00 6.587229644010507172e+02 9.114989882324567419e-08 -5.208129238566986174e+00 1.648839276488909721e+09
7.972509932882360572e-04 -1.966566696742046094e+00 6.568194916091197229e+02 1.565414874146950738e-08 -4.870317005652307962e+00 1.648839276115696907e+09
7.966081833321964024e-04 -1.966770385651788633e+00 6.640395242597538754e+02 1.583493893192017380e-07 -4.012772265729622312e+00 1.648839276048836231e+09
7.943832473974435284e-04 -1.968213026315992487e+00 6.620187661959329262e+02 6.266296808654496909e-08 -5.092087755798434756e+00 1.648839276511808157e+09
7.924398746933076186e-04 -1.970544911777905916e+00 6.690024380472608527e+02 5.183638297094754555e-08 -4.370910215224670381e+00 1.648839276000526428e+09
7.931377641894279571e-04 -1.967649929318186386e+00 6.988770580449413501e+02 5.498029074486941144e-08 -5.750576364470560975e+00 1.648839276019894361e+09
7.960470804161398151e-04 -1.969130626383930327e+00 6.627962821714013444e+02 1.883790025298377130e-08 -5.169821479763418104e+00 1.648839276009477615e+09
7.957339578385602772e-04 -1.970345523805903554e+00 6.593019249228392482e+02 6.047239887856247976e-08 -5.383052724037007408e+00 1.648839276535468340e+09
7.951904091745310441e-04 -1.965898608336817510e+00 6.780939920318413670e+02 2.836185546517468181e-08 -5.424585839448163860e+00 1.648839276384624243e+09
7.961732926896975199e-04 -1.969320085750251526e+00 6.523254221405234148e+02 8.081932255519309616e-09 -5.992258190461322798e+00 1.648839276416376829e+09
7.953550986910381745e-04 -1.969555388392986828e+00 6.607817204535061819e+02 7.432073837225064337e-09 -5.922767980190203119e+00 1.648839276323426485e+09
7.955211243188280070e-04 -1.970131809799322564e+00 6.672280039504785236e+02 2.605089110913936258e-08 -5.925327648379023593e+00 1.648839276804791689e+09
7.885460000877273466e-04 -1.972882402436917371e+00 7.102291112819552836e+02 1.934311215028341366e-08 -6.140155414028610537e+00 1.648839277034720659e+09
7.854727048882767125e-04 -1.976936150420065541e+00 7.439656606293666528e+02 2.954064163029697674e-08 -5.955251276746396982e+00 1.648839276157044888e+09
7.880383596033944992e-04 -1.973756164513519540e+00 7.099966775730645168e+02 3.140146469312106541e-08 -6.265996171604480303e+00 1.648839276551600218e+09
7.903900183655136183e-04 -1.970385473449573821e+00 6.742546631732481046e+02 2.311235072965808744e-08 -6.035577912689893409e+00 1.648839276434003353e+09
8.003055871450905382e-04 -1.967832087032857391e+00 6.292259342803886284e+02 4.769452039833477019e-08 -5.621312400790035468e+00 1.648839276550364971e+09
7.971532003876114414e-04 -1.966835788048143741e+00 6.421327930932844765e+02 6.569861306295434135e-09 -5.319232970782499237e+00 1.648839276031337500e+09
7.982181813196099953e-04 -1.964755744986645292e+00 6.341522365883716930e+02 3.369052490699587952e-08 -6.177204598788854639e+00 1.648839276152210236e+09
8.003290632148138233e-04 -1.965664252573761761e+00 6.456604533099109631e+02 1.849519385626684036e-08 -5.772734480385684819e+00 1.648839276575361013e+09
8.064796816601413386e-04 -1.956230743785166037e+00 6.271003778196499070e+02 2.571340576918838941e-08 -5.649564467372652388e+00 1.648839276447580814e+09
8.052317780211825293e-04 -1.960441020151598046e+00 5.978605185472533776e+02 3.986828387534339324e-08 -5.822906377733643168e+00 1.648839276546456814e+09
8.054265153900598767e-04 -1.959638556118186159e+00 6.082854730009128161e+02 4.213141424322270648e-08 -5.873676572577648969e+00 1.648839276797538757e+09
8.053053248977091886e-04 -1.960895419216259095e+00 6.254909426088211148e+02 5.068596055503056296e-08 -5.584015468935279003e+00 1.648839276818786383e+09
8.036033108312265992e-04 -1.961440691465456077e+00 6.260858688408600301e+02 5.364486775475322296e-08 -4.976698367540013379e+00 1.648839276620745420e+09
8.044967004189562633e-04 -1.964464428346431646e+00 6.074811183373286667e+02 2.517583528320916863e-08 -5.394012023144767909e+00 1.648839276104248524e+09
7.996035731984064586e-04 -1.965372096551597281e+00 6.344752974383112587e+02 2.453974728612078338e-08 -5.341465573230685493e+00 1.648839276580786228e+09
8.006226992924687317e-04 -1.964696747042465663e+00 6.182471334815801356e+02 1.321422926908746017e-08 -5.623434911814561232e+00 1.648839276253959894e+09
8.003629606556170043e-04 -1.963681645140576970e+00 6.443453582952664647e+02 5.630014256715732683e-08 -5.292987304213233379e+00 1.648839276806694269e+09
8.041310418041054545e-04 -1.960489477305796147e+00 6.137724127529453426e+02 5.663963586910272395e-09 -5.447492056639232416e+00 1.648839276143018246e+09
7.983370190274868177e-04 -1.966488997397945360e+00 6.490541252108296248e+02 7.308892013106475753e-08 -4.618460880882753194e+00 1.648839276334415197e+09
7.997298116141876405e-04 -1.964815172893183082e+00 6.333722756953169437e+02 5.070615361450964151e-08 -5.670273706187835216e+00 1.648839276867323875e+09
8.171201841956652950e-04 -1.951504969604522799e+00 5.627133504727338504e+02 8.400860833411274112e-07 -1.408688773905186764e-02 1.648839276024459839e+09
8.110809471612172349e-04 -1.954547044076617279e+00 5.987524808016530642e+02 6.658878495894166858e-07 -6.100378039957199405e-02 1.648839276139917135e+09
8.006583872740668639e-04 -1.963316454814604484e+00 6.355717237721470383e+02 4.455324280027944142e-08 -1.114588954898620088e+00 1.648839275999203205e+09
8.017094966602455412e-04 -1.961610171921913226e+00 6.373682168832804109e+02 1.622355898798017294e-07 -2.175098123393954808e-01 1.648839276004827499e+09
8.023602493589985195e-04 -1.962354220615850631e+00 6.251400741256333049e+02 8.927718299109826746e-08 -1.455635359161098208e-01 1.648839276040830374e+09
8.119200041054348968e-04 -1.954411281795180866e+00 5.904031019296766090e+02 1.749897990012068175e-14 -6.163906785931942522e+00 1.648839276021836758e+09
8.079089649363226620e-04 -1.957412406593243670e+00 6.093215893281837907e+02 4.775941088341606768e-15 -3.865088602166514065e+00 1.648839276020060778e+09
8.078431179432162120e-04 -1.958107016566396075e+00 6.032549274817578180e+02 1.174190646818646851e-14 -5.531196154693862610e+00 1.648839276047313213e+09
8.092660397345768485e-04 -1.957346308908980870e+00 5.950278619519798440e+02 4.698148384931879183e-14 -6.872741817397850284e+00 1.648839276026623964e+09
8.069437634947235682e-04 -1.957875599767989083e+00 6.079633283656061167e+02 1.210073078352643873e-12 -3.764431175659535000e+00 1.648839276011656046e+09
8.023396835496480941e-04 -1.962094002727161612e+00 6.253929453560965612e+02 3.040162057973370543e-13 -4.029316749126375719e+00 1.648839276006353617e+09
8.087354310271398575e-04 -1.956440300084351325e+00 6.021289045594049867e+02 3.565837186175148446e-13 -5.169897735810319972e+00 1.648839276018118858e+09
8.055293809021691048e-04 -1.959728087717120149e+00 6.117521727705969852e+02 1.607751995170626995e-12 -4.671767329335942520e+00 1.648839276036727905e+09
8.074623096376960189e-04 -1.958550374221828871e+00 6.064489338884332028e+02 1.532105365212910410e-15 -5.640105543617741191e+00 1.648839276039807320e+09
8.052249250089980014e-04 -1.960602037975643475e+00 6.093980471865786512e+02 8.060812014327137577e-12 -4.257047677581422995e+00 1.648839276000200987e+09
8.052404510164348468e-04 -1.960040321836854060e+00 6.171811057098622086e+02 3.882143549927061780e-13 -7.560423366163671943e+00 1.648839276039368629e+09
8.107276759737015118e-04 -1.955840503181651036e+00 5.960820643231489839e+02 8.534548717476637375e-14 -6.797145218533398037e+00 1.648839276008597851e+09
8.059987254497918627e-04 -1.959075211873841926e+00 6.166275800845650110e+02 1.543643859595375153e-12 -7.402370669907067935e+00 1.648839276028725624e+09
8.083879961871693600e-04 -1.957361637776487306e+00 6.043604687988714659e+02 3.276013975084951131e-11 -6.462505488140932286e+00 1.648839276050556660e+09
8.037280073332306752e-04 -1.961141398244810041e+00 6.249988098094836459e+02 2.365609733051286860e-11 -6.137108861797557324e+00 1.648839276027627230e+09
8.087760555851433502e-04 -1.957056026025980389e+00 6.051462766381740721e+02 4.644596514619039129e-11 -5.647983401294450090e+00 1.648839276021523952e+09
8.017731806440818150e-04 -1.963168092879288951e+00 6.302463391867989912e+02 6.709935893942181193e-12 -1.442250856216493737e+00 1.648839276003701687e+09
8.016297033517167043e-04 -1.962971838178121597e+00 6.292816848430114760e+02 3.841546135230435751e-11 -2.628804826629323799e+00 1.648839276011006594e+09
8.091044239544041864e-04 -1.956179449015879257e+00 6.013147303310456664e+02 7.293274863547524707e-11 -2.584365698983747350e+00 1.648839276021341085e+09
8.130083523639044856e-04 -1.954144017029722402e+00 5.822773117281192299e+02 2.974797657916816375e-09 -3.398323831714058940e+00 1.648839276016702652e+09
8.053010793107569839e-04 -1.960290740359563522e+00 6.157115397265489491e+02 8.149093551989756623e-10 -2.631597964082988739e+00 1.648839276032339096e+09
8.113514246270083375e-04 -1.955620863442850021e+00 5.905186579133614941e+02 1.994953934171518104e-09 -9.010501346968284864e-01 1.648839276018975019e+09
8.047443928004379332e-04 -1.959621729290853320e+00 6.229001779343406042e+02 3.772030663665020392e-13 -2.605650265536199051e+00 1.648839276010162354e+09
8.117551955254988369e-04 -1.955554784075103303e+00 5.877422068472493493e+02 9.958570663131677225e-12 -2.661467787941984575e+00 1.648839276004156113e+09
8.073826406184081905e-04 -1.958366645380716475e+00 6.060457712953871123e+02 3.279819436964162185e-14 -8.392447178306783329e-01 1.648839276049582958e+09
8.105593020067824051e-04 -1.955560355147725193e+00 5.980809002005996717e+02 9.078145612253846809e-15 -3.092296498067888422e+00 1.648839276010306835e+09
8.029258061663999265e-04 -1.961761023142084337e+00 6.222572961150860920e+02 2.319143372985566603e-14 -1.529791089682664307e+00 1.648839276011985540e+09
8.106263472438630588e-04 -1.956403401809110765e+00 5.917055461323100189e+02 8.509836121942981130e-15 -1.760403190149757435e-01 1.648839276016902208e+09
8.052197653067647140e-04 -1.959358371470063975e+00 6.159634048822791783e+02 1.961235536719995421e-12 -2.127693275104095783e+00 1.648839276023912191e+09
8.056280342862594517e-04 -1.959594947794628617e+00 6.146616823930551163e+02 2.476931684870962838e-14 -3.147087131270243532e+00 1.648839276046481371e+09
8.069423526295775020e-04 -1.958461394117956500e+00 6.116080456719473659e+02 1.739756166490422932e-12 -3.204883054165308387e+00 1.648839276036263227e+09
8.088219592309268263e-04 -1.958010808344725184e+00 5.955283576379661099e+02 3.787579059051636388e-14 -4.113337675337304766e+00 1.648839276004796267e+09
8.025586142420253893e-04 -1.962523946040701350e+00 6.271801770849222066e+02 2.725436340529888358e-14 -2.531770245241080630e+00 1.648839276011705160e+09
8.156681346672372927e-04 -1.954542701145396411e+00 5.605994200107921870e+02 9.590787236057066010e-10 -7.680546127780217169e+00 1.648839276820339680e+09
8.148794696172662055e-04 -1.950763818030884389e+00 5.961029554622829210e+02 3.074373392016968677e-09 -7.577944703647135682e+00 1.648839277442599297e+09
8.148794696172662055e-04 -1.950763818030884389e+00 5.961029554622829210e+02 3.074373392016968677e-09 -7.577944703647135682e+00 1.648839277442599297e+09
8.188840624982432091e-04 -1.950965390275747779e+00 5.873029799244101241e+02 6.238856393929987563e-09 -7.203119216428040872e+00 1.648839276033830404e+09
8.174910734997434519e-04 -1.951289326736001861e+00 5.557814050336388618e+02 1.240866964985284768e-09 -7.377334402653275447e+00 1.648839276713322639e+09
8.141100434670953167e-04 -1.954685250677036468e+00 5.520070176947748450e+02 3.637379689570291015e-09 -7.627655065569223680e+00 1.648839276698108196e+09
8.169805694309029576e-04 -1.953220699700362273e+00 5.643729261286233623e+02 6.930191190563604844e-10 -7.177412702184719606e+00 1.648839276122131824e+09
8.142980661856857047e-04 -1.949314297007169516e+00 5.943933933442890520e+02 1.107346116799978585e-09 -7.683453619886403629e+00 1.648839276569397926e+09
8.133896593702892456e-04 -1.950464198585837527e+00 5.874242874311482865e+02 9.622476727817534163e-10 -7.853838573939884604e+00 1.648839276827679396e+09
8.147798341251286276e-04 -1.949380581536046098e+00 5.995800563794402933e+02 3.009636358043620532e-09 -7.992202648202760606e+00 1.648839276119241953e+09
8.161101078548877721e-04 -1.950962517860568735e+00 5.573835887184872036e+02 1.415757725226981853e-09 -7.146898283688791764e+00 1.648839276127135515e+09
8.145832159955635745e-04 -1.952943215220562356e+00 5.706544735036538896e+02 6.975853979940216353e-09 -7.154391588540223168e+00 1.648839277621837378e+09
8.176742810990508337e-04 -1.954594315951860395e+00 5.528548925170128996e+02 2.136800671280692920e-09 -7.962795500724167752e+00 1.648839277554950714e+09
8.170889740226940914e-04 -1.954279999593692363e+00 5.604028460141681762e+02 2.484388238350501725e-09 -7.759000604386682376e+00 1.648839277716419220e+09
8.170889740226940914e-04 -1.954279999593692363e+00 5.604028460141681762e+02 2.484388238350501725e-09 -7.759000604386682376e+00 1.648839277716419220e+09
8.200882250469980310e-04 -1.951832290551521076e+00 5.406868081399918537e+02 6.937875714291870191e-10 -7.698784323397424245e+00 1.648839276194295645e+09
8.193561159044506761e-04 -1.953937191993299294e+00 5.344908581175038762e+02 1.205062623020071014e-09 -7.931275503552353001e+00 1.648839276444523811e+09
8.212571303915821219e-04 -1.948766048312035482e+00 5.756639487737658101e+02 1.569512957206189668e-09 -7.651949813784771237e+00 1.648839276035864115e+09
8.202155715857458633e-04 -1.950167087213354300e+00 5.688773818661687756e+02 2.003747114052025276e-09 -7.660054357419605608e+00 1.648839277076796770e+09
8.182918213509763434e-04 -1.947384121730459272e+00 5.697315362886713501e+02 6.458887492717538536e-10 -7.756832980936909649e+00 1.648839276519332647e+09
8.205828054330035343e-04 -1.947296526685458273e+00 5.625197826034616355e+02 2.843453740329264880e-09 -7.349207444624779484e+00 1.648839277433089256e+09
8.205727585296583452e-04 -1.948460838137541007e+00 5.652297837912449268e+02 3.769188269501804663e-09 -7.671642529373532859e+00 1.648839277514769554e+09
8.230614826857356051e-04 -1.946330605584945861e+00 5.679161780612432722e+02 1.679679792025739501e-09 -7.767161427289247300e+00 1.648839276709448099e+09
8.225874885198781452e-04 -1.945771439616114318e+00 5.466857470396489589e+02 4.926091109546065280e-09 -7.640052663587700188e+00 1.648839276591470718e+09
8.257405898942994692e-04 -1.947985387811153490e+00 5.194859725017971641e+02 2.777689763565011041e-09 -7.916690723865891677e+00 1.648839276862056494e+09
8.211746214083389924e-04 -1.945769178937301724e+00 5.499046521487183554e+02 2.735763828969202647e-09 -7.498467162713532197e+00 1.648839277153008699e+09
8.197003617755452059e-04 -1.948109631791909546e+00 5.512993459125606250e+02 7.695749528460012002e-09 -7.336461716024310853e+00 1.648839276294227123e+09
8.193303720528218774e-04 -1.953404004698109819e+00 5.452349401228505030e+02 2.110998449556782330e-09 -7.666935567097620918e+00 1.648839277131636620e+09
8.254767270875848105e-04 -1.950252960149859938e+00 5.207211234463509300e+02 2.104721778003919933e-09 -7.850526613890290051e+00 1.648839276541151524e+09
8.202941820592904443e-04 -1.948858964379754255e+00 5.434219257948554969e+02 2.563802604102127396e-09 -7.552840552575201372e+00 1.648839277362074852e+09
8.290833452216053072e-04 -1.945434508301016496e+00 5.056549229944013746e+02 4.760926843491878027e-09 -7.311116096280796839e+00 1.648839276455017805e+09
8.319437791408603637e-04 -1.943943373807584862e+00 5.031462170801536899e+02 3.264406781752799883e-09 -7.465628049351676232e+00 1.648839276567469120e+09
8.315597090782951561e-04 -1.944928855270648516e+00 5.063705147053175892e+02 2.374708266301110009e-09 -7.781594085843812181e+00 1.648839276591456413e+09
8.251820525228776909e-04 -1.942047250310618534e+00 5.283629458693856122e+02 3.357184062799048161e-09 -7.590442462083456299e+00 1.648839276016085863e+09
8.258151099299341135e-04 -1.944500144954873333e+00 5.438785734086582124e+02 1.245621938412902749e-08 -6.951809140866858527e+00 1.648839276559807777e+09
8.277561827387885322e-04 -1.945699733677403565e+00 5.159819217221821646e+02 3.541992172612312513e-09 -6.824621584099155314e+00 1.648839276134816647e+09
8.246081577532249829e-04 -1.945879383057166123e+00 5.480474208484286009e+02 9.877099868559963528e-09 -6.831352544109626557e+00 1.648839277259835243e+09
8.262403431748045497e-04 -1.942680166412932730e+00 5.450275829029121724e+02 2.377575089443006168e-09 -7.595852913583971855e+00 1.648839277374601126e+09
8.229671692919071765e-04 -1.944776385969232191e+00 5.591809287560352004e+02 5.711864803578262605e-09 -7.198256293469645684e+00 1.648839277288336754e+09
8.207094906110032990e-04 -1.945655235581414733e+00 5.560923278719889140e+02 6.598638064911204888e-09 -7.051777409931570872e+00 1.648839277024189234e+09
8.256410617646717243e-04 -1.947853459140942434e+00 5.427255195847884579e+02 5.237093720362891355e-09 -7.027475537360305502e+00 1.648839276493172646e+09
8.233226273991096911e-04 -1.943093842913752756e+00 5.460654555135915871e+02 1.763777996803004491e-09 -7.122119534426554210e+00 1.648839276034280777e+09
8.254096792888357230e-04 -1.942413982402472428e+00 5.560862103440191504e+02 4.906159642881964247e-09 -7.098632387690873458e+00 1.648839276857406855e+09
8.287886419409716326e-04 -1.943003949621172399e+00 5.287184414942630610e+02 4.803428621546838376e-09 -7.584416735083615357e+00 1.648839277019169331e+09
8.301079421857975472e-04 -1.943389282888380531e+00 5.164658874127127319e+02 4.459006001235083905e-09 -7.381758028443256237e+00 1.648839277245546341e+09
8.123871359830041805e-04 -1.951592805217006399e+00 5.821736903791916120e+02 7.591729334964874023e-09 -6.905974973770308445e+00 1.648839276739355326e+09
8.095007467514167771e-04 -1.954644015634664278e+00 6.176406186795285294e+02 1.985711047829190302e-09 -7.146801388514967712e+00 1.648839276602041006e+09
8.094243219881103223e-04 -1.954934180449353409e+00 6.178484547523466972e+02 1.007554043352640887e-08 -6.865272026812403894e+00 1.648839277183228016e+09
8.085970727534870289e-04 -1.952894142072004735e+00 6.155720874158405422e+02 7.744936293350333514e-09 -6.868715375629862230e+00 1.648839276488025427e+09
8.124833608787352269e-04 -1.954281654265513257e+00 5.897209521609572676e+02 8.022540956778465720e-09 -6.558816637618120282e+00 1.648839277353380680e+09
8.117266697241116991e-04 -1.957950459362011619e+00 5.840691795993228652e+02 9.619828419214804443e-09 -7.289676887963127960e+00 1.648839276087871790e+09
8.111520749697741922e-04 -1.956067700924512653e+00 5.839976302129199439e+02 1.148949282665391358e-09 -7.027836869243033746e+00 1.648839276528554678e+09
8.112246348132496395e-04 -1.955831472221331246e+00 6.073239623454498997e+02 4.231891504598341296e-09 -6.884757384003196812e+00 1.648839276820844412e+09
8.117147725927937240e-04 -1.960237482618462090e+00 5.827241898524538328e+02 4.569123382504029775e-09 -6.846956723041843773e+00 1.648839276007631779e+09
8.341503487966939754e-04 -1.940312600220622574e+00 5.059990421763428117e+02 6.870611836295120534e-09 -6.990683719062359636e+00 1.648839276877670050e+09
8.253007939367301097e-04 -1.941781402997438732e+00 5.380512310390955690e+02 1.627807992580725267e-09 -7.258051324361143308e+00 1.648839276078696489e+09
8.125462441698957103e-04 -1.954505459991279004e+00 5.735666270673464169e+02 8.855874378271119743e-09 -6.598437643056104918e+00 1.648839277185603619e+09
8.206374080683401153e-04 -1.947839148335632764e+00 5.693077979514188200e+02 2.011218871114573660e-08 -6.643832046794546642e+00 1.648839276113069296e+09
8.207996666585934409e-04 -1.948297993612537748e+00 5.583106620557675797e+02 6.313937684917136087e-09 -7.150382910912177259e+00 1.648839277646116972e+09
8.158035661907348489e-04 -1.948384621863461508e+00 5.681588651120110853e+02 4.211905328598056937e-09 -6.868229894832814431e+00 1.648839276024289370e+09
8.205642316363196895e-04 -1.950124120212746615e+00 5.377698706888819515e+02 6.497036072385786378e-09 -6.732332689936680659e+00 1.648839276749968529e+09
8.195372183393576180e-04 -1.946854929739056494e+00 5.751473983005466835e+02 1.335221201425247164e-08 -6.794282236594353819e+00 1.648839276637722015e+09
8.160816031945434352e-04 -1.948985142884648525e+00 5.744796336587663745e+02 1.071280167078066479e-08 -6.713016751645913160e+00 1.648839276935405970e+09
8.228068666945918905e-04 -1.945853518782868274e+00 5.698225897754813332e+02 6.955878899863750774e-09 -6.569578632171442223e+00 1.648839276151873589e+09
8.136600839708007030e-04 -1.949609778761910217e+00 5.904042393332052825e+02 1.321524287159710349e-08 -6.469843397328199686e+00 1.648839276481039047e+09
8.214093461460602154e-04 -1.946722708770177945e+00 5.786659910231859385e+02 1.535419714073248897e-08 -6.359913700025633609e+00 1.648839276101437569e+09
8.216093006461919158e-04 -1.945604111682473825e+00 5.771600476320619464e+02 9.127550236837940617e-09 -6.416351890014370341e+00 1.648839276067421198e+09
8.179072766534740968e-04 -1.949960153188645684e+00 5.802144792317146766e+02 3.460604727228179558e-08 -6.154680534264960201e+00 1.648839276286973476e+09
8.158934473412976203e-04 -1.952444642094417038e+00 5.528148128370845598e+02 9.496386736337614490e-09 -6.317467211992969567e+00 1.648839276344750404e+09
8.200717086456725405e-04 -1.948306419539951539e+00 5.665749448450616228e+02 1.243385784170709834e-08 -6.322626637943031369e+00 1.648839277045013666e+09
8.146930181684247868e-04 -1.950635278854810029e+00 5.770341676139898937e+02 3.154585871675960201e-08 -5.889133646491202967e+00 1.648839276621795177e+09
8.181327602586989378e-04 -1.948742845420055492e+00 5.867999892194081895e+02 2.624168271027796472e-08 -5.918066867531412534e+00 1.648839276343567848e+09
8.141643225733078337e-04 -1.952902485607820093e+00 5.564750758577757779e+02 1.404268762189803186e-08 -6.406745226534754423e+00 1.648839276118631840e+09
8.202235851746494293e-04 -1.949675664158303734e+00 5.553126326749782038e+02 1.213719046984770853e-07 -4.361194636592292007e+00 1.648839276135106802e+09
8.295446184203717540e-04 -1.941370343348472138e+00 5.177207668753862890e+02 2.402818173314133387e-08 -5.950129501398134124e+00 1.648839276405421495e+09
8.259966904662682102e-04 -1.946080640073600154e+00 5.254011627702318492e+02 2.334204238378307954e-08 -5.996684381726872459e+00 1.648839276622527361e+09
8.233408981046009840e-04 -1.943693432246100361e+00 5.612899868772336731e+02 1.688167118546489441e-08 -6.296354520836731083e+00 1.648839276610169411e+09
8.287620294939326100e-04 -1.942996145597742697e+00 5.165294030049419689e+02 9.384328997281623624e-09 -7.078292424748602762e+00 1.648839276532253027e+09
8.307519889309701155e-04 -1.939307578516240804e+00 5.258493046898014427e+02 5.190194652537567273e-09 -6.720119096377246137e+00 1.648839276614622593e+09
8.411121587774427789e-04 -1.932967540614872526e+00 4.904250751098081764e+02 9.018641998042754608e-09 -6.768709160759471821e+00 1.648839276451104641e+09
8.384006091745577986e-04 -1.935012555603498274e+00 4.963906308789660784e+02 2.869449023614626693e-09 -7.581847491046993071e+00 1.648839276942098856e+09
8.359040150930401513e-04 -1.939340120187726502e+00 4.924108424022289228e+02 5.715867294975857573e-09 -7.180550899559688283e+00 1.648839276517649174e+09
8.336751200235869652e-04 -1.937388408931007389e+00 5.194138492575680175e+02 2.056828827074014370e-08 -6.040188584347299994e+00 1.648839276421542406e+09
8.308530756025223930e-04 -1.939536632501346336e+00 5.181537531306663595e+02 1.004222575080368027e-08 -6.530747381178766631e+00 1.648839276657516241e+09
8.339985205879420780e-04 -1.938067458935118559e+00 5.114839051308754847e+02 5.670902182686210023e-09 -6.346785691187891487e+00 1.648839276154218197e+09
8.075958088818583399e-04 -1.960980233083424729e+00 6.050310553021560054e+02 3.087786533252500509e-08 -6.177867112375851733e+00 1.648839276902250528e+09
8.073096693857307422e-04 -1.962164181627932269e+00 6.069747415245828961e+02 2.657080992285454119e-08 -6.460910171480585440e+00 1.648839276159145355e+09
8.023017814251419888e-04 -1.961590811013064206e+00 6.358874761276862273e+02 1.317266801095042948e-09 -5.999999110273604330e+00 1.648839276101011753e+09
8.001153288486207577e-04 -1.963011851571525135e+00 6.576995846002581629e+02 4.525604814746864338e-09 -6.062446810091268290e+00 1.648839276121370792e+09
8.064098984157772217e-04 -1.955163916911800470e+00 6.333436292097154592e+02 8.185142835684934953e-09 -6.450089677551650524e+00 1.648839276311890602e+09
8.032705273778370644e-04 -1.961301596016633564e+00 6.179706371869195891e+02 5.762084282199367431e-10 -5.793043054629224642e+00 1.648839275998702526e+09
8.098962130737604034e-04 -1.958061521131308602e+00 5.886354804788898036e+02 2.747941912768247553e-09 -5.513823644500665644e+00 1.648839276015482903e+09
8.093241404483815949e-04 -1.956684294018365744e+00 6.042195682757824216e+02 3.187477180951638713e-09 -4.319538964472982912e+00 1.648839276007945061e+09
8.083576017621173487e-04 -1.956688275221223794e+00 6.060922647099837377e+02 3.924321182791572681e-09 -4.142518893282504777e+00 1.648839276029443502e+09
8.110231485382759890e-04 -1.955528752784411850e+00 5.856399262002839805e+02 2.117669929196184848e-09 -4.887868108436858705e+00 1.648839276008696795e+09
8.036014487855906458e-04 -1.961601121326460584e+00 6.196206814111626500e+02 3.420238931077481908e-08 -3.639999057530914683e+00 1.648839276055133104e+09
8.054014492585322539e-04 -1.959686736418827735e+00 6.176810584494766090e+02 5.284429130196320743e-09 -4.021624413706842205e+00 1.648839276050804853e+09
8.079473516487468455e-04 -1.957102709306140165e+00 6.069941862945639741e+02 3.664580235522266006e-10 -5.328627131444676479e+00 1.648839276037069321e+09
8.163529162686525373e-04 -1.951113429829311130e+00 5.813264988460224458e+02 9.520956805905921161e-08 -4.806908385599836464e+00 1.648839276310582876e+09
8.157067032965985027e-04 -1.950315935488109886e+00 5.752044470065101223e+02 1.117278206212254797e-07 -4.538778857694654612e+00 1.648839276116851330e+09
8.157795219636148915e-04 -1.951739888214181651e+00 5.776061678717805989e+02 1.789080606476787757e-07 -4.557205184880622539e+00 1.648839276077486753e+09
8.139804830399313598e-04 -1.953005447944335060e+00 5.966621077813165357e+02 4.249551356609425972e-08 -5.513566959370116649e+00 1.648839276517893076e+09
8.113686127368303783e-04 -1.956531868496290016e+00 5.764595878236877979e+02 5.612914339649420534e-08 -4.980078430667449041e+00 1.648839276373119831e+09
8.112546343686637953e-04 -1.956559829574843423e+00 5.869108153302081519e+02 2.752143371327815434e-08 -6.001199309404207760e+00 1.648839277266243458e+09
8.113948207575202203e-04 -1.958323952482140529e+00 5.735909059599403008e+02 2.890876786647244223e-08 -5.395494368209306835e+00 1.648839276298368931e+09
8.127762452185060627e-04 -1.956293412401998388e+00 5.614464450050940059e+02 1.799338105924921689e-08 -5.638511073731930168e+00 1.648839275998482466e+09
8.099870158970827721e-04 -1.959057728204411930e+00 5.747809275497671706e+02 6.572801423852663772e-08 -5.608574030585065984e+00 1.648839276069834709e+09
8.112296715469155236e-04 -1.955308037251489051e+00 5.926857659731809918e+02 4.146375703772307408e-08 -5.503176369497170484e+00 1.648839276954738855e+09
8.116492683377963266e-04 -1.958976656885781154e+00 5.669769971608528749e+02 2.554667913863410149e-08 -5.734807079517608486e+00 1.648839276264040470e+09
8.092334528267018309e-04 -1.955768432726306294e+00 5.944411103422147562e+02 9.827899452872975881e-09 -5.264595072701180989e+00 1.648839276118946075e+09
8.069814257793684860e-04 -1.961113424072190803e+00 6.074190821880374642e+02 2.723400917768932803e-08 -5.076928331834678509e+00 1.648839276156972647e+09
8.109356548375683260e-04 -1.954338155576419656e+00 5.980344692718909982e+02 2.193027502934853371e-08 -5.044930922645871618e+00 1.648839276301201344e+09
8.117569992498567533e-04 -1.955159223439334681e+00 5.737512205858135985e+02 1.344790613053077705e-08 -5.609432906828147658e+00 1.648839276189819813e+09
8.127093690349366161e-04 -1.956731692862369698e+00 5.722632204458484466e+02 1.489287663237463169e-08 -6.267066905764583140e+00 1.648839277135712385e+09
8.158749248432076205e-04 -1.952883708312973976e+00 5.780349182280318701e+02 8.121876274738620574e-09 -6.493345254440680669e+00 1.648839277086356163e+09
8.153319954741549075e-04 -1.952075985901904343e+00 5.822581505522808811e+02 4.749913827958851282e-09 -6.342167029300769698e+00 1.648839276593652725e+09
8.145639698905832388e-04 -1.952688289588901727e+00 5.940333569646722935e+02 8.189329688908569048e-09 -6.482602944969238834e+00 1.648839276804420710e+09
8.111657811688934364e-04 -1.958723008939688537e+00 5.834407489600214376e+02 8.933303892916011252e-08 -4.764108596810214813e+00 1.648839276146975517e+09
8.185511632641211252e-04 -1.952676290739560949e+00 5.602281373344686699e+02 1.495196907279538844e-08 -6.191446216567122462e+00 1.648839276830119133e+09
8.137803180133028162e-04 -1.956781795307476202e+00 5.825761246817419305e+02 2.215522795127760815e-08 -5.908883034300782988e+00 1.648839276484105587e+09
8.173997249582535965e-04 -1.950215101896429992e+00 5.732425203064544803e+02 4.319684525417400044e-08 -5.752519807546553565e+00 1.648839276821142197e+09
8.066031879858261535e-04 -1.958181652718834709e+00 6.094150510520707940e+02 1.554848060224836690e-09 -6.419819679968915338e+00 1.648839276301691771e+09
